{"type": "FeatureCollection", "features": [{"type": "Feature", "geometry": {"type": "LineString", "coordinates": [[-107.84682841029316, 39.05289887269573, 0.0], [-107.84684541010458, 39.05274527262867, 0.0], [-107.8468964760031, 39.05258187282526, 0.0], [-107.8469928759702, 39.052390405265626, 0.0], [-107.84712307651735, 39.052179873196124, 0.0], [-107.84723307507588, 39.052042072927435, 0.0], [-107.8473654093207, 39.051885672864316, 0.0], [-107.84749807580893, 39.05173827259751, 0.0], [-107.84759741001103, 39.05161887301701, 0.0], [-107.84766107564016, 39.05148207297487, 0.0], [-107.84771201054653, 39.051309672466544, 0.0], [-107.84772927597302, 39.05116520536931, 0.0], [-107.84772420955882, 39.05103920640682, 0.0], [-107.84772960949448, 39.0508858058778, 0.0], [-107.84775840943358, 39.05074100645852, 0.0], [-107.84782087593952, 39.05056827365295, 0.0], [-107.84786020997943, 39.05039607277932, 0.0], [-107.84787601076641, 39.05021560649107, 0.0], [-107.84782301017283, 39.050045672821774, 0.0], [-107.84775827676349, 39.04987607357709, 0.0], [-107.84771761003427, 39.049723873494585, 0.0], [-107.84762807587069, 39.04950987320861, 0.0], [-107.84757567659477, 39.049358005695005, 0.0], [-107.8475700098637, 39.04921400613326, 0.0]]}, "properties": {"gnisidlabel": "Bonita Creek", "featuretypelabel": "Channel Line", "huc12": "140200050111"}}, {"type": "Feature", "geometry": {"type": "LineString", "coordinates": [[-107.85843667631819, 39.07800220565187, 0.0], [-107.85844127645365, 39.07783087298974, 0.0], [-107.85842167613244, 39.077633205491125, 0.0], [-107.85840187636595, 39.07742647360184, 0.0], [-107.8583812103245, 39.07720180548506, 0.0], [-107.8584092763071, 39.077038873609446, 0.0], [-107.85844927546835, 39.076884806530174, 0.0], [-107.8584872091458, 39.07667667355823, 0.0], [-107.85853767561497, 39.07649520578691, 0.0], [-107.85854187637258, 39.07631487307394, 0.0], [-107.85856960910729, 39.07614307374254, 0.0], [-107.85865440945913, 39.075951806000525, 0.0], [-107.85872907688878, 39.07579680625823, 0.0], [-107.85884007516195, 39.07568600557638, 0.0], [-107.85898660985549, 39.07559240650939, 0.0], [-107.85921307537134, 39.075478606385985, 0.0], [-107.85944147609406, 39.075409873180114, 0.0], [-107.85968081060791, 39.07532307316744, 0.0], [-107.85990767661418, 39.07521840593084, 0.0], [-107.86007721031804, 39.07512407342841, 0.0], [-107.8602568759816, 39.07499360675478, 0.0], [-107.86048387608524, 39.07488887296036, 0.0], [-107.86072440993938, 39.07483800587132, 0.0], [-107.86088427607, 39.07478900548988, 0.0], [-107.86118120996704, 39.074700606163496, 0.0], [-107.86137527596313, 39.07464180682906, 0.0], [-107.86153447600259, 39.074574805898536, 0.0], [-107.86169127603573, 39.07445387238693, 0.0], [-107.86177860943802, 39.07432560623437, 0.0], [-107.86185427554383, 39.07419760586876, 0.0], [-107.86187834282559, 39.074130473101064, 0.0]]}, "properties": {"gnisidlabel": null, "featuretypelabel": "Channel Line", "huc12": "140200050111"}}, {"type": "Feature", "geometry": {"type": "LineString", "coordinates": [[-107.78270781066335, 39.03106567332957, 0.0], [-107.78285641046698, 39.03115833903253, 0.0], [-107.7829976095111, 39.03120160602692, 0.0], [-107.7831596765625, 39.0312118058055, 0.0], [-107.78351914306971, 39.03125400615928, 0.0], [-107.78394180979829, 39.03126293886121, 0.0], [-107.7843726769274, 39.03142560609783, 0.0], [-107.78483074236146, 39.031461873055676, 0.0], [-107.78537327644923, 39.03149767285114, 0.0], [-107.78571167647907, 39.03154547346363, 0.0], [-107.78600687555661, 39.03147267315512, 0.0], [-107.78623814302753, 39.03132320602498, 0.0], [-107.78656654383342, 39.03099753917407, 0.0], [-107.78669894188558, 39.03082660577064, 0.0], [-107.78685921039597, 39.030611606390664, 0.0], [-107.78692694349238, 39.0303192060938, 0.0]]}, "properties": {"gnisidlabel": null, "featuretypelabel": "Channel Line", "huc12": "140200050111"}}, {"type": "Feature", "geometry": {"type": "LineString", "coordinates": [[-107.85258927596904, 39.040442605687424, 0.0], [-107.85265180972517, 39.0402698731815, 0.0], [-107.85273567642105, 39.040060606024205, 0.0], [-107.85281001014037, 39.039896606180044, 0.0], [-107.85284900974754, 39.039715473100884, 0.0], [-107.85288707598416, 39.03951640618108, 0.0], [-107.85296027589247, 39.03932540529141, 0.0], [-107.85304460965574, 39.039125205715685, 0.0], [-107.85310587516017, 39.03892540683926, 0.0], [-107.85322587561657, 39.038751273509476, 0.0], [-107.85327707567698, 39.03858787304592, 0.0], [-107.8533294755584, 39.03845147279115, 0.0], [-107.85334741021272, 39.038324873024656, 0.0], [-107.8533286103023, 39.038145205280244, 0.0], [-107.85329747627074, 39.03794767290583, 0.0], [-107.85322827593927, 39.037661072834375, 0.0], [-107.85321260943192, 39.03760280617934, 0.0]]}, "properties": {"gnisidlabel": "Bonita Creek", "featuretypelabel": "Channel Line", "huc12": "140200050111"}}, {"type": "Feature", "geometry": {"type": "LineString", "coordinates": [[-107.81706747614484, 39.06043400529446, 0.0], [-107.81928767634776, 39.05998287287399, 0.0]]}, "properties": {"gnisidlabel": null, "featuretypelabel": "Waterbody Connector", "huc12": "140200050111"}}, {"type": "Feature", "geometry": {"type": "LineString", "coordinates": [[-107.8523998101078, 39.04147427321863, 0.0], [-107.85238461050385, 39.041384472683916, 0.0], [-107.85238180999751, 39.04131247220045, 0.0], [-107.85238861065793, 39.041195206315244, 0.0], [-107.85239321004771, 39.04102387293869, 0.0], [-107.8524454756903, 39.04088747276222, 0.0], [-107.85247547679126, 39.040769673266915, 0.0], [-107.85252727593685, 39.04062427280206, 0.0], [-107.85258927596904, 39.040442605687424, 0.0]]}, "properties": {"gnisidlabel": "Bonita Creek", "featuretypelabel": "Channel Line", "huc12": "140200050111"}}, {"type": "Feature", "geometry": {"type": "LineString", "coordinates": [[-107.89263247646717, 38.89167100533902, 0.0], [-107.89277380990424, 38.89146027264159, 0.0], [-107.89293740973538, 38.89123100645816, 0.0], [-107.89298807545693, 38.891058606595244, 0.0], [-107.89304980968318, 38.89087680605665, 0.0], [-107.8930792099634, 38.890750005856646, 0.0], [-107.89315181079844, 38.89055000594709, 0.0], [-107.89322521008488, 38.89036800614082, 0.0], [-107.89331101057606, 38.89021267282056, 0.0], [-107.89336387613545, 38.89009420601301, 0.0], [-107.89355067669666, 38.88958520577984, 0.0], [-107.89362221004505, 38.88935820663578, 0.0], [-107.89371527604966, 38.8890944731331, 0.0], [-107.89376547602511, 38.888913206039206, 0.0], [-107.89385100977958, 38.88874887347651, 0.0], [-107.89393727596783, 38.888602473265685, 0.0], [-107.89406667696895, 38.88838307279215, 0.0], [-107.89414967673575, 38.888155806019846, 0.0], [-107.89425387649405, 38.88788300575908, 0.0], [-107.89433881071439, 38.887700673175026, 0.0], [-107.89446987639815, 38.887526272738974, 0.0], [-107.89460187617723, 38.88736980587279, 0.0], [-107.89473581076729, 38.88725840559932, 0.0], [-107.89486960933202, 38.88714687341464, 0.0], [-107.89496947528086, 38.88705440569245, 0.0], [-107.89516047627444, 38.88693247358739, 0.0], [-107.89529441032246, 38.88682107270114, 0.0], [-107.89541587606541, 38.88669187284407, 0.0], [-107.89559027700479, 38.886444406051844, 0.0], [-107.89567401017193, 38.88623507331279, 0.0], [-107.8957466102094, 38.88603507274918, 0.0], [-107.89577520947839, 38.88589027271189, 0.0], [-107.89586047608418, 38.88571700564595, 0.0], [-107.8959578762454, 38.885561405954874, 0.0], [-107.89605047696165, 38.8852888055472, 0.0], [-107.8961198103761, 38.885007805967355, 0.0], [-107.89615187627548, 38.88466467329367, 0.0], [-107.89619027604445, 38.88447447369056, 0.0], [-107.89625427540787, 38.88434680574646, 0.0], [-107.89636287559549, 38.88418187268571, 0.0], [-107.8964834093746, 38.88402580640703, 0.0], [-107.89663621006083, 38.88381480611756, 0.0], [-107.89675401015685, 38.88359567273761, 0.0], [-107.89682827547205, 38.88344060617042, 0.0], [-107.89690200990887, 38.88326760666016, 0.0], [-107.8969638104665, 38.883086006047016, 0.0], [-107.89702627658026, 38.882922206124185, 0.0], [-107.89706507642559, 38.882741072943965, 0.0], [-107.8970948751073, 38.882623206056564, 0.0], [-107.89716340976759, 38.88232420662974, 0.0], [-107.89720667619302, 38.88197180626099, 0.0], [-107.89727261008696, 38.881609806001535, 0.0], [-107.89726581087248, 38.881438805982654, 0.0], [-107.8973138103965, 38.88120327268611, 0.0], [-107.89730681064991, 38.88103227313651, 0.0], [-107.89733407586506, 38.88085147311415, 0.0], [-107.89737767646292, 38.880508006751185, 0.0], [-107.89740201033058, 38.88025520597364, 0.0], [-107.89740700974819, 38.88009287337943, 0.0], [-107.89744681000093, 38.879938673062384, 0.0], [-107.89748741048975, 38.87980260525063, 0.0], [-107.89756321053665, 38.87968360668594, 0.0], [-107.8976702764456, 38.87948280576403, 0.0], [-107.89768707648706, 38.87932920628598, 0.0], [-107.89772621025826, 38.87915707273578, 0.0], [-107.89783641011303, 38.87874880574272, 0.0], [-107.89790241072772, 38.878386872773184, 0.0], [-107.89796380940413, 38.87819607250718, 0.0], [-107.89808307599503, 38.878013006167805, 0.0], [-107.89823840970675, 38.87786500629183, 0.0], [-107.8983250766316, 38.87772767322027, 0.0], [-107.89833481021559, 38.8776824058657, 0.0], [-107.89827167561832, 38.87754880636793, 0.0], [-107.8982094105667, 38.87743327366248, 0.0], [-107.8982132757633, 38.877244072566704, 0.0], [-107.89821001026552, 38.87716300619077, 0.0], [-107.89811980959873, 38.87693100601202, 0.0], [-107.89813780968599, 38.87680440657804, 0.0], [-107.89819881009034, 38.876604673654995, 0.0], [-107.89828201040298, 38.876386405351596, 0.0], [-107.89835607556138, 38.87622240577576, 0.0], [-107.89856487556236, 38.87597400634073, 0.0], [-107.89865201055392, 38.87584567318809, 0.0], [-107.8986496756581, 38.87579167220214, 0.0], [-107.89865941003465, 38.87574640569676, 0.0], [-107.89859900900647, 38.875675873160546, 0.0], [-107.8985150760485, 38.87559680615361, 0.0], [-107.89851361019117, 38.87556080534045, 0.0], [-107.89854561032523, 38.87549700631759, 0.0], [-107.89862400941898, 38.875441006088266, 0.0], [-107.89867900979166, 38.87537660593214, 0.0], [-107.8987328758548, 38.875285073351826, 0.0], [-107.89890981033224, 38.87510060598749, 0.0], [-107.89896507507378, 38.875045073077374, 0.0], [-107.8989746765983, 38.87498180609811, 0.0], [-107.89904341046852, 38.87488100572286, 0.0], [-107.89910841049438, 38.874780272853194, 0.0], [-107.89913707610177, 38.87473000617942, 0.0], [-107.8991448756084, 38.87467120561622, 0.0], [-107.89910067545563, 38.87454627306423, 0.0], [-107.89898121030753, 38.87441407343411, 0.0], [-107.89889981063885, 38.874294473140175, 0.0], [-107.89886860973071, 38.87421420618742, 0.0], [-107.89885040957377, 38.87408400592765, 0.0], [-107.8988556766773, 38.873881072517364, 0.0], [-107.89888861044221, 38.87371360611419, 0.0], [-107.89899340938962, 38.87343627319738, 0.0], [-107.89907407657522, 38.873366672981405, 0.0], [-107.89921120964128, 38.87330927346738, 0.0], [-107.89931207553744, 38.873225606248155, 0.0], [-107.89939820925795, 38.87319647301919, 0.0], [-107.89993947522935, 38.87321460644581, 0.0], [-107.90046601020636, 38.87326007310745, 0.0], [-107.90080261031882, 38.87331920533748, 0.0], [-107.90127487656606, 38.87329400606077, 0.0], [-107.90157647587608, 38.87334507289763, 0.0], [-107.90192727608132, 38.87344000668188, 0.0], [-107.90223460992489, 38.8735538729027, 0.0], [-107.90233160956464, 38.87356047293163, 0.0], [-107.9024420759992, 38.87353080610241, 0.0], [-107.90287481039401, 38.87335327348377, 0.0], [-107.90317621049955, 38.8732016729387, 0.0], [-107.90334327566649, 38.87309387305965, 0.0], [-107.90368627620526, 38.87281060632195, 0.0], [-107.90388427547614, 38.87272007296462, 0.0], [-107.90393927536881, 38.87261060610861, 0.0], [-107.90397561006706, 38.87237547218815, 0.0], [-107.90402807619188, 38.87230660558615, 0.0], [-107.90446741005282, 38.87220547376124, 0.0], [-107.90454867617035, 38.8721404729754, 0.0], [-107.90464987656082, 38.87198480678666, 0.0], [-107.90472621006818, 38.87195127304072, 0.0], [-107.90495260968594, 38.871900673558784, 0.0], [-107.90510781093718, 38.87182920646454, 0.0], [-107.9051466104431, 38.871792205981855, 0.0], [-107.90516001004342, 38.87172887281408, 0.0], [-107.90502507635554, 38.87145740586778, 0.0], [-107.90502341006848, 38.871403406414984, 0.0], [-107.90505067588418, 38.8713486722531, 0.0], [-107.90511347564025, 38.871297605699205, 0.0], [-107.90521280983562, 38.8712680053407, 0.0], [-107.90545621064916, 38.871302472331806, 0.0], [-107.90552820997081, 38.87129620654881, 0.0], [-107.90557840943087, 38.87121840555471, 0.0], [-107.9056146089898, 38.871077873414166, 0.0], [-107.90565567625447, 38.8710362730218, 0.0], [-107.90576667543648, 38.87098400588634, 0.0], [-107.90616427593532, 38.87093360558418, 0.0], [-107.90685361014992, 38.870785673062656, 0.0], [-107.90711561012489, 38.87075667282131, 0.0], [-107.90748967652995, 38.870729273416046, 0.0], [-107.90755661069731, 38.870736673231036, 0.0], [-107.90767927634963, 38.87081020545764, 0.0], [-107.90783527563046, 38.87095047221148, 0.0], [-107.90799880989545, 38.87103647311748, 0.0], [-107.9081264105271, 38.871073872616996, 0.0], [-107.90833467600326, 38.8710732062905, 0.0], [-107.90851321096638, 38.871140805429945, 0.0], [-107.9090082762671, 38.87151587332465, 0.0], [-107.90947227654848, 38.871810605882466, 0.0], [-107.91012687601255, 38.87218167286485, 0.0], [-107.91032627662092, 38.87224880552231, 0.0], [-107.91059920977135, 38.87228247283787, 0.0], [-107.91080167653998, 38.872236873444145, 0.0], [-107.91108867624129, 38.87206307303424, 0.0], [-107.91121000924473, 38.87201947272233, 0.0], [-107.91147107581773, 38.87199487244697, 0.0], [-107.91206321009365, 38.871998206392696, 0.0], [-107.91229747527312, 38.871974406468006, 0.0], [-107.9124418099368, 38.87193020557017, 0.0], [-107.91257247589462, 38.87186387257412, 0.0], [-107.91297041005654, 38.871565606835865, 0.0], [-107.91311507521219, 38.87147200649144, 0.0], [-107.91328527558562, 38.87140020640764, 0.0], [-107.9138152092789, 38.87122020591637, 0.0], [-107.91394567604085, 38.87110887342397, 0.0], [-107.91413187639596, 38.8709960732337, 0.0], [-107.9144734753375, 38.87079387297517, 0.0], [-107.91482920975349, 38.8705102064682, 0.0], [-107.91525600969105, 38.87013020527302, 0.0], [-107.9153192765526, 38.87004747282494, 0.0], [-107.9153620101119, 38.86995187310319, 0.0], [-107.91541347621312, 38.86970280568313, 0.0], [-107.91557520994569, 38.86955920625291, 0.0], [-107.91560661018413, 38.86951327367835, 0.0], [-107.91566300909379, 38.86917847340889, 0.0], [-107.91570987639356, 38.8690512727992, 0.0], [-107.91583807613317, 38.86891287312212, 0.0], [-107.9160100104666, 38.86883200595245, 0.0], [-107.916064876098, 38.86876760568079, 0.0], [-107.91608440989619, 38.86863200596055, 0.0], [-107.91598987567097, 38.868467672835266, 0.0], [-107.915964875239, 38.86835120592985, 0.0], [-107.91610181008006, 38.86809560594811, 0.0], [-107.91628901007655, 38.86781160619942, 0.0], [-107.91655847593654, 38.867521073415745, 0.0], [-107.91663980976496, 38.86741087233499, 0.0], [-107.9167660098399, 38.86694380628094, 0.0], [-107.91679767628632, 38.86675827315556, 0.0], [-107.91680427628204, 38.86650587250727, 0.0], [-107.9167370760808, 38.8662238055559, 0.0], [-107.91668207624106, 38.86608547317664, 0.0], [-107.91651047524887, 38.865824005709946, 0.0], [-107.91646807611934, 38.86579800578602, 0.0], [-107.91637447677992, 38.86576887283047, 0.0], [-107.91586621011372, 38.86566447287803, 0.0], [-107.91553427555678, 38.865497006234406, 0.0], [-107.91519687596028, 38.8652758054458, 0.0], [-107.91468767647115, 38.86490560568055, 0.0], [-107.91404820988105, 38.86436300602401, 0.0]]}, "properties": {"gnisidlabel": null, "featuretypelabel": "Channel Line", "huc12": "140200050105"}}, {"type": "Feature", "geometry": {"type": "LineString", "coordinates": [[-107.83668061005628, 39.06746260582503, 0.0], [-107.83645401076302, 39.06733200560285, 0.0], [-107.83623454258354, 39.06721233940235, 0.0], [-107.83582487554929, 39.06709367296287, 0.0], [-107.83529827596875, 39.067072006640004, 0.0]]}, "properties": {"gnisidlabel": null, "featuretypelabel": "Channel Line", "huc12": "140200050111"}}, {"type": "Feature", "geometry": {"type": "LineString", "coordinates": [[-107.78818660997196, 39.040172205823865, 0.0], [-107.78828840963952, 39.04011567278924, 0.0], [-107.78844921097271, 39.040093806694685, 0.0], [-107.78857647519777, 39.04009980604062, 0.0], [-107.78870487620006, 39.04013267372445, 0.0], [-107.7888220767597, 39.04017500572973, 0.0], [-107.78895067677072, 39.0402170062759, 0.0], [-107.78906587587213, 39.04020520538288, 0.0], [-107.78916900942535, 39.04018467323935, 0.0]]}, "properties": {"gnisidlabel": null, "featuretypelabel": "Channel Line", "huc12": "140200050111"}}, {"type": "Feature", "geometry": {"type": "LineString", "coordinates": [[-107.85513134372394, 39.05382933884214, 0.0], [-107.85505327610754, 39.05376387359356, 0.0], [-107.85480554291804, 39.05363887246131, 0.0], [-107.85464261011045, 39.053535405984135, 0.0], [-107.8542745427527, 39.05333967347757, 0.0], [-107.85380061057339, 39.05311700640431, 0.0], [-107.85334680970847, 39.052789939706194, 0.0], [-107.85314621087302, 39.052417538274256, 0.0], [-107.85309380986232, 39.052071739613844, 0.0], [-107.85311134303703, 39.0516652056947, 0.0], [-107.85339687557993, 39.05129567286244, 0.0], [-107.85372587583038, 39.05106867222366, 0.0], [-107.85428654295953, 39.050747006337694, 0.0], [-107.85481487636446, 39.05051907253681, 0.0]]}, "properties": {"gnisidlabel": null, "featuretypelabel": "Channel Line", "huc12": "140200050111"}}, {"type": "Feature", "geometry": {"type": "LineString", "coordinates": [[-107.88911421020038, 39.04641780588547, 0.0], [-107.8876140096687, 39.04543347305505, 0.0], [-107.88687141075263, 39.04514800597259, 0.0]]}, "properties": {"gnisidlabel": null, "featuretypelabel": "Waterbody Connector", "huc12": "140200050111"}}, {"type": "Feature", "geometry": {"type": "LineString", "coordinates": [[-107.83313260992487, 39.05828680571571, 0.0], [-107.83318587686796, 39.058177272311184, 0.0], [-107.83329407581397, 39.05799447292792, 0.0], [-107.83335800951653, 39.057857805419175, 0.0], [-107.83339887655892, 39.057721673504, 0.0], [-107.8334276762501, 39.05757680618973, 0.0], [-107.8334326756273, 39.05741447348264, 0.0], [-107.8334262762974, 39.05725260621432, 0.0], [-107.833384409571, 39.057073405872096, 0.0], [-107.83334187629947, 39.056876205558645, 0.0], [-107.8333236095751, 39.05670547278613, 0.0], [-107.83334960913241, 39.056488605327615, 0.0], [-107.83339860999114, 39.05627120653353, 0.0], [-107.83346067606551, 39.056089472806455, 0.0], [-107.83353500992077, 39.055925605558336, 0.0], [-107.83362187505026, 39.05578827310644, 0.0], [-107.83377960997517, 39.05568540632397, 0.0], [-107.83396207567353, 39.055626872897626, 0.0], [-107.83414607639203, 39.055604406239695, 0.0], [-107.8344350757436, 39.05560640609911, 0.0], [-107.83465507601292, 39.05561900613958, 0.0], [-107.83486427654799, 39.055650005357656, 0.0], [-107.83509341097856, 39.05559940600803, 0.0], [-107.83526500993838, 39.055559073599575, 0.0], [-107.83540001015523, 39.05546580640228, 0.0], [-107.83556821030652, 39.055335606119996, 0.0], [-107.83573587672564, 39.055196272674706, 0.0], [-107.83587867543896, 39.055012672245525, 0.0], [-107.83602120912678, 39.0548200736235, 0.0], [-107.8361286750608, 39.05461920580058, 0.0], [-107.83617960999108, 39.05444680642382, 0.0], [-107.83628641020162, 39.05422800607558, 0.0], [-107.83639427576732, 39.05403620663242, 0.0], [-107.83657181039203, 39.05385167253171, 0.0], [-107.83676067628251, 39.05366687314689, 0.0], [-107.83697541056056, 39.05354447322107, 0.0], [-107.8372362098905, 39.053421073010206, 0.0], [-107.83746267669575, 39.05330740634035, 0.0], [-107.83759727631265, 39.05320500590298, 0.0], [-107.83775307574561, 39.05305707302826, 0.0], [-107.83790860910966, 39.05290020592193, 0.0], [-107.83804247591516, 39.05277980577666, 0.0], [-107.83825807665677, 39.052684405752444, 0.0], [-107.83848607607938, 39.05260687264, 0.0], [-107.8388302757509, 39.0525444066224, 0.0], [-107.83911661011437, 39.05248327277913, 0.0], [-107.83924287567608, 39.05246227320229, 0.0]]}, "properties": {"gnisidlabel": null, "featuretypelabel": "Channel Line", "huc12": "140200050111"}}, {"type": "Feature", "geometry": {"type": "LineString", "coordinates": [[-107.80905080920449, 39.03436480550106, 0.0], [-107.80920161043034, 39.034379206149126, 0.0], [-107.80939780955242, 39.03437447263086, 0.0], [-107.80952441005394, 39.034362405636784, 0.0], [-107.80968520938823, 39.03434047262255, 0.0], [-107.80989221010869, 39.034317472410414, 0.0], [-107.81007747594809, 39.03433107256821, 0.0], [-107.81021501043361, 39.03430067267268, 0.0], [-107.81036427609509, 39.034279072667545, 0.0], [-107.81050140920505, 39.03423980640591, 0.0], [-107.81066067681326, 39.03418187371902, 0.0], [-107.81077427664042, 39.034134073703456, 0.0]]}, "properties": {"gnisidlabel": "Marcott Creek", "featuretypelabel": "Channel Line", "huc12": "140200050111"}}, {"type": "Feature", "geometry": {"type": "LineString", "coordinates": [[-107.84102860952169, 39.024373405810955, 0.0], [-107.84102467608601, 39.024274406241034, 0.0], [-107.84102967649174, 39.02411207273181, 0.0], [-107.84103660961179, 39.02399487317059, 0.0], [-107.84106681004906, 39.02388600558064, 0.0], [-107.84109720990402, 39.02377707276148, 0.0], [-107.84113567553557, 39.02358700553125, 0.0], [-107.84118700917251, 39.0234236056958, 0.0], [-107.84120181026952, 39.023216073831776, 0.0], [-107.84122947602846, 39.023044205842595, 0.0], [-107.84124460940959, 39.02284560640315, 0.0], [-107.84127340943252, 39.022700673803534, 0.0], [-107.84132361046406, 39.02251040602323, 0.0], [-107.84138447626113, 39.02230167284894, 0.0], [-107.8414480095906, 39.022155872793036, 0.0], [-107.84154627539026, 39.02201840617503, 0.0], [-107.84163327502347, 39.02188120602438, 0.0], [-107.84170967532596, 39.021771205649515, 0.0], [-107.8418096093047, 39.021669606242924, 0.0], [-107.84187407633463, 39.021551006611745, 0.0], [-107.84189247627229, 39.02143340578955, 0.0], [-107.84188820913027, 39.0213254053541, 0.0]]}, "properties": {"gnisidlabel": null, "featuretypelabel": "Channel Line", "huc12": "140200050111"}}, {"type": "Feature", "geometry": {"type": "LineString", "coordinates": [[-107.8395032757858, 39.02895227273606, 0.0], [-107.83950827600479, 39.02880687356674, 0.0], [-107.83951407612894, 39.028662672924625, 0.0], [-107.83952027602598, 39.028527273344416, 0.0], [-107.83960747631116, 39.028399073380854, 0.0], [-107.83970667584863, 39.02827947289703, 0.0], [-107.83982820947465, 39.02814147323611, 0.0], [-107.83997307592247, 39.02801180582939, 0.0], [-107.84013007616655, 39.02789087320718, 0.0], [-107.840252609643, 39.02777980548595, 0.0], [-107.84038821030929, 39.02770440565983, 0.0], [-107.84058107699462, 39.0276186064801, 0.0], [-107.84071567506828, 39.02751620551163, 0.0], [-107.84087141000795, 39.0273682730434, 0.0], [-107.84097127593839, 39.027266806603656, 0.0], [-107.84105780920423, 39.02712047321061, 0.0], [-107.8411548106861, 39.026947006232135, 0.0], [-107.84121721008881, 39.02677427273336, 0.0], [-107.84130227602792, 39.02659200559285, 0.0], [-107.84134187525173, 39.02642880619059, 0.0], [-107.84134807622354, 39.02629360559355, 0.0], [-107.84129327633929, 39.02607867315175, 0.0], [-107.84125287568085, 39.02593560583657, 0.0], [-107.8412120758269, 39.02578340589787, 0.0], [-107.84119660989705, 39.02568467305546, 0.0], [-107.8412154761481, 39.02557607271382, 0.0], [-107.8412788756254, 39.025430405762634, 0.0], [-107.84134267554143, 39.025293673153854, 0.0], [-107.84140841013087, 39.02520200592926, 0.0], [-107.84142700958189, 39.025093473317405, 0.0], [-107.84139861084861, 39.02495900623937, 0.0], [-107.84132347613657, 39.02481667302703, 0.0], [-107.84123741100393, 39.02468367285998, 0.0], [-107.84112821088446, 39.02455120590805, 0.0], [-107.84106687618603, 39.02446260637594, 0.0], [-107.84102860952169, 39.024373405810955, 0.0]]}, "properties": {"gnisidlabel": null, "featuretypelabel": "Channel Line", "huc12": "140200050111"}}, {"type": "Feature", "geometry": {"type": "LineString", "coordinates": [[-107.88754121051086, 39.058622472726675, 0.0], [-107.88749067531606, 39.058646205753625, 0.0], [-107.88738860964902, 39.05869380631273, 0.0], [-107.88726427675773, 39.058759872688356, 0.0], [-107.88719801062676, 39.05883367307845, 0.0], [-107.8871432097894, 39.05890700558081, 0.0], [-107.8870794095728, 39.05904380612844, 0.0], [-107.88702747693702, 39.05918927285668, 0.0], [-107.8869746096159, 39.05930767299097, 0.0], [-107.88695440960295, 39.059380205817796, 0.0]]}, "properties": {"gnisidlabel": null, "featuretypelabel": "Channel Line", "huc12": "140200050111"}}, {"type": "Feature", "geometry": {"type": "LineString", "coordinates": [[-107.8776154098684, 39.05490887293438, 0.0], [-107.87724207586555, 39.05361220662157, 0.0], [-107.87715320976744, 39.052595606319684, 0.0], [-107.87716921078439, 39.05181720605267, 0.0]]}, "properties": {"gnisidlabel": "West Fork Bonita Surface Creek", "featuretypelabel": "Waterbody Connector", "huc12": "140200050111"}}, {"type": "Feature", "geometry": {"type": "LineString", "coordinates": [[-107.88723661015882, 39.04026620657906, 0.0], [-107.88688487501489, 39.04009360569434, 0.0]]}, "properties": {"gnisidlabel": null, "featuretypelabel": "Waterbody Connector", "huc12": "140200050111"}}, {"type": "Feature", "geometry": {"type": "LineString", "coordinates": [[-107.89759554313598, 39.05800747239629, 0.0], [-107.89740860959995, 39.05811713971168, 0.0]]}, "properties": {"gnisidlabel": null, "featuretypelabel": "Waterbody Connector", "huc12": "140200050111"}}, {"type": "Feature", "geometry": {"type": "LineString", "coordinates": [[-107.87069161028575, 39.0033492060855, 0.0], [-107.87057460911707, 39.00330700626358, 0.0], [-107.87052547681407, 39.00323607308006, 0.0], [-107.87045300964802, 39.00315687303905, 0.0], [-107.87037760965055, 39.00300560664876, 0.0], [-107.8703714092852, 39.0028526057358, 0.0], [-107.87030647568925, 39.00267400598638, 0.0], [-107.87020647682988, 39.00248727316505, 0.0], [-107.87010727598809, 39.00231860523043, 0.0], [-107.8700320101556, 39.00216727311352, 0.0], [-107.86990927561956, 39.001990072686404, 0.0], [-107.86976441019516, 39.00183147271917, 0.0], [-107.86965580975381, 39.00171700586757, 0.0], [-107.86948847682531, 39.00157700629151, 0.0], [-107.86935687563606, 39.00146307286358, 0.0], [-107.86927181042263, 39.00135707317154, 0.0], [-107.86922160984064, 39.001259272957085, 0.0], [-107.86919387535713, 39.0011428063208, 0.0], [-107.86914340936458, 39.00103600541519, 0.0], [-107.86905680947663, 39.00089387314325, 0.0], [-107.86895827672187, 39.00074320565972, 0.0], [-107.86884867623189, 39.000601805921995, 0.0], [-107.86875100965489, 39.00046900607551, 0.0], [-107.86863020981035, 39.000336806011404, 0.0], [-107.86854467601754, 39.0002218055809, 0.0], [-107.86849420949191, 39.000115006174696, 0.0], [-107.86843361091657, 39.00004440640999, 0.0], [-107.8684252766104, 38.9999814737879, 0.0], [-107.86749627582859, 38.99856287269903, 0.0]]}, "properties": {"gnisidlabel": null, "featuretypelabel": "Channel Line", "huc12": "140200050111"}}, {"type": "Feature", "geometry": {"type": "LineString", "coordinates": [[-107.80036441015898, 39.02901520555365, 0.0], [-107.79998740980739, 39.028808006230534, 0.0]]}, "properties": {"gnisidlabel": null, "featuretypelabel": "Channel Line", "huc12": "140200050111"}}, {"type": "Feature", "geometry": {"type": "LineString", "coordinates": [[-107.89079847653177, 39.05664827374588, 0.0], [-107.88754121051086, 39.058622472726675, 0.0]]}, "properties": {"gnisidlabel": null, "featuretypelabel": "Waterbody Connector", "huc12": "140200050111"}}, {"type": "Feature", "geometry": {"type": "LineString", "coordinates": [[-107.88002054310132, 39.06945127378308, 0.0], [-107.88078847648153, 39.069421806448666, 0.0], [-107.88138661049874, 39.069244538807524, 0.0], [-107.88206920993824, 39.069034073044975, 0.0], [-107.88237147677572, 39.06886300562346, 0.0], [-107.88246827541539, 39.06842327291643, 0.0], [-107.88246554357562, 39.06778613930556, 0.0], [-107.88244941010241, 39.067297338763446, 0.0], [-107.88244120987902, 39.067028206530445, 0.0], [-107.88243327546725, 39.06683047305299, 0.0], [-107.88243920983622, 39.06656133889106, 0.0], [-107.88244501043015, 39.066281138808826, 0.0], [-107.88244420989655, 39.066068473180245, 0.0]]}, "properties": {"gnisidlabel": null, "featuretypelabel": "Channel Line", "huc12": "140200050111"}}, {"type": "Feature", "geometry": {"type": "LineString", "coordinates": [[-107.82230401055645, 39.058319805977874, 0.0], [-107.82230432463415, 39.05831959747063, 0.0], [-107.82232920900958, 39.058305605623055, 0.0], [-107.8224634759916, 39.058194272785144, 0.0], [-107.82256267540453, 39.05807467298074, 0.0], [-107.82267387483517, 39.05796387250329, 0.0], [-107.82279620993747, 39.057843805798896, 0.0], [-107.82289687632594, 39.05776040615979, 0.0]]}, "properties": {"gnisidlabel": null, "featuretypelabel": "Channel Line", "huc12": "140200050111"}}, {"type": "Feature", "geometry": {"type": "LineString", "coordinates": [[-107.82232040983234, 39.05605360666315, 0.0], [-107.82221360976003, 39.05598407345929, 0.0], [-107.82208281039055, 39.055888073627536, 0.0], [-107.82201921069249, 39.05574560585515, 0.0], [-107.82189807536831, 39.05560427273049, 0.0], [-107.821729675364, 39.0554372055826, 0.0], [-107.82156201078247, 39.05528820593745, 0.0], [-107.82143027608474, 39.05517420637874, 0.0], [-107.82131127565592, 39.055087006449334, 0.0], [-107.82118107618496, 39.055009072996924, 0.0], [-107.82112047620085, 39.05493847253778, 0.0], [-107.82105681005012, 39.05478680580321, 0.0], [-107.82096981050378, 39.05463567323004, 0.0], [-107.8208730756635, 39.05453007259683, 0.0], [-107.8207426762195, 39.05444307320648, 0.0], [-107.82066000915125, 39.054400005699776, 0.0], [-107.82049667671747, 39.054359005808735, 0.0], [-107.82033507630373, 39.05436287364598, 0.0], [-107.82014020967013, 39.05440360573415, 0.0], [-107.81996921044443, 39.05446180588301, 0.0], [-107.81978767591052, 39.054547272399006, 0.0], [-107.81958181009013, 39.05459727330361, 0.0], [-107.8193978094994, 39.05461980613054, 0.0], [-107.81925887624917, 39.05461407273465, 0.0], [-107.81908467573285, 39.05459127250982, 0.0], [-107.8188632099989, 39.0545426063279, 0.0], [-107.81859587540708, 39.05450400589141, 0.0], [-107.81840981051218, 39.05447247269156, 0.0], [-107.81818941033988, 39.054450805561295, 0.0], [-107.81804907624834, 39.054409205503546, 0.0], [-107.8178848757594, 39.05435000580453, 0.0], [-107.81775760975056, 39.05434407317198, 0.0]]}, "properties": {"gnisidlabel": null, "featuretypelabel": "Channel Line", "huc12": "140200050111"}}, {"type": "Feature", "geometry": {"type": "LineString", "coordinates": [[-107.7752272753165, 39.02075127317289, 0.0], [-107.77535947615752, 39.02088320561539, 0.0], [-107.77554941010114, 39.0210138731538, 0.0], [-107.7757170096845, 39.02116300664597, 0.0], [-107.7758838099638, 39.02129420555979, 0.0], [-107.77606461032771, 39.02148807333196, 0.0], [-107.77616247560857, 39.02162987307341, 0.0], [-107.77630627554935, 39.02176160651471, 0.0], [-107.77644967491658, 39.0218842726311, 0.0], [-107.77658040958474, 39.02198040569716, 0.0], [-107.77671201035436, 39.02209440556779, 0.0], [-107.77684267648903, 39.02219027329001, 0.0], [-107.77699587607599, 39.022267806541514, 0.0], [-107.77712400971035, 39.022291806441224, 0.0], [-107.77725247689696, 39.02233367322506, 0.0], [-107.77733580998459, 39.0223948055476, 0.0], [-107.77738521056352, 39.02247467264145, 0.0], [-107.77742367594836, 39.02257287344004, 0.0], [-107.77747580981718, 39.02272480588956, 0.0], [-107.77757587526798, 39.02292060568426, 0.0], [-107.77762980990414, 39.023117473110844, 0.0], [-107.77765807555251, 39.02325200554723, 0.0], [-107.77767667617579, 39.02343167328, 0.0], [-107.77768160948798, 39.023557672410206, 0.0], [-107.77765261055286, 39.023702605547605, 0.0], [-107.7776240107486, 39.023856405838515, 0.0], [-107.77765240933552, 39.023990872929, 0.0], [-107.77770320896009, 39.02410680600346, 0.0], [-107.77782587593646, 39.02429307313124, 0.0], [-107.77791447586495, 39.02448907371539, 0.0], [-107.7780250098644, 39.024657672809546, 0.0], [-107.77807567667517, 39.02477360616014, 0.0], [-107.77813800989391, 39.02488927224261, 0.0], [-107.77816487595616, 39.024987673513444, 0.0], [-107.77815801016497, 39.02510500596185, 0.0], [-107.7781516768012, 39.025240206087815, 0.0]]}, "properties": {"gnisidlabel": null, "featuretypelabel": "Channel Line", "huc12": "140200050111"}}, {"type": "Feature", "geometry": {"type": "LineString", "coordinates": [[-107.78366600990593, 39.039108139596415, 0.0], [-107.78377334331121, 39.0393218056341, 0.0], [-107.78395800919314, 39.03950773861681, 0.0], [-107.78428367669248, 39.03972033833913, 0.0], [-107.7844546764379, 39.039966673093126, 0.0], [-107.78461554323724, 39.04021687312037, 0.0]]}, "properties": {"gnisidlabel": null, "featuretypelabel": "Channel Line", "huc12": "140200050111"}}, {"type": "Feature", "geometry": {"type": "LineString", "coordinates": [[-107.85071641016137, 39.03236220580288, 0.0], [-107.85070160995737, 39.032281472568634, 0.0], [-107.8506608096473, 39.03212927368476, 0.0], [-107.85063201095704, 39.03198587310967, 0.0], [-107.85061647605019, 39.031887205633595, 0.0], [-107.85053127608911, 39.03178107353476, 0.0], [-107.85044547583263, 39.031657072322815, 0.0], [-107.85036001007563, 39.03154207364385, 0.0], [-107.850320276253, 39.031417005201625, 0.0], [-107.85029187556529, 39.03128247313421, 0.0], [-107.85029621069557, 39.03110220641435, 0.0], [-107.85025400992282, 39.030914005666546, 0.0], [-107.85018967628922, 39.030753473077986, 0.0], [-107.85010347544622, 39.03062040572091, 0.0], [-107.84999500990696, 39.030506006085936, 0.0], [-107.84984060987239, 39.030401606040144, 0.0], [-107.84970967518561, 39.030305805911574, 0.0], [-107.8495546103858, 39.0301834055604, 0.0], [-107.84944987609893, 39.030068806059916, 0.0], [-107.84943381033183, 39.03005120608266, 0.0]]}, "properties": {"gnisidlabel": "Bonita Creek", "featuretypelabel": "Channel Line", "huc12": "140200050111"}}, {"type": "Feature", "geometry": {"type": "LineString", "coordinates": [[-107.78530061057235, 39.05110167304914, 0.0], [-107.78532267678338, 39.05107867256323, 0.0], [-107.7853786761397, 39.05103240597277, 0.0], [-107.78543327631914, 39.0509498725831, 0.0], [-107.78541767625936, 39.05085120611251, 0.0], [-107.78536780975084, 39.05075327303583, 0.0], [-107.7852472755316, 39.05063000527718, 0.0], [-107.78506781065593, 39.050472206752346, 0.0], [-107.78497161016156, 39.05037540598202, 0.0], [-107.78487400949615, 39.05024247259967, 0.0], [-107.78481201016062, 39.05013600661052, 0.0], [-107.78478400951587, 39.05001047221681, 0.0], [-107.7848034766865, 39.04991987315601, 0.0], [-107.7848128760469, 39.04984500575266, 0.0]]}, "properties": {"gnisidlabel": null, "featuretypelabel": "Channel Line", "huc12": "140200050111"}}, {"type": "Feature", "geometry": {"type": "LineString", "coordinates": [[-107.88674607613926, 38.95263720586083, 0.0], [-107.88682840972547, 38.95239187307031, 0.0], [-107.88684267546726, 38.95217540632981, 0.0], [-107.88684800952262, 38.952022072422366, 0.0], [-107.8868990100341, 38.951858672904436, 0.0], [-107.88688327571523, 38.951471673041105, 0.0], [-107.8868878105306, 38.951012206492926, 0.0], [-107.88689620933661, 38.95065160558576, 0.0], [-107.8869116094851, 38.950462006225685, 0.0], [-107.88692840994747, 38.95030840555109, 0.0], [-107.8869214756264, 38.95013740593035, 0.0], [-107.88689180934571, 38.94997600597279, 0.0], [-107.88686587582588, 38.94990447312207, 0.0], [-107.88676707545987, 38.94974480519969, 0.0], [-107.88671507587603, 38.949601872436446, 0.0], [-107.88658427597333, 38.94950607305191, 0.0], [-107.88649887672943, 38.94939107321061, 0.0], [-107.88648340956476, 38.949292406408766, 0.0], [-107.88644007578819, 38.949077205798744, 0.0], [-107.88645467647348, 38.94886967306725, 0.0], [-107.88649420945328, 38.94870647282271, 0.0], [-107.88655821017522, 38.948578806624184, 0.0], [-107.88660887668398, 38.9484062731013, 0.0], [-107.8866636097289, 38.94833287322608, 0.0], [-107.88670747607236, 38.94827780628838, 0.0], [-107.88680941013389, 38.94823027223891, 0.0], [-107.88717461090611, 38.94813107297398, 0.0], [-107.88736880962865, 38.94808120557997, 0.0], [-107.88753941019145, 38.94802300593214, 0.0], [-107.88772227587829, 38.947982405953255, 0.0], [-107.8881448103186, 38.94787287317841, 0.0], [-107.88844001000852, 38.94775740533523, 0.0], [-107.88882487652526, 38.9475766732822, 0.0], [-107.88907300931739, 38.947435473324035, 0.0], [-107.88925340992144, 38.9473318725393, 0.0], [-107.88942041002787, 38.947183606168274, 0.0], [-107.8895894101726, 38.94708040624926, 0.0], [-107.88960867584808, 38.94698967299046, 0.0], [-107.88955640953414, 38.94683787242336, 0.0], [-107.88942540937546, 38.94645380618545, 0.0], [-107.88937120988942, 38.94625687229806, 0.0], [-107.88932101042317, 38.94587067337154, 0.0], [-107.88929067558563, 38.945691273417935, 0.0], [-107.88935427551513, 38.945554606647676, 0.0], [-107.88956920999154, 38.94545020659137, 0.0], [-107.88967901086232, 38.94531227330533, 0.0], [-107.88969800924578, 38.945212672761286, 0.0], [-107.88964460925857, 38.945033873226, 0.0], [-107.88958081054315, 38.94488227277055, 0.0], [-107.88957887613176, 38.94483727291399, 0.0], [-107.88959607514444, 38.94469267278075, 0.0], [-107.88958027639856, 38.94458500647402, 0.0], [-107.88954020979163, 38.94445087294408, 0.0], [-107.88946407482267, 38.94428160596207, 0.0], [-107.88937941017464, 38.94418460616972, 0.0], [-107.88926907602801, 38.94402520525196, 0.0], [-107.88925101018732, 38.9438634733712, 0.0], [-107.88922247657358, 38.94372900624127, 0.0], [-107.88928501021799, 38.943565273090385, 0.0], [-107.8894414750154, 38.943156005298526, 0.0], [-107.88960000932798, 38.94280067256858, 0.0], [-107.8895820104647, 38.94263900572692, 0.0], [-107.88959940989886, 38.94250340600938, 0.0], [-107.88954361017663, 38.942261606259585, 0.0], [-107.88946887646766, 38.94212827299643, 0.0], [-107.8893934760855, 38.94197707239009, 0.0], [-107.88933120993283, 38.94186140584379, 0.0], [-107.8893386101418, 38.941762206167994, 0.0], [-107.88939080916633, 38.9416256731553, 0.0], [-107.88946307557329, 38.94141680591773, 0.0], [-107.88954761002185, 38.94122540587849, 0.0], [-107.88959827630876, 38.94105300619713, 0.0], [-107.88958047609577, 38.94090027314199, 0.0], [-107.88952707567029, 38.94072147251714, 0.0], [-107.88941827517142, 38.94059807239585, 0.0], [-107.88933847608436, 38.94033867331357, 0.0], [-107.88928181057135, 38.94007880556967, 0.0], [-107.88931020961478, 38.93992500539847, 0.0], [-107.88931807609596, 38.93983467254231, 0.0], [-107.88944940974127, 38.939660273547375, 0.0], [-107.88944027625564, 38.93943527335464, 0.0], [-107.88943521023616, 38.93930927344134, 0.0], [-107.88939181056415, 38.93909420595604, 0.0], [-107.88944307563857, 38.938939805919304, 0.0], [-107.8895288108836, 38.93877547346326, 0.0], [-107.88968027533919, 38.93852847264956, 0.0], [-107.88971080972259, 38.938428606038016, 0.0], [-107.88974807662906, 38.93821147331454, 0.0], [-107.88982287631985, 38.93806540532114, 0.0], [-107.88986287618266, 38.93791127341552, 0.0], [-107.89004847686157, 38.93765440556825, 0.0], [-107.89011327633195, 38.93754467264166, 0.0], [-107.89020080940296, 38.93742540603981, 0.0], [-107.89029600935373, 38.93721587355056, 0.0], [-107.89038161075992, 38.93705160596247, 0.0], [-107.89043667558836, 38.93698720607543, 0.0], [-107.89052620962221, 38.93692187262053, 0.0], [-107.89069467665252, 38.93680960612342, 0.0], [-107.89079507571584, 38.936726005849806, 0.0], [-107.89086027590838, 38.936625273414094, 0.0], [-107.89094520967987, 38.93644300572785, 0.0], [-107.89103460960075, 38.93608940626819, 0.0], [-107.8910076095708, 38.9359910726641, 0.0], [-107.89102880988756, 38.935945405641434, 0.0], [-107.89102701012594, 38.93590040603227, 0.0], [-107.8911396762185, 38.93583460593791, 0.0], [-107.8913418758194, 38.935703405921416, 0.0], [-107.89159101007411, 38.93558920594098, 0.0], [-107.89163527571375, 38.93554307327119, 0.0], [-107.8916558100724, 38.93547947307066, 0.0], [-107.89161680930536, 38.935372273162244, 0.0], [-107.89158607560624, 38.935183873546606, 0.0], [-107.89148727692624, 38.935024206455765, 0.0], [-107.89130127562626, 38.93470447372094, 0.0], [-107.89121441020427, 38.93455347362798, 0.0], [-107.8911810764206, 38.93430207243572, 0.0], [-107.89114460920868, 38.93396960639618, 0.0], [-107.89114767623447, 38.933762273209354, 0.0], [-107.89115827647933, 38.933455672903925, 0.0], [-107.89122967644249, 38.932940473132255, 0.0], [-107.89127627608684, 38.93266900570358, 0.0], [-107.89129681053909, 38.932605473115096, 0.0], [-107.89132847580659, 38.93253260601748, 0.0], [-107.89130840939104, 38.932325873288995, 0.0], [-107.89129007620181, 38.932155205770236, 0.0], [-107.89123807573198, 38.932012272876115, 0.0], [-107.89112741091108, 38.93184387334573, 0.0], [-107.89103007678833, 38.93172007310449, 0.0], [-107.89084067592017, 38.931598806060705, 0.0], [-107.89065300995094, 38.93152227328357, 0.0], [-107.89039401025286, 38.93139347270311, 0.0], [-107.89025280966335, 38.93132500582098, 0.0], [-107.89018187641423, 38.93128180576771, 0.0], [-107.89009787584163, 38.931202673517326, 0.0], [-107.89004780964687, 38.931104872397476, 0.0], [-107.89005627602906, 38.931032605676606, 0.0], [-107.89005120929401, 38.930906605678636, 0.0], [-107.89008147576531, 38.93079780589858, 0.0], [-107.89005027528053, 38.93060027308542, 0.0], [-107.89007760930885, 38.93041947280535, 0.0], [-107.8900706754004, 38.93024840633358, 0.0], [-107.89011127550943, 38.930112272941145, 0.0], [-107.89014887546222, 38.929904205577195, 0.0], [-107.89017147599131, 38.92960627269452, 0.0], [-107.89014720947162, 38.92929160647738, 0.0], [-107.89007107618478, 38.929122272659306, 0.0], [-107.89001881021807, 38.92897040601689, 0.0], [-107.88986347627946, 38.92883907236857, 0.0], [-107.88970827640443, 38.92870787301992, 0.0], [-107.88957640908365, 38.92858500535588, 0.0], [-107.88927881008375, 38.928358205774195, 0.0], [-107.8889786766225, 38.928068273384945, 0.0], [-107.88889400985543, 38.92797120615916, 0.0], [-107.88879460986057, 38.92779360621328, 0.0], [-107.88865940926566, 38.9275896729, 0.0], [-107.88857107594448, 38.927402672508855, 0.0], [-107.88856527574187, 38.927258605769644, 0.0], [-107.88851180956881, 38.92707980582502, 0.0], [-107.88854701033303, 38.926808672835705, 0.0], [-107.88866221019421, 38.92623827294444, 0.0], [-107.88876320925395, 38.92588440554587, 0.0], [-107.88890020982804, 38.92556560597897, 0.0], [-107.88907381082515, 38.92501180610587, 0.0], [-107.88922307575812, 38.924710806056424, 0.0], [-107.8893240096006, 38.92435700554908, 0.0], [-107.88943787584125, 38.92403880634168, 0.0], [-107.88949361045628, 38.92370407315035, 0.0], [-107.88957407607246, 38.923413805809844, 0.0], [-107.88965781074047, 38.92320447303243, 0.0], [-107.88971847558912, 38.92299587299226, 0.0], [-107.88980940960656, 38.92267820550203, 0.0], [-107.88991367652977, 38.92240540597187, 0.0], [-107.88993621037447, 38.92210760605125, 0.0], [-107.89002601017437, 38.921762872690486, 0.0], [-107.89005860982897, 38.9214288736516, 0.0], [-107.89009001027986, 38.92106767267133, 0.0], [-107.89005967532155, 38.92088827223633, 0.0], [-107.89007361084722, 38.920662672945966, 0.0], [-107.89011587573683, 38.920283206278306, 0.0], [-107.89021501007036, 38.91988440610657, 0.0], [-107.89033681011558, 38.91947600634669, 0.0], [-107.89041620996156, 38.91915867278478, 0.0], [-107.89049001047533, 38.91870640530323, 0.0], [-107.89051867596861, 38.91856147277151, 0.0], [-107.89063047679697, 38.91818940529964, 0.0], [-107.89073867583585, 38.91801547372881, 0.0], [-107.89077867582316, 38.917861406150266, 0.0], [-107.89086427595916, 38.917697072388926, 0.0], [-107.89095727518858, 38.9174334728035, 0.0], [-107.89106441013736, 38.91723267350711, 0.0], [-107.89112007528935, 38.91689800600411, 0.0], [-107.89120420935991, 38.916697673050535, 0.0], [-107.89126747642005, 38.91655200612508, 0.0], [-107.89132967631099, 38.91637927271222, 0.0], [-107.89135700925429, 38.91619840617874, 0.0], [-107.89143381092629, 38.91581807297069, 0.0], [-107.8914472105135, 38.91558347317324, 0.0], [-107.89147047550593, 38.915303673681734, 0.0], [-107.89140087639821, 38.91500807325822, 0.0], [-107.89133007658997, 38.91468547358824, 0.0], [-107.89125421013902, 38.91423700608182, 0.0], [-107.89115787659433, 38.91385200640469, 0.0], [-107.89112860990465, 38.91369947341634, 0.0], [-107.89106441001397, 38.913539006160434, 0.0], [-107.89107967604265, 38.913349405320666, 0.0], [-107.89110120971048, 38.913024606171724, 0.0], [-107.891105075962, 38.91283520586853, 0.0], [-107.89108907593999, 38.91272747308042, 0.0], [-107.89114420957937, 38.9120956063807, 0.0], [-107.89113000998428, 38.911744606182545, 0.0], [-107.89116167584604, 38.911392406167636, 0.0], [-107.89115727582397, 38.91128440568755, 0.0], [-107.89112860907315, 38.9108616726632, 0.0], [-107.8910954753628, 38.91061027278046, 0.0], [-107.89106247633089, 38.9103678065207, 0.0], [-107.89096800949109, 38.91002780542117, 0.0], [-107.89092801004696, 38.90989367349064, 0.0], [-107.8908582753687, 38.90959800642735, 0.0], [-107.8908090758018, 38.909238873345195, 0.0], [-107.89078800937463, 38.90871687284869, 0.0], [-107.89079601080081, 38.908347273526296, 0.0], [-107.8908462760322, 38.90816600624085, 0.0], [-107.89084821108375, 38.907643272619396, 0.0], [-107.89084061022382, 38.90717500619577, 0.0], [-107.89084941073774, 38.90682347268519, 0.0], [-107.89084247549135, 38.90665247333733, 0.0], [-107.89087160985102, 38.906516606477595, 0.0], [-107.89088587621634, 38.906300072471716, 0.0], [-107.89081181021822, 38.905896472286024, 0.0], [-107.89077600945967, 38.90558200630934, 0.0], [-107.89075627575218, 38.90509600605938, 0.0], [-107.89069421020163, 38.904133606001345, 0.0], [-107.89062820966289, 38.90392807352418, 0.0], [-107.89060967678641, 38.90375727316846, 0.0], [-107.89056860994341, 38.90359620597763, 0.0], [-107.89056061039975, 38.90339820571185, 0.0], [-107.89049607648349, 38.90266100565098, 0.0], [-107.89046527538923, 38.90247260549142, 0.0], [-107.89040507644538, 38.9021226723282, 0.0], [-107.89036207580608, 38.90191660669929, 0.0], [-107.89026841061175, 38.901594605441886, 0.0], [-107.8901534103301, 38.901318072560215, 0.0], [-107.88988321053907, 38.90091040581672, 0.0], [-107.8897094762474, 38.90060840554681, 0.0], [-107.88966807594909, 38.900438273149526, 0.0], [-107.88924461096144, 38.899664873292146, 0.0], [-107.88914627608494, 38.89951420575062, 0.0], [-107.88894887503605, 38.89919480549626, 0.0], [-107.88883607525834, 38.89897227284336, 0.0], [-107.88836667615797, 38.89820020591742, 0.0], [-107.88807160900136, 38.89774800570327, 0.0], [-107.88798480971585, 38.897597005562154, 0.0], [-107.8879232755347, 38.89749940645671, 0.0], [-107.88786241001819, 38.89741980620919, 0.0], [-107.88766147564418, 38.89729867352074, 0.0], [-107.88749660946144, 38.89721267327403, 0.0], [-107.88742347581044, 38.8971154060202, 0.0], [-107.88738707547758, 38.8970712056741, 0.0], [-107.8873828095648, 38.89696327351854, 0.0], [-107.88734800979834, 38.896675805617065, 0.0], [-107.88735727620687, 38.89633327373543, 0.0], [-107.88734987608672, 38.896153205981946, 0.0], [-107.88736167627681, 38.89530607241807, 0.0], [-107.88737667660145, 38.8951074735443, 0.0], [-107.8873790763222, 38.89488227279563, 0.0], [-107.88734907599994, 38.89471180674354, 0.0], [-107.88725081105191, 38.894561073467145, 0.0], [-107.88711967519843, 38.89445620614431, 0.0], [-107.88680467623249, 38.89436487303003, 0.0], [-107.88664207613688, 38.894332872546514, 0.0], [-107.88645407632285, 38.89424740612311, 0.0], [-107.88623321064165, 38.894198805896, 0.0], [-107.88611621079164, 38.894156672888656, 0.0], [-107.88584767555936, 38.8940732058177, 0.0], [-107.88567241004324, 38.894014606220246, 0.0], [-107.88545100935794, 38.89395700593865, 0.0], [-107.88525487605993, 38.893952806028494, 0.0], [-107.88476948215762, 38.89395587887536, 0.0]]}, "properties": {"gnisidlabel": "Lone Pine Ditch", "featuretypelabel": "Canal", "huc12": "140200050105"}}, {"type": "Feature", "geometry": {"type": "LineString", "coordinates": [[-107.7924392753963, 39.00881747321647, 0.0], [-107.79261187555271, 39.00880427370392, 0.0], [-107.79283147579793, 39.00880807246531, 0.0], [-107.79309747644002, 39.008819672696895, 0.0], [-107.79338767562756, 39.00885780536217, 0.0], [-107.79360761018482, 39.0088704731121, 0.0], [-107.79381587575214, 39.00888347235321, 0.0], [-107.79401387613726, 39.0089238058067, 0.0], [-107.79419841045818, 39.00891947295557, 0.0], [-107.79440960967553, 39.00900447269384, 0.0], [-107.79457321006501, 39.00905460643945, 0.0], [-107.79473801057259, 39.009131806039505, 0.0], [-107.79495847612212, 39.00916247308082, 0.0], [-107.79523720920321, 39.009200872401664, 0.0], [-107.79554940979374, 39.009211406063194, 0.0], [-107.79582627630383, 39.00920467352132, 0.0], [-107.79613887658255, 39.0092242060093, 0.0], [-107.79647380964974, 39.009225206261306, 0.0], [-107.79677327612251, 39.00920907248434, 0.0], [-107.79716621015666, 39.009217606332776, 0.0], [-107.7974546751145, 39.0092108060342, 0.0], [-107.79769701023632, 39.0092048733605, 0.0], [-107.7979380757642, 39.00917207220912, 0.0], [-107.79816667649354, 39.00911260554429, 0.0], [-107.79832647587445, 39.009063672954724, 0.0], [-107.79853267666249, 39.009022673166115, 0.0], [-107.79873920906284, 39.00899067324321, 0.0], [-107.79891147581696, 39.00896860565139, 0.0], [-107.79906227624781, 39.008983005805455, 0.0], [-107.79921300974797, 39.00899740556857, 0.0], [-107.79938667628564, 39.00901120578596, 0.0], [-107.79957087625633, 39.008997673261774, 0.0], [-107.79972020979636, 39.00897620566723, 0.0], [-107.79989420950642, 39.00899900531264, 0.0], [-107.80007987604091, 39.009021473114146, 0.0], [-107.80028900984287, 39.009052605816336, 0.0], [-107.80056647571972, 39.00906387299114, 0.0], [-107.80087781059719, 39.00904747327496, 0.0], [-107.80113120994126, 39.00903240628697, 0.0], [-107.80137200962903, 39.00899047282418, 0.0], [-107.80159147552264, 39.00899427267899, 0.0], [-107.80183240907127, 39.00895240622284, 0.0], [-107.80208540944693, 39.00892827370219, 0.0], [-107.80233821034993, 39.008895205713536, 0.0], [-107.80253387570278, 39.00888147307411, 0.0], [-107.80277480974645, 39.00883967313455, 0.0], [-107.80303907571616, 39.00880627302465, 0.0], [-107.80325781004746, 39.00879200610153, 0.0], [-107.80360247591065, 39.008747673062395, 0.0], [-107.80394747644276, 39.008712405806484, 0.0], [-107.80421221016395, 39.00868800628103, 0.0], [-107.80446627684303, 39.00869087290194, 0.0], [-107.80473200930489, 39.00869347361219, 0.0], [-107.80499587638928, 39.0086510731946, 0.0], [-107.8052720757332, 39.0086264728603, 0.0], [-107.80555867619832, 39.008574472691805, 0.0], [-107.80582287622529, 39.00854107237748, 0.0], [-107.80605400996296, 39.0085446055201, 0.0], [-107.80629587609559, 39.00852967249626, 0.0], [-107.80650500983441, 39.00856080662363, 0.0], [-107.80665500984595, 39.00855720524762, 0.0], [-107.8068392104857, 39.00854367294194, 0.0], [-107.80705660947686, 39.00849347311474, 0.0], [-107.80725307556386, 39.00849767287746, 0.0], [-107.80741567649432, 39.00852080602273, 0.0], [-107.80758901019293, 39.00852560554181, 0.0], [-107.80775127516407, 39.00853980569925, 0.0], [-107.80801800959902, 39.008569406509295, 0.0], [-107.80819361082806, 39.00862820586217, 0.0]]}, "properties": {"gnisidlabel": null, "featuretypelabel": "Channel Line", "huc12": "140200050111"}}, {"type": "Feature", "geometry": {"type": "LineString", "coordinates": [[-107.8475700098637, 39.04921400613326, 0.0], [-107.84767067576153, 39.04913047288022, 0.0], [-107.84778200942708, 39.04902867354396, 0.0], [-107.84784907551669, 39.048973006106706, 0.0], [-107.84800787577704, 39.048897073500854, 0.0], [-107.84813147631992, 39.04881287306496, 0.0], [-107.84822061021629, 39.048729672532886, 0.0], [-107.84829847600457, 39.04865567251725, 0.0], [-107.84835187548639, 39.04854627332309, 0.0], [-107.8484262097746, 39.04838227260026, 0.0], [-107.84841967587991, 39.04822027364646, 0.0], [-107.84841207629117, 39.048031272941245, 0.0], [-107.84840560948959, 39.04786927323951, 0.0], [-107.84840021070552, 39.04773427342371, 0.0], [-107.84846581069434, 39.04764260561723, 0.0], [-107.84856607579742, 39.04755007244536, 0.0], [-107.84864247551653, 39.04744007308557, 0.0], [-107.8487182761525, 39.04731207309394, 0.0], [-107.84874667617352, 39.04715820574969, 0.0], [-107.84874161019779, 39.04703227344119, 0.0], [-107.84878241044522, 39.04689620558399, 0.0], [-107.84880041033703, 39.04676947249939, 0.0], [-107.84881767649159, 39.046625006081136, 0.0], [-107.84882201009384, 39.04644467308539, 0.0], [-107.84883927612931, 39.04630020576145, 0.0], [-107.84886701063164, 39.04612827364989, 0.0], [-107.84890660925612, 39.04596520551559, 0.0], [-107.84902640978174, 39.04578200564826, 0.0], [-107.84907680993986, 39.045600605913265, 0.0], [-107.8491284097033, 39.04544620552946, 0.0], [-107.84916767653523, 39.045274073386516, 0.0], [-107.84924201058419, 39.04511007304741, 0.0], [-107.84932861006868, 39.044963806033145, 0.0], [-107.84942767626364, 39.044844272759484, 0.0], [-107.84960627553838, 39.04468680571942, 0.0], [-107.84981867499236, 39.0445104065762, 0.0], [-107.84999747586428, 39.04436187271708, 0.0], [-107.85016447531007, 39.04420467229442, 0.0], [-107.85030727547735, 39.04402100595993, 0.0], [-107.85042701045036, 39.04383780629509, 0.0], [-107.8505716750142, 39.04369920644357, 0.0], [-107.85074047596588, 39.04358700598281, 0.0], [-107.85087500955477, 39.043484606557186, 0.0], [-107.85109087613158, 39.043398206389895, 0.0], [-107.85131887556656, 39.043320472908384, 0.0], [-107.85158107566974, 39.04323300581313, 0.0], [-107.85177541000073, 39.043183205841096, 0.0], [-107.85192287658548, 39.04311660569867, 0.0], [-107.85201380930447, 39.043078272520034, 0.0], [-107.85205640943458, 39.043050205821274, 0.0]]}, "properties": {"gnisidlabel": "Bonita Creek", "featuretypelabel": "Channel Line", "huc12": "140200050111"}}, {"type": "Feature", "geometry": {"type": "LineString", "coordinates": [[-107.81321547567177, 39.028994005649764, 0.0], [-107.8134638757323, 39.02874927308955, 0.0], [-107.81362360967023, 39.02845707298289, 0.0], [-107.81363641034663, 39.028321672470454, 0.0], [-107.8137936756746, 39.02803407318467, 0.0]]}, "properties": {"gnisidlabel": null, "featuretypelabel": "Channel Line", "huc12": "140200050111"}}, {"type": "Feature", "geometry": {"type": "LineString", "coordinates": [[-107.88771841018776, 39.03946487275618, 0.0], [-107.88723661015882, 39.04026620657906, 0.0]]}, "properties": {"gnisidlabel": null, "featuretypelabel": "Waterbody Connector", "huc12": "140200050111"}}, {"type": "Feature", "geometry": {"type": "LineString", "coordinates": [[-107.8621420095818, 39.02038840561815, 0.0], [-107.86190567595509, 39.020247606347716, 0.0]]}, "properties": {"gnisidlabel": null, "featuretypelabel": "Waterbody Connector", "huc12": "140200050111"}}, {"type": "Feature", "geometry": {"type": "LineString", "coordinates": [[-107.81716607550436, 39.022016939270735, 0.0], [-107.81716600983395, 39.02201560571733, 0.0], [-107.81720781040504, 39.02190647248813, 0.0], [-107.81727307648674, 39.02180580636905, 0.0], [-107.81737300940438, 39.021704273483245, 0.0], [-107.8174162760366, 39.02163107246001, 0.0], [-107.81745787594794, 39.02151300611906, 0.0], [-107.81746647553973, 39.02144067273859, 0.0], [-107.81751020987386, 39.02137660635966, 0.0], [-107.81756501031477, 39.02130320577311, 0.0], [-107.81760607643336, 39.02117607296597, 0.0], [-107.81762387566928, 39.0210404736952, 0.0], [-107.81766747676846, 39.02097640597482, 0.0], [-107.81769887528847, 39.02089460611031, 0.0], [-107.81777600988573, 39.02080260600904, 0.0], [-107.81786547537976, 39.020728406039936, 0.0], [-107.81796387613925, 39.02059080594932, 0.0], [-107.81802927661482, 39.020490205538316, 0.0], [-107.81812841074226, 39.02037067324269, 0.0], [-107.81826220915443, 39.02025040637241, 0.0], [-107.81839581053275, 39.02012100624095, 0.0], [-107.81847361012825, 39.02004700590099, 0.0], [-107.81856201039807, 39.019945806732075, 0.0], [-107.81865101058654, 39.01986247234348, 0.0], [-107.81869187614892, 39.019726406139704, 0.0], [-107.81877807672831, 39.01957120572742, 0.0], [-107.81884147613334, 39.019425472897424, 0.0], [-107.81889540989188, 39.0193250727299, 0.0], [-107.81892607572067, 39.019225206404265, 0.0], [-107.8189104765, 39.019126473323766, 0.0], [-107.81883707621728, 39.01902020555235, 0.0], [-107.81878627610266, 39.01890427225961, 0.0], [-107.81873401022189, 39.01875240576541, 0.0], [-107.81872861012671, 39.01861740604768, 0.0], [-107.81872361038894, 39.018491405693105, 0.0], [-107.81880767590383, 39.01828207376912, 0.0], [-107.81892387594556, 39.018009073421595, 0.0], [-107.81900907626402, 39.01782687258566, 0.0], [-107.81905047580175, 39.01770867268593, 0.0], [-107.8191034757162, 39.01759027330486, 0.0], [-107.81914401052536, 39.01744520588089, 0.0], [-107.81921867538281, 39.01729020665367, 0.0], [-107.81927207507877, 39.01718080567503, 0.0], [-107.81933700923764, 39.01707120587699, 0.0], [-107.8194152755676, 39.01700620629568, 0.0], [-107.81944600995945, 39.016906273301345, 0.0], [-107.81950947589193, 39.016760673630976, 0.0], [-107.81955087522343, 39.0166424735602, 0.0], [-107.81960287550477, 39.01649707279245, 0.0], [-107.81969961008076, 39.01631460597671, 0.0], [-107.819799076292, 39.01620407241654, 0.0], [-107.81994267524914, 39.016038472717334, 0.0], [-107.82009961070621, 39.015917472918105, 0.0], [-107.82023341045277, 39.015797205629426, 0.0], [-107.82043707671207, 39.01569320548763, 0.0], [-107.8205832095725, 39.01559047280864, 0.0], [-107.82072920987088, 39.01548787288808, 0.0], [-107.82082787536942, 39.0153592730851, 0.0], [-107.82089327545481, 39.01525867291946, 0.0], [-107.82091427610297, 39.01523713849843, 0.0]]}, "properties": {"gnisidlabel": "Marcott Creek", "featuretypelabel": "Channel Line", "huc12": "140200050111"}}, {"type": "Feature", "geometry": {"type": "LineString", "coordinates": [[-107.86441707520864, 38.970570872211866, 0.0], [-107.86431201127913, 38.9705063392222, 0.0]]}, "properties": {"gnisidlabel": null, "featuretypelabel": "Channel Line", "huc12": "140200050111"}}, {"type": "Feature", "geometry": {"type": "LineString", "coordinates": [[-107.83100121080773, 39.02865347262119, 0.0], [-107.83150600948788, 39.0284294735892, 0.0], [-107.83166001002851, 39.02837620620692, 0.0], [-107.83184220916263, 39.02830880576363, 0.0], [-107.83204667569456, 39.02822267299639, 0.0], [-107.83220421072777, 39.028119806382804, 0.0], [-107.83240680956906, 39.02798867330579, 0.0], [-107.83251607529029, 39.027832872905485, 0.0], [-107.83267120934411, 39.02766687299591, 0.0], [-107.83280280971924, 39.02749260610413, 0.0], [-107.83299220995292, 39.027316806299844, 0.0], [-107.83317000993925, 39.02714127284749, 0.0], [-107.83335967555531, 39.02697447322155, 0.0], [-107.8335050099036, 39.02685387263178, 0.0], [-107.83367307606814, 39.02672367327796, 0.0], [-107.8337628763489, 39.026658472939744, 0.0], [-107.83384147584722, 39.026602473688264, 0.0], [-107.83394421010905, 39.02657287228292, 0.0], [-107.8341154760922, 39.02652367291904, 0.0]]}, "properties": {"gnisidlabel": null, "featuretypelabel": "Channel Line", "huc12": "140200050111"}}, {"type": "Feature", "geometry": {"type": "LineString", "coordinates": [[-107.84301360990375, 39.0637938723449, 0.0], [-107.84281487588986, 39.063735673528775, 0.0], [-107.8426156757425, 39.06366847318022, 0.0], [-107.84245227557524, 39.063627406262704, 0.0], [-107.84224160914006, 39.063560405684186, 0.0], [-107.84200667616103, 39.06346700573129, 0.0], [-107.84179560944413, 39.06339107270432, 0.0], [-107.84159507617623, 39.063288005997926, 0.0], [-107.8413382104641, 39.06322207359595, 0.0], [-107.84114020950251, 39.063181872819165, 0.0], [-107.8409290755842, 39.06310600649864, 0.0], [-107.84072847660127, 39.06300280563624, 0.0], [-107.84057520993635, 39.06292540632013, 0.0], [-107.84038647603727, 39.06283087322652, 0.0], [-107.84027927572238, 39.06275240557361, 0.0], [-107.84017321082365, 39.0627010063955, 0.0]]}, "properties": {"gnisidlabel": null, "featuretypelabel": "Channel Line", "huc12": "140200050111"}}, {"type": "Feature", "geometry": {"type": "LineString", "coordinates": [[-107.79526547605643, 39.00611000561494, 0.0], [-107.79542560982975, 39.006070206061736, 0.0], [-107.79557501013568, 39.00604847286907, 0.0], [-107.7957592108063, 39.00603507257369, 0.0], [-107.7959094766675, 39.00604047342117, 0.0], [-107.79609607501224, 39.00609007247159, 0.0], [-107.79626987592265, 39.006103873321, 0.0], [-107.79644327550102, 39.006108805972026, 0.0], [-107.7966160105543, 39.00609567304719, 0.0], [-107.79682287590559, 39.00607260564812, 0.0], [-107.79710987636714, 39.00602967357802, 0.0], [-107.7974422751685, 39.00596767286923, 0.0], [-107.79776280999793, 39.005896872971384, 0.0], [-107.79797987602257, 39.00583767278962, 0.0], [-107.79817487654151, 39.00580600660028, 0.0], [-107.7984496757158, 39.00574540537867, 0.0], [-107.7986554762002, 39.005695405992086, 0.0], [-107.7988406759551, 39.00570887350238, 0.0], [-107.79903647565041, 39.005695206680706, 0.0], [-107.79923301030868, 39.005699473402906, 0.0], [-107.79944241086777, 39.00573947261815, 0.0], [-107.79964140926073, 39.005806806200184, 0.0], [-107.79982807645665, 39.00585640569548, 0.0], [-107.79998081030847, 39.00592480565791, 0.0], [-107.80014487516772, 39.0059838728072, 0.0], [-107.80034487562102, 39.006078206570265, 0.0], [-107.8005574757472, 39.00619927268059, 0.0], [-107.80069907606415, 39.0062768734553, 0.0], [-107.80082007560921, 39.00641820560273, 0.0], [-107.80092787693621, 39.00651460566562, 0.0], [-107.80107020982045, 39.006610272317126, 0.0], [-107.80119887588928, 39.00665227300929, 0.0], [-107.80138460994873, 39.006674873222515, 0.0], [-107.80155827687378, 39.00668867296225, 0.0], [-107.80174207605933, 39.00666620608972, 0.0], [-107.80195047524124, 39.00667927320959, 0.0], [-107.80218227660774, 39.00670080544313, 0.0], [-107.80246187512283, 39.00676607327628, 0.0], [-107.80261301068597, 39.006789472615104, 0.0], [-107.80278821022262, 39.00683940605052, 0.0], [-107.802916875889, 39.006881273300145, 0.0], [-107.80312547625907, 39.00690327228188, 0.0], [-107.80326507592538, 39.00692687337444, 0.0], [-107.8034178760347, 39.00699540589025, 0.0], [-107.80356927557665, 39.00702780581201, 0.0], [-107.80375547586864, 39.0070682731368, 0.0], [-107.8039534763984, 39.00710860588786, 0.0], [-107.80410421024848, 39.007123006553535, 0.0], [-107.80428981011005, 39.007145606228505, 0.0], [-107.80445227623355, 39.00716867293986, 0.0], [-107.80461387664343, 39.007164805973986, 0.0], [-107.80478541030628, 39.00712467337212, 0.0], [-107.80492281076316, 39.00709427357964, 0.0], [-107.80509660979985, 39.00710807384498, 0.0], [-107.80529447606362, 39.00714840663215, 0.0], [-107.80544727561156, 39.00721680583129, 0.0], [-107.80556480995457, 39.00726807320828, 0.0], [-107.80576267577052, 39.00730840610088, 0.0], [-107.80600667639185, 39.007347473237466, 0.0], [-107.8062272761547, 39.00737820579866, 0.0], [-107.80640280982605, 39.0074370735109, 0.0], [-107.80648647689651, 39.007507072499735, 0.0], [-107.80656067608308, 39.00763147276228, 0.0], [-107.80667960996726, 39.007718673145845, 0.0], [-107.80679667654567, 39.00776087296677, 0.0], [-107.80697220962432, 39.00781980648033, 0.0], [-107.80720467549007, 39.00785920556683, 0.0], [-107.80741560908584, 39.007935205892835, 0.0], [-107.80762607653524, 39.008002272844465, 0.0], [-107.80776840952426, 39.008097872568165, 0.0], [-107.80788880887478, 39.00822120602671, 0.0], [-107.80797587678981, 39.0083812055506, 0.0], [-107.80810821078254, 39.00851320631553, 0.0], [-107.80819361082806, 39.00862820586217, 0.0]]}, "properties": {"gnisidlabel": null, "featuretypelabel": "Channel Line", "huc12": "140200050111"}}, {"type": "Feature", "geometry": {"type": "LineString", "coordinates": [[-107.78628640933997, 39.04261853896928, 0.0], [-107.78629161046022, 39.042514805807954, 0.0], [-107.78634160936058, 39.042315405516284, 0.0], [-107.78639221054021, 39.042134006242, 0.0], [-107.78643100986613, 39.04194400525785, 0.0], [-107.78647147556231, 39.04179880617102, 0.0], [-107.78647114310432, 39.04178967351561, 0.0]]}, "properties": {"gnisidlabel": null, "featuretypelabel": "Channel Line", "huc12": "140200050111"}}, {"type": "Feature", "geometry": {"type": "LineString", "coordinates": [[-107.86579867592623, 39.02990360598532, 0.0], [-107.86587314335044, 39.0295902055778, 0.0], [-107.86601114226914, 39.02929847251894, 0.0], [-107.86643667611784, 39.02889527334994, 0.0], [-107.86659687505649, 39.02871867316557, 0.0], [-107.866708474918, 39.028608206460696, 0.0], [-107.86679894301133, 39.02855600593101, 0.0]]}, "properties": {"gnisidlabel": null, "featuretypelabel": "Channel Line", "huc12": "140200050111"}}, {"type": "Feature", "geometry": {"type": "LineString", "coordinates": [[-107.85991407606978, 39.056776673126954, 0.0], [-107.86072760963438, 39.05658960584547, 0.0]]}, "properties": {"gnisidlabel": null, "featuretypelabel": "Surface Connector", "huc12": "140200050111"}}, {"type": "Feature", "geometry": {"type": "LineString", "coordinates": [[-107.78463687527116, 39.04568060587347, 0.0], [-107.78489280949961, 39.04513387246018, 0.0], [-107.78497867666817, 39.04496967266613, 0.0], [-107.78511847566969, 39.04470507342397, 0.0], [-107.78535467584526, 39.04424900580723, 0.0], [-107.78545120900067, 39.044057473102654, 0.0], [-107.7855818763559, 39.043856206405664, 0.0], [-107.78585387608565, 39.04342620665876, 0.0], [-107.78602967587103, 39.043196805513574, 0.0], [-107.78616180929274, 39.04303147275174, 0.0], [-107.78631667593582, 39.0428566062093, 0.0], [-107.78698047541533, 39.04211100554395, 0.0], [-107.78709061025538, 39.04197320609043, 0.0], [-107.78725907627386, 39.04185200627536, 0.0], [-107.78771780905542, 39.04147167372108, 0.0], [-107.78787560939689, 39.04136887331128, 0.0], [-107.78803287590195, 39.041257006121555, 0.0], [-107.78816787695764, 39.041163605730546, 0.0], [-107.78830140989508, 39.04103427340132, 0.0], [-107.78843461047965, 39.04089600557104, 0.0], [-107.7888220767597, 39.04017500572973, 0.0], [-107.78925361000614, 39.03939887309518, 0.0], [-107.78939620939104, 39.0392062725943, 0.0], [-107.7894836100051, 39.03907800608318, 0.0], [-107.78989501055997, 39.03867180592445, 0.0], [-107.79010787610932, 39.038504606549836, 0.0], [-107.79032780995426, 39.03822000615672, 0.0], [-107.79053787636326, 39.03798067254405, 0.0], [-107.79108967548764, 39.03732780595931, 0.0], [-107.79117820965519, 39.03722667250853, 0.0], [-107.79136581034305, 39.03700587286384, 0.0], [-107.79153260982548, 39.03683980573081, 0.0], [-107.79172267581775, 39.036682073027606, 0.0], [-107.79195801003146, 39.036496205923605, 0.0], [-107.79220520912209, 39.03631920642625, 0.0], [-107.79243100911182, 39.036187605890326, 0.0], [-107.79267927587998, 39.03603747369765, 0.0], [-107.79287227668394, 39.035951805348546, 0.0], [-107.79304361095116, 39.03590260568128, 0.0], [-107.79329607582976, 39.035860605631036, 0.0], [-107.79350241000918, 39.03581960618385, 0.0], [-107.79372127573494, 39.03580527374027, 0.0], [-107.7940088095802, 39.03577147306013, 0.0], [-107.7942294101846, 39.03580207313531, 0.0], [-107.7944832752997, 39.03579600564701, 0.0], [-107.79467234207812, 39.0357914733188, 0.0]]}, "properties": {"gnisidlabel": null, "featuretypelabel": "Hydro Unenforced Connector", "huc12": "140200050111"}}, {"type": "Feature", "geometry": {"type": "LineString", "coordinates": [[-107.89973960939315, 39.062891605495636, 0.0], [-107.89961187673913, 39.062876806033614, 0.0], [-107.89944867607663, 39.06284480639599, 0.0], [-107.89922641056494, 39.06277820645051, 0.0], [-107.89910960923706, 39.062745072575794, 0.0], [-107.89896660978977, 39.06264047350008, 0.0], [-107.89883300988468, 39.062481806126605, 0.0], [-107.89872281063293, 39.06233127253758, 0.0], [-107.89862681085248, 39.0622436062302, 0.0], [-107.89848307647212, 39.06212100617917, 0.0], [-107.89823701007816, 39.06203707318902, 0.0], [-107.89799167571077, 39.06197107253293, 0.0], [-107.89776787633667, 39.06186860574607, 0.0], [-107.89747407682268, 39.061749805561824, 0.0], [-107.8971342101232, 39.06163207341891, 0.0], [-107.89687580961072, 39.06153040570145, 0.0], [-107.89666441022425, 39.061445606574466, 0.0], [-107.89653407683737, 39.06136767291329, 0.0], [-107.89630141039129, 39.061328473142126, 0.0], [-107.89609180916247, 39.06128860685223, 0.0], [-107.89605947607342, 39.061275606157416, 0.0]]}, "properties": {"gnisidlabel": "West Fork Bonita Surface Creek", "featuretypelabel": "Channel Line", "huc12": "140200050111"}}, {"type": "Feature", "geometry": {"type": "LineString", "coordinates": [[-107.92119847593675, 38.90151787327886, 0.0], [-107.92128747600393, 38.901155273317904, 0.0], [-107.92137927593612, 38.90086467347616, 0.0], [-107.92140947510761, 38.900755873033305, 0.0], [-107.9215074764653, 38.90061827282457, 0.0], [-107.92174727565798, 38.900279005898106, 0.0], [-107.92192341010445, 38.90007627278485, 0.0], [-107.92202201021249, 38.899947805813525, 0.0], [-107.9220754761137, 38.89984727289067, 0.0], [-107.92217387535977, 38.89971867298814, 0.0], [-107.92231887582595, 38.89959800657497, 0.0], [-107.92237267564596, 38.89950647236721, 0.0], [-107.92237127607196, 38.89947047317548, 0.0], [-107.9223564759364, 38.89938980604239, 0.0], [-107.9222940764138, 38.89927420600795, 0.0], [-107.92210020904201, 38.89904487368504, 0.0], [-107.92204967656274, 38.89893800599773, 0.0], [-107.92199547620343, 38.89874120577233, 0.0], [-107.92195280975832, 38.898544072487056, 0.0], [-107.92193241015279, 38.898328273361656, 0.0], [-107.92198041021321, 38.89809287277343, 0.0], [-107.92202741095905, 38.89783047284785, 0.0], [-107.92213961032014, 38.89747627310375, 0.0], [-107.92230207608858, 38.89722000610465, 0.0], [-107.92236380971909, 38.89703820642578, 0.0], [-107.92250380983465, 38.89680047219127, 0.0], [-107.92266961081093, 38.896625205894566, 0.0], [-107.92285647563331, 38.89640427287021, 0.0], [-107.92299820982876, 38.89620260635546, 0.0], [-107.92305087569925, 38.89608407320409, 0.0], [-107.92310067652433, 38.89589360635329, 0.0], [-107.92319221002153, 38.895594073008255, 0.0], [-107.923229010014, 38.89536787236406, 0.0], [-107.9232550757402, 38.895160072219504, 0.0], [-107.92324067537909, 38.89508827262414, 0.0], [-107.92322580980948, 38.89500760629629, 0.0], [-107.9231286098908, 38.894884006505265, 0.0], [-107.92290120952595, 38.89468247313516, 0.0], [-107.92277080969231, 38.89459560574082, 0.0], [-107.9227336095828, 38.89453347276495, 0.0], [-107.9227196102219, 38.89447067296393, 0.0], [-107.92271707518509, 38.89440780667639, 0.0], [-107.92273460927396, 38.89427220600506, 0.0], [-107.92288567662108, 38.89402507332834, 0.0], [-107.92297267591833, 38.893896805238114, 0.0], [-107.92306900972763, 38.893714205853925, 0.0], [-107.92323780975859, 38.89333167334053, 0.0], [-107.92335261093848, 38.89304047304514, 0.0], [-107.92339127551892, 38.892859273377745, 0.0]]}, "properties": {"gnisidlabel": "Surface Creek", "featuretypelabel": "Channel Line", "huc12": "140200050111"}}, {"type": "Feature", "geometry": {"type": "LineString", "coordinates": [[-107.85633227565907, 39.069866938773046, 0.0], [-107.85687727507087, 39.070138605565, 0.0], [-107.85725941058324, 39.07032327341778, 0.0], [-107.85770514291691, 39.070524072880026, 0.0], [-107.85793121003964, 39.07059420589582, 0.0], [-107.85823421004997, 39.070592538477584, 0.0], [-107.85853834377701, 39.07058680645972, 0.0]]}, "properties": {"gnisidlabel": null, "featuretypelabel": "Channel Line", "huc12": "140200050111"}}, {"type": "Feature", "geometry": {"type": "LineString", "coordinates": [[-107.92339127551892, 38.892859273377745, 0.0], [-107.92346380970547, 38.89265927271695, 0.0], [-107.92347687648068, 38.892415672935826, 0.0], [-107.92351220992916, 38.89215360614882, 0.0], [-107.92355087534193, 38.891972473065856, 0.0], [-107.92361367641783, 38.89181767301817, 0.0], [-107.92367680961699, 38.89167187273336, 0.0], [-107.9237070103623, 38.89156307342958, 0.0], [-107.9237368101598, 38.89144520667691, 0.0], [-107.92372047558315, 38.891328473537214, 0.0], [-107.92369247611603, 38.89121207325486, 0.0], [-107.92368820974711, 38.89110407372482, 0.0], [-107.92365921100462, 38.89096067321027, 0.0], [-107.92370080966677, 38.89085147295942, 0.0], [-107.92376441006898, 38.890714805972266, 0.0], [-107.92392821058276, 38.89049447273801, 0.0]]}, "properties": {"gnisidlabel": "Surface Creek", "featuretypelabel": "Channel Line", "huc12": "140200050111"}}, {"type": "Feature", "geometry": {"type": "LineString", "coordinates": [[-107.85113760927105, 39.01662347371776, 0.0], [-107.85114847578704, 39.01661280613971, 0.0], [-107.85115707588282, 39.01660347237328, 0.0], [-107.85117827557468, 39.016558006146674, 0.0], [-107.85117441103425, 39.016459006211655, 0.0], [-107.85114581089995, 39.01632447350918, 0.0], [-107.85107061048643, 39.016173206744824, 0.0], [-107.85101821062634, 39.01602127235228, 0.0], [-107.85094360946786, 39.01588800522779, 0.0], [-107.85087000899827, 39.01578167300284, 0.0], [-107.85081881074206, 39.015656805480475, 0.0], [-107.85078920943593, 39.015495405287744, 0.0], [-107.85073767618017, 39.0153614729506, 0.0], [-107.8506514097837, 39.01522847287628, 0.0], [-107.85052060966929, 39.01513247343963, 0.0], [-107.85036547628634, 39.01501020582863, 0.0], [-107.8501990107331, 39.014888206078126, 0.0], [-107.85002161007264, 39.014784405855714, 0.0], [-107.8498892100018, 39.014652472759714, 0.0], [-107.84976727685836, 39.01449327282765, 0.0], [-107.84964760983607, 39.014388206505416, 0.0], [-107.84957674259518, 39.01424460570673, 0.0]]}, "properties": {"gnisidlabel": null, "featuretypelabel": "Channel Line", "huc12": "140200050111"}}, {"type": "Feature", "geometry": {"type": "LineString", "coordinates": [[-107.95824127677152, 38.814849806553624, 0.0], [-107.95833227665972, 38.81468527357199, 0.0], [-107.95856207680903, 38.81448127304501, 0.0]]}, "properties": {"gnisidlabel": null, "featuretypelabel": "Channel Line", "huc12": "140200050105"}}, {"type": "Feature", "geometry": {"type": "LineString", "coordinates": [[-107.78526641082057, 39.04931067238308, 0.0], [-107.78526687585979, 39.04930980540789, 0.0], [-107.78528661041967, 39.04927767321084, 0.0], [-107.78537367587498, 39.04914060595362, 0.0], [-107.78541240929273, 39.04895040607516, 0.0], [-107.78547460959084, 39.04876880572184, 0.0], [-107.78547947569707, 39.04859747304033, 0.0], [-107.78546187550607, 39.04844467292562, 0.0], [-107.78539921047866, 39.04832007346303, 0.0], [-107.78531381000921, 39.04820500657346, 0.0], [-107.78519447659292, 39.048108673198776, 0.0], [-107.78507587580184, 39.04803047275446, 0.0], [-107.78486247688672, 39.04789140643572, 0.0], [-107.78463681008498, 39.04773460569223, 0.0], [-107.78445727567703, 39.04757680591624, 0.0], [-107.78434767687699, 39.047435272997035, 0.0], [-107.7842594752731, 39.04724807353223, 0.0], [-107.7841950109079, 39.0470784737068, 0.0], [-107.78416807660167, 39.04698007325156, 0.0], [-107.78412847621028, 39.046854873385776, 0.0], [-107.78412547589545, 39.046742273135514, 0.0]]}, "properties": {"gnisidlabel": null, "featuretypelabel": "Channel Line", "huc12": "140200050111"}}, {"type": "Feature", "geometry": {"type": "LineString", "coordinates": [[-107.81873934289546, 39.00073940598568, 0.0], [-107.81880927670416, 39.00076367290933, 0.0], [-107.81887481006734, 39.00078467229504, 0.0], [-107.81905027628068, 39.00084360556263, 0.0], [-107.81915521047506, 39.00086800611134, 0.0], [-107.81928167647744, 39.00085587301772, 0.0], [-107.81941881006172, 39.000816605952494, 0.0], [-107.81952081084152, 39.00076907304764, 0.0], [-107.81963540979419, 39.000748273366526, 0.0], [-107.81975207524603, 39.00078147258393, 0.0], [-107.81985947603643, 39.00086900602959, 0.0], [-107.81994207658906, 39.00091200564161, 0.0], [-107.82008220946612, 39.00095367296591, 0.0], [-107.8202405106845, 39.0009678481837, 0.0], [-107.82024087683968, 39.00096793932656, 0.0]]}, "properties": {"gnisidlabel": null, "featuretypelabel": "Channel Line", "huc12": "140200050111"}}, {"type": "Feature", "geometry": {"type": "LineString", "coordinates": [[-107.90199480951324, 39.04996160682569, 0.0], [-107.90188801000816, 39.04989220617441, 0.0], [-107.90180567616515, 39.04985820558043, 0.0], [-107.9016764752055, 39.04980740552009, 0.0], [-107.90154621038424, 39.04972960607646, 0.0], [-107.90139481051465, 39.049697273469164, 0.0], [-107.9011616104121, 39.04964900623339, 0.0], [-107.90093007556402, 39.049636805550485, 0.0], [-107.90066467590708, 39.04964327320812, 0.0], [-107.90052661074454, 39.04963327298062, 0.0]]}, "properties": {"gnisidlabel": null, "featuretypelabel": "Channel Line", "huc12": "140200050111"}}, {"type": "Feature", "geometry": {"type": "LineString", "coordinates": [[-107.85853834377701, 39.07058680645972, 0.0], [-107.8585730756061, 39.070534872900595, 0.0], [-107.85860701063612, 39.070484473279244, 0.0], [-107.8587176768211, 39.07036460620218, 0.0], [-107.85892047583721, 39.07023347317513, 0.0], [-107.85905527619288, 39.07014007282484, 0.0], [-107.85916760902069, 39.070056273094394, 0.0], [-107.85928007620475, 39.069981473476965, 0.0], [-107.8594396096033, 39.06992347352124, 0.0], [-107.8595990098124, 39.069865473014666, 0.0], [-107.85970081006313, 39.069809005776655, 0.0], [-107.85980067557098, 39.06970747286451, 0.0], [-107.85987387603616, 39.06951647269849, 0.0], [-107.8599612106629, 39.06938820603316, 0.0], [-107.86006140985744, 39.069295672733645, 0.0], [-107.86020900999776, 39.069229006182255, 0.0], [-107.86033327603717, 39.069162805946625, 0.0], [-107.860411676704, 39.06909780629254, 0.0], [-107.86055667588522, 39.06896820647935, 0.0], [-107.8606784756432, 39.06883900578822, 0.0], [-107.86081347565072, 39.06874560575161, 0.0], [-107.86105227519563, 39.068649673131446, 0.0], [-107.86125687684222, 39.06856360582404, 0.0], [-107.86146401085459, 39.06854047354592, 0.0], [-107.86152974329714, 39.06854060613186, 0.0]]}, "properties": {"gnisidlabel": null, "featuretypelabel": "Channel Line", "huc12": "140200050111"}}, {"type": "Feature", "geometry": {"type": "LineString", "coordinates": [[-107.83861821007196, 39.065842938924014, 0.0], [-107.8383976091349, 39.06559147264739, 0.0], [-107.83814180990015, 39.0653511388563, 0.0], [-107.8381250757186, 39.065043673300025, 0.0], [-107.83795227621782, 39.06462160577295, 0.0], [-107.83770227604666, 39.064232938553026, 0.0], [-107.83708487569827, 39.06372540537391, 0.0], [-107.83670274330623, 39.06352967261578, 0.0], [-107.83620074299084, 39.063329139066965, 0.0], [-107.8358890100683, 39.063120605431884, 0.0]]}, "properties": {"gnisidlabel": null, "featuretypelabel": "Channel Line", "huc12": "140200050111"}}, {"type": "Feature", "geometry": {"type": "LineString", "coordinates": [[-107.77684147570326, 39.0409590728758, 0.0], [-107.7771354752515, 39.04072147306411, 0.0], [-107.77750707627285, 39.040511005466506, 0.0], [-107.77795694311071, 39.04039347299659, 0.0], [-107.77844287579217, 39.04038567367392, 0.0], [-107.77868920959327, 39.040362472984754, 0.0], [-107.7789069424266, 39.04027907301663, 0.0], [-107.77923520945524, 39.03992593917566, 0.0], [-107.77938827612226, 39.03968900603698, 0.0], [-107.77954881059804, 39.039506939217205, 0.0], [-107.77961354318342, 39.039444473297046, 0.0]]}, "properties": {"gnisidlabel": null, "featuretypelabel": "Channel Line", "huc12": "140200050111"}}, {"type": "Feature", "geometry": {"type": "LineString", "coordinates": [[-107.79761540946657, 39.03177280570556, 0.0], [-107.79776887579692, 39.03159080653358, 0.0], [-107.7979218091969, 39.03134833939812, 0.0], [-107.79823701069131, 39.031132538882844, 0.0], [-107.79846580979304, 39.03069200611362, 0.0], [-107.7987366098715, 39.03022373900701, 0.0], [-107.79891667564286, 39.02985487326878, 0.0], [-107.7990122757071, 39.029486339230026, 0.0], [-107.79906307630526, 39.0292434060574, 0.0]]}, "properties": {"gnisidlabel": null, "featuretypelabel": "Channel Line", "huc12": "140200050111"}}, {"type": "Feature", "geometry": {"type": "LineString", "coordinates": [[-107.86066894181533, 39.05815653840392, 0.0], [-107.86182314349871, 39.05633767312982, 0.0]]}, "properties": {"gnisidlabel": null, "featuretypelabel": "Surface Connector", "huc12": "140200050111"}}, {"type": "Feature", "geometry": {"type": "LineString", "coordinates": [[-107.96434167584661, 38.80643820578099, 0.0], [-107.96414067612179, 38.80622707260092, 0.0], [-107.96400540990845, 38.80610440562992, 0.0], [-107.96374680967206, 38.8059262730615, 0.0], [-107.96314187615926, 38.805563272636824, 0.0], [-107.96282321008727, 38.80534600559723, 0.0], [-107.96259687642663, 38.805095005181734, 0.0], [-107.96253021018504, 38.80498860639055, 0.0], [-107.9624242754879, 38.80473907362663, 0.0], [-107.96239567601387, 38.80461820599023, 0.0], [-107.96237707690238, 38.8038394057189, 0.0], [-107.96234207638236, 38.8035744060756, 0.0], [-107.96228421019298, 38.803485806407735, 0.0], [-107.96214341013147, 38.803358805439494, 0.0], [-107.9619166105031, 38.80323840609197, 0.0], [-107.96184601082192, 38.80318160599286, 0.0], [-107.96182221039672, 38.8031416726822, 0.0], [-107.96172220981454, 38.80281987291197, 0.0], [-107.96163001081497, 38.802299673180386, 0.0], [-107.96156587585357, 38.80206260523788, 0.0], [-107.96152927543139, 38.80197800623787, 0.0], [-107.9614102092219, 38.80180080584637, 0.0], [-107.96124480939292, 38.80162927341276, 0.0], [-107.96098261022667, 38.80143767234557, 0.0], [-107.9606994762016, 38.80130080638949, 0.0], [-107.96012467606306, 38.80109467286228, 0.0], [-107.9599296101445, 38.80095100614651, 0.0], [-107.95973540988747, 38.800775672817025, 0.0], [-107.95970047592414, 38.80071807344009, 0.0], [-107.95965027584742, 38.800413005570896, 0.0], [-107.95963287629813, 38.800053073384625, 0.0], [-107.95966207511948, 38.799899072793565, 0.0], [-107.95972327539835, 38.79975340600064, 0.0], [-107.95981467698599, 38.799638472783094, 0.0], [-107.9599504101927, 38.799545005753984, 0.0], [-107.96025920947696, 38.79940207262275, 0.0], [-107.96029740979226, 38.79935600643269, 0.0], [-107.96038541040578, 38.79907907248332, 0.0], [-107.96040227609646, 38.79894800620611, 0.0], [-107.96038787616975, 38.798853673496666, 0.0], [-107.96033760957286, 38.798746873603015, 0.0], [-107.96027707540298, 38.79866727293234, 0.0], [-107.96020507501954, 38.798601605386644, 0.0], [-107.95990387591947, 38.79840200575145, 0.0], [-107.9597608101208, 38.79828407263511, 0.0], [-107.95962227558316, 38.79813887294616, 0.0], [-107.95955747551427, 38.79803700600875, 0.0], [-107.95936460950634, 38.79731200578192, 0.0], [-107.95938240953228, 38.797248473101625, 0.0], [-107.95950227660421, 38.79710587335619, 0.0], [-107.95951887634382, 38.797001805962, 0.0], [-107.9594060761612, 38.79654527233781, 0.0], [-107.95934167670033, 38.79638467218168, 0.0], [-107.95927841063484, 38.79627820576521, 0.0], [-107.95917960977782, 38.79616360660727, 0.0], [-107.9590582755018, 38.796058606468144, 0.0], [-107.95896287639809, 38.79600240596222, 0.0], [-107.9588548095623, 38.79596907341824, 0.0], [-107.95873207560311, 38.79595867298595, 0.0], [-107.95858120981464, 38.795976072892124, 0.0], [-107.95845661021818, 38.79599720614239, 0.0], [-107.95824067631816, 38.79606120518636, 0.0], [-107.95815320952148, 38.79605447361845, 0.0], [-107.95796247697963, 38.79600080669212, 0.0]]}, "properties": {"gnisidlabel": "Alfalfa Run", "featuretypelabel": "Channel Line", "huc12": "140200050105"}}, {"type": "Feature", "geometry": {"type": "LineString", "coordinates": [[-107.86963681068184, 39.065744872463064, 0.0], [-107.86968080991025, 39.06568967235511, 0.0], [-107.86965481012633, 39.06561827292051, 0.0], [-107.86960541095037, 39.065538473259465, 0.0], [-107.86956740961394, 39.06545827306695, 0.0], [-107.86956307608466, 39.06535027286757, 0.0], [-107.86962967540977, 39.06528560640189, 0.0], [-107.86973147573575, 39.06522907287552, 0.0], [-107.8698234756529, 39.065217805363375, 0.0], [-107.86991580993245, 39.06521547358907, 0.0], [-107.87001007608833, 39.06525827293853, 0.0], [-107.87010420909321, 39.06530100612095, 0.0], [-107.87018607548295, 39.06532600554052, 0.0], [-107.87025581004657, 39.06533320574261, 0.0], [-107.87031241044119, 39.065304806413536, 0.0], [-107.87032167606382, 39.065250605800074, 0.0], [-107.87030647566172, 39.06516080555724, 0.0], [-107.87030320998333, 39.065079805818684, 0.0], [-107.87032487715665, 39.06504327339188, 0.0], [-107.87039187647143, 39.06498747312481, 0.0], [-107.87047281077609, 39.06498560641696, 0.0], [-107.8705308757958, 39.0649932065404, 0.0], [-107.8706000765067, 39.06499140627825, 0.0], [-107.87065667645146, 39.0649630058958, 0.0], [-107.87068921016835, 39.064908073465325, 0.0], [-107.87074547638657, 39.06487067325464, 0.0], [-107.8707902097198, 39.064833673368746, 0.0], [-107.87083301012463, 39.064751472943954, 0.0], [-107.870840210661, 39.064643205753995, 0.0], [-107.87084927665866, 39.06457987318309, 0.0], [-107.87083480970581, 39.06450820608768, 0.0]]}, "properties": {"gnisidlabel": null, "featuretypelabel": "Channel Line", "huc12": "140200050111"}}, {"type": "Feature", "geometry": {"type": "LineString", "coordinates": [[-107.8706595427627, 39.00592793843091, 0.0], [-107.87036981018532, 39.00579240666933, 0.0], [-107.87020007594379, 39.005700006037074, 0.0], [-107.8698954096662, 39.00548220589395, 0.0], [-107.86950514241765, 39.0051330737414, 0.0], [-107.8690506762072, 39.00474100597674, 0.0]]}, "properties": {"gnisidlabel": null, "featuretypelabel": "Channel Line", "huc12": "140200050111"}}, {"type": "Feature", "geometry": {"type": "LineString", "coordinates": [[-107.8469405432414, 39.04689247271693, 0.0], [-107.84736627636876, 39.046450739509226, 0.0], [-107.84761594236633, 39.04600993947549, 0.0], [-107.84787160951177, 39.04544833876227, 0.0], [-107.84799500936991, 39.04506867356802, 0.0], [-107.8480054767334, 39.044656672754286, 0.0], [-107.84813620963332, 39.04430440555272, 0.0], [-107.84818274302489, 39.04410893855306, 0.0]]}, "properties": {"gnisidlabel": null, "featuretypelabel": "Channel Line", "huc12": "140200050111"}}, {"type": "Feature", "geometry": {"type": "LineString", "coordinates": [[-107.77592607695304, 39.04421267279916, 0.0], [-107.7758980768741, 39.04408720620023, 0.0], [-107.77588087609966, 39.0439434723149, 0.0], [-107.77587500967691, 39.04379047289545, 0.0], [-107.77592667646066, 39.04363607343369, 0.0], [-107.77596467621379, 39.04342787288447, 0.0], [-107.77598080919995, 39.04324740599843, 0.0], [-107.77596387526886, 39.0431126054699, 0.0], [-107.77593660986118, 39.043005206199716, 0.0], [-107.7758606100426, 39.04283580584228, 0.0], [-107.7757954758402, 39.0426482059482, 0.0], [-107.77577787683995, 39.042495405743, 0.0], [-107.77572467673345, 39.04231647299567, 0.0], [-107.77568240994074, 39.04211927336914, 0.0], [-107.77561881032177, 39.04196767315135, 0.0], [-107.775599409377, 39.04176987307103, 0.0], [-107.77558147546885, 39.04160820593269, 0.0], [-107.77556261006808, 39.04141947334159, 0.0], [-107.77548741029878, 39.04126807269987, 0.0], [-107.7754798757284, 39.0410790729555, 0.0], [-107.7754158105128, 39.04091840521644, 0.0], [-107.77540780945716, 39.040711406491894, 0.0], [-107.77537727633334, 39.04052300663749, 0.0], [-107.77534687563436, 39.04033447298323, 0.0], [-107.7753510104542, 39.040145206135946, 0.0], [-107.77535581047972, 39.039973873157386, 0.0], [-107.77539627671719, 39.03982880643404, 0.0], [-107.77543647560684, 39.0396746730062, 0.0], [-107.77551267610565, 39.03955567355906, 0.0], [-107.77560187632952, 39.039472472921645, 0.0], [-107.77573721035131, 39.03938820595604, 0.0], [-107.77591827559641, 39.039293806332985, 0.0], [-107.77608801018451, 39.03919967270985, 0.0], [-107.77632860902, 39.03914887376577, 0.0], [-107.7765578754468, 39.039107405638916, 0.0], [-107.77678740938731, 39.03906587303168, 0.0], [-107.77696580992584, 39.03907507315282, 0.0]]}, "properties": {"gnisidlabel": null, "featuretypelabel": "Channel Line", "huc12": "140200050111"}}, {"type": "Feature", "geometry": {"type": "LineString", "coordinates": [[-107.82261074210068, 39.0526783389442, 0.0], [-107.82312387539244, 39.052549406758345, 0.0], [-107.823720810468, 39.05232653921817, 0.0], [-107.82456200966388, 39.05184433896669, 0.0], [-107.82503960967848, 39.051677073222486, 0.0], [-107.82557141008459, 39.05125687371325, 0.0], [-107.82582254223144, 39.050983273138165, 0.0]]}, "properties": {"gnisidlabel": null, "featuretypelabel": "Channel Line", "huc12": "140200050111"}}, {"type": "Feature", "geometry": {"type": "LineString", "coordinates": [[-107.78916900942535, 39.04018467323935, 0.0], [-107.78977320989152, 39.040417873540214, 0.0]]}, "properties": {"gnisidlabel": null, "featuretypelabel": "Waterbody Connector", "huc12": "140200050111"}}, {"type": "Feature", "geometry": {"type": "LineString", "coordinates": [[-107.85900247596807, 39.06438160678128, 0.0], [-107.85949547668442, 39.06435693950699, 0.0], [-107.85998814281243, 39.064299273254484, 0.0], [-107.86041121009066, 39.06434093866471, 0.0], [-107.8609748094526, 39.06433780572869, 0.0], [-107.86152547589695, 39.064455606344055, 0.0], [-107.86213187595857, 39.06450720626874, 0.0], [-107.86329174278754, 39.064995139506436, 0.0], [-107.86395667646049, 39.06528253868607, 0.0], [-107.86433240975023, 39.06553313929992, 0.0], [-107.86496927643506, 39.06583720519982, 0.0], [-107.86532240964347, 39.06593413905221, 0.0], [-107.86617074290582, 39.06624247271866, 0.0], [-107.86668160942484, 39.06633040626463, 0.0]]}, "properties": {"gnisidlabel": null, "featuretypelabel": "Channel Line", "huc12": "140200050111"}}, {"type": "Feature", "geometry": {"type": "LineString", "coordinates": [[-107.86800547543875, 39.01172200631998, 0.0], [-107.86794641107998, 39.01167807318583, 0.0], [-107.86792167548938, 39.01166067281389, 0.0], [-107.86774680951042, 39.01162000658675, 0.0], [-107.86755181015602, 39.01165180627546, 0.0], [-107.86729841012155, 39.01166700529476, 0.0], [-107.86703447635286, 39.01170960598894, 0.0], [-107.86683867524204, 39.01172340625488, 0.0], [-107.8665962096424, 39.01172027363471, 0.0], [-107.8663770109276, 39.011725806193176, 0.0], [-107.8661236103293, 39.01174100537614, 0.0], [-107.86584587547989, 39.01172980596508, 0.0], [-107.8656260101279, 39.01171720581185, 0.0], [-107.8654414102396, 39.01172167254174, 0.0], [-107.86533621016, 39.01168820544289, 0.0], [-107.8652186105108, 39.01163700524628, 0.0], [-107.86512301006199, 39.01155827331283, 0.0], [-107.8650044102456, 39.01148020657235, 0.0], [-107.86490947578947, 39.01141947334531, 0.0]]}, "properties": {"gnisidlabel": null, "featuretypelabel": "Channel Line", "huc12": "140200050111"}}, {"type": "Feature", "geometry": {"type": "LineString", "coordinates": [[-107.7824868754504, 39.02725400595125, 0.0], [-107.78246301066432, 39.02738067323628, 0.0], [-107.78243261082112, 39.027489472919235, 0.0], [-107.78235747644483, 39.02763560564526, 0.0], [-107.78223547663762, 39.02776447302485, 0.0], [-107.78213440922562, 39.027839005908326, 0.0], [-107.78204567641465, 39.02793127330744, 0.0], [-107.78194501015614, 39.02801480645141, 0.0], [-107.78184567587168, 39.028134272929464, 0.0], [-107.78174607514791, 39.02824480595867, 0.0], [-107.7816446760607, 39.02831020661547, 0.0], [-107.7815084104699, 39.02836760580184, 0.0], [-107.78137241014427, 39.02843380579277, 0.0], [-107.78125907554607, 39.02849060615557, 0.0], [-107.78120361030855, 39.02854600580179, 0.0], [-107.7812176090833, 39.02860867238522, 0.0]]}, "properties": {"gnisidlabel": null, "featuretypelabel": "Channel Line", "huc12": "140200050111"}}, {"type": "Feature", "geometry": {"type": "LineString", "coordinates": [[-107.80545267624727, 39.02691980631992, 0.0], [-107.80567880971627, 39.02679727261367, 0.0], [-107.80587101084247, 39.026693472526105, 0.0], [-107.8060174755512, 39.026599872323004, 0.0], [-107.80608427531656, 39.02653527286096, 0.0], [-107.80617087617087, 39.02638900612199, 0.0], [-107.80623400972149, 39.026234273626535, 0.0], [-107.80627447606595, 39.02608907336362, 0.0], [-107.80636147702047, 39.02595200591285, 0.0], [-107.80644801051575, 39.02580567302645, 0.0], [-107.80654587629051, 39.02565020591006, 0.0], [-107.80666747621324, 39.02551207272604, 0.0], [-107.80682300984536, 39.02535520597597, 0.0], [-107.80700287604385, 39.0252338055034, 0.0], [-107.80717167632312, 39.02512160644589, 0.0], [-107.80732967722224, 39.02502767365147, 0.0], [-107.80748961026974, 39.02497873849678, 0.0]]}, "properties": {"gnisidlabel": null, "featuretypelabel": "Channel Line", "huc12": "140200050111"}}, {"type": "Feature", "geometry": {"type": "LineString", "coordinates": [[-107.83262667628642, 39.01527140597214, 0.0], [-107.83268281006343, 39.01523407334912, 0.0], [-107.83276227632574, 39.01519607278931, 0.0], [-107.83289807690944, 39.01512967333544, 0.0], [-107.83296521023101, 39.01507407322317, 0.0], [-107.83300807567761, 39.01499187272083, 0.0]]}, "properties": {"gnisidlabel": null, "featuretypelabel": "Channel Line", "huc12": "140200050111"}}, {"type": "Feature", "geometry": {"type": "LineString", "coordinates": [[-107.89660067612219, 39.05790660591428, 0.0], [-107.8965284100452, 39.05783627270406, 0.0], [-107.89639920935481, 39.05778547236976, 0.0], [-107.8962938102364, 39.05775207282887, 0.0], [-107.89622081021074, 39.057663805676725, 0.0], [-107.89613600950824, 39.05756680577305, 0.0], [-107.89599421004142, 39.057489205889496, 0.0], [-107.89581841023522, 39.05743060635858, 0.0], [-107.89558427560513, 39.057355273508584, 0.0], [-107.89537321055518, 39.057279406611485, 0.0], [-107.89520747564288, 39.057184472802376, 0.0], [-107.8949954097044, 39.05708160524167, 0.0], [-107.8947724107366, 39.05699707258329, 0.0], [-107.89459480974749, 39.05689340665644, 0.0], [-107.89445227666161, 39.05679780621223, 0.0], [-107.89436767544933, 39.05670987285054, 0.0], [-107.89428180999764, 39.05658587314428, 0.0], [-107.89420807602473, 39.056479606037676, 0.0], [-107.89421527569142, 39.05637120624827, 0.0], [-107.89422227663535, 39.056263005083814, 0.0], [-107.89422947557372, 39.05615467287579, 0.0], [-107.89423920996447, 39.056109473186666, 0.0], [-107.89417900965232, 39.05604787287283, 0.0], [-107.89409740975411, 39.05603187273085, 0.0], [-107.89401767604863, 39.056060873290264, 0.0], [-107.89390381076805, 39.05609967265348, 0.0], [-107.89378787611861, 39.056093672581476, 0.0], [-107.89364800938462, 39.05606107336827, 0.0], [-107.89353000997446, 39.056000872825386, 0.0], [-107.89344627627612, 39.055930872818244, 0.0], [-107.89335061002882, 39.05585220608941, 0.0], [-107.89326827652134, 39.05581820581041, 0.0], [-107.89316467576514, 39.05582980673207, 0.0], [-107.89308361025391, 39.055822805991255, 0.0], [-107.8930016768284, 39.05579780627283, 0.0], [-107.89292087608594, 39.055799805925616, 0.0], [-107.8928304098521, 39.05584707276507, 0.0], [-107.89271747545357, 39.05591300604123, 0.0], [-107.89255887603521, 39.05598900595057, 0.0], [-107.89236487627265, 39.056047873761926, 0.0], [-107.89217007610189, 39.05608867308216, 0.0], [-107.8920100102871, 39.05612880644449, 0.0], [-107.8918372097985, 39.056142073111864, 0.0], [-107.89166441001038, 39.05615527374101, 0.0], [-107.8915382102008, 39.056176472628074, 0.0]]}, "properties": {"gnisidlabel": null, "featuretypelabel": "Channel Line", "huc12": "140200050111"}}, {"type": "Feature", "geometry": {"type": "LineString", "coordinates": [[-107.87237914307543, 39.01138607310118, 0.0], [-107.87187267623924, 39.011400005958905, 0.0], [-107.87109867548656, 39.011410006540906, 0.0], [-107.87056394362297, 39.011418538907876, 0.0], [-107.8700291435059, 39.0114161390121, 0.0], [-107.86942467643347, 39.01149100533203, 0.0], [-107.86908701034137, 39.011498473507935, 0.0], [-107.86875641080631, 39.01151687305959, 0.0], [-107.8686161420112, 39.01156707255879, 0.0], [-107.8684688757713, 39.01161733957727, 0.0], [-107.86828640962848, 39.01166780588183, 0.0], [-107.86800547543875, 39.01172200631998, 0.0]]}, "properties": {"gnisidlabel": null, "featuretypelabel": "Channel Line", "huc12": "140200050111"}}, {"type": "Feature", "geometry": {"type": "LineString", "coordinates": [[-107.86733207523201, 39.05840893909008, 0.0], [-107.86815467604478, 39.05822860662517, 0.0], [-107.86863307605721, 39.05816007269413, 0.0], [-107.86927367637344, 39.05810707353115, 0.0], [-107.87010527629631, 39.05814087297945, 0.0], [-107.87072414290392, 39.05802207299067, 0.0], [-107.87130187559723, 39.05802433880142, 0.0], [-107.87178041030904, 39.057966738992924, 0.0], [-107.87247154335006, 39.05804520613651, 0.0], [-107.87281187566713, 39.05828500560526, 0.0], [-107.87318060927754, 39.058546606229754, 0.0], [-107.87323800979588, 39.0586561392756, 0.0], [-107.87343654336357, 39.058792338738776, 0.0], [-107.87363487562473, 39.05895947310852, 0.0]]}, "properties": {"gnisidlabel": null, "featuretypelabel": "Channel Line", "huc12": "140200050111"}}, {"type": "Feature", "geometry": {"type": "LineString", "coordinates": [[-107.87588601015331, 39.00780060555266, 0.0], [-107.87574421016386, 39.007734273456364, 0.0], [-107.8756194758572, 39.00769180657631, 0.0]]}, "properties": {"gnisidlabel": null, "featuretypelabel": "Channel Line", "huc12": "140200050111"}}, {"type": "Feature", "geometry": {"type": "LineString", "coordinates": [[-107.85272074290445, 39.02307707283948, 0.0], [-107.8523320759641, 39.02227620626424, 0.0], [-107.85221854339551, 39.0220422732668, 0.0], [-107.85201774353344, 39.02164260642787, 0.0], [-107.85191480953875, 39.02116553949782, 0.0], [-107.85193181050198, 39.020715273108266, 0.0], [-107.85192174293924, 39.02039140566755, 0.0], [-107.85189820989328, 39.020128005388635, 0.0], [-107.85191087616518, 39.020067073081606, 0.0]]}, "properties": {"gnisidlabel": null, "featuretypelabel": "Channel Line", "huc12": "140200050111"}}, {"type": "Feature", "geometry": {"type": "LineString", "coordinates": [[-107.85325621020871, 39.05841500634016, 0.0], [-107.85232807632825, 39.05861773949858, 0.0], [-107.85105241051902, 39.05855327321976, 0.0], [-107.85010160955099, 39.058585872339705, 0.0], [-107.84956541058983, 39.058500872622, 0.0], [-107.84914794243002, 39.0582944061218, 0.0], [-107.84882160972658, 39.058038072597476, 0.0], [-107.84857141048806, 39.05763293925199, 0.0], [-107.84846347619482, 39.05737247294486, 0.0]]}, "properties": {"gnisidlabel": null, "featuretypelabel": "Channel Line", "huc12": "140200050111"}}, {"type": "Feature", "geometry": {"type": "LineString", "coordinates": [[-107.83665727584497, 39.02429513921369, 0.0], [-107.83695467560784, 39.02367833886017, 0.0], [-107.83707214276673, 39.02341407249608, 0.0], [-107.83704161019354, 39.02314507321953, 0.0], [-107.83689167602783, 39.022909672811465, 0.0], [-107.83668534324116, 39.02266360599948, 0.0], [-107.83650754300078, 39.022455805746056, 0.0], [-107.83641527607753, 39.02237393925239, 0.0], [-107.83618200937504, 39.0222708062642, 0.0], [-107.83601907602905, 39.02216180660918, 0.0], [-107.83587027593218, 39.021971873620764, 0.0]]}, "properties": {"gnisidlabel": null, "featuretypelabel": "Channel Line", "huc12": "140200050111"}}, {"type": "Feature", "geometry": {"type": "LineString", "coordinates": [[-107.95330407613474, 38.812218673407, 0.0], [-107.95366307635737, 38.81149267293974, 0.0]]}, "properties": {"gnisidlabel": null, "featuretypelabel": "Waterbody Connector", "huc12": "140200050105"}}, {"type": "Feature", "geometry": {"type": "LineString", "coordinates": [[-107.81510281026952, 39.006984073100625, 0.0], [-107.8152750763433, 39.00696187330503, 0.0], [-107.81548127643771, 39.00692080584327, 0.0], [-107.8156980099267, 39.00685260595635, 0.0], [-107.81590347596045, 39.006793605820576, 0.0], [-107.81614421027336, 39.00675167328371, 0.0], [-107.81629427504362, 39.006748073283354, 0.0], [-107.81652527646486, 39.006751472668704, 0.0], [-107.81677881021629, 39.006736405427276, 0.0], [-107.81702087580747, 39.006730473371434, 0.0], [-107.81721567623276, 39.006689806252304, 0.0], [-107.81743547567999, 39.006702472794, 0.0], [-107.81762007524243, 39.006698006707396, 0.0], [-107.81774587644738, 39.00666787309937, 0.0], [-107.81787147674733, 39.00662887298889, 0.0], [-107.81796047619387, 39.006545605871146, 0.0], [-107.81803867651591, 39.006480672818554, 0.0], [-107.81819767544039, 39.00641380538139, 0.0], [-107.81831387668313, 39.00642907377963, 0.0], [-107.81840747562562, 39.00646280572981, 0.0], [-107.81865121004887, 39.00649287340153, 0.0], [-107.81888367589573, 39.006532405887086, 0.0], [-107.8190802095665, 39.00653660572386, 0.0], [-107.81925247551763, 39.00651440637596, 0.0], [-107.81938907610366, 39.00646607279407, 0.0], [-107.81957187656762, 39.00641660543392, 0.0], [-107.81984661076423, 39.006355872563226, 0.0], [-107.82005460983441, 39.00635987270387, 0.0], [-107.82023960973788, 39.006364405451784, 0.0], [-107.82044607655047, 39.00633240662653, 0.0], [-107.82064147540562, 39.00630960681467, 0.0], [-107.82082460952851, 39.00626920605426, 0.0], [-107.82098327608387, 39.00619327257014, 0.0], [-107.82111921095166, 39.00612687280862, 0.0], [-107.82124321064552, 39.006051805827774, 0.0], [-107.82137907608107, 39.005985473214366, 0.0], [-107.82143387654605, 39.00591207266138, 0.0], [-107.82150027627543, 39.00583840576192, 0.0], [-107.82161307512985, 39.00577260593311, 0.0], [-107.821749409492, 39.00571527240533, 0.0], [-107.82188461088197, 39.005630873207316, 0.0], [-107.82202921007455, 39.005492273097595, 0.0], [-107.82211801044615, 39.00540000583629, 0.0], [-107.8222292760246, 39.00529820631201, 0.0], [-107.82233861009514, 39.00514247297792, 0.0], [-107.82243880995003, 39.00504987273897, 0.0], [-107.8225288750776, 39.00499367294209, 0.0], [-107.82262087605852, 39.0049824066242, 0.0], [-107.82271167530222, 39.004944206126055, 0.0], [-107.82279001038391, 39.00487927298718, 0.0], [-107.82283367622955, 39.00481520541714, 0.0], [-107.82294680993355, 39.004758272838124, 0.0], [-107.82302761043988, 39.00475640630089, 0.0], [-107.82313207635809, 39.00477187301005, 0.0], [-107.8232718765907, 39.00480447318702, 0.0], [-107.82335201002552, 39.004784472935135, 0.0], [-107.82345467612507, 39.00475507279966, 0.0], [-107.82355820915029, 39.0047436057241, 0.0], [-107.82367501056186, 39.00477667236387, 0.0], [-107.82382640942315, 39.00480907291723, 0.0], [-107.82400120931777, 39.004850005546444, 0.0], [-107.82421060936568, 39.00488987266131, 0.0], [-107.82434901000249, 39.004886472827984, 0.0], [-107.82446480929404, 39.00489280605492, 0.0], [-107.82460541035725, 39.00494327359212, 0.0], [-107.82480221087285, 39.00495660604251, 0.0], [-107.82500040948122, 39.00500587292309, 0.0], [-107.82526747629656, 39.005044405540346, 0.0], [-107.82546427579572, 39.005057673826606, 0.0], [-107.82561607587459, 39.00509907316087, 0.0], [-107.8257446765285, 39.005141005805676, 0.0]]}, "properties": {"gnisidlabel": null, "featuretypelabel": "Channel Line", "huc12": "140200050111"}}, {"type": "Feature", "geometry": {"type": "LineString", "coordinates": [[-107.87523301053491, 39.00087687224092, 0.0], [-107.8750362764632, 39.00086380632369, 0.0], [-107.87485167572457, 39.00086827322709, 0.0], [-107.87467727597014, 39.000836605539114, 0.0], [-107.87454847534323, 39.000794672711706, 0.0], [-107.87446447593005, 39.000715673044496, 0.0], [-107.87438047555229, 39.00063667333719, 0.0], [-107.87430687512848, 39.00053040643169, 0.0], [-107.87422140930526, 39.00041540592234, 0.0], [-107.87407827554671, 39.000301805467345, 0.0], [-107.87391247517097, 39.00019767349444, 0.0], [-107.87374807575577, 39.00012967328827, 0.0], [-107.87358441073467, 39.000079806033916, 0.0], [-107.87343227672625, 39.00002940658172, 0.0], [-107.87328381042528, 38.999983473272025, 0.0], [-107.87316107548719, 38.999891873315555, 0.0], [-107.87309980976036, 38.999803273618554, 0.0], [-107.87279041048926, 38.99957680546035, 0.0], [-107.87250307514371, 38.999322606388894, 0.0], [-107.8722540103837, 38.999157473319585, 0.0], [-107.87196267585892, 38.999092605974475, 0.0], [-107.87150821007005, 38.99898667340394, 0.0], [-107.87110160947383, 38.998924606053635, 0.0], [-107.87075121010133, 38.998825073252135, 0.0], [-107.87037847608407, 38.99874420637008, 0.0], [-107.87007861088534, 38.99875167294633, 0.0], [-107.86966380950057, 38.99877087340514, 0.0], [-107.86935267683656, 38.99878747310318, 0.0], [-107.86895787608371, 38.99873420596764, 0.0], [-107.86852720920692, 38.998645673234954, 0.0], [-107.86820320933498, 38.99862660545745, 0.0], [-107.86788887643002, 38.99856227293322, 0.0], [-107.86771507627321, 38.99854860602254, 0.0], [-107.86749627582859, 38.99856287269903, 0.0]]}, "properties": {"gnisidlabel": null, "featuretypelabel": "Channel Line", "huc12": "140200050111"}}, {"type": "Feature", "geometry": {"type": "LineString", "coordinates": [[-107.86546514290153, 39.06838327278937, 0.0], [-107.86547907618638, 39.06837880586249, 0.0], [-107.86565020973164, 39.06832047257348, 0.0], [-107.86579727527158, 39.068244805950116, 0.0], [-107.86596680976764, 39.06815060560765, 0.0], [-107.86614901055236, 39.068083005785844, 0.0], [-107.86631927555376, 39.068006673263994, 0.0], [-107.86645380965447, 39.06790427293592, 0.0], [-107.86649561009014, 39.06779520614793, 0.0], [-107.86653420919177, 39.067605005459306, 0.0], [-107.86656187641853, 39.067433205931046, 0.0], [-107.86656941052682, 39.067333872996265, 0.0], [-107.8666112104989, 39.06722480617667, 0.0], [-107.86669920957321, 39.06711460545171, 0.0], [-107.86683327586836, 39.067003073065216, 0.0], [-107.8669104768207, 39.066911072797964, 0.0], [-107.86698847571122, 39.066837073375545, 0.0]]}, "properties": {"gnisidlabel": null, "featuretypelabel": "Channel Line", "huc12": "140200050111"}}, {"type": "Feature", "geometry": {"type": "LineString", "coordinates": [[-107.84733107589945, 39.02543587333692, 0.0], [-107.84733101395226, 39.02524432564447, 0.0], [-107.84728315700028, 39.02513414264553, 0.0], [-107.84722759279974, 39.025039685702744, 0.0], [-107.84718869881574, 39.02496745392046, 0.0], [-107.84721092494985, 39.02487577511944, 0.0], [-107.84724148414038, 39.024789652208014, 0.0], [-107.84727482023283, 39.02470075064888, 0.0], [-107.84731093719618, 39.02464518649761, 0.0], [-107.84733316366227, 39.02458962472047, 0.0], [-107.84733316378674, 39.02449794649419, 0.0], [-107.84727204260571, 39.0244284919316, 0.0], [-107.8472609309, 39.02435070313364, 0.0], [-107.8472609305971, 39.02424235467085, 0.0], [-107.84724148395269, 39.02415067579971, 0.0], [-107.84731927221902, 39.024042328035584, 0.0], [-107.84730815964896, 39.02397009780882, 0.0], [-107.84724981773965, 39.02390064289928, 0.0], [-107.84713869196224, 39.023786737724485, 0.0], [-107.8469331089657, 39.02372561966428, 0.0], [-107.84679697902294, 39.02363393834709, 0.0], [-107.8467275246793, 39.02353670415648, 0.0], [-107.84664695894519, 39.02343946921363, 0.0], [-107.84663029028304, 39.0233450106656, 0.0], [-107.84664973742463, 39.02325055477721, 0.0], [-107.84669141009327, 39.02314220655372, 0.0], [-107.84671363425868, 39.023031079251524, 0.0], [-107.84670807721737, 39.02293662320744, 0.0], [-107.84668685709887, 39.02287174514844, 0.0], [-107.846644573932, 39.02281950669751, 0.0], [-107.84658828640536, 39.022764335468366, 0.0], [-107.846457410821, 39.02276297212297, 0.0], [-107.84634021782125, 39.02272500969212, 0.0], [-107.8462562455362, 39.02266674407336, 0.0], [-107.84617125526725, 39.02263070952776, 0.0], [-107.84614392135211, 39.022612880588234, 0.0], [-107.846075887752, 39.022500232920166, 0.0], [-107.84593852968678, 39.022189299697324, 0.0], [-107.84591630552113, 39.022017054222104, 0.0], [-107.84588852213147, 39.02181424900559, 0.0], [-107.84587463318894, 39.021647559456966, 0.0], [-107.84590797075242, 39.02145586733045, 0.0], [-107.84593575147656, 39.02135307473935, 0.0], [-107.84597943947368, 39.0213422116732, 0.0], [-107.84602930997396, 39.02128648597073, 0.0], [-107.84616288533708, 39.02121828668702, 0.0], [-107.84623302843266, 39.021182473976204, 0.0], [-107.84625129252962, 39.021149364069124, 0.0], [-107.84631335224465, 39.02112229553117, 0.0], [-107.84641714014096, 39.021125035870526, 0.0], [-107.84653660719434, 39.02108899326312, 0.0], [-107.84666692627331, 39.02105487019007, 0.0], [-107.84675377853324, 39.02098589598296, 0.0], [-107.84686527548415, 39.020941455811005, 0.0], [-107.8469131453033, 39.020856682239774, 0.0], [-107.84703034455293, 39.02072799012379, 0.0], [-107.84700177120718, 39.02055022065669, 0.0], [-107.8468790764828, 39.02025740597825, 0.0]]}, "properties": {"gnisidlabel": null, "featuretypelabel": "Canal", "huc12": "140200050111"}}, {"type": "Feature", "geometry": {"type": "LineString", "coordinates": [[-107.86602287677272, 39.02681693914989, 0.0], [-107.86573261030703, 39.0266374060477, 0.0], [-107.86536440993461, 39.02640347309344, 0.0], [-107.86496914274001, 39.02629040633185, 0.0], [-107.8643892755838, 39.02599727223692, 0.0], [-107.86397087528627, 39.02566480582763, 0.0], [-107.86382714219097, 39.025352672317, 0.0], [-107.86375280959271, 39.02493040607385, 0.0], [-107.86372174288233, 39.02462313927525, 0.0], [-107.86369187595267, 39.02444213968713, 0.0], [-107.86348501040888, 39.02414680620491, 0.0], [-107.86325740955155, 39.02389560581378, 0.0], [-107.86314307532109, 39.02370960620917, 0.0], [-107.8629077430758, 39.023381538578846, 0.0], [-107.86265127660727, 39.023053605698585, 0.0], [-107.86250820991111, 39.022807339250946, 0.0], [-107.86246481042832, 39.0226868055735, 0.0], [-107.8624034092405, 39.022499072792854, 0.0]]}, "properties": {"gnisidlabel": null, "featuretypelabel": "Channel Line", "huc12": "140200050111"}}, {"type": "Feature", "geometry": {"type": "LineString", "coordinates": [[-107.86701540988606, 39.00552067227591, 0.0], [-107.86682387666475, 39.00535427234493, 0.0]]}, "properties": {"gnisidlabel": null, "featuretypelabel": "Waterbody Connector", "huc12": "140200050111"}}, {"type": "Feature", "geometry": {"type": "LineString", "coordinates": [[-107.83894321040468, 39.03373060599874, 0.0], [-107.83898281034196, 39.033567473178856, 0.0], [-107.83908021062773, 39.03340300628008, 0.0], [-107.83920101017638, 39.03324687289221, 0.0], [-107.83931087664844, 39.0331090056973, 0.0], [-107.83943327637907, 39.032988872684044, 0.0], [-107.83954427642918, 39.03287820554963, 0.0], [-107.83966867531514, 39.03281207306527, 0.0], [-107.83974587623138, 39.03272007243397, 0.0], [-107.83981047658635, 39.032601405830874, 0.0], [-107.83984981062225, 39.03242927381097, 0.0], [-107.83988867570758, 39.03224820636785, 0.0], [-107.83994100980239, 39.03211180615958, 0.0], [-107.8399932755556, 39.031975405791336, 0.0], [-107.84005847502969, 39.03187460551189, 0.0], [-107.84008807682291, 39.0317478059893, 0.0], [-107.84005901086361, 39.0315954063349, 0.0], [-107.8400174751734, 39.03142507360037, 0.0], [-107.83997747542551, 39.03129100607737, 0.0]]}, "properties": {"gnisidlabel": null, "featuretypelabel": "Channel Line", "huc12": "140200050111"}}, {"type": "Feature", "geometry": {"type": "LineString", "coordinates": [[-107.77484027520269, 39.02621107263469, 0.0], [-107.7750966764859, 39.026268005294824, 0.0], [-107.77539867597167, 39.02631487320456, 0.0], [-107.77564387526004, 39.02638120570466, 0.0], [-107.77585547589338, 39.02647520657622, 0.0], [-107.77606640941615, 39.02655120653245, 0.0], [-107.77633667553182, 39.02667087356291, 0.0], [-107.77654827615328, 39.02676500558244, 0.0], [-107.77674727606613, 39.02683240556643, 0.0], [-107.77706481013158, 39.02697787305273, 0.0], [-107.77733440953709, 39.027079605665364, 0.0], [-107.77762707565157, 39.02718067355573, 0.0], [-107.7778134750898, 39.02722140680513, 0.0], [-107.77804707570351, 39.027287806068735, 0.0], [-107.77831567624705, 39.02736247341222, 0.0], [-107.77852587570364, 39.02742060596766, 0.0], [-107.77879381005087, 39.02747727347601, 0.0], [-107.7790260092086, 39.02750780649919, 0.0], [-107.77925847633509, 39.02754720572926, 0.0], [-107.77945761034735, 39.02761460592057, 0.0], [-107.77964641024069, 39.02771820571769, 0.0], [-107.7798450762172, 39.02777647306072, 0.0], [-107.78005667555733, 39.027870605822685, 0.0], [-107.7802570764949, 39.02797387295623, 0.0], [-107.78044660969125, 39.02809547302743, 0.0], [-107.78060121015027, 39.02820900603423, 0.0], [-107.78070960995566, 39.02832347344884, 0.0], [-107.78081807504104, 39.02843800586623, 0.0], [-107.78093667551033, 39.02851627349265, 0.0], [-107.7810888103909, 39.028566805483585, 0.0], [-107.7812176090833, 39.02860867238522, 0.0]]}, "properties": {"gnisidlabel": null, "featuretypelabel": "Channel Line", "huc12": "140200050111"}}, {"type": "Feature", "geometry": {"type": "LineString", "coordinates": [[-107.82586720979644, 39.038061606340676, 0.0], [-107.82568200975325, 39.0381082731785, 0.0]]}, "properties": {"gnisidlabel": null, "featuretypelabel": "Waterbody Connector", "huc12": "140200050111"}}, {"type": "Feature", "geometry": {"type": "LineString", "coordinates": [[-107.82484674358783, 39.002071672616836, 0.0], [-107.82516847593875, 39.001855873370744, 0.0], [-107.82577067583489, 39.00152867302252, 0.0], [-107.82622567575942, 39.00126820612947, 0.0], [-107.8264533425017, 39.00114800587396, 0.0], [-107.8266878752822, 39.001024138684656, 0.0], [-107.82700254310747, 39.000802805730935, 0.0], [-107.82731041077, 39.000609005468355, 0.0], [-107.82772314292424, 39.00033773892308, 0.0], [-107.82795407583359, 39.0001992726902, 0.0], [-107.82817214259347, 38.999996472766746, 0.0], [-107.82911767619757, 38.99957207320883, 0.0], [-107.8310858091473, 38.99903653905793, 0.0], [-107.83249134400648, 38.99852387291736, 0.0], [-107.8335035436296, 38.99825327228559, 0.0], [-107.83456487584112, 38.997949672721305, 0.0], [-107.83517647611616, 38.9978224733123, 0.0], [-107.83551367639915, 38.997662738509824, 0.0], [-107.83616707553381, 38.99737627255531, 0.0], [-107.83635687694166, 38.99734300535364, 0.0], [-107.83664807541393, 38.99718687298424, 0.0]]}, "properties": {"gnisidlabel": null, "featuretypelabel": "Channel Line", "huc12": "140200050111"}}, {"type": "Feature", "geometry": {"type": "LineString", "coordinates": [[-107.78488220939906, 39.04574680645365, 0.0], [-107.78495760957652, 39.045609873186855, 0.0], [-107.78509047582533, 39.04546260619856, 0.0], [-107.7852024095944, 39.045369805434575, 0.0], [-107.78532481032596, 39.045249673154025, 0.0], [-107.78542400991132, 39.04513027273222, 0.0], [-107.78549881044378, 39.044975273155096, 0.0], [-107.78556520974135, 39.044901673070214, 0.0], [-107.78564207559786, 39.04480067304998, 0.0], [-107.78570680982831, 39.044682073644466, 0.0], [-107.7857344100716, 39.04450120642263, 0.0], [-107.78579727625251, 39.044337472936526, 0.0], [-107.78589187567147, 39.044101005620874, 0.0], [-107.7859876765159, 39.043891472754304, 0.0], [-107.78608327609508, 39.04368200588312, 0.0], [-107.78619100999651, 39.043481206568806, 0.0], [-107.78626507686069, 39.043308272574336, 0.0], [-107.78626914222758, 39.043292873479224, 0.0]]}, "properties": {"gnisidlabel": null, "featuretypelabel": "Channel Line", "huc12": "140200050111"}}, {"type": "Feature", "geometry": {"type": "LineString", "coordinates": [[-107.86420314383115, 39.030890006186645, 0.0], [-107.86387741031835, 39.03068327286373, 0.0], [-107.86323567610125, 39.030555138448406, 0.0], [-107.86305874237976, 39.030451872823335, 0.0], [-107.86287387569693, 39.03025527343987, 0.0], [-107.86261967555129, 39.030168873371196, 0.0], [-107.86246401005354, 39.03008740685749, 0.0], [-107.86227941037521, 39.02991827276193, 0.0], [-107.86220727614622, 39.02973207306771, 0.0], [-107.86216347603954, 39.029473473389146, 0.0]]}, "properties": {"gnisidlabel": null, "featuretypelabel": "Channel Line", "huc12": "140200050111"}}, {"type": "Feature", "geometry": {"type": "LineString", "coordinates": [[-107.78473347584648, 39.02454680640882, 0.0], [-107.784422610195, 39.02441093850943, 0.0], [-107.78423260978262, 39.02443380601771, 0.0], [-107.78382540993526, 39.024589606064666, 0.0], [-107.78362234367914, 39.02472793889711, 0.0], [-107.78339847560123, 39.02491573885406, 0.0], [-107.78308287646426, 39.02532987313708, 0.0]]}, "properties": {"gnisidlabel": null, "featuretypelabel": "Channel Line", "huc12": "140200050111"}}, {"type": "Feature", "geometry": {"type": "LineString", "coordinates": [[-107.88320620968005, 39.03968020555764, 0.0], [-107.88312507585955, 39.039673205603634, 0.0], [-107.88289447599884, 39.03968787305476, 0.0], [-107.88270027541996, 39.039737806024796, 0.0], [-107.882530010843, 39.03981400584542, 0.0], [-107.8823494110448, 39.03991760580368, 0.0], [-107.88215540942365, 39.039976405838985, 0.0], [-107.88197301017665, 39.04003500602958, 0.0], [-107.88176640919141, 39.04006720644579, 0.0], [-107.88160547508612, 39.04008920628548, 0.0], [-107.8814222755503, 39.04012967333604, 0.0], [-107.88124961018241, 39.040143005160175, 0.0], [-107.88102987669708, 39.04013940587513, 0.0], [-107.8808438100171, 39.040108005764246, 0.0], [-107.88063540980211, 39.04009507251931, 0.0], [-107.88048460997246, 39.040080806257, 0.0], [-107.88031040966284, 39.040058073172816, 0.0], [-107.88006700998167, 39.04003707334796, 0.0], [-107.8798804762132, 39.03999660583878, 0.0], [-107.8797308098721, 39.04000940582093, 0.0], [-107.8795472103049, 39.04004087359324, 0.0], [-107.8793636759782, 39.04007247279785, 0.0], [-107.8792126101625, 39.040049206133574, 0.0], [-107.8791064765065, 39.039997806105035, 0.0], [-107.87901167523493, 39.03993707296338, 0.0], [-107.87891861019789, 39.03992127300599, 0.0], [-107.87880220962047, 39.03989720623716, 0.0], [-107.87862860956517, 39.03989247274162, 0.0], [-107.87853481020481, 39.03985867276307, 0.0], [-107.87838227627354, 39.03979940647129, 0.0], [-107.87823900960502, 39.03968580620219, 0.0], [-107.87796961013517, 39.03959340598834, 0.0], [-107.8778166105865, 39.039525206374925, 0.0], [-107.87762981027586, 39.03947560584775, 0.0], [-107.87749907683364, 39.039478872489596, 0.0]]}, "properties": {"gnisidlabel": null, "featuretypelabel": "Channel Line", "huc12": "140200050111"}}, {"type": "Feature", "geometry": {"type": "LineString", "coordinates": [[-107.79045834312473, 39.04907373878623, 0.0], [-107.79045941007467, 39.049072872694445, 0.0], [-107.79051100926723, 39.04903560638286, 0.0], [-107.79058747527131, 39.04892567306843, 0.0], [-107.79064127587709, 39.04882540590863, 0.0], [-107.7906826100239, 39.04869820556718, 0.0], [-107.79068841013786, 39.048553873124, 0.0], [-107.79071807660618, 39.04842700531131, 0.0], [-107.79071340917966, 39.048310072310116, 0.0], [-107.79074527532342, 39.0482372728247, 0.0], [-107.79081101013018, 39.048145606342615, 0.0], [-107.79092247611025, 39.0480438058954, 0.0], [-107.79106967550393, 39.047968206476455, 0.0], [-107.79122747556085, 39.04786540599766, 0.0], [-107.79136227530164, 39.04777200579545, 0.0], [-107.79150741000075, 39.0476424054504, 0.0], [-107.79168607662986, 39.04748500516939, 0.0], [-107.7918192755977, 39.047346606521714, 0.0], [-107.79190807641973, 39.047254405803365, 0.0], [-107.79193767595801, 39.04712760596247, 0.0], [-107.79199987597201, 39.046945872581354, 0.0], [-107.79200647648264, 39.04681960568027, 0.0], [-107.7920484104635, 39.046710473474015, 0.0], [-107.7921358103701, 39.046582273526134, 0.0]]}, "properties": {"gnisidlabel": null, "featuretypelabel": "Channel Line", "huc12": "140200050111"}}, {"type": "Feature", "geometry": {"type": "LineString", "coordinates": [[-107.84477947576579, 39.01998460666804, 0.0], [-107.84467820968021, 39.02005020596085, 0.0], [-107.84449501089195, 39.02009060642378, 0.0], [-107.84429987668716, 39.02012240595519, 0.0], [-107.84408207640682, 39.02016367351564, 0.0], [-107.84386467621616, 39.020214206580995, 0.0], [-107.8435770091605, 39.02023920570425, 0.0], [-107.84331380919082, 39.020299673047745, 0.0], [-107.84308380973926, 39.0203232732692, 0.0], [-107.8428890761245, 39.020364005720246, 0.0], [-107.84270520987135, 39.02038647282376, 0.0], [-107.84248627685187, 39.02040087315742, 0.0], [-107.8422894762439, 39.02038767304796, 0.0], [-107.84205727669361, 39.02035727355426, 0.0], [-107.8418118105502, 39.02028220514988, 0.0], [-107.84163620955583, 39.02022340600341, 0.0], [-107.84149701066433, 39.02020880569101, 0.0], [-107.84136761050291, 39.02014887266425, 0.0], [-107.84127307587026, 39.02009720585109, 0.0]]}, "properties": {"gnisidlabel": null, "featuretypelabel": "Channel Line", "huc12": "140200050111"}}, {"type": "Feature", "geometry": {"type": "LineString", "coordinates": [[-107.81265127646569, 39.04446740604444, 0.0], [-107.81254600998858, 39.044433873423, 0.0], [-107.81235461000128, 39.04426727301905, 0.0], [-107.81219741090617, 39.044090872238236, 0.0], [-107.81205320970136, 39.04395020543663, 0.0], [-107.81192087676105, 39.04381820617106, 0.0], [-107.81189281008385, 39.04369280649121, 0.0], [-107.81185287636983, 39.04355860570675, 0.0], [-107.81177847548199, 39.04343427342223, 0.0], [-107.81167947589063, 39.043265472270434, 0.0], [-107.81151041111889, 39.043080406277596, 0.0], [-107.81130627691273, 39.04288720576733, 0.0], [-107.81116101002293, 39.042719473334415, 0.0], [-107.81109841044847, 39.04259480637011, 0.0], [-107.81103560928555, 39.042470206391855, 0.0], [-107.81098447579069, 39.04234527271048, 0.0]]}, "properties": {"gnisidlabel": null, "featuretypelabel": "Channel Line", "huc12": "140200050111"}}, {"type": "Feature", "geometry": {"type": "LineString", "coordinates": [[-107.79340060986462, 39.043559339187425, 0.0], [-107.7930261434355, 39.043418406696155, 0.0], [-107.79272841032896, 39.04318360585145, 0.0], [-107.7924456755142, 39.043058672514945, 0.0], [-107.7922904097821, 39.04302647342343, 0.0], [-107.79207194327545, 39.043011072987696, 0.0], [-107.79189554285932, 39.04296800573823, 0.0], [-107.7917541427689, 39.04290280601301, 0.0], [-107.79136127684737, 39.04262140526018, 0.0]]}, "properties": {"gnisidlabel": null, "featuretypelabel": "Channel Line", "huc12": "140200050111"}}, {"type": "Feature", "geometry": {"type": "LineString", "coordinates": [[-107.85481487636446, 39.05051907253681, 0.0], [-107.85481504524309, 39.05051873326677, 0.0], [-107.85487247598077, 39.05037767320352, 0.0], [-107.85493447621883, 39.050196073498476, 0.0], [-107.85503181035766, 39.05003147287355, 0.0], [-107.85508521024003, 39.0499220058522, 0.0], [-107.85513647645821, 39.04975867340667, 0.0], [-107.85516600999367, 39.049631805595254, 0.0], [-107.8551616100462, 39.04952387263829, 0.0], [-107.85509807657905, 39.04938120577555, 0.0], [-107.85499861066315, 39.04920340588153, 0.0], [-107.85491161021012, 39.04905247332077, 0.0], [-107.85485781005114, 39.04886460597886, 0.0], [-107.85477007552248, 39.04869560580512, 0.0], [-107.85475101064456, 39.048506806421216, 0.0], [-107.8546866756911, 39.04834620588249, 0.0], [-107.8545514096983, 39.04814227364506, 0.0], [-107.8544164761514, 39.0479474060108, 0.0], [-107.85430607617701, 39.04778800647911, 0.0], [-107.85416100996837, 39.047629405399555, 0.0], [-107.85402721072556, 39.04746147239905, 0.0], [-107.85387061081433, 39.04730320654455, 0.0], [-107.85367907587656, 39.04713667254823, 0.0], [-107.85358241004776, 39.047030872597674, 0.0], [-107.8534738093221, 39.0469164729469, 0.0], [-107.85337601073397, 39.046783672774765, 0.0], [-107.8532894760537, 39.04664167336244, 0.0], [-107.85322701020628, 39.04652607364687, 0.0], [-107.85318547493787, 39.04635600590907, 0.0], [-107.85314427614539, 39.046194806439864, 0.0], [-107.85314787632944, 39.0459964725501, 0.0], [-107.8531290760384, 39.04581680588156, 0.0], [-107.85311107642895, 39.045655072657574, 0.0], [-107.85305867575663, 39.04550320588497, 0.0], [-107.85297140954486, 39.045343206172404, 0.0], [-107.85287187551423, 39.04516540589304, 0.0], [-107.85281947618387, 39.04501360652619, 0.0], [-107.85279061006638, 39.044870072463006, 0.0], [-107.85277287489559, 39.04471740560577, 0.0], [-107.85279961034148, 39.04451860625715, 0.0], [-107.85288401030951, 39.04431827279514, 0.0], [-107.85298167661354, 39.044162672832115, 0.0], [-107.85303287581017, 39.04399927345524, 0.0], [-107.85306207601802, 39.04386347283158, 0.0], [-107.85309061005884, 39.04370960571959, 0.0], [-107.85306127671916, 39.04355707327457, 0.0], [-107.85300680972131, 39.043351273496036, 0.0], [-107.85292947627968, 39.043155006374214, 0.0], [-107.85291520956993, 39.04308327310252, 0.0], [-107.85287687612096, 39.04299407320022, 0.0], [-107.85278707558807, 39.042771072545435, 0.0], [-107.85272387561352, 39.04263760672358, 0.0], [-107.85266147621563, 39.042521872529036, 0.0], [-107.85258861055004, 39.042433606052434, 0.0], [-107.8524676766411, 39.04230147301112, 0.0], [-107.85236027558595, 39.042214005703364, 0.0]]}, "properties": {"gnisidlabel": null, "featuretypelabel": "Channel Line", "huc12": "140200050111"}}, {"type": "Feature", "geometry": {"type": "LineString", "coordinates": [[-107.84028727654726, 39.064968473094915, 0.0], [-107.84018301019384, 39.06496200556534, 0.0], [-107.8400434764129, 39.06493840572034, 0.0], [-107.83991687592642, 39.06495047318332, 0.0], [-107.83982301075328, 39.06491667360842, 0.0], [-107.83975227602902, 39.06488240666046, 0.0], [-107.83969167517779, 39.06481180552205, 0.0], [-107.83964147563594, 39.06471387264935, 0.0], [-107.83962501023406, 39.06458820612317, 0.0], [-107.83962027619864, 39.064471205913826, 0.0], [-107.83966027565775, 39.064317005872894, 0.0], [-107.83973461029932, 39.06415307272814, 0.0], [-107.83981967676904, 39.06397087268846, 0.0], [-107.83992660999743, 39.06375207319326, 0.0], [-107.8400788099432, 39.063514073135615, 0.0], [-107.8402090099249, 39.063303672927496, 0.0], [-107.84028327611507, 39.063139672640375, 0.0], [-107.84029020995426, 39.06302240606806, 0.0], [-107.8402736095607, 39.062896672636214, 0.0], [-107.8402466109154, 39.062798272682315, 0.0], [-107.84017321082365, 39.0627010063955, 0.0]]}, "properties": {"gnisidlabel": null, "featuretypelabel": "Channel Line", "huc12": "140200050111"}}, {"type": "Feature", "geometry": {"type": "LineString", "coordinates": [[-107.89476107591705, 39.050501872658195, 0.0], [-107.89427267634552, 39.050608072723534, 0.0], [-107.89385100993711, 39.05059200622876, 0.0]]}, "properties": {"gnisidlabel": null, "featuretypelabel": "Waterbody Connector", "huc12": "140200050111"}}, {"type": "Feature", "geometry": {"type": "LineString", "coordinates": [[-107.88393807626734, 39.039503272932244, 0.0], [-107.88320620968005, 39.03968020555764, 0.0]]}, "properties": {"gnisidlabel": null, "featuretypelabel": "Waterbody Connector", "huc12": "140200050111"}}, {"type": "Feature", "geometry": {"type": "LineString", "coordinates": [[-107.84873207657542, 39.02696027249591, 0.0], [-107.84867047567765, 39.026862606198584, 0.0], [-107.84860740996494, 39.02672907304126, 0.0], [-107.84849801032956, 39.026596606425095, 0.0], [-107.8483196092861, 39.02646580609098, 0.0], [-107.8481874766988, 39.02634287304965, 0.0], [-107.84806887561481, 39.026264673082515, 0.0], [-107.84800761035571, 39.02617607296095, 0.0], [-107.84795860943413, 39.026105206436384, 0.0], [-107.84795381071295, 39.025988272570395, 0.0], [-107.84793947696807, 39.02591647249059, 0.0], [-107.84790127662794, 39.025827406036974, 0.0], [-107.84782947641342, 39.02576607216934, 0.0], [-107.84769920998993, 39.02568820636672, 0.0], [-107.84754461068422, 39.025574806113326, 0.0], [-107.84733107589945, 39.02543587333692, 0.0]]}, "properties": {"gnisidlabel": "Surface Creek", "featuretypelabel": "Channel Line", "huc12": "140200050111"}}, {"type": "Feature", "geometry": {"type": "LineString", "coordinates": [[-107.87749907683364, 39.039478872489596, 0.0], [-107.87744507647902, 39.03948020575465, 0.0], [-107.87742807614454, 39.039480673233854, 0.0], [-107.87727281033878, 39.03950247307763, 0.0], [-107.87704527558373, 39.03958920576825, 0.0], [-107.8768978096811, 39.03965587251917, 0.0], [-107.87669407583842, 39.039760006031734, 0.0], [-107.87649967560702, 39.039809805706426, 0.0], [-107.87620407624387, 39.03992520564803, 0.0], [-107.87595421013306, 39.04003047367641, 0.0], [-107.87575880982556, 39.04005340605316, 0.0], [-107.87561981051421, 39.040011673156656, 0.0], [-107.87548100983774, 39.04004220572611, 0.0], [-107.87530900969223, 39.040073472531056, 0.0], [-107.87518240981524, 39.04008560569532, 0.0], [-107.87505547526638, 39.040088805615035, 0.0], [-107.87491587637702, 39.04006520632614, 0.0], [-107.87480980966782, 39.040013673658834, 0.0], [-107.87474920938811, 39.03994320603915, 0.0], [-107.87462907614764, 39.03982900630395, 0.0], [-107.87447507584687, 39.03973367222329, 0.0], [-107.87438060993131, 39.03968187284646, 0.0], [-107.87419221085017, 39.03959647317524, 0.0], [-107.87400567566395, 39.039556006126496, 0.0], [-107.87384227633274, 39.03951507368134, 0.0], [-107.87369147655386, 39.039500805780925, 0.0], [-107.8735420102101, 39.03951347304926, 0.0], [-107.87339267677743, 39.039535205241926, 0.0], [-107.87326707599196, 39.039595339208624, 0.0]]}, "properties": {"gnisidlabel": null, "featuretypelabel": "Channel Line", "huc12": "140200050111"}}, {"type": "Feature", "geometry": {"type": "LineString", "coordinates": [[-107.8331522106477, 39.059566606546944, 0.0], [-107.83313260992487, 39.05828680571571, 0.0]]}, "properties": {"gnisidlabel": null, "featuretypelabel": "Waterbody Connector", "huc12": "140200050111"}}, {"type": "Feature", "geometry": {"type": "LineString", "coordinates": [[-107.8612602756812, 39.025693873226025, 0.0], [-107.86097240926685, 39.02565587298145, 0.0], [-107.8607262099708, 39.025662005933725, 0.0], [-107.86032447625436, 39.02561767354323, 0.0], [-107.86005647575699, 39.025556672790145, 0.0], [-107.85990147598872, 39.02552460591171, 0.0], [-107.85960441001005, 39.02562187338553, 0.0]]}, "properties": {"gnisidlabel": null, "featuretypelabel": "Channel Line", "huc12": "140200050111"}}, {"type": "Feature", "geometry": {"type": "LineString", "coordinates": [[-107.7814388093359, 39.02593660604952, 0.0], [-107.78143916859638, 39.02593672540596, 0.0], [-107.78152921066955, 39.02595247243684, 0.0], [-107.78165747564248, 39.02598547229137, 0.0], [-107.78179947562926, 39.02607220600502, 0.0], [-107.78191840988045, 39.026159472921314, 0.0], [-107.78200267682396, 39.02624760586536, 0.0], [-107.78207787655238, 39.02639887288929, 0.0], [-107.78215181047833, 39.02651427332572, 0.0], [-107.78228541003062, 39.02668227257284, 0.0], [-107.78240567607563, 39.02680547328591, 0.0], [-107.78245727626809, 39.026939405902176, 0.0], [-107.78247440940193, 39.027083206402544, 0.0], [-107.78249161016369, 39.02722687374964, 0.0], [-107.7824868754504, 39.02725400595125, 0.0]]}, "properties": {"gnisidlabel": null, "featuretypelabel": "Channel Line", "huc12": "140200050111"}}, {"type": "Feature", "geometry": {"type": "LineString", "coordinates": [[-107.81664907595531, 39.00361440579514, 0.0], [-107.81708787580989, 39.00310147287908, 0.0], [-107.81757047559418, 39.00276947285637, 0.0], [-107.81817274272778, 39.00244787370716, 0.0], [-107.81874021015842, 39.00216480594182, 0.0], [-107.81913867658974, 39.00186620601408, 0.0], [-107.81936967538742, 39.001733206364804, 0.0], [-107.81957940951044, 39.00158387271481, 0.0], [-107.81983081065636, 39.00136293943361, 0.0], [-107.82006800994488, 39.00113107251672, 0.0], [-107.82024087683968, 39.00096793932656, 0.0]]}, "properties": {"gnisidlabel": null, "featuretypelabel": "Channel Line", "huc12": "140200050111"}}, {"type": "Feature", "geometry": {"type": "LineString", "coordinates": [[-107.8523890763773, 39.04178080561951, 0.0], [-107.85239700900662, 39.04169060559881, 0.0], [-107.85239407603775, 39.04161847232542, 0.0], [-107.85239167573219, 39.04151947299033, 0.0]]}, "properties": {"gnisidlabel": "Bonita Creek", "featuretypelabel": "Channel Line", "huc12": "140200050111"}}, {"type": "Feature", "geometry": {"type": "LineString", "coordinates": [[-107.81590927628223, 39.01971747285732, 0.0], [-107.81585834308554, 39.01951993837726, 0.0], [-107.81609440936208, 39.01912327334956, 0.0], [-107.81651981041853, 39.0186322724465, 0.0], [-107.81700067536543, 39.01804207337175, 0.0], [-107.81731460966657, 39.01769440633741, 0.0], [-107.81755854266821, 39.01739653883899, 0.0], [-107.81779547579586, 39.01709873915103, 0.0], [-107.81802534297952, 39.01680640623451, 0.0], [-107.81828341066726, 39.01651393972214, 0.0], [-107.81859060975529, 39.016204806227755, 0.0], [-107.81871581000355, 39.01602293929215, 0.0], [-107.81882574281828, 39.01569827319622, 0.0], [-107.81881047645379, 39.01556100569254, 0.0], [-107.81880127580607, 39.01530287292792, 0.0], [-107.81873421005734, 39.01515767234747, 0.0]]}, "properties": {"gnisidlabel": null, "featuretypelabel": "Channel Line", "huc12": "140200050111"}}, {"type": "Feature", "geometry": {"type": "LineString", "coordinates": [[-107.77961354318342, 39.039444473297046, 0.0], [-107.77973607612572, 39.039437005872635, 0.0], [-107.77986127562598, 39.039389073478624, 0.0], [-107.78002187531403, 39.03935820573698, 0.0], [-107.78012607629009, 39.03936467347512, 0.0], [-107.78026707559619, 39.03942440611333, 0.0], [-107.78041927610437, 39.039474805522644, 0.0], [-107.78060641072857, 39.0395334056049, 0.0], [-107.78080401042898, 39.039564672588696, 0.0], [-107.7810838103343, 39.03963007272731, 0.0], [-107.78127200935369, 39.03971580600741, 0.0], [-107.78149520985863, 39.039809472205604, 0.0], [-107.78174067611059, 39.03988467216856, 0.0], [-107.78197327531281, 39.03992420547445, 0.0], [-107.78219507580035, 39.03998207371104, 0.0], [-107.7824158108844, 39.04001267304542, 0.0], [-107.7826840102343, 39.040078405690494, 0.0], [-107.78292781047324, 39.04010867317571, 0.0], [-107.78318420999872, 39.04016560525467, 0.0], [-107.78343987632847, 39.04020447305313, 0.0], [-107.78370681028308, 39.04023420623553, 0.0], [-107.78391481047623, 39.040238273331454, 0.0], [-107.78411140990812, 39.04024260608723, 0.0], [-107.7843526750376, 39.040209806329905, 0.0], [-107.78459541074875, 39.04021300634432, 0.0], [-107.78461554323724, 39.04021687312037, 0.0]]}, "properties": {"gnisidlabel": null, "featuretypelabel": "Channel Line", "huc12": "140200050111"}}, {"type": "Feature", "geometry": {"type": "LineString", "coordinates": [[-107.82214067605636, 39.010381938876485, 0.0], [-107.82248447628986, 39.01026473903982, 0.0], [-107.82283461032574, 39.010070739428166, 0.0], [-107.82321954393284, 39.00983807239996, 0.0], [-107.8234710102382, 39.00962260628439, 0.0], [-107.82370080948519, 39.009346873203825, 0.0], [-107.82390967677091, 39.00909867209257, 0.0], [-107.82423061048071, 39.00878400580621, 0.0], [-107.82443327540204, 39.00862920581726, 0.0], [-107.82470640939636, 39.0084850061341, 0.0], [-107.82498674247897, 39.00835167285375, 0.0], [-107.82527974263415, 39.00807013846655, 0.0], [-107.82532794206874, 39.00794907247586, 0.0], [-107.82537401018526, 39.007768938939606, 0.0]]}, "properties": {"gnisidlabel": null, "featuretypelabel": "Channel Line", "huc12": "140200050111"}}, {"type": "Feature", "geometry": {"type": "LineString", "coordinates": [[-107.88680427668015, 38.85875167256116, 0.0], [-107.88695787601877, 38.8585182060404, 0.0], [-107.88705221031154, 38.85840327272606, 0.0], [-107.88746120934154, 38.85810027349693, 0.0], [-107.8875710101765, 38.857998472571985, 0.0], [-107.88765021011564, 38.8578748726132, 0.0], [-107.88771087607579, 38.85772920662038, 0.0], [-107.88792481033121, 38.85746267251396, 0.0], [-107.88799707583506, 38.857240205769784, 0.0], [-107.88809000918809, 38.857170272631436, 0.0], [-107.88830387591442, 38.85706147299915, 0.0], [-107.8884546109334, 38.856922473018486, 0.0], [-107.88852467562901, 38.85688020589506, 0.0], [-107.8886954761682, 38.85683100556025, 0.0], [-107.88911727682729, 38.85674847297403, 0.0], [-107.88929207554219, 38.856690072680614, 0.0], [-107.88937507648149, 38.85663400623347, 0.0], [-107.88960181011453, 38.856407605883625, 0.0], [-107.88974581088281, 38.856336473641385, 0.0], [-107.89020321030982, 38.85616300593529, 0.0], [-107.89054500935252, 38.855920272800525, 0.0], [-107.8906642763767, 38.855890406608154, 0.0], [-107.89079080996152, 38.855873673068636, 0.0], [-107.8909882758126, 38.85587780593503, 0.0], [-107.89114980989257, 38.855833273096735, 0.0], [-107.89143107588889, 38.855727205315304, 0.0], [-107.891671810133, 38.85560407249922, 0.0], [-107.89191441019031, 38.85560707283094, 0.0], [-107.89240840971968, 38.855477673020005, 0.0], [-107.89256287642702, 38.8554514064104, 0.0], [-107.89263241040098, 38.85545420639763, 0.0], [-107.89280667613713, 38.85550387303029, 0.0], [-107.89308407569105, 38.8556142059636, 0.0], [-107.89336101006555, 38.85567940599176, 0.0], [-107.893759675945, 38.85574607346228, 0.0], [-107.8940638098023, 38.85576107336409, 0.0], [-107.89440780902261, 38.85564887239866, 0.0], [-107.8945478753297, 38.85564987323452, 0.0], [-107.89463060974398, 38.855589272727855, 0.0], [-107.89480407595902, 38.85542287265704, 0.0], [-107.89488887570046, 38.85536667214233, 0.0], [-107.89494027526507, 38.85535640602398, 0.0], [-107.8951310763522, 38.85536067288488, 0.0], [-107.89535087542644, 38.85525167279062, 0.0], [-107.89544181091871, 38.85526287266273, 0.0], [-107.89567607630123, 38.85537867321516, 0.0], [-107.89575767665131, 38.85539020536927, 0.0], [-107.89584540906547, 38.85532500607426, 0.0], [-107.89600367603302, 38.8551452731519, 0.0], [-107.89613047662756, 38.855043072214364, 0.0], [-107.89638647638914, 38.854901673267065, 0.0], [-107.89661920958272, 38.854805805812994, 0.0], [-107.89677540974789, 38.85477480589139, 0.0], [-107.89705507575052, 38.85478140617059, 0.0], [-107.8973250094526, 38.85486927260705, 0.0], [-107.89741207589584, 38.85488507335461, 0.0], [-107.8975450762103, 38.85486827376836, 0.0], [-107.89793900953703, 38.85478647257493, 0.0], [-107.89813147592658, 38.854799805895496, 0.0], [-107.89826727657307, 38.85482787336517, 0.0], [-107.89880547600612, 38.854967673418415, 0.0], [-107.89953821023403, 38.85526927281605, 0.0], [-107.89972167643589, 38.85528720552629, 0.0], [-107.90004961043554, 38.855270072878305, 0.0], [-107.90019621045319, 38.855279873125184, 0.0], [-107.90039867556605, 38.855338006904674, 0.0], [-107.90082800974965, 38.85552100621061, 0.0], [-107.90101587521409, 38.855584006350895, 0.0], [-107.90109507665568, 38.85558647266909, 0.0], [-107.90127227680485, 38.85555500593743, 0.0], [-107.90134747674314, 38.855562205845466, 0.0], [-107.90147520974763, 38.85561760551411, 0.0], [-107.90172800952199, 38.85576887292101, 0.0]]}, "properties": {"gnisidlabel": null, "featuretypelabel": "Channel Line", "huc12": "140200050105"}}, {"type": "Feature", "geometry": {"type": "LineString", "coordinates": [[-107.8600426100197, 39.057454273339175, 0.0], [-107.86072760963438, 39.05658960584547, 0.0]]}, "properties": {"gnisidlabel": null, "featuretypelabel": "Surface Connector", "huc12": "140200050111"}}, {"type": "Feature", "geometry": {"type": "LineString", "coordinates": [[-107.86490947578947, 39.01141947334531, 0.0], [-107.86489287567285, 39.01129367361698, 0.0], [-107.8648658762197, 39.01119527262122, 0.0], [-107.86482581033773, 39.01106107303359, 0.0], [-107.86477347527813, 39.010909273205634, 0.0], [-107.8647216096448, 39.01076640592868, 0.0], [-107.86463460975277, 39.01061527323209, 0.0], [-107.86448960973719, 39.01045680629033, 0.0], [-107.86437707610217, 39.01024327308258, 0.0], [-107.86426487605463, 39.010038872969716, 0.0], [-107.86418767604383, 39.00984260554045, 0.0], [-107.86409927702654, 39.00965560597326, 0.0], [-107.8640106761615, 39.00945947347504, 0.0], [-107.86396980992798, 39.009307405854294, 0.0], [-107.86394087643923, 39.00916400628526, 0.0], [-107.86392287552063, 39.00900220663093, 0.0], [-107.86391407583216, 39.008786205383046, 0.0], [-107.86391327551982, 39.00847987270253, 0.0], [-107.86392661043126, 39.00823627275428, 0.0], [-107.86396181012738, 39.0079652059615, 0.0], [-107.86397880949175, 39.007811605826376, 0.0], [-107.8640064766062, 39.007639805804104, 0.0], [-107.86397901068553, 39.00753240609537, 0.0], [-107.86397547620616, 39.00752593889372, 0.0]]}, "properties": {"gnisidlabel": "Milk Creek", "featuretypelabel": "Channel Line", "huc12": "140200050111"}}, {"type": "Feature", "geometry": {"type": "LineString", "coordinates": [[-107.95366307635737, 38.81149267293974, 0.0], [-107.9536114753663, 38.811192205668284, 0.0], [-107.95361527603838, 38.810984873193945, 0.0], [-107.95365827596028, 38.810632405737934, 0.0], [-107.95373661027104, 38.81036020594055, 0.0], [-107.9538200761001, 38.810227406778104, 0.0], [-107.95392121057759, 38.81013480664986, 0.0], [-107.95435127596436, 38.80990320598495, 0.0], [-107.95445980999955, 38.80982387316638, 0.0], [-107.95454727704099, 38.8096774730603, 0.0], [-107.9546334103515, 38.80941407355033, 0.0]]}, "properties": {"gnisidlabel": null, "featuretypelabel": "Channel Line", "huc12": "140200050105"}}, {"type": "Feature", "geometry": {"type": "LineString", "coordinates": [[-107.83979567497202, 39.03079100568855, 0.0], [-107.83976901013943, 39.03070147258199, 0.0]]}, "properties": {"gnisidlabel": null, "featuretypelabel": "Channel Line", "huc12": "140200050111"}}, {"type": "Feature", "geometry": {"type": "LineString", "coordinates": [[-107.85236027558595, 39.042214005703364, 0.0], [-107.85239267562518, 39.04215907334646, 0.0]]}, "properties": {"gnisidlabel": "Bonita Creek", "featuretypelabel": "Channel Line", "huc12": "140200050111"}}, {"type": "Feature", "geometry": {"type": "LineString", "coordinates": [[-107.7775298759232, 39.02507947293023, 0.0], [-107.77784447649721, 39.02516200582867, 0.0], [-107.7781516768012, 39.025240206087815, 0.0]]}, "properties": {"gnisidlabel": null, "featuretypelabel": "Channel Line", "huc12": "140200050111"}}, {"type": "Feature", "geometry": {"type": "LineString", "coordinates": [[-107.8384332758179, 39.07320287328377, 0.0], [-107.83640881049824, 39.07251347318147, 0.0], [-107.8347395604832, 39.07255775040177, 0.0], [-107.8333656105526, 39.071911806291084, 0.0]]}, "properties": {"gnisidlabel": null, "featuretypelabel": "Waterbody Connector", "huc12": "140200050111"}}, {"type": "Feature", "geometry": {"type": "LineString", "coordinates": [[-107.89222807683065, 38.950690606514634, 0.0], [-107.89228200883267, 38.950599205927254, 0.0], [-107.89233421070237, 38.950462805901374, 0.0], [-107.89238820975015, 38.95037127387366, 0.0], [-107.89243847577603, 38.95018987228248, 0.0], [-107.89250280989937, 38.950071205500144, 0.0], [-107.89258727615277, 38.94987987269607, 0.0], [-107.89267267532878, 38.949706605874134, 0.0], [-107.8927578753214, 38.94953327366165, 0.0], [-107.89284541046341, 38.94941400596662, 0.0], [-107.8929090106369, 38.94927727339495, 0.0], [-107.89306201026909, 38.94906627261891, 0.0], [-107.8931882089553, 38.94876587351235, 0.0], [-107.89327267582541, 38.94857460597409, 0.0], [-107.8933810099682, 38.94840080658237, 0.0], [-107.89353607596622, 38.948243672836824, 0.0], [-107.89362347685078, 38.94812440610435, 0.0], [-107.89374547592584, 38.94800427271351, 0.0], [-107.89394320917542, 38.94775607344787, 0.0], [-107.89405220956634, 38.947600273128266, 0.0], [-107.89422407569113, 38.94728980542186, 0.0], [-107.89436261089847, 38.94700700612353, 0.0], [-107.89445861021518, 38.946815473156256, 0.0], [-107.89458447546438, 38.94650600608336, 0.0], [-107.89471967673659, 38.946142272926906, 0.0], [-107.89482361024352, 38.94586047338495, 0.0], [-107.89481547550494, 38.945662405987704, 0.0], [-107.89483380950836, 38.94554487345123, 0.0], [-107.89490827645464, 38.94538987278594, 0.0], [-107.89493440967352, 38.94518200521249, 0.0], [-107.89496380951556, 38.94505507274267, 0.0], [-107.89495720928169, 38.944893205980215, 0.0], [-107.89504547502072, 38.94451260597691, 0.0], [-107.89511627592516, 38.944267606104695, 0.0], [-107.89517627641227, 38.94404080673702, 0.0], [-107.89526227622765, 38.943885606031564, 0.0], [-107.8953460755068, 38.94367627251309, 0.0], [-107.89539667552941, 38.943503805502566, 0.0], [-107.89540127620138, 38.94333247237639, 0.0], [-107.89545947640917, 38.94306080674349, 0.0], [-107.89548520930329, 38.94284400571273, 0.0], [-107.89554047584015, 38.94250020565797, 0.0], [-107.89555507511731, 38.94229267291462, 0.0], [-107.89557220972802, 38.94214807271796, 0.0], [-107.89558100954457, 38.941796606460365, 0.0], [-107.89566261055758, 38.94153320655381, 0.0], [-107.89572000974252, 38.94124347325883, 0.0], [-107.89586587664677, 38.940861606348484, 0.0], [-107.89593967496901, 38.94068847297508, 0.0], [-107.89608147563516, 38.94048680589893, 0.0], [-107.89630127530636, 38.9402200728352, 0.0], [-107.89645640999682, 38.940063073288904, 0.0], [-107.8965448765016, 38.93997080590287, 0.0], [-107.89660780953108, 38.939816005934276, 0.0], [-107.89662421031267, 38.93965347244409, 0.0], [-107.89663960926649, 38.93946387283456, 0.0], [-107.89665467626482, 38.93926527245305, 0.0], [-107.89667001017318, 38.9390758059793, 0.0], [-107.8966384763483, 38.938869272898444, 0.0], [-107.89663267706095, 38.9387254060785, 0.0], [-107.89668107538301, 38.93849887243222, 0.0], [-107.89673061028442, 38.93829960603888, 0.0], [-107.89685827638048, 38.93803500620248, 0.0], [-107.89693461110303, 38.93792507319337, 0.0], [-107.89708707601304, 38.93770507337152, 0.0], [-107.89718381029944, 38.93753147309449, 0.0], [-107.89724820968867, 38.937412673302624, 0.0], [-107.89736920945346, 38.93726560613225, 0.0], [-107.89757887666057, 38.9370350729177, 0.0], [-107.89775447659919, 38.936814606486536, 0.0], [-107.89788467627281, 38.93661320659731, 0.0], [-107.89796727646913, 38.93637687216718, 0.0], [-107.89800687663565, 38.936213806162115, 0.0], [-107.89804641003388, 38.936050605765544, 0.0], [-107.89808621071295, 38.93589640592383, 0.0], [-107.89817207542085, 38.93574120557727, 0.0], [-107.89822427561118, 38.93560467325572, 0.0], [-107.89826601004077, 38.93549560639945, 0.0], [-107.89831407611116, 38.935260205556354, 0.0]]}, "properties": {"gnisidlabel": null, "featuretypelabel": "Channel Line", "huc12": "140200050111"}}, {"type": "Feature", "geometry": {"type": "LineString", "coordinates": [[-107.86359127564603, 39.04798360622001, 0.0], [-107.86419320928607, 39.04629320598757, 0.0]]}, "properties": {"gnisidlabel": null, "featuretypelabel": "Waterbody Connector", "huc12": "140200050111"}}, {"type": "Feature", "geometry": {"type": "LineString", "coordinates": [[-107.87600961010737, 38.96531700581662, 0.0], [-107.87628867557852, 38.96508487290817, 0.0], [-107.8764082089417, 38.96490180535194, 0.0], [-107.87650867593317, 38.96481827294467, 0.0], [-107.87663301007514, 38.96475207330423, 0.0], [-107.87680380975317, 38.9646938055892, 0.0], [-107.87692947645156, 38.96466367368599, 0.0], [-107.8770544100867, 38.96461560657094, 0.0], [-107.87714447543382, 38.964559272623084, 0.0], [-107.87722407642907, 38.96453027249965, 0.0], [-107.877245409663, 38.964484806448986, 0.0], [-107.87726581023696, 38.964421205739036, 0.0], [-107.87725141008546, 38.964349405156916, 0.0], [-107.8771908095776, 38.96427887335583, 0.0], [-107.87702207692017, 38.96410287335211, 0.0], [-107.87688880948151, 38.96394400624226, 0.0], [-107.87686321045017, 38.963881606222856, 0.0], [-107.87683827578957, 38.9638370727025, 0.0], [-107.87684621005312, 38.96374680571775, 0.0], [-107.8768988107023, 38.96361940610235, 0.0], [-107.87691847515399, 38.96353787314214, 0.0], [-107.87701901038069, 38.96345420529577, 0.0], [-107.87714321056707, 38.96338807240504, 0.0], [-107.87726787561162, 38.96333100539829, 0.0], [-107.8774500766367, 38.96327247347115, 0.0], [-107.87761007692275, 38.963232472916296, 0.0], [-107.87779187641183, 38.96316500621892, 0.0], [-107.8778362764192, 38.963118805931906, 0.0], [-107.87785787672291, 38.963082206159164, 0.0], [-107.87787907605937, 38.96303667302907, 0.0], [-107.87787581019735, 38.96295567249392, 0.0], [-107.87781381000877, 38.96284907281286, 0.0], [-107.87777627692488, 38.96277787291029, 0.0], [-107.87773880933027, 38.96270680651304, 0.0], [-107.87766447616217, 38.96258247324898, 0.0], [-107.87760247623665, 38.96247600586778, 0.0], [-107.87760147583278, 38.96244887287582, 0.0], [-107.8775992100099, 38.96239487289102, 0.0], [-107.87766687559098, 38.96235720575352, 0.0], [-107.87773320897254, 38.96228347232632, 0.0], [-107.8778012757281, 38.96225480603001, 0.0], [-107.87792800972939, 38.962251606241075, 0.0], [-107.8781358756746, 38.962255605675786, 0.0], [-107.8782408103563, 38.96228000576981, 0.0], [-107.87833220976718, 38.96225967316837, 0.0], [-107.87842481055927, 38.96226647211992, 0.0], [-107.87851741100937, 38.96227320524018, 0.0], [-107.87858627603664, 38.96226240618227, 0.0], [-107.87865440972273, 38.96223380620784, 0.0], [-107.87879121011285, 38.96219427227234, 0.0], [-107.87884747570251, 38.96215687237927, 0.0], [-107.87893561052422, 38.962055606342, 0.0], [-107.87904727600952, 38.961962806134466, 0.0], [-107.87918007551093, 38.96182440560825, 0.0], [-107.87930000984763, 38.961650206360005, 0.0], [-107.87939927599422, 38.961539673233986, 0.0], [-107.87950880981526, 38.96139280628205, 0.0], [-107.87972021028425, 38.96119840652156, 0.0], [-107.88010041008341, 38.960900672526385, 0.0], [-107.88032547650597, 38.960760005366346, 0.0], [-107.88056107649932, 38.9605920730602, 0.0], [-107.88080907692026, 38.96045080602863, 0.0], [-107.88089921033313, 38.960394472976375, 0.0], [-107.88102461053326, 38.96035540549828, 0.0], [-107.88123201042944, 38.96035020647933, 0.0], [-107.88149501064339, 38.960289672829234, 0.0], [-107.88172440917933, 38.960257005910705, 0.0], [-107.88182747609814, 38.960236405698936, 0.0], [-107.88188467627383, 38.96022600560465, 0.0], [-107.8819404749508, 38.9601794725415, 0.0], [-107.88199527620101, 38.96010620553713, 0.0], [-107.88207187641679, 38.960005072711155, 0.0], [-107.88211367551895, 38.95989600627065, 0.0], [-107.88219001086748, 38.959786073606864, 0.0], [-107.88228007617123, 38.95972967362133, 0.0], [-107.88237041051306, 38.959682473226344, 0.0], [-107.88248387609104, 38.95963460639875, 0.0], [-107.88264447640066, 38.95961260584087, 0.0], [-107.88277087539706, 38.959600473084066, 0.0], [-107.88307027666617, 38.95958407298753, 0.0], [-107.88319747558238, 38.95958987314738, 0.0], [-107.88328901044628, 38.9595696729998, 0.0], [-107.88341347577682, 38.95951260537202, 0.0], [-107.88357281020579, 38.959454606009324, 0.0], [-107.88374267630363, 38.95937827301666, 0.0], [-107.88391347573608, 38.95932000588761, 0.0], [-107.88399380996088, 38.95930900651684, 0.0], [-107.88413141011927, 38.95928760608058, 0.0], [-107.88425747540293, 38.95926647366681, 0.0], [-107.88436121045167, 38.959263872728314, 0.0], [-107.8844642105222, 38.95924327276158, 0.0], [-107.88456681034341, 38.959213806029275, 0.0], [-107.88465687532705, 38.959157406043865, 0.0], [-107.88470040921061, 38.95909327328095, 0.0], [-107.88472020983859, 38.95901167265705, 0.0], [-107.88471547540853, 38.958894806000764, 0.0], [-107.88476180991594, 38.95861427331576, 0.0], [-107.88483267674998, 38.958369406688334, 0.0], [-107.88487281092632, 38.95822407328313, 0.0], [-107.88492647623188, 38.958123806014555, 0.0], [-107.8849812101784, 38.95805027264421, 0.0], [-107.88506041011793, 38.95801227359171, 0.0], [-107.88513967567427, 38.957974272862785, 0.0], [-107.8852888102512, 38.957952673105346, 0.0], [-107.88551861005031, 38.957928872673335, 0.0], [-107.8856910759009, 38.957915673460946, 0.0], [-107.8858174754558, 38.957903472559735, 0.0], [-107.88589761086953, 38.9578834732152, 0.0], [-107.8859648100931, 38.95783680567986, 0.0], [-107.8860206766063, 38.957790405963635, 0.0], [-107.88610847641631, 38.957680073565044, 0.0], [-107.88641621090387, 38.95730307321606, 0.0], [-107.88652680995148, 38.957183205915165, 0.0], [-107.88689521000056, 38.95687687292994, 0.0], [-107.88735561004196, 38.956568073548674, 0.0], [-107.88754800976307, 38.95647327268554, 0.0], [-107.88775101030127, 38.95636020630263, 0.0], [-107.88786300999662, 38.9562762733406, 0.0], [-107.88797240906565, 38.95612940650014, 0.0], [-107.88814987651772, 38.955953806019224, 0.0], [-107.88828140999178, 38.95577940602557, 0.0], [-107.88840340981828, 38.955659272636986, 0.0], [-107.88850447674751, 38.955593806254626, 0.0], [-107.88862881029024, 38.955527605802594, 0.0], [-107.88874181015116, 38.955470673358, 0.0], [-107.88893667625683, 38.95543887309116, 0.0], [-107.88906127643335, 38.95538180611588, 0.0], [-107.88917580904243, 38.955360873105626, 0.0], [-107.88925427683628, 38.95530487318534, 0.0], [-107.88934360941846, 38.95523060583017, 0.0], [-107.88941960999227, 38.95511160569825, 0.0], [-107.88946160957589, 38.95501147320598, 0.0], [-107.88951380995714, 38.95487500597678, 0.0], [-107.88957660960784, 38.95472027249384, 0.0], [-107.88960867557542, 38.954656473461995, 0.0], [-107.8896648103354, 38.95461900593121, 0.0], [-107.88975560991328, 38.95458080550652, 0.0], [-107.88984721027187, 38.954560406781404, 0.0], [-107.88994967607353, 38.954530872958664, 0.0], [-107.89001740963184, 38.95449320610965, 0.0], [-107.89010561019924, 38.95439187255927, 0.0], [-107.89013907548109, 38.95436407292406, 0.0], [-107.89021580906329, 38.954263073032294, 0.0], [-107.89031481015036, 38.954143472557064, 0.0], [-107.89042680960716, 38.95405960656458, 0.0], [-107.89055087605597, 38.95399347288693, 0.0], [-107.89070941085123, 38.953917472969415, 0.0], [-107.89089160966181, 38.953858873594164, 0.0], [-107.89100547576918, 38.95382000580164, 0.0], [-107.89113221038397, 38.95381687289854, 0.0], [-107.89128240992646, 38.95382220583357, 0.0], [-107.89143147648049, 38.95380047299038, 0.0], [-107.89155761007554, 38.953779272556915, 0.0], [-107.89167060980631, 38.95372240579447, 0.0], [-107.89175961040199, 38.953639206128486, 0.0], [-107.89182507620275, 38.95354747289714, 0.0], [-107.89188840932235, 38.953401806068015, 0.0], [-107.89195767537126, 38.95312067324868, 0.0], [-107.89204147598367, 38.952911472682494, 0.0], [-107.89215127609857, 38.95277360559371, 0.0], [-107.8922610750855, 38.95263580600001, 0.0], [-107.89239721062962, 38.95257827286303, 0.0], [-107.89258007573544, 38.95253767327785, 0.0], [-107.89276447639845, 38.952533205560854, 0.0], [-107.89295941028031, 38.95250127357043, 0.0], [-107.89319060914727, 38.9525136063821, 0.0], [-107.89337607534385, 38.95253600673446, 0.0], [-107.89352600945543, 38.952532273131034, 0.0], [-107.89366427527436, 38.95252887300846, 0.0], [-107.89391720994423, 38.95250460650982, 0.0], [-107.89409940930815, 38.95244600577354, 0.0], [-107.89431440993977, 38.95234160602996, 0.0], [-107.89450467598854, 38.95220167301358, 0.0], [-107.89467247663455, 38.952071406329246, 0.0], [-107.89486227573836, 38.95191360597312, 0.0], [-107.89501920979849, 38.95180160672656, 0.0], [-107.89523447587403, 38.95170607349333, 0.0], [-107.89541780964318, 38.951674473164694, 0.0], [-107.8955438755402, 38.95165340528555, 0.0], [-107.89567060946608, 38.951650272914556, 0.0], [-107.89597287562626, 38.951705805793154, 0.0], [-107.89612347635216, 38.95172007301109, 0.0], [-107.89629487655695, 38.951679806416735, 0.0], [-107.89643067576107, 38.951613406715545, 0.0], [-107.89657681056451, 38.95151960603361, 0.0], [-107.89666540954732, 38.95142740638502, 0.0], [-107.8967736749012, 38.951253472325746, 0.0], [-107.89688421056556, 38.95113360602517, 0.0], [-107.89705047609624, 38.95096727326561, 0.0], [-107.89725467522716, 38.95088120586199, 0.0], [-107.89752761013513, 38.950784273559385, 0.0], [-107.89770861066319, 38.95069867365807, 0.0], [-107.89788941007932, 38.95060407308517, 0.0], [-107.89810327605218, 38.950472673076966, 0.0], [-107.89823647578629, 38.95034327294112, 0.0], [-107.89853667638576, 38.95006547267943, 0.0], [-107.89874687537791, 38.94984407360592, 0.0], [-107.89897741023927, 38.94955907234743, 0.0], [-107.89917580977698, 38.949328873058576, 0.0], [-107.89928701009683, 38.94922700600612, 0.0], [-107.899387809457, 38.94915247307195, 0.0], [-107.89954627556938, 38.9490764729523, 0.0], [-107.8998198759863, 38.94899760619524, 0.0], [-107.900215876263, 38.948807472568504, 0.0], [-107.90037247651095, 38.948686472774476, 0.0], [-107.9005514107889, 38.948547006509756, 0.0], [-107.90065081050986, 38.94843640557602, 0.0], [-107.90076020947443, 38.94828947302227, 0.0], [-107.90091161010355, 38.948042473239525, 0.0], [-107.90111061018956, 38.94783027289423, 0.0], [-107.90131067572418, 38.947645206026166, 0.0], [-107.9015784759218, 38.94742227256073, 0.0], [-107.90174660948156, 38.94730100653616, 0.0], [-107.90189201024675, 38.94718920592158, 0.0], [-107.90216087616743, 38.946993405844125, 0.0], [-107.90258300989073, 38.94659547294014, 0.0], [-107.90275081054243, 38.94646520659538, 0.0], [-107.90290507611195, 38.946290205836505, 0.0], [-107.90304840953453, 38.94612440582352, 0.0], [-107.90319901012576, 38.94585940599387, 0.0], [-107.90336347657312, 38.94564807239303, 0.0], [-107.90352000939998, 38.9455270737595, 0.0], [-107.90380827647442, 38.94524067270572, 0.0], [-107.90394327612921, 38.94515620600179, 0.0], [-107.90401207590996, 38.94514547304559, 0.0], [-107.90418347648043, 38.94510520586812, 0.0], [-107.9044230094594, 38.945036205682406, 0.0], [-107.90455827562937, 38.944960806397084, 0.0], [-107.90476127574415, 38.944847605569024, 0.0], [-107.90497547654293, 38.94472507316186, 0.0], [-107.90515660972304, 38.944639473042145, 0.0], [-107.90529061025796, 38.94452807299238, 0.0]]}, "properties": {"gnisidlabel": "Surface Creek", "featuretypelabel": "Channel Line", "huc12": "140200050111"}}, {"type": "Feature", "geometry": {"type": "LineString", "coordinates": [[-107.85843887566242, 39.03072580541785, 0.0], [-107.85837667571388, 39.030408806139825, 0.0]]}, "properties": {"gnisidlabel": "Milk Creek", "featuretypelabel": "Waterbody Connector", "huc12": "140200050111"}}, {"type": "Feature", "geometry": {"type": "LineString", "coordinates": [[-107.84648060937666, 39.037095872654035, 0.0], [-107.84671227528172, 39.037006739004916, 0.0], [-107.84702780988495, 39.0368512735269, 0.0], [-107.84731567544357, 39.03675080551741, 0.0], [-107.847772476061, 39.03663853979564, 0.0], [-107.84821420944819, 39.03641640664976, 0.0], [-107.8486004099288, 39.0362880063194, 0.0], [-107.8489656098296, 39.036170672987545, 0.0], [-107.8495464099253, 39.0357501387784, 0.0], [-107.84986787643372, 39.03546273827789, 0.0], [-107.84990907542178, 39.035347206057295, 0.0], [-107.8500674757892, 39.03494533951816, 0.0], [-107.85032454387438, 39.03454847330365, 0.0], [-107.85105134270704, 39.03391293851386, 0.0], [-107.85145067599152, 39.03361907312701, 0.0]]}, "properties": {"gnisidlabel": null, "featuretypelabel": "Channel Line", "huc12": "140200050111"}}, {"type": "Feature", "geometry": {"type": "LineString", "coordinates": [[-107.78977320989152, 39.040417873540214, 0.0], [-107.79058747618473, 39.0398264052568, 0.0]]}, "properties": {"gnisidlabel": "Beaver Creek", "featuretypelabel": "Waterbody Connector", "huc12": "140200050111"}}, {"type": "Feature", "geometry": {"type": "LineString", "coordinates": [[-107.7906318092412, 39.04183440602345, 0.0], [-107.7901120098924, 39.04097693912167, 0.0]]}, "properties": {"gnisidlabel": "Beaver Creek", "featuretypelabel": "Waterbody Connector", "huc12": "140200050111"}}, {"type": "Feature", "geometry": {"type": "LineString", "coordinates": [[-107.81450680910736, 39.04929647256254, 0.0], [-107.81428941036548, 39.04746387280884, 0.0], [-107.81373780952748, 39.0470988065214, 0.0]]}, "properties": {"gnisidlabel": null, "featuretypelabel": "Waterbody Connector", "huc12": "140200050111"}}, {"type": "Feature", "geometry": {"type": "LineString", "coordinates": [[-107.88408247603765, 39.038505406172284, 0.0], [-107.88385067494723, 39.03914747268757, 0.0]]}, "properties": {"gnisidlabel": null, "featuretypelabel": "Waterbody Connector", "huc12": "140200050111"}}, {"type": "Feature", "geometry": {"type": "LineString", "coordinates": [[-107.87321494312685, 39.00974520591381, 0.0], [-107.87277127646523, 39.009703872330796, 0.0], [-107.87244727611589, 39.009672805424536, 0.0], [-107.87192540977534, 39.00954953912409, 0.0], [-107.87148687602806, 39.00931053893559, 0.0], [-107.87115474302945, 39.009164205231556, 0.0], [-107.87079394263519, 39.008957673193095, 0.0], [-107.87047427569517, 39.00864113925975, 0.0], [-107.87037221070135, 39.00826840616921, 0.0], [-107.87031347638457, 39.00801067227922, 0.0], [-107.870318809081, 39.0078350064919, 0.0], [-107.87035821105853, 39.00756527333006, 0.0]]}, "properties": {"gnisidlabel": null, "featuretypelabel": "Channel Line", "huc12": "140200050111"}}, {"type": "Feature", "geometry": {"type": "LineString", "coordinates": [[-107.89870987628956, 39.059665073190736, 0.0], [-107.89846934259243, 39.05943500609041, 0.0], [-107.8982985439372, 39.05906193861282, 0.0], [-107.89813561038649, 39.05886467252997, 0.0], [-107.89795900947747, 39.05853647333516, 0.0]]}, "properties": {"gnisidlabel": null, "featuretypelabel": "Channel Line", "huc12": "140200050111"}}, {"type": "Feature", "geometry": {"type": "LineString", "coordinates": [[-107.7921358103701, 39.046582273526134, 0.0], [-107.79203967577301, 39.04604620620528, 0.0]]}, "properties": {"gnisidlabel": null, "featuretypelabel": "Waterbody Connector", "huc12": "140200050111"}}, {"type": "Feature", "geometry": {"type": "LineString", "coordinates": [[-107.77696580992584, 39.03907507315282, 0.0], [-107.77704201013796, 39.03907787293152, 0.0], [-107.77720427646234, 39.03909200670089, 0.0], [-107.77737947638573, 39.03914187380236, 0.0], [-107.77759007603761, 39.039209006183285, 0.0], [-107.77778840981895, 39.0392582060282, 0.0], [-107.77796367640993, 39.03930807335215, 0.0], [-107.77809340989398, 39.039377072741146, 0.0], [-107.77823401011648, 39.03942787315554, 0.0], [-107.77840860969172, 39.03945967265899, 0.0], [-107.7785820766088, 39.039464605876084, 0.0], [-107.77878967625675, 39.03945960605513, 0.0], [-107.77902027649145, 39.03944507268313, 0.0], [-107.77929687658563, 39.03942947347499, 0.0], [-107.7795402749551, 39.03945067293098, 0.0], [-107.77961354318342, 39.039444473297046, 0.0]]}, "properties": {"gnisidlabel": null, "featuretypelabel": "Channel Line", "huc12": "140200050111"}}, {"type": "Feature", "geometry": {"type": "LineString", "coordinates": [[-107.8333656105526, 39.071911806291084, 0.0], [-107.83287261034404, 39.07161711653771, 0.0], [-107.83262107085126, 39.07125452194277, 0.0], [-107.83220927662134, 39.07104553935548, 0.0], [-107.83179960959703, 39.07092687250118, 0.0], [-107.83151001005884, 39.0708460052781, 0.0], [-107.8312062761631, 39.070765205985595, 0.0], [-107.8309726098694, 39.07063460649546, 0.0], [-107.83078821034617, 39.0704982727229, 0.0], [-107.8306106106221, 39.07032340607211, 0.0], [-107.8302879436546, 39.07009127306481, 0.0]]}, "properties": {"gnisidlabel": null, "featuretypelabel": "Channel Line", "huc12": "140200050111"}}, {"type": "Feature", "geometry": {"type": "LineString", "coordinates": [[-107.80317494355226, 39.05782520662004, 0.0], [-107.80398501061006, 39.05781567294514, 0.0], [-107.80449800899282, 39.05765380641054, 0.0], [-107.80506814322649, 39.057596005756885, 0.0], [-107.80528660996283, 39.05760040635283, 0.0], [-107.8053987434498, 39.057619072741346, 0.0]]}, "properties": {"gnisidlabel": null, "featuretypelabel": "Channel Line", "huc12": "140200050111"}}, {"type": "Feature", "geometry": {"type": "LineString", "coordinates": [[-107.88385067494723, 39.03914747268757, 0.0], [-107.88393807626734, 39.039503272932244, 0.0]]}, "properties": {"gnisidlabel": null, "featuretypelabel": "Waterbody Connector", "huc12": "140200050111"}}, {"type": "Feature", "geometry": {"type": "LineString", "coordinates": [[-107.78412547589545, 39.046742273135514, 0.0], [-107.7846038762164, 39.0460032730629, 0.0], [-107.78488220939906, 39.04574680645365, 0.0]]}, "properties": {"gnisidlabel": null, "featuretypelabel": "Waterbody Connector", "huc12": "140200050111"}}, {"type": "Feature", "geometry": {"type": "LineString", "coordinates": [[-107.8935187435942, 39.037466206226775, 0.0], [-107.8924844760642, 39.03770513958965, 0.0], [-107.89144927574338, 39.037740873086896, 0.0], [-107.89123227635916, 39.037733606279446, 0.0]]}, "properties": {"gnisidlabel": null, "featuretypelabel": "Channel Line", "huc12": "140200050111"}}, {"type": "Feature", "geometry": {"type": "LineString", "coordinates": [[-107.89350061049784, 39.062216738603155, 0.0], [-107.89321841035567, 39.0621241391685, 0.0], [-107.89304887601217, 39.06203120666945, 0.0], [-107.89263914199203, 39.061779606052895, 0.0], [-107.89228527571015, 39.061423539482654, 0.0], [-107.89202320994758, 39.06109467317546, 0.0], [-107.89176101014303, 39.0607603393674, 0.0], [-107.8918436104068, 39.06031520578173, 0.0], [-107.89201094312624, 39.060052738634695, 0.0]]}, "properties": {"gnisidlabel": null, "featuretypelabel": "Channel Line", "huc12": "140200050111"}}, {"type": "Feature", "geometry": {"type": "LineString", "coordinates": [[-107.87363487562473, 39.05895947310852, 0.0], [-107.8736774094334, 39.058942606353305, 0.0], [-107.87375101003511, 39.05891380598996, 0.0], [-107.87396781007321, 39.05884540582782, 0.0], [-107.87421847521902, 39.058758072875726, 0.0], [-107.87452727654991, 39.05867840609899, 0.0], [-107.87469887647264, 39.05863807333604, 0.0], [-107.87487167520646, 39.058624805941506, 0.0], [-107.87499721072777, 39.058585805581814, 0.0], [-107.87513307607105, 39.058519273044354, 0.0], [-107.87526807591289, 39.05842587371755, 0.0], [-107.8754598763539, 39.05831307284018, 0.0], [-107.87561987590146, 39.05821447338629, 0.0], [-107.87575381060337, 39.058152673313266, 0.0], [-107.87580787617806, 39.05806120581749, 0.0], [-107.87585007538907, 39.05796107269297, 0.0], [-107.87589147588464, 39.057843005411854, 0.0], [-107.87586367554091, 39.057726472998546, 0.0], [-107.87586967623464, 39.057591205689654, 0.0], [-107.8758884091137, 39.05748260583665, 0.0], [-107.87593987550717, 39.05732827249578, 0.0], [-107.87603647537625, 39.05714567326174, 0.0], [-107.87612487660495, 39.0570444060343, 0.0], [-107.87621167688012, 39.05690707325234, 0.0], [-107.87625160990784, 39.05675300552589, 0.0], [-107.8762890757407, 39.05653587325533, 0.0], [-107.87630447618007, 39.05634627359985, 0.0], [-107.87632307524903, 39.05623767247061, 0.0], [-107.87630687609742, 39.056121006037614, 0.0], [-107.8763746100717, 39.0560832732841, 0.0], [-107.87652027556493, 39.05597160588459, 0.0], [-107.87660907682508, 39.055879273373044, 0.0], [-107.87667361049692, 39.05576060593065, 0.0], [-107.87669260949693, 39.055661073148904, 0.0], [-107.8768022097346, 39.055514206021044, 0.0], [-107.87690140980712, 39.05539460606408, 0.0], [-107.87695727564414, 39.055348205717564, 0.0], [-107.87695427539899, 39.05527620580925, 0.0]]}, "properties": {"gnisidlabel": null, "featuretypelabel": "Channel Line", "huc12": "140200050111"}}, {"type": "Feature", "geometry": {"type": "LineString", "coordinates": [[-107.82839507654842, 39.0547530726823, 0.0], [-107.82842987527675, 39.05436940639965, 0.0], [-107.82872040914644, 39.05374967292562, 0.0], [-107.82892860933607, 39.0533752729519, 0.0], [-107.82927061071577, 39.05300667379195, 0.0], [-107.82940181005668, 39.05270160621927, 0.0], [-107.82943294257443, 39.05264113876036, 0.0]]}, "properties": {"gnisidlabel": null, "featuretypelabel": "Channel Line", "huc12": "140200050111"}}, {"type": "Feature", "geometry": {"type": "LineString", "coordinates": [[-107.90763527616923, 38.886712406484904, 0.0], [-107.907759876001, 38.886655273052, 0.0], [-107.90803000917863, 38.88649527300711, 0.0], [-107.90815407592481, 38.88642927312483, 0.0], [-107.90829627619469, 38.88624547369214, 0.0], [-107.90841681005188, 38.886089272877705, 0.0], [-107.90845741072086, 38.8859532060814, 0.0], [-107.90850981018905, 38.885825673115164, 0.0], [-107.90854781075893, 38.88562660593317, 0.0], [-107.90856707585868, 38.885536006319136, 0.0], [-107.90864447589222, 38.88545300612711, 0.0], [-107.90877487611877, 38.885260606562824, 0.0], [-107.90886367573174, 38.88517727338065, 0.0], [-107.90893881002906, 38.8850402733691, 0.0], [-107.90903400989255, 38.884830672670255, 0.0], [-107.90906227504442, 38.88467680592976, 0.0], [-107.90920607553973, 38.884529072907775, 0.0], [-107.90938640980421, 38.884425473083326, 0.0], [-107.9096262755589, 38.88437447335878, 0.0], [-107.90971660999699, 38.88432720594735, 0.0], [-107.90977227685995, 38.884280805752496, 0.0], [-107.90984927565475, 38.884188805737764, 0.0], [-107.90990307556639, 38.88409727344873, 0.0], [-107.90993407548784, 38.88400640617608, 0.0], [-107.90995367641042, 38.883924873687185, 0.0], [-107.91011661017225, 38.8836776060449, 0.0], [-107.91024700948263, 38.883485072475054, 0.0], [-107.91034447623849, 38.883329605451216, 0.0], [-107.91046521063775, 38.88318240573368, 0.0], [-107.91048600965976, 38.883127806464074, 0.0], [-107.91048161010139, 38.88301980578095, 0.0], [-107.91061281035395, 38.88284527264278, 0.0], [-107.91079040980226, 38.88267880619435, 0.0], [-107.91092561018137, 38.88260327339656, 0.0], [-107.91100441009844, 38.88255627296737, 0.0], [-107.91106127660261, 38.88253687300494, 0.0], [-107.91107087575874, 38.88249160626544, 0.0], [-107.91111581045688, 38.882463405732274, 0.0], [-107.91114707599725, 38.8823816063389, 0.0], [-107.91119480949888, 38.88213720608226, 0.0], [-107.91135240997447, 38.88176387283417, 0.0], [-107.91149207544161, 38.88151707311054, 0.0], [-107.91158547636198, 38.8812624727252, 0.0], [-107.91166620958901, 38.880981205371455, 0.0], [-107.91174700990807, 38.880699873222554, 0.0], [-107.91176480951061, 38.88057340588817, 0.0], [-107.91185067628703, 38.880418072170514, 0.0], [-107.9119364766582, 38.88026267338178, 0.0], [-107.91203467595449, 38.88012507328013, 0.0], [-107.912006876348, 38.88000867372476, 0.0], [-107.9119448752045, 38.879902206153, 0.0], [-107.91186987654346, 38.87975987264448, 0.0], [-107.9117938764926, 38.87959067294572, 0.0], [-107.91178007603514, 38.87953687292756, 0.0], [-107.91177787616812, 38.879482873500784, 0.0], [-107.91184407564614, 38.87940920577045, 0.0], [-107.91211841009226, 38.87906900525143, 0.0], [-107.91219527501097, 38.878977006181, 0.0], [-107.91230521011425, 38.878848073351364, 0.0], [-107.91236727536251, 38.87867540622421, 0.0], [-107.91235067553217, 38.878549673079235, 0.0], [-107.91232700990554, 38.878253006415314, 0.0], [-107.91227660981261, 38.87814607284343, 0.0], [-107.91225127596161, 38.87809267245106, 0.0], [-107.91223840990173, 38.87805700600557, 0.0], [-107.91214327562605, 38.87798727285449, 0.0], [-107.91201327595684, 38.87790947278495, 0.0], [-107.91183480954784, 38.8777696727524, 0.0], [-107.91170147595696, 38.87761087311306, 0.0], [-107.91161607599297, 38.877495872935576, 0.0], [-107.9116026756865, 38.877451206181355, 0.0], [-107.9116194753311, 38.87729760597435, 0.0], [-107.91165901008262, 38.877134473521544, 0.0], [-107.91170547537675, 38.87686307293316, 0.0], [-107.91171041048003, 38.876700805665365, 0.0], [-107.91172927574709, 38.8766012055306, 0.0], [-107.91177961021673, 38.87641967280097, 0.0], [-107.91184241018661, 38.876265006593314, 0.0], [-107.91189627599617, 38.876173673564274, 0.0], [-107.9119250100445, 38.876028672813455, 0.0], [-107.91190581045437, 38.87584000588123, 0.0], [-107.91186500910788, 38.87568787371653, 0.0], [-107.91184720976047, 38.875535206252415, 0.0], [-107.91182080953824, 38.8754546736346, 0.0], [-107.91183120946457, 38.875427405846274, 0.0], [-107.9118770100325, 38.875417273640174, 0.0], [-107.91189920911954, 38.8753988060363, 0.0], [-107.91196761003368, 38.87537907279881, 0.0], [-107.91212987568967, 38.87540200617054, 0.0], [-107.91222240961326, 38.8754086733282, 0.0], [-107.9123720107513, 38.87540500608428, 0.0], [-107.91254327596366, 38.87536467246828, 0.0], [-107.91268000931787, 38.87532520601062, 0.0], [-107.91282701070575, 38.87525847301249, 0.0], [-107.91293860990442, 38.87516560637617, 0.0], [-107.91301620980836, 38.87509160565398, 0.0], [-107.91308707569536, 38.87498167280895, 0.0], [-107.91328567671395, 38.874783073733816, 0.0], [-107.91330467660008, 38.87472400624753, 0.0], [-107.91331647647677, 38.87455247287812, 0.0], [-107.91346040963877, 38.874328205857225, 0.0], [-107.91417900957518, 38.87359847345975, 0.0], [-107.91423241083642, 38.8734800733669, 0.0], [-107.91449587599561, 38.873266272916624, 0.0], [-107.91464127600554, 38.87303287320319, 0.0], [-107.91521981071769, 38.87240140572929, 0.0], [-107.91542561009425, 38.87215300589643, 0.0], [-107.91549047525076, 38.87203880622851, 0.0], [-107.91554487542534, 38.87187980560782, 0.0], [-107.9155750104789, 38.87176640609881, 0.0], [-107.9155866098997, 38.87159940637673, 0.0]]}, "properties": {"gnisidlabel": null, "featuretypelabel": "Channel Line", "huc12": "140200050105"}}, {"type": "Feature", "geometry": {"type": "LineString", "coordinates": [[-107.8784144103253, 39.042014805400875, 0.0], [-107.87828787618946, 39.042027006122375, 0.0], [-107.87809061003807, 39.0420048727682, 0.0], [-107.87792747532036, 39.041972872893325, 0.0], [-107.8778334093173, 39.041930206084956, 0.0], [-107.87770687670883, 39.04194227280392, 0.0], [-107.87759287540088, 39.04198107295902, 0.0], [-107.87745807628838, 39.04207447338681, 0.0], [-107.87729980928863, 39.04215947296556, 0.0], [-107.87701601029175, 39.04228360614465, 0.0], [-107.87690247659783, 39.042331473283724, 0.0], [-107.87682347667706, 39.0423784734426, 0.0], [-107.87667601024205, 39.04244507241217, 0.0], [-107.87655161006707, 39.0425112730352, 0.0], [-107.87647300963133, 39.04256727292619, 0.0], [-107.87637240950282, 39.04265087314877, 0.0], [-107.87631827622796, 39.04274227322969, 0.0], [-107.87629707637147, 39.042787872610226, 0.0], [-107.87634727582062, 39.04288567327321, 0.0], [-107.8763744099348, 39.042984072921655, 0.0], [-107.87633107521381, 39.043057273321004, 0.0], [-107.87628721046816, 39.04311240587378, 0.0], [-107.87618547553875, 39.04316900627332, 0.0], [-107.87604807535932, 39.043199406822986, 0.0], [-107.87593307595537, 39.04321120594062, 0.0], [-107.87580647681645, 39.0432234064982, 0.0], [-107.87572501014348, 39.04320740612048, 0.0], [-107.87562000959642, 39.04319640615729, 0.0], [-107.87551761033986, 39.043221473113746, 0.0], [-107.87540400980703, 39.04326940623081, 0.0], [-107.87525401016177, 39.043273072816675, 0.0], [-107.87510201013492, 39.043231672755624, 0.0], [-107.87495060991883, 39.04319947292802, 0.0], [-107.87480047673479, 39.04320320528402, 0.0], [-107.87467467603864, 39.04323327304217, 0.0], [-107.87453807554787, 39.04328167264948, 0.0], [-107.87433067562725, 39.04329580600222, 0.0], [-107.87416907606362, 39.043299872599626, 0.0], [-107.8740414099735, 39.0432850059056, 0.0], [-107.87392667567629, 39.04330580543562, 0.0], [-107.87384781016523, 39.0433528056973, 0.0], [-107.87374567676537, 39.0434004057884, 0.0], [-107.87363067546855, 39.04341220538727, 0.0], [-107.87346841012935, 39.04339820651057, 0.0], [-107.87331621038128, 39.043347873073145, 0.0], [-107.87315527524547, 39.04336987307579, 0.0], [-107.87299521061486, 39.04340987286047, 0.0], [-107.87288300996069, 39.04349367321896, 0.0], [-107.87279441011012, 39.043586006037934, 0.0], [-107.87268447629691, 39.043723805713, 0.0], [-107.87254927603827, 39.04380820601805, 0.0], [-107.87247140982619, 39.04388220662075, 0.0], [-107.87236940986132, 39.043929805836285, 0.0], [-107.87225467631966, 39.04395060551781, 0.0]]}, "properties": {"gnisidlabel": null, "featuretypelabel": "Channel Line", "huc12": "140200050111"}}, {"type": "Feature", "geometry": {"type": "LineString", "coordinates": [[-107.80191934346955, 39.031888738489194, 0.0], [-107.80190247620553, 39.031548272713984, 0.0], [-107.80167374282729, 39.03113747319682, 0.0], [-107.80133914265693, 39.03069967241923, 0.0], [-107.80111900957102, 39.03047560572022, 0.0], [-107.80090627618611, 39.03029540606808, 0.0], [-107.80073414289726, 39.02991720584948, 0.0], [-107.8005613426466, 39.029451206413896, 0.0], [-107.80036441015898, 39.02901520555365, 0.0]]}, "properties": {"gnisidlabel": null, "featuretypelabel": "Channel Line", "huc12": "140200050111"}}, {"type": "Feature", "geometry": {"type": "LineString", "coordinates": [[-107.85211227543674, 39.042940672516416, 0.0], [-107.85212047593073, 39.04285947312944, 0.0]]}, "properties": {"gnisidlabel": "Bonita Creek", "featuretypelabel": "Waterbody Connector", "huc12": "140200050111"}}, {"type": "Feature", "geometry": {"type": "LineString", "coordinates": [[-107.78856021013785, 39.04802727368979, 0.0], [-107.7890318752019, 39.04873767310771, 0.0]]}, "properties": {"gnisidlabel": null, "featuretypelabel": "Waterbody Connector", "huc12": "140200050111"}}, {"type": "Feature", "geometry": {"type": "LineString", "coordinates": [[-107.79970321006184, 39.029031073064665, 0.0], [-107.79975727541972, 39.02893967295182, 0.0], [-107.79989287615754, 39.02886427292556, 0.0], [-107.79998740980739, 39.028808006230534, 0.0]]}, "properties": {"gnisidlabel": "Beaver Creek", "featuretypelabel": "Channel Line", "huc12": "140200050111"}}, {"type": "Feature", "geometry": {"type": "LineString", "coordinates": [[-107.8179182754131, 38.99919387331161, 0.0], [-107.81912801008045, 38.999126206448615, 0.0], [-107.81988007581823, 38.998872606569165, 0.0], [-107.82042821066405, 38.99866320528389, 0.0], [-107.82068140985727, 38.99864633888328, 0.0], [-107.82095200997233, 38.998585805561405, 0.0]]}, "properties": {"gnisidlabel": null, "featuretypelabel": "Channel Line", "huc12": "140200050111"}}, {"type": "Feature", "geometry": {"type": "LineString", "coordinates": [[-107.82722100960875, 39.019880206131205, 0.0], [-107.82729667651661, 39.01975227322004, 0.0], [-107.82745181055115, 39.01958640629409, 0.0], [-107.82758321000676, 39.01940300585882, 0.0], [-107.8276466095288, 39.0192572729602, 0.0], [-107.8277566106986, 39.019119472611045, 0.0], [-107.82790260972845, 39.01901687371406, 0.0], [-107.82812907637145, 39.01890320610361, 0.0], [-107.82835440955085, 39.01876260603601, 0.0], [-107.82854480972796, 39.01861380635205, 0.0], [-107.82871287572947, 39.0184836060548, 0.0], [-107.82882361032323, 39.0183638725562, 0.0], [-107.8288882094216, 39.01824520635695, 0.0], [-107.8289058098765, 39.01810960591155, 0.0], [-107.82890007664192, 39.017965605954124, 0.0], [-107.8289070106863, 39.017848272516886, 0.0], [-107.82894767701237, 39.01771207354016, 0.0], [-107.82902340942105, 39.01758420551693, 0.0], [-107.82914580972069, 39.01746407328342, 0.0], [-107.82932641067288, 39.0173606733695, 0.0], [-107.82945107531334, 39.01730347340557, 0.0], [-107.82962281081215, 39.01726327307257, 0.0], [-107.82981560962297, 39.017177606084694, 0.0], [-107.82990580949095, 39.017121406280886, 0.0], [-107.82996127621364, 39.01706600640916, 0.0], [-107.83000347591071, 39.01696587354541, 0.0], [-107.82999961049481, 39.01686680588812, 0.0], [-107.83002987610081, 39.01675787263637, 0.0], [-107.83011887574732, 39.01667467291785, 0.0], [-107.83019800973193, 39.016627805548076, 0.0], [-107.83032447621677, 39.01661567364125, 0.0], [-107.83047481014562, 39.01662107380615, 0.0], [-107.83064827538263, 39.01662587243072, 0.0], [-107.83084361104706, 39.01660307294265, 0.0], [-107.83102580991184, 39.01653560648987, 0.0], [-107.83119520974427, 39.01644140641533, 0.0], [-107.83136247520098, 39.01629307313475, 0.0], [-107.83157447676479, 39.01610780600112, 0.0], [-107.83167247549943, 39.01596127286521, 0.0], [-107.83179487581529, 39.01584120547906, 0.0], [-107.83194087555161, 39.01573847278399, 0.0], [-107.83211140974065, 39.01567140606884, 0.0], [-107.83224840981423, 39.01563200620259, 0.0], [-107.83238500921853, 39.01558367355052, 0.0], [-107.83252167579255, 39.015535205774334, 0.0], [-107.83255447656313, 39.01548947259915, 0.0], [-107.83259781062296, 39.015416272587146, 0.0], [-107.83259421032935, 39.01532627339328, 0.0], [-107.83262667628642, 39.01527140597214, 0.0]]}, "properties": {"gnisidlabel": null, "featuretypelabel": "Channel Line", "huc12": "140200050111"}}, {"type": "Feature", "geometry": {"type": "LineString", "coordinates": [[-107.86447640984382, 39.03186267325273, 0.0], [-107.86427701033658, 39.03178647235989, 0.0], [-107.86404207607889, 39.03169320568642, 0.0], [-107.86385421006136, 39.03161667289318, 0.0], [-107.86366587543218, 39.03153127297515, 0.0], [-107.8634884769327, 39.031427473532915, 0.0], [-107.86328907624838, 39.031351272743166, 0.0], [-107.86309001019754, 39.031284206578746, 0.0], [-107.86286967620246, 39.031262473043576, 0.0], [-107.86263747617556, 39.031232206253634, 0.0], [-107.86238360977809, 39.03123847361141, 0.0], [-107.86215387495655, 39.03127107290765, 0.0], [-107.8619248764759, 39.03132180582954, 0.0], [-107.86167187666501, 39.031346006122654, 0.0], [-107.86144141052749, 39.03136067341893, 0.0], [-107.86124667544655, 39.031401405307314, 0.0], [-107.86098161004814, 39.03141700575351, 0.0], [-107.86078580986126, 39.03143080639881, 0.0], [-107.86054387652446, 39.031445805636984, 0.0], [-107.86038187585451, 39.03144080677711, 0.0], [-107.86019627579189, 39.03141827249772, 0.0], [-107.86002087711313, 39.03136847331159, 0.0], [-107.8598796098975, 39.031299873393294, 0.0], [-107.8596894758378, 39.03116940592356, 0.0], [-107.85951247695188, 39.0310746057927, 0.0], [-107.85933387586861, 39.03094387278806, 0.0], [-107.85919041071413, 39.03082127302881, 0.0], [-107.85909547574865, 39.03076047332806, 0.0], [-107.85897760938047, 39.030700406312825, 0.0], [-107.85883727601858, 39.03065880548555, 0.0]]}, "properties": {"gnisidlabel": null, "featuretypelabel": "Channel Line", "huc12": "140200050111"}}, {"type": "Feature", "geometry": {"type": "LineString", "coordinates": [[-107.82742334303175, 38.99163233890349, 0.0], [-107.82820480989359, 38.99191653874943, 0.0], [-107.82896447598816, 38.99196473924258, 0.0], [-107.8299558759642, 38.991836938841935, 0.0], [-107.83076461027196, 38.991786272922425, 0.0], [-107.8312499438301, 38.9918074728476, 0.0], [-107.83160187700288, 38.99191120667397, 0.0], [-107.83172527532261, 38.991959673839375, 0.0]]}, "properties": {"gnisidlabel": null, "featuretypelabel": "Channel Line", "huc12": "140200050111"}}, {"type": "Feature", "geometry": {"type": "LineString", "coordinates": [[-107.78683720927776, 39.054674072459925, 0.0], [-107.78670254268978, 39.05457040570486, 0.0], [-107.7864401435324, 39.0543574058856, 0.0], [-107.78635381016667, 39.054127139132554, 0.0], [-107.78631821003272, 39.0540640061783, 0.0]]}, "properties": {"gnisidlabel": null, "featuretypelabel": "Channel Line", "huc12": "140200050111"}}, {"type": "Feature", "geometry": {"type": "LineString", "coordinates": [[-107.79226574258831, 39.02423000619405, 0.0], [-107.79265274343028, 39.0242006059584, 0.0], [-107.79323667579024, 39.024126339203896, 0.0], [-107.79393341083973, 39.02408447327348, 0.0], [-107.79441214336813, 39.02406560546035, 0.0], [-107.79481241036356, 39.02393180624179, 0.0], [-107.79505187672652, 39.02393613830641, 0.0], [-107.79537660970385, 39.024038939360075, 0.0], [-107.7956866100797, 39.0240538732556, 0.0], [-107.7960600103842, 39.02407947301041, 0.0], [-107.7968285427897, 39.02420200657013, 0.0], [-107.79739287581745, 39.02432007355831, 0.0], [-107.79764614251705, 39.024291339100564, 0.0], [-107.79802434251467, 39.024042338773725, 0.0], [-107.79827587521893, 39.023793872733194, 0.0], [-107.79855367612211, 39.02332560634988, 0.0], [-107.798860142975, 39.022906672996946, 0.0], [-107.7991258759129, 39.02268560584224, 0.0], [-107.79962501003963, 39.02258427305252, 0.0], [-107.80020101019215, 39.022405606404924, 0.0], [-107.80063094330436, 39.02245840575852, 0.0], [-107.80109707601213, 39.02262640559072, 0.0], [-107.80159127589371, 39.022788739713114, 0.0], [-107.8022598762122, 39.02291767353809, 0.0]]}, "properties": {"gnisidlabel": null, "featuretypelabel": "Channel Line", "huc12": "140200050111"}}, {"type": "Feature", "geometry": {"type": "LineString", "coordinates": [[-107.85276827638121, 39.02105967369105, 0.0], [-107.85268200973476, 39.02092660599588, 0.0], [-107.85258441013329, 39.0207938723355, 0.0], [-107.8524880758656, 39.020697073310515, 0.0], [-107.85235747523468, 39.02061020640344, 0.0], [-107.8522270104248, 39.02052340629127, 0.0], [-107.8521408110218, 39.02039027345564, 0.0], [-107.85204421026954, 39.02028460580663, 0.0], [-107.85198107633946, 39.02015100577039, 0.0], [-107.85191087616518, 39.020067073081606, 0.0]]}, "properties": {"gnisidlabel": null, "featuretypelabel": "Channel Line", "huc12": "140200050111"}}, {"type": "Feature", "geometry": {"type": "LineString", "coordinates": [[-107.84017321082365, 39.0627010063955, 0.0], [-107.84005387593281, 39.06260480645667, 0.0], [-107.8398514764801, 39.06245660581688, 0.0], [-107.83967107567032, 39.06228080580464, 0.0], [-107.83949027569005, 39.06209600626131, 0.0], [-107.83936761005204, 39.06191880608097, 0.0], [-107.83924607593943, 39.06176860598049, 0.0], [-107.8391462094406, 39.06158180683637, 0.0], [-107.83905961035103, 39.06143980665104, 0.0], [-107.83895680920233, 39.06118100620593, 0.0], [-107.83891247593583, 39.06093887305724, 0.0], [-107.83891567648807, 39.060731606006065, 0.0], [-107.83888460995512, 39.06053420615784, 0.0], [-107.83886441010615, 39.0604324059659, 0.0]]}, "properties": {"gnisidlabel": null, "featuretypelabel": "Channel Line", "huc12": "140200050111"}}, {"type": "Feature", "geometry": {"type": "LineString", "coordinates": [[-107.88529460938582, 39.0396194728232, 0.0], [-107.88393807626734, 39.039503272932244, 0.0]]}, "properties": {"gnisidlabel": null, "featuretypelabel": "Waterbody Connector", "huc12": "140200050111"}}, {"type": "Feature", "geometry": {"type": "LineString", "coordinates": [[-107.8354134098806, 38.99654120685196, 0.0], [-107.83563461043134, 38.99662147315023, 0.0], [-107.83615321082473, 38.9968882061483, 0.0], [-107.83664807541393, 38.99718687298424, 0.0]]}, "properties": {"gnisidlabel": null, "featuretypelabel": "Channel Line", "huc12": "140200050111"}}, {"type": "Feature", "geometry": {"type": "LineString", "coordinates": [[-107.82346420979546, 39.05703107274767, 0.0], [-107.82232040983234, 39.05605360666315, 0.0]]}, "properties": {"gnisidlabel": null, "featuretypelabel": "Waterbody Connector", "huc12": "140200050111"}}, {"type": "Feature", "geometry": {"type": "LineString", "coordinates": [[-107.82568200975325, 39.0381082731785, 0.0], [-107.82560014401871, 39.03812893903934, 0.0], [-107.82478827581158, 39.03790793871304, 0.0], [-107.8241036101141, 39.037735738810795, 0.0], [-107.8229322763498, 39.03747813858091, 0.0], [-107.82257287619447, 39.03745253845598, 0.0], [-107.82248340964061, 39.037517806069474, 0.0]]}, "properties": {"gnisidlabel": null, "featuretypelabel": "Channel Line", "huc12": "140200050111"}}, {"type": "Feature", "geometry": {"type": "LineString", "coordinates": [[-107.8924080099607, 39.04922927271501, 0.0], [-107.89207567588576, 39.04893353915669, 0.0], [-107.89177854279377, 39.048648673301415, 0.0], [-107.89168587564478, 39.048401739023504, 0.0], [-107.89164227677391, 39.04809427346494, 0.0], [-107.89155667507717, 39.04783633864671, 0.0], [-107.89115987657107, 39.04731553888256, 0.0], [-107.89098307608663, 39.04714027319101, 0.0], [-107.89077080942388, 39.04695533936382, 0.0]]}, "properties": {"gnisidlabel": null, "featuretypelabel": "Channel Line", "huc12": "140200050111"}}, {"type": "Feature", "geometry": {"type": "LineString", "coordinates": [[-107.84733107589945, 39.02543587333692, 0.0], [-107.84715087693856, 39.02526007368313, 0.0], [-107.84699507500632, 39.02511980569558, 0.0], [-107.84680460960755, 39.02498027329628, 0.0], [-107.84663767613205, 39.02484920549627, 0.0], [-107.8465294759013, 39.02474380577523, 0.0], [-107.84630161051071, 39.0245330733692, 0.0], [-107.84610007596433, 39.02440287311865, 0.0], [-107.84591000969027, 39.024272272679184, 0.0], [-107.84575460948435, 39.024141006645465, 0.0], [-107.84562200918296, 39.024000205405926, 0.0], [-107.845549074971, 39.0239118058948, 0.0], [-107.84546440941027, 39.02381480624628, 0.0], [-107.8454014755491, 39.023690205793756, 0.0]]}, "properties": {"gnisidlabel": "Surface Creek", "featuretypelabel": "Channel Line", "huc12": "140200050111"}}, {"type": "Feature", "geometry": {"type": "LineString", "coordinates": [[-107.79819640958816, 39.035337605410426, 0.0], [-107.79833161010079, 39.035253273407, 0.0], [-107.7985366107272, 39.035176272573636, 0.0], [-107.79875327594785, 39.035108005752, 0.0], [-107.79894887611691, 39.0350852725761, 0.0], [-107.79914467588654, 39.03507160640177, 0.0], [-107.79930441079243, 39.03502267345425, 0.0], [-107.79947441022192, 39.034937473729784, 0.0], [-107.79964387536918, 39.0348434054646, 0.0], [-107.79981240955132, 39.03472220601798, 0.0], [-107.80002880993729, 39.03464487289097, 0.0], [-107.800200209271, 39.0345958053569, 0.0], [-107.80045187596393, 39.034535672920974, 0.0], [-107.80072880979209, 39.03452900605461, 0.0], [-107.8009348100044, 39.03447900599951, 0.0], [-107.80111701090537, 39.03441160628347, 0.0], [-107.80129841061984, 39.03432607229272, 0.0], [-107.801467875412, 39.03423200592434, 0.0], [-107.80166027566699, 39.03412820597578, 0.0], [-107.80185527680896, 39.034096605731165, 0.0], [-107.80201627683391, 39.03407467306651, 0.0], [-107.80221387594716, 39.03410600648899, 0.0], [-107.8024474095114, 39.034172405476745, 0.0], [-107.80264760891144, 39.034266672349226, 0.0], [-107.80283607536234, 39.03436120660445, 0.0], [-107.80306067555502, 39.03449100596601, 0.0], [-107.80321501019668, 39.03459540552924, 0.0]]}, "properties": {"gnisidlabel": null, "featuretypelabel": "Channel Line", "huc12": "140200050111"}}, {"type": "Feature", "geometry": {"type": "LineString", "coordinates": [[-107.83206321016229, 39.045988206146, 0.0], [-107.83206507642099, 39.04646180680893, 0.0]]}, "properties": {"gnisidlabel": null, "featuretypelabel": "Waterbody Connector", "huc12": "140200050111"}}, {"type": "Feature", "geometry": {"type": "LineString", "coordinates": [[-107.78692694349238, 39.0303192060938, 0.0], [-107.786957275217, 39.030318472744995, 0.0], [-107.78705980929566, 39.030316006651375, 0.0], [-107.78730280934914, 39.03032820600726, 0.0], [-107.78759281043607, 39.030357406166644, 0.0], [-107.78783581069247, 39.03036960530205, 0.0], [-107.78814807616153, 39.03038007320432, 0.0], [-107.78842467542174, 39.030364473479636, 0.0], [-107.78866727568162, 39.03036767316537, 0.0], [-107.78889960951096, 39.03039820559561, 0.0], [-107.78912021000737, 39.03042887237996, 0.0], [-107.78931787558425, 39.03046020561422, 0.0], [-107.78953847591478, 39.03049100583961, 0.0], [-107.7897354102692, 39.03050427283505, 0.0], [-107.78997947603796, 39.03054347372064, 0.0], [-107.79013227613575, 39.03061187344587, 0.0], [-107.79028527521587, 39.030680273608034, 0.0], [-107.79049821089029, 39.03081040579303, 0.0], [-107.79073301000074, 39.03090387328691, 0.0], [-107.7909438753884, 39.03097987271177, 0.0], [-107.7911166099652, 39.03096680579044, 0.0], [-107.79132327580028, 39.03093467274054, 0.0], [-107.79156407587563, 39.03089300643124, 0.0], [-107.7918168765702, 39.03085987297133, 0.0], [-107.7920568098031, 39.03079107305748, 0.0], [-107.79228441019269, 39.03070447337585, 0.0], [-107.79251061072534, 39.030581873195345, 0.0], [-107.79271587661866, 39.03051400610542, 0.0], [-107.79292067614159, 39.030437006522796, 0.0], [-107.793125209627, 39.0303510065879, 0.0], [-107.79326087595338, 39.03027567297362, 0.0], [-107.79346467633601, 39.030171672772326, 0.0], [-107.79365727634388, 39.03007707226796, 0.0], [-107.79384020991345, 39.030027605274235, 0.0], [-107.79406987601409, 39.02999507284047, 0.0], [-107.79428807586393, 39.02996280673273, 0.0], [-107.79450627629296, 39.02993047263609, 0.0], [-107.79474587554202, 39.02985267248049, 0.0], [-107.79500941074144, 39.02980140616458, 0.0], [-107.79525040960992, 39.0297596059036, 0.0], [-107.79543421013548, 39.02973707347861, 0.0], [-107.79559440994493, 39.029697205794925, 0.0], [-107.79579787613162, 39.02958427347954, 0.0], [-107.79599187607265, 39.02952547366585, 0.0], [-107.79618640935898, 39.02947587251206, 0.0], [-107.79640447602667, 39.029443605659075, 0.0], [-107.79666907499778, 39.02941920667088, 0.0], [-107.7968764765218, 39.029405205765485, 0.0], [-107.7971430765763, 39.02942580573385, 0.0], [-107.79738721083673, 39.02946507321702, 0.0], [-107.79755961006047, 39.02944287324287, 0.0], [-107.79784720995465, 39.02941800601053, 0.0], [-107.79815707587312, 39.029365406068266, 0.0], [-107.79844460966626, 39.029331473127776, 0.0], [-107.7986504107047, 39.029281473027346, 0.0], [-107.79891440969469, 39.02923907242853, 0.0], [-107.79906307630526, 39.0292434060574, 0.0]]}, "properties": {"gnisidlabel": null, "featuretypelabel": "Channel Line", "huc12": "140200050111"}}, {"type": "Feature", "geometry": {"type": "LineString", "coordinates": [[-107.80338147684415, 39.01162700560891, 0.0], [-107.80356421061946, 39.01157747283743, 0.0], [-107.80370161039428, 39.01154720593813, 0.0], [-107.8038144095092, 39.01148140596847, 0.0], [-107.80404241045565, 39.01140387265899, 0.0], [-107.80430480980226, 39.01132547268028, 0.0], [-107.80453300923209, 39.01125687335481, 0.0], [-107.80472627607838, 39.01118020588513, 0.0], [-107.80500147627876, 39.01112847314992, 0.0], [-107.80522967613517, 39.01106000579664, 0.0], [-107.80540207555697, 39.01103780644877, 0.0], [-107.80564467653011, 39.01104100577578, 0.0], [-107.80593240947692, 39.01101600545756, 0.0], [-107.80617347583198, 39.010983205216554, 0.0], [-107.80638047583207, 39.01096020574304, 0.0], [-107.80663427552992, 39.01095407298372, 0.0], [-107.80692240942355, 39.01093820568433, 0.0], [-107.80717581020295, 39.01092307317663, 0.0], [-107.80738227573124, 39.010891073019906, 0.0], [-107.80757781069542, 39.01086827365604, 0.0], [-107.80777527620286, 39.010899606234574, 0.0], [-107.80801900986701, 39.0109298059584, 0.0], [-107.80821581007127, 39.0109430059333, 0.0], [-107.80840001024103, 39.010929606233, 0.0], [-107.80859547599145, 39.01090687349604, 0.0], [-107.8088034766502, 39.01091087283114, 0.0], [-107.80899787597747, 39.010861206368695, 0.0], [-107.80929780969029, 39.01085387234758, 0.0], [-107.80949387590651, 39.01084920574315, 0.0], [-107.80970267579883, 39.010871205955056, 0.0], [-107.80994587589494, 39.01089240632344, 0.0], [-107.81024767678602, 39.01093020623143, 0.0], [-107.81054760949112, 39.010922873514666, 0.0], [-107.81077880926885, 39.010926273051446, 0.0], [-107.8109852753513, 39.01089427281334, 0.0], [-107.81126147607365, 39.01086960589528, 0.0], [-107.81154841006344, 39.01082667303191, 0.0], [-107.81178860939313, 39.01076680625455, 0.0], [-107.8119364760762, 39.01070920587717, 0.0], [-107.81210841056269, 39.01067800598191, 0.0], [-107.81231601005896, 39.010673005959305, 0.0], [-107.81253307596103, 39.010613673224604, 0.0], [-107.81273900987418, 39.010563806043535, 0.0], [-107.81296747547594, 39.010504206457, 0.0], [-107.8131492097598, 39.01042767278136, 0.0], [-107.8133076100488, 39.010342805503754, 0.0], [-107.81343267592318, 39.010294673381445, 0.0], [-107.81358187532713, 39.01027307323314, 0.0], [-107.81377847584753, 39.010277273076504, 0.0]]}, "properties": {"gnisidlabel": null, "featuretypelabel": "Channel Line", "huc12": "140200050111"}}, {"type": "Feature", "geometry": {"type": "LineString", "coordinates": [[-107.88288280994254, 39.04359387252976, 0.0], [-107.87988427499528, 39.04225260620065, 0.0], [-107.8784144103253, 39.042014805400875, 0.0]]}, "properties": {"gnisidlabel": null, "featuretypelabel": "Waterbody Connector", "huc12": "140200050111"}}, {"type": "Feature", "geometry": {"type": "LineString", "coordinates": [[-107.88925801003273, 39.05976460611344, 0.0], [-107.88910500966651, 39.05969627270631, 0.0], [-107.8889058758806, 39.05962907292438, 0.0], [-107.88870780976472, 39.05958900631589, 0.0], [-107.88852267601968, 39.05958460568811, 0.0], [-107.88831567547025, 39.05960780586406, 0.0], [-107.88812047538634, 39.05963960587004, 0.0], [-107.88792247629436, 39.05959947319498, 0.0], [-107.88772327571428, 39.05953227392499, 0.0], [-107.88758067647049, 39.059436805414265, 0.0], [-107.88742907551712, 39.05940447334424, 0.0], [-107.8872660764454, 39.05937247304298, 0.0], [-107.8871280101278, 39.059384873083054, 0.0], [-107.88695440960295, 39.059380205817796, 0.0]]}, "properties": {"gnisidlabel": "West Fork Bonita Surface Creek", "featuretypelabel": "Channel Line", "huc12": "140200050111"}}, {"type": "Feature", "geometry": {"type": "LineString", "coordinates": [[-107.91120481021872, 38.84649227318039, 0.0], [-107.91211587524951, 38.846690273659156, 0.0], [-107.91240080920312, 38.84672820543545, 0.0], [-107.91263107630274, 38.84673600594415, 0.0], [-107.91280087541452, 38.84672267263117, 0.0], [-107.91320560990543, 38.84664500596723, 0.0], [-107.91428880956389, 38.846527873533155, 0.0], [-107.91521960916215, 38.846360472606975, 0.0], [-107.91540321007095, 38.84637400631269, 0.0], [-107.9158796100802, 38.84648820576814, 0.0], [-107.91618647569791, 38.84648047272709, 0.0], [-107.91656460940617, 38.846430472865094, 0.0], [-107.91683187603547, 38.84637420568076, 0.0], [-107.91724107613888, 38.84623340574084, 0.0], [-107.9174696768463, 38.84609247316764, 0.0], [-107.91770040996927, 38.84588860615099, 0.0], [-107.91782700950948, 38.84582240634875, 0.0], [-107.91799641002105, 38.845804673628436, 0.0], [-107.91846741088786, 38.84586487273286, 0.0], [-107.91867060964437, 38.84585080649895, 0.0], [-107.91905260970371, 38.84571967336062, 0.0], [-107.92027867620072, 38.845405206106015, 0.0], [-107.92051801060626, 38.84531807246237, 0.0], [-107.92067847594328, 38.84521947324926, 0.0]]}, "properties": {"gnisidlabel": "Highline Ditch", "featuretypelabel": "Canal", "huc12": "140200050105"}}, {"type": "Feature", "geometry": {"type": "LineString", "coordinates": [[-107.87513287596373, 39.024667205796675, 0.0], [-107.87501674284309, 39.025035739112745, 0.0], [-107.87467467623509, 39.025328673288016, 0.0], [-107.8742564760615, 39.025753873159395, 0.0], [-107.87369507685324, 39.025927339080596, 0.0], [-107.87295867527571, 39.026200606408814, 0.0], [-107.8723838107444, 39.02644000656399, 0.0], [-107.87178841081099, 39.026739939234496, 0.0], [-107.87129767602825, 39.02694593889808, 0.0], [-107.87084934340659, 39.02716813886893, 0.0], [-107.8701751435319, 39.02732573852768, 0.0], [-107.86963434234387, 39.02744967276642, 0.0], [-107.86914160941079, 39.02744153917151, 0.0], [-107.86853520981718, 39.02732973855527, 0.0], [-107.86809047591728, 39.027189538861975, 0.0], [-107.86770861025356, 39.02699960625302, 0.0], [-107.86721940917876, 39.02662360575631, 0.0], [-107.86691340893049, 39.02627400594379, 0.0], [-107.86672700990934, 39.02612987340688, 0.0]]}, "properties": {"gnisidlabel": null, "featuretypelabel": "Channel Line", "huc12": "140200050111"}}, {"type": "Feature", "geometry": {"type": "LineString", "coordinates": [[-107.85307900986331, 39.076579539467986, 0.0], [-107.85358580996932, 39.07612340652934, 0.0]]}, "properties": {"gnisidlabel": null, "featuretypelabel": "Waterbody Connector", "huc12": "140200050111"}}, {"type": "Feature", "geometry": {"type": "LineString", "coordinates": [[-107.89093627609365, 39.05586707306004, 0.0], [-107.89079847653177, 39.05664827374588, 0.0]]}, "properties": {"gnisidlabel": null, "featuretypelabel": "Waterbody Connector", "huc12": "140200050111"}}, {"type": "Feature", "geometry": {"type": "LineString", "coordinates": [[-107.81256387594911, 39.02975340572525, 0.0], [-107.81264674285116, 39.02955527289381, 0.0], [-107.81295401047898, 39.029246073751224, 0.0], [-107.81321247568236, 39.02899760599855, 0.0], [-107.81321547567177, 39.028994005649764, 0.0]]}, "properties": {"gnisidlabel": null, "featuretypelabel": "Channel Line", "huc12": "140200050111"}}, {"type": "Feature", "geometry": {"type": "LineString", "coordinates": [[-107.92705927624858, 38.88163667267124, 0.0], [-107.92716787527544, 38.881521273214105, 0.0], [-107.92730007626724, 38.88137380577719, 0.0], [-107.92735401036173, 38.88128240559883, 0.0], [-107.92747321023198, 38.881099206438364, 0.0], [-107.92751227584968, 38.88092707278887, 0.0], [-107.9276212108697, 38.88077120585928, 0.0], [-107.92781341085218, 38.880554672784434, 0.0], [-107.92785487580603, 38.88051307275125, 0.0], [-107.92788120900664, 38.88048540559674, 0.0], [-107.92796720929198, 38.88039760588857, 0.0], [-107.92818687645088, 38.880234406457134, 0.0], [-107.92836561005667, 38.880094806088856, 0.0], [-107.92850980937523, 38.87995607314045, 0.0], [-107.92859587509649, 38.879809805468575, 0.0], [-107.92867207567983, 38.879699673707904, 0.0], [-107.92870400979491, 38.87963587292981, 0.0], [-107.92872900963958, 38.87940107291837, 0.0]]}, "properties": {"gnisidlabel": "Alfalfa Ditch", "featuretypelabel": "Canal", "huc12": "140200050105"}}, {"type": "Feature", "geometry": {"type": "LineString", "coordinates": [[-107.85191087616518, 39.020067073081606, 0.0], [-107.85187180923018, 39.020018473157286, 0.0], [-107.85174087653833, 39.019922606458636, 0.0], [-107.85159840971642, 39.01982700646374, 0.0], [-107.85139761005398, 39.01971480626475, 0.0], [-107.85127907593504, 39.019636605967264, 0.0], [-107.85114807630147, 39.01954067354809, 0.0], [-107.85103881014392, 39.019408273419685, 0.0], [-107.85090621012635, 39.01926727272731, 0.0], [-107.85080880976, 39.01914360556175, 0.0], [-107.8507226109525, 39.019010605814955, 0.0], [-107.85064727625917, 39.018859273670124, 0.0], [-107.85053720990479, 39.01870880614366, 0.0], [-107.85044101110273, 39.01861207318301, 0.0], [-107.85034207635701, 39.0184522737987, 0.0], [-107.85026747591209, 39.018319006281594, 0.0], [-107.85022641022388, 39.01815780614956, 0.0], [-107.85020687545801, 39.01796007237183, 0.0], [-107.85022347605413, 39.017797472982345, 0.0], [-107.85028687514924, 39.017651805814396, 0.0], [-107.85038340987485, 39.017469272537, 0.0], [-107.85050527569085, 39.01734020614696, 0.0], [-107.85062607536787, 39.01718407294892, 0.0], [-107.85069887499625, 39.01698407303918, 0.0], [-107.85080921004439, 39.01685527301899, 0.0], [-107.85097821008165, 39.01675200650549, 0.0], [-107.85110147578122, 39.01665900612211, 0.0], [-107.85113760927105, 39.01662347371776, 0.0]]}, "properties": {"gnisidlabel": null, "featuretypelabel": "Channel Line", "huc12": "140200050111"}}, {"type": "Feature", "geometry": {"type": "LineString", "coordinates": [[-107.89077080942388, 39.04695533936382, 0.0], [-107.88999921039084, 39.04680720585725, 0.0], [-107.88911421020038, 39.04641780588547, 0.0]]}, "properties": {"gnisidlabel": null, "featuretypelabel": "Waterbody Connector", "huc12": "140200050111"}}, {"type": "Feature", "geometry": {"type": "LineString", "coordinates": [[-107.86679894301133, 39.02855600593101, 0.0], [-107.86676647600572, 39.02850907233413, 0.0], [-107.86673867590594, 39.02839267298654, 0.0], [-107.86672100981006, 39.02823987323297, 0.0], [-107.86670247713927, 39.02806920659944, 0.0], [-107.86668481043917, 39.0279164726122, 0.0], [-107.86666821032885, 39.027790805927026, 0.0], [-107.86659487631165, 39.02769340650495, 0.0], [-107.86652201023026, 39.02760520628406, 0.0], [-107.86639260902592, 39.02754527279956, 0.0], [-107.86628647605713, 39.02749387322194, 0.0], [-107.86611347586829, 39.02749807249916, 0.0], [-107.86591800978792, 39.02752087247408, 0.0], [-107.86571067617837, 39.027535072963296, 0.0], [-107.86549141115293, 39.027540406105224, 0.0], [-107.86529667665312, 39.027581205876714, 0.0], [-107.86509021011747, 39.027613273042356, 0.0], [-107.86488240965062, 39.02761847367403, 0.0], [-107.86467620966597, 39.02765960558118, 0.0], [-107.86448007560924, 39.02766440614827, 0.0], [-107.86421501040202, 39.027679873237894, 0.0], [-107.86400700973333, 39.02767600610375, 0.0], [-107.86382160998967, 39.027662472518976, 0.0], [-107.86363667619159, 39.0276580730897, 0.0], [-107.863416610163, 39.02764547254687, 0.0], [-107.8632206099939, 39.02765027310667, 0.0], [-107.8630578749791, 39.027627273468696, 0.0], [-107.8629306101287, 39.02762127344264, 0.0], [-107.86280261048952, 39.02759747249301, 0.0], [-107.86268427617908, 39.02752827297276, 0.0], [-107.8625548093616, 39.027468406154426, 0.0], [-107.8623546760747, 39.02737420633052, 0.0], [-107.86215521089284, 39.02729800587911, 0.0], [-107.86196847695287, 39.02724860585708, 0.0], [-107.86179321000114, 39.027198805965874, 0.0], [-107.86161727506123, 39.02713107274045, 0.0], [-107.8613940095944, 39.02703747249033, 0.0], [-107.86118160991943, 39.0269254727227, 0.0], [-107.8610060108366, 39.02686680594454, 0.0], [-107.86081840943689, 39.02679940560105, 0.0], [-107.86074527634291, 39.02676960614069, 0.0]]}, "properties": {"gnisidlabel": null, "featuretypelabel": "Channel Line", "huc12": "140200050111"}}, {"type": "Feature", "geometry": {"type": "LineString", "coordinates": [[-107.79385881011234, 39.03401820592201, 0.0], [-107.79541767652168, 39.033631873480296, 0.0]]}, "properties": {"gnisidlabel": "Beaver Creek", "featuretypelabel": "Waterbody Connector", "huc12": "140200050111"}}, {"type": "Feature", "geometry": {"type": "LineString", "coordinates": [[-107.78163314378027, 39.0207386732531, 0.0], [-107.78182614331327, 39.02110027318744, 0.0], [-107.78199154291043, 39.02153340607947, 0.0], [-107.78202987605162, 39.02193420617504, 0.0], [-107.78198421008247, 39.02239033948667, 0.0], [-107.7819386090423, 39.022857473125065, 0.0], [-107.7820330102387, 39.02321400664261, 0.0], [-107.7820922102211, 39.02358173888677, 0.0], [-107.78215874325247, 39.0239824062919, 0.0], [-107.78228034276218, 39.02421807293127, 0.0], [-107.78258674351969, 39.02467800595957, 0.0], [-107.78307774358917, 39.02531827215383, 0.0], [-107.78308287646426, 39.02532987313708, 0.0]]}, "properties": {"gnisidlabel": null, "featuretypelabel": "Channel Line", "huc12": "140200050111"}}, {"type": "Feature", "geometry": {"type": "LineString", "coordinates": [[-107.8980687796583, 38.95421266198443, 0.0], [-107.89810307596366, 38.954148405999476, 0.0], [-107.89815641007665, 38.954038872643665, 0.0], [-107.89821960935124, 38.95389320586963, 0.0], [-107.898261009738, 38.953775072672514, 0.0], [-107.89833807615496, 38.95340380576789, 0.0], [-107.89841221032684, 38.95323980589045, 0.0], [-107.89848707680142, 38.9530938057497, 0.0], [-107.89856000927175, 38.952902805969366, 0.0], [-107.89864627578667, 38.95275647372669, 0.0], [-107.89871067533427, 38.95263780653561, 0.0], [-107.89875127580841, 38.95250167236145, 0.0], [-107.89877001005135, 38.95239307264844, 0.0], [-107.89881160918179, 38.952283873038525, 0.0], [-107.89884220961008, 38.95218407292675, 0.0], [-107.89885947597084, 38.95203947371555, 0.0]]}, "properties": {"gnisidlabel": null, "featuretypelabel": "Channel Line", "huc12": "140200050111"}}, {"type": "Feature", "geometry": {"type": "LineString", "coordinates": [[-107.85827921066151, 39.072035472815024, 0.0], [-107.85835587671701, 39.07170687279535, 0.0]]}, "properties": {"gnisidlabel": null, "featuretypelabel": "Surface Connector", "huc12": "140200050111"}}, {"type": "Feature", "geometry": {"type": "LineString", "coordinates": [[-107.88298220965414, 39.038154273100915, 0.0], [-107.88307787583953, 39.03859987236447, 0.0], [-107.88385067494723, 39.03914747268757, 0.0]]}, "properties": {"gnisidlabel": null, "featuretypelabel": "Waterbody Connector", "huc12": "140200050111"}}, {"type": "Feature", "geometry": {"type": "LineString", "coordinates": [[-107.8495366106096, 39.009807072624376, 0.0], [-107.84953687627868, 39.0098052057702, 0.0], [-107.84954301014767, 39.009769006287286, 0.0], [-107.84951407667378, 39.00962560636754, 0.0], [-107.84943947507199, 39.0094922731911, 0.0], [-107.84931841039182, 39.009351072946764, 0.0], [-107.84921047567597, 39.009254605702274, 0.0], [-107.84911327637963, 39.00913087326867, 0.0], [-107.84901520998663, 39.00898907274981, 0.0], [-107.84890561052138, 39.0088476062498, 0.0], [-107.84880681003199, 39.00868787302807, 0.0], [-107.84868461110659, 39.00851967366443, 0.0], [-107.84858541023759, 39.00835100587391, 0.0], [-107.8485330756856, 39.00819907297376, 0.0], [-107.84847000904102, 39.00806547345968, 0.0], [-107.84835967582222, 39.007906006302285, 0.0], [-107.84825040985557, 39.00777360575563, 0.0], [-107.84814160991294, 39.00765007299519, 0.0], [-107.84799660941984, 39.00749147317893, 0.0], [-107.84786401031917, 39.007350472918716, 0.0], [-107.84776701020944, 39.00723580557523, 0.0], [-107.84771547573231, 39.00710187253602, 0.0], [-107.84768767583766, 39.00698547230134, 0.0], [-107.84765887654173, 39.00684200546473, 0.0], [-107.84761880953135, 39.00670787242344, 0.0], [-107.84756647691165, 39.00655607320094, 0.0], [-107.84754921006544, 39.00641227326845, 0.0], [-107.8474720761633, 39.006215872570685, 0.0], [-107.84739380977504, 39.00599267332794, 0.0], [-107.84733000990143, 39.00584100631628, 0.0], [-107.84727881035731, 39.00571620630345, 0.0], [-107.8472164094783, 39.00560060597732, 0.0], [-107.84708667565629, 39.00553167354775, 0.0], [-107.84693347505032, 39.0054542726149, 0.0]]}, "properties": {"gnisidlabel": null, "featuretypelabel": "Canal", "huc12": "140200050111"}}, {"type": "Feature", "geometry": {"type": "LineString", "coordinates": [[-107.88998747603043, 39.05980047281211, 0.0], [-107.88925801003273, 39.05976460611344, 0.0]]}, "properties": {"gnisidlabel": "West Fork Bonita Surface Creek", "featuretypelabel": "Waterbody Connector", "huc12": "140200050111"}}, {"type": "Feature", "geometry": {"type": "LineString", "coordinates": [[-107.86189027624006, 39.0361874727148, 0.0], [-107.86173887576393, 39.03615520584308, 0.0], [-107.86156401024996, 39.03611447261232, 0.0], [-107.86141247647642, 39.036082072549, 0.0], [-107.86127067561632, 39.03600447323896, 0.0], [-107.86114080995948, 39.03593560592944, 0.0], [-107.86104447609934, 39.035838873144264, 0.0], [-107.8609366762999, 39.03574247308242, 0.0], [-107.86078380986106, 39.03567407356672, 0.0], [-107.86064100948063, 39.035569605355434, 0.0], [-107.86047580998614, 39.03548347309756, 0.0], [-107.86035487613124, 39.03535127340035, 0.0], [-107.86023547560126, 39.03525520601449, 0.0], [-107.86013807542598, 39.03513147263, 0.0], [-107.86007500949995, 39.034997872337556, 0.0], [-107.85997647537161, 39.03484707308254, 0.0], [-107.85986861005767, 39.034750606020665, 0.0], [-107.85974960935002, 39.03466340572717, 0.0], [-107.85959521000666, 39.03455920635807, 0.0], [-107.85941847652511, 39.034473405980876, 0.0], [-107.85925287613172, 39.03437840612704, 0.0], [-107.85907547655314, 39.034274606332595, 0.0], [-107.85892120955566, 39.03417020549695, 0.0], [-107.85881287565869, 39.034064805711346, 0.0], [-107.85874041085758, 39.03398560607469, 0.0]]}, "properties": {"gnisidlabel": null, "featuretypelabel": "Channel Line", "huc12": "140200050111"}}, {"type": "Feature", "geometry": {"type": "LineString", "coordinates": [[-107.83029674258249, 39.02243353903175, 0.0], [-107.8313487433574, 39.021944672342386, 0.0], [-107.83220474278062, 39.02158860586772, 0.0], [-107.83258334317595, 39.021399873449504, 0.0], [-107.83318521049635, 39.02096827334115, 0.0], [-107.8335772766326, 39.020708073420764, 0.0], [-107.83393347569144, 39.02037660629705, 0.0], [-107.83422634323455, 39.020040005941645, 0.0], [-107.83439027604294, 39.01965207250217, 0.0]]}, "properties": {"gnisidlabel": null, "featuretypelabel": "Channel Line", "huc12": "140200050111"}}, {"type": "Feature", "geometry": {"type": "LineString", "coordinates": [[-107.89131407610539, 39.062010873252355, 0.0], [-107.8910694758238, 39.06196287276214, 0.0], [-107.89078947590501, 39.061897806081674, 0.0], [-107.89050907602216, 39.06182360642998, 0.0], [-107.89018081011885, 39.061705673252504, 0.0], [-107.88988847595489, 39.06162280605638, 0.0], [-107.88970081032262, 39.06155540529514, 0.0], [-107.88955761009511, 39.06144180583234, 0.0], [-107.88933500974849, 39.06136627269387, 0.0], [-107.88907767628777, 39.06129160659265, 0.0], [-107.88882001007818, 39.061207805948655, 0.0], [-107.88853820954681, 39.06109767273478, 0.0], [-107.8882568096663, 39.0609966062463, 0.0], [-107.8881380761303, 39.0609184728143, 0.0], [-107.88793780990909, 39.06082427282974, 0.0], [-107.8877512098094, 39.060783872715795, 0.0], [-107.88759747515981, 39.060697606236275, 0.0], [-107.88739707551636, 39.06060347347059, 0.0], [-107.887184275613, 39.06048267318673, 0.0], [-107.88701747585964, 39.060360606699945, 0.0], [-107.88696721047798, 39.060307872598905, 0.0]]}, "properties": {"gnisidlabel": null, "featuretypelabel": "Channel Line", "huc12": "140200050111"}}, {"type": "Feature", "geometry": {"type": "LineString", "coordinates": [[-107.89385100993711, 39.05059200622876, 0.0], [-107.89367687535733, 39.0505468066751, 0.0], [-107.89346547630717, 39.05046200563424, 0.0], [-107.8932886761953, 39.05037627311876, 0.0], [-107.8931962761552, 39.050378472581926, 0.0], [-107.89307160983331, 39.050435805626265, 0.0], [-107.89293641052632, 39.05052020596811, 0.0], [-107.8927674104501, 39.05062347289872, 0.0], [-107.89258520951198, 39.05069107314325, 0.0], [-107.89240047639888, 39.05069560616215, 0.0], [-107.89218087675415, 39.05069207371109, 0.0], [-107.89200661009164, 39.050669406158505, 0.0], [-107.89188900990521, 39.05061827302659, 0.0], [-107.89178181094636, 39.050539806347814, 0.0], [-107.89175467615331, 39.050441406216734, 0.0], [-107.89171540968249, 39.050325272217826, 0.0], [-107.89164420961599, 39.050281872899866, 0.0], [-107.89151361050149, 39.050195073204385, 0.0], [-107.89138287651815, 39.05010827309982, 0.0], [-107.89127580987743, 39.050029872918515, 0.0], [-107.89117940987471, 39.04993307309939, 0.0], [-107.89111760988236, 39.04983560579506, 0.0], [-107.89104480954798, 39.04974727340418, 0.0], [-107.89090247622192, 39.04966067311091, 0.0], [-107.89074907613387, 39.04958347316821, 0.0], [-107.8905976769818, 39.04955120659467, 0.0], [-107.89044661001685, 39.04952787291017, 0.0], [-107.89027421006527, 39.04955020538946, 0.0], [-107.89012587554414, 39.049598872872494, 0.0], [-107.88992927549708, 39.04959480625895, 0.0], [-107.88981287683714, 39.049570673271965, 0.0], [-107.88961440967404, 39.049521472814334, 0.0], [-107.88941600982022, 39.04947227304782, 0.0], [-107.88924067532746, 39.04942267225374, 0.0], [-107.8890762101493, 39.04935467222276, 0.0], [-107.88894547687703, 39.049267806229686, 0.0], [-107.88880227618063, 39.04915420533222, 0.0], [-107.88865967581931, 39.049058606264154, 0.0], [-107.8884934099531, 39.04894560553265, 0.0], [-107.88834181022823, 39.04891340582374, 0.0], [-107.88812207637292, 39.048909873462975, 0.0], [-107.8879614098312, 39.04893187297499, 0.0], [-107.88772007609242, 39.04896480532976, 0.0], [-107.88749107596944, 39.04901547281009, 0.0], [-107.88727321045197, 39.04905700552278, 0.0], [-107.88708887594036, 39.049070605653085, 0.0], [-107.88698581034453, 39.04909107318486, 0.0], [-107.88685920978034, 39.049103272399925, 0.0], [-107.88670767585435, 39.049071005863546, 0.0], [-107.88660380945522, 39.04907360572201, 0.0], [-107.88647867577225, 39.04912167316389, 0.0], [-107.8863534768242, 39.04916987271855, 0.0], [-107.88622727569934, 39.049191005392736, 0.0], [-107.88608880964304, 39.049194472526345, 0.0], [-107.88594880988403, 39.0491618725004, 0.0], [-107.88570361049598, 39.049095873269934, 0.0], [-107.88543360978697, 39.04899440604384, 0.0], [-107.88522367596444, 39.048945606265406, 0.0], [-107.8850242101804, 39.048869405827574, 0.0], [-107.88484707619678, 39.04877467314978, 0.0], [-107.88469367644632, 39.04869747319899, 0.0], [-107.88456420942217, 39.04863760656655, 0.0], [-107.88445727628726, 39.0485682064669, 0.0], [-107.88437507578432, 39.04853420631176, 0.0], [-107.8842814091747, 39.048500472767984, 0.0], [-107.88415401022077, 39.048494605214835, 0.0], [-107.88406047562341, 39.04846987352602, 0.0], [-107.8840010108696, 39.04842627269725, 0.0], [-107.88393960925019, 39.04833780586699, 0.0], [-107.88390167615798, 39.04825760588043, 0.0], [-107.88385260982734, 39.04818667317652, 0.0], [-107.88378161083119, 39.048143472972804, 0.0], [-107.8836662097746, 39.04814627274215, 0.0], [-107.88358640949933, 39.04817540650255, 0.0], [-107.88347240976901, 39.04821420613351, 0.0], [-107.88336927575094, 39.04823480638499, 0.0], [-107.8833236098632, 39.0482448730861, 0.0], [-107.88330301040133, 39.04830847303087, 0.0], [-107.88331887693732, 39.04841620627092, 0.0], [-107.8833102758133, 39.04848847321773, 0.0], [-107.8832082753563, 39.04853600624174, 0.0], [-107.88319680976547, 39.0485417393977, 0.0]]}, "properties": {"gnisidlabel": null, "featuretypelabel": "Channel Line", "huc12": "140200050111"}}, {"type": "Feature", "geometry": {"type": "LineString", "coordinates": [[-107.88095874324027, 39.06700640562574, 0.0], [-107.88084347643957, 39.06641347329956, 0.0], [-107.88074240926777, 39.06583700573235, 0.0], [-107.88076200974841, 39.065715538950705, 0.0]]}, "properties": {"gnisidlabel": null, "featuretypelabel": "Channel Line", "huc12": "140200050111"}}, {"type": "Feature", "geometry": {"type": "LineString", "coordinates": [[-107.95888987607024, 38.813292673041914, 0.0], [-107.95898187658021, 38.81322740563044, 0.0], [-107.95901300920961, 38.813136472837094, 0.0], [-107.95900867613898, 38.812965405346866, 0.0]]}, "properties": {"gnisidlabel": null, "featuretypelabel": "Channel Line", "huc12": "140200050105"}}, {"type": "Feature", "geometry": {"type": "LineString", "coordinates": [[-107.8335748754994, 39.060475006387705, 0.0], [-107.8331522106477, 39.059566606546944, 0.0]]}, "properties": {"gnisidlabel": null, "featuretypelabel": "Waterbody Connector", "huc12": "140200050111"}}, {"type": "Feature", "geometry": {"type": "LineString", "coordinates": [[-107.89740860959995, 39.05811713971168, 0.0], [-107.897282410024, 39.058021006076615, 0.0], [-107.89660067612219, 39.05790660591428, 0.0]]}, "properties": {"gnisidlabel": null, "featuretypelabel": "Waterbody Connector", "huc12": "140200050111"}}, {"type": "Feature", "geometry": {"type": "LineString", "coordinates": [[-107.87130427641766, 39.054424606189436, 0.0], [-107.8713706102194, 39.05435087334787, 0.0], [-107.87151587548733, 39.054230072539916, 0.0], [-107.8716392103018, 39.05413700630118, 0.0], [-107.87170627542365, 39.054081273091086, 0.0], [-107.87182027569027, 39.0540424064296, 0.0], [-107.87188800977876, 39.05400480600005, 0.0], [-107.8719788756768, 39.05396647328305, 0.0], [-107.87204460995257, 39.05387467304078, 0.0], [-107.87208681045041, 39.05377460602424, 0.0], [-107.8721252104981, 39.053584473196494, 0.0], [-107.8721528753405, 39.0534126065652, 0.0], [-107.87219167532574, 39.05323140610813, 0.0], [-107.87225367565836, 39.05304980587847, 0.0], [-107.8723492753929, 39.052840205649034, 0.0], [-107.87243501029401, 39.05267587238101, 0.0], [-107.87253347590256, 39.05253840605528, 0.0], [-107.87266607542132, 39.05239100551798, 0.0], [-107.87277500934725, 39.05222607310028, 0.0], [-107.87288447584412, 39.052079273220876, 0.0], [-107.87300667568584, 39.05195920589666, 0.0], [-107.87311667537828, 39.0518212736531, 0.0], [-107.87323780947756, 39.05167420560867, 0.0], [-107.87330227695276, 39.05155547311409, 0.0], [-107.873332875649, 39.05145560612744, 0.0]]}, "properties": {"gnisidlabel": null, "featuretypelabel": "Channel Line", "huc12": "140200050111"}}, {"type": "Feature", "geometry": {"type": "LineString", "coordinates": [[-107.84268441006095, 39.06566680592102, 0.0], [-107.84223881050363, 39.065245872940714, 0.0], [-107.84028727654726, 39.064968473094915, 0.0]]}, "properties": {"gnisidlabel": null, "featuretypelabel": "Waterbody Connector", "huc12": "140200050111"}}, {"type": "Feature", "geometry": {"type": "LineString", "coordinates": [[-107.79266167608982, 39.00605087295576, 0.0], [-107.79311314297077, 39.006185806363334, 0.0], [-107.79354267620492, 39.006216538181896, 0.0], [-107.79413381034513, 39.00623000596169, 0.0], [-107.7947103430452, 39.006172138965944, 0.0], [-107.79507607617344, 39.006148339047584, 0.0], [-107.79526547605643, 39.00611000561494, 0.0]]}, "properties": {"gnisidlabel": null, "featuretypelabel": "Channel Line", "huc12": "140200050111"}}, {"type": "Feature", "geometry": {"type": "LineString", "coordinates": [[-107.90826901047053, 38.86817387324192, 0.0], [-107.90895921039808, 38.86795387320479, 0.0], [-107.90927247625922, 38.8678334733847, 0.0], [-107.90934601018213, 38.86769647332461, 0.0], [-107.9094434768417, 38.8676086056796, 0.0], [-107.90955961014252, 38.867533605946385, 0.0], [-107.9097240103265, 38.86748447300756, 0.0], [-107.90979947576551, 38.867419472756005, 0.0], [-107.91061581027198, 38.86653880595016, 0.0]]}, "properties": {"gnisidlabel": null, "featuretypelabel": "Channel Line", "huc12": "140200050105"}}, {"type": "Feature", "geometry": {"type": "LineString", "coordinates": [[-107.8274988102469, 39.06044160592678, 0.0], [-107.82736527628262, 39.060282673407485, 0.0], [-107.82720840986673, 39.06011527259816, 0.0], [-107.82703960956212, 39.059939206150624, 0.0], [-107.82687080979566, 39.05976307366475, 0.0], [-107.82669261000439, 39.059641273303455, 0.0], [-107.82650287586598, 39.059519806484, 0.0], [-107.82626807610534, 39.05942640525321, 0.0], [-107.82607940981082, 39.059331873020945, 0.0], [-107.82586801049601, 39.05924687281046, 0.0], [-107.82557480929145, 39.059136873795744, 0.0], [-107.8253514097728, 39.05904320596351, 0.0], [-107.8251512759638, 39.05894887274883, 0.0], [-107.8249488754239, 39.05880067262468, 0.0], [-107.8248150750873, 39.05863280657041, 0.0], [-107.82470621112715, 39.058509273647594, 0.0], [-107.82454787641706, 39.05830600564474, 0.0], [-107.8244032102232, 39.05815627268746, 0.0], [-107.82426040999412, 39.058051673509866, 0.0], [-107.82405841053694, 39.05791240616957, 0.0], [-107.82388140995775, 39.057817606474615, 0.0]]}, "properties": {"gnisidlabel": null, "featuretypelabel": "Channel Line", "huc12": "140200050111"}}, {"type": "Feature", "geometry": {"type": "LineString", "coordinates": [[-107.88611480972926, 39.059761405408956, 0.0], [-107.88596807635844, 39.05984607274732, 0.0], [-107.88580761019892, 39.059877073508474, 0.0], [-107.88562287594385, 39.0598816726728, 0.0], [-107.88549601021776, 39.0598848061536, 0.0], [-107.8853206096811, 39.05983507262034, 0.0], [-107.88517081100188, 39.059847805900944, 0.0], [-107.88504467692457, 39.05986887279051, 0.0], [-107.8849312756615, 39.05992580581844, 0.0], [-107.88483160916762, 39.060027406228485, 0.0], [-107.8847652102955, 39.06010107342092, 0.0], [-107.88468507613949, 39.06012107320048, 0.0], [-107.88456861113329, 39.06009700620743, 0.0], [-107.88445061002834, 39.06003680642001, 0.0], [-107.8843674756525, 39.05998480640869, 0.0], [-107.88421607590575, 39.05995247327528, 0.0], [-107.88409841023535, 39.059901406143055, 0.0], [-107.88396961002361, 39.059859472907625, 0.0], [-107.88380400937186, 39.05976447258606, 0.0], [-107.88372021001675, 39.059694473472625, 0.0], [-107.88365880998572, 39.059605873372774, 0.0], [-107.88364507691004, 39.059552205803726, 0.0], [-107.88357440950628, 39.0595180063701, 0.0], [-107.8835156091885, 39.059492405915854, 0.0], [-107.8834896096989, 39.05942100605727, 0.0], [-107.88345187612525, 39.05934980556092, 0.0], [-107.88340441025079, 39.05931500577205, 0.0], [-107.88331121034805, 39.059299273407774, 0.0], [-107.88319621056017, 39.05931107280825, 0.0], [-107.88303347586263, 39.05928807340349, 0.0], [-107.88290507640822, 39.05925520550971, 0.0], [-107.88277480946103, 39.05917727252889, 0.0], [-107.88265567645061, 39.05909020642046, 0.0], [-107.88251161028965, 39.05895867373343, 0.0], [-107.8824144755416, 39.05884387344891, 0.0], [-107.88231741049817, 39.05872927315262, 0.0], [-107.88222147558334, 39.0586414733124, 0.0], [-107.88217340999407, 39.05859767263389, 0.0], [-107.88214561010956, 39.058481272488464, 0.0], [-107.88213000974355, 39.0583824730804, 0.0], [-107.88206901031296, 39.058302872877086, 0.0], [-107.88196100976808, 39.0582064731333, 0.0], [-107.88185387583563, 39.05812807235137, 0.0], [-107.88178061032067, 39.05803080618924, 0.0], [-107.88175340997236, 39.05793227286671, 0.0], [-107.88174787623011, 39.05779727263101, 0.0], [-107.88176667600953, 39.05768880632913, 0.0], [-107.88170487603591, 39.05759120611211, 0.0], [-107.88166620913685, 39.057493072536836, 0.0], [-107.88162621115333, 39.05735900563263, 0.0], [-107.88155247518465, 39.057252673569145, 0.0], [-107.88142220923784, 39.057174805627305, 0.0], [-107.8812562755273, 39.05707080625966, 0.0], [-107.88102087634395, 39.056968473652546, 0.0], [-107.88084487583846, 39.05690080592041, 0.0], [-107.88063307543105, 39.05680687277604, 0.0], [-107.88049267598745, 39.05676527275782, 0.0], [-107.88031780935177, 39.05671560570146, 0.0]]}, "properties": {"gnisidlabel": "West Fork Bonita Surface Creek", "featuretypelabel": "Channel Line", "huc12": "140200050111"}}, {"type": "Feature", "geometry": {"type": "LineString", "coordinates": [[-107.8302666106517, 39.0145630058379, 0.0], [-107.83048100954078, 39.01450827381684, 0.0], [-107.83069847500222, 39.01442187316081, 0.0], [-107.83078361052003, 39.01435227313198, 0.0]]}, "properties": {"gnisidlabel": null, "featuretypelabel": "Channel Line", "huc12": "140200050111"}}, {"type": "Feature", "geometry": {"type": "LineString", "coordinates": [[-107.84265967539804, 39.03481127256158, 0.0], [-107.84260667604136, 39.03464140520781, 0.0], [-107.84257847587591, 39.034515872538684, 0.0], [-107.84251541006857, 39.03438227309002, 0.0], [-107.84244081026523, 39.0342490062438, 0.0], [-107.84233327567333, 39.03416147306762, 0.0], [-107.84221467608954, 39.03408340599642, 0.0], [-107.84207267588775, 39.03399667340207, 0.0], [-107.84196587595027, 39.033927273274465, 0.0], [-107.84192800926363, 39.033847072433424, 0.0], [-107.84197047615035, 39.03375600647934, 0.0], [-107.84203687594236, 39.03368227310608, 0.0], [-107.84214981012992, 39.03361647340067, 0.0], [-107.84232067636367, 39.033558272520985, 0.0], [-107.84251440946598, 39.03349047228529, 0.0], [-107.84274041060681, 39.03336787310359, 0.0], [-107.84290987575429, 39.03327360561638, 0.0], [-107.84307867683029, 39.03316140637459, 0.0], [-107.84321207610118, 39.03303200567411, 0.0], [-107.84329927631023, 39.03290367330437, 0.0], [-107.84338701112006, 39.03278447375634, 0.0], [-107.84343967658639, 39.032657072970714, 0.0], [-107.84348000912904, 39.03251187307972, 0.0], [-107.84349881022347, 39.03240340560621, 0.0], [-107.84346927560462, 39.032241873321105, 0.0], [-107.84346341004338, 39.03209800589414, 0.0], [-107.8434234100153, 39.03196367299686, 0.0], [-107.84337080964954, 39.03180287275018, 0.0], [-107.8433076757936, 39.03166927353063, 0.0], [-107.84331521101359, 39.03157000611219, 0.0], [-107.8433224099344, 39.031461805471494, 0.0], [-107.84336467614581, 39.03136160609593, 0.0], [-107.84344040976201, 39.031233606506156, 0.0], [-107.8435038104959, 39.031088005979555, 0.0], [-107.84353380996092, 39.03097007340931, 0.0], [-107.84352827589376, 39.030835073534384, 0.0], [-107.8435706096071, 39.030734873338425, 0.0], [-107.8436464751528, 39.030616005517246, 0.0], [-107.84376920931173, 39.03050487248769, 0.0], [-107.84388101016447, 39.030412072734556, 0.0], [-107.84393541080401, 39.03032960677698, 0.0], [-107.84396461060389, 39.0301938053534, 0.0], [-107.84399407548214, 39.03006700554532, 0.0], [-107.84400181000991, 39.029967606186226, 0.0], [-107.84403227683214, 39.02986780619493, 0.0], [-107.84409701052773, 39.02974907367803, 0.0], [-107.84419681019901, 39.02964760613293, 0.0], [-107.84428467597583, 39.02953727298678, 0.0], [-107.84433920984878, 39.02945487296355, 0.0], [-107.84436987664466, 39.02935500674489, 0.0], [-107.844362675962, 39.02917500620934, 0.0], [-107.84432040963388, 39.02898687311316, 0.0], [-107.84429161045317, 39.02884347344373, 0.0], [-107.84428687662262, 39.02872640537711, 0.0], [-107.84429340913476, 39.02860007320386, 0.0], [-107.84433447585234, 39.02847300639737, 0.0], [-107.84442107621607, 39.02832667346195, 0.0], [-107.84450720963733, 39.02817147259478, 0.0], [-107.84460560988516, 39.028034005592666, 0.0], [-107.844705475185, 39.02793240629753, 0.0], [-107.84478227578748, 39.02783140589514, 0.0], [-107.84489447620285, 39.027747605349354, 0.0], [-107.8449596766368, 39.027647005985685, 0.0], [-107.84499287586188, 39.027566339017326, 0.0]]}, "properties": {"gnisidlabel": null, "featuretypelabel": "Channel Line", "huc12": "140200050111"}}, {"type": "Feature", "geometry": {"type": "LineString", "coordinates": [[-107.82073027633977, 39.01944560532947, 0.0], [-107.8211140098575, 39.019026138926016, 0.0], [-107.82126047607098, 39.01886613942644, 0.0], [-107.82149067619005, 39.01860673874976, 0.0], [-107.82161601076902, 39.01844680616106, 0.0], [-107.82179027603134, 39.01823720679243, 0.0], [-107.8219082106046, 39.01802787266911, 0.0], [-107.82192034328429, 39.01779707268402, 0.0], [-107.82191807578513, 39.017527939172155, 0.0], [-107.8218735429122, 39.01725907296714, 0.0], [-107.82182867602963, 39.01694620563694, 0.0], [-107.82178281057377, 39.01652347282161, 0.0], [-107.82165260970099, 39.01611220578017, 0.0], [-107.8214954763765, 39.015843873011136, 0.0], [-107.82128221066003, 39.015608738352086, 0.0], [-107.82115441012478, 39.015477606526154, 0.0], [-107.82091427610297, 39.01523713849843, 0.0]]}, "properties": {"gnisidlabel": null, "featuretypelabel": "Channel Line", "huc12": "140200050111"}}, {"type": "Feature", "geometry": {"type": "LineString", "coordinates": [[-107.91404820988105, 38.86436300602401, 0.0], [-107.91407287542359, 38.863884872531585, 0.0], [-107.91413387639639, 38.863631073653, 0.0], [-107.91433187617521, 38.8631756727791, 0.0], [-107.91452040998139, 38.86287820633986, 0.0], [-107.9146740769185, 38.862743673719116, 0.0], [-107.91501767615527, 38.862528005941414, 0.0], [-107.9151508105607, 38.86245707251006, 0.0], [-107.915330676047, 38.862394005762475, 0.0], [-107.91546920992012, 38.862273406126754, 0.0], [-107.91566207558418, 38.86219200585531, 0.0], [-107.91575567629535, 38.86212660638575, 0.0], [-107.91618287654649, 38.86177360581892, 0.0], [-107.91652761011152, 38.861377605981765, 0.0], [-107.91666801010714, 38.86129747299293, 0.0], [-107.91688627583932, 38.861242472995635, 0.0], [-107.91743907574235, 38.86124667300765, 0.0], [-107.91763267617014, 38.86122387224643, 0.0], [-107.91825700923533, 38.86109107272864, 0.0], [-107.91850320904162, 38.8610128728213, 0.0], [-107.9186642766083, 38.86094580623824, 0.0], [-107.91974661030247, 38.86041420629034, 0.0], [-107.92025847653238, 38.86018520588361, 0.0], [-107.92060041012553, 38.860055005577614, 0.0], [-107.92150687530322, 38.85979360601561, 0.0], [-107.9226874093989, 38.85948467236505, 0.0], [-107.92381847594022, 38.859208672765256, 0.0], [-107.92419560935176, 38.859167606700204, 0.0], [-107.92715180981759, 38.858138605576066, 0.0], [-107.92774627574921, 38.857997473319294, 0.0], [-107.92787860978638, 38.85794020608437, 0.0], [-107.92813007587897, 38.85778967253273, 0.0]]}, "properties": {"gnisidlabel": null, "featuretypelabel": "Channel Line", "huc12": "140200050105"}}, {"type": "Feature", "geometry": {"type": "LineString", "coordinates": [[-107.79627114213922, 39.054421072579906, 0.0], [-107.7956005433498, 39.05424860578964, 0.0], [-107.7952743429391, 39.0539865385045, 0.0], [-107.79502660993072, 39.05383947347638, 0.0], [-107.7947204762084, 39.053451005683115, 0.0], [-107.79450700933752, 39.053188406483166, 0.0], [-107.79423694233104, 39.05289313950911, 0.0], [-107.79399787569992, 39.05279000602579, 0.0]]}, "properties": {"gnisidlabel": null, "featuretypelabel": "Channel Line", "huc12": "140200050111"}}, {"type": "Feature", "geometry": {"type": "LineString", "coordinates": [[-107.77533047586101, 39.02156527335903, 0.0], [-107.77554927590073, 39.02163013932373, 0.0], [-107.77576467617554, 39.02216740564367, 0.0], [-107.77609294319241, 39.022720606266475, 0.0], [-107.77644274319042, 39.023328672865354, 0.0], [-107.77672687567348, 39.02364040652503, 0.0], [-107.77718634283134, 39.0238689387804, 0.0], [-107.77738707622905, 39.02432387276886, 0.0], [-107.77748047598504, 39.02455413898115, 0.0], [-107.7775521432901, 39.02471860603203, 0.0], [-107.7775298759232, 39.02507947293023, 0.0]]}, "properties": {"gnisidlabel": null, "featuretypelabel": "Channel Line", "huc12": "140200050111"}}, {"type": "Feature", "geometry": {"type": "LineString", "coordinates": [[-107.84499287586188, 39.027566339017326, 0.0], [-107.84499341064542, 39.0275650728129, 0.0], [-107.84500201016306, 39.02754680618299, 0.0], [-107.84500881077274, 39.02742960614776, 0.0], [-107.8449904096899, 39.027258806024214, 0.0], [-107.84497367583448, 39.02713307323445, 0.0], [-107.84497920972015, 39.02697980597229, 0.0], [-107.84499827551753, 39.02688020562564, 0.0], [-107.84507287510343, 39.02672527235944, 0.0], [-107.84511481071856, 39.02661620656367, 0.0], [-107.84512047596526, 39.026471805438185, 0.0], [-107.8451024757489, 39.02631007299015, 0.0], [-107.84507367641652, 39.02616667347464, 0.0], [-107.84504507656642, 39.02603227356996, 0.0], [-107.84507360983397, 39.025878272822666, 0.0], [-107.84512441017155, 39.02570600604465, 0.0], [-107.84515261023189, 39.02554307288097, 0.0], [-107.84519187556342, 39.02537100655551, 0.0], [-107.84526681011342, 39.02522507217846, 0.0], [-107.8453630109803, 39.025033406066264, 0.0], [-107.84546107648511, 39.02488687357277, 0.0], [-107.84551487656506, 39.02478647293253, 0.0], [-107.84555741030493, 39.02469540676076, 0.0], [-107.8455534104004, 39.024596406349325, 0.0], [-107.84552681041215, 39.02450687297109, 0.0], [-107.8454536100715, 39.024409606045964, 0.0], [-107.84540227522669, 39.0242846729042, 0.0], [-107.84538620949616, 39.02416807245255, 0.0], [-107.84536627682135, 39.02396127371489, 0.0], [-107.84538361075529, 39.0238168057065, 0.0], [-107.8454014755491, 39.023690205793756, 0.0]]}, "properties": {"gnisidlabel": null, "featuretypelabel": "Channel Line", "huc12": "140200050111"}}, {"type": "Feature", "geometry": {"type": "LineString", "coordinates": [[-107.84644674340984, 39.004129273116064, 0.0], [-107.84612987588167, 39.00326667343567, 0.0]]}, "properties": {"gnisidlabel": null, "featuretypelabel": "Waterbody Connector", "huc12": "140200050111"}}, {"type": "Feature", "geometry": {"type": "LineString", "coordinates": [[-107.80486141043376, 39.056335405788246, 0.0], [-107.80488861079965, 39.05633480605935, 0.0], [-107.80535287608947, 39.056242472911, 0.0], [-107.80562047531947, 39.05621347298396, 0.0]]}, "properties": {"gnisidlabel": null, "featuretypelabel": "Channel Line", "huc12": "140200050111"}}, {"type": "Feature", "geometry": {"type": "LineString", "coordinates": [[-107.84636881032633, 39.04528387300324, 0.0], [-107.84653020976701, 39.04510880642776, 0.0], [-107.84671381065583, 39.04497820615096, 0.0], [-107.84671421007458, 39.044977939638855, 0.0]]}, "properties": {"gnisidlabel": null, "featuretypelabel": "Channel Line", "huc12": "140200050111"}}, {"type": "Feature", "geometry": {"type": "LineString", "coordinates": [[-107.81542227663488, 39.01125567234774, 0.0], [-107.81552440944081, 39.011208206264925, 0.0], [-107.81563867615337, 39.011178406580626, 0.0], [-107.81578861057537, 39.01117480575909, 0.0], [-107.81591341017, 39.01111767285366, 0.0], [-107.81604860960113, 39.01103340645263, 0.0], [-107.81617261001406, 39.01095827265747, 0.0], [-107.81634387600592, 39.010909072656744, 0.0], [-107.81648021090378, 39.01085180641152, 0.0], [-107.81655881095519, 39.010795806146646, 0.0], [-107.81666961019933, 39.01067600585103, 0.0], [-107.8166886751834, 39.010576472565155, 0.0], [-107.81668361009199, 39.010450472615695, 0.0], [-107.81663067621152, 39.010280606496075, 0.0], [-107.8165890104803, 39.010101405876426, 0.0], [-107.81660701036043, 39.00997480628428, 0.0], [-107.8166818093296, 39.00981987289154, 0.0], [-107.81679247646952, 39.00970007297487, 0.0], [-107.81692761034337, 39.009615672933364, 0.0], [-107.81708627609622, 39.00953980593032, 0.0], [-107.81727887521998, 39.00944507259212, 0.0], [-107.81746161093648, 39.009395606411985, 0.0], [-107.81769961065247, 39.00928167319352, 0.0], [-107.8179390098547, 39.00920387343655, 0.0], [-107.81822600975816, 39.00916087308655, 0.0], [-107.81848847579543, 39.00908247311632, 0.0], [-107.81868307616293, 39.00904180561509, 0.0], [-107.81886547620863, 39.008983272346505, 0.0], [-107.81908047643113, 39.00887000600216, 0.0], [-107.81927200956653, 39.008748205855326, 0.0], [-107.81943167631455, 39.00869927289961, 0.0], [-107.81953227653042, 39.00861580600152, 0.0], [-107.81961047639935, 39.00855087281093, 0.0], [-107.81970167602834, 39.008521606406354, 0.0], [-107.81983940956084, 39.008500272931784, 0.0], [-107.8199086096871, 39.00849860622597, 0.0], [-107.81997647704476, 39.00846087332874, 0.0], [-107.8200658099152, 39.0083866731816, 0.0], [-107.82014261036996, 39.0082856733021, 0.0], [-107.82022087594864, 39.00822067325529, 0.0], [-107.82032361065895, 39.00819127325559, 0.0], [-107.82045021033129, 39.008179073342895, 0.0], [-107.82059980986782, 39.00816660598977, 0.0], [-107.82071520966844, 39.00816380565377, 0.0], [-107.82081860927917, 39.00815227300911, 0.0], [-107.82092100907272, 39.008113672434106, 0.0], [-107.82100027614334, 39.008075805437265, 0.0], [-107.82110307627535, 39.00804620587395, 0.0], [-107.82117200968992, 39.00803560609198, 0.0], [-107.82123940961317, 39.00798887382559, 0.0], [-107.82130600981866, 39.007924206728816, 0.0], [-107.8214076763967, 39.00786767293402, 0.0], [-107.82162440990507, 39.007799406192945, 0.0], [-107.82177327582035, 39.007768805457744, 0.0], [-107.8219114110129, 39.00775640672414, 0.0], [-107.82203787663889, 39.007744405639365, 0.0], [-107.82214067699961, 39.00771480606482, 0.0], [-107.8222770099934, 39.007657473725956, 0.0], [-107.82242441004746, 39.00759087323836, 0.0], [-107.82257327597061, 39.00756020572224, 0.0], [-107.82269941088879, 39.007539205580144, 0.0], [-107.82284980990691, 39.0075444728407, 0.0], [-107.82301200907966, 39.00755860644876, 0.0], [-107.82323227633022, 39.00758027322644, 0.0], [-107.82337220925115, 39.00761287358988, 0.0], [-107.8235354101721, 39.0076540066569, 0.0], [-107.8236640759419, 39.0076960066343, 0.0], [-107.82378087610724, 39.00772920645654, 0.0], [-107.82396620981314, 39.007742672932686, 0.0], [-107.82416367600875, 39.007773873201465, 0.0], [-107.82429061029475, 39.00777087277452, 0.0], [-107.82446401094629, 39.00777567346427, 0.0], [-107.8246726760993, 39.00779760599086, 0.0], [-107.8247658096671, 39.00781340611429, 0.0], [-107.82497380965859, 39.00781740638702, 0.0], [-107.8251694760934, 39.00780367357754, 0.0], [-107.82532987699176, 39.00777267254472, 0.0], [-107.82537401018526, 39.007768938939606, 0.0]]}, "properties": {"gnisidlabel": "Caesar Creek", "featuretypelabel": "Channel Line", "huc12": "140200050111"}}, {"type": "Feature", "geometry": {"type": "LineString", "coordinates": [[-107.84559894251362, 39.00525127299437, 0.0], [-107.84644674340984, 39.004129273116064, 0.0]]}, "properties": {"gnisidlabel": null, "featuretypelabel": "Waterbody Connector", "huc12": "140200050111"}}, {"type": "Feature", "geometry": {"type": "LineString", "coordinates": [[-107.95900867613898, 38.812965405346866, 0.0], [-107.95893507592749, 38.81292487347753, 0.0], [-107.95897987603949, 38.81287160523017, 0.0]]}, "properties": {"gnisidlabel": null, "featuretypelabel": "Waterbody Connector", "huc12": "140200050105"}}, {"type": "Feature", "geometry": {"type": "LineString", "coordinates": [[-107.85321574395883, 39.057036538413165, 0.0], [-107.85282087616552, 39.05700020532619, 0.0], [-107.8524323436521, 39.056881473135746, 0.0], [-107.85214187519459, 39.05669633905365, 0.0], [-107.85164594307126, 39.05638593856664, 0.0], [-107.85097420940669, 39.056109406215946, 0.0], [-107.85032460914746, 39.055937205355555, 0.0], [-107.84998534371991, 39.05581267242691, 0.0], [-107.84941387583017, 39.05572240547074, 0.0], [-107.84910300949626, 39.05561973844989, 0.0], [-107.84869427639944, 39.055623938975884, 0.0]]}, "properties": {"gnisidlabel": null, "featuretypelabel": "Channel Line", "huc12": "140200050111"}}, {"type": "Feature", "geometry": {"type": "LineString", "coordinates": [[-107.86074527634291, 39.02676960614069, 0.0], [-107.86065401010292, 39.02673127333975, 0.0], [-107.86050220986944, 39.026690006294, 0.0], [-107.86044047679675, 39.02659240553209, 0.0], [-107.86034461008533, 39.02650460541696, 0.0], [-107.86023421023495, 39.026345206306075, 0.0], [-107.8601714097313, 39.026220606471824, 0.0], [-107.86003967570262, 39.0261066728277, 0.0], [-107.85994307581251, 39.02600100664248, 0.0], [-107.85983420906858, 39.025877605389496, 0.0], [-107.85976167589459, 39.02579820608905, 0.0], [-107.85968847590817, 39.02570100605607, 0.0], [-107.85960441001005, 39.02562187338553, 0.0]]}, "properties": {"gnisidlabel": null, "featuretypelabel": "Channel Line", "huc12": "140200050111"}}, {"type": "Feature", "geometry": {"type": "LineString", "coordinates": [[-107.86780954267569, 39.05977400652571, 0.0], [-107.86856321019815, 39.05975880636812, 0.0], [-107.86899394283944, 39.05986627310756, 0.0], [-107.86981161056865, 39.05991113891558, 0.0], [-107.87038794237131, 39.05976513881031, 0.0], [-107.87088740977946, 39.05968540550517, 0.0], [-107.87125281049677, 39.05952940592865, 0.0]]}, "properties": {"gnisidlabel": null, "featuretypelabel": "Channel Line", "huc12": "140200050111"}}, {"type": "Feature", "geometry": {"type": "LineString", "coordinates": [[-107.83371941039279, 39.0664226058324, 0.0], [-107.83221880945067, 39.065200873456895, 0.0]]}, "properties": {"gnisidlabel": null, "featuretypelabel": "Waterbody Connector", "huc12": "140200050111"}}, {"type": "Feature", "geometry": {"type": "LineString", "coordinates": [[-107.82922987636086, 39.04910207367222, 0.0], [-107.8323442770019, 39.0473912730234, 0.0]]}, "properties": {"gnisidlabel": null, "featuretypelabel": "Waterbody Connector", "huc12": "140200050111"}}, {"type": "Feature", "geometry": {"type": "LineString", "coordinates": [[-107.84998514325419, 39.02327920578228, 0.0], [-107.84953714215624, 39.02278727247609, 0.0], [-107.84922360935639, 39.022371538604965, 0.0], [-107.84883901100449, 39.02187373906871, 0.0], [-107.84858214234735, 39.02149067329638, 0.0], [-107.8482908098114, 39.021195605694324, 0.0], [-107.84785247540079, 39.020994738761864, 0.0], [-107.84727914219106, 39.020657272520474, 0.0], [-107.84705941051504, 39.02048813901452, 0.0], [-107.8468790764828, 39.02025740597825, 0.0]]}, "properties": {"gnisidlabel": null, "featuretypelabel": "Channel Line", "huc12": "140200050111"}}, {"type": "Feature", "geometry": {"type": "LineString", "coordinates": [[-107.89220900994894, 39.053722873550214, 0.0], [-107.89216721037029, 39.05375547270575, 0.0], [-107.89213481054144, 39.053810273388855, 0.0], [-107.89202201031553, 39.05387620624665, 0.0], [-107.89191920963185, 39.05390567331589, 0.0], [-107.89172300920616, 39.05391067282638, 0.0], [-107.89152667580876, 39.053915472605674, 0.0], [-107.89133061010823, 39.05392040595043, 0.0], [-107.89114701001066, 39.05395200590701, 0.0], [-107.89095440914038, 39.05404680550326, 0.0], [-107.89074960937819, 39.05412400583878, 0.0], [-107.89061361053484, 39.0541904056237, 0.0], [-107.89050147533457, 39.0542742734461, 0.0], [-107.8904702102298, 39.05435607310152, 0.0], [-107.89044147587634, 39.0545010064271, 0.0], [-107.89044627608718, 39.0546180056128, 0.0], [-107.89050001016727, 39.05480580626796, 0.0], [-107.89057527610153, 39.05494807339336, 0.0], [-107.89064100970927, 39.05514467258797, 0.0], [-107.89072880952155, 39.0553136733627, 0.0], [-107.8907830100881, 39.05551060630174, 0.0], [-107.89086007519832, 39.05569780544532, 0.0], [-107.89093627609365, 39.05586707306004, 0.0]]}, "properties": {"gnisidlabel": null, "featuretypelabel": "Channel Line", "huc12": "140200050111"}}, {"type": "Feature", "geometry": {"type": "LineString", "coordinates": [[-107.80055547523749, 39.01589307307105, 0.0], [-107.80093587597898, 39.01587500631681, 0.0], [-107.80169887558299, 39.01621247224935, 0.0], [-107.80204507614918, 39.01638900637137, 0.0], [-107.80249747565315, 39.01661227314796, 0.0], [-107.80329507647166, 39.016881405932544, 0.0], [-107.80351381028318, 39.016966206519, 0.0], [-107.80400187511505, 39.01725627309145, 0.0], [-107.80434087631116, 39.01739227311459, 0.0], [-107.80494747541978, 39.01755340647654, 0.0], [-107.80525827617248, 39.01760900523353, 0.0]]}, "properties": {"gnisidlabel": null, "featuretypelabel": "Channel Line", "huc12": "140200050111"}}, {"type": "Feature", "geometry": {"type": "LineString", "coordinates": [[-107.87172447519833, 38.97807140612264, 0.0], [-107.87178567600715, 38.97787167266196, 0.0], [-107.87183347673502, 38.9776272061596, 0.0], [-107.8718932096558, 38.97739160609473, 0.0], [-107.8718714759719, 38.97713980629118, 0.0], [-107.87184840990129, 38.97685207262406, 0.0], [-107.87179020938036, 38.976556206100106, 0.0], [-107.87169561009861, 38.976216206262926, 0.0], [-107.87170480994193, 38.97587360576265, 0.0], [-107.87178767582684, 38.97563740624122, 0.0], [-107.87188807618011, 38.975553873004586, 0.0], [-107.87207801021671, 38.97539600547963, 0.0], [-107.87225520981033, 38.97521147386653, 0.0], [-107.87245247575105, 38.974954272870505, 0.0], [-107.87262500988703, 38.97465280517921, 0.0], [-107.87274421009297, 38.97446067290861, 0.0], [-107.87279381046625, 38.97426120578986, 0.0], [-107.87285707606146, 38.97411547313893, 0.0], [-107.87285881075206, 38.97407040606687, 0.0], [-107.87286220938469, 38.973953205191684, 0.0], [-107.87282247660735, 38.973828072405134, 0.0], [-107.87276801009547, 38.97362220619122, 0.0], [-107.87279420934343, 38.97341440569274, 0.0], [-107.87292527596475, 38.97323100610366, 0.0], [-107.87317207582105, 38.97305367356444, 0.0], [-107.87342880980219, 38.97284020560749, 0.0], [-107.87365220969251, 38.97265447304429, 0.0], [-107.87386527621405, 38.97250507223293, 0.0], [-107.87417841052928, 38.972254072910715, 0.0], [-107.8743778760027, 38.972051005532485, 0.0], [-107.8745644755398, 38.97181207301637, 0.0], [-107.87475421093414, 38.97165427281863, 0.0], [-107.87500427559154, 38.97155807312213, 0.0], [-107.87541821101291, 38.971520873395846, 0.0], [-107.87561807595908, 38.971475272473874, 0.0], [-107.87577381037269, 38.97146700646083, 0.0], [-107.87590100984065, 38.97147287286246, 0.0], [-107.87609587568872, 38.971441006134256, 0.0], [-107.8762562100288, 38.97141007286538, 0.0], [-107.87642700962152, 38.9713518064427, 0.0], [-107.87659807593288, 38.971302472830686, 0.0], [-107.87676920975281, 38.971253273340416, 0.0], [-107.87715681073135, 38.97113560548051, 0.0], [-107.87733947559282, 38.97108607378598, 0.0], [-107.87749801001425, 38.97101007243998, 0.0], [-107.87764347598053, 38.97089840602311, 0.0], [-107.87780087582159, 38.9707954061552, 0.0], [-107.8781476759384, 38.970525606033924, 0.0], [-107.87828127597848, 38.97040507317328, 0.0], [-107.8784834094692, 38.97026500602057, 0.0], [-107.87877180986592, 38.96997860610249, 0.0]]}, "properties": {"gnisidlabel": "Milk Creek", "featuretypelabel": "Channel Line", "huc12": "140200050111"}}, {"type": "Feature", "geometry": {"type": "LineString", "coordinates": [[-107.82121760956514, 39.06396207292341, 0.0], [-107.82497927574016, 39.06403987317871, 0.0], [-107.82906240936163, 39.06654667263644, 0.0], [-107.8301486094098, 39.06684187229185, 0.0], [-107.83124341052655, 39.066819206311614, 0.0]]}, "properties": {"gnisidlabel": null, "featuretypelabel": "Waterbody Connector", "huc12": "140200050111"}}, {"type": "Feature", "geometry": {"type": "LineString", "coordinates": [[-107.88474221017856, 39.03768787283521, 0.0], [-107.88432141048865, 39.03813007346033, 0.0]]}, "properties": {"gnisidlabel": null, "featuretypelabel": "Waterbody Connector", "huc12": "140200050111"}}, {"type": "Feature", "geometry": {"type": "LineString", "coordinates": [[-107.88859547655319, 39.0390611390402, 0.0], [-107.8883775432048, 39.039155072771216, 0.0], [-107.88813840910187, 39.03922713894377, 0.0], [-107.88771841018776, 39.03946487275618, 0.0]]}, "properties": {"gnisidlabel": null, "featuretypelabel": "Channel Line", "huc12": "140200050111"}}, {"type": "Feature", "geometry": {"type": "LineString", "coordinates": [[-107.8650214755515, 39.01190320649167, 0.0], [-107.86498040910101, 39.011742073099335, 0.0], [-107.86495080969816, 39.011580605605886, 0.0], [-107.86490947578947, 39.01141947334531, 0.0]]}, "properties": {"gnisidlabel": "Milk Creek", "featuretypelabel": "Channel Line", "huc12": "140200050111"}}, {"type": "Feature", "geometry": {"type": "LineString", "coordinates": [[-107.87875507563075, 39.04758247300542, 0.0], [-107.87660581094079, 39.04792927287233, 0.0]]}, "properties": {"gnisidlabel": null, "featuretypelabel": "Waterbody Connector", "huc12": "140200050111"}}, {"type": "Feature", "geometry": {"type": "LineString", "coordinates": [[-107.8479021435275, 39.071917606406096, 0.0], [-107.84876881033986, 39.07191840593306, 0.0], [-107.84936907539047, 39.07206347315811, 0.0], [-107.85001047526465, 39.072087472654005, 0.0], [-107.85089907580024, 39.0721650731779, 0.0], [-107.85137101006572, 39.07214600549594, 0.0], [-107.85191134246958, 39.071901406089374, 0.0], [-107.85229027582614, 39.071723539381445, 0.0], [-107.85246160929172, 39.071608073144894, 0.0]]}, "properties": {"gnisidlabel": null, "featuretypelabel": "Channel Line", "huc12": "140200050111"}}, {"type": "Feature", "geometry": {"type": "LineString", "coordinates": [[-107.78977054270025, 39.042163939575026, 0.0], [-107.7901120098924, 39.04097693912167, 0.0]]}, "properties": {"gnisidlabel": null, "featuretypelabel": "Waterbody Connector", "huc12": "140200050111"}}, {"type": "Feature", "geometry": {"type": "LineString", "coordinates": [[-107.82905767605583, 39.051493806633616, 0.0], [-107.82906827670486, 39.05142140618631, 0.0], [-107.82900447627816, 39.05126980662783, 0.0], [-107.82892841045637, 39.05110040660307, 0.0], [-107.8288660101433, 39.05098487290243, 0.0], [-107.82880287603803, 39.050851272323236, 0.0], [-107.82879820962933, 39.05073427318811, 0.0], [-107.82874707534803, 39.05060940559949, 0.0], [-107.82865900992216, 39.05043140565806, 0.0], [-107.82858521024458, 39.05031600612988, 0.0], [-107.82853207670233, 39.05014607351705, 0.0], [-107.82845827587224, 39.05003080545693, 0.0], [-107.82845167568729, 39.05001747287561, 0.0]]}, "properties": {"gnisidlabel": null, "featuretypelabel": "Channel Line", "huc12": "140200050111"}}, {"type": "Feature", "geometry": {"type": "LineString", "coordinates": [[-107.87877180986592, 38.96997860610249, 0.0], [-107.8788686761237, 38.96980507319915, 0.0], [-107.87903140946251, 38.96954880675344, 0.0], [-107.87913827661653, 38.96933887266222, 0.0], [-107.87929167647401, 38.969137005670646, 0.0], [-107.87941200993605, 38.968971873029936, 0.0], [-107.87951060951505, 38.96884320669858, 0.0], [-107.87980200962168, 38.96862887254067, 0.0], [-107.88000220915433, 38.96844367312779, 0.0], [-107.8804118764822, 38.968019206535374, 0.0], [-107.8806004105742, 38.96782527356773, 0.0], [-107.88079727612217, 38.96755927324214, 0.0], [-107.88098407541514, 38.967329405970254, 0.0], [-107.88113720992612, 38.96711840534125, 0.0], [-107.8812918761332, 38.96695240628787, 0.0], [-107.88144381040122, 38.96671440610914, 0.0], [-107.88171967664613, 38.966401273705756, 0.0], [-107.88211860955664, 38.965995005292356, 0.0], [-107.88246287551016, 38.96566220668445, 0.0], [-107.88283021066016, 38.96532880612726, 0.0], [-107.88309701096901, 38.965079006362366, 0.0], [-107.8831974097403, 38.96499540600392, 0.0], [-107.88333960983381, 38.96480267291504, 0.0], [-107.88353687670669, 38.96454547348195, 0.0], [-107.883839275992, 38.964033606313535, 0.0], [-107.88408940996565, 38.963658005776814, 0.0], [-107.88428527643231, 38.963364873104396, 0.0], [-107.88432661081224, 38.96324667329033, 0.0], [-107.88435721008398, 38.963146873222684, 0.0], [-107.88437481017549, 38.96301127308583, 0.0], [-107.88435701079509, 38.9628586062324, 0.0], [-107.8843310104487, 38.9627872061477, 0.0], [-107.8843062096791, 38.962742806101225, 0.0], [-107.88430541035727, 38.96272467272793, 0.0], [-107.88430367658906, 38.9626796732916, 0.0], [-107.88432407618465, 38.96261607324506, 0.0], [-107.8842974767078, 38.96252680599468, 0.0], [-107.88429407588868, 38.962445673032306, 0.0], [-107.8843244089613, 38.96233687324894, 0.0], [-107.88435680981888, 38.96228207363838, 0.0], [-107.88441287590092, 38.96224460665744, 0.0], [-107.88448060993075, 38.962206872651514, 0.0], [-107.88450360944287, 38.96220640643124, 0.0], [-107.88453640917288, 38.962160473478235, 0.0], [-107.88455800989995, 38.962123805829144, 0.0], [-107.88464301106768, 38.96194160592149, 0.0], [-107.8847418769674, 38.96182200617845, 0.0], [-107.88481860955632, 38.961721006156594, 0.0], [-107.88493100997638, 38.96164620563971, 0.0], [-107.8850542109596, 38.961553072943865, 0.0], [-107.88515421080824, 38.96146047272075, 0.0], [-107.88519561053995, 38.96134240612078, 0.0], [-107.88520081032638, 38.96118907303278, 0.0], [-107.88524827635386, 38.96093567349564, 0.0], [-107.8853210091123, 38.96073560639504, 0.0], [-107.88539540931694, 38.960580606080114, 0.0], [-107.88549440987794, 38.96046107265653, 0.0], [-107.88563987590754, 38.96034940644749, 0.0], [-107.88577567639614, 38.96028287292825, 0.0], [-107.8859464104721, 38.9602246062342, 0.0], [-107.88609381046278, 38.96015787356779, 0.0], [-107.88618407582835, 38.96011067374959, 0.0], [-107.88627341050818, 38.960036406821835, 0.0], [-107.88629387575413, 38.9599728057175, 0.0], [-107.8863114756506, 38.95983727376468, 0.0], [-107.88643947579772, 38.95958180652326, 0.0], [-107.88652447633397, 38.959399605300746, 0.0], [-107.88663347525383, 38.95924367301092, 0.0], [-107.8867884100703, 38.959077672840486, 0.0], [-107.88701187536152, 38.95890100649205, 0.0], [-107.88743867558772, 38.958611072756334, 0.0], [-107.88770761035765, 38.958415206263496, 0.0], [-107.88786567611652, 38.95833027306498, 0.0], [-107.88828487649084, 38.95813980642138, 0.0], [-107.88859087587831, 38.95800607301411, 0.0], [-107.88878327615525, 38.95791120611856, 0.0], [-107.88903067652241, 38.95775180519878, 0.0], [-107.88917540970111, 38.9576222059992, 0.0], [-107.88931080941575, 38.95754667297364, 0.0], [-107.88940001078825, 38.957472406108394, 0.0], [-107.88957867607922, 38.95732387287953, 0.0], [-107.88980441065755, 38.95720120627977, 0.0], [-107.8899398096874, 38.95712580588776, 0.0], [-107.89005181019496, 38.957041872626895, 0.0], [-107.89015187556727, 38.9569494062399, 0.0], [-107.89020547555558, 38.95684887338509, 0.0], [-107.89028107688753, 38.95672087360472, 0.0], [-107.89031907570677, 38.956521806732695, 0.0], [-107.89034640945654, 38.956340872640254, 0.0], [-107.89043087566611, 38.9561496062462, 0.0], [-107.8906132760184, 38.95581167273865, 0.0], [-107.89076700966122, 38.955618805321535, 0.0], [-107.89095607541968, 38.95544287260569, 0.0], [-107.89113640981921, 38.95533927311977, 0.0], [-107.89134167587943, 38.95528020562316, 0.0], [-107.89161580963612, 38.95521040581359, 0.0], [-107.89180961041676, 38.95515147314707, 0.0], [-107.89195681022652, 38.95508480575256, 0.0], [-107.89211241006194, 38.95493680650335, 0.0], [-107.89219980896861, 38.954817473283725, 0.0], [-107.89229727596619, 38.95466187320882, 0.0], [-107.89238661032844, 38.9545876062224, 0.0], [-107.89252087557541, 38.954485205824795, 0.0], [-107.89272467599662, 38.95439000655273, 0.0], [-107.89288567569419, 38.95437700554954, 0.0], [-107.89312480972502, 38.95429900651976, 0.0], [-107.89338741041516, 38.95422940584109, 0.0], [-107.89360381026317, 38.954161073493914, 0.0], [-107.89382141041816, 38.95411960552747, 0.0], [-107.89397087539848, 38.95410687304983, 0.0], [-107.8940956762469, 38.95405880567708, 0.0], [-107.89424307625285, 38.95399200614657, 0.0], [-107.89464281045642, 38.95389200636649, 0.0], [-107.89478040976499, 38.95387047280286, 0.0], [-107.89495141062227, 38.953821272999804, 0.0], [-107.89514560971041, 38.95377140603391, 0.0], [-107.89545207551062, 38.9536466730639, 0.0], [-107.89564467607566, 38.95356080627665, 0.0], [-107.89581461050722, 38.95348460651426, 0.0], [-107.89633487610311, 38.95322827298519, 0.0], [-107.89657221029701, 38.95310540632457, 0.0], [-107.89669601061192, 38.95303020524072, 0.0], [-107.89684301091846, 38.952954472770855, 0.0], [-107.89711627514227, 38.95286660612413, 0.0], [-107.89730781018936, 38.952753673054346, 0.0], [-107.89760347685954, 38.95264720638349, 0.0], [-107.89787487644789, 38.952514406008554, 0.0], [-107.89817021057887, 38.95239900565712, 0.0], [-107.89837660929466, 38.952366805828895, 0.0], [-107.89848967581791, 38.952309872317024, 0.0], [-107.89862621022084, 38.95226147338596, 0.0], [-107.89872727588066, 38.952195873090226, 0.0], [-107.89885947597084, 38.95203947371555, 0.0]]}, "properties": {"gnisidlabel": "Milk Creek", "featuretypelabel": "Channel Line", "huc12": "140200050111"}}, {"type": "Feature", "geometry": {"type": "LineString", "coordinates": [[-107.88969821048737, 39.046343673001545, 0.0], [-107.88911421020038, 39.04641780588547, 0.0]]}, "properties": {"gnisidlabel": null, "featuretypelabel": "Waterbody Connector", "huc12": "140200050111"}}, {"type": "Feature", "geometry": {"type": "LineString", "coordinates": [[-107.82375867624802, 39.02109927255326, 0.0], [-107.82374320982349, 39.02100060638838, 0.0], [-107.82375087590225, 39.020901272630645, 0.0], [-107.8237926752845, 39.020792205653834, 0.0], [-107.82386881004338, 39.02067320593235, 0.0], [-107.82400261033615, 39.02055287307496, 0.0], [-107.82413600991826, 39.020423473172045, 0.0], [-107.82425867561956, 39.02031240622155, 0.0], [-107.82442841017514, 39.020227205933764, 0.0], [-107.82454060975972, 39.02014340588766, 0.0], [-107.8246534762401, 39.02007760674592, 0.0], [-107.82483587594781, 39.02001907381894, 0.0], [-107.8249852754772, 39.019997472924494, 0.0], [-107.82514680985798, 39.01999360571029, 0.0], [-107.82526327632476, 39.02001780547946, 0.0], [-107.82543547569146, 39.019995606343464, 0.0], [-107.82561801079522, 39.01993707342289, 0.0], [-107.82577767611177, 39.019888206372336, 0.0], [-107.82599507574835, 39.01983780607216, 0.0], [-107.82623721035571, 39.019823005743504, 0.0], [-107.8264452092307, 39.019826873225696, 0.0], [-107.8266892103074, 39.019866072788396, 0.0], [-107.82683947590739, 39.019871472915824, 0.0], [-107.8269794107775, 39.019904073014594, 0.0], [-107.82707140976483, 39.01989287327976, 0.0], [-107.82722100960875, 39.019880206131205, 0.0]]}, "properties": {"gnisidlabel": null, "featuretypelabel": "Channel Line", "huc12": "140200050111"}}, {"type": "Feature", "geometry": {"type": "LineString", "coordinates": [[-107.83587027593218, 39.021971873620764, 0.0], [-107.83589541044249, 39.02193080622891, 0.0], [-107.83594787589335, 39.021803406246306, 0.0], [-107.83605760965193, 39.021656606549165, 0.0], [-107.8362242093241, 39.021490405960314, 0.0], [-107.83633407556002, 39.02135260549549, 0.0], [-107.83646720929401, 39.02121420540106, 0.0], [-107.83662367700792, 39.02108420668994, 0.0], [-107.83668901071773, 39.02098360585794, 0.0], [-107.83685447679201, 39.020790406734534, 0.0], [-107.83695220933677, 39.020634805498034, 0.0], [-107.8370268760016, 39.020479806124065, 0.0], [-107.83706941001293, 39.02038867262205, 0.0], [-107.83709967547507, 39.02027980617211, 0.0], [-107.83704927688488, 39.020173006635694, 0.0], [-107.8369530094796, 39.020076206339375, 0.0], [-107.8368584754266, 39.02002447281807, 0.0], [-107.83670461093223, 39.01992907225652, 0.0], [-107.83651527624373, 39.019816605793416, 0.0], [-107.83634940929457, 39.01971260672173, 0.0], [-107.83625287601141, 39.01960680597471, 0.0], [-107.8361216763187, 39.01950187294055, 0.0], [-107.83599040922743, 39.01939700625675, 0.0], [-107.83582527562541, 39.019310873271095, 0.0], [-107.83570587550368, 39.01921467251319, 0.0], [-107.83559707644284, 39.01909120650407, 0.0], [-107.83550081023517, 39.01899440581988, 0.0], [-107.83540380982592, 39.01887960577204, 0.0], [-107.83531841032496, 39.018764605440076, 0.0], [-107.83525567597837, 39.01864000598933, 0.0], [-107.8351926102226, 39.01850647310784, 0.0], [-107.8350718094341, 39.01837427324888, 0.0], [-107.83490560993825, 39.01826120623048, 0.0], [-107.8347628097231, 39.01815647353543, 0.0], [-107.83466621061551, 39.018073273026076, 0.0]]}, "properties": {"gnisidlabel": null, "featuretypelabel": "Channel Line", "huc12": "140200050111"}}, {"type": "Feature", "geometry": {"type": "LineString", "coordinates": [[-107.84701360995466, 39.0131829389144, 0.0], [-107.84720840989502, 39.01294027299448, 0.0], [-107.84750094324826, 39.012609272576974, 0.0], [-107.84775814293043, 39.01226747248147, 0.0], [-107.8479878761336, 39.01199713927154, 0.0], [-107.84828147626621, 39.011786873021805, 0.0], [-107.84853614299753, 39.01173020605338, 0.0]]}, "properties": {"gnisidlabel": null, "featuretypelabel": "Channel Line", "huc12": "140200050111"}}, {"type": "Feature", "geometry": {"type": "LineString", "coordinates": [[-107.8415030096833, 39.05817620628178, 0.0], [-107.84140281079439, 39.05799547293074, 0.0], [-107.8411551436513, 39.05787047258747, 0.0], [-107.84091334285215, 39.057613605901466, 0.0], [-107.84074974328176, 39.05743320586032, 0.0], [-107.84061481035197, 39.05731307316979, 0.0], [-107.84046600984426, 39.05720953952308, 0.0], [-107.84029600946326, 39.05710607375006, 0.0], [-107.84014727610086, 39.05701900553636, 0.0], [-107.83990660996636, 39.05688293907287, 0.0], [-107.83974307671913, 39.056713539482104, 0.0], [-107.83955461001392, 39.05664320622685, 0.0]]}, "properties": {"gnisidlabel": null, "featuretypelabel": "Channel Line", "huc12": "140200050111"}}, {"type": "Feature", "geometry": {"type": "LineString", "coordinates": [[-107.85222000985424, 39.04246060584651, 0.0], [-107.85228640994048, 39.042386873035476, 0.0], [-107.85229501011797, 39.042314606150505, 0.0], [-107.85236027558595, 39.042214005703364, 0.0]]}, "properties": {"gnisidlabel": "Bonita Creek", "featuretypelabel": "Channel Line", "huc12": "140200050111"}}, {"type": "Feature", "geometry": {"type": "LineString", "coordinates": [[-107.82491787569909, 39.017257139263215, 0.0], [-107.82530907692, 39.016936605743524, 0.0], [-107.82574334210143, 39.01669813900042, 0.0], [-107.82615747682537, 39.01658060595579, 0.0], [-107.82650087647977, 39.01641953965572, 0.0], [-107.82693600917264, 39.01628547304538, 0.0], [-107.82709027603835, 39.01622420543877, 0.0], [-107.82725827558835, 39.016119006225466, 0.0], [-107.82748094310112, 39.015837805453515, 0.0], [-107.82771054396865, 39.015540072965806, 0.0], [-107.82802567617757, 39.015362672593774, 0.0], [-107.82839007601908, 39.01519053905624, 0.0], [-107.82884554301546, 39.0149739384644, 0.0], [-107.82928741015547, 39.014801338403096, 0.0], [-107.82967360996248, 39.014711405352806, 0.0], [-107.83011600978888, 39.014599206534555, 0.0], [-107.8302666106517, 39.0145630058379, 0.0]]}, "properties": {"gnisidlabel": null, "featuretypelabel": "Channel Line", "huc12": "140200050111"}}, {"type": "Feature", "geometry": {"type": "LineString", "coordinates": [[-107.86668160942484, 39.06633040626463, 0.0], [-107.86742687659249, 39.066749206480345, 0.0]]}, "properties": {"gnisidlabel": null, "featuretypelabel": "Waterbody Connector", "huc12": "140200050111"}}, {"type": "Feature", "geometry": {"type": "LineString", "coordinates": [[-107.84290027548624, 38.98431827353712, 0.0], [-107.84292801016915, 38.984434673459816, 0.0], [-107.84300827566607, 38.984712005779905, 0.0], [-107.84313840999245, 38.98507820613916, 0.0], [-107.84329447576359, 38.9855158724358, 0.0], [-107.84362821063944, 38.98577800646044, 0.0], [-107.84395427597468, 38.985851206003886, 0.0], [-107.84434967548013, 38.98592260597948, 0.0], [-107.84483467554226, 38.98592880644084, 0.0], [-107.84518967605928, 38.98614527268162, 0.0], [-107.845604076877, 38.98640547290764, 0.0], [-107.8459984101415, 38.98645000575559, 0.0], [-107.8464312100262, 38.98659247326396, 0.0], [-107.84678041020125, 38.986665072955745, 0.0], [-107.84692487590249, 38.9868146730132, 0.0], [-107.84713027664684, 38.98704387252212, 0.0], [-107.84747667523953, 38.987332806737335, 0.0], [-107.84794587696555, 38.987519472371474, 0.0], [-107.84821947604459, 38.98743167241465, 0.0], [-107.84842920999304, 38.987480673065804, 0.0], [-107.8485380100518, 38.98760407293561, 0.0], [-107.84856940915687, 38.98781060637976, 0.0], [-107.84865447582288, 38.9879166057549, 0.0], [-107.8487484759771, 38.98795940642794, 0.0]]}, "properties": {"gnisidlabel": null, "featuretypelabel": "Channel Line", "huc12": "140200050111"}}, {"type": "Feature", "geometry": {"type": "LineString", "coordinates": [[-107.88093267639707, 39.06226920611091, 0.0], [-107.88094581080645, 39.06194340621146, 0.0]]}, "properties": {"gnisidlabel": null, "featuretypelabel": "Waterbody Connector", "huc12": "140200050111"}}, {"type": "Feature", "geometry": {"type": "LineString", "coordinates": [[-107.80819361082806, 39.00862820586217, 0.0], [-107.80833267603214, 39.00864287307185, 0.0], [-107.80848367622025, 39.00866620580118, 0.0], [-107.80865641026449, 39.008653072994335, 0.0], [-107.80880501082162, 39.00861347256912, 0.0], [-107.80897587532665, 39.008555273196116, 0.0], [-107.80911181058053, 39.00848900529529, 0.0], [-107.80928380922843, 39.00845780627044, 0.0], [-107.8094574752376, 39.008471672540615, 0.0], [-107.80958441027319, 39.008468606136674, 0.0], [-107.80967641023055, 39.00845740585872, 0.0], [-107.8097910107077, 39.00843660575483, 0.0], [-107.8098480094057, 39.008417205657345, 0.0], [-107.80989300916833, 39.00838907306528, 0.0], [-107.8099510757854, 39.008396673496236, 0.0], [-107.80998681015396, 39.008422806029365, 0.0], [-107.81003507568947, 39.00847580605172, 0.0], [-107.81005987691479, 39.00852020673554, 0.0], [-107.81009701010422, 39.00858227333673, 0.0], [-107.8101436093096, 39.00859027352008, 0.0], [-107.81024760961895, 39.008596673726565, 0.0], [-107.81031660992639, 39.0085860724317, 0.0], [-107.81037501007992, 39.008602672779, 0.0], [-107.81041200995787, 39.008664805552286, 0.0], [-107.8104368764907, 39.00870927304528, 0.0], [-107.81048440972387, 39.00874420661692, 0.0], [-107.81053087560382, 39.008752072919485, 0.0], [-107.81061280991361, 39.00877707248124, 0.0], [-107.81068300996913, 39.00880247292304, 0.0], [-107.81078940999852, 39.00886300614816, 0.0], [-107.810920210254, 39.008958872792114, 0.0], [-107.81105100925292, 39.00905487354877, 0.0], [-107.81114647655201, 39.00913360622357, 0.0], [-107.81127520957415, 39.009175605720586, 0.0], [-107.81142801055618, 39.00924387345845, 0.0], [-107.8115458101054, 39.009304205824016, 0.0], [-107.811616210118, 39.00932947293869, 0.0], [-107.81167521005597, 39.009364072689095, 0.0], [-107.81172327644718, 39.00940800555174, 0.0], [-107.81173620973887, 39.009443806459316, 0.0], [-107.81178341023174, 39.009469672672765, 0.0], [-107.81188827597379, 39.00949420559472, 0.0], [-107.81195847653662, 39.009519472804094, 0.0], [-107.81205267626717, 39.00956227288588, 0.0], [-107.81213547653543, 39.00961427316527, 0.0], [-107.81223107549022, 39.00969307291506, 0.0], [-107.81229007602258, 39.009727672329994, 0.0], [-107.8123712098009, 39.00973467270561, 0.0], [-107.81247607614738, 39.00975920597561, 0.0], [-107.81254640948565, 39.00978460655777, 0.0], [-107.81263040989107, 39.00986360652364, 0.0], [-107.81273781037154, 39.009951073411486, 0.0], [-107.81286927639101, 39.01006507319492, 0.0], [-107.8129756755824, 39.01012560618467, 0.0], [-107.81304700988417, 39.010177873464045, 0.0], [-107.81316227599591, 39.0101750729913, 0.0], [-107.81328920953335, 39.0101720728156, 0.0], [-107.81341581012575, 39.010160005705146, 0.0], [-107.81349660959074, 39.01015800609248, 0.0], [-107.81357827556582, 39.01018307306675, 0.0], [-107.81368401028739, 39.0102256060077, 0.0], [-107.81377847584753, 39.010277273076504, 0.0]]}, "properties": {"gnisidlabel": null, "featuretypelabel": "Channel Line", "huc12": "140200050111"}}, {"type": "Feature", "geometry": {"type": "LineString", "coordinates": [[-107.79399787569992, 39.05279000602579, 0.0], [-107.79396847666598, 39.05262860657869, 0.0], [-107.79391640946976, 39.05247660556195, 0.0], [-107.79382840948287, 39.05229847304163, 0.0], [-107.79372787549278, 39.05209380566537, 0.0], [-107.79359241043377, 39.05188080612495, 0.0], [-107.79351740986345, 39.05173847269316, 0.0], [-107.79343027604531, 39.0515782732012, 0.0], [-107.79330921016162, 39.05143707351504, 0.0], [-107.7931888092658, 39.051313873152345, 0.0], [-107.79316207631179, 39.05122440536057, 0.0], [-107.79316767537307, 39.05107120560864, 0.0], [-107.79320960931145, 39.05096200546857, 0.0], [-107.79330781015896, 39.05081560607654, 0.0], [-107.793372476441, 39.05069680601917, 0.0], [-107.79339120955625, 39.05058827362728, 0.0], [-107.79338520904659, 39.050435272611296, 0.0], [-107.79335647574129, 39.050291805704255, 0.0], [-107.79331327589244, 39.0500766734829, 0.0], [-107.79321421011608, 39.04990780565685, 0.0], [-107.79315047617406, 39.049756206343794, 0.0], [-107.79308707585194, 39.04961347381049, 0.0], [-107.79303487661468, 39.049461672750326, 0.0], [-107.79301800919723, 39.04932700607774, 0.0], [-107.79305920991395, 39.04919980634567, 0.0], [-107.79309980987888, 39.049054672261725, 0.0], [-107.79311567593446, 39.04887407312113, 0.0], [-107.79312261069099, 39.04875680635232, 0.0], [-107.79311700985306, 39.04861280655241, 0.0], [-107.79306547588425, 39.04847900673871, 0.0], [-107.79301467519575, 39.048363073195546, 0.0], [-107.79294007592578, 39.048229672934696, 0.0], [-107.79289941011031, 39.04807747284814, 0.0], [-107.79280181031406, 39.04794467323205, 0.0], [-107.7926822103064, 39.04783947292154, 0.0], [-107.79257261006154, 39.04769800566122, 0.0], [-107.79247421086265, 39.04754720589331, 0.0], [-107.79238701033843, 39.04738707280202, 0.0], [-107.79235787520815, 39.04723460612219, 0.0], [-107.79232740984882, 39.04704620624997, 0.0], [-107.79228667684451, 39.046894005708566, 0.0], [-107.79226947533466, 39.04675027293953, 0.0], [-107.79228727696808, 39.04661467274562, 0.0], [-107.79228327570202, 39.04651567259352, 0.0]]}, "properties": {"gnisidlabel": "Beaver Creek", "featuretypelabel": "Channel Line", "huc12": "140200050111"}}, {"type": "Feature", "geometry": {"type": "LineString", "coordinates": [[-107.84853614299753, 39.01173020605338, 0.0], [-107.84852287589655, 39.01168587350571, 0.0], [-107.8485766762295, 39.011585406590704, 0.0], [-107.8485698111257, 39.0114144059208, 0.0], [-107.84854201002392, 39.01129800602457, 0.0], [-107.84848067632657, 39.01120940659349, 0.0], [-107.84847720990696, 39.011119405727335, 0.0], [-107.84848607684738, 39.01105620618429, 0.0], [-107.84852967579995, 39.01099200567775, 0.0], [-107.84858460962596, 39.01091860564925, 0.0], [-107.84857007641868, 39.01084687341335, 0.0], [-107.84856787617605, 39.01079287223194, 0.0], [-107.84861227610187, 39.01074667284064, 0.0], [-107.84869020906544, 39.01067280533122, 0.0], [-107.84877880913375, 39.0105804725849, 0.0], [-107.84894527679361, 39.010414273694856, 0.0], [-107.84911367520272, 39.01029307332206, 0.0], [-107.84927047505647, 39.01017207242356, 0.0], [-107.84938260992298, 39.01008827298898, 0.0], [-107.84948247641174, 39.00998680577522, 0.0], [-107.84952460974789, 39.00988660650533, 0.0], [-107.8495366106096, 39.009807072624376, 0.0]]}, "properties": {"gnisidlabel": null, "featuretypelabel": "Channel Line", "huc12": "140200050111"}}, {"type": "Feature", "geometry": {"type": "LineString", "coordinates": [[-107.91120481021872, 38.84649227318039, 0.0], [-107.91129047581772, 38.84671087346723, 0.0], [-107.91136501096375, 38.84706927244557, 0.0], [-107.91140540979197, 38.84717187281921, 0.0], [-107.91153127498552, 38.84732200547334, 0.0], [-107.91175220994869, 38.847541673065024, 0.0], [-107.91192467568005, 38.847686005631196, 0.0], [-107.91210021030876, 38.847771673439176, 0.0], [-107.91222001021842, 38.847894872619136, 0.0], [-107.91260541006626, 38.84881767312712, 0.0], [-107.91272587617499, 38.849003872775654, 0.0], [-107.9128930752438, 38.84919787261711, 0.0], [-107.91330707639335, 38.84945780587345, 0.0], [-107.91341767593046, 38.84950460571564, 0.0], [-107.91368047581544, 38.84957460592141, 0.0], [-107.91404267512684, 38.84980887278257, 0.0], [-107.91466467558921, 38.85009067237911, 0.0], [-107.91484307527155, 38.850225806193244, 0.0], [-107.91509487587972, 38.850530272554714, 0.0], [-107.91519807694414, 38.85062687297999, 0.0], [-107.91545260942468, 38.85075107333933, 0.0], [-107.91573760942342, 38.85082060609763, 0.0]]}, "properties": {"gnisidlabel": null, "featuretypelabel": "Channel Line", "huc12": "140200050105"}}, {"type": "Feature", "geometry": {"type": "LineString", "coordinates": [[-107.90281340963459, 38.881526073326064, 0.0], [-107.90337500967537, 38.88144907349722, 0.0], [-107.90361487656982, 38.881398006007714, 0.0], [-107.90377647654557, 38.88140307271557, 0.0], [-107.90392701017386, 38.88141727323662, 0.0], [-107.90408067515166, 38.88151260603934, 0.0], [-107.90428047631335, 38.88160667312801, 0.0], [-107.90441227562253, 38.88172960576675, 0.0], [-107.90458967629083, 38.88184227236464, 0.0], [-107.90468480987606, 38.88191200629634, 0.0], [-107.90484107503455, 38.88207027280747, 0.0], [-107.90503560972289, 38.88231767328837, 0.0], [-107.90519701010588, 38.88260200586916, 0.0], [-107.90530727672413, 38.882761405325496, 0.0], [-107.90551647629707, 38.883089473569285, 0.0], [-107.9056270756159, 38.88325787346838, 0.0], [-107.90578601035578, 38.8834792058246, 0.0], [-107.90596861003775, 38.883717872964546, 0.0], [-107.90618727589708, 38.88399167318484, 0.0], [-107.9062964104042, 38.884124072641406, 0.0], [-107.90645967611678, 38.88445340571108, 0.0], [-107.90654687621324, 38.884613405507146, 0.0], [-107.90669827541517, 38.88493400582738, 0.0], [-107.90681080930393, 38.88514740607621, 0.0], [-107.90695361059377, 38.885540206175854, 0.0], [-107.90701807528878, 38.88570980629812, 0.0], [-107.90708187676418, 38.88586127325982, 0.0], [-107.90715727593441, 38.88601260615707, 0.0], [-107.90729267556007, 38.88622547305879, 0.0], [-107.90730680982539, 38.88628820585856, 0.0], [-107.9073706098734, 38.88643980600514, 0.0], [-107.907443810064, 38.88653700583022, 0.0], [-107.90751800979488, 38.88666127272171, 0.0], [-107.90756587547794, 38.88670507290427, 0.0], [-107.90763527616923, 38.886712406484904, 0.0]]}, "properties": {"gnisidlabel": null, "featuretypelabel": "Channel Line", "huc12": "140200050105"}}, {"type": "Feature", "geometry": {"type": "LineString", "coordinates": [[-107.88635567635275, 39.01641053840449, 0.0], [-107.88573594330721, 39.016368205630584, 0.0], [-107.88516541005491, 39.016314739229045, 0.0], [-107.8846577429172, 39.0161458051887, 0.0], [-107.88403707576754, 39.01589467353886, 0.0], [-107.88376920989313, 39.015818472567254, 0.0], [-107.88345134317552, 39.01558313872704, 0.0], [-107.88321840998947, 39.01519880601984, 0.0], [-107.88306334296112, 39.01507647300451, 0.0], [-107.88294247545218, 39.014944339044796, 0.0], [-107.88282240914998, 39.014830205732714, 0.0], [-107.88265687648082, 39.01473520647045, 0.0], [-107.88246861057506, 39.014649738432944, 0.0], [-107.88228000997415, 39.01455533878066, 0.0], [-107.8820917427785, 39.0144698728536, 0.0], [-107.88195007576437, 39.01439233910963, 0.0], [-107.88180647569122, 39.01426973886411, 0.0], [-107.88172994389653, 39.014091472640864, 0.0], [-107.88160580999653, 39.01387827346008, 0.0], [-107.88148021048231, 39.01362913942366, 0.0], [-107.8813683428838, 39.01343373932242, 0.0], [-107.88124714216873, 39.01329253881719, 0.0], [-107.88113967541103, 39.01320513891431, 0.0], [-107.8809748763356, 39.01312813963406, 0.0], [-107.88079707684032, 39.01301540577614, 0.0], [-107.88066434290664, 39.01287453830853, 0.0], [-107.88052154261038, 39.01276993902978, 0.0], [-107.88039174318311, 39.012701073047495, 0.0], [-107.88025107574815, 39.01265047354201, 0.0], [-107.88006540962581, 39.012628072894195, 0.0], [-107.87990027656826, 39.012542072251435, 0.0], [-107.87977154286699, 39.01250020609571, 0.0], [-107.87967487671794, 39.012394473207245, 0.0], [-107.87957634404526, 39.01224373886376, 0.0], [-107.87949160920927, 39.01214673894432, 0.0], [-107.87948760988296, 39.012047739226595, 0.0], [-107.87948354359585, 39.01194873935962, 0.0], [-107.87954840991188, 39.01183900610507, 0.0], [-107.8795592089165, 39.01182073854443, 0.0], [-107.87966007628255, 39.01174620667084, 0.0], [-107.87971374322512, 39.011645739128966, 0.0], [-107.87974434340005, 39.011545873849165, 0.0], [-107.87969421000864, 39.01144800663427, 0.0], [-107.87961054289919, 39.01137800547085, 0.0], [-107.87943454323421, 39.01131033910941, 0.0], [-107.87928240985967, 39.011260006291366, 0.0], [-107.87905921007508, 39.01116640626235, 0.0], [-107.87884827638646, 39.011090538798676, 0.0], [-107.87864960985988, 39.011032406646535, 0.0], [-107.87858974341066, 39.01097980605512, 0.0], [-107.87849307544515, 39.01087407305971, 0.0], [-107.87841987549919, 39.010776805481804, 0.0], [-107.87836894276803, 39.0106609385743, 0.0], [-107.87839880967952, 39.010543072903765, 0.0], [-107.87841754264612, 39.010434539761874, 0.0], [-107.87841240933393, 39.01030853928616, 0.0], [-107.87837341025043, 39.01020133890594, 0.0], [-107.87831207678002, 39.010112806106775, 0.0], [-107.87821434300552, 39.009980073184735, 0.0], [-107.87817567523791, 39.00988193927258, 0.0], [-107.87817207546136, 39.00979193945136, 0.0], [-107.87821487640743, 39.00970980562247, 0.0], [-107.87824407544078, 39.0095739385487, 0.0], [-107.87829881053247, 39.00950047303543, 0.0], [-107.87837627606416, 39.00941753907326, 0.0], [-107.87847641079324, 39.00932493903214, 0.0], [-107.87848394361974, 39.009225673376804, 0.0], [-107.87845721015195, 39.0091362051641, 0.0], [-107.87839774340576, 39.00909267289832, 0.0], [-107.87823440994899, 39.00905160612354, 0.0], [-107.87819940945228, 39.00904347306666, 0.0], [-107.87810461046028, 39.00898273924192, 0.0], [-107.87799641048055, 39.00887733913357, 0.0], [-107.87789827601594, 39.00873560592475, 0.0], [-107.87779941081611, 39.008575872740536, 0.0], [-107.87775967610784, 39.00845073900789, 0.0], [-107.8777549439509, 39.008333738414336, 0.0], [-107.87771594297138, 39.008226606274334, 0.0], [-107.87767701021286, 39.00811947333505, 0.0], [-107.87759407685886, 39.00806747313, 0.0], [-107.87749954192321, 39.008015739424174, 0.0], [-107.87734927521801, 39.00801040629133, 0.0], [-107.87715274297703, 39.00800620586874, 0.0], [-107.8769923426238, 39.008037205992586, 0.0], [-107.87684307580405, 39.00805887262044, 0.0], [-107.87669274321729, 39.00805353936495, 0.0], [-107.87651927649108, 39.00804873893985, 0.0], [-107.87648101012888, 39.008040406666716, 0.0]]}, "properties": {"gnisidlabel": null, "featuretypelabel": "Channel Line", "huc12": "140200050111"}}, {"type": "Feature", "geometry": {"type": "LineString", "coordinates": [[-107.83794987623244, 39.04498920529061, 0.0], [-107.83808300920552, 39.044850806867416, 0.0], [-107.83823707584177, 39.04465787250472, 0.0], [-107.83840261099212, 39.04446467304277, 0.0], [-107.83855947625558, 39.04434367351555, 0.0], [-107.83873880984076, 39.04420427339834, 0.0], [-107.83893167684391, 39.044118405360614, 0.0], [-107.83913580993743, 39.04402340582005, 0.0], [-107.83936280987771, 39.04391880650279, 0.0], [-107.83958060960666, 39.043877406412875, 0.0], [-107.83974001008374, 39.04381947310746, 0.0], [-107.83991101077798, 39.0437612064642, 0.0], [-107.84006027591754, 39.043739605183745, 0.0], [-107.84025607676489, 39.043725806519745, 0.0], [-107.8404656098098, 39.04376567267929, 0.0], [-107.8406532103406, 39.04383320630104, 0.0], [-107.84080540995369, 39.043883606196076, 0.0], [-107.84096921027856, 39.04393367264871, 0.0], [-107.84108567635239, 39.043957806388285, 0.0], [-107.8412112108062, 39.043918673181516, 0.0], [-107.8413702102318, 39.04385180602141, 0.0], [-107.84156427612123, 39.04379300615371, 0.0], [-107.84180420931129, 39.04372407315495, 0.0], [-107.84201161081545, 39.04371007245106, 0.0], [-107.84224061002638, 39.043659406037065, 0.0], [-107.84241260985748, 39.043628073452254, 0.0], [-107.84260767698795, 39.043596405909604, 0.0]]}, "properties": {"gnisidlabel": null, "featuretypelabel": "Channel Line", "huc12": "140200050111"}}, {"type": "Feature", "geometry": {"type": "LineString", "coordinates": [[-107.8676489431555, 39.05132053905945, 0.0], [-107.86746301006279, 39.051014206199355, 0.0], [-107.86734160957558, 39.050839205675636, 0.0], [-107.8669241433553, 39.05062200562503, 0.0], [-107.86650714228543, 39.050448739067974, 0.0], [-107.8660684106715, 39.050382206332856, 0.0]]}, "properties": {"gnisidlabel": null, "featuretypelabel": "Channel Line", "huc12": "140200050111"}}, {"type": "Feature", "geometry": {"type": "LineString", "coordinates": [[-107.82943294257443, 39.05264113876036, 0.0], [-107.82935647567419, 39.052328873436245, 0.0], [-107.82935387625369, 39.05205407224467, 0.0], [-107.82940227519599, 39.05193580642349, 0.0], [-107.82937261018095, 39.05175187297241, 0.0], [-107.82905767605583, 39.051493806633616, 0.0]]}, "properties": {"gnisidlabel": null, "featuretypelabel": "Channel Line", "huc12": "140200050111"}}, {"type": "Feature", "geometry": {"type": "LineString", "coordinates": [[-107.83976901013943, 39.03070147258199, 0.0], [-107.83970980960784, 39.03057740607825, 0.0], [-107.8394036758759, 39.030521206665874, 0.0]]}, "properties": {"gnisidlabel": null, "featuretypelabel": "Waterbody Connector", "huc12": "140200050111"}}, {"type": "Feature", "geometry": {"type": "LineString", "coordinates": [[-107.8386100096446, 39.05073473908157, 0.0], [-107.8386322092111, 39.05073840643767, 0.0], [-107.83872380949293, 39.050754205759404, 0.0], [-107.83889920973704, 39.05080387251835, 0.0], [-107.83908641065092, 39.0508624055426, 0.0], [-107.83932080966628, 39.05094687381978, 0.0], [-107.83967027577873, 39.0510194063273, 0.0], [-107.83992647561472, 39.05106720534224, 0.0], [-107.84032101001478, 39.05111167282601, 0.0], [-107.84058727583819, 39.05112320626148, 0.0], [-107.84085347624463, 39.05113480644634, 0.0], [-107.84108367590119, 39.05111107303188, 0.0]]}, "properties": {"gnisidlabel": null, "featuretypelabel": "Channel Line", "huc12": "140200050111"}}, {"type": "Feature", "geometry": {"type": "LineString", "coordinates": [[-107.87941840929577, 38.98365647300484, 0.0], [-107.8793918754049, 38.98328780660428, 0.0]]}, "properties": {"gnisidlabel": null, "featuretypelabel": "Waterbody Connector", "huc12": "140200050111"}}, {"type": "Feature", "geometry": {"type": "LineString", "coordinates": [[-107.8394036758759, 39.030521206665874, 0.0], [-107.83932047597034, 39.03046020651951, 0.0], [-107.83926847536323, 39.03031720584123, 0.0], [-107.83921767619938, 39.03020140647231, 0.0], [-107.83924721008702, 39.03007447274415, 0.0], [-107.83927567620978, 39.02992067315177, 0.0], [-107.83930387538089, 39.02975787285499, 0.0], [-107.83932007592846, 39.029586272956294, 0.0], [-107.8393262098536, 39.02945100563451, 0.0], [-107.8393320754838, 39.029306672781864, 0.0], [-107.83936187530259, 39.029188873071796, 0.0], [-107.83941527697188, 39.0290794731583, 0.0], [-107.83950300903294, 39.0289602062549, 0.0], [-107.8395032757858, 39.02895227273606, 0.0]]}, "properties": {"gnisidlabel": null, "featuretypelabel": "Channel Line", "huc12": "140200050111"}}, {"type": "Feature", "geometry": {"type": "LineString", "coordinates": [[-107.80804927612743, 39.05367760605977, 0.0], [-107.80788480931196, 39.053627473315, 0.0], [-107.80773361037684, 39.05360407296783, 0.0], [-107.80759341062837, 39.053562405601305, 0.0], [-107.80739600944025, 39.05354007375491, 0.0], [-107.80712807633684, 39.05348347292263, 0.0], [-107.80683800959838, 39.0534544730819, 0.0], [-107.8065710760184, 39.05342480639156, 0.0], [-107.80630167645131, 39.0533322055554, 0.0], [-107.80616127673687, 39.0532904727902, 0.0], [-107.80606760999981, 39.053256806505395, 0.0]]}, "properties": {"gnisidlabel": null, "featuretypelabel": "Channel Line", "huc12": "140200050111"}}, {"type": "Feature", "geometry": {"type": "LineString", "coordinates": [[-107.89013707542645, 39.043731472845444, 0.0], [-107.88997414282318, 39.04351220613638, 0.0], [-107.88992360975647, 39.04323767333369, 0.0], [-107.8898028753603, 39.04300180605541, 0.0], [-107.88947114395334, 39.042843405402806, 0.0], [-107.8893361422162, 39.04257460614051, 0.0], [-107.88917227621435, 39.04214660611076, 0.0], [-107.88900874298761, 39.041795472343814, 0.0], [-107.88875947673546, 39.04139367304291, 0.0]]}, "properties": {"gnisidlabel": null, "featuretypelabel": "Channel Line", "huc12": "140200050111"}}, {"type": "Feature", "geometry": {"type": "LineString", "coordinates": [[-107.86649267585328, 39.06282367341506, 0.0], [-107.86655041038938, 39.06286587342654, 0.0]]}, "properties": {"gnisidlabel": null, "featuretypelabel": "Channel Line", "huc12": "140200050111"}}, {"type": "Feature", "geometry": {"type": "LineString", "coordinates": [[-107.81257209890002, 39.061897299554815, 0.0], [-107.81259637677638, 39.06196293608046, 0.0], [-107.81263682692195, 39.062008147128566, 0.0], [-107.81271772962666, 39.06205573490324, 0.0], [-107.81278435474596, 39.06216281047231, 0.0], [-107.8128176667433, 39.062243712657796, 0.0], [-107.81287001507441, 39.062277026512426, 0.0], [-107.81290789109951, 39.06236157885784, 0.0]]}, "properties": {"gnisidlabel": null, "featuretypelabel": "Canal", "huc12": "140200050111"}}, {"type": "Feature", "geometry": {"type": "LineString", "coordinates": [[-107.89123227635916, 39.037733606279446, 0.0], [-107.89038560924752, 39.03770060602706, 0.0], [-107.88971000932379, 39.03781640600024, 0.0], [-107.88931600991319, 39.03791180596344, 0.0], [-107.88868920968606, 39.0379092725882, 0.0], [-107.88817487574535, 39.037872472553886, 0.0], [-107.88768807604669, 39.03772240543805, 0.0], [-107.88703300973695, 39.03767100543754, 0.0], [-107.88665960939367, 39.03762627321769, 0.0], [-107.88575061005493, 39.03756320588599, 0.0], [-107.88525161016577, 39.03747640648624, 0.0]]}, "properties": {"gnisidlabel": null, "featuretypelabel": "Channel Line", "huc12": "140200050111"}}, {"type": "Feature", "geometry": {"type": "LineString", "coordinates": [[-107.85782900927771, 39.009344873757875, 0.0], [-107.85772040940562, 39.009021605999536, 0.0], [-107.85764680928236, 39.0086706729666, 0.0], [-107.85758067670339, 39.008369072951176, 0.0], [-107.8574859437455, 39.00801827311987, 0.0], [-107.85737021017827, 39.00768400593814, 0.0], [-107.85709081092091, 39.007147539456724, 0.0], [-107.85679754214625, 39.006638673336404, 0.0], [-107.85659621002287, 39.00617313909832, 0.0], [-107.85615954346376, 39.005374072638894, 0.0], [-107.85557087638622, 39.00482880597811, 0.0]]}, "properties": {"gnisidlabel": null, "featuretypelabel": "Channel Line", "huc12": "140200050111"}}, {"type": "Feature", "geometry": {"type": "LineString", "coordinates": [[-107.82024087683968, 39.00096793932656, 0.0], [-107.82030247525776, 39.00097540687973, 0.0], [-107.82047627553091, 39.0009892059234, 0.0], [-107.82069400950284, 39.00094800626327, 0.0], [-107.82089001070557, 39.00094320615932, 0.0], [-107.82108547659882, 39.00092040595651, 0.0], [-107.82133847677242, 39.00089627253149, 0.0], [-107.8215576751963, 39.00089100541001, 0.0], [-107.82177641046215, 39.00087667335634, 0.0], [-107.82196167537113, 39.00089020619826, 0.0], [-107.82211060995083, 39.000859606231295, 0.0], [-107.82225947561929, 39.00082887350837, 0.0], [-107.82245407555796, 39.000788206288036, 0.0], [-107.82264947580751, 39.00076540595889, 0.0], [-107.82280987640006, 39.000734473434136, 0.0], [-107.82291227567613, 39.00069600636787, 0.0], [-107.82309647601446, 39.00068260537039, 0.0], [-107.82323521034586, 39.000688206142804, 0.0], [-107.82338547538664, 39.00069360587537, 0.0]]}, "properties": {"gnisidlabel": null, "featuretypelabel": "Channel Line", "huc12": "140200050111"}}, {"type": "Feature", "geometry": {"type": "LineString", "coordinates": [[-107.83206587574821, 39.04666280684229, 0.0], [-107.83206707597732, 39.046967472612174, 0.0], [-107.8323442770019, 39.0473912730234, 0.0]]}, "properties": {"gnisidlabel": null, "featuretypelabel": "Waterbody Connector", "huc12": "140200050111"}}, {"type": "Feature", "geometry": {"type": "LineString", "coordinates": [[-107.87716921078439, 39.05181720605267, 0.0], [-107.87712494299488, 39.04967787367805, 0.0]]}, "properties": {"gnisidlabel": "West Fork Bonita Surface Creek", "featuretypelabel": "Waterbody Connector", "huc12": "140200050111"}}, {"type": "Feature", "geometry": {"type": "LineString", "coordinates": [[-107.85240460986451, 39.04187947360872, 0.0], [-107.8523890763773, 39.04178080561951, 0.0]]}, "properties": {"gnisidlabel": "Bonita Creek", "featuretypelabel": "Waterbody Connector", "huc12": "140200050111"}}, {"type": "Feature", "geometry": {"type": "LineString", "coordinates": [[-107.79675600995736, 39.03608347264168, 0.0], [-107.79693060978984, 39.03589587279595, 0.0], [-107.79716167506325, 39.03573540604604, 0.0], [-107.79737927672944, 39.03564093894478, 0.0], [-107.79761754196471, 39.03550247340449, 0.0], [-107.79819640958816, 39.035337605410426, 0.0]]}, "properties": {"gnisidlabel": null, "featuretypelabel": "Channel Line", "huc12": "140200050111"}}, {"type": "Feature", "geometry": {"type": "LineString", "coordinates": [[-107.93166307643334, 38.83365120615262, 0.0], [-107.93178427591955, 38.83357607306414, 0.0], [-107.93186681003381, 38.83354687268083, 0.0], [-107.93194787602138, 38.8335404065757, 0.0], [-107.9320730765731, 38.833559805780446, 0.0], [-107.93217347541766, 38.8336022731192, 0.0], [-107.93241321031535, 38.83377200554915, 0.0], [-107.93310587574999, 38.83401140632109, 0.0], [-107.93388207667672, 38.83424407336753, 0.0], [-107.9343118755729, 38.834309872961725, 0.0], [-107.93466827568808, 38.83439100575467, 0.0], [-107.93491367548826, 38.83446587275039, 0.0], [-107.93497847636698, 38.834500273234966, 0.0], [-107.93504341010447, 38.834566205675195, 0.0], [-107.93529507578761, 38.83492927283504, 0.0], [-107.93536567603452, 38.83498147330264, 0.0], [-107.93543887614855, 38.835006806371624, 0.0], [-107.93554467590974, 38.83500860582882, 0.0], [-107.93563321033005, 38.83498840597547, 0.0], [-107.93590507627412, 38.83484187318606, 0.0], [-107.93642627526998, 38.83452240670976, 0.0]]}, "properties": {"gnisidlabel": "Transfer Ditch", "featuretypelabel": "Canal", "huc12": "140200050105"}}, {"type": "Feature", "geometry": {"type": "LineString", "coordinates": [[-107.86182314349871, 39.05633767312982, 0.0], [-107.86327381103074, 39.05600407298673, 0.0]]}, "properties": {"gnisidlabel": null, "featuretypelabel": "Surface Connector", "huc12": "140200050111"}}, {"type": "Feature", "geometry": {"type": "LineString", "coordinates": [[-107.92602393063082, 38.829090723897345, 0.0], [-107.9260286107362, 38.829089806403275, 0.0], [-107.92615907633039, 38.829095472795096, 0.0], [-107.92630721035702, 38.829123272854204, 0.0], [-107.92641880946667, 38.82913400658244, 0.0], [-107.92708907658184, 38.82913080637472, 0.0], [-107.92735127655921, 38.82914667331764, 0.0], [-107.92742927625471, 38.82917180650392, 0.0], [-107.92752347698288, 38.82924600578621, 0.0], [-107.9275410766637, 38.82929960626033, 0.0], [-107.92755447599463, 38.829574072490246, 0.0], [-107.92754300998412, 38.82980847284042, 0.0], [-107.92752487587013, 38.82989920589842, 0.0], [-107.92745261005848, 38.83007207297407, 0.0], [-107.927450875474, 38.83017580562911, 0.0], [-107.92761387558272, 38.830437406038854, 0.0], [-107.92768487643377, 38.8309626736275, 0.0], [-107.92780467564972, 38.83127500545393, 0.0], [-107.92813780966657, 38.83196487226099, 0.0], [-107.92817747534656, 38.832094472794495, 0.0], [-107.92825160979032, 38.832498005323785, 0.0], [-107.92830327598837, 38.83263640660182, 0.0], [-107.92840307593607, 38.8328410728142, 0.0], [-107.92854781049628, 38.833071672067014, 0.0], [-107.9287064099547, 38.833202872912246, 0.0], [-107.92884887600866, 38.83325327324747, 0.0], [-107.92888847638626, 38.8332838725714, 0.0], [-107.92913427642503, 38.83379580551083, 0.0], [-107.92916860989207, 38.833808406142104, 0.0], [-107.92927040955328, 38.833783272772116, 0.0], [-107.92931487667643, 38.83379567308965, 0.0], [-107.9293664092132, 38.833961005315544, 0.0], [-107.92954260999213, 38.8341142732789, 0.0], [-107.92958120956058, 38.8342170061141, 0.0], [-107.92963560989983, 38.83448140568551, 0.0], [-107.9296652099747, 38.834543673083935, 0.0], [-107.92975547591536, 38.83464960631435, 0.0], [-107.93008467544195, 38.834880005488884, 0.0], [-107.93018380917523, 38.8349224729528, 0.0], [-107.93042067598513, 38.83498867351903, 0.0], [-107.93050407556464, 38.83502720598244, 0.0], [-107.93054407643137, 38.83508020562766, 0.0], [-107.93061787565333, 38.83525400613402, 0.0], [-107.9306968752638, 38.83526107303249, 0.0], [-107.9308372764225, 38.835217005815835, 0.0], [-107.93090820916956, 38.83513407270157, 0.0], [-107.93097541014984, 38.834961273166286, 0.0], [-107.93107347655007, 38.834873205390785, 0.0], [-107.93116467662202, 38.83472680595842, 0.0], [-107.93124647579417, 38.834278806193325, 0.0], [-107.93130047510277, 38.83411520565055, 0.0], [-107.93138927595831, 38.83395980587842, 0.0], [-107.93154927591978, 38.833739606529555, 0.0], [-107.93166307643334, 38.83365120615262, 0.0]]}, "properties": {"gnisidlabel": "Transfer Ditch", "featuretypelabel": "Canal", "huc12": "140200050105"}}, {"type": "Feature", "geometry": {"type": "LineString", "coordinates": [[-107.82131367635985, 38.99547833969689, 0.0], [-107.82152547619907, 38.99578540623843, 0.0], [-107.8217020756832, 38.99609253962703, 0.0], [-107.82169581058253, 38.996410873544136, 0.0], [-107.8220352761032, 38.997140405901746, 0.0], [-107.82230347591984, 38.99751320604727, 0.0], [-107.8226209433334, 38.99789147310612, 0.0], [-107.82301600978236, 38.998373939255735, 0.0], [-107.82338961102809, 38.9986916732729, 0.0], [-107.8236645432997, 38.99892180615219, 0.0], [-107.82377034370462, 38.999042405569334, 0.0], [-107.82390640969817, 38.99916213934789, 0.0]]}, "properties": {"gnisidlabel": null, "featuretypelabel": "Channel Line", "huc12": "140200050111"}}, {"type": "Feature", "geometry": {"type": "LineString", "coordinates": [[-107.86807654335055, 39.00808400588613, 0.0], [-107.86773261012794, 39.00817380583124, 0.0], [-107.86742361009026, 39.00824147258497, 0.0], [-107.86703641107623, 39.00822173868805, 0.0], [-107.86652234213481, 39.00817527296953, 0.0], [-107.86628341000593, 39.008209606590405, 0.0], [-107.86581180989502, 39.008195805999286, 0.0], [-107.86552287522471, 39.00814807296662, 0.0], [-107.8652269429884, 39.008105872450976, 0.0], [-107.86484581048356, 39.00798173917687, 0.0], [-107.86461934206534, 39.00784580587477, 0.0], [-107.86425121060316, 39.00760633971607, 0.0], [-107.86397547620616, 39.00752593889372, 0.0]]}, "properties": {"gnisidlabel": null, "featuretypelabel": "Channel Line", "huc12": "140200050111"}}, {"type": "Feature", "geometry": {"type": "LineString", "coordinates": [[-107.78354994205691, 39.05109420650653, 0.0], [-107.78342134212569, 39.05086413871483, 0.0], [-107.78335501097823, 39.05049640617677, 0.0], [-107.78372547598161, 39.05013207266105, 0.0], [-107.7840689440273, 39.049921673082785, 0.0], [-107.78442754234814, 39.04983753883514, 0.0], [-107.7848128760469, 39.04984500575266, 0.0]]}, "properties": {"gnisidlabel": null, "featuretypelabel": "Channel Line", "huc12": "140200050111"}}, {"type": "Feature", "geometry": {"type": "LineString", "coordinates": [[-107.78656920990751, 39.05250220623759, 0.0], [-107.78643960954264, 39.05214580663919, 0.0], [-107.7863032752478, 39.05183887264483, 0.0], [-107.78615440892835, 39.05171873913226, 0.0], [-107.7860366099772, 39.05163367283683, 0.0]]}, "properties": {"gnisidlabel": null, "featuretypelabel": "Channel Line", "huc12": "140200050111"}}, {"type": "Feature", "geometry": {"type": "LineString", "coordinates": [[-107.9137464754808, 38.92339820586367, 0.0], [-107.91408361102168, 38.92318247297049, 0.0]]}, "properties": {"gnisidlabel": null, "featuretypelabel": "Waterbody Connector", "huc12": "140200050111"}}, {"type": "Feature", "geometry": {"type": "LineString", "coordinates": [[-107.89885947597084, 38.95203947371555, 0.0], [-107.89923400979784, 38.95160680613076, 0.0], [-107.89939881045888, 38.95140440566726, 0.0], [-107.89949807659367, 38.95129387296712, 0.0], [-107.89969687593705, 38.95107267365278, 0.0], [-107.89984007554608, 38.95090700601849, 0.0], [-107.90004240996313, 38.950775873014415, 0.0], [-107.90022020976868, 38.95060927331889, 0.0], [-107.900363676668, 38.95045247316958, 0.0], [-107.90065387570904, 38.95021107298368, 0.0], [-107.9010112770909, 38.94992287344962, 0.0], [-107.90143761085962, 38.949624006524296, 0.0], [-107.90166140987216, 38.94945627284805, 0.0], [-107.901986875548, 38.9492318729747, 0.0], [-107.90218927670507, 38.949100805835236, 0.0], [-107.90239040975206, 38.94894267267072, 0.0], [-107.90263601021097, 38.9487382730302, 0.0], [-107.90290327580202, 38.94850640572831, 0.0], [-107.90306920890156, 38.948331206207584, 0.0], [-107.90318007581494, 38.948220273564935, 0.0], [-107.90323260944045, 38.948092805675394, 0.0], [-107.9033080760561, 38.9479648055791, 0.0], [-107.90333787493296, 38.94784700541229, 0.0], [-107.90337327634847, 38.947584872366306, 0.0], [-107.90346120983163, 38.947195205584244, 0.0], [-107.90353500910263, 38.94702227307348, 0.0], [-107.9036562101973, 38.94688407284946, 0.0], [-107.90375407647048, 38.94673747335582, 0.0], [-107.90387640995982, 38.946626405919446, 0.0], [-107.90401100953058, 38.946532872522354, 0.0], [-107.90414527670549, 38.94643047339517, 0.0], [-107.90420000961527, 38.946357072723, 0.0], [-107.90425401040058, 38.94626560561114, 0.0], [-107.90439487614833, 38.94604587275399, 0.0], [-107.9045036099432, 38.9458810065434, 0.0], [-107.9045902101688, 38.94574367341958, 0.0], [-107.90467881103885, 38.94565140652625, 0.0], [-107.90474527524933, 38.945586672858134, 0.0], [-107.90478807499089, 38.94550460609543, 0.0], [-107.90484167645214, 38.94540407300893, 0.0], [-107.90500721025477, 38.94521980600451, 0.0], [-107.90506200950075, 38.94514640599001, 0.0], [-107.90510367609647, 38.94503720613691, 0.0], [-107.90513347680685, 38.944919405476334, 0.0], [-107.90516621079408, 38.94487347303007, 0.0], [-107.90520940959763, 38.94480040606735, 0.0], [-107.90526467514566, 38.94474487268572, 0.0], [-107.90527507575088, 38.944717606439035, 0.0], [-107.90529341064729, 38.944600072450655, 0.0], [-107.90529061025796, 38.94452807299238, 0.0]]}, "properties": {"gnisidlabel": "Milk Creek", "featuretypelabel": "Channel Line", "huc12": "140200050111"}}, {"type": "Feature", "geometry": {"type": "LineString", "coordinates": [[-107.87246587612928, 39.03091840595879, 0.0], [-107.87229927549406, 39.03079627302324, 0.0], [-107.87216867662806, 39.03070940556209, 0.0], [-107.87202687651741, 39.03063180579501, 0.0], [-107.871745209528, 39.03052160643284, 0.0], [-107.87154580905751, 39.03044547302029, 0.0], [-107.87132327562108, 39.0303698731172, 0.0], [-107.87111160992329, 39.03027600609254, 0.0], [-107.8709246760725, 39.030226605756525, 0.0], [-107.87076021021491, 39.03015860589325, 0.0], [-107.87065387592276, 39.030098073087096, 0.0], [-107.87054601083163, 39.0300016060483, 0.0], [-107.87041507594999, 39.02990580615798, 0.0], [-107.8702860096095, 39.02985487331873, 0.0], [-107.8701576758615, 39.02982200595913, 0.0], [-107.86998487564829, 39.0298352727478, 0.0], [-107.86982220978707, 39.02981227286371, 0.0], [-107.86967080972875, 39.0297798729103, 0.0], [-107.86942560989812, 39.02971387237425, 0.0], [-107.86919181024484, 39.02964760599232, 0.0], [-107.8690038751038, 39.029571073291244, 0.0], [-107.86883881021564, 39.0294850729066, 0.0], [-107.86865021077405, 39.02939067229985, 0.0], [-107.8684954753573, 39.02927727320517, 0.0], [-107.86833987559243, 39.029146006087764, 0.0], [-107.86818340989663, 39.028987805269686, 0.0], [-107.86806147631984, 39.02882860584938, 0.0], [-107.86796287694091, 39.02867780594599, 0.0], [-107.86781681046338, 39.028492272298536, 0.0], [-107.86776520909777, 39.028358405798265, 0.0], [-107.867678875544, 39.028225273097476, 0.0], [-107.86760281047896, 39.028056072583574, 0.0], [-107.86750327621003, 39.02787827288397, 0.0], [-107.86739441074066, 39.027754873507895, 0.0], [-107.86727307615152, 39.02761367276128, 0.0], [-107.8671648757517, 39.02750827290895, 0.0], [-107.86699860975094, 39.02739527247032, 0.0], [-107.86678547612252, 39.02726527329638, 0.0], [-107.86666607555625, 39.027169206043965, 0.0], [-107.86655900974304, 39.027090805475616, 0.0], [-107.86653341004309, 39.02702827235421, 0.0], [-107.8665304095411, 39.02695627266946, 0.0], [-107.86656287574424, 39.02690140603075, 0.0], [-107.8666410760113, 39.02683640652332, 0.0], [-107.86669480942936, 39.026736072891374, 0.0], [-107.8667358768689, 39.02660887343176, 0.0], [-107.86674200965501, 39.02647367288202, 0.0], [-107.86673580925509, 39.02632060549771, 0.0], [-107.86675487585521, 39.026221073122166, 0.0], [-107.86672807667328, 39.026131605718646, 0.0], [-107.86672700990934, 39.02612987340688, 0.0]]}, "properties": {"gnisidlabel": null, "featuretypelabel": "Channel Line", "huc12": "140200050111"}}, {"type": "Feature", "geometry": {"type": "LineString", "coordinates": [[-107.86456027585278, 39.049617472298024, 0.0], [-107.86450801008382, 39.04951067320265, 0.0], [-107.86438781006451, 39.04939647277381, 0.0], [-107.86422187593831, 39.04929247277094, 0.0], [-107.86411287529582, 39.049169005867874, 0.0], [-107.86396967598937, 39.04905540626892, 0.0], [-107.86378127614309, 39.04897000622766, 0.0], [-107.86365181003028, 39.04891000616047, 0.0], [-107.86353101022333, 39.04877787283719, 0.0], [-107.86330481019638, 39.04861227351194, 0.0], [-107.86318567538586, 39.04852520576313, 0.0], [-107.8631366756716, 39.04845427322952, 0.0], [-107.86312300977036, 39.04840047335442, 0.0], [-107.86316687667825, 39.048345405937916, 0.0], [-107.86324547664447, 39.048289405867536, 0.0], [-107.86337107598865, 39.048250406682946, 0.0], [-107.86348427584171, 39.04819347253646, 0.0], [-107.86355167618588, 39.04814680594057, 0.0], [-107.86359487571106, 39.048073606256615, 0.0], [-107.86359127564603, 39.04798360622001, 0.0]]}, "properties": {"gnisidlabel": null, "featuretypelabel": "Channel Line", "huc12": "140200050111"}}, {"type": "Feature", "geometry": {"type": "LineString", "coordinates": [[-107.88857120936518, 39.04040667325956, 0.0], [-107.88828827519987, 39.040926072622696, 0.0]]}, "properties": {"gnisidlabel": null, "featuretypelabel": "Waterbody Connector", "huc12": "140200050111"}}, {"type": "Feature", "geometry": {"type": "LineString", "coordinates": [[-107.86069920990111, 39.0215904731707, 0.0], [-107.8607322097864, 39.02151307345959, 0.0], [-107.8607404763525, 39.021431806011364, 0.0], [-107.86070227626833, 39.02134267360992, 0.0], [-107.8606996764547, 39.02127967368519, 0.0]]}, "properties": {"gnisidlabel": "Milk Creek", "featuretypelabel": "Channel Line", "huc12": "140200050111"}}, {"type": "Feature", "geometry": {"type": "LineString", "coordinates": [[-107.81077427664042, 39.034134073703456, 0.0], [-107.81077121055476, 39.034053005908426, 0.0], [-107.81070701012517, 39.033892473357525, 0.0], [-107.81069160993482, 39.03379380653229, 0.0], [-107.8106996095203, 39.03370340608216, 0.0], [-107.81073027609519, 39.033603605825874, 0.0], [-107.81080847655943, 39.03353860622603, 0.0], [-107.81085327537079, 39.03350147256517, 0.0], [-107.81090880972184, 39.03344607360835, 0.0], [-107.81092867601768, 39.03336460590789, 0.0], [-107.81090241080021, 39.03328420570827, 0.0], [-107.81085161080865, 39.033168272731594, 0.0], [-107.81085847623471, 39.03305087248994, 0.0], [-107.81087807583721, 39.03296040578698, 0.0], [-107.81097901054147, 39.03288580642128, 0.0], [-107.81104607567872, 39.03283020588674, 0.0], [-107.81109020996946, 39.03277507278246, 0.0], [-107.81107500983316, 39.03268527327775, 0.0], [-107.81100187611888, 39.03258800609568, 0.0], [-107.81098567649155, 39.03247127292019, 0.0], [-107.81099161056787, 39.03232700673425, 0.0], [-107.81105580959972, 39.032199273241766, 0.0], [-107.81123081065412, 39.03195187315674, 0.0], [-107.81124987649144, 39.03185227328098, 0.0], [-107.8113018766512, 39.03170687345582, 0.0], [-107.81137840927371, 39.03159687300412, 0.0], [-107.81144547642238, 39.03154127310166, 0.0], [-107.81154687582011, 39.03147580623275, 0.0], [-107.8117066096424, 39.031426806015155, 0.0], [-107.81180840910034, 39.031370272548834, 0.0], [-107.81188740964194, 39.03132340616908, 0.0], [-107.8119880098182, 39.03123987254986, 0.0], [-107.81201767537992, 39.0311130059156, 0.0], [-107.81207181045963, 39.03102160580898, 0.0], [-107.81211401037922, 39.03092147287961, 0.0], [-107.81218107635355, 39.03086587349271, 0.0], [-107.81229501033418, 39.03082700546434, 0.0], [-107.81238767638942, 39.03083380562758, 0.0], [-107.81251680970983, 39.0308848061103, 0.0], [-107.81269127528284, 39.03091660613923, 0.0], [-107.81281867629882, 39.03092247314415, 0.0], [-107.81294407677395, 39.03088347281036, 0.0], [-107.8130574098472, 39.030826673431875, 0.0], [-107.81312227676737, 39.0307170056676, 0.0], [-107.81317500962297, 39.030589606343554, 0.0], [-107.81321441007543, 39.030417472767446, 0.0], [-107.81324287605247, 39.03026360586393, 0.0], [-107.81331981016467, 39.03016267289325, 0.0], [-107.81339561010284, 39.030034673455674, 0.0], [-107.81351900897005, 39.02994160622183, 0.0], [-107.81366360915912, 39.02980300617939, 0.0], [-107.81381947656811, 39.02965507266427, 0.0], [-107.81392907611747, 39.02950827307361, 0.0], [-107.81402787669752, 39.02937980623975, 0.0], [-107.81410227591573, 39.02921580580623, 0.0], [-107.81413121033867, 39.02907100579359, 0.0], [-107.81415967662635, 39.02891720623101, 0.0], [-107.8141306753342, 39.02876467343096, 0.0], [-107.81406787567109, 39.02864007293946, 0.0], [-107.8140182107476, 39.02855120588908, 0.0], [-107.81393307632536, 39.02844507253046, 0.0], [-107.81384880957309, 39.02835707318276, 0.0], [-107.81378527547024, 39.02821440639785, 0.0], [-107.81379187628212, 39.02808807268829, 0.0], [-107.8137936756746, 39.02803407318467, 0.0]]}, "properties": {"gnisidlabel": "Marcott Creek", "featuretypelabel": "Channel Line", "huc12": "140200050111"}}, {"type": "Feature", "geometry": {"type": "LineString", "coordinates": [[-107.88418047545301, 38.991205473402104, 0.0], [-107.88409721046669, 38.99114440558629, 0.0], [-107.88401467604744, 38.99110140604903, 0.0], [-107.8839664100706, 38.99104860654154, 0.0], [-107.88393927631067, 38.99095007274275, 0.0], [-107.88381447616709, 38.99071887247765, 0.0], [-107.88375987559448, 38.99051307251557, 0.0], [-107.88368867655966, 38.99018160608873, 0.0], [-107.88364567591033, 38.98997540561741, 0.0], [-107.88355881047752, 38.98982440605944, 0.0], [-107.8835306099401, 38.98969900583075, 0.0], [-107.88345820935457, 38.98961967247702, 0.0], [-107.88332547658091, 38.98947880619143, 0.0], [-107.8832078760601, 38.989427673296795, 0.0], [-107.88287587616496, 38.98921067325851, 0.0], [-107.8826014755283, 38.98899220667594, 0.0], [-107.8822434759155, 38.98870380551262, 0.0], [-107.88199480997983, 38.98854780551582, 0.0], [-107.88182861036479, 38.98843480607246, 0.0], [-107.8816580093436, 38.988213672282626, 0.0], [-107.88139941032523, 38.98781467220575, 0.0], [-107.88115821113792, 38.98755940592857, 0.0], [-107.8809730752494, 38.98726667280258, 0.0], [-107.88078667604711, 38.98693800580726, 0.0], [-107.88070007542044, 38.98679587303438, 0.0], [-107.88047901060142, 38.98646807282167, 0.0], [-107.88034227579693, 38.986228205674585, 0.0], [-107.88016960905992, 38.985953206274424, 0.0], [-107.88003720924948, 38.98582140612448, 0.0], [-107.8799398096898, 38.98569760610491, 0.0], [-107.87972567590764, 38.9855406732203, 0.0], [-107.87959227603477, 38.98538180541379, 0.0], [-107.87949641068683, 38.98529407332169, 0.0]]}, "properties": {"gnisidlabel": null, "featuretypelabel": "Channel Line", "huc12": "140200050111"}}, {"type": "Feature", "geometry": {"type": "LineString", "coordinates": [[-107.83924287567608, 39.05246227320229, 0.0], [-107.83946107676871, 39.052430006475994, 0.0], [-107.83962167500198, 39.05239900602361, 0.0], [-107.83986080991919, 39.05231207281559, 0.0], [-107.8401114759745, 39.05222487251088, 0.0], [-107.8403290760841, 39.052174472942674, 0.0], [-107.84054721028295, 39.05214227339238, 0.0], [-107.840754676729, 39.052128205478304, 0.0], [-107.84090467558357, 39.0521244732456, 0.0]]}, "properties": {"gnisidlabel": null, "featuretypelabel": "Channel Line", "huc12": "140200050111"}}, {"type": "Feature", "geometry": {"type": "LineString", "coordinates": [[-107.87178261036664, 39.06308840619761, 0.0], [-107.8719426760833, 39.06304847334117, 0.0], [-107.87220527632046, 39.062969872815316, 0.0], [-107.87236467580622, 39.06291187312496, 0.0], [-107.87248921029207, 39.06284580666471, 0.0], [-107.87264747594662, 39.062760806016925, 0.0], [-107.87277267493496, 39.06271267312575, 0.0], [-107.87295587541969, 39.06267207303673, 0.0], [-107.87311501016724, 39.062605072654414, 0.0], [-107.87318181058718, 39.06254040555379, 0.0], [-107.87317947548935, 39.06248640608265, 0.0], [-107.87315267632776, 39.06239700662347, 0.0], [-107.8731032756986, 39.06231720667124, 0.0], [-107.87301880921262, 39.062229073179864, 0.0], [-107.8730036105441, 39.06213940657936, 0.0], [-107.87305847541992, 39.062066006000116, 0.0], [-107.87312507628334, 39.062001272683375, 0.0], [-107.87321567573542, 39.06195400594634, 0.0], [-107.8733300762053, 39.061924206100294, 0.0], [-107.87343167545633, 39.06186760590002, 0.0], [-107.87344187591258, 39.06183127278802, 0.0], [-107.87342847592758, 39.06178660642938, 0.0], [-107.8734042753728, 39.061760205296984, 0.0], [-107.87341440960114, 39.06172380625323, 0.0], [-107.87347167643449, 39.06171347257328, 0.0], [-107.87355247512454, 39.06171140621549, 0.0], [-107.87364380927171, 39.061682206415824, 0.0], [-107.8736546093563, 39.06166387361122, 0.0], [-107.87362967614796, 39.061619472778496, 0.0], [-107.87360521061598, 39.06158400625201, 0.0], [-107.87368447530422, 39.06154607263226, 0.0], [-107.87371907526762, 39.0615452058331, 0.0], [-107.87378881027745, 39.06155247332047, 0.0], [-107.87389300965049, 39.061559006086455, 0.0], [-107.87396301006376, 39.061575205560985, 0.0], [-107.87405320931072, 39.0615188724804, 0.0], [-107.87410721052859, 39.061427473106164, 0.0], [-107.8741620102303, 39.06135407362877, 0.0], [-107.87416087521825, 39.06132707220011, 0.0], [-107.87411401075727, 39.06131020580108, 0.0], [-107.87406860984233, 39.06132940558045, 0.0], [-107.87402307644156, 39.06134847347643, 0.0], [-107.87394267535494, 39.06135947349205, 0.0], [-107.87391927563544, 39.061351072331504, 0.0], [-107.87387201059997, 39.061325272571324, 0.0], [-107.87390561003123, 39.06129727304204, 0.0], [-107.87394947585723, 39.06124220618539, 0.0], [-107.87402807621055, 39.061186206042635, 0.0], [-107.87408360969842, 39.06113080631809, 0.0], [-107.87408221009775, 39.06109480610941, 0.0], [-107.87405800959651, 39.06106840601043, 0.0], [-107.87402081032424, 39.061006206195245, 0.0], [-107.87400847645729, 39.06098847276323, 0.0], [-107.87400780963395, 39.060970473195866, 0.0], [-107.87401867614845, 39.06095227295265, 0.0], [-107.87404167656587, 39.06095160566727, 0.0], [-107.87411141064146, 39.06095900632367, 0.0], [-107.87420367668616, 39.06095667289894, 0.0], [-107.87424907580738, 39.06093760644551, 0.0], [-107.87429207577445, 39.0608554061717, 0.0], [-107.87436907581261, 39.060763406045155, 0.0], [-107.87435501050285, 39.06070067352436, 0.0], [-107.87434127614259, 39.0606470066094, 0.0], [-107.87428320969825, 39.06063940567661, 0.0], [-107.8742018097064, 39.060623405578895, 0.0], [-107.87414247552695, 39.0605888055171, 0.0], [-107.87408161007565, 39.060509205858175, 0.0], [-107.87403020980135, 39.060384273218595, 0.0], [-107.87395467618418, 39.06023307300081, 0.0], [-107.87386881032329, 39.0601090722939, 0.0], [-107.873793276981, 39.059957805284995, 0.0], [-107.87376507652353, 39.059832405756914, 0.0], [-107.87370240998544, 39.05970767331587, 0.0], [-107.8736524769652, 39.059618873268136, 0.0], [-107.87364921038231, 39.05953787273296, 0.0], [-107.87366940985213, 39.0594652726879, 0.0], [-107.87372387581198, 39.059382872732314, 0.0], [-107.87371120990575, 39.05935620520473, 0.0], [-107.87366360933478, 39.05932127316942, 0.0], [-107.87360427537797, 39.05928667280426, 0.0], [-107.87351127546893, 39.059271006001566, 0.0], [-107.87349767621674, 39.059257873029026, 0.0]]}, "properties": {"gnisidlabel": null, "featuretypelabel": "Channel Line", "huc12": "140200050111"}}, {"type": "Feature", "geometry": {"type": "LineString", "coordinates": [[-107.80662654293488, 39.00164133958158, 0.0], [-107.80702074291082, 39.001661272452324, 0.0], [-107.80742927562841, 39.0017140059612, 0.0], [-107.80783087584042, 39.00177780598776, 0.0], [-107.80814727614579, 39.001748673231106, 0.0], [-107.80846307584008, 39.001653739126844, 0.0], [-107.8087494761642, 39.00141613833123, 0.0], [-107.80898720988101, 39.00123920634821, 0.0], [-107.8093715429933, 39.0009352059968, 0.0], [-107.80957401017842, 39.0007530064196, 0.0], [-107.80985354238777, 39.00053187312758, 0.0], [-107.81025314299922, 39.00035960573251, 0.0], [-107.81049854231523, 39.00025947305766, 0.0], [-107.81079334277345, 38.999997738520136, 0.0], [-107.81115274345517, 38.999758005217785, 0.0], [-107.81136320971811, 38.999532605768806, 0.0], [-107.81144014237044, 38.99934593913676, 0.0], [-107.81148154359282, 38.99916133924475, 0.0]]}, "properties": {"gnisidlabel": null, "featuretypelabel": "Channel Line", "huc12": "140200050111"}}, {"type": "Feature", "geometry": {"type": "LineString", "coordinates": [[-107.79881181089087, 39.014364405761135, 0.0], [-107.79926447590184, 39.01462560642664, 0.0], [-107.79964747609834, 39.01498047286566, 0.0], [-107.79996574303277, 39.015165539236996, 0.0], [-107.80029247499009, 39.015520672984024, 0.0], [-107.80055547523749, 39.01589307307105, 0.0]]}, "properties": {"gnisidlabel": null, "featuretypelabel": "Channel Line", "huc12": "140200050111"}}, {"type": "Feature", "geometry": {"type": "LineString", "coordinates": [[-107.79493180953543, 39.03522227330259, 0.0], [-107.79500080993327, 39.0349965388755, 0.0]]}, "properties": {"gnisidlabel": null, "featuretypelabel": "Channel Line", "huc12": "140200050111"}}, {"type": "Feature", "geometry": {"type": "LineString", "coordinates": [[-107.85955094296666, 39.04671147288364, 0.0], [-107.86005760958378, 39.04668667302481, 0.0], [-107.8606402101242, 39.0464966730724, 0.0], [-107.86104067583756, 39.04640653930576, 0.0], [-107.86120841068964, 39.046279273520696, 0.0], [-107.86141041076549, 39.04604753898822, 0.0], [-107.86149361052843, 39.04593607259509, 0.0]]}, "properties": {"gnisidlabel": null, "featuretypelabel": "Channel Line", "huc12": "140200050111"}}, {"type": "Feature", "geometry": {"type": "LineString", "coordinates": [[-107.91061581027198, 38.86653880595016, 0.0], [-107.91116287624521, 38.866277406150424, 0.0], [-107.91144367569763, 38.86609020650566, 0.0], [-107.91156341003507, 38.86603767278557, 0.0], [-107.91174607566117, 38.866010605780254, 0.0], [-107.91187287598666, 38.86601187237071, 0.0], [-107.91228947561547, 38.86590687258639, 0.0], [-107.91295780967297, 38.86590367294639, 0.0], [-107.91318620958161, 38.86588460622244, 0.0], [-107.91349987581188, 38.86582267298419, 0.0], [-107.91367447601297, 38.86575067252342, 0.0], [-107.91381327490517, 38.865643672757685, 0.0], [-107.91391620996538, 38.86552400614898, 0.0], [-107.9140444766756, 38.86531360538984, 0.0], [-107.91418027548262, 38.865026405991905, 0.0], [-107.91418507508163, 38.86493607293849, 0.0], [-107.91416260974943, 38.86487367320608, 0.0], [-107.91393647591214, 38.86465407285501, 0.0], [-107.91387781058435, 38.864569873259924, 0.0], [-107.9138818763182, 38.86452480657744, 0.0], [-107.91391387588337, 38.86446547290571, 0.0], [-107.91404820988105, 38.86436300602401, 0.0]]}, "properties": {"gnisidlabel": null, "featuretypelabel": "Channel Line", "huc12": "140200050105"}}, {"type": "Feature", "geometry": {"type": "LineString", "coordinates": [[-107.83997747542551, 39.03129100607737, 0.0], [-107.8399124756096, 39.03111240629493, 0.0]]}, "properties": {"gnisidlabel": null, "featuretypelabel": "Waterbody Connector", "huc12": "140200050111"}}, {"type": "Feature", "geometry": {"type": "LineString", "coordinates": [[-107.85400374302783, 39.01267160619618, 0.0], [-107.85414947691046, 39.01245113923578, 0.0], [-107.85429807543657, 39.01178053949106, 0.0], [-107.85455221081789, 39.011109273223454, 0.0], [-107.85506807623436, 39.01059033849392, 0.0], [-107.85535967557145, 39.010165939102116, 0.0], [-107.8554728104024, 39.01006633914541, 0.0]]}, "properties": {"gnisidlabel": null, "featuretypelabel": "Channel Line", "huc12": "140200050111"}}, {"type": "Feature", "geometry": {"type": "LineString", "coordinates": [[-107.88875947673546, 39.04139367304291, 0.0], [-107.88828827519987, 39.040926072622696, 0.0]]}, "properties": {"gnisidlabel": null, "featuretypelabel": "Waterbody Connector", "huc12": "140200050111"}}, {"type": "Feature", "geometry": {"type": "LineString", "coordinates": [[-107.8624034092405, 39.022499072792854, 0.0], [-107.86229381019274, 39.02244780587235, 0.0], [-107.86194647690657, 39.02218147267372, 0.0], [-107.86157767608339, 39.021897806039874, 0.0], [-107.86141467630802, 39.02178007293955, 0.0], [-107.86109701006984, 39.02169340541505, 0.0], [-107.86088541002353, 39.02161300579077, 0.0], [-107.86069920990111, 39.0215904731707, 0.0]]}, "properties": {"gnisidlabel": null, "featuretypelabel": "Channel Line", "huc12": "140200050111"}}, {"type": "Feature", "geometry": {"type": "LineString", "coordinates": [[-107.82969167566146, 39.010883205716354, 0.0], [-107.82974707560767, 39.01082780578111, 0.0], [-107.82979261015471, 39.010808673349274, 0.0], [-107.82987327518234, 39.01080680526151, 0.0], [-107.82997827522249, 39.010831205893176, 0.0], [-107.83014121000929, 39.01086327290057, 0.0], [-107.83032680954231, 39.01088580647584, 0.0], [-107.83051287640352, 39.01091727347892, 0.0], [-107.83069820946733, 39.0109308056934, 0.0], [-107.83087160999591, 39.010935605737366, 0.0], [-107.83105660987901, 39.01094020580379, 0.0], [-107.83122987649602, 39.01094500586254, 0.0], [-107.83137987555484, 39.01094127348088, 0.0], [-107.83160047584063, 39.010972006264005, 0.0], [-107.83185541060766, 39.01099280542403, 0.0], [-107.83209907580314, 39.011022873338234, 0.0], [-107.83228481061066, 39.011045473462275, 0.0], [-107.83245947646833, 39.01108627292229, 0.0], [-107.83270327644487, 39.011116405657745, 0.0], [-107.83291240978424, 39.01114727314397, 0.0], [-107.83309767610997, 39.01116087341378, 0.0], [-107.83325880999425, 39.01114787337059, 0.0], [-107.83338427640324, 39.011108873308466, 0.0], [-107.83348407555513, 39.011007273420134, 0.0], [-107.83354947658414, 39.010906605978526, 0.0], [-107.8335800763228, 39.01080680516389, 0.0], [-107.83363307620597, 39.01068840573843, 0.0], [-107.83366227555648, 39.01055247308333, 0.0], [-107.83360027684672, 39.010445873560755, 0.0], [-107.83352707609374, 39.01034860577429, 0.0], [-107.83345361022214, 39.010242206519806, 0.0], [-107.83333387611346, 39.010137073233295, 0.0], [-107.83322607590239, 39.01004060565176, 0.0], [-107.83304947585735, 39.00995480554267, 0.0], [-107.83283827537767, 39.0098698730194, 0.0], [-107.83265007594257, 39.00978427308631, 0.0], [-107.83248607560911, 39.009725273221505, 0.0], [-107.83235741028618, 39.009683273206136, 0.0], [-107.83223881032825, 39.00960507253701, 0.0], [-107.832107876564, 39.009509206471336, 0.0], [-107.83203520983479, 39.00942087339748, 0.0], [-107.8319846759132, 39.00931400613883, 0.0], [-107.83199327492913, 39.00924167269204, 0.0], [-107.83203687597192, 39.00917760605259, 0.0], [-107.83209247604793, 39.009122206472846, 0.0], [-107.83219240988694, 39.0090206728751, 0.0], [-107.83223520953233, 39.008938473326, 0.0], [-107.83229841027868, 39.008783805800135, 0.0], [-107.83237267699381, 39.00861987294847, 0.0], [-107.83240287534427, 39.00851100645411, 0.0], [-107.83239787618305, 39.00838500590733, 0.0], [-107.83241701097907, 39.008285473111684, 0.0], [-107.83236661020896, 39.008178606368574, 0.0], [-107.83230280924782, 39.0080270055723, 0.0], [-107.83221747559043, 39.00791187304199, 0.0], [-107.8321328104831, 39.007814873809686, 0.0], [-107.83202640956934, 39.00775440627814, 0.0], [-107.83190920956551, 39.00771220645067, 0.0], [-107.83172067646845, 39.007617606671616, 0.0], [-107.83151087603137, 39.00756867375204, 0.0], [-107.83132487649631, 39.007537205688884, 0.0], [-107.83119647601379, 39.007504272691456, 0.0], [-107.83105667618933, 39.00747167314522, 0.0], [-107.8309860097965, 39.007437272940244, 0.0], [-107.83096120982364, 39.007392872338855, 0.0], [-107.83087827598534, 39.00734080594776, 0.0], [-107.83079567622315, 39.00729780619007, 0.0], [-107.83067900986413, 39.00726460568865, 0.0], [-107.83053980976929, 39.00725000632836, 0.0], [-107.83035520969231, 39.00725440645071, 0.0], [-107.83021647641394, 39.007248672878234, 0.0], [-107.83005707553001, 39.0073068059809, 0.0], [-107.82994421007702, 39.00737247318951, 0.0], [-107.82980981044888, 39.00747487307042, 0.0], [-107.82968467553489, 39.00752300627082, 0.0], [-107.82952567571279, 39.007589805530365, 0.0], [-107.82936487563326, 39.007611806660165, 0.0], [-107.82923840961256, 39.00762387245856, 0.0], [-107.82911080981445, 39.00760900607351, 0.0], [-107.82898247712937, 39.007576072579326, 0.0], [-107.82883067516713, 39.0075346057176, 0.0], [-107.8287368759594, 39.00750087268514, 0.0], [-107.82864181012745, 39.007431072871825, 0.0], [-107.8285252764575, 39.00740700575582, 0.0], [-107.8283852098319, 39.00736527338179, 0.0], [-107.82824640979373, 39.00735960574724, 0.0], [-107.828132009612, 39.00738947317552, 0.0], [-107.82799547614786, 39.00743787299456, 0.0], [-107.82784701048006, 39.00747747287886, 0.0], [-107.82759627567569, 39.00756460655956, 0.0], [-107.82742547674017, 39.00762280624967, 0.0], [-107.82728767611852, 39.007644206141215, 0.0], [-107.82713781008076, 39.007647806511315, 0.0], [-107.82695540975209, 39.0077062724567, 0.0], [-107.82672720960461, 39.007774873054146, 0.0], [-107.82651060979914, 39.00784320635794, 0.0], [-107.82631547490632, 39.00787500608882, 0.0], [-107.82618901099342, 39.007887006370616, 0.0], [-107.82600287624474, 39.00785547269696, 0.0], [-107.82590960981224, 39.0078308055794, 0.0], [-107.82588581003303, 39.00781327342422, 0.0]]}, "properties": {"gnisidlabel": "Overland Ditch", "featuretypelabel": "Canal", "huc12": "140200050111"}}, {"type": "Feature", "geometry": {"type": "LineString", "coordinates": [[-107.82188074351664, 39.05216033887911, 0.0], [-107.82283414330112, 39.051611606195316, 0.0], [-107.82326174351425, 39.0513622057407, 0.0], [-107.82366854262514, 39.051156872573, 0.0], [-107.82394927649611, 39.05095547305968, 0.0]]}, "properties": {"gnisidlabel": null, "featuretypelabel": "Channel Line", "huc12": "140200050111"}}, {"type": "Feature", "geometry": {"type": "LineString", "coordinates": [[-107.91408361102168, 38.92318247297049, 0.0], [-107.91424127582766, 38.92308847270352, 0.0], [-107.91430781017974, 38.923023673473544, 0.0], [-107.91445207569616, 38.92288500595472, 0.0], [-107.91457207570757, 38.92271980588607, 0.0], [-107.91464580948043, 38.922546805962064, 0.0], [-107.91462700921944, 38.92236707231693, 0.0], [-107.91459827556562, 38.92223267241755, 0.0], [-107.91463561027528, 38.92201547214623, 0.0], [-107.9146710107474, 38.92175340581947, 0.0], [-107.91481300956727, 38.92156067294298, 0.0], [-107.91485361076414, 38.9214244728788, 0.0], [-107.91491607591176, 38.921260805722966, 0.0], [-107.91496667609601, 38.921088406225316, 0.0], [-107.91507520944087, 38.92092347329467, 0.0], [-107.91514927623551, 38.92075940616434, 0.0], [-107.91521027553999, 38.920559806149626, 0.0], [-107.91534147681223, 38.92038527312254, 0.0], [-107.9154068765375, 38.92029347284211, 0.0], [-107.91552881028602, 38.920173272999044, 0.0], [-107.91565341025215, 38.92011620633084, 0.0], [-107.91581961041655, 38.919949872702624, 0.0], [-107.91591947632489, 38.91985727272749, 0.0], [-107.91610101035883, 38.91978067331955, 0.0], [-107.9163250767128, 38.919622006724715, 0.0]]}, "properties": {"gnisidlabel": null, "featuretypelabel": "Channel Line", "huc12": "140200050111"}}, {"type": "Feature", "geometry": {"type": "LineString", "coordinates": [[-107.90018494367908, 39.05711240571956, 0.0], [-107.89973420969868, 39.05714660629223, 0.0], [-107.89912921042104, 39.0573404723753, 0.0], [-107.89879181044171, 39.05750620609661, 0.0], [-107.89828527623789, 39.057672338553026, 0.0], [-107.89802501013428, 39.057755405958964, 0.0], [-107.89759554313598, 39.05800747239629, 0.0]]}, "properties": {"gnisidlabel": null, "featuretypelabel": "Channel Line", "huc12": "140200050111"}}, {"type": "Feature", "geometry": {"type": "LineString", "coordinates": [[-107.86500707617799, 39.01440800586481, 0.0], [-107.86504861055457, 39.01429000615309, 0.0], [-107.86507407668762, 39.014064072924, 0.0], [-107.86507827535533, 39.01388380640074, 0.0], [-107.86502667568857, 39.01375000575473, 0.0], [-107.86496187546553, 39.01357140625567, 0.0], [-107.8648626760662, 39.01340260616544, 0.0], [-107.86479987572322, 39.013278005872586, 0.0], [-107.864805609993, 39.013133805975286, 0.0], [-107.86484507647008, 39.012970605945064, 0.0], [-107.86488521030644, 39.01281647325195, 0.0], [-107.86495827604205, 39.01262547362561, 0.0], [-107.86497441062768, 39.01245387314338, 0.0], [-107.86499060983476, 39.012282272869676, 0.0], [-107.86504320938784, 39.01215487238672, 0.0], [-107.86505221017089, 39.01209160632638, 0.0]]}, "properties": {"gnisidlabel": "Milk Creek", "featuretypelabel": "Channel Line", "huc12": "140200050111"}}, {"type": "Feature", "geometry": {"type": "LineString", "coordinates": [[-107.81559500969428, 39.04615307298966, 0.0], [-107.8155098758871, 39.046047006176416, 0.0], [-107.8153660096314, 39.04591527340894, 0.0], [-107.81520947562584, 39.04575700588045, 0.0], [-107.81501947603553, 39.04562640596647, 0.0], [-107.814842475661, 39.045531473798206, 0.0], [-107.81468667592219, 39.045391205842414, 0.0], [-107.81453127638521, 39.0452598063944, 0.0], [-107.81435280932509, 39.04512900611865, 0.0], [-107.81418647603253, 39.04501587295418, 0.0], [-107.81400980973542, 39.04493007286716, 0.0], [-107.8138446761904, 39.04484387243711, 0.0], [-107.81363227632758, 39.044731873202096, 0.0], [-107.81347861069291, 39.044645606188844, 0.0], [-107.81330240970743, 39.04456880549564, 0.0], [-107.81309281096739, 39.04452867290177, 0.0], [-107.81292981069959, 39.04449660533829, 0.0], [-107.81274360958275, 39.04446507316311, 0.0], [-107.81265127646569, 39.04446740604444, 0.0]]}, "properties": {"gnisidlabel": null, "featuretypelabel": "Channel Line", "huc12": "140200050111"}}, {"type": "Feature", "geometry": {"type": "LineString", "coordinates": [[-107.84894387651671, 39.0750454734286, 0.0], [-107.8490716099037, 39.07506040584757, 0.0], [-107.84920081041534, 39.07511127311221, 0.0], [-107.84931867646227, 39.07517147318509, 0.0], [-107.84941441012971, 39.07525020612374, 0.0], [-107.84947727534065, 39.075374805477395, 0.0], [-107.84951507629881, 39.07545500644586, 0.0], [-107.84958727561018, 39.075525272522356, 0.0], [-107.84971567611755, 39.07555807333402, 0.0], [-107.84992687643542, 39.07563407361208, 0.0], [-107.85013800973846, 39.075710005770496, 0.0], [-107.8503500766069, 39.075812873020254, 0.0], [-107.85056047609794, 39.07587087295923, 0.0], [-107.85072327554983, 39.07589387258676, 0.0], [-107.85092027655652, 39.075907073058886, 0.0], [-107.85115187616819, 39.07591947341435, 0.0], [-107.85139507535112, 39.07593147322514, 0.0], [-107.85156967540803, 39.07596327288127, 0.0], [-107.85169747571977, 39.075978206152904, 0.0], [-107.85182667592892, 39.0760290064922, 0.0], [-107.85196600925879, 39.0760436058329, 0.0], [-107.85207060925251, 39.076059073234475, 0.0], [-107.85220880978117, 39.07604667323431, 0.0], [-107.8524058761438, 39.07605987318368, 0.0], [-107.85259160938308, 39.07608240603406, 0.0], [-107.8527886759137, 39.07609560622912, 0.0], [-107.85292940955091, 39.076146205823434, 0.0]]}, "properties": {"gnisidlabel": null, "featuretypelabel": "Channel Line", "huc12": "140200050111"}}, {"type": "Feature", "geometry": {"type": "LineString", "coordinates": [[-107.96332720961678, 38.83001820605926, 0.0], [-107.96339007620436, 38.82977787357605, 0.0], [-107.96343667642446, 38.82966860559153, 0.0], [-107.96385381028094, 38.82904540598335, 0.0], [-107.96397467618968, 38.828830605851365, 0.0], [-107.96400747519006, 38.828717072790404, 0.0], [-107.96403707597017, 38.82843707294689, 0.0], [-107.96409387670049, 38.828309606004886, 0.0], [-107.96417821084584, 38.82822640654577, 0.0], [-107.96441460992978, 38.828067206205034, 0.0], [-107.9645516094783, 38.82791960574566, 0.0], [-107.96460007551036, 38.82790027293383, 0.0], [-107.96476401084534, 38.82787360627249, 0.0], [-107.9648360769467, 38.827822206296155, 0.0], [-107.96513400928438, 38.827431806049205, 0.0], [-107.96525940964277, 38.827221405662584, 0.0], [-107.96527941020724, 38.8271308064381, 0.0], [-107.96526240941657, 38.82703207333498, 0.0], [-107.96508120971501, 38.826721405775515, 0.0], [-107.96503281010105, 38.826578472883696, 0.0], [-107.96498827609082, 38.82633187314396, 0.0], [-107.96501627619426, 38.82620500672763, 0.0], [-107.96519760945407, 38.825871606092974, 0.0], [-107.9653076752964, 38.82571567276999, 0.0], [-107.96549761009473, 38.82558467239759, 0.0], [-107.96554367574714, 38.82553400555498, 0.0], [-107.96572287627997, 38.8251960736258, 0.0], [-107.96580960981477, 38.8250858057178, 0.0], [-107.9658646097397, 38.82503927300976, 0.0], [-107.96611927611384, 38.824911205228666, 0.0], [-107.96638507573279, 38.82485040541361, 0.0], [-107.9664904106039, 38.82481167339448, 0.0], [-107.96662827580218, 38.82471807297923, 0.0], [-107.96686280985784, 38.82438780598536, 0.0], [-107.96699061056681, 38.82415480581801, 0.0], [-107.96717440919923, 38.82375827279493, 0.0], [-107.9672944756714, 38.823444405731315, 0.0], [-107.96736627604801, 38.82319927288127, 0.0], [-107.96744600990219, 38.822800873202155, 0.0], [-107.96743587544415, 38.82270207303739, 0.0], [-107.96736080954906, 38.82250120538209, 0.0], [-107.96736401048577, 38.822393072487344, 0.0], [-107.96751640984131, 38.82179007375019, 0.0], [-107.96762407508281, 38.821490072984346, 0.0], [-107.96769987574363, 38.82143407275466, 0.0], [-107.96793647572677, 38.82135600651778, 0.0], [-107.96800021050872, 38.82131827237734, 0.0], [-107.96805847598601, 38.821222272676614, 0.0], [-107.96816040928964, 38.82091787303404, 0.0], [-107.96822741044745, 38.82080807271728, 0.0], [-107.96830807617987, 38.8207520060479, 0.0], [-107.96857807594351, 38.82063700625592, 0.0], [-107.96874061029067, 38.8204842056953, 0.0], [-107.96886121041403, 38.82022887312798, 0.0], [-107.96918707548133, 38.819396273363445, 0.0], [-107.96942927610135, 38.81896667288215, 0.0], [-107.96968020998975, 38.8185818732283, 0.0], [-107.96976700957758, 38.818485072890915, 0.0], [-107.97033761030363, 38.81804260606921, 0.0], [-107.97053627539684, 38.817744805983935, 0.0], [-107.97096400935905, 38.81726547353074, 0.0], [-107.97105887623425, 38.8172134057414, 0.0], [-107.97125621017642, 38.817195005435195, 0.0], [-107.97129607561804, 38.81714887260158, 0.0], [-107.97136667561092, 38.81698040587697, 0.0], [-107.97146720927444, 38.8169688061858, 0.0], [-107.97156020934311, 38.816912406232404, 0.0], [-107.97176787649133, 38.81658280554062, 0.0], [-107.9718038102703, 38.816397205762826, 0.0], [-107.9720388765189, 38.81615247294553, 0.0], [-107.97208221033914, 38.81600720635535, 0.0], [-107.97207507664976, 38.81585420667972, 0.0], [-107.9719430750649, 38.81557840670593, 0.0], [-107.97193887604082, 38.815371206082226, 0.0], [-107.97178927622708, 38.81512727291115, 0.0], [-107.97171747509981, 38.81496687353329, 0.0], [-107.97168980898456, 38.814810005509685, 0.0], [-107.97175647663177, 38.814731673038224, 0.0], [-107.97204561038713, 38.8145802053672, 0.0], [-107.97210367597056, 38.81452020615943, 0.0], [-107.97208541078967, 38.814385472784735, 0.0], [-107.97200287648184, 38.81426147302848, 0.0], [-107.97199081012045, 38.814194206248885, 0.0], [-107.97201421005332, 38.81415307348013, 0.0], [-107.97208707617257, 38.814092673133466, 0.0], [-107.97228280974969, 38.814083073226584, 0.0], [-107.97236341009965, 38.81403147309058, 0.0], [-107.97245180910002, 38.81386720656357, 0.0], [-107.97266781067786, 38.813366206224515, 0.0], [-107.97280447554144, 38.81313300569317, 0.0], [-107.97288727595225, 38.81306327347446, 0.0], [-107.97313147560448, 38.812930872802525, 0.0], [-107.9732378092351, 38.812824606667064, 0.0], [-107.97360407621548, 38.81197287307549, 0.0], [-107.97375707643583, 38.811482606267425, 0.0], [-107.9738170764952, 38.811395473127455, 0.0], [-107.97401740973827, 38.811250672825345, 0.0], [-107.97407727684606, 38.811181605135566, 0.0], [-107.97405147607812, 38.810979605364906, 0.0], [-107.9741462760497, 38.81079700601863, 0.0], [-107.97416560965347, 38.810661406000854, 0.0], [-107.97410507672879, 38.81008180576492, 0.0], [-107.9741690096429, 38.81000360650283, 0.0], [-107.97415327598588, 38.80989580626329, 0.0], [-107.97420500928969, 38.809750405964124, 0.0], [-107.97444567642694, 38.80944700587847, 0.0], [-107.97444420901637, 38.80934787281645, 0.0], [-107.97433527564786, 38.809170606614536, 0.0], [-107.97429120985596, 38.809144606787946, 0.0], [-107.97415201009566, 38.80911207308285, 0.0], [-107.97407467578671, 38.80903747292218, 0.0], [-107.97402360909702, 38.808876606040826, 0.0], [-107.97401541022239, 38.808678673081864, 0.0], [-107.9740260762068, 38.8086378724422, 0.0], [-107.97410180975466, 38.808541406780826, 0.0], [-107.97406201038845, 38.80838467267377, 0.0], [-107.97417961026557, 38.808273606084086, 0.0], [-107.97416900945304, 38.80811167223285, 0.0], [-107.97429327605711, 38.80796880588786, 0.0], [-107.97428887531134, 38.80787440520617, 0.0], [-107.97422520931676, 38.80762367271931, 0.0], [-107.97425167675473, 38.80733480588398, 0.0], [-107.97436861052108, 38.807133606347335, 0.0], [-107.97439687601225, 38.806979673229016, 0.0], [-107.9744882764325, 38.80686480540679, 0.0], [-107.97454327585848, 38.806665205389145, 0.0], [-107.97465847545313, 38.80651807239739, 0.0], [-107.97462321009962, 38.80642440593108, 0.0], [-107.97450980893595, 38.80628760595646, 0.0], [-107.97445400944738, 38.80617640584277, 0.0], [-107.9744048754558, 38.806029073624515, 0.0], [-107.97440087600013, 38.80590300587123, 0.0], [-107.97441587626328, 38.805853073115195, 0.0], [-107.9744892097706, 38.80573860526341, 0.0], [-107.97457940992227, 38.80547500635719, 0.0], [-107.97459460998779, 38.805389072909065, 0.0], [-107.97457987619447, 38.80519580554237, 0.0], [-107.97459087646868, 38.805118872819286, 0.0], [-107.97463020981554, 38.8050548731355, 0.0], [-107.97478000979945, 38.804902406119815, 0.0], [-107.9748018099973, 38.80484327298987, 0.0], [-107.97479787562956, 38.80476680549982, 0.0], [-107.97476901060307, 38.80470440665783, 0.0], [-107.97461201071296, 38.804532805891526, 0.0], [-107.97415501050877, 38.80411200618174, 0.0], [-107.97388927693552, 38.803911605943405, 0.0], [-107.97371527669706, 38.80383940569962, 0.0], [-107.97357727622939, 38.803644672581385, 0.0], [-107.97343107692416, 38.80357180610498, 0.0], [-107.97338347662456, 38.80346940648695, 0.0], [-107.97336927568337, 38.803361673285075, 0.0], [-107.97344360997751, 38.80304000612246, 0.0], [-107.97342767633312, 38.80268007309076, 0.0], [-107.9734848759948, 38.80253440587561, 0.0], [-107.97343747681344, 38.80246807241087, 0.0], [-107.97318387518895, 38.80232140571074, 0.0], [-107.97311261027447, 38.80223767265187, 0.0], [-107.97299207611943, 38.80202440647296, 0.0], [-107.97298301046246, 38.8018174736445, 0.0], [-107.9729466760213, 38.80178687271057, 0.0], [-107.9728288100484, 38.8017358731262, 0.0], [-107.9727848754718, 38.80167840613105, 0.0], [-107.97275200995564, 38.80155760570615, 0.0], [-107.97275687599576, 38.801444805766415, 0.0], [-107.97274200975018, 38.80140467338122, 0.0], [-107.97269207658277, 38.80137440602505, 0.0], [-107.97251440935743, 38.80132040630231, 0.0], [-107.97245047611554, 38.80122287346736, 0.0], [-107.97240381049691, 38.80118360564096, 0.0], [-107.97211747591234, 38.80104667354211, 0.0], [-107.97193387604806, 38.800997405947285, 0.0], [-107.97178147552044, 38.801023806288924, 0.0], [-107.97173407534176, 38.801020473223694, 0.0], [-107.9716984764389, 38.80094927284173, 0.0], [-107.97170847660232, 38.80081387368033, 0.0], [-107.97165181105017, 38.80070280578465, 0.0], [-107.97153780946736, 38.800629073070596, 0.0], [-107.9712008101439, 38.80046647318153, 0.0], [-107.97111827538026, 38.80041000592464, 0.0], [-107.97104587606337, 38.80030820573048, 0.0], [-107.97100820938631, 38.80010647347801, 0.0], [-107.97100527640671, 38.79907047307944, 0.0], [-107.9709082096881, 38.79894687249412, 0.0], [-107.97087467503746, 38.79883060649945, 0.0], [-107.97088547601281, 38.798456405868876, 0.0], [-107.97076007641222, 38.79831547380691, 0.0], [-107.97074027535956, 38.7982618729507, 0.0], [-107.970754675972, 38.79776607300659, 0.0], [-107.9707168100569, 38.797136406055145, 0.0], [-107.970741475373, 38.79690600631122, 0.0], [-107.97069907656544, 38.796839473186964, 0.0], [-107.97053287680433, 38.79672207276694, 0.0], [-107.97052141037214, 38.796641406521694, 0.0], [-107.97056061030347, 38.796437605559504, 0.0], [-107.97054687558476, 38.79635687360449, 0.0], [-107.97046367651045, 38.79621487276999, 0.0], [-107.9702122752918, 38.79589700632387, 0.0], [-107.9701314104596, 38.79576840626069, 0.0], [-107.97010540991525, 38.795633873434326, 0.0], [-107.97013000932168, 38.795358473431556, 0.0], [-107.97009567689756, 38.795287272660254, 0.0], [-107.96983127526018, 38.795095805956755, 0.0], [-107.96965501045456, 38.79487507235062, 0.0], [-107.96947221009702, 38.79479420623514, 0.0], [-107.96938220983193, 38.79479187277489, 0.0], [-107.96923481019857, 38.7947190735084, 0.0], [-107.96901101007707, 38.794562605767595, 0.0], [-107.96878747525963, 38.79426200581361, 0.0], [-107.96864141019397, 38.79417120597803, 0.0], [-107.9685738762, 38.79401520617852, 0.0], [-107.96856887588763, 38.79392967343942, 0.0], [-107.96859727604439, 38.79387947269317, 0.0], [-107.96869141050563, 38.79380947337123, 0.0], [-107.96879460995962, 38.79378427251523, 0.0], [-107.9688268108775, 38.79375200578604, 0.0], [-107.96892067583583, 38.79347027336085, 0.0], [-107.96908200955282, 38.79318240614682, 0.0], [-107.96911961062948, 38.79307787372631, 0.0], [-107.96914087694796, 38.79291507353809, 0.0], [-107.96911760979538, 38.79280767282518, 0.0], [-107.9690590101217, 38.79274160597503, 0.0], [-107.96891921062172, 38.79269107342318, 0.0], [-107.96843321074834, 38.792433206301354, 0.0], [-107.96823487636046, 38.79224900550163, 0.0], [-107.96811287532486, 38.79216200665635, 0.0], [-107.96798200957161, 38.792133805411304, 0.0], [-107.96765641015443, 38.792101472884156, 0.0], [-107.96752827522775, 38.79206880619252, 0.0], [-107.96733820995644, 38.791970005806675, 0.0], [-107.96697740970562, 38.79172687296005, 0.0], [-107.96680941022538, 38.791632073120866, 0.0], [-107.96667447591906, 38.791581406076894, 0.0], [-107.96632127520576, 38.79149140592053, 0.0], [-107.96617580978332, 38.791423005749216, 0.0], [-107.96605687568957, 38.79131327258494, 0.0], [-107.96558241030198, 38.7907578065775, 0.0], [-107.96547660966486, 38.79067487358282, 0.0], [-107.96520760933232, 38.790519606575714, 0.0], [-107.9651072753568, 38.790432073106146, 0.0], [-107.9649894099158, 38.790268405919406, 0.0], [-107.9646510092153, 38.789704872234886, 0.0], [-107.96440720936468, 38.789377806452435, 0.0], [-107.96411160962843, 38.7888492061451, 0.0], [-107.96384241033347, 38.788324472686114, 0.0], [-107.96381481002098, 38.788199072489846, 0.0], [-107.96381540938815, 38.78809987373985, 0.0], [-107.96389447607889, 38.78791327261763, 0.0], [-107.96395540944717, 38.78763687261984, 0.0], [-107.9639324765646, 38.78747527263244, 0.0], [-107.96386407581892, 38.78731040609683, 0.0], [-107.96376021006122, 38.78717340571254, 0.0], [-107.96361041030572, 38.78703307294096, 0.0], [-107.96308740996378, 38.786695006718226, 0.0], [-107.96291867650405, 38.78651460638917, 0.0], [-107.96279627699468, 38.78632847326543, 0.0], [-107.96273301039695, 38.786145406210984, 0.0], [-107.96251667650411, 38.785934605678385, 0.0], [-107.96206440976734, 38.78516680523535, 0.0], [-107.96169407614748, 38.78472127291334, 0.0], [-107.96141701053538, 38.784286872965474, 0.0], [-107.96117187543646, 38.783838073201494, 0.0], [-107.96108007514607, 38.78352960615766, 0.0], [-107.9610284762692, 38.783418405738914, 0.0], [-107.96091500933932, 38.78328600557325, 0.0], [-107.96060087714902, 38.783005805888145, 0.0], [-107.96052460984009, 38.78289507305855, 0.0], [-107.96048140956829, 38.7827384734762, 0.0], [-107.96059680968293, 38.782406806097875, 0.0], [-107.96057460960736, 38.78210100620515, 0.0], [-107.96063447608476, 38.78179320560393, 0.0], [-107.96060047578437, 38.78165887294182, 0.0], [-107.96074081055897, 38.78132647316458, 0.0], [-107.96068761012887, 38.78108460578406, 0.0], [-107.96072587565021, 38.78094400643974, 0.0], [-107.96069561020026, 38.7808682056851, 0.0], [-107.96053167651928, 38.78062907299891, 0.0], [-107.96050847582026, 38.78055760570958, 0.0], [-107.96051107565279, 38.78047647246094, 0.0], [-107.96056107554165, 38.78015087321842, 0.0], [-107.96063987601507, 38.77989220550479, 0.0], [-107.96086107598956, 38.779607205982636, 0.0], [-107.96096520988158, 38.77932980541516, 0.0], [-107.9610472096279, 38.779251073103616, 0.0], [-107.96106621045155, 38.77920107282867, 0.0], [-107.96106540978407, 38.77900300591276, 0.0], [-107.96096001075448, 38.77869027339945, 0.0], [-107.96093021024114, 38.77843880536325, 0.0], [-107.96095480907654, 38.7781318727077, 0.0], [-107.96097501052449, 38.77806380581049, 0.0], [-107.96103141020087, 38.7779678063261, 0.0]]}, "properties": {"gnisidlabel": "Cedar Run", "featuretypelabel": "Channel Line", "huc12": "140200050105"}}, {"type": "Feature", "geometry": {"type": "LineString", "coordinates": [[-107.7901120098924, 39.04097693912167, 0.0], [-107.78977320989152, 39.040417873540214, 0.0]]}, "properties": {"gnisidlabel": "Beaver Creek", "featuretypelabel": "Waterbody Connector", "huc12": "140200050111"}}, {"type": "Feature", "geometry": {"type": "LineString", "coordinates": [[-107.8275989428386, 38.9942996061106, 0.0], [-107.82835241029035, 38.9946552731446, 0.0], [-107.82911980953885, 38.99493947239922, 0.0], [-107.829500343089, 38.995202339021525, 0.0], [-107.82987387568373, 38.99549267262991, 0.0], [-107.8300360751669, 38.9956680724055, 0.0], [-107.83014921013309, 38.99589293893996, 0.0], [-107.83019174299463, 38.99602460530264, 0.0], [-107.83025567614877, 38.99615880529268, 0.0]]}, "properties": {"gnisidlabel": null, "featuretypelabel": "Channel Line", "huc12": "140200050111"}}, {"type": "Feature", "geometry": {"type": "LineString", "coordinates": [[-107.96560141053267, 38.818545873596854, 0.0], [-107.9658096103141, 38.81830647343735, 0.0], [-107.96667027549984, 38.81758180567964, 0.0], [-107.96682581008535, 38.817424805480414, 0.0], [-107.9669322754933, 38.81724640628788, 0.0], [-107.96706567547852, 38.816878073288656, 0.0], [-107.96714100966622, 38.816583405471945, 0.0], [-107.96706627571606, 38.81644107321769, 0.0], [-107.96666561007247, 38.81603240609118, 0.0], [-107.96656587556407, 38.81589980618029, 0.0], [-107.96650301043923, 38.81577520527537, 0.0], [-107.96643807643636, 38.81547060598514, 0.0], [-107.96643561031343, 38.81503827381287, 0.0], [-107.9663992761111, 38.81475527295403, 0.0], [-107.96609201047102, 38.81387567376921, 0.0], [-107.9659536101703, 38.81352340640142, 0.0], [-107.96580907651297, 38.813220805624084, 0.0], [-107.96523781063387, 38.81231627290827, 0.0], [-107.96514600991058, 38.81213860596748, 0.0], [-107.96513760918867, 38.81189547259896, 0.0], [-107.96520260986874, 38.81155147262879, 0.0], [-107.96529587516446, 38.811188805935515, 0.0], [-107.96541807562603, 38.81091540533916, 0.0], [-107.96540580954357, 38.81066340615975, 0.0], [-107.96529187541738, 38.80990960579804, 0.0], [-107.96527607581999, 38.80960367360475, 0.0], [-107.9653044098993, 38.80915700541622, 0.0], [-107.96540620962612, 38.80855540649432, 0.0], [-107.96540267612428, 38.8084022064955, 0.0], [-107.96536307598465, 38.80820047292508, 0.0], [-107.96529507623988, 38.80798160569972, 0.0], [-107.96519980937921, 38.80774067327668, 0.0], [-107.9650694763538, 38.80747820610586, 0.0], [-107.96489727608596, 38.80716280549566, 0.0], [-107.96463527586361, 38.80674147298384, 0.0], [-107.96434167584661, 38.80643820578099, 0.0]]}, "properties": {"gnisidlabel": "Alfalfa Run", "featuretypelabel": "Channel Line", "huc12": "140200050105"}}, {"type": "Feature", "geometry": {"type": "LineString", "coordinates": [[-107.89846661071047, 38.86232760659948, 0.0], [-107.8986562762422, 38.862205806118794, 0.0], [-107.8989376768648, 38.861910405916184, 0.0], [-107.89901240954428, 38.86180047266692, 0.0], [-107.89903101005036, 38.86163787297264, 0.0], [-107.89909547662786, 38.86149207363694, 0.0], [-107.8991694760448, 38.86140020642989, 0.0], [-107.8994184751809, 38.86117780537133, 0.0], [-107.89951727578142, 38.860972606231954, 0.0], [-107.89952300950031, 38.8609094730661, 0.0], [-107.89947800958274, 38.860806873033034, 0.0], [-107.89919400966475, 38.860458073303455, 0.0], [-107.89916747608007, 38.86037320552863, 0.0], [-107.89916667661019, 38.860292206573995, 0.0], [-107.89926707550741, 38.86001480594958, 0.0], [-107.8993052103272, 38.859721072729506, 0.0], [-107.89934427591514, 38.85960300549632, 0.0], [-107.89938600971041, 38.859565873661644, 0.0], [-107.89953500986647, 38.85948567355572, 0.0], [-107.89974660980567, 38.859282205763684, 0.0], [-107.899778409792, 38.85912380591597, 0.0], [-107.89976087600125, 38.85894847319697, 0.0], [-107.89977147638423, 38.85887167299826, 0.0], [-107.89980967642884, 38.85881667369221, 0.0], [-107.89996360963647, 38.85867320570714, 0.0], [-107.89994947550072, 38.85857000636395, 0.0], [-107.89981027556145, 38.85833907296839, 0.0], [-107.89981307620462, 38.85825807283756, 0.0], [-107.89983467597668, 38.858212405927475, 0.0], [-107.89991127543334, 38.85815200640858, 0.0], [-107.90013467537291, 38.85803380593284, 0.0], [-107.90027467624354, 38.857881672891025, 0.0], [-107.90038740907468, 38.85752300542193, 0.0], [-107.90060560966808, 38.857269872487024, 0.0], [-107.90095227599872, 38.856698205709975, 0.0], [-107.9010684767892, 38.85659607287335, 0.0], [-107.90118607620448, 38.85611127340467, 0.0], [-107.90129987607929, 38.856022806476304, 0.0], [-107.90172800952199, 38.85576887292101, 0.0]]}, "properties": {"gnisidlabel": null, "featuretypelabel": "Channel Line", "huc12": "140200050105"}}, {"type": "Feature", "geometry": {"type": "LineString", "coordinates": [[-107.78307400924471, 39.04349980598221, 0.0], [-107.7834744756164, 39.043371538855844, 0.0], [-107.78426280936542, 39.043296338826494, 0.0], [-107.78474807605649, 39.04320607329819, 0.0], [-107.78533187597695, 39.04309887340797, 0.0], [-107.78579507505819, 39.042887939099934, 0.0], [-107.78601260982545, 39.04278800616115, 0.0], [-107.78623707593844, 39.04266607273471, 0.0], [-107.78628640933997, 39.04261853896928, 0.0]]}, "properties": {"gnisidlabel": null, "featuretypelabel": "Channel Line", "huc12": "140200050111"}}, {"type": "Feature", "geometry": {"type": "LineString", "coordinates": [[-107.93645340965692, 38.83628300563725, 0.0], [-107.93690401007194, 38.835763673240336, 0.0], [-107.93716541019272, 38.835171873066805, 0.0], [-107.93731360997278, 38.83447660615978, 0.0], [-107.93742280976365, 38.83415467231165, 0.0]]}, "properties": {"gnisidlabel": "Alfalfa Ditch", "featuretypelabel": "Waterbody Connector", "huc12": "140200050105"}}, {"type": "Feature", "geometry": {"type": "LineString", "coordinates": [[-107.84488754358786, 39.04573353895405, 0.0], [-107.84518854377514, 39.04551767277724, 0.0], [-107.84542654301445, 39.04534613938042, 0.0], [-107.84563727669362, 39.045284605953206, 0.0], [-107.84594680968294, 39.04523900628264, 0.0], [-107.8461583433935, 39.045265272738845, 0.0], [-107.84636881032633, 39.04528387300324, 0.0]]}, "properties": {"gnisidlabel": null, "featuretypelabel": "Channel Line", "huc12": "140200050111"}}, {"type": "Feature", "geometry": {"type": "LineString", "coordinates": [[-107.85771387631539, 39.072173073448745, 0.0], [-107.85827921066151, 39.072035472815024, 0.0]]}, "properties": {"gnisidlabel": null, "featuretypelabel": "Surface Connector", "huc12": "140200050111"}}, {"type": "Feature", "geometry": {"type": "LineString", "coordinates": [[-107.82588581003303, 39.00781327342422, 0.0], [-107.8260692105102, 39.007781805733416, 0.0], [-107.82625267586033, 39.00775040555228, 0.0], [-107.82643480933156, 39.00768287325783, 0.0], [-107.82661547647584, 39.00757940581339, 0.0], [-107.8268062102464, 39.00743960645013, 0.0], [-107.82703147637211, 39.007299006288356, 0.0], [-107.82727807516304, 39.007112872819796, 0.0], [-107.82746821047623, 39.006955073320846, 0.0], [-107.82764847527208, 39.006842605918315, 0.0], [-107.82779521064046, 39.006757873310136, 0.0], [-107.82798727617222, 39.00665427233042, 0.0], [-107.82820401034456, 39.00658587361148, 0.0], [-107.82840841056542, 39.00649987277208, 0.0], [-107.8286716103772, 39.00643940621079, 0.0], [-107.82898241034027, 39.0064138732728, 0.0], [-107.82928121026183, 39.00637960638792, 0.0], [-107.82956707556374, 39.00630960570677, 0.0], [-107.82978467582045, 39.006268205677344, 0.0], [-107.82997907683921, 39.00621847289848, 0.0], [-107.83019500968707, 39.00613220610895, 0.0], [-107.8304092101066, 39.0060008060419, 0.0], [-107.83070441049335, 39.0058764730399, 0.0], [-107.8308976106786, 39.005799805642, 0.0], [-107.83109201041542, 39.005750006192656, 0.0], [-107.8313312757105, 39.00567207342071, 0.0]]}, "properties": {"gnisidlabel": "Caesar Creek", "featuretypelabel": "Channel Line", "huc12": "140200050111"}}, {"type": "Feature", "geometry": {"type": "LineString", "coordinates": [[-107.84260767698795, 39.043596405909604, 0.0], [-107.84279160974081, 39.0435738726721, 0.0], [-107.84298627670775, 39.043533072848604, 0.0], [-107.84322580991349, 39.04345520619053, 0.0], [-107.84340687657787, 39.043360672786186, 0.0], [-107.84357787536685, 39.043302406251954, 0.0], [-107.84372500982847, 39.04322680652135, 0.0], [-107.84389527685964, 39.04315060609334, 0.0], [-107.84404207534605, 39.04306587275745, 0.0], [-107.84416821022334, 39.043044805463, 0.0], [-107.8442728760975, 39.04306027357469, 0.0], [-107.84436660933092, 39.043094006548635, 0.0], [-107.84447420999908, 39.043181473763454, 0.0], [-107.8445582100678, 39.043260472802054, 0.0], [-107.84465587603927, 39.0433932722492, 0.0], [-107.8447990756113, 39.04350687372902, 0.0], [-107.84494121023403, 39.04359347319446, 0.0], [-107.84508407545313, 39.0436982059282, 0.0], [-107.845274076826, 39.04382860562444, 0.0], [-107.84546240964536, 39.04391420627167, 0.0], [-107.84561347554937, 39.043937405992274, 0.0], [-107.84579707564882, 39.04390587345802, 0.0], [-107.84594720985447, 39.043902273078075, 0.0], [-107.84608707651289, 39.043934873555855, 0.0], [-107.84622781056062, 39.04398547332852, 0.0], [-107.84643947627265, 39.04407940609596, 0.0], [-107.84665007577055, 39.0441464060653, 0.0], [-107.84684921072247, 39.04421360551933, 0.0], [-107.8470368099119, 39.04428107292351, 0.0], [-107.84722260999833, 39.04430360578555, 0.0], [-107.8474662764455, 39.04433367223014, 0.0], [-107.84752547626766, 39.0443276726582, 0.0]]}, "properties": {"gnisidlabel": null, "featuretypelabel": "Channel Line", "huc12": "140200050111"}}, {"type": "Feature", "geometry": {"type": "LineString", "coordinates": [[-107.81098447579069, 39.04234527271048, 0.0], [-107.8109472766111, 39.042283073356096, 0.0], [-107.81086187549812, 39.04216807242752, 0.0], [-107.810775676236, 39.04203500594858, 0.0], [-107.81067807679736, 39.041902272888635, 0.0], [-107.81060347625193, 39.041768872496384, 0.0], [-107.81055087649965, 39.04160800539157, 0.0], [-107.8104888757149, 39.04150147321406, 0.0], [-107.81036767641655, 39.04136020623884, 0.0], [-107.81023727561794, 39.04127320619497, 0.0], [-107.81009587678754, 39.04120460636211, 0.0], [-107.809967076077, 39.041162672959786, 0.0], [-107.80979220933581, 39.041121805862545, 0.0], [-107.8095946093185, 39.04109047304211, 0.0], [-107.80940881028232, 39.04106800589628, 0.0], [-107.8092454765155, 39.0410268725765, 0.0], [-107.80906987521915, 39.04096800581769, 0.0], [-107.80892780982764, 39.04088140523506, 0.0], [-107.80880741041261, 39.04075820563629, 0.0], [-107.8086862755846, 39.04061687312073, 0.0], [-107.80857641036363, 39.040466473372454, 0.0], [-107.8084560096121, 39.04034320585106, 0.0], [-107.808323010812, 39.04019320653454, 0.0], [-107.80821627568119, 39.04012367270666, 0.0], [-107.80813227567059, 39.040044672949975, 0.0]]}, "properties": {"gnisidlabel": null, "featuretypelabel": "Channel Line", "huc12": "140200050111"}}, {"type": "Feature", "geometry": {"type": "LineString", "coordinates": [[-107.92813007587897, 38.85778967253273, 0.0], [-107.92817001021794, 38.85759500563419, 0.0], [-107.92820761036116, 38.85749947253113, 0.0], [-107.92828080998972, 38.85745707250481, 0.0], [-107.92846887608147, 38.85745240546989, 0.0], [-107.92852681026395, 38.85738340536195, 0.0], [-107.92857521108002, 38.857265006402045, 0.0], [-107.92860360976162, 38.85710667316647, 0.0], [-107.92857961000216, 38.85699907224485, 0.0], [-107.92851867592542, 38.8569376056048, 0.0], [-107.92833027574784, 38.856829672442295, 0.0], [-107.92829921042943, 38.8567584056792, 0.0], [-107.92837200963291, 38.856644006298204, 0.0], [-107.9284572099456, 38.85657427336857, 0.0], [-107.9285074103366, 38.85656400636343, 0.0], [-107.92865207513475, 38.856573873309046, 0.0], [-107.92870187646396, 38.85654560533941, 0.0], [-107.92868501047631, 38.856352405174114, 0.0], [-107.92876367660638, 38.85611607305466, 0.0], [-107.9286938750212, 38.855960272728495, 0.0], [-107.9286764089582, 38.855834605948566, 0.0], [-107.92875981014691, 38.85562067311918, 0.0], [-107.92885980927744, 38.855487606039254, 0.0], [-107.92897020955574, 38.85539480594692, 0.0], [-107.92905167562894, 38.855361073703065, 0.0], [-107.92924907552333, 38.85530667367795, 0.0], [-107.92931921043353, 38.85526880583024, 0.0], [-107.9293496109371, 38.85521400643561, 0.0], [-107.92933240977709, 38.85502527244347, 0.0], [-107.92935980943268, 38.85495247260945, 0.0], [-107.92958727644965, 38.85475760580832, 0.0], [-107.93004240937879, 38.85445787354894, 0.0], [-107.93020461039079, 38.85434120584596, 0.0], [-107.93029987533593, 38.85424867284535, 0.0], [-107.930383209461, 38.85410247333745, 0.0], [-107.93039667554312, 38.853940005604414, 0.0], [-107.93067060999601, 38.85367187318229, 0.0], [-107.93074107656821, 38.8534808729296, 0.0], [-107.93081960943817, 38.853384273207865, 0.0], [-107.93097541012781, 38.8532768057862, 0.0], [-107.93123940962414, 38.85318460619126, 0.0], [-107.93179760954695, 38.85275607332653, 0.0], [-107.93198060996221, 38.852657005994985, 0.0], [-107.93200480934443, 38.852602272538036, 0.0], [-107.93203721008105, 38.85239420619264, 0.0], [-107.93208961070685, 38.85233887318911, 0.0], [-107.93227087601826, 38.85222167325115, 0.0], [-107.93233121003327, 38.852143606468005, 0.0], [-107.9324780762285, 38.85175700624475, 0.0], [-107.93262341037888, 38.851595673305106, 0.0], [-107.9327242763452, 38.85116980600542, 0.0], [-107.93287707519974, 38.85102180595687, 0.0], [-107.93294441056855, 38.850812872219336, 0.0], [-107.93298527621121, 38.850748806156346, 0.0], [-107.93330281051279, 38.85041647348256, 0.0], [-107.93379487531644, 38.849985206215145, 0.0], [-107.93403161046595, 38.849754005943105, 0.0], [-107.93406767569509, 38.84968547369226, 0.0], [-107.93414467539326, 38.849431272687866, 0.0]]}, "properties": {"gnisidlabel": "Alfalfa Ditch", "featuretypelabel": "Canal", "huc12": "140200050105"}}, {"type": "Feature", "geometry": {"type": "LineString", "coordinates": [[-107.93642627526998, 38.83452240670976, 0.0], [-107.93678847639157, 38.83427707335733, 0.0], [-107.93742280976365, 38.83415467231165, 0.0]]}, "properties": {"gnisidlabel": "Transfer Ditch", "featuretypelabel": "Waterbody Connector", "huc12": "140200050105"}}, {"type": "Feature", "geometry": {"type": "LineString", "coordinates": [[-107.84818274302489, 39.04410893855306, 0.0], [-107.84820787627373, 39.04409940633954, 0.0], [-107.84837767628076, 39.04401407300809, 0.0], [-107.84860381001057, 39.043891405906315, 0.0], [-107.84877367677117, 39.043806205509725, 0.0], [-107.84901180990067, 39.04369227310273, 0.0], [-107.8491920096409, 39.043579806112156, 0.0], [-107.84938461025854, 39.04348500584585, 0.0], [-107.84957501030857, 39.04333620526284, 0.0], [-107.84975461014129, 39.043205673790375, 0.0], [-107.84991007582168, 39.043048672881916, 0.0], [-107.8500542759234, 39.04290100578751, 0.0], [-107.85018807617183, 39.04278060624866, 0.0], [-107.85038927583845, 39.04261360609685, 0.0], [-107.85049821032929, 39.04244867223204, 0.0], [-107.85061900942097, 39.04229260568067, 0.0], [-107.85076220922625, 39.042117873134536, 0.0], [-107.8508912764501, 39.04188047290333, 0.0], [-107.85095507590238, 39.04174387320915, 0.0], [-107.85106400935463, 39.041579005521484, 0.0], [-107.85120860942234, 39.0414404064898, 0.0], [-107.8513642754711, 39.04129240595611, 0.0], [-107.8514974099523, 39.041154006009116, 0.0], [-107.85161827607185, 39.04099787374722, 0.0], [-107.85172921011109, 39.04088707337285, 0.0], [-107.85193227592497, 39.040765006737296, 0.0], [-107.85222727613312, 39.04063160612355, 0.0], [-107.85245367544937, 39.04051800624385, 0.0], [-107.85258927596904, 39.040442605687424, 0.0]]}, "properties": {"gnisidlabel": null, "featuretypelabel": "Channel Line", "huc12": "140200050111"}}, {"type": "Feature", "geometry": {"type": "LineString", "coordinates": [[-107.82204681078112, 39.02689760631974, 0.0], [-107.82206027614124, 39.02688827307404, 0.0], [-107.8221258755708, 39.02679660528774, 0.0], [-107.82222367524243, 39.02664107296471, 0.0], [-107.82236340934422, 39.0263764726399, 0.0], [-107.8224842093688, 39.02622027326105, 0.0], [-107.82265161009046, 39.02607220565196, 0.0], [-107.82279867617525, 39.025996606125446, 0.0], [-107.82301301083282, 39.02586520591766, 0.0], [-107.82314781004528, 39.02577187237879, 0.0], [-107.82331721044446, 39.025677605985166, 0.0], [-107.82351847570801, 39.02551060602762, 0.0], [-107.82365267556301, 39.02539920621039, 0.0], [-107.82380847572439, 39.0252512729522, 0.0], [-107.82391707647524, 39.025077606363496, 0.0], [-107.82403720999719, 39.02490347287164, 0.0], [-107.82413247553131, 39.02468487320644, 0.0], [-107.8242172763353, 39.02449367303428, 0.0], [-107.82432727676975, 39.02435587314908, 0.0], [-107.82448020908471, 39.024135873193806, 0.0], [-107.82463380953969, 39.023934006446666, 0.0], [-107.8247982768166, 39.02371380583659, 0.0], [-107.82486280984067, 39.02364020568273, 0.0], [-107.82486387507012, 39.023638939323284, 0.0]]}, "properties": {"gnisidlabel": null, "featuretypelabel": "Channel Line", "huc12": "140200050111"}}, {"type": "Feature", "geometry": {"type": "LineString", "coordinates": [[-107.88492521057694, 39.037070073617045, 0.0], [-107.88474221017856, 39.03768787283521, 0.0]]}, "properties": {"gnisidlabel": null, "featuretypelabel": "Waterbody Connector", "huc12": "140200050111"}}, {"type": "Feature", "geometry": {"type": "LineString", "coordinates": [[-107.81473160952497, 39.05175947315463, 0.0], [-107.8146224105261, 39.05162707354714, 0.0], [-107.81447601088738, 39.05143240554295, 0.0], [-107.814376076614, 39.05124560622126, 0.0], [-107.81421967602726, 39.05108720554034, 0.0], [-107.81409860961527, 39.05094607305525, 0.0], [-107.81402601075732, 39.0508666728747, 0.0], [-107.81398647644419, 39.05074147332424, 0.0], [-107.8139940752486, 39.050642206870265, 0.0], [-107.81408247592937, 39.05054100643176, 0.0], [-107.8141918754235, 39.05038520600979, 0.0], [-107.81430107577421, 39.05022940669329, 0.0], [-107.8143752090105, 39.050056473038374, 0.0], [-107.81441420934296, 39.04987527337205, 0.0], [-107.81442867602274, 39.049658805784325, 0.0], [-107.81448027613715, 39.04950427300435, 0.0], [-107.81449080995291, 39.04941847348181, 0.0], [-107.81450680910736, 39.04929647256254, 0.0]]}, "properties": {"gnisidlabel": null, "featuretypelabel": "Channel Line", "huc12": "140200050111"}}, {"type": "Feature", "geometry": {"type": "LineString", "coordinates": [[-107.89831407611116, 38.935260205556354, 0.0], [-107.8984136103129, 38.934870272449025, 0.0], [-107.89849761072814, 38.93467000646414, 0.0], [-107.89855327540512, 38.93433527248405, 0.0], [-107.89862800991276, 38.9341892727443, 0.0], [-107.89869307489714, 38.934088606092274, 0.0], [-107.89879320977197, 38.933995873193574, 0.0], [-107.8990286103606, 38.93382800601988, 0.0], [-107.89920740935017, 38.933688405741144, 0.0], [-107.89925947557384, 38.93355200602566, 0.0], [-107.89929047641662, 38.93346107320041, 0.0], [-107.89931907568518, 38.93331627301278, 0.0], [-107.89929947537375, 38.93311847275465, 0.0], [-107.89930407599725, 38.9329472060481, 0.0], [-107.89927521004878, 38.93280380550111, 0.0], [-107.89924660947867, 38.93266940555863, 0.0], [-107.89916047617368, 38.93253640597372, 0.0], [-107.89898781039646, 38.93226140569747, 0.0], [-107.89885261037786, 38.93205760645112, 0.0], [-107.89876567606476, 38.93190660571761, 0.0], [-107.8985942102973, 38.931658606524664, 0.0], [-107.89849500972925, 38.93148980588518, 0.0], [-107.89838400984577, 38.9313124731312, 0.0], [-107.89828547543301, 38.931161672873124, 0.0], [-107.89819867620366, 38.93101067281598, 0.0], [-107.89810807575087, 38.93076967334997, 0.0], [-107.89805501012816, 38.93059987368604, 0.0], [-107.89785680990094, 38.9302624059225, 0.0], [-107.89778067530173, 38.930093206288234, 0.0], [-107.8976930106385, 38.92992420565922, 0.0], [-107.89759461059124, 38.92977347347837, 0.0], [-107.89750667605337, 38.929595472176466, 0.0], [-107.89747767558566, 38.92945200592905, 0.0], [-107.89742207633832, 38.9292192057053, 0.0], [-107.89733447604728, 38.9290502058653, 0.0], [-107.89728187595288, 38.9288894059306, 0.0], [-107.89721867675578, 38.928755806219094, 0.0], [-107.89720161042317, 38.92862107318012, 0.0], [-107.8971634100188, 38.92853187236134, 0.0], [-107.89715207547434, 38.92825300572503, 0.0], [-107.89714667521535, 38.927838605875436, 0.0], [-107.89713880956221, 38.92764060633335, 0.0], [-107.89712100982817, 38.927487872525795, 0.0], [-107.89711261037985, 38.92728100603514, 0.0], [-107.89708321055583, 38.92712847295114, 0.0], [-107.89707667695579, 38.92696647279259, 0.0], [-107.89713187598187, 38.92662280565878, 0.0], [-107.89723167593432, 38.92624187292759, 0.0], [-107.89723587580053, 38.92606167278685, 0.0], [-107.89725240966457, 38.92589907351533, 0.0], [-107.89723321020672, 38.925710273488555, 0.0], [-107.89717207502194, 38.92534247329706, 0.0], [-107.89715467631171, 38.92519880607637, 0.0], [-107.89705587553382, 38.92503907327254, 0.0], [-107.89697081004073, 38.92493300655352, 0.0], [-107.89687567630476, 38.92486340521011, 0.0], [-107.8967220094639, 38.924768006033695, 0.0], [-107.89662787591631, 38.92472540582372, 0.0], [-107.89653247612645, 38.92464667293962, 0.0], [-107.89637861066362, 38.92455127282169, 0.0], [-107.89630221026015, 38.92437307314361, 0.0], [-107.89630567518424, 38.924174806487784, 0.0], [-107.89633207707642, 38.9239760054165, 0.0], [-107.89643640959368, 38.923703073540686, 0.0], [-107.896543476109, 38.923502272943004, 0.0], [-107.89677201050331, 38.92316320584405, 0.0], [-107.89696607546823, 38.922834073706724, 0.0], [-107.8971272105096, 38.92254180608883, 0.0], [-107.89730060996332, 38.92226720573248, 0.0], [-107.8974848106824, 38.92197427281187, 0.0], [-107.89772761098966, 38.92170707311031, 0.0], [-107.8978834108473, 38.921568072501614, 0.0], [-107.89799507559334, 38.92119587309947, 0.0], [-107.89813707601064, 38.92100307344163, 0.0], [-107.89834021024873, 38.920610673064466, 0.0], [-107.89847087587657, 38.92041827267298, 0.0], [-107.8985690102794, 38.9202806734469, 0.0], [-107.89864267613645, 38.920107673098165, 0.0], [-107.89873941071397, 38.91993407330047, 0.0], [-107.89881460986642, 38.919797072663144, 0.0], [-107.89895847575313, 38.91964940596022, 0.0], [-107.89971587639612, 38.918990873176085, 0.0], [-107.89985907593649, 38.91882520569943, 0.0], [-107.89998027579958, 38.918687073344785, 0.0], [-107.90007807528853, 38.9185404730846, 0.0], [-107.9002914095729, 38.91840007313998, 0.0], [-107.90072507540346, 38.91800187261752, 0.0], [-107.90087001018018, 38.91788107259234, 0.0], [-107.90100167583466, 38.91771567346841, 0.0], [-107.90111280996021, 38.91761387326443, 0.0], [-107.90122360999969, 38.91750300557128, 0.0], [-107.90135607577237, 38.917355606016976, 0.0], [-107.90147827574984, 38.91724440588916, 0.0], [-107.9018000100391, 38.91693007226316, 0.0], [-107.90207687646345, 38.916653006377345, 0.0], [-107.902177009861, 38.916560405918105, 0.0], [-107.90222047597871, 38.91649620632965, 0.0], [-107.90232947583988, 38.916340273299255, 0.0], [-107.90274140993262, 38.91597867292578, 0.0], [-107.90295327628311, 38.915802273151996, 0.0], [-107.90307381041987, 38.91564607312061, 0.0], [-107.90322987573312, 38.91551607338946, 0.0], [-107.90331947539862, 38.91545087293915, 0.0], [-107.9033846107697, 38.91535007315872, 0.0], [-107.90360547692575, 38.91511040575541, 0.0], [-107.90379567646424, 38.91497047271646, 0.0], [-107.90401661050588, 38.91473080646925, 0.0], [-107.9040942754387, 38.9146568061423, 0.0], [-107.9042192098873, 38.91460867310225, 0.0], [-107.90429727577724, 38.91454360592142, 0.0], [-107.90436347624626, 38.91446987374031, 0.0], [-107.90441807569617, 38.91439647361671, 0.0], [-107.90444940981892, 38.91431460588805, 0.0], [-107.9045014763133, 38.91417807317485, 0.0], [-107.90453947637724, 38.9139790058795, 0.0], [-107.90464187572633, 38.913661205950184, 0.0], [-107.90469321055524, 38.91350667241465, 0.0], [-107.90476827686184, 38.913369673171346, 0.0], [-107.90482267589606, 38.91328720666562, 0.0], [-107.90488767627691, 38.91318647339666, 0.0], [-107.90495267685692, 38.913085805853505, 0.0], [-107.90517541061202, 38.912891072931416, 0.0], [-107.90541041014691, 38.912714006200446, 0.0], [-107.90546607598378, 38.912667672788196, 0.0], [-107.90562267622376, 38.91254660618824, 0.0], [-107.9058590762569, 38.912405606461945, 0.0], [-107.90605227551353, 38.912337672733365, 0.0], [-107.90624521054836, 38.91226087318246, 0.0], [-107.90657407530269, 38.91212647285031, 0.0], [-107.90688147670538, 38.91202880562314, 0.0], [-107.90699407549239, 38.91196287253492, 0.0], [-107.9070506102536, 38.911934472615904, 0.0], [-107.90710487575687, 38.91185207327108, 0.0], [-107.90720367542521, 38.911732406302754, 0.0], [-107.90727927671982, 38.91160440569502, 0.0], [-107.90735220978637, 38.91141340566281, 0.0], [-107.90756927651204, 38.91108367233936, 0.0], [-107.90775907586314, 38.910646473073335, 0.0], [-107.90792901003277, 38.91029087245844, 0.0], [-107.90797927664475, 38.91010947312335, 0.0], [-107.90814960960061, 38.90976287308025, 0.0], [-107.90822440994589, 38.909616872892514, 0.0], [-107.90830767621578, 38.90939860650404, 0.0], [-107.90840621073312, 38.90927000550434, 0.0], [-107.9085062107244, 38.90917740669115, 0.0], [-107.90859620922909, 38.90912120588314, 0.0], [-107.90875561031483, 38.90907207359309, 0.0], [-107.90888081027904, 38.909032872326854, 0.0], [-107.90899341038106, 38.90896707337091, 0.0], [-107.90906107584058, 38.90892927330273, 0.0], [-107.90921567613339, 38.90876340585092, 0.0], [-107.90935947651427, 38.90861560668123, 0.0], [-107.90962381024154, 38.90831167372932, 0.0], [-107.90973500977184, 38.90820980624211, 0.0], [-107.90983427569961, 38.908099206578925, 0.0], [-107.90988861016017, 38.90801680515905, 0.0], [-107.90992020964563, 38.90794387355311, 0.0], [-107.90991541015413, 38.90782700658345, 0.0], [-107.90987760946655, 38.90774687278299, 0.0], [-107.90985607540924, 38.90750407255939, 0.0], [-107.90979600903538, 38.9071632729168, 0.0], [-107.9097994107832, 38.906965005710546, 0.0], [-107.90983747561438, 38.90676580630744, 0.0], [-107.90989887607373, 38.906575072566206, 0.0], [-107.9099862092491, 38.90645580555563, 0.0], [-107.91021900935978, 38.90622480579838, 0.0], [-107.91040887667548, 38.906075873259006, 0.0], [-107.91065487673194, 38.905889606481, 0.0], [-107.91080100932456, 38.905795806062734, 0.0], [-107.91101827640195, 38.905754406188585, 0.0], [-107.91115587566408, 38.90573300578881, 0.0], [-107.91128181009795, 38.905711806245435, 0.0], [-107.9115704100411, 38.905722606315706, 0.0], [-107.91183547622325, 38.90571600657608, 0.0], [-107.91201861082529, 38.905684406377475, 0.0], [-107.91224887673894, 38.905678673488815, 0.0], [-107.91237420954418, 38.90563947334544, 0.0], [-107.91248641072976, 38.90556460626715, 0.0], [-107.91260661001017, 38.90539940591843, 0.0], [-107.91278940946364, 38.90507960523475, 0.0], [-107.91289761080384, 38.904905673524674, 0.0], [-107.91313547651318, 38.904521406221654, 0.0], [-107.91327047629144, 38.90415760557126, 0.0], [-107.91335247588349, 38.90390327359552, 0.0], [-107.91348520998541, 38.903764872888026, 0.0], [-107.9136108098196, 38.90345540579672, 0.0], [-107.91378620954761, 38.90323480568559, 0.0], [-107.91395100932682, 38.90303247282097, 0.0], [-107.91408467661942, 38.90292100584314, 0.0], [-107.914285408998, 38.90275387318848, 0.0], [-107.91451100990646, 38.90263107302888, 0.0], [-107.91473841079906, 38.902553405915086, 0.0], [-107.91522180973622, 38.90253227306676, 0.0], [-107.91534841055538, 38.90252907330073, 0.0], [-107.91547401081552, 38.90249900647328, 0.0], [-107.91568101036947, 38.90248480603685, 0.0], [-107.91586380945616, 38.90244407314801, 0.0], [-107.9160214102956, 38.90235007336876, 0.0], [-107.91622280958254, 38.90220087304874, 0.0], [-107.91636587586783, 38.902035272989416, 0.0], [-107.91664200962316, 38.90174000617253, 0.0], [-107.91676427576415, 38.90162887348356, 0.0], [-107.9169092757002, 38.901508073135595, 0.0], [-107.91712247586469, 38.90136760597646, 0.0], [-107.91721101014294, 38.90127540641586, 0.0], [-107.91728867646576, 38.901201273178984, 0.0], [-107.91735340999988, 38.901091606506405, 0.0], [-107.91741507533114, 38.900909873196596, 0.0], [-107.91747100938595, 38.90058407309337, 0.0], [-107.91752561018914, 38.900231472931445, 0.0], [-107.9176416096273, 38.89996720578564, 0.0], [-107.91773280985316, 38.89965867312027, 0.0], [-107.9178926764139, 38.899339405817734, 0.0], [-107.91787407656346, 38.89916860593202, 0.0], [-107.91798161068813, 38.898976806135984, 0.0], [-107.91816367559586, 38.898638873301884, 0.0], [-107.91835207614096, 38.898454006238296, 0.0], [-107.91848741019267, 38.89837847288181, 0.0], [-107.9186958765928, 38.898121072570255, 0.0], [-107.9189504758904, 38.89786240593035, 0.0], [-107.91911507641319, 38.89766007366853, 0.0], [-107.91937967624384, 38.897365205388844, 0.0], [-107.91946741024451, 38.897254872822444, 0.0], [-107.91963127530192, 38.89703460598293, 0.0], [-107.91984987663959, 38.896740805840345, 0.0], [-107.91997947655763, 38.89653040602864, 0.0], [-107.92020067574306, 38.89629960607439, 0.0], [-107.92042080942802, 38.89604180622407, 0.0], [-107.92070787503978, 38.89573740596024, 0.0], [-107.92087627626037, 38.8956250059782, 0.0], [-107.92095507528796, 38.89557800601462, 0.0], [-107.9210320108013, 38.89548600575493, 0.0], [-107.92110741020275, 38.895358006025624, 0.0], [-107.92120441017256, 38.89519340588445, 0.0], [-107.92136167635208, 38.89481100622032, 0.0], [-107.92148101064271, 38.89462787269361, 0.0], [-107.92162147585772, 38.89439920621469, 0.0], [-107.92174967599863, 38.89415267283914, 0.0], [-107.92185860990898, 38.89399680574267, 0.0], [-107.92196967563385, 38.893894872610524, 0.0], [-107.9220912104714, 38.893765805955205, 0.0], [-107.92225760949874, 38.89360840548261, 0.0], [-107.9225698105651, 38.893348405465325, 0.0], [-107.9227486097908, 38.89320880541002, 0.0], [-107.92283807597768, 38.8931434729888, 0.0], [-107.92301861068354, 38.89304887234628, 0.0], [-107.92328940952737, 38.892906872749734, 0.0], [-107.92339127551892, 38.892859273377745, 0.0]]}, "properties": {"gnisidlabel": null, "featuretypelabel": "Channel Line", "huc12": "140200050111"}}, {"type": "Feature", "geometry": {"type": "LineString", "coordinates": [[-107.80748961026974, 39.02497873849678, 0.0], [-107.80768307617325, 39.024911072784974, 0.0], [-107.80787847573019, 39.02488840636221, 0.0], [-107.80813127531984, 39.02485520627913, 0.0], [-107.80825721026686, 39.024825206350215, 0.0], [-107.8085406760364, 39.02469220657378, 0.0], [-107.80867447526215, 39.02457187299317, 0.0], [-107.80887801060311, 39.02445887325994, 0.0], [-107.80901140997827, 39.02432960654736, 0.0], [-107.80911141017233, 39.024228072670354, 0.0], [-107.80919940963628, 39.0241178062649, 0.0], [-107.80932127520522, 39.02398867303119, 0.0], [-107.80937467692911, 39.023879406115825, 0.0], [-107.80941480927218, 39.0237252056098, 0.0], [-107.8094558762167, 39.02359807279469, 0.0], [-107.80948421065965, 39.023435272791865, 0.0], [-107.8094788099516, 39.02330027252315, 0.0], [-107.80943707608961, 39.023121006291, 0.0], [-107.80939320996485, 39.02288787312291, 0.0], [-107.80939867563427, 39.02273460543537, 0.0], [-107.80941720956633, 39.02261700584948, 0.0], [-107.80945747520543, 39.02247187241989, 0.0], [-107.8094986769161, 39.0223448057006, 0.0], [-107.80955207665062, 39.02223540631423, 0.0], [-107.80960660922274, 39.02215300587045, 0.0], [-107.80970841021396, 39.02209647248213, 0.0], [-107.80980860973038, 39.02200400624581, 0.0], [-107.80985160991293, 39.02192180620423, 0.0], [-107.80987141002512, 39.02184027261466, 0.0], [-107.80988987603209, 39.02172267278819, 0.0], [-107.80994261015405, 39.02159527295878, 0.0], [-107.81000720940007, 39.021476672709156, 0.0], [-107.8100840096971, 39.02137567297873, 0.0], [-107.81018400940495, 39.02127420669311, 0.0], [-107.81027160938686, 39.02115500584072, 0.0], [-107.81037081071761, 39.02103547296374, 0.0], [-107.8103788097656, 39.02094520574507, 0.0], [-107.81040767610943, 39.0208002738552, 0.0], [-107.81045941046862, 39.020645872528874, 0.0], [-107.81054521014366, 39.02048167319621, 0.0], [-107.81062127578694, 39.02036267271859, 0.0], [-107.81068587637306, 39.02024407297016, 0.0], [-107.8108312761365, 39.0201234734882, 0.0], [-107.81103327616044, 39.01997440514772, 0.0], [-107.81120160998346, 39.01985320619867, 0.0], [-107.81143761041643, 39.019685405372506, 0.0], [-107.81159327567298, 39.01953747343744, 0.0], [-107.81168100988171, 39.01941827282073, 0.0], [-107.81177047637138, 39.01934400537095, 0.0], [-107.81180221018677, 39.019271206171375, 0.0], [-107.81190461037708, 39.01923267367428, 0.0], [-107.81207561044673, 39.01917447257283, 0.0], [-107.81223420997871, 39.019098606335454, 0.0], [-107.81231207545488, 39.019024673315215, 0.0], [-107.81243407634324, 39.018895605724694, 0.0], [-107.81255680985495, 39.01878447358119, 0.0], [-107.81272447536091, 39.01864527319291, 0.0], [-107.81286947576595, 39.01851567270417, 0.0], [-107.81301481026146, 39.01839500546552, 0.0], [-107.81318247517848, 39.0182558062491, 0.0], [-107.81327087633672, 39.018154605583334, 0.0], [-107.81333481046141, 39.01801787355338, 0.0], [-107.81340940954713, 39.01786300561197, 0.0], [-107.81346320912623, 39.017762605693235, 0.0], [-107.81357501042564, 39.01766980582807, 0.0], [-107.81369841012469, 39.017576672743175, 0.0], [-107.81384361005586, 39.017456072609825, 0.0], [-107.81396487579224, 39.017309072459994, 0.0], [-107.81409627547511, 39.01712567239601, 0.0], [-107.81423041012624, 39.017014405636985, 0.0], [-107.81437681020067, 39.01692067331888, 0.0], [-107.81441287562106, 39.01688900600333, 0.0]]}, "properties": {"gnisidlabel": null, "featuretypelabel": "Channel Line", "huc12": "140200050111"}}, {"type": "Feature", "geometry": {"type": "LineString", "coordinates": [[-107.88696721047798, 39.060307872598905, 0.0], [-107.88692080998229, 39.060254873355696, 0.0], [-107.88686941006007, 39.06013007279305, 0.0], [-107.88681847540524, 39.06001427316835, 0.0], [-107.88678207621312, 39.05997000615141, 0.0], [-107.88665247684509, 39.059910205858024, 0.0], [-107.88644281021983, 39.059870405642236, 0.0], [-107.88624407670346, 39.05981227232187, 0.0], [-107.88611480972926, 39.059761405408956, 0.0]]}, "properties": {"gnisidlabel": null, "featuretypelabel": "Channel Line", "huc12": "140200050111"}}, {"type": "Feature", "geometry": {"type": "LineString", "coordinates": [[-107.8323464760979, 39.03476507359259, 0.0], [-107.83271774384379, 39.03452693909856, 0.0], [-107.83336727691888, 39.033897339319225, 0.0], [-107.83384094390252, 39.03329613913844, 0.0], [-107.8344403430187, 39.0325734732289, 0.0], [-107.83488027544342, 39.0321426730306, 0.0], [-107.83543134227317, 39.031535605591024, 0.0], [-107.83592947606479, 39.031318739584705, 0.0], [-107.83634247550049, 39.031025405455374, 0.0], [-107.83706421035153, 39.030609673434924, 0.0], [-107.83775707523672, 39.03011167331123, 0.0], [-107.83807834313619, 39.029802339484796, 0.0], [-107.83873674213513, 39.02939787281736, 0.0], [-107.83936714288286, 39.02900453950058, 0.0], [-107.8395032757858, 39.02895227273606, 0.0]]}, "properties": {"gnisidlabel": null, "featuretypelabel": "Channel Line", "huc12": "140200050111"}}, {"type": "Feature", "geometry": {"type": "LineString", "coordinates": [[-107.7982858096462, 39.0329210053144, 0.0], [-107.79839727592129, 39.03281927270354, 0.0], [-107.79852027613244, 39.03271720629974, 0.0], [-107.798621410824, 39.032642605487105, 0.0], [-107.79866287583171, 39.032524606458054, 0.0], [-107.79876041050618, 39.03236007251144, 0.0], [-107.79885507576417, 39.032123472721246, 0.0], [-107.79894161036832, 39.0319772731492, 0.0], [-107.79907447641257, 39.03183000592788, 0.0], [-107.79919567636507, 39.03168287278358, 0.0], [-107.79936387600152, 39.03155280632717, 0.0], [-107.79947387653236, 39.031415005898, 0.0], [-107.7995262768606, 39.031278605975665, 0.0], [-107.7995772752282, 39.03110620525274, 0.0], [-107.7996046754235, 39.030925406399795, 0.0], [-107.79959661043756, 39.0307182727344, 0.0], [-107.79960927618403, 39.03045680656677, 0.0], [-107.79956547692635, 39.03022347246254, 0.0], [-107.7995580757059, 39.03003460582564, 0.0], [-107.79952667528124, 39.02982807315185, 0.0], [-107.79949767552336, 39.029675672328466, 0.0], [-107.79949160946548, 39.02952260625873, 0.0], [-107.79952087612669, 39.029386806089065, 0.0], [-107.79955047542562, 39.029259872751915, 0.0], [-107.79961487594504, 39.029132272891864, 0.0], [-107.79970321006184, 39.029031073064665, 0.0]]}, "properties": {"gnisidlabel": "Beaver Creek", "featuretypelabel": "Channel Line", "huc12": "140200050111"}}, {"type": "Feature", "geometry": {"type": "LineString", "coordinates": [[-107.87648101012888, 39.008040406666716, 0.0], [-107.87633281009948, 39.00800820603792, 0.0], [-107.8761928764818, 39.00797560666555, 0.0], [-107.87605147539084, 39.007906938996456, 0.0], [-107.87590901079223, 39.00781133895796, 0.0], [-107.87588601015331, 39.00780060555266, 0.0]]}, "properties": {"gnisidlabel": null, "featuretypelabel": "Waterbody Connector", "huc12": "140200050111"}}, {"type": "Feature", "geometry": {"type": "LineString", "coordinates": [[-107.85830987595888, 39.07257287292314, 0.0], [-107.85827921066151, 39.072035472815024, 0.0]]}, "properties": {"gnisidlabel": null, "featuretypelabel": "Surface Connector", "huc12": "140200050111"}}, {"type": "Feature", "geometry": {"type": "LineString", "coordinates": [[-107.8558100100507, 39.035219473105315, 0.0], [-107.85580660967192, 39.035138473014094, 0.0], [-107.85579227551821, 39.03506680565384, 0.0], [-107.85573961021868, 39.034905873407034, 0.0], [-107.85567487627154, 39.03473627291009, 0.0], [-107.85564500968272, 39.03456587212734, 0.0], [-107.85561647670045, 39.03443147272961, 0.0], [-107.85557707578506, 39.03431540618131, 0.0]]}, "properties": {"gnisidlabel": null, "featuretypelabel": "Channel Line", "huc12": "140200050111"}}, {"type": "Feature", "geometry": {"type": "LineString", "coordinates": [[-107.8886048760243, 39.06566820658119, 0.0], [-107.8891107429718, 39.06534833962409, 0.0], [-107.88948320920133, 39.06511667378576, 0.0], [-107.88971421095678, 39.06477000606044, 0.0], [-107.88986321022745, 39.06447927267221, 0.0]]}, "properties": {"gnisidlabel": null, "featuretypelabel": "Channel Line", "huc12": "140200050111"}}, {"type": "Feature", "geometry": {"type": "LineString", "coordinates": [[-107.8690506762072, 39.00474100597674, 0.0], [-107.86889780974812, 39.00467260618094, 0.0], [-107.86877727494574, 39.00454947286058, 0.0], [-107.86869120988752, 39.00441647228321, 0.0], [-107.86860527533302, 39.004292405334965, 0.0], [-107.86858941063446, 39.00418467351781, 0.0], [-107.86858480941098, 39.00406780600149, 0.0], [-107.86856840973626, 39.00395100628671, 0.0], [-107.86852867590697, 39.00382587266305, 0.0], [-107.86845480920299, 39.00371060590264, 0.0], [-107.8683444095712, 39.00355107325258, 0.0], [-107.86830467601538, 39.00342587286471, 0.0], [-107.8682524094548, 39.00327407279063, 0.0], [-107.86819760950257, 39.00305920545965, 0.0], [-107.86814381019671, 39.00287140529294, 0.0], [-107.86807847578758, 39.00268380600462, 0.0], [-107.86800420971277, 39.002559405522355, 0.0], [-107.86790500979677, 39.0023908058918, 0.0], [-107.86780501034596, 39.00220400606182, 0.0], [-107.86773040937877, 39.002070805536604, 0.0], [-107.86760667577457, 39.00186647318995, 0.0], [-107.86750647555749, 39.00167080595869, 0.0], [-107.86742921100722, 39.001474472685516, 0.0], [-107.86735241013977, 39.00128720540208, 0.0], [-107.86724267609759, 39.00114567318136, 0.0], [-107.86720087640148, 39.000966606156695, 0.0], [-107.86713561002915, 39.00077900636608, 0.0], [-107.86702380998196, 39.000583605923985, 0.0], [-107.86694727633117, 39.00040527317578, 0.0], [-107.8668514098519, 39.00031760569565, 0.0]]}, "properties": {"gnisidlabel": null, "featuretypelabel": "Channel Line", "huc12": "140200050111"}}, {"type": "Feature", "geometry": {"type": "LineString", "coordinates": [[-107.87125281049677, 39.05952940592865, 0.0], [-107.87135841014303, 39.05956280622203, 0.0], [-107.87201387521118, 39.059587273369026, 0.0], [-107.87271780909084, 39.05953827335213, 0.0], [-107.87330807594455, 39.05937067323398, 0.0], [-107.87349767621674, 39.059257873029026, 0.0]]}, "properties": {"gnisidlabel": null, "featuretypelabel": "Channel Line", "huc12": "140200050111"}}, {"type": "Feature", "geometry": {"type": "LineString", "coordinates": [[-107.86397547620616, 39.00752593889372, 0.0], [-107.86393747697439, 39.00745680596965, 0.0], [-107.86390441065147, 39.00739900586767, 0.0], [-107.86380520986506, 39.00723027309932, 0.0], [-107.8637294766694, 39.007070006054164, 0.0], [-107.86367707584415, 39.00691820630097, 0.0], [-107.86363747643436, 39.00679300640093, 0.0], [-107.86355121013163, 39.00666000601201, 0.0], [-107.86343981014751, 39.0064734734991, 0.0], [-107.8633392097585, 39.006268672940124, 0.0], [-107.86327347574542, 39.00607220597105, 0.0], [-107.86327780988287, 39.00589187288353, 0.0], [-107.86328207550453, 39.005711673006054, 0.0], [-107.86324960967984, 39.005478206059806, 0.0], [-107.86327727609577, 39.005306272832286, 0.0], [-107.8633288100464, 39.00515200647364, 0.0], [-107.86336940982893, 39.00501580592391, 0.0], [-107.86341047577753, 39.00488867316973, 0.0], [-107.86343027550387, 39.00480700591646, 0.0], [-107.86335847644624, 39.004745673230666, 0.0], [-107.86327601064272, 39.00470267272608, 0.0], [-107.86318267604192, 39.00467800573988, 0.0], [-107.86311367686349, 39.00468867245526, 0.0], [-107.86303147506543, 39.004654672479624, 0.0], [-107.86300667665839, 39.00461020592862, 0.0], [-107.86293487661314, 39.0045490063298, 0.0], [-107.86287361105472, 39.004460405686736, 0.0], [-107.8628820103199, 39.004379073444746, 0.0], [-107.86287861013352, 39.0042980733179, 0.0], [-107.86282960975183, 39.00422720563411, 0.0], [-107.86276927596303, 39.00416567298554, 0.0], [-107.86267380960841, 39.00408687334272, 0.0], [-107.86257787610964, 39.003999205825735, 0.0], [-107.86249207549501, 39.00387520569511, 0.0], [-107.86240660972855, 39.003760072933666, 0.0], [-107.86234347648865, 39.00362647287639, 0.0], [-107.86232621038012, 39.00348280607256, 0.0], [-107.86229907618157, 39.003384406704846, 0.0], [-107.8622486757166, 39.003277473188334, 0.0], [-107.86220887648906, 39.003152406418856, 0.0], [-107.86218120992484, 39.00303587326883, 0.0], [-107.8621994761785, 39.00291827272999, 0.0], [-107.86220627615718, 39.00280107262853, 0.0], [-107.86214461101555, 39.002703473266756, 0.0], [-107.86210601002628, 39.00260527248176, 0.0], [-107.86201947703142, 39.00246327283858, 0.0], [-107.86199060999857, 39.002319872740884, 0.0], [-107.8619614102223, 39.00216747270572, 0.0], [-107.86193100952926, 39.001988005783, 0.0], [-107.86192380940356, 39.0018080053207, 0.0], [-107.86192767556368, 39.00161880526566, 0.0], [-107.86197927691143, 39.001464272909104, 0.0], [-107.8619976091115, 39.00134667346273, 0.0], [-107.86199427607343, 39.001265672515764, 0.0], [-107.86195680952297, 39.0011946059258, 0.0], [-107.86188401008457, 39.00110627340841, 0.0], [-107.8618316098977, 39.000954405916644, 0.0], [-107.86177860975452, 39.000784472965506, 0.0], [-107.86174941011227, 39.000632072829546, 0.0], [-107.86174321047139, 39.000479072949965, 0.0], [-107.86175720933782, 39.00033007362925, 0.0]]}, "properties": {"gnisidlabel": "Milk Creek", "featuretypelabel": "Channel Line", "huc12": "140200050111"}}, {"type": "Feature", "geometry": {"type": "LineString", "coordinates": [[-107.85660454298902, 39.02823220578604, 0.0], [-107.856826409306, 39.027868605367146, 0.0], [-107.85690020952046, 39.02748393937737, 0.0], [-107.85695147633076, 39.026940073105074, 0.0], [-107.85708187614385, 39.02658247358199, 0.0], [-107.85728020986852, 39.025966472610875, 0.0], [-107.85742174267985, 39.025290406354834, 0.0], [-107.85747287639408, 39.02514373890815, 0.0], [-107.85761367588033, 39.02474033894739, 0.0], [-107.85775734365025, 39.0243002731263, 0.0], [-107.85782994264542, 39.02378380576436, 0.0], [-107.85781014273145, 39.02316900596003, 0.0], [-107.85780674302659, 39.02301893847359, 0.0], [-107.8577981431216, 39.02263653890184, 0.0], [-107.85783287568296, 39.021834805284506, 0.0], [-107.85777287625353, 39.02143987310178, 0.0], [-107.85762634289425, 39.02082033874035, 0.0], [-107.85751447609178, 39.02014020579634, 0.0], [-107.85743514204151, 39.01959447295873, 0.0], [-107.85739414286626, 39.0193118734173, 0.0], [-107.85733760941285, 39.01853260646554, 0.0], [-107.8574495424434, 39.01770847290226, 0.0], [-107.8573762761123, 39.017401405768936, 0.0], [-107.85736620899416, 39.01719020624376, 0.0]]}, "properties": {"gnisidlabel": null, "featuretypelabel": "Channel Line", "huc12": "140200050111"}}, {"type": "Feature", "geometry": {"type": "LineString", "coordinates": [[-107.8221724101943, 39.014029473317365, 0.0], [-107.82226361019882, 39.0140002733085, 0.0], [-107.8223902089397, 39.01398820632408, 0.0], [-107.82256467695304, 39.01402000644049, 0.0], [-107.82272867522109, 39.01407907344239, 0.0], [-107.8229144092948, 39.014101606490996, 0.0], [-107.82305247599, 39.01408927278184, 0.0], [-107.82321361006623, 39.01407640546511, 0.0], [-107.82351067600811, 39.01399707318441, 0.0], [-107.8237624098233, 39.01393687348482, 0.0], [-107.82396641108005, 39.01384187270604, 0.0], [-107.82419421034574, 39.01376427345967, 0.0], [-107.82441281020557, 39.01374100678691, 0.0], [-107.82467700962573, 39.013707472564896, 0.0], [-107.82490640913811, 39.01366600627045, 0.0], [-107.82507647654144, 39.013589805251556, 0.0], [-107.82522467596274, 39.013541073729165, 0.0], [-107.82544321007848, 39.0135178067258, 0.0], [-107.8256152095758, 39.01348660601198, 0.0], [-107.82573961024352, 39.013420605601354, 0.0], [-107.82584021089583, 39.01333700536958, 0.0], [-107.82593821007461, 39.01319047329522, 0.0], [-107.82600461024275, 39.0131168056584, 0.0], [-107.82615027614187, 39.013005206238596, 0.0], [-107.8263436094259, 39.01292840600028, 0.0], [-107.82647880955113, 39.01284407263825, 0.0], [-107.82659047645343, 39.01275127278691, 0.0], [-107.82669040957954, 39.01264980597766, 0.0], [-107.82681481059598, 39.012583672900995, 0.0], [-107.82703067559868, 39.012497272864344, 0.0], [-107.8272222106663, 39.01237560563341, 0.0], [-107.8273888760042, 39.012209272676536, 0.0], [-107.82758101077978, 39.01210567326823, 0.0], [-107.82777387595131, 39.01201980634236, 0.0], [-107.82801227622113, 39.011915005539855, 0.0], [-107.82816967583832, 39.0118120730701, 0.0], [-107.82829240992812, 39.01170100575791, 0.0], [-107.82841247498733, 39.01152687313435, 0.0], [-107.82849820992061, 39.01136260674786, 0.0], [-107.82853981013649, 39.0112444726257, 0.0], [-107.82857080901735, 39.011153605729355, 0.0], [-107.82865767647795, 39.01101640643513, 0.0], [-107.82880400998351, 39.01092280564992, 0.0], [-107.82896341057298, 39.01086487328164, 0.0], [-107.829135810204, 39.01084260642155, 0.0], [-107.82930840955922, 39.01082940566123, 0.0], [-107.82947100942403, 39.01085247270141, 0.0], [-107.82956400948387, 39.010868273053504, 0.0], [-107.82969167566146, 39.010883205716354, 0.0]]}, "properties": {"gnisidlabel": "Marcott Creek", "featuretypelabel": "Channel Line", "huc12": "140200050111"}}, {"type": "Feature", "geometry": {"type": "LineString", "coordinates": [[-107.86220487700461, 39.028918672992425, 0.0], [-107.8622048755933, 39.028918294650595, 0.0], [-107.86182500983297, 39.02875207273447, 0.0], [-107.86147080978665, 39.02851760625803, 0.0], [-107.86128307636066, 39.02800420667101, 0.0], [-107.861074410277, 39.027522805986614, 0.0], [-107.86088701018568, 39.02704540628918, 0.0], [-107.86084360959465, 39.02690687307879, 0.0], [-107.86074527634291, 39.02676960614069, 0.0]]}, "properties": {"gnisidlabel": null, "featuretypelabel": "Channel Line", "huc12": "140200050111"}}, {"type": "Feature", "geometry": {"type": "LineString", "coordinates": [[-107.8915382102008, 39.056176472628074, 0.0], [-107.89118107624854, 39.05629320633298, 0.0], [-107.89079847653177, 39.05664827374588, 0.0]]}, "properties": {"gnisidlabel": null, "featuretypelabel": "Waterbody Connector", "huc12": "140200050111"}}, {"type": "Feature", "geometry": {"type": "LineString", "coordinates": [[-107.84618600989612, 39.0360404732639, 0.0], [-107.84633021026022, 39.03589280622536, 0.0], [-107.84644207583129, 39.03580000603231, 0.0], [-107.84664541086062, 39.03568700597969, 0.0], [-107.84682681002849, 39.03560140616575, 0.0], [-107.84705300985213, 39.03547880640588, 0.0], [-107.8472104753886, 39.03537587268401, 0.0], [-107.84737987557772, 39.03528160571472, 0.0], [-107.84754907594876, 39.035178406476106, 0.0], [-107.84766300971232, 39.03513960668839, 0.0], [-107.84781200981821, 39.035108872470964, 0.0], [-107.84799441065371, 39.035050406665654, 0.0], [-107.84816387638537, 39.03495620634127, 0.0], [-107.84833227693971, 39.03483487243374, 0.0], [-107.84848880954604, 39.034705005846725, 0.0], [-107.84863227659402, 39.034539272923816, 0.0], [-107.8488102094902, 39.03436380643396, 0.0], [-107.8489662765336, 39.03422487315247, 0.0], [-107.84909887528602, 39.03407747284307, 0.0], [-107.84927781057463, 39.033928872957674, 0.0], [-107.84943200977777, 39.033745005597304, 0.0], [-107.84959867601172, 39.03357880614282, 0.0], [-107.84973247651304, 39.03345840539021, 0.0], [-107.84996607542261, 39.03323640598516, 0.0], [-107.85013447547699, 39.03311520648155, 0.0], [-107.85033721010291, 39.032984073409956, 0.0], [-107.85045900972159, 39.03285500680139, 0.0], [-107.85055960960581, 39.03277147282579, 0.0], [-107.85061301088201, 39.032662006756645, 0.0], [-107.85068687623603, 39.03248907368805, 0.0], [-107.85071641016137, 39.03236220580288, 0.0]]}, "properties": {"gnisidlabel": null, "featuretypelabel": "Channel Line", "huc12": "140200050111"}}, {"type": "Feature", "geometry": {"type": "LineString", "coordinates": [[-107.80701901008153, 39.06152227304552, 0.0], [-107.80701747590196, 39.061486273038554, 0.0], [-107.80705007562429, 39.06143140574308, 0.0], [-107.80702587664186, 39.06140500575584, 0.0], [-107.80699061036341, 39.061387805692725, 0.0], [-107.80689667657582, 39.06135407280957, 0.0], [-107.80682647653502, 39.06132867269826, 0.0], [-107.80679041039403, 39.06129347290613, 0.0], [-107.80674141006222, 39.061222606226686, 0.0], [-107.8067140096226, 39.06111520573772, 0.0], [-107.80668880968247, 39.0610616730057, 0.0], [-107.8066740095152, 39.06098107264735, 0.0], [-107.80661547692735, 39.06096440671124, 0.0], [-107.80654487601564, 39.06093007282633, 0.0], [-107.80647487598895, 39.06091367309075, 0.0], [-107.80640281023788, 39.060843473462825, 0.0], [-107.80638840997479, 39.06077167334836, 0.0], [-107.806410009492, 39.06073507295786, 0.0], [-107.8064314101846, 39.06068960527146, 0.0], [-107.80645261033004, 39.060644005473996, 0.0], [-107.80648547582476, 39.06059820581173, 0.0], [-107.80649627596665, 39.06057987271603, 0.0], [-107.80644867624004, 39.06054500553241, 0.0], [-107.80637987615724, 39.0605556732575, 0.0], [-107.80632207557586, 39.06055700577243, 0.0], [-107.80625107595039, 39.060513673185376, 0.0], [-107.80622480985772, 39.06043327319653, 0.0], [-107.80619881025304, 39.060361873098266, 0.0], [-107.80622047563236, 39.06032527295711, 0.0], [-107.80624281087205, 39.06030680624874, 0.0], [-107.80627607615641, 39.060269872701035, 0.0], [-107.80629841020989, 39.06025140601082, 0.0], [-107.80630927586239, 39.06023300558826, 0.0], [-107.8062974091969, 39.06022427333293, 0.0], [-107.80626241011727, 39.06021607291756, 0.0], [-107.80623787609794, 39.06018067270411, 0.0], [-107.8062948098517, 39.06016140613638, 0.0], [-107.80632907544117, 39.06015147283662, 0.0], [-107.80635120937345, 39.060123873108864, 0.0], [-107.80637207591789, 39.06006927233988, 0.0], [-107.80641800970706, 39.06005927242964, 0.0], [-107.80649840928089, 39.06004827307888, 0.0], [-107.80659067585805, 39.06004607345915, 0.0], [-107.80664727638872, 39.06001767329618, 0.0], [-107.8066690761179, 39.059981205874394, 0.0], [-107.8066676108734, 39.059945072660945, 0.0], [-107.80661927669615, 39.05989227276087, 0.0], [-107.80655007589456, 39.05989400607726, 0.0], [-107.80650280977862, 39.05986807232312, 0.0], [-107.80646680929985, 39.059832872632974, 0.0], [-107.80644187683588, 39.059788406371126, 0.0], [-107.80649747562947, 39.059733006054444, 0.0], [-107.80657620963457, 39.059677005279134, 0.0], [-107.80664460986276, 39.05965740562754, 0.0], [-107.80665480986008, 39.05962107253863, 0.0], [-107.80668827592078, 39.0595932727889, 0.0], [-107.80670967669587, 39.05954767351743, 0.0], [-107.8067782107797, 39.05952807326772, 0.0], [-107.80686987511173, 39.0595078059404, 0.0], [-107.80693840910757, 39.05948820559934, 0.0], [-107.80698347561963, 39.05946000562232, 0.0], [-107.80699327554657, 39.05941480645759, 0.0], [-107.80696520967565, 39.05928940579267, 0.0], [-107.80692667587174, 39.059191206837376, 0.0], [-107.80687660988768, 39.05909320635922, 0.0], [-107.80684880971906, 39.05897680557288, 0.0], [-107.8068332764591, 39.058878073297855, 0.0], [-107.80684200964205, 39.058805806112645, 0.0], [-107.80681640999664, 39.05874327309049, 0.0], [-107.80673241007811, 39.05866427277095, 0.0], [-107.80664947635302, 39.05861220619947, 0.0], [-107.80660161069358, 39.058568406709476, 0.0], [-107.80656441047846, 39.05850620526786, 0.0], [-107.80655140928096, 39.05847040573022, 0.0], [-107.80652687581404, 39.0584350064515, 0.0], [-107.80646960953325, 39.05844540634171, 0.0], [-107.80639987646072, 39.05843807307964, 0.0], [-107.80635227597418, 39.05840320584643, 0.0], [-107.80630400954922, 39.05835027352611, 0.0], [-107.80624367605549, 39.058288673202775, 0.0], [-107.8061846110106, 39.05825407296689, 0.0], [-107.80609121020652, 39.05822927338632, 0.0], [-107.80595241070043, 39.058223605635256, 0.0], [-107.80582427642881, 39.058199673695704, 0.0], [-107.8056732103628, 39.058176273003966, 0.0], [-107.80557967579986, 39.058151473526415, 0.0], [-107.80549667568027, 39.05809947347545, 0.0], [-107.80543660967787, 39.058037805919696, 0.0], [-107.80539907673149, 39.057966673342975, 0.0], [-107.80537281004096, 39.05788620555764, 0.0]]}, "properties": {"gnisidlabel": "Marcott Creek", "featuretypelabel": "Channel Line", "huc12": "140200050111"}}, {"type": "Feature", "geometry": {"type": "LineString", "coordinates": [[-107.88986321022745, 39.06447927267221, 0.0], [-107.88981181006068, 39.06448047265867, 0.0], [-107.88904220948636, 39.064139273475256, 0.0], [-107.88850527645086, 39.06383727312677, 0.0], [-107.88795367520747, 39.06334647337128, 0.0], [-107.88768361070521, 39.06279460576204, 0.0], [-107.88747687564037, 39.06231327255249, 0.0], [-107.88727321061667, 39.06181113879993, 0.0]]}, "properties": {"gnisidlabel": null, "featuretypelabel": "Channel Line", "huc12": "140200050111"}}, {"type": "Feature", "geometry": {"type": "LineString", "coordinates": [[-107.95175360963374, 38.852289073682925, 0.0], [-107.95181807626393, 38.852062273521085, 0.0], [-107.9518118097225, 38.85187327240349, 0.0], [-107.95186361001056, 38.85143047257553, 0.0], [-107.95195847655575, 38.85109027264396, 0.0], [-107.95214407582131, 38.85075227294367, 0.0], [-107.9524276096413, 38.85043427285912, 0.0], [-107.95257167692743, 38.850218872872134, 0.0], [-107.95275907606198, 38.84987640596378, 0.0], [-107.95288161045016, 38.849585005304355, 0.0], [-107.9529446096448, 38.84925900552059, 0.0], [-107.95297187543638, 38.84842947330672, 0.0], [-107.95301047643765, 38.848288872995376, 0.0], [-107.95313260920713, 38.84800647322841, 0.0], [-107.95332260951787, 38.84765027293111, 0.0], [-107.95343760982813, 38.84750327241843, 0.0], [-107.95367407594098, 38.8472810723729, 0.0], [-107.95390660945651, 38.84714907329786, 0.0], [-107.95424741054191, 38.84684307260764, 0.0], [-107.95460820961884, 38.8466176728527, 0.0], [-107.95486227678853, 38.846422072629004, 0.0], [-107.95500441059671, 38.84623840610756, 0.0], [-107.95516427584523, 38.84598660658229, 0.0], [-107.955284076717, 38.8457808061128, 0.0], [-107.95541447548146, 38.845489206432816, 0.0], [-107.95548827509134, 38.84537927346616, 0.0], [-107.95568967622116, 38.84519847369517, 0.0], [-107.95626847579912, 38.84477840515423, 0.0], [-107.95638940963796, 38.84465820649846, 0.0], [-107.95653767564984, 38.84447880535366, 0.0], [-107.95664420958326, 38.8443048729878, 0.0], [-107.9566772762674, 38.84411940627738, 0.0], [-107.95666567538943, 38.84393960631448, 0.0], [-107.95658467628485, 38.84367580581178, 0.0], [-107.95656301003669, 38.84349167342078, 0.0], [-107.95657027608156, 38.84337440544543, 0.0], [-107.95663200953821, 38.843246672928665, 0.0], [-107.95688160991857, 38.842947605836, 0.0], [-107.95697607607022, 38.84268840676051, 0.0], [-107.95710187587392, 38.84221667293117, 0.0], [-107.95725760991401, 38.84145600627186, 0.0], [-107.95726521100332, 38.84115860611877, 0.0], [-107.95728540984099, 38.8410544058945, 0.0], [-107.95737487517523, 38.840826872880434, 0.0], [-107.95767781047134, 38.84056700585777, 0.0], [-107.95777240992813, 38.840425005604395, 0.0], [-107.95795941004673, 38.840055273114054, 0.0], [-107.95806887579666, 38.839782273172005, 0.0], [-107.95807300932256, 38.8396334736329, 0.0], [-107.95804847628663, 38.83953960612339, 0.0], [-107.95785981083534, 38.839017405949974, 0.0], [-107.95787600922881, 38.83883667356364, 0.0], [-107.95793427580125, 38.83869107325328, 0.0], [-107.95802680981575, 38.83854460622238, 0.0], [-107.95813767681557, 38.83842020602261, 0.0], [-107.95846347575069, 38.83817767290057, 0.0], [-107.95870247615683, 38.83794647264572, 0.0], [-107.95875420925115, 38.83787747370394, 0.0], [-107.95879020916536, 38.837764073536476, 0.0], [-107.95887207625397, 38.83761327266577, 0.0], [-107.9589852764343, 38.83745727285349, 0.0], [-107.95910441061072, 38.837359606346105, 0.0], [-107.95940641031538, 38.83717180656275, 0.0], [-107.95951847617434, 38.83707440535539, 0.0], [-107.95957007614359, 38.83698747338031, 0.0], [-107.95966940919638, 38.83672367307432, 0.0], [-107.9598218106001, 38.836521672924, 0.0], [-107.95998561051323, 38.836346273626546, 0.0], [-107.96022367616457, 38.836151073379014, 0.0], [-107.96081601070614, 38.835748673201, 0.0], [-107.96098281086113, 38.83560480637808, 0.0], [-107.96102341078574, 38.835459673500246, 0.0], [-107.96103427596702, 38.835301605774404, 0.0], [-107.96102147580426, 38.83460380623007, 0.0], [-107.96104501021142, 38.834287872724516, 0.0], [-107.96114247583984, 38.83394300585521, 0.0], [-107.96158207605949, 38.83279680556394, 0.0], [-107.96159161083528, 38.83263440664266, 0.0], [-107.96153327671738, 38.83217640596185, 0.0], [-107.9617976095233, 38.831390406441336, 0.0], [-107.96186840969942, 38.83123987355118, 0.0], [-107.96202547611308, 38.83098367288249, 0.0], [-107.96261440987318, 38.830293073325514, 0.0], [-107.96269080960349, 38.83022360605321, 0.0], [-107.96285287671301, 38.83013827312487, 0.0], [-107.96300760918894, 38.83007587305166, 0.0], [-107.96332720961678, 38.83001820605926, 0.0]]}, "properties": {"gnisidlabel": null, "featuretypelabel": "Channel Line", "huc12": "140200050105"}}, {"type": "Feature", "geometry": {"type": "LineString", "coordinates": [[-107.81928767634776, 39.05998287287399, 0.0], [-107.81945867652179, 39.059924672670135, 0.0], [-107.8196412765503, 39.059866205957334, 0.0], [-107.8198346096168, 39.05978947296005, 0.0], [-107.82002587638206, 39.05965867260627, 0.0], [-107.82019481069739, 39.05954647275382, 0.0], [-107.82036460924525, 39.059461273328466, 0.0], [-107.82055847590942, 39.05939360640033, 0.0], [-107.82076300948235, 39.05930747286827, 0.0], [-107.8210234758483, 39.0591750733151, 0.0], [-107.82119380965766, 39.059098805673514, 0.0], [-107.82137420939445, 39.058986405844244, 0.0], [-107.82155267557714, 39.05882887244592, 0.0], [-107.82169820928183, 39.058708273092115, 0.0], [-107.82179781028579, 39.058597805626135, 0.0], [-107.82201207561505, 39.05846640642568, 0.0], [-107.82218240968264, 39.05839027249256, 0.0], [-107.82230401055645, 39.058319805977874, 0.0]]}, "properties": {"gnisidlabel": null, "featuretypelabel": "Channel Line", "huc12": "140200050111"}}, {"type": "Feature", "geometry": {"type": "LineString", "coordinates": [[-107.8155062757539, 39.060714938525464, 0.0], [-107.81460934300434, 39.06121140656757, 0.0], [-107.81399680979149, 39.06125847360909, 0.0], [-107.81337854363886, 39.0614648064111, 0.0], [-107.81291580957422, 39.06173633931646, 0.0], [-107.81257209890002, 39.061897299554815, 0.0]]}, "properties": {"gnisidlabel": null, "featuretypelabel": "Channel Line", "huc12": "140200050111"}}, {"type": "Feature", "geometry": {"type": "LineString", "coordinates": [[-107.86194181063476, 38.98249207277162, 0.0], [-107.86203187584677, 38.98243580605956, 0.0], [-107.86208887653625, 38.982416472595496, 0.0], [-107.86213427541638, 38.98239727345369, 0.0], [-107.86220347624288, 38.98239560623061, 0.0], [-107.86223760971279, 38.98238580612924, 0.0], [-107.86232927573137, 38.982365405335734, 0.0], [-107.86243227579182, 38.9823448730625, 0.0], [-107.86247727559783, 38.982316806099476, 0.0], [-107.86254427544797, 38.982261072836394, 0.0], [-107.86258761046604, 38.98218800611863, 0.0], [-107.86261847624002, 38.98209707344021, 0.0], [-107.86263860984474, 38.982024472738786, 0.0], [-107.86269121074774, 38.98189707302487, 0.0], [-107.86276647599048, 38.98176007355498, 0.0], [-107.86289907654543, 38.98161267251946, 0.0], [-107.86306587648517, 38.981455472983946, 0.0], [-107.86319981049367, 38.98134407314203, 0.0], [-107.86336747558886, 38.98120487357955, 0.0], [-107.86353567594809, 38.98108360569819, 0.0], [-107.86370207620452, 38.98091727273917, 0.0], [-107.8638360759157, 38.98080600570472, 0.0], [-107.86395681015408, 38.980649805761814, 0.0], [-107.86399607581757, 38.980477673531695, 0.0], [-107.86411421008529, 38.98025847326965, 0.0], [-107.86410007530738, 38.98019580600624, 0.0], [-107.86408267657856, 38.98005207288921, 0.0], [-107.8640196760377, 38.97991847254327, 0.0], [-107.86396881092132, 38.97980267319224, 0.0], [-107.86389567585454, 38.97970540552788, 0.0], [-107.86382280964816, 38.97961700599466, 0.0], [-107.86377341025309, 38.97953720572189, 0.0], [-107.86375860997133, 38.979456472748424, 0.0], [-107.86374447570803, 38.97939380541654, 0.0], [-107.86373020993952, 38.979322006166186, 0.0], [-107.86385967569933, 38.97881440586568, 0.0], [-107.8638950103874, 38.97854320610547, 0.0], [-107.86383107557566, 38.9781034065411, 0.0], [-107.8637222094843, 38.97769160599033, 0.0], [-107.86368347630065, 38.97730507296596, 0.0], [-107.86383860992271, 38.97685987291333, 0.0], [-107.86401621011693, 38.976396073035154, 0.0], [-107.86425207641163, 38.97594887315975, 0.0], [-107.86435421006193, 38.975622006062174, 0.0], [-107.86425507629833, 38.97516500545316, 0.0], [-107.86414540923923, 38.97473520584195, 0.0], [-107.86402387539692, 38.97429680656, 0.0], [-107.86376147608588, 38.97408700605025, 0.0], [-107.86370380923765, 38.97380020650142, 0.0], [-107.86386580979018, 38.973525873122995, 0.0], [-107.86391007625177, 38.97319140596411, 0.0], [-107.86389980973301, 38.972651205711834, 0.0], [-107.86386107617344, 38.97226480581488, 0.0], [-107.86372660982865, 38.97179047310888, 0.0], [-107.8638138106992, 38.97137400623661, 0.0], [-107.86406767548554, 38.971088473058686, 0.0], [-107.86426867606762, 38.97092140573925, 0.0], [-107.86440121004718, 38.970773873193146, 0.0], [-107.8644516099491, 38.97059247254536, 0.0], [-107.86441707520864, 38.970570872211866, 0.0]]}, "properties": {"gnisidlabel": "Sooner Ditch", "featuretypelabel": "Canal", "huc12": "140200050111"}}, {"type": "Feature", "geometry": {"type": "LineString", "coordinates": [[-107.79437961026981, 39.03745740588801, 0.0], [-107.79442574288078, 39.037067205555424, 0.0], [-107.79443707558963, 39.03672660652063, 0.0], [-107.79456181068049, 39.03647333860454, 0.0], [-107.79457994312239, 39.03611067276242, 0.0], [-107.79467234207812, 39.0357914733188, 0.0]]}, "properties": {"gnisidlabel": null, "featuretypelabel": "Channel Line", "huc12": "140200050111"}}, {"type": "Feature", "geometry": {"type": "LineString", "coordinates": [[-107.94800347603986, 38.81364467294731, 0.0], [-107.94813307580802, 38.813438805873375, 0.0], [-107.94825360941188, 38.81329607344631, 0.0], [-107.9483690109656, 38.81319407258172, 0.0], [-107.94876007572395, 38.812927472445175, 0.0], [-107.94908001078075, 38.81253200590594, 0.0], [-107.9491776765836, 38.812434873068725, 0.0], [-107.94940027640479, 38.81233467286426, 0.0], [-107.95020440997011, 38.81208907242453, 0.0], [-107.9502700090562, 38.81201540599537, 0.0], [-107.95031681044308, 38.811865606031326, 0.0], [-107.95040960897055, 38.81176407265086, 0.0], [-107.95054767573605, 38.81168400598517, 0.0], [-107.95079327602755, 38.81159227322656, 0.0], [-107.95088581057645, 38.81153127342645, 0.0], [-107.95092660967747, 38.81147180659371, 0.0], [-107.95099761063946, 38.81127627363748, 0.0], [-107.95119780936392, 38.81106847262002, 0.0], [-107.95124640894767, 38.810927672841736, 0.0], [-107.95130927556794, 38.81081800533485, 0.0], [-107.95135767683092, 38.81076720567385, 0.0], [-107.95171807588247, 38.81056440667253, 0.0], [-107.95188047568716, 38.81050627288489, 0.0], [-107.95193480948954, 38.81050940528727, 0.0], [-107.95208487555023, 38.81055060622332, 0.0], [-107.95215887539152, 38.810539672646186, 0.0], [-107.95229861020006, 38.81045507345389, 0.0], [-107.95239900909645, 38.81034447329334, 0.0], [-107.95246140989913, 38.810306805689464, 0.0], [-107.95254140930155, 38.8102914056945, 0.0], [-107.95272380982908, 38.81030027339168, 0.0], [-107.95279921013322, 38.810289272457496, 0.0], [-107.95291360987876, 38.810209806195175, 0.0], [-107.9531144094275, 38.80998860651644, 0.0], [-107.95321500934142, 38.80990487281807, 0.0], [-107.95338887620818, 38.80989600661662, 0.0], [-107.95375447555732, 38.80970647354919, 0.0], [-107.9546334103515, 38.80941407355033, 0.0]]}, "properties": {"gnisidlabel": null, "featuretypelabel": "Channel Line", "huc12": "140200050105"}}, {"type": "Feature", "geometry": {"type": "LineString", "coordinates": [[-107.89546207549029, 39.06445253869196, 0.0], [-107.89513854294684, 39.064574273249754, 0.0], [-107.89458901033575, 39.06458673842965, 0.0], [-107.89396140967892, 39.06445660613023, 0.0], [-107.8935730756813, 39.0642763386806, 0.0], [-107.892889542913, 39.064256205845346, 0.0], [-107.89207967551879, 39.06434627334212, 0.0], [-107.89117840947705, 39.06448047271287, 0.0], [-107.89058667535552, 39.06449853898651, 0.0], [-107.88986321022745, 39.06447927267221, 0.0]]}, "properties": {"gnisidlabel": null, "featuretypelabel": "Channel Line", "huc12": "140200050111"}}, {"type": "Feature", "geometry": {"type": "LineString", "coordinates": [[-107.8149566761331, 39.063421138402546, 0.0], [-107.81469414399415, 39.063202738807725, 0.0], [-107.81451640973901, 39.06301140579558, 0.0], [-107.81426567551739, 39.06287007332611, 0.0]]}, "properties": {"gnisidlabel": null, "featuretypelabel": "Channel Line", "huc12": "140200050111"}}, {"type": "Feature", "geometry": {"type": "LineString", "coordinates": [[-107.87182960948282, 39.00391733900116, 0.0], [-107.87159674283252, 39.00384727300977, 0.0], [-107.87119380986498, 39.00365200657348, 0.0], [-107.87069161028575, 39.0033492060855, 0.0]]}, "properties": {"gnisidlabel": null, "featuretypelabel": "Channel Line", "huc12": "140200050111"}}, {"type": "Feature", "geometry": {"type": "LineString", "coordinates": [[-107.85755000970266, 39.05717700615831, 0.0], [-107.85794787543017, 39.057302405673425, 0.0], [-107.85831727573846, 39.05729340579741, 0.0], [-107.85874041002381, 39.057183872931816, 0.0], [-107.8592078756029, 39.057028206151216, 0.0], [-107.85948267605241, 39.05696740608263, 0.0], [-107.85975621026711, 39.0568706727727, 0.0], [-107.85991407606978, 39.056776673126954, 0.0]]}, "properties": {"gnisidlabel": null, "featuretypelabel": "Channel Line", "huc12": "140200050111"}}, {"type": "Feature", "geometry": {"type": "LineString", "coordinates": [[-107.82289687632594, 39.05776040615979, 0.0], [-107.82346420979546, 39.05703107274767, 0.0]]}, "properties": {"gnisidlabel": null, "featuretypelabel": "Waterbody Connector", "huc12": "140200050111"}}, {"type": "Feature", "geometry": {"type": "LineString", "coordinates": [[-107.83364807568586, 39.066841806181245, 0.0], [-107.83371941039279, 39.0664226058324, 0.0]]}, "properties": {"gnisidlabel": null, "featuretypelabel": "Waterbody Connector", "huc12": "140200050111"}}, {"type": "Feature", "geometry": {"type": "LineString", "coordinates": [[-107.82973234259417, 38.98969113923167, 0.0], [-107.8303808764692, 38.990266473413236, 0.0], [-107.83110681002076, 38.99085267306415, 0.0], [-107.83153734367737, 38.991422805568334, 0.0], [-107.83172527532261, 38.991959673839375, 0.0]]}, "properties": {"gnisidlabel": null, "featuretypelabel": "Channel Line", "huc12": "140200050111"}}, {"type": "Feature", "geometry": {"type": "LineString", "coordinates": [[-107.82582254223144, 39.050983273138165, 0.0], [-107.82591960964825, 39.050952805924766, 0.0], [-107.82633547627908, 39.050825473292875, 0.0], [-107.82667960982224, 39.05071360613296, 0.0], [-107.82723427525117, 39.050483872235326, 0.0], [-107.82771067585433, 39.05017507364628, 0.0], [-107.82808321044274, 39.05008047359378, 0.0], [-107.82845167568729, 39.05001747287561, 0.0]]}, "properties": {"gnisidlabel": null, "featuretypelabel": "Channel Line", "huc12": "140200050111"}}, {"type": "Feature", "geometry": {"type": "LineString", "coordinates": [[-107.79213287603112, 39.05492480602591, 0.0], [-107.79268620999726, 39.05452660515, 0.0], [-107.79328927652182, 39.05418307296268, 0.0], [-107.79365354336971, 39.053923138464256, 0.0], [-107.79392334278087, 39.053317606804036, 0.0], [-107.79399081022225, 39.0529437391197, 0.0], [-107.79399787569992, 39.05279000602579, 0.0]]}, "properties": {"gnisidlabel": null, "featuretypelabel": "Channel Line", "huc12": "140200050111"}}, {"type": "Feature", "geometry": {"type": "LineString", "coordinates": [[-107.8756194758572, 39.00769180657631, 0.0], [-107.87534361042282, 39.00759500555281, 0.0], [-107.87519067555094, 39.00752667265502, 0.0], [-107.87502587632108, 39.0074496060796, 0.0], [-107.8748488763762, 39.00735487356919, 0.0], [-107.87471800953897, 39.007259072495785, 0.0], [-107.8746462101335, 39.00719780552256, 0.0], [-107.87451307614245, 39.00704787296703, 0.0], [-107.87432307705024, 39.00691740537168, 0.0], [-107.8741222759083, 39.006805273074846, 0.0], [-107.8739232761627, 39.006738005730746, 0.0], [-107.87369067614148, 39.006698672537254, 0.0], [-107.87341281026278, 39.00667860592547, 0.0], [-107.87318141011083, 39.006666273552426, 0.0], [-107.8729164097188, 39.0066818056248, 0.0], [-107.87270981061397, 39.006714005955125, 0.0], [-107.87243300928532, 39.006720806155215, 0.0], [-107.87219161086189, 39.0067446729914, 0.0], [-107.87196201021214, 39.00677740629309, 0.0], [-107.87176840942628, 39.006845272873285, 0.0], [-107.87156541025581, 39.00696740557777, 0.0], [-107.8713952758224, 39.00704360606833, 0.0], [-107.87126087540362, 39.00714600624148, 0.0], [-107.87105947610071, 39.007304072412765, 0.0], [-107.87094921019819, 39.00743300564739, 0.0], [-107.87084940942113, 39.007534473047876, 0.0], [-107.8707030754116, 39.00762820615717, 0.0], [-107.87058921005499, 39.00766707308323, 0.0], [-107.87047307554636, 39.007651872552984, 0.0], [-107.87037861017942, 39.00760020604364, 0.0], [-107.87035821105853, 39.00756527333006, 0.0]]}, "properties": {"gnisidlabel": null, "featuretypelabel": "Channel Line", "huc12": "140200050111"}}, {"type": "Feature", "geometry": {"type": "LineString", "coordinates": [[-107.90217081059684, 38.91414607362689, 0.0], [-107.90246980958742, 38.91384127237825, 0.0], [-107.90280427634164, 38.91356280586814, 0.0], [-107.90294820997762, 38.913415005681045, 0.0], [-107.90311627542575, 38.91329367327996, 0.0], [-107.90322547587637, 38.913146805638625, 0.0], [-107.90332381018072, 38.913009273232504, 0.0], [-107.90352867586859, 38.91266180578075, 0.0], [-107.90362460930335, 38.91247020663485, 0.0], [-107.90370867654273, 38.91227000547014, 0.0], [-107.90379020988617, 38.91200660591031, 0.0], [-107.90391487562746, 38.91167020536884, 0.0], [-107.90397740931327, 38.91150647258264, 0.0], [-107.90415100950698, 38.91067340643085, 0.0], [-107.90421347572803, 38.91050960582598, 0.0], [-107.90425447673277, 38.91038240635634, 0.0], [-107.90433921085226, 38.91020020619967, 0.0], [-107.90435567628207, 38.910037606657866, 0.0], [-107.90460220966239, 38.90958100688041, 0.0], [-107.90476147586105, 38.90924367363277, 0.0], [-107.90481241041743, 38.90908027337132, 0.0], [-107.90490947667215, 38.90891567297834, 0.0], [-107.90496007589671, 38.90874327377306, 0.0], [-107.90504640985787, 38.90859687300613, 0.0], [-107.9051200757437, 38.908424006508405, 0.0], [-107.9052818104778, 38.90814967251604, 0.0], [-107.90546507622375, 38.907838806457534, 0.0], [-107.90550427582875, 38.90766660625863, 0.0], [-107.90561320962681, 38.90751080613399, 0.0], [-107.90574480981799, 38.907345272828366, 0.0], [-107.90587680974954, 38.9071888726882, 0.0], [-107.90651627592561, 38.90647020679687, 0.0], [-107.90661440968648, 38.90633267309476, 0.0], [-107.90672301059992, 38.90616780546079, 0.0], [-107.90683261008127, 38.9060298732763, 0.0], [-107.90697647680223, 38.90588220598487, 0.0], [-107.90710887607682, 38.90573467294061, 0.0], [-107.90755561044905, 38.905381272758355, 0.0], [-107.90767600977165, 38.90522507328608, 0.0], [-107.90778541002412, 38.905078273103385, 0.0], [-107.90788320973725, 38.904931672795385, 0.0], [-107.90799247615303, 38.90478480639091, 0.0], [-107.9080798758786, 38.904665473345254, 0.0], [-107.90831847677218, 38.90429920626405, 0.0], [-107.90846987628294, 38.904052205895496, 0.0], [-107.90852520988302, 38.90399667304005, 0.0], [-107.90862227513, 38.903832073280476, 0.0], [-107.90873267608474, 38.90371227347985, 0.0], [-107.90888881051009, 38.90358220616912, 0.0], [-107.90906840983003, 38.90346067336468, 0.0], [-107.90935000989843, 38.903300473026604, 0.0], [-107.90953067559035, 38.9032058724552, 0.0], [-107.90963247545217, 38.90315827300054, 0.0], [-107.90970001036287, 38.90312060559761, 0.0], [-107.90974361090717, 38.9030564062435, 0.0], [-107.90987447541633, 38.9028730065401, 0.0], [-107.91000641003798, 38.90271660619183, 0.0], [-107.91016247706544, 38.9025866064655, 0.0], [-107.91045241001095, 38.90234507293782, 0.0], [-107.91059767704701, 38.902233273657636, 0.0], [-107.91078840996569, 38.90210240550904, 0.0], [-107.91107047639221, 38.90195127327327, 0.0], [-107.91134247605439, 38.901836406087604, 0.0], [-107.91148960994893, 38.90176960607847, 0.0], [-107.911633875868, 38.901630872801746, 0.0], [-107.91182447619717, 38.901500005400855, 0.0], [-107.9119582760388, 38.90138860599737, 0.0], [-107.9120664754929, 38.90121467327144, 0.0], [-107.91209701049351, 38.90111480633261, 0.0], [-107.91211220981883, 38.90092527245048, 0.0], [-107.91211860934528, 38.90079900611563, 0.0], [-107.91212721027614, 38.90072667323644, 0.0], [-107.91218260927742, 38.900671206428655, 0.0], [-107.91223787601542, 38.900615805960186, 0.0], [-107.91237547577283, 38.900594273599566, 0.0], [-107.91258280935719, 38.90058920555198, 0.0], [-107.91277747603093, 38.900557272263036, 0.0], [-107.91289107552208, 38.90051840605964, 0.0], [-107.91298080988555, 38.90045307343332, 0.0], [-107.9130646759914, 38.90025287257081, 0.0], [-107.9131402761055, 38.90012480614072, 0.0], [-107.91352267645942, 38.899610806009086, 0.0], [-107.91366687617764, 38.899472006173774, 0.0], [-107.9137330767498, 38.899398272440614, 0.0], [-107.91394567585809, 38.89923980531685, 0.0], [-107.91418347561242, 38.89913467328873, 0.0], [-107.9143292089193, 38.89903200559156, 0.0], [-107.91456767547095, 38.898945005721586, 0.0], [-107.91495007613568, 38.898710206099615, 0.0], [-107.91526481030863, 38.89851320615766, 0.0], [-107.91546621009132, 38.89836400628529, 0.0], [-107.91565721004275, 38.89824207234572, 0.0], [-107.91588501075049, 38.8981732733582, 0.0], [-107.91603067628226, 38.8980706061725, 0.0], [-107.91615341029261, 38.89796840571038, 0.0], [-107.9163194097638, 38.897802073022454, 0.0], [-107.91651641017671, 38.89754500547853, 0.0], [-107.9166488096068, 38.89739747360726, 0.0], [-107.91674761064262, 38.89727787354233, 0.0], [-107.91682240932069, 38.897131872555796, 0.0], [-107.91682607593516, 38.89694260576169, 0.0], [-107.91682587572303, 38.896654273293464, 0.0], [-107.91683447624635, 38.89630280534319, 0.0], [-107.9168468763091, 38.89604107318844, 0.0], [-107.91689701048662, 38.8958598058566, 0.0], [-107.91693280939985, 38.89560660578856, 0.0], [-107.91691427610505, 38.895435873329596, 0.0], [-107.91686040934567, 38.89524800621985, 0.0], [-107.91686541043943, 38.895085672739796, 0.0], [-107.91680747670553, 38.89479887373141, 0.0], [-107.91680087577511, 38.8946368726525, 0.0], [-107.91683067652887, 38.89451900661763, 0.0], [-107.9169046099611, 38.894355006441195, 0.0], [-107.91710307603269, 38.894133806786435, 0.0], [-107.91720160964242, 38.89400520581782, 0.0], [-107.91717667574498, 38.893960806659734, 0.0], [-107.91716940985656, 38.893780805966095, 0.0], [-107.91708140929656, 38.89360287259922, 0.0], [-107.91706467567006, 38.893477072698694, 0.0], [-107.91691500979056, 38.89320160601278, 0.0], [-107.91681261042746, 38.8929518727808, 0.0], [-107.91669420993452, 38.89259447344493, 0.0], [-107.9167120095623, 38.89246787228976, 0.0], [-107.91674960987565, 38.8922596723033, 0.0], [-107.9168114097607, 38.89207807366546, 0.0], [-107.9168300100938, 38.891969406568606, 0.0], [-107.91687167553725, 38.89186027271939, 0.0], [-107.91704887626773, 38.8916846725196, 0.0], [-107.91731581098033, 38.891443805600076, 0.0], [-107.91749261121781, 38.89125920662851, 0.0], [-107.91767921102408, 38.89102927302804, 0.0], [-107.91779920937067, 38.89086420586206, 0.0], [-107.91793147577762, 38.890716673233584, 0.0], [-107.91800661032421, 38.89057967302136, 0.0], [-107.91816007647813, 38.890386606200835, 0.0], [-107.91828981053911, 38.8901762066355, 0.0], [-107.91839541047125, 38.889939273625075, 0.0], [-107.91845560973279, 38.88972160598595, 0.0], [-107.91853027692815, 38.88957560630375, 0.0], [-107.91862700984662, 38.88940200586436, 0.0], [-107.9186652761444, 38.88921180577669, 0.0], [-107.91875080958103, 38.88904760615018, 0.0], [-107.91888021053428, 38.888828072816594, 0.0], [-107.91901947574152, 38.88857240597177, 0.0], [-107.91922467670241, 38.88823387278765, 0.0], [-107.91932200996015, 38.88807827302873, 0.0], [-107.91944281024496, 38.887931073392764, 0.0], [-107.91958687537029, 38.88779240589549, 0.0], [-107.91981401012791, 38.88770560633959, 0.0], [-107.91995060967031, 38.88766620655961, 0.0], [-107.92022107616182, 38.88751527294466, 0.0], [-107.92040127565456, 38.88741167309659, 0.0], [-107.92061487664411, 38.887280206154855, 0.0], [-107.92072667655445, 38.88719627211891, 0.0], [-107.92081300984756, 38.887049873572884, 0.0], [-107.92094600994872, 38.886920473356284, 0.0], [-107.92106527643159, 38.886737272564154, 0.0], [-107.92118681074598, 38.886608205990626, 0.0], [-107.92139380967976, 38.88631467285075, 0.0], [-107.92159707539405, 38.885931206501816, 0.0], [-107.92168181019645, 38.8857488725012, 0.0], [-107.92183560994089, 38.88556487283907, 0.0], [-107.92199101001783, 38.88541680595812, 0.0], [-107.92214627547601, 38.88526887287817, 0.0], [-107.92234687593947, 38.88510160585079, 0.0], [-107.92252161031165, 38.884863006055355, 0.0], [-107.92269507616363, 38.88459740618902, 0.0], [-107.92275820969002, 38.88445167298833, 0.0], [-107.92278687554352, 38.8843068725725, 0.0], [-107.92284927586503, 38.88414307296358, 0.0], [-107.92286541023964, 38.883971606212626, 0.0], [-107.92297381047754, 38.88380667308365, 0.0], [-107.92305707542337, 38.88358827214988, 0.0], [-107.92313341019458, 38.88347827296789, 0.0], [-107.92326767679377, 38.88338487277559, 0.0], [-107.92334507573017, 38.88330187298642, 0.0], [-107.92342161012547, 38.883200805577815, 0.0], [-107.92347521020486, 38.88310040647065, 0.0], [-107.92351787629788, 38.88301827324558, 0.0], [-107.92367280966774, 38.88286120595717, 0.0], [-107.9238634103416, 38.88273027265031, 0.0], [-107.92404427696553, 38.88264467318076, 0.0], [-107.92420100998149, 38.88253267282268, 0.0], [-107.92468727589188, 38.88230420674851, 0.0], [-107.92489160997424, 38.88222700603843, 0.0], [-107.92502580926164, 38.88212460643526, 0.0], [-107.92520727675443, 38.88205700638321, 0.0], [-107.92542281029124, 38.881970473501916, 0.0], [-107.92566347625323, 38.881937473208744, 0.0], [-107.9258244100987, 38.8819244061182, 0.0], [-107.92607807700371, 38.88192700605296, 0.0], [-107.92630681020673, 38.881885206377184, 0.0], [-107.92705927624858, 38.88163667267124, 0.0]]}, "properties": {"gnisidlabel": null, "featuretypelabel": "Channel Line", "huc12": "140200050105"}}, {"type": "Feature", "geometry": {"type": "LineString", "coordinates": [[-107.8474150096798, 39.0408149390459, 0.0], [-107.84748500988145, 39.04076513888528, 0.0], [-107.84755500965291, 39.04071527292848, 0.0], [-107.8477366096058, 39.04054407333016, 0.0], [-107.84814254320564, 39.04025073960466, 0.0], [-107.84863194309798, 39.0398416729823, 0.0], [-107.84929754310156, 39.03944807238173, 0.0], [-107.84971194320669, 39.03931947249522, 0.0], [-107.85033094355423, 39.03923373937532, 0.0], [-107.8510420101381, 39.03919693889584, 0.0], [-107.85125900928674, 39.039053005673445, 0.0], [-107.85148867654532, 39.038738672751, 0.0], [-107.85177494328235, 39.0384569390148, 0.0], [-107.85220314340945, 39.038300872993, 0.0], [-107.85287581043893, 39.03791273875962, 0.0], [-107.85321260943192, 39.03760280617934, 0.0]]}, "properties": {"gnisidlabel": null, "featuretypelabel": "Channel Line", "huc12": "140200050111"}}, {"type": "Feature", "geometry": {"type": "LineString", "coordinates": [[-107.7781516768012, 39.025240206087815, 0.0], [-107.7781906106949, 39.025347406304554, 0.0], [-107.77826260913831, 39.02541780632961, 0.0], [-107.77839307610547, 39.025504806549215, 0.0], [-107.77849947709699, 39.02556527278798, 0.0], [-107.77869947663375, 39.02565967294261, 0.0], [-107.7788642755052, 39.02573680634466, 0.0], [-107.77913307572173, 39.02582047351773, 0.0], [-107.77938921074946, 39.02586847322026, 0.0], [-107.77958627689839, 39.02589080589311, 0.0], [-107.77978281063858, 39.02589507326545, 0.0], [-107.77994300998435, 39.025855205505444, 0.0], [-107.78010280937325, 39.025806406434775, 0.0], [-107.78032087596824, 39.025774073373164, 0.0], [-107.78044787651766, 39.02577107283773, 0.0], [-107.78058841029372, 39.02582187239831, 0.0], [-107.78062854351018, 39.025838338615365, 0.0]]}, "properties": {"gnisidlabel": null, "featuretypelabel": "Channel Line", "huc12": "140200050111"}}, {"type": "Feature", "geometry": {"type": "LineString", "coordinates": [[-107.83439027604294, 39.01965207250217, 0.0], [-107.83446760989327, 39.01942500523998, 0.0], [-107.83466321013024, 39.018447205979314, 0.0], [-107.83466087653447, 39.0181500064546, 0.0], [-107.83466621061551, 39.018073273026076, 0.0]]}, "properties": {"gnisidlabel": null, "featuretypelabel": "Channel Line", "huc12": "140200050111"}}, {"type": "Feature", "geometry": {"type": "LineString", "coordinates": [[-107.83206507642099, 39.04646180680893, 0.0], [-107.83206587574821, 39.04666280684229, 0.0]]}, "properties": {"gnisidlabel": null, "featuretypelabel": "Waterbody Connector", "huc12": "140200050111"}}, {"type": "Feature", "geometry": {"type": "LineString", "coordinates": [[-107.87600961010737, 38.96531700581662, 0.0], [-107.87604161061644, 38.96525320659667, 0.0], [-107.87609641082386, 38.965179672943435, 0.0], [-107.8761834758147, 38.96505147313526, 0.0], [-107.87633661104618, 38.964840473217166, 0.0], [-107.87642120970393, 38.964649272766096, 0.0], [-107.87648367612306, 38.964485472286995, 0.0], [-107.87651207679944, 38.96433160671955, 0.0], [-107.8765724760741, 38.964114005792545, 0.0], [-107.87660127610313, 38.9639690735992, 0.0], [-107.87662747574932, 38.96376120639713, 0.0], [-107.8766566767205, 38.96362527331235, 0.0], [-107.8766664109819, 38.96358007277795, 0.0], [-107.87676607498456, 38.96347860590322, 0.0], [-107.87683267537896, 38.96341387360135, 0.0], [-107.87691947543635, 38.96327647348137, 0.0], [-107.87701700936489, 38.96312100575313, 0.0], [-107.87710301014366, 38.96296567295353, 0.0], [-107.87713180950584, 38.96282087307673, 0.0], [-107.87715187549028, 38.96274827251784, 0.0], [-107.87715880985697, 38.96263100582948, 0.0], [-107.87714181092758, 38.96249627288072, 0.0], [-107.87711247649473, 38.96234380552524, 0.0], [-107.87709807595017, 38.962272205808205, 0.0], [-107.87714087558454, 38.962190005595986, 0.0], [-107.87720387634592, 38.96203527263404, 0.0], [-107.8772788099504, 38.96188927314106, 0.0], [-107.87729447605919, 38.9617086729086, 0.0], [-107.8773336753956, 38.96153660552046, 0.0], [-107.8773962762913, 38.96137287240237, 0.0], [-107.87745927626388, 38.96121820598888, 0.0], [-107.87757767497348, 38.96100807244406, 0.0], [-107.87775407652138, 38.96080547316744, 0.0], [-107.87799720921183, 38.96053820683078, 0.0], [-107.87811781017078, 38.960382072508004, 0.0], [-107.87826141032706, 38.960225405525605, 0.0], [-107.87843000984347, 38.960113073588126, 0.0], [-107.87866627509393, 38.9599630737145, 0.0], [-107.87898207629891, 38.959784206144924, 0.0], [-107.8791966760254, 38.95967080590158, 0.0], [-107.87953820954556, 38.959554206063885, 0.0], [-107.87971967638553, 38.959477605938275, 0.0], [-107.8799246107136, 38.95940947282387, 0.0], [-107.88012847647616, 38.95931440626579, 0.0], [-107.88032161001748, 38.95923760625665, 0.0], [-107.88057067588657, 38.959123273826485, 0.0], [-107.88079800965131, 38.959036605689064, 0.0], [-107.88095567624447, 38.958942606027534, 0.0], [-107.88114701055392, 38.95882080585, 0.0], [-107.88121427576944, 38.95877407271409, 0.0], [-107.8813364095066, 38.95865400631119, 0.0], [-107.88150420966541, 38.95852367353364, 0.0], [-107.8816144106121, 38.958394872871196, 0.0], [-107.88178360940798, 38.958300606060455, 0.0], [-107.88191747589322, 38.958189072548016, 0.0], [-107.88224087612, 38.95791087241912, 0.0], [-107.8824630097448, 38.95769820613439, 0.0], [-107.88255201018477, 38.957614872809394, 0.0], [-107.88269487570491, 38.95744020603935, 0.0], [-107.88282807583407, 38.95731080598873, 0.0], [-107.88297207576869, 38.957163005451974, 0.0], [-107.88310381033416, 38.95699760617452, 0.0], [-107.88335287612016, 38.9565950731924, 0.0], [-107.88350367675672, 38.9563300731802, 0.0], [-107.8835792759253, 38.956202073143096, 0.0], [-107.88364187603916, 38.95603840529117, 0.0], [-107.8837164106628, 38.955883405351734, 0.0], [-107.88383620966368, 38.95570927338783, 0.0], [-107.88393407632478, 38.95556267290263, 0.0], [-107.88398987556519, 38.955516273114974, 0.0], [-107.884135810193, 38.95541360624218, 0.0], [-107.88461027633782, 38.955167605813315, 0.0], [-107.8848588754593, 38.955035406591485, 0.0], [-107.8850042760875, 38.954923672579994, 0.0], [-107.88513747634636, 38.95479420599403, 0.0], [-107.88525921053866, 38.9546650733988, 0.0], [-107.88538007565761, 38.95451800541958, 0.0], [-107.8854456101238, 38.95442620550117, 0.0], [-107.88554607533601, 38.95434267366425, 0.0], [-107.88558887588916, 38.95426047313195, 0.0], [-107.88562020965502, 38.9541786058748, 0.0], [-107.88562520984837, 38.954016273076626, 0.0], [-107.8856086101857, 38.953890673866105, 0.0], [-107.88561567662013, 38.953782406173694, 0.0], [-107.8856228096439, 38.953674073768816, 0.0], [-107.885642609232, 38.95359247299076, 0.0], [-107.88576540906575, 38.953490405419984, 0.0], [-107.88583127632656, 38.95340760606897, 0.0], [-107.88595360955537, 38.95329647327123, 0.0], [-107.88609801099464, 38.953157805896886, 0.0], [-107.88626507534644, 38.95300947293842, 0.0], [-107.88634320956821, 38.95294460574328, 0.0], [-107.8865000756139, 38.952832472630845, 0.0], [-107.88674607613926, 38.95263720586083, 0.0]]}, "properties": {"gnisidlabel": null, "featuretypelabel": "Channel Line", "huc12": "140200050111"}}, {"type": "Feature", "geometry": {"type": "LineString", "coordinates": [[-107.8487484759771, 38.98795940642794, 0.0], [-107.8488612757491, 38.987893605917826, 0.0], [-107.84907827638007, 38.98783420589407, 0.0], [-107.84940447597597, 38.98790727315324, 0.0], [-107.84974101007246, 38.98795307330479, 0.0], [-107.84995907592314, 38.98792080603949, 0.0], [-107.85036381031819, 38.9876496724997, 0.0], [-107.85069500955967, 38.987560405396195, 0.0], [-107.85110901021477, 38.98752327304827, 0.0], [-107.8512986099435, 38.98735647295488, 0.0], [-107.8515312751686, 38.987116605601976, 0.0], [-107.85171081011829, 38.9869860727222, 0.0], [-107.85198960929003, 38.986745005799776, 0.0], [-107.85252007651427, 38.986443806282566, 0.0], [-107.85265627574908, 38.98638640535874, 0.0]]}, "properties": {"gnisidlabel": "Surface Creek", "featuretypelabel": "Channel Line", "huc12": "140200050111"}}, {"type": "Feature", "geometry": {"type": "LineString", "coordinates": [[-107.83262667628642, 39.01527140597214, 0.0], [-107.83254341077406, 39.015210405751915, 0.0], [-107.83248280955654, 39.0151398060844, 0.0], [-107.83245647602728, 39.01505940613948, 0.0], [-107.83242947589942, 39.01496100612775, 0.0], [-107.832390209228, 39.01484480592298, 0.0], [-107.83231727606984, 39.014756405760664, 0.0], [-107.83226827588469, 39.01468547274168, 0.0], [-107.83219741038285, 39.0146422061494, 0.0], [-107.8320918105404, 39.01459967259518, 0.0], [-107.8319638094451, 39.01457580663695, 0.0], [-107.8318246096242, 39.014561206305494, 0.0], [-107.83166267584414, 39.014556073394985, 0.0], [-107.83150161087796, 39.01456900568588, 0.0], [-107.8312716097177, 39.01459267341272, 0.0], [-107.83112081005096, 39.01457827289815, 0.0], [-107.83099247598857, 39.01454527248834, 0.0], [-107.8308864758773, 39.014493872751544, 0.0], [-107.8308372097655, 39.01441400590187, 0.0], [-107.83078361052003, 39.01435227313198, 0.0]]}, "properties": {"gnisidlabel": "Overland Ditch", "featuretypelabel": "Canal", "huc12": "140200050111"}}, {"type": "Feature", "geometry": {"type": "LineString", "coordinates": [[-107.86042227545578, 39.07100893881364, 0.0], [-107.86064714376158, 39.07093633880413, 0.0], [-107.86089507648126, 39.07108327253519, 0.0], [-107.86114200969938, 39.07111487288474, 0.0], [-107.86181900929452, 39.07117700570343, 0.0], [-107.86290567665885, 39.071352272797974, 0.0], [-107.8632471428108, 39.07141033838791, 0.0]]}, "properties": {"gnisidlabel": null, "featuretypelabel": "Channel Line", "huc12": "140200050111"}}, {"type": "Feature", "geometry": {"type": "LineString", "coordinates": [[-107.87836667644527, 39.03687387245751, 0.0], [-107.87822687610948, 39.03711593913387, 0.0], [-107.87805247574597, 39.03753380536726, 0.0], [-107.87805360983673, 39.03780300647906, 0.0], [-107.87810401075302, 39.038061006347604, 0.0], [-107.87811227585816, 39.038352139243955, 0.0], [-107.87802221034647, 39.03871487274008, 0.0], [-107.87779827594412, 39.03907247315598, 0.0], [-107.87749907683364, 39.039478872489596, 0.0]]}, "properties": {"gnisidlabel": null, "featuretypelabel": "Channel Line", "huc12": "140200050111"}}, {"type": "Feature", "geometry": {"type": "LineString", "coordinates": [[-107.78850094243998, 39.05181167298063, 0.0], [-107.78790741000218, 39.051583872769775, 0.0], [-107.78766721058794, 39.05150267312253, 0.0], [-107.78727254352165, 39.05147713890401, 0.0], [-107.78685707604531, 39.05150107219449, 0.0], [-107.78656841071724, 39.05151900635434, 0.0], [-107.78631514282938, 39.05156413870619, 0.0], [-107.7860366099772, 39.05163367283683, 0.0]]}, "properties": {"gnisidlabel": null, "featuretypelabel": "Channel Line", "huc12": "140200050111"}}, {"type": "Feature", "geometry": {"type": "LineString", "coordinates": [[-107.95459100962395, 38.825916873088154, 0.0], [-107.9546004101733, 38.82568800547494, 0.0], [-107.95475827566774, 38.82560027300101, 0.0]]}, "properties": {"gnisidlabel": null, "featuretypelabel": "Surface Connector", "huc12": "140200050105"}}, {"type": "Feature", "geometry": {"type": "LineString", "coordinates": [[-107.95899700952262, 38.81613687293023, 0.0], [-107.95824127677152, 38.814849806553624, 0.0]]}, "properties": {"gnisidlabel": null, "featuretypelabel": "Waterbody Connector", "huc12": "140200050105"}}, {"type": "Feature", "geometry": {"type": "LineString", "coordinates": [[-107.90237554343312, 39.06130040603482, 0.0], [-107.90217294219096, 39.06167447229623, 0.0], [-107.90207521019995, 39.06187247344519, 0.0], [-107.9018156098446, 39.06212033825335, 0.0], [-107.9016190764703, 39.06228567301588, 0.0], [-107.90147927707413, 39.0625222728538, 0.0], [-107.90130241027492, 39.06270847379468, 0.0]]}, "properties": {"gnisidlabel": null, "featuretypelabel": "Channel Line", "huc12": "140200050111"}}, {"type": "Feature", "geometry": {"type": "LineString", "coordinates": [[-107.78027994351314, 39.02325540575154, 0.0], [-107.7802200759383, 39.02370613928, 0.0], [-107.78019507551522, 39.02410173877594, 0.0], [-107.78026307659134, 39.02469467342883, 0.0], [-107.78049947563204, 39.0252043389706, 0.0], [-107.7805653426004, 39.025517139412415, 0.0], [-107.78062854351018, 39.025838338615365, 0.0]]}, "properties": {"gnisidlabel": null, "featuretypelabel": "Channel Line", "huc12": "140200050111"}}, {"type": "Feature", "geometry": {"type": "LineString", "coordinates": [[-107.87083480970581, 39.06450820608768, 0.0], [-107.87035807605525, 39.06299507263112, 0.0]]}, "properties": {"gnisidlabel": null, "featuretypelabel": "Waterbody Connector", "huc12": "140200050111"}}, {"type": "Feature", "geometry": {"type": "LineString", "coordinates": [[-107.85659794270133, 39.052421006039395, 0.0], [-107.85659467617202, 39.05241667352936, 0.0], [-107.85653441055747, 39.05233700631172, 0.0], [-107.85643480972965, 39.05215927328211, 0.0], [-107.85626667564534, 39.05200127294916, 0.0], [-107.85616707637585, 39.05182360629587, 0.0], [-107.8560350762626, 39.05170060623412, 0.0], [-107.85585721034516, 39.05158787320676, 0.0], [-107.8556332107588, 39.05147620642013, 0.0], [-107.85540907589328, 39.05136460556868, 0.0], [-107.85525507684913, 39.05126920559482, 0.0], [-107.85506647567017, 39.05117480630063, 0.0], [-107.8549126753037, 39.05108847300546, 0.0], [-107.85482680961063, 39.05096447283196, 0.0], [-107.85481021030148, 39.050838673077145, 0.0], [-107.85481567649532, 39.05068540592238, 0.0], [-107.85480947654204, 39.050532473200434, 0.0], [-107.85481487636446, 39.05051907253681, 0.0]]}, "properties": {"gnisidlabel": null, "featuretypelabel": "Channel Line", "huc12": "140200050111"}}, {"type": "Feature", "geometry": {"type": "LineString", "coordinates": [[-107.87712494299488, 39.04967787367805, 0.0], [-107.87660581094079, 39.04792927287233, 0.0]]}, "properties": {"gnisidlabel": "West Fork Bonita Surface Creek", "featuretypelabel": "Waterbody Connector", "huc12": "140200050111"}}, {"type": "Feature", "geometry": {"type": "LineString", "coordinates": [[-107.86187834282559, 39.074130473101064, 0.0], [-107.86189007648443, 39.074097605968035, 0.0], [-107.86191681091483, 39.07402480593974, 0.0], [-107.86199180933792, 39.07387887343059, 0.0], [-107.86204220974813, 39.07369740583503, 0.0], [-107.86210561045263, 39.073551805879696, 0.0], [-107.86215567628244, 39.07336127357652, 0.0], [-107.86219567604594, 39.07320720615169, 0.0], [-107.86226927621823, 39.073025206397155, 0.0], [-107.86233200985335, 39.072861473349825, 0.0], [-107.8624186094107, 39.07271527269636, 0.0], [-107.8624820109215, 39.072569473421616, 0.0], [-107.86254500970323, 39.07241480572296, 0.0], [-107.86260680968661, 39.0722242065633, 0.0], [-107.86270341014394, 39.072041605429526, 0.0], [-107.86283567557604, 39.07188507269767, 0.0], [-107.8629576757849, 39.07175607283738, 0.0], [-107.86304707653336, 39.07168180664052, 0.0], [-107.86312460953332, 39.07159880596524, 0.0], [-107.86317907673553, 39.071516406266596, 0.0], [-107.86322200979329, 39.07143420529004, 0.0], [-107.86324640977223, 39.071411073510625, 0.0], [-107.8632471428108, 39.07141033838791, 0.0]]}, "properties": {"gnisidlabel": null, "featuretypelabel": "Channel Line", "huc12": "140200050111"}}, {"type": "Feature", "geometry": {"type": "LineString", "coordinates": [[-107.8022598762122, 39.02291767353809, 0.0], [-107.80230261008067, 39.022905405566206, 0.0], [-107.80234627526787, 39.02286827358329, 0.0], [-107.80242561049788, 39.02280340635448, 0.0], [-107.80261641008973, 39.02266360638714, 0.0], [-107.80281767635026, 39.022496605613995, 0.0], [-107.80298500972785, 39.02234847285238, 0.0], [-107.80315387571208, 39.02223627350513, 0.0], [-107.80327900991456, 39.02218820623457, 0.0], [-107.8033820761204, 39.022167672450166, 0.0], [-107.80346260902967, 39.02215667247219, 0.0], [-107.80359020982581, 39.022171806316926, 0.0], [-107.80368387610922, 39.02220547257449, 0.0], [-107.8037776767886, 39.022239205793355, 0.0], [-107.80385841106735, 39.02223727282781, 0.0], [-107.80397347621141, 39.02222560671001, 0.0], [-107.80403047585146, 39.02220620571132, 0.0], [-107.80408567571395, 39.022141806252, 0.0], [-107.8041152761332, 39.022014873549004, 0.0], [-107.80414601032605, 39.02191507319628, 0.0], [-107.80425807584736, 39.021831406432, 0.0], [-107.80438261060809, 39.02176520634952, 0.0], [-107.80451960983565, 39.02172587308325, 0.0], [-107.80466887598229, 39.021704405878566, 0.0], [-107.80485247555684, 39.02167287353664, 0.0], [-107.80504580958002, 39.02159607303785, 0.0], [-107.80526247599627, 39.02152780625517, 0.0], [-107.8053862097424, 39.021443872929396, 0.0], [-107.80557880985708, 39.02134907379339, 0.0], [-107.80573927628174, 39.0213182058632, 0.0], [-107.80584267573195, 39.021306672766435, 0.0], [-107.80595960974883, 39.02133987350987, 0.0], [-107.80612360995485, 39.021399006123346, 0.0], [-107.80622960996281, 39.02145060595808, 0.0], [-107.80633481036729, 39.021484005915205, 0.0], [-107.80642821045647, 39.02150880514482, 0.0], [-107.80654320977003, 39.02149700565587, 0.0], [-107.80664447607397, 39.021431472429434, 0.0], [-107.80670020993367, 39.021376206705675, 0.0], [-107.8067678757893, 39.02133847267097, 0.0], [-107.8068602763614, 39.021336205369636, 0.0], [-107.806986409432, 39.02131520576168, 0.0], [-107.80713361009802, 39.02123960555016, 0.0], [-107.80725560999471, 39.02111047301397, 0.0], [-107.80728801035956, 39.021055605895135, 0.0], [-107.80739007620211, 39.02100820603786, 0.0], [-107.80752747583826, 39.020977873187945, 0.0], [-107.80772287669254, 39.020955072885144, 0.0], [-107.80791800956115, 39.02092340568611, 0.0], [-107.80811201039104, 39.020864606716316, 0.0], [-107.80833961039986, 39.0207780725616, 0.0], [-107.80853287532797, 39.0207014067408, 0.0], [-107.8087488755863, 39.02061507290306, 0.0], [-107.80888447601697, 39.02053980588566, 0.0], [-107.80898647553754, 39.020492206244334, 0.0], [-107.80902907590304, 39.020401072830445, 0.0], [-107.80909367574051, 39.020282473049846, 0.0], [-107.80913547607923, 39.02017327318816, 0.0], [-107.8092334096996, 39.0200178058376, 0.0], [-107.80936387591285, 39.01981647299873, 0.0], [-107.80946067569792, 39.01963400560635, 0.0], [-107.80949967546469, 39.019452806033506, 0.0], [-107.80958701052145, 39.01932460661017, 0.0], [-107.80966381037007, 39.01922360535973, 0.0], [-107.80975401059669, 39.01916740563764, 0.0], [-107.80980920992556, 39.01910300624786, 0.0], [-107.80985107588093, 39.01899387302216, 0.0], [-107.80990480968458, 39.018893472671216, 0.0], [-107.81000467581848, 39.01879200526331, 0.0], [-107.81014080988592, 39.01872560599341, 0.0], [-107.81028961024134, 39.01869500590883, 0.0], [-107.81040467585659, 39.018683205569886, 0.0], [-107.81063607666907, 39.018695673243585, 0.0], [-107.81083227644473, 39.01869100629934, 0.0], [-107.81101787580303, 39.0187134731844, 0.0], [-107.81110987600606, 39.01870227251701, 0.0], [-107.81119001010266, 39.01868227321302, 0.0], [-107.81124480947776, 39.01860887284467, 0.0], [-107.81133027614916, 39.01843567281625, 0.0], [-107.81139100901635, 39.018218005950864, 0.0], [-107.81151220952569, 39.01807100626113, 0.0], [-107.81163440969225, 39.01795087257692, 0.0], [-107.81175707623518, 39.017839805947105, 0.0], [-107.81199540966013, 39.017734873346434, 0.0], [-107.81216747595892, 39.017703806033715, 0.0], [-107.81236280960607, 39.017681005987576, 0.0], [-107.81253480948564, 39.017649873070404, 0.0], [-107.81270401071151, 39.01754667280393, 0.0], [-107.8128048762451, 39.017472072773934, 0.0], [-107.81283600950798, 39.01738140571083, 0.0], [-107.81291461021206, 39.017325406010066, 0.0], [-107.8130282098189, 39.017277605856265, 0.0], [-107.81316521017018, 39.0172382057706, 0.0], [-107.81326647709973, 39.01717267318848, 0.0], [-107.81343347633548, 39.01701560581658, 0.0], [-107.81358040992475, 39.01693087246995, 0.0], [-107.81367087568778, 39.01688367331902, 0.0], [-107.81374907546589, 39.01681867278538, 0.0], [-107.8138248763136, 39.016690806347796, 0.0], [-107.81394607619748, 39.01654380600679, 0.0], [-107.81410440956645, 39.01645880583196, 0.0], [-107.81424141040182, 39.01641947295938, 0.0], [-107.81435600948356, 39.016398672771686, 0.0], [-107.81447181016937, 39.016404873332306, 0.0], [-107.81456407690314, 39.01640260592862, 0.0], [-107.81467801059189, 39.016363873649354, 0.0], [-107.81483767581666, 39.01631500538533, 0.0]]}, "properties": {"gnisidlabel": "Beaver Creek", "featuretypelabel": "Channel Line", "huc12": "140200050111"}}, {"type": "Feature", "geometry": {"type": "LineString", "coordinates": [[-107.82562940928972, 39.05639780609928, 0.0], [-107.82588127511862, 39.056193273014244, 0.0], [-107.82636634262077, 39.05607540598725, 0.0], [-107.8267942751813, 39.05586440598627, 0.0], [-107.8272488097152, 39.05546660628577, 0.0], [-107.82764054229965, 39.05514593937095, 0.0], [-107.82805427630362, 39.054918606407995, 0.0], [-107.82839507654842, 39.0547530726823, 0.0]]}, "properties": {"gnisidlabel": null, "featuretypelabel": "Channel Line", "huc12": "140200050111"}}, {"type": "Feature", "geometry": {"type": "LineString", "coordinates": [[-107.88463021054751, 39.03567200581413, 0.0], [-107.88466400960493, 39.035761205300076, 0.0], [-107.88473607572976, 39.03583147309914, 0.0], [-107.88483060960363, 39.035883273186414, 0.0], [-107.8849378096841, 39.03596167290727, 0.0], [-107.88498787578206, 39.03605947313523, 0.0], [-107.8850288102707, 39.03621167271494, 0.0], [-107.88504727648255, 39.036382405764016, 0.0], [-107.8850884751808, 39.03654347255616, 0.0], [-107.88520900975965, 39.03666667298291, 0.0], [-107.88524741061605, 39.03675580609759, 0.0], [-107.8852174759528, 39.03687360543403, 0.0], [-107.88516227585906, 39.03693807311674, 0.0], [-107.88504920948296, 39.0369950057693, 0.0], [-107.88492521057694, 39.037070073617045, 0.0]]}, "properties": {"gnisidlabel": null, "featuretypelabel": "Channel Line", "huc12": "140200050111"}}, {"type": "Feature", "geometry": {"type": "LineString", "coordinates": [[-107.84725027661554, 39.05468280592985, 0.0], [-107.84690640974661, 39.053920405889684, 0.0], [-107.84682841029316, 39.05289887269573, 0.0]]}, "properties": {"gnisidlabel": "Bonita Creek", "featuretypelabel": "Waterbody Connector", "huc12": "140200050111"}}, {"type": "Feature", "geometry": {"type": "LineString", "coordinates": [[-107.85595594228006, 39.019045539046594, 0.0], [-107.8561696104845, 39.01856120671135, 0.0], [-107.85645334271109, 39.01804347335595, 0.0], [-107.85682300960113, 39.01769007334729, 0.0], [-107.85715880954912, 39.01747400558161, 0.0], [-107.85736620899416, 39.01719020624376, 0.0]]}, "properties": {"gnisidlabel": null, "featuretypelabel": "Channel Line", "huc12": "140200050111"}}, {"type": "Feature", "geometry": {"type": "LineString", "coordinates": [[-107.86909041004947, 39.06889547271413, 0.0], [-107.8690936759385, 39.06888440593598, 0.0], [-107.86911400995113, 39.068820805963284, 0.0], [-107.86914487634338, 39.068721005609085, 0.0], [-107.86916441016358, 39.06863047248349, 0.0], [-107.86914781048502, 39.06850467274793, 0.0], [-107.86915267651763, 39.068342406114006, 0.0], [-107.86915800931736, 39.06818920625929, 0.0], [-107.86913160998036, 39.06810867253299, 0.0], [-107.86912621045359, 39.06797367277408, 0.0], [-107.86913300967858, 39.06785640577009, 0.0], [-107.86915127675684, 39.06773880593676, 0.0], [-107.86923040972731, 39.067691805636954, 0.0], [-107.86933061053517, 39.06759927258275, 0.0], [-107.86941900938206, 39.06749800585382, 0.0], [-107.86946180975784, 39.0674158725876, 0.0], [-107.86945627566995, 39.06728087254951, 0.0], [-107.8694506103852, 39.067136873137464, 0.0], [-107.86944581037652, 39.06701987283267, 0.0], [-107.8694876092324, 39.066910806862914, 0.0], [-107.86954027602246, 39.066783273441494, 0.0], [-107.8696284752131, 39.06668207273696, 0.0], [-107.86976347542937, 39.0665886732914, 0.0], [-107.86981680895168, 39.06647920600899, 0.0], [-107.86988067524926, 39.06634260661376, 0.0], [-107.86987587619409, 39.066225472967815, 0.0], [-107.869824276315, 39.06609167236261, 0.0], [-107.86977327516907, 39.065975806333995, 0.0], [-107.86971087556107, 39.06586020568508, 0.0], [-107.86963681068184, 39.065744872463064, 0.0]]}, "properties": {"gnisidlabel": null, "featuretypelabel": "Channel Line", "huc12": "140200050111"}}, {"type": "Feature", "geometry": {"type": "LineString", "coordinates": [[-107.87462161018966, 38.98435127228492, 0.0], [-107.8744738757806, 38.984120805987196, 0.0], [-107.87423760986886, 38.98370307361152, 0.0], [-107.87369440934562, 38.9831128731064, 0.0], [-107.87326020969562, 38.9826552061781, 0.0], [-107.87283527601568, 38.9824224063159, 0.0], [-107.87251587581066, 38.982232073305376, 0.0], [-107.87236520943725, 38.981929473706934, 0.0], [-107.87220187631074, 38.98160020575954, 0.0], [-107.87202080998028, 38.98111807265487, 0.0], [-107.87207167689407, 38.98066647306661, 0.0], [-107.87226080963664, 38.98020240615531, 0.0], [-107.87228041065784, 38.97983247302277, 0.0], [-107.87226067615467, 38.97934647289546, 0.0], [-107.87211101008272, 38.97878260585979, 0.0], [-107.87193207587873, 38.978354472961854, 0.0], [-107.87172447519833, 38.97807140612264, 0.0]]}, "properties": {"gnisidlabel": null, "featuretypelabel": "Channel Line", "huc12": "140200050111"}}, {"type": "Feature", "geometry": {"type": "LineString", "coordinates": [[-107.8632471428108, 39.07141033838791, 0.0], [-107.86333300960622, 39.071323406701616, 0.0], [-107.86349141006067, 39.07123840590548, 0.0], [-107.86360620982501, 39.07121760641046, 0.0], [-107.8637088761545, 39.07118807267438, 0.0], [-107.8638106764643, 39.07113147303609, 0.0], [-107.86394667611424, 39.07106507245517, 0.0], [-107.86403661009909, 39.07099980672642, 0.0], [-107.86417367609764, 39.070960406410734, 0.0], [-107.86431107597159, 39.07093000573894, 0.0], [-107.86457407603649, 39.07086047247994, 0.0], [-107.86468807610679, 39.07082167376456, 0.0], [-107.86482667659568, 39.07081827330905, 0.0], [-107.8649434761294, 39.07085140653577, 0.0], [-107.86507101024527, 39.07085727328353, 0.0], [-107.8652322103106, 39.07084427349787, 0.0], [-107.86540467545629, 39.070822006469776, 0.0], [-107.8655298761299, 39.07077387303278, 0.0], [-107.86568901009896, 39.070707006002415, 0.0], [-107.86583760998322, 39.07066727322893, 0.0], [-107.86602187595524, 39.07065367350488, 0.0], [-107.86621741031529, 39.07063080631141, 0.0], [-107.86640181054281, 39.07061727295427, 0.0], [-107.8665750096837, 39.07061307333085, 0.0], [-107.86672467504535, 39.070600273279055, 0.0], [-107.86690701027219, 39.07053280584706, 0.0], [-107.86706520972916, 39.07044787276295, 0.0], [-107.86721247602432, 39.07037207326853, 0.0], [-107.86738161089593, 39.07026887267447, 0.0], [-107.8675760760626, 39.07021907307219, 0.0], [-107.86773660980964, 39.07018807292561, 0.0], [-107.86790787525412, 39.070138872584984, 0.0], [-107.86809127569063, 39.07009827319471, 0.0], [-107.86827447594732, 39.07005767303996, 0.0], [-107.86840040978173, 39.07002760568312, 0.0], [-107.86849060966868, 39.06997140559617, 0.0], [-107.86855841003859, 39.06993360623683, 0.0], [-107.8686006094407, 39.069833472966955, 0.0], [-107.86868680912673, 39.06967820657685, 0.0], [-107.86874880986116, 39.06949647225666, 0.0], [-107.86881221038178, 39.069350805731716, 0.0], [-107.86893367519231, 39.06921267339972, 0.0], [-107.8690428758135, 39.06905680619138, 0.0], [-107.86909041004947, 39.06889547271413, 0.0]]}, "properties": {"gnisidlabel": null, "featuretypelabel": "Channel Line", "huc12": "140200050111"}}, {"type": "Feature", "geometry": {"type": "LineString", "coordinates": [[-107.84847767658881, 39.054710205712446, 0.0], [-107.84725027661554, 39.05468280592985, 0.0]]}, "properties": {"gnisidlabel": null, "featuretypelabel": "Waterbody Connector", "huc12": "140200050111"}}, {"type": "Feature", "geometry": {"type": "LineString", "coordinates": [[-107.80714927617105, 39.035562473146, 0.0], [-107.80905080920449, 39.03436480550106, 0.0]]}, "properties": {"gnisidlabel": "Marcott Creek", "featuretypelabel": "Waterbody Connector", "huc12": "140200050111"}}, {"type": "Feature", "geometry": {"type": "LineString", "coordinates": [[-107.90052661074454, 39.04963327298062, 0.0], [-107.90047921104699, 39.04962987263237, 0.0], [-107.90019181039631, 39.04966420622511, 0.0], [-107.8999378101944, 39.0496704732099, 0.0], [-107.89961507635157, 39.049687473190566, 0.0], [-107.89939607608999, 39.04970187339209, 0.0], [-107.89916447544002, 39.04968967263062, 0.0], [-107.8989456769436, 39.04970420660317, 0.0], [-107.8987602768589, 39.049690805275695, 0.0], [-107.89860727618036, 39.04962247331849, 0.0], [-107.89843227632566, 39.04958180595142, 0.0], [-107.898304610063, 39.04956687333394, 0.0], [-107.89809761070124, 39.04959020671939, 0.0], [-107.89790247621598, 39.04962200582794, 0.0], [-107.89773121019996, 39.0496712730102, 0.0], [-107.89748007619424, 39.0497496731539, 0.0], [-107.89729700986268, 39.04979020620296, 0.0], [-107.89707880983732, 39.049822673792896, 0.0], [-107.89690460975017, 39.04980000561008, 0.0], [-107.89674147662548, 39.0497680063396, 0.0], [-107.8966584764946, 39.0497160062665, 0.0], [-107.89655020970298, 39.04961060607787, 0.0], [-107.89648947596405, 39.04954007249844, 0.0], [-107.896450876543, 39.049441872901, 0.0], [-107.89633360896451, 39.04939980614958, 0.0], [-107.89625167543532, 39.04937467348868, 0.0], [-107.8961254763884, 39.04939587267544, 0.0], [-107.89594341010843, 39.049463472962145, 0.0], [-107.89578327616086, 39.04950347338681, 0.0], [-107.89561267553162, 39.04957080626823, 0.0], [-107.89542047561378, 39.04967467326728, 0.0], [-107.89526227667703, 39.04975967293929, 0.0], [-107.89514947527279, 39.049825606070705, 0.0], [-107.89503961045035, 39.04996347236678, 0.0], [-107.89494121005363, 39.050101006016426, 0.0], [-107.89488900995184, 39.05023747298667, 0.0], [-107.89487027636257, 39.05034607291592, 0.0], [-107.89482780972014, 39.05043720588862, 0.0], [-107.89476107591705, 39.050501872658195, 0.0]]}, "properties": {"gnisidlabel": null, "featuretypelabel": "Channel Line", "huc12": "140200050111"}}, {"type": "Feature", "geometry": {"type": "LineString", "coordinates": [[-107.7942014104988, 39.02762053938864, 0.0], [-107.79471574250204, 39.027651006189046, 0.0], [-107.79538620959805, 39.02783447339372, 0.0], [-107.79607720988601, 39.02793540571332, 0.0], [-107.79666114305431, 39.027866605264435, 0.0], [-107.7973300103044, 39.02785233874699, 0.0], [-107.79816007599925, 39.02774387289545, 0.0], [-107.79868747656577, 39.0276478724027, 0.0], [-107.7991929439215, 39.027453073092076, 0.0], [-107.79968420954292, 39.02724740635176, 0.0], [-107.80033634314762, 39.02690913959406, 0.0], [-107.80128194234759, 39.02651867236452, 0.0]]}, "properties": {"gnisidlabel": null, "featuretypelabel": "Channel Line", "huc12": "140200050111"}}, {"type": "Feature", "geometry": {"type": "LineString", "coordinates": [[-107.84954527573882, 38.99918320591184, 0.0], [-107.84955207566298, 38.99877767254328, 0.0], [-107.84959201054215, 38.99833527333893, 0.0], [-107.84960060946881, 38.99797467259149, 0.0], [-107.8496048766829, 38.997506073052925, 0.0], [-107.84940947607507, 38.99695227346093, 0.0], [-107.84925440979505, 38.99654167262293, 0.0], [-107.84904680975511, 38.99597020643804, 0.0], [-107.8491456094836, 38.99555327321482, 0.0], [-107.84945260941987, 38.99514940640649, 0.0], [-107.84976287609716, 38.99482660594687, 0.0], [-107.85014587612947, 38.99430367309828, 0.0], [-107.85028540917129, 38.99403900554562, 0.0], [-107.85043347553075, 38.99370200654821, 0.0], [-107.85066340942332, 38.993390072340496, 0.0], [-107.8508504758446, 38.99316027255939, 0.0], [-107.85085800952021, 38.99277267234314, 0.0], [-107.85078907536395, 38.99249507276977, 0.0], [-107.85071367646209, 38.99205560568014, 0.0], [-107.85070101041968, 38.99145227276922, 0.0], [-107.85060467590351, 38.99077887369863, 0.0], [-107.85074740965457, 38.99030687373442, 0.0], [-107.85101407559243, 38.99004820567914, 0.0], [-107.8515106760519, 38.989765805385744, 0.0], [-107.85208480970736, 38.989400406197056, 0.0], [-107.8524080097397, 38.98911320603018, 0.0], [-107.85253480969227, 38.98882180676892, 0.0], [-107.8528544105056, 38.98844460679409, 0.0], [-107.85305400917817, 38.987953206318224, 0.0], [-107.85326841054045, 38.987542473138475, 0.0], [-107.85312447660165, 38.98712260542644, 0.0], [-107.85308807613188, 38.98679020629017, 0.0], [-107.85297500981636, 38.986558673465204, 0.0], [-107.85265627574908, 38.98638640535874, 0.0]]}, "properties": {"gnisidlabel": null, "featuretypelabel": "Channel Line", "huc12": "140200050111"}}, {"type": "Feature", "geometry": {"type": "LineString", "coordinates": [[-107.8190562766694, 39.0303438734608, 0.0], [-107.81912301045844, 39.03028367366039, 0.0], [-107.81922220995837, 39.03016420552045, 0.0], [-107.8193552768118, 39.03002587300055, 0.0], [-107.81943207561686, 39.02992487270331, 0.0]]}, "properties": {"gnisidlabel": null, "featuretypelabel": "Channel Line", "huc12": "140200050111"}}, {"type": "Feature", "geometry": {"type": "LineString", "coordinates": [[-107.84693347505032, 39.0054542726149, 0.0], [-107.84644674340984, 39.004129273116064, 0.0]]}, "properties": {"gnisidlabel": null, "featuretypelabel": "Waterbody Connector", "huc12": "140200050111"}}, {"type": "Feature", "geometry": {"type": "LineString", "coordinates": [[-107.96474707591211, 38.81975227317123, 0.0], [-107.96541667627578, 38.81908287257979, 0.0], [-107.96560141053267, 38.818545873596854, 0.0]]}, "properties": {"gnisidlabel": "Alfalfa Run", "featuretypelabel": "Waterbody Connector", "huc12": "140200050105"}}, {"type": "Feature", "geometry": {"type": "LineString", "coordinates": [[-107.83078361052003, 39.01435227313198, 0.0], [-107.83073727615216, 39.01422727275957, 0.0], [-107.83066241023235, 39.014085006597185, 0.0], [-107.83065587570957, 39.013922872947965, 0.0], [-107.83063681000246, 39.01373420657824, 0.0], [-107.83063067581223, 39.013581206466185, 0.0], [-107.83062487578309, 39.01343707303542, 0.0], [-107.83064287710785, 39.013310606735374, 0.0], [-107.83070647643207, 39.01316500609055, 0.0], [-107.83078287607617, 39.01305500638135, 0.0], [-107.83090507539958, 39.012934872739635, 0.0], [-107.83099321004374, 39.01282460592914, 0.0], [-107.83112721035131, 39.01271327287648, 0.0], [-107.83129601076072, 39.01260100615397, 0.0], [-107.83145387697333, 39.01250707329798, 0.0], [-107.83167021007503, 39.01242980563277, 0.0], [-107.83182920925333, 39.012362806088845, 0.0], [-107.83196341061542, 39.01225147261538, 0.0], [-107.83205141000525, 39.012141205608316, 0.0], [-107.83211767666901, 39.01206747294391, 0.0], [-107.83211407622335, 39.011977472788836, 0.0], [-107.83212201061107, 39.011887272571336, 0.0], [-107.83204887660831, 39.01178987341507, 0.0], [-107.83196587574477, 39.01173787259668, 0.0], [-107.83182500914891, 39.01167827291703, 0.0], [-107.83169627662173, 39.0116364062867, 0.0], [-107.83149701000838, 39.011560206748015, 0.0], [-107.83125181018865, 39.0114940062942, 0.0], [-107.83105280930641, 39.01142667342797, 0.0], [-107.83081887561809, 39.0113514056201, 0.0], [-107.83058487643733, 39.01127587315839, 0.0], [-107.83036280988645, 39.01120920637883, 0.0], [-107.83018687541971, 39.01114147321366, 0.0], [-107.83003481032723, 39.01109107296762, 0.0], [-107.8299058098403, 39.01104020539651, 0.0], [-107.82978861014095, 39.010998006199074, 0.0], [-107.82971687551574, 39.01093660589425, 0.0], [-107.82969167566146, 39.010883205716354, 0.0]]}, "properties": {"gnisidlabel": "Overland Ditch", "featuretypelabel": "Canal", "huc12": "140200050111"}}, {"type": "Feature", "geometry": {"type": "LineString", "coordinates": [[-107.84103694221871, 39.046797738322944, 0.0], [-107.84150847549154, 39.04675127304791, 0.0], [-107.84194494361459, 39.04672693926962, 0.0], [-107.84249287628028, 39.046559273131436, 0.0], [-107.84319354228471, 39.04613253879585, 0.0], [-107.84366860968605, 39.04569060623949, 0.0], [-107.84417947600961, 39.04531433932005, 0.0], [-107.8445859428418, 39.04507600623019, 0.0], [-107.8448244755404, 39.044964873413335, 0.0], [-107.84512660996597, 39.044880872904, 0.0], [-107.84568941028485, 39.04480640608126, 0.0], [-107.84610541010518, 39.044853605898034, 0.0], [-107.84642994358637, 39.04491233909975, 0.0], [-107.84671421007458, 39.044977939638855, 0.0]]}, "properties": {"gnisidlabel": null, "featuretypelabel": "Channel Line", "huc12": "140200050111"}}, {"type": "Feature", "geometry": {"type": "LineString", "coordinates": [[-107.9546334103515, 38.80941407355033, 0.0], [-107.95472861008626, 38.809303472396806, 0.0], [-107.9549146753029, 38.80919520634, 0.0], [-107.95496707527482, 38.80913527241971, 0.0], [-107.95502061036697, 38.80887720591738, 0.0], [-107.95515487498416, 38.80872967301463, 0.0], [-107.95514121009974, 38.80869400611491, 0.0], [-107.95503687668959, 38.80859300605973, 0.0], [-107.95507187548442, 38.80851100614093, 0.0], [-107.95529841016182, 38.80830260638851, 0.0], [-107.95558607612664, 38.80813320648196, 0.0], [-107.95566621083567, 38.8080636060527, 0.0], [-107.9556496090314, 38.80796040597969, 0.0], [-107.95556047533314, 38.807823006024115, 0.0], [-107.95554387629325, 38.80776040609233, 0.0], [-107.95556467569027, 38.807710272910874, 0.0], [-107.9556708757155, 38.80758140592314, 0.0], [-107.95563820979629, 38.80738407327851, 0.0], [-107.95567867573592, 38.80729300588375, 0.0], [-107.95561041013295, 38.807083006003275, 0.0], [-107.95557481000463, 38.80675960543399, 0.0], [-107.95554107538645, 38.806692805960225, 0.0], [-107.95546327513532, 38.80662720586132, 0.0], [-107.95532581016633, 38.806540606118766, 0.0], [-107.95520127510618, 38.80649420616497, 0.0], [-107.95494841018244, 38.80648260599546, 0.0], [-107.95464987681923, 38.806386473228955, 0.0], [-107.95438407609936, 38.80639327321114, 0.0], [-107.95430601056069, 38.80638180639035, 0.0], [-107.954174210662, 38.806277005928514, 0.0], [-107.95409267579666, 38.806161872959244, 0.0], [-107.95401707610085, 38.80592507276904, 0.0], [-107.95406461030643, 38.805676073805174, 0.0], [-107.9539950097805, 38.80548420584042, 0.0], [-107.95399307584334, 38.80537620634634, 0.0], [-107.95415087529202, 38.80522347274056, 0.0], [-107.95422460954751, 38.80491080580228, 0.0], [-107.9542690761005, 38.804810606036305, 0.0], [-107.95438100998727, 38.804677073453455, 0.0], [-107.9547082761532, 38.8043806061826, 0.0], [-107.95483380971976, 38.80424220642248, 0.0], [-107.95505600982177, 38.80380420556208, 0.0], [-107.95531700960258, 38.803455206445314, 0.0], [-107.95553907641323, 38.80307567240239, 0.0], [-107.95573560929161, 38.80264727240233, 0.0], [-107.9557412102048, 38.80256607332716, 0.0], [-107.95570987585847, 38.80230567219987, 0.0], [-107.95578341020769, 38.80211460563035, 0.0], [-107.9559150099296, 38.80196707272789, 0.0], [-107.95602341022098, 38.80188780591508, 0.0], [-107.95636640959566, 38.80170787255582, 0.0], [-107.95642121029253, 38.80165700610982, 0.0], [-107.95646541026446, 38.801579206121275, 0.0], [-107.95652101000883, 38.80125807263825, 0.0], [-107.95651621065136, 38.800960805799825, 0.0], [-107.95653087626378, 38.800834406565656, 0.0], [-107.95658707597923, 38.800688805812776, 0.0], [-107.9567706101664, 38.800346272595846, 0.0], [-107.95683661008242, 38.80011040672463, 0.0], [-107.95688361004561, 38.79971727237029, 0.0], [-107.95687601004666, 38.79939320599628, 0.0]]}, "properties": {"gnisidlabel": null, "featuretypelabel": "Channel Line", "huc12": "140200050105"}}, {"type": "Feature", "geometry": {"type": "LineString", "coordinates": [[-107.78887247652625, 39.04543813961112, 0.0], [-107.78890554389724, 39.04517433862341, 0.0], [-107.78889754220141, 39.04504800681147, 0.0], [-107.78881054287878, 39.0447463390392, 0.0], [-107.78883567547662, 39.04436720558373, 0.0], [-107.78900054297957, 39.043844539125985, 0.0], [-107.78927194297879, 39.0434312731275, 0.0], [-107.78943120993624, 39.04308993942841, 0.0], [-107.78963874297146, 39.04262200621811, 0.0], [-107.78977054270025, 39.042163939575026, 0.0]]}, "properties": {"gnisidlabel": null, "featuretypelabel": "Channel Line", "huc12": "140200050111"}}, {"type": "Feature", "geometry": {"type": "LineString", "coordinates": [[-107.80479561066385, 39.02967720624344, 0.0], [-107.80432940945165, 39.02950380658558, 0.0], [-107.80356074326707, 39.02937580602585, 0.0], [-107.80271647601708, 39.02947887270753, 0.0], [-107.80231507664848, 39.02948093921813, 0.0], [-107.80164607636273, 39.029478739483075, 0.0], [-107.80121667620996, 39.02950287356634, 0.0], [-107.80073607628357, 39.02929100608385, 0.0], [-107.8004737435388, 39.02907260611744, 0.0], [-107.80036441015898, 39.02901520555365, 0.0]]}, "properties": {"gnisidlabel": null, "featuretypelabel": "Channel Line", "huc12": "140200050111"}}, {"type": "Feature", "geometry": {"type": "LineString", "coordinates": [[-107.94688407523867, 38.80913700629365, 0.0], [-107.94704140909934, 38.808844672991796, 0.0], [-107.94710247677172, 38.808690005904, 0.0], [-107.94710287633805, 38.80847380596028, 0.0], [-107.94704867580712, 38.80818240635122, 0.0], [-107.94711087554366, 38.807915006245814, 0.0], [-107.94722240977949, 38.807668872487994, 0.0], [-107.94747547681978, 38.80737427303725, 0.0], [-107.94763720956897, 38.807018805804255, 0.0], [-107.94776421002038, 38.80686240511466, 0.0], [-107.94791980966492, 38.80672787236598, 0.0], [-107.94814147686172, 38.80656920594856, 0.0], [-107.94856080901286, 38.8063422733609, 0.0], [-107.94864400966942, 38.80627720658255, 0.0], [-107.94868827543611, 38.80621287273415, 0.0], [-107.94869907663538, 38.806154072461275, 0.0], [-107.94867280970962, 38.80597460668432, 0.0], [-107.94877340988288, 38.805719805263934, 0.0], [-107.94879287605733, 38.80562480566865, 0.0], [-107.9486886108625, 38.805330073131316, 0.0], [-107.94869027690032, 38.80525787286125, 0.0], [-107.94874527668522, 38.80510340594589, 0.0], [-107.94886801117927, 38.80493820637687, 0.0], [-107.94892181017802, 38.80489167230963, 0.0], [-107.94967507578004, 38.804543873212815, 0.0], [-107.94996261033879, 38.80433387304998, 0.0], [-107.95021981027352, 38.80421027364161, 0.0], [-107.95031407605121, 38.80413580619364, 0.0], [-107.95038367574165, 38.80403047263339, 0.0], [-107.9504390100178, 38.803889405610235, 0.0], [-107.95047907583991, 38.803559605963905, 0.0], [-107.95061367563231, 38.80320480607242, 0.0], [-107.95062747564693, 38.803087273551746, 0.0], [-107.95059880934716, 38.8029440060344, 0.0], [-107.95061047615084, 38.80284000590408, 0.0], [-107.95077500969853, 38.80261060604356, 0.0], [-107.95082827622635, 38.80255980617251, 0.0], [-107.95093061048958, 38.80250760564391, 0.0], [-107.95107927543366, 38.80248127281432, 0.0], [-107.95125627584616, 38.80243180620765, 0.0], [-107.9514104758491, 38.80235580565031, 0.0], [-107.95153561037996, 38.802208473448154, 0.0], [-107.95183807613022, 38.80175940580967, 0.0], [-107.95200867666598, 38.80158847290614, 0.0], [-107.95244181016062, 38.80128920611255, 0.0], [-107.95283220965428, 38.80106307319061, 0.0], [-107.95301627668847, 38.80097740515561, 0.0], [-107.95312260992567, 38.80094760625517, 0.0], [-107.9534314104742, 38.80089927358983, 0.0], [-107.9538702757881, 38.80068547250453, 0.0], [-107.95479080997164, 38.800486606215, 0.0], [-107.95498041047927, 38.800423072700426, 0.0], [-107.95511481054342, 38.800334206242766, 0.0], [-107.95524207641112, 38.80034447314264, 0.0], [-107.95528380986116, 38.80033440584287, 0.0], [-107.9555598756983, 38.800183273012394, 0.0], [-107.95585007626708, 38.80012640571952, 0.0], [-107.95639447554483, 38.79992787290874, 0.0], [-107.95655900986016, 38.799851673332206, 0.0], [-107.95658847597262, 38.79982387287655, 0.0], [-107.95677607593947, 38.79947227265661, 0.0], [-107.95687601004666, 38.79939320599628, 0.0]]}, "properties": {"gnisidlabel": null, "featuretypelabel": "Channel Line", "huc12": "140200050105"}}, {"type": "Feature", "geometry": {"type": "LineString", "coordinates": [[-107.83172527532261, 38.991959673839375, 0.0], [-107.83180647641959, 38.99219200552204, 0.0], [-107.83234287584831, 38.99290867310264, 0.0], [-107.83304100989176, 38.993576405951714, 0.0], [-107.83354860959548, 38.993983005546134, 0.0], [-107.83419720960873, 38.994611405957095, 0.0], [-107.83438081016868, 38.99483207322003, 0.0], [-107.83479001018071, 38.99522747279795, 0.0], [-107.8350012766391, 38.995402605758166, 0.0], [-107.83524107581613, 38.99564000595686, 0.0], [-107.83541067651979, 38.99603680548068, 0.0], [-107.83541867664009, 38.996324873366845, 0.0], [-107.8354134098806, 38.99654120685196, 0.0]]}, "properties": {"gnisidlabel": null, "featuretypelabel": "Channel Line", "huc12": "140200050111"}}, {"type": "Feature", "geometry": {"type": "LineString", "coordinates": [[-107.79484980987161, 39.05712107341971, 0.0], [-107.79507607573531, 39.057250673270055, 0.0], [-107.79528200996567, 39.05746647235428, 0.0], [-107.79567207527039, 39.05776340640694, 0.0], [-107.79607541020573, 39.058006006131066, 0.0], [-107.79638601047753, 39.05805260661664, 0.0], [-107.7970228759994, 39.058420273138424, 0.0], [-107.79753880944227, 39.05861507301733, 0.0], [-107.79822261040972, 39.05866620611949, 0.0], [-107.79856107601805, 39.05870767215611, 0.0], [-107.79899741079983, 39.05884140659476, 0.0], [-107.79911501032028, 39.0588924730527, 0.0], [-107.79923180983457, 39.058925805409864, 0.0], [-107.79937147652637, 39.058949472995735, 0.0], [-107.79955901099157, 39.059017005882815, 0.0], [-107.79978147574593, 39.05909280557247, 0.0], [-107.79993520903456, 39.059179206730136, 0.0], [-107.80011047571672, 39.05922900640142, 0.0], [-107.80030987516963, 39.05930527369902, 0.0], [-107.80051981000122, 39.059354272990085, 0.0], [-107.80068221029893, 39.05936840614191, 0.0], [-107.80085540977139, 39.05936420559771, 0.0], [-107.80100507647244, 39.059351605553374, 0.0], [-107.80118940956478, 39.059338206253265, 0.0], [-107.80135001035632, 39.05930727352897, 0.0], [-107.8015122757925, 39.05932147272697, 0.0], [-107.80167567645368, 39.05936247328565, 0.0], [-107.80181600963026, 39.059404205707935, 0.0], [-107.80190881069346, 39.059411005986775, 0.0], [-107.80209347598534, 39.059406472958706, 0.0], [-107.8022778089459, 39.059393072838304, 0.0], [-107.80239980988978, 39.05938567232478, 0.0], [-107.80248527594874, 39.05937907283657, 0.0], [-107.80263427639782, 39.05934847317586, 0.0], [-107.8027702760329, 39.059282072436915, 0.0], [-107.80294067640858, 39.05920600535788, 0.0], [-107.80311027568139, 39.05911180592038, 0.0], [-107.80331447601363, 39.0590168063148, 0.0], [-107.80348547597775, 39.058958606038374, 0.0], [-107.80366767594616, 39.058891206308644, 0.0], [-107.80387507641291, 39.05887720544915, 0.0], [-107.80407140987323, 39.05887247323776, 0.0], [-107.80424461015211, 39.058868273049185, 0.0], [-107.80439540990932, 39.058882672968124, 0.0], [-107.80448587608383, 39.058835472349514, 0.0], [-107.80454081050745, 39.058762073597826, 0.0], [-107.80456027540245, 39.0586716059091, 0.0], [-107.8046144761094, 39.058580205835355, 0.0], [-107.80465707639188, 39.0584890065516, 0.0], [-107.80471267563867, 39.05843360616232, 0.0], [-107.80480260977444, 39.05836840637041, 0.0], [-107.80485740940252, 39.05829500531228, 0.0], [-107.80494587614675, 39.05819380554145, 0.0], [-107.80498820987731, 39.05809367290272, 0.0], [-107.80504227560483, 39.05800227318142, 0.0], [-107.80509820980654, 39.05795587357296, 0.0], [-107.80523527600864, 39.05791647319752, 0.0], [-107.80537281004096, 39.05788620555764, 0.0]]}, "properties": {"gnisidlabel": null, "featuretypelabel": "Channel Line", "huc12": "140200050111"}}, {"type": "Feature", "geometry": {"type": "LineString", "coordinates": [[-107.92065407670225, 38.903702673311415, 0.0], [-107.92066041023357, 38.90357640660242, 0.0], [-107.92073467616135, 38.90342140576239, 0.0], [-107.92079867566821, 38.90329367273856, 0.0], [-107.9208486101851, 38.903103272898896, 0.0], [-107.92085341060819, 38.90294100581044, 0.0], [-107.92085907559502, 38.90279667293393, 0.0], [-107.92087401014172, 38.9025980737122, 0.0], [-107.92092460953063, 38.90242567250744, 0.0], [-107.92102527568197, 38.90207180588588, 0.0], [-107.92103281110587, 38.9019724730221, 0.0], [-107.92119847593675, 38.90151787327886, 0.0]]}, "properties": {"gnisidlabel": "Surface Creek", "featuretypelabel": "Channel Line", "huc12": "140200050111"}}, {"type": "Feature", "geometry": {"type": "LineString", "coordinates": [[-107.83955461001392, 39.05664320622685, 0.0], [-107.83954747565815, 39.05657660559225, 0.0], [-107.83954587558624, 39.05656300590304, 0.0], [-107.83953687528697, 39.056338006389716, 0.0], [-107.83957621035182, 39.056165872989496, 0.0], [-107.83964941075077, 39.05597500542625, 0.0], [-107.83976807648088, 39.05576487321533, 0.0], [-107.83981721080511, 39.05554747320456, 0.0], [-107.83986767589974, 39.0553660730165, 0.0], [-107.83983660959727, 39.055168605716055, 0.0], [-107.83979440908556, 39.05498040608619, 0.0], [-107.8397312758401, 39.05484680548921, 0.0], [-107.83964587668494, 39.054731805902, 0.0], [-107.83949180996302, 39.05463640548421, 0.0], [-107.8393500761679, 39.0545588060922, 0.0], [-107.83930027597657, 39.054469872986154, 0.0], [-107.83922447609282, 39.05430960603855, 0.0], [-107.8392068101216, 39.054156873108525, 0.0], [-107.83923387588678, 39.053967073011385, 0.0], [-107.8392260098933, 39.05376900599738, 0.0], [-107.83918381010417, 39.05358087272929, 0.0], [-107.83916967570178, 39.05351807319712, 0.0], [-107.8391540762401, 39.05341940589452, 0.0], [-107.8391584754617, 39.05323907330216, 0.0], [-107.83916027643232, 39.05299580605538, 0.0], [-107.83918627626264, 39.052779005893065, 0.0], [-107.83918987672254, 39.052580672996214, 0.0], [-107.8391992757794, 39.05252640637522, 0.0], [-107.83924287567608, 39.05246227320229, 0.0]]}, "properties": {"gnisidlabel": null, "featuretypelabel": "Channel Line", "huc12": "140200050111"}}, {"type": "Feature", "geometry": {"type": "LineString", "coordinates": [[-107.85265627574908, 38.98638640535874, 0.0], [-107.85283787639703, 38.98630980594383, 0.0], [-107.85298641004692, 38.98627007314173, 0.0], [-107.85337821007155, 38.98625147250752, 0.0], [-107.85353821065821, 38.98621160521839, 0.0], [-107.85364120973831, 38.98619107345001, 0.0], [-107.85381127547498, 38.98611480530764, 0.0], [-107.8540940754656, 38.985972805999594, 0.0], [-107.8543878094835, 38.98581240586093, 0.0], [-107.85459980989013, 38.98562707277997, 0.0], [-107.85471900934887, 38.98543500614186, 0.0], [-107.85468940955295, 38.985273472891805, 0.0], [-107.85461407592287, 38.985122206240575, 0.0], [-107.8544914756215, 38.98494507237632, 0.0], [-107.85434340962787, 38.98470540581501, 0.0], [-107.85421967688141, 38.98450120560614, 0.0], [-107.85428347620433, 38.98436447229058, 0.0], [-107.85434647610768, 38.98420980621894, 0.0], [-107.85448807610608, 38.983999206683144, 0.0], [-107.85471400995758, 38.98387647297962, 0.0], [-107.85498860954178, 38.983815673454956, 0.0], [-107.85537001033293, 38.98382440657503, 0.0], [-107.85566387567303, 38.98367307219738, 0.0], [-107.85579541013298, 38.9834986735807, 0.0], [-107.85595107586636, 38.98335067297352, 0.0], [-107.8562452096985, 38.98319940625876, 0.0], [-107.85649767564394, 38.9831660725137, 0.0], [-107.85682427651732, 38.98324827334185, 0.0], [-107.85723767616841, 38.983481405924664, 0.0], [-107.8576142090136, 38.983661272920365, 0.0], [-107.85784047567907, 38.983547605262366, 0.0], [-107.8580930755754, 38.98351440620864, 0.0], [-107.85825667497286, 38.98356447328676, 0.0], [-107.8584566763522, 38.98365860631711, 0.0], [-107.85879727525638, 38.98380347286712, 0.0], [-107.85903987537093, 38.98380647284959, 0.0], [-107.85921967623891, 38.983685072556234, 0.0], [-107.85927220935825, 38.98355767327938, 0.0], [-107.85926641077057, 38.983413606263, 0.0], [-107.85927107572505, 38.98324227269188, 0.0], [-107.85947287557866, 38.98309327303066, 0.0], [-107.85987401050458, 38.98302027309728, 0.0], [-107.86008867572035, 38.98290700641795, 0.0], [-107.86069360911009, 38.98273900593145, 0.0], [-107.86111267540514, 38.98253940579818, 0.0], [-107.86151261027382, 38.98243960536483, 0.0], [-107.86183627533222, 38.982449606413006, 0.0], [-107.86194181063476, 38.98249207277162, 0.0]]}, "properties": {"gnisidlabel": "Surface Creek", "featuretypelabel": "Channel Line", "huc12": "140200050111"}}, {"type": "Feature", "geometry": {"type": "LineString", "coordinates": [[-107.92872900963958, 38.87940107291837, 0.0], [-107.92887347594595, 38.879271272490016, 0.0], [-107.92899320916734, 38.87909707286738, 0.0], [-107.92913760987628, 38.878967272866916, 0.0], [-107.92925941069619, 38.87884720585535, 0.0], [-107.92958407619903, 38.8786138064138, 0.0], [-107.92974241078859, 38.87853780637342, 0.0], [-107.92992247647742, 38.87843407300012, 0.0], [-107.93007781023572, 38.87828600540124, 0.0], [-107.93019927607813, 38.87815687285692, 0.0], [-107.93034407612419, 38.878036073098286, 0.0], [-107.93047927637728, 38.87796067290389, 0.0], [-107.93063607521195, 38.877848605681905, 0.0], [-107.93081701018137, 38.87776300681061, 0.0], [-107.93098587580077, 38.87766867299323, 0.0], [-107.93108440995506, 38.87754000568247, 0.0], [-107.93121701016511, 38.87740160590072, 0.0], [-107.93150301022679, 38.877070072426434, 0.0], [-107.93158927642756, 38.876923805689806, 0.0], [-107.93167841037285, 38.87684947235646, 0.0], [-107.93179127602039, 38.87679260575041, 0.0], [-107.93192867617016, 38.876771073044964, 0.0], [-107.93201787681446, 38.87669680534932, 0.0], [-107.93206987609545, 38.87656040656689, 0.0], [-107.93214387596, 38.87639627287191, 0.0], [-107.93219541008315, 38.876250872196216, 0.0], [-107.93230647661944, 38.87614900610295, 0.0], [-107.93238561039233, 38.87611100559573, 0.0], [-107.93244287517179, 38.876100606046066, 0.0], [-107.93252340920058, 38.87609847301219, 0.0], [-107.9325816757224, 38.87611500591609, 0.0], [-107.93262821051644, 38.876122873280124, 0.0], [-107.93268687609653, 38.87614840602405, 0.0], [-107.93275520946044, 38.8761286731512, 0.0], [-107.93284621008804, 38.87609940650736, 0.0], [-107.93292447510028, 38.876043405827495, 0.0], [-107.93301260949265, 38.87594200559332, 0.0], [-107.9330914104585, 38.87589500575925, 0.0], [-107.93318227653774, 38.87586567287052, 0.0], [-107.93333127614873, 38.87584387306965, 0.0], [-107.93340001086615, 38.87583320632309, 0.0], [-107.93344527625136, 38.87581400523832, 0.0], [-107.93347947596739, 38.87580420577503, 0.0], [-107.93348947618134, 38.87576787322845, 0.0], [-107.93354487581763, 38.87571240645897, 0.0], [-107.93357747663808, 38.87566660657673, 0.0], [-107.93362947595513, 38.875530072895316, 0.0], [-107.93373061030287, 38.87546447236057, 0.0], [-107.93392327586866, 38.87538760626835, 0.0], [-107.93412987622283, 38.87536440573794, 0.0], [-107.9343864096548, 38.87543907354724, 0.0], [-107.9345026761602, 38.87546320541997, 0.0], [-107.934595209608, 38.87546987369554, 0.0], [-107.93471961080893, 38.87541267273423, 0.0], [-107.93485361012398, 38.87531020584699, 0.0]]}, "properties": {"gnisidlabel": "Cedar Run Ditch", "featuretypelabel": "Channel Line", "huc12": "140200050105"}}, {"type": "Feature", "geometry": {"type": "LineString", "coordinates": [[-107.88382007593034, 39.05538127332996, 0.0], [-107.88378300977676, 39.05517947328129, 0.0], [-107.88364760956227, 39.05478187299043, 0.0], [-107.8832160099929, 39.05436920620993, 0.0], [-107.88272921025879, 39.05419200589253, 0.0], [-107.88203000992573, 39.05379940527085, 0.0], [-107.88138047651461, 39.053459606778475, 0.0], [-107.88109841035042, 39.05333600664439, 0.0], [-107.8806322107255, 39.05308167271328, 0.0], [-107.88037027669385, 39.0527548727086, 0.0], [-107.88019987596144, 39.05248427310155, 0.0], [-107.88006560996533, 39.05237047299847, 0.0], [-107.87979707693788, 39.052183406113485, 0.0], [-107.8795516760876, 39.0520768723978, 0.0]]}, "properties": {"gnisidlabel": null, "featuretypelabel": "Channel Line", "huc12": "140200050111"}}, {"type": "Feature", "geometry": {"type": "LineString", "coordinates": [[-107.79530161022316, 39.01537073925422, 0.0], [-107.79573914280299, 39.015511273154786, 0.0], [-107.7961717436358, 39.015898805993345, 0.0], [-107.79646960963363, 39.016177273021455, 0.0], [-107.79679541037059, 39.016417205642654, 0.0], [-107.7969791434768, 39.01650407281398, 0.0], [-107.7976974101958, 39.01656080638815, 0.0], [-107.79792227623936, 39.01651567295168, 0.0], [-107.7987446090685, 39.01639613951674, 0.0], [-107.79953027494922, 39.01609013886682, 0.0], [-107.79989534213216, 39.01598940615308, 0.0], [-107.80040827514472, 39.015898939172935, 0.0], [-107.80055547523749, 39.01589307307105, 0.0]]}, "properties": {"gnisidlabel": null, "featuretypelabel": "Channel Line", "huc12": "140200050111"}}, {"type": "Feature", "geometry": {"type": "LineString", "coordinates": [[-107.83129341017379, 39.04657967249129, 0.0], [-107.83206587574821, 39.04666280684229, 0.0]]}, "properties": {"gnisidlabel": null, "featuretypelabel": "Waterbody Connector", "huc12": "140200050111"}}, {"type": "Feature", "geometry": {"type": "LineString", "coordinates": [[-107.8264286758886, 38.9990296729457, 0.0], [-107.82672661018057, 38.998774673315154, 0.0], [-107.82696507696667, 38.99838160610238, 0.0], [-107.8275422102146, 38.99780000608697, 0.0], [-107.82794140994113, 38.99738487353419, 0.0], [-107.82822181017227, 38.997180005669954, 0.0], [-107.82856427654049, 38.99679327269662, 0.0], [-107.8287878100913, 38.99660760580805, 0.0], [-107.82947007561168, 38.99634780576207, 0.0], [-107.83022501000372, 38.99616727321691, 0.0], [-107.83025567614877, 38.99615880529268, 0.0]]}, "properties": {"gnisidlabel": null, "featuretypelabel": "Channel Line", "huc12": "140200050111"}}, {"type": "Feature", "geometry": {"type": "LineString", "coordinates": [[-107.83124341052655, 39.066819206311614, 0.0], [-107.83138161034299, 39.06680687359449, 0.0], [-107.83155480907129, 39.06680267308602, 0.0], [-107.8317634106038, 39.06681560558518, 0.0], [-107.83194807618173, 39.06681107357227, 0.0], [-107.83215481023377, 39.06677907257597, 0.0], [-107.8323262098079, 39.06672980584152, 0.0], [-107.83246247638162, 39.06667247219031, 0.0], [-107.83260180965605, 39.06668707341839, 0.0], [-107.83274247553966, 39.06673767345051, 0.0], [-107.83291901028556, 39.06681447322578, 0.0], [-107.83311781006611, 39.06687267291269, 0.0], [-107.83328080903068, 39.066904805944525, 0.0], [-107.83345327603573, 39.06688260516765, 0.0], [-107.83364807568586, 39.066841806181245, 0.0]]}, "properties": {"gnisidlabel": null, "featuretypelabel": "Channel Line", "huc12": "140200050111"}}, {"type": "Feature", "geometry": {"type": "LineString", "coordinates": [[-107.8137936756746, 39.02803407318467, 0.0], [-107.81379701004282, 39.02792587245059, 0.0], [-107.81382621062745, 39.02779007330533, 0.0], [-107.81389960914623, 39.02759907361105, 0.0], [-107.81396167515298, 39.02741740605465, 0.0], [-107.81402520951285, 39.02727167252637, 0.0], [-107.8140744099084, 39.02705427303163, 0.0], [-107.81410221000183, 39.02688247324729, 0.0], [-107.81414400996059, 39.0267734059722, 0.0], [-107.81419747517846, 39.02666387325371, 0.0], [-107.81427427640695, 39.0265630059426, 0.0], [-107.81436340974822, 39.02647967332425, 0.0], [-107.81445360992345, 39.02642360597907, 0.0], [-107.81450841076243, 39.026350073447844, 0.0], [-107.81457467622914, 39.02627640549725, 0.0], [-107.81460500991066, 39.02616760592844, 0.0], [-107.81460980951353, 39.02599627313141, 0.0], [-107.8145576102235, 39.02584447261555, 0.0], [-107.81454027621628, 39.025700673475136, 0.0], [-107.8145468763877, 39.02557447305061, 0.0], [-107.81461107545738, 39.02544680610946, 0.0], [-107.81472107651271, 39.02530900604641, 0.0], [-107.81478747687697, 39.025235273460666, 0.0], [-107.81485241042118, 39.02512560584396, 0.0], [-107.81488420957308, 39.02505267275593, 0.0], [-107.81496181043018, 39.02496980558676, 0.0], [-107.81506380998526, 39.02492227268613, 0.0], [-107.81522280947186, 39.02485540619889, 0.0], [-107.81530007640484, 39.02476347296415, 0.0], [-107.81538801014084, 39.02465320628808, 0.0], [-107.81552161000741, 39.024523873361176, 0.0], [-107.8155984099883, 39.02442287279797, 0.0], [-107.81573467614888, 39.02436560614763, 0.0], [-107.81592907603887, 39.02431580614685, 0.0], [-107.8160906103159, 39.02431187300435, 0.0], [-107.81627381047954, 39.024271472779375, 0.0], [-107.8165362760072, 39.02419307213834, 0.0], [-107.81670687646714, 39.02412580531492, 0.0], [-107.81686481031267, 39.02403187217512, 0.0], [-107.81698860899937, 39.02394787283131, 0.0], [-107.81702067548738, 39.02388400572962, 0.0], [-107.81706141058596, 39.02374787298334, 0.0], [-107.8170230098748, 39.0236496727326, 0.0], [-107.81705147649151, 39.02349587335353, 0.0], [-107.81708980916417, 39.02329667318353, 0.0], [-107.81712867594439, 39.02311560610711, 0.0], [-107.81720347631047, 39.022960605782174, 0.0], [-107.8172074758781, 39.02277140566744, 0.0], [-107.81721047628741, 39.022555072831906, 0.0], [-107.81721487575878, 39.02237480632124, 0.0], [-107.81719727716344, 39.022222006720604, 0.0], [-107.81716987499077, 39.02211460639772, 0.0], [-107.81716607550436, 39.022016939270735, 0.0]]}, "properties": {"gnisidlabel": "Marcott Creek", "featuretypelabel": "Channel Line", "huc12": "140200050111"}}, {"type": "Feature", "geometry": {"type": "LineString", "coordinates": [[-107.92853080944012, 38.87654107346129, 0.0], [-107.92848000960858, 38.87642527252232, 0.0], [-107.92847701022535, 38.87635320529712, 0.0], [-107.92832701101783, 38.8761994055851, 0.0], [-107.92816507573048, 38.8760548061318, 0.0], [-107.92808041072855, 38.87595787291572, 0.0], [-107.92799620965008, 38.8758698730586, 0.0], [-107.92795540924348, 38.875717673101484, 0.0], [-107.92790487574574, 38.87561087242479, 0.0], [-107.92782047595037, 38.87552287291012, 0.0], [-107.9277808102678, 38.87539767330096, 0.0], [-107.92774000960765, 38.87524567235526, 0.0], [-107.9277036749258, 38.87520147222066, 0.0], [-107.9275266106815, 38.87498520618493, 0.0], [-107.92752767698302, 38.87478247259471, 0.0], [-107.92747940999922, 38.87468907253007, 0.0], [-107.92737200976494, 38.8741646728603, 0.0], [-107.92732660998247, 38.87405780615177, 0.0], [-107.92722087663198, 38.87393880613862, 0.0], [-107.9268218110226, 38.873602005883704, 0.0], [-107.92667140974378, 38.87345260584784, 0.0], [-107.92648981062716, 38.87312380554222, 0.0], [-107.92629621042158, 38.87289000618508, 0.0], [-107.92629047640047, 38.87284500660381, 0.0], [-107.92632321011489, 38.872727072700854, 0.0], [-107.92631260997463, 38.87265527255036, 0.0], [-107.92615121003645, 38.87238900580146, 0.0], [-107.92609627676954, 38.87220580530497, 0.0], [-107.92607887688274, 38.872026005920176, 0.0], [-107.92610327686656, 38.87165600544687, 0.0], [-107.92607967685211, 38.87152147338955, 0.0], [-107.92603467581444, 38.8714190060176, 0.0], [-107.92598681049945, 38.871370672793326, 0.0], [-107.92590401007645, 38.871323205646945, 0.0], [-107.92565907508055, 38.871270806432776, 0.0], [-107.92516960969914, 38.87105327337734, 0.0], [-107.92506807628591, 38.8711910065237, 0.0], [-107.92503627577022, 38.87120080642818, 0.0], [-107.92466481029098, 38.87094427340448, 0.0], [-107.92436700991809, 38.8709338065297, 0.0], [-107.9243154761671, 38.8709126060758, 0.0], [-107.92419021076226, 38.870740005939695, 0.0], [-107.92415220972461, 38.87063740650823, 0.0], [-107.92397321050284, 38.87049767351786, 0.0], [-107.92392007691343, 38.87034140614172, 0.0], [-107.92378521013406, 38.87015100641018, 0.0], [-107.92362327625794, 38.86975867216401, 0.0], [-107.92363081015101, 38.86960540620785, 0.0], [-107.9234928760424, 38.86937900621934, 0.0], [-107.92350580950303, 38.86931567291592, 0.0], [-107.92358541015213, 38.86924167285919, 0.0], [-107.9235438751128, 38.869094006590245, 0.0], [-107.9236142097176, 38.86897060603459, 0.0], [-107.92357321071223, 38.86878240545074, 0.0], [-107.9235840089989, 38.86872360673197, 0.0], [-107.92362067606103, 38.86868667347812, 0.0], [-107.9238046109769, 38.868596473488054, 0.0], [-107.92388401090918, 38.8684458734443, 0.0], [-107.9240774758927, 38.86831027278879, 0.0], [-107.9241882103887, 38.86808240593506, 0.0], [-107.92437667589486, 38.86792440566642, 0.0], [-107.92440881047888, 38.86779300609423, 0.0], [-107.92474081016556, 38.86764947289633, 0.0], [-107.92486067599575, 38.867520473353885, 0.0], [-107.9249716095194, 38.8673330063638, 0.0], [-107.92506160971513, 38.86710100617097, 0.0], [-107.9251408760973, 38.86677920614558, 0.0], [-107.92527360964071, 38.86648307303384, 0.0], [-107.92530681024496, 38.86636060599355, 0.0], [-107.92525161049745, 38.866195273782466, 0.0], [-107.9251388758696, 38.866027006318035, 0.0], [-107.92514560941669, 38.86591867310533, 0.0], [-107.92516740965692, 38.8658416055798, 0.0], [-107.92522467547737, 38.86564647282367, 0.0], [-107.9253660763581, 38.86550327251985, 0.0], [-107.9253980106686, 38.865448473513794, 0.0], [-107.92548341083771, 38.864937273610174, 0.0], [-107.92554567623712, 38.86476447310804, 0.0], [-107.92561620972303, 38.86469967295106, 0.0], [-107.92587147585796, 38.8645762056171, 0.0], [-107.92593287507256, 38.86448007380784, 0.0], [-107.92605087612044, 38.864058072654444, 0.0], [-107.92611220941677, 38.863745806344525, 0.0], [-107.92611207649807, 38.863448473257606, 0.0], [-107.92607247597601, 38.86315220549528, 0.0], [-107.92607467677725, 38.863021473159364, 0.0], [-107.92609900910587, 38.86293527345601, 0.0], [-107.92615767566065, 38.862861806549596, 0.0], [-107.92640020967391, 38.86265287233581, 0.0], [-107.92657780950526, 38.86229267268757, 0.0], [-107.92670041037228, 38.8621138736908, 0.0], [-107.92680460921079, 38.862052673565856, 0.0], [-107.92704407602909, 38.861979205661186, 0.0], [-107.92736527627551, 38.86183147311464, 0.0], [-107.92759400937646, 38.86169960644183, 0.0], [-107.9276280096742, 38.86165367306907, 0.0], [-107.9276508756908, 38.86157200536007, 0.0], [-107.92766167605679, 38.86140060573378, 0.0], [-107.92778107659355, 38.86122647243381, 0.0], [-107.9278046766703, 38.861144672763324, 0.0], [-107.92779267685475, 38.86103700579908, 0.0], [-107.92771887602872, 38.86077747247522, 0.0], [-107.92771687634577, 38.86065600589626, 0.0], [-107.92775067667363, 38.86060560631563, 0.0], [-107.92788220968173, 38.86048067324504, 0.0], [-107.92796220980274, 38.86034347352269, 0.0], [-107.92817481029863, 38.859752472490136, 0.0], [-107.92827027560526, 38.8592096727924, 0.0], [-107.92840587650241, 38.85905760542714, 0.0], [-107.92845000967971, 38.85889427287777, 0.0], [-107.9284454090237, 38.85858820677409, 0.0], [-107.9283698758235, 38.858518005501274, 0.0], [-107.92818987626482, 38.85843680655085, 0.0], [-107.92812007664546, 38.8583124727029, 0.0], [-107.92810327633322, 38.858150806114246, 0.0], [-107.92813007587897, 38.85778967253273, 0.0]]}, "properties": {"gnisidlabel": "Alfalfa Ditch", "featuretypelabel": "Canal", "huc12": "140200050105"}}, {"type": "Feature", "geometry": {"type": "LineString", "coordinates": [[-107.82453061038599, 39.04470167329085, 0.0], [-107.82259107547468, 39.04587440579725, 0.0], [-107.82193586280994, 39.045870521442026, 0.0], [-107.82114060980331, 39.0458658054034, 0.0]]}, "properties": {"gnisidlabel": null, "featuretypelabel": "Waterbody Connector", "huc12": "140200050111"}}, {"type": "Feature", "geometry": {"type": "LineString", "coordinates": [[-107.7812176090833, 39.02860867238522, 0.0], [-107.7813700090607, 39.02866807343785, 0.0], [-107.78152321057306, 39.02874560578302, 0.0], [-107.78173521023186, 39.02884860522579, 0.0], [-107.78192300957866, 39.02892520593293, 0.0], [-107.78207581010074, 39.02899360647717, 0.0], [-107.78220560997315, 39.029062605379956, 0.0]]}, "properties": {"gnisidlabel": null, "featuretypelabel": "Channel Line", "huc12": "140200050111"}}, {"type": "Feature", "geometry": {"type": "LineString", "coordinates": [[-107.89605947607342, 39.061275606157416, 0.0], [-107.89599681054607, 39.061250405455446, 0.0], [-107.89592721027739, 39.06122067263197, 0.0], [-107.89574987593622, 39.06112587309406, 0.0], [-107.8955024099068, 39.06100587315147, 0.0], [-107.89524327636705, 39.06088627337629, 0.0], [-107.89493800969433, 39.0607676732019, 0.0], [-107.89465700986116, 39.060675673487935, 0.0], [-107.89436467615991, 39.060592805825486, 0.0], [-107.89407347572731, 39.060537006167536, 0.0], [-107.89375807544913, 39.06045467291409, 0.0], [-107.89344307631806, 39.060381406177925, 0.0], [-107.8931534762028, 39.06036160627108, 0.0], [-107.89287527570059, 39.06034147308482, 0.0], [-107.89252787614501, 39.060323073201225, 0.0], [-107.89232901098022, 39.06026500588556, 0.0], [-107.89218827549239, 39.06021440523393, 0.0], [-107.89209227596282, 39.06012667299962, 0.0], [-107.89201094312624, 39.060052738634695, 0.0]]}, "properties": {"gnisidlabel": "West Fork Bonita Surface Creek", "featuretypelabel": "Channel Line", "huc12": "140200050111"}}, {"type": "Feature", "geometry": {"type": "LineString", "coordinates": [[-107.87225467631966, 39.04395060551781, 0.0], [-107.87219507604024, 39.043907006328155, 0.0], [-107.8721102763053, 39.04381007275312, 0.0], [-107.87205900934185, 39.04368520575706, 0.0], [-107.87201781003168, 39.04352400625593, 0.0], [-107.87191900963101, 39.04336427305288, 0.0], [-107.87180807501485, 39.043195873078616, 0.0], [-107.87165261025999, 39.043064605973605, 0.0], [-107.87146327561896, 39.042952073021716, 0.0], [-107.87120641031564, 39.0428864058266, 0.0], [-107.87097161044503, 39.04279307308961, 0.0], [-107.87070067591254, 39.04266447259658, 0.0], [-107.87047701019205, 39.04256200609432, 0.0], [-107.87025227632114, 39.04243240622121, 0.0], [-107.86994640905101, 39.042295672442684, 0.0], [-107.86976887653042, 39.042192072975865, 0.0], [-107.86961627557733, 39.04213267250063, 0.0], [-107.86946380966597, 39.0420734054323, 0.0]]}, "properties": {"gnisidlabel": "West Fork Bonita Surface Creek", "featuretypelabel": "Channel Line", "huc12": "140200050111"}}, {"type": "Feature", "geometry": {"type": "LineString", "coordinates": [[-107.93742280976365, 38.83415467231165, 0.0], [-107.93943107600045, 38.83271027265843, 0.0], [-107.94256341025348, 38.83032247249884, 0.0], [-107.94607340965669, 38.828191073389576, 0.0], [-107.94746287510856, 38.82758147313503, 0.0], [-107.95064441067517, 38.82705427249416, 0.0], [-107.95316461009115, 38.82682027299196, 0.0], [-107.95404520967718, 38.826404405515106, 0.0], [-107.95459100962395, 38.825916873088154, 0.0]]}, "properties": {"gnisidlabel": null, "featuretypelabel": "Waterbody Connector", "huc12": "140200050105"}}, {"type": "Feature", "geometry": {"type": "LineString", "coordinates": [[-107.81441287562106, 39.01688900600333, 0.0], [-107.81441367571406, 39.01688827316865, 0.0], [-107.81454447597118, 39.01678147307093, 0.0], [-107.81465627547662, 39.01668867223553, 0.0], [-107.81474361070545, 39.016560472655094, 0.0], [-107.8148068098342, 39.01640587281166, 0.0], [-107.81483767581666, 39.01631500538533, 0.0]]}, "properties": {"gnisidlabel": null, "featuretypelabel": "Channel Line", "huc12": "140200050111"}}, {"type": "Feature", "geometry": {"type": "LineString", "coordinates": [[-107.82588581003303, 39.00781327342422, 0.0], [-107.82588367583094, 39.00775927267176, 0.0], [-107.82594927605133, 39.0076676063736, 0.0], [-107.82608267611764, 39.00753827373327, 0.0], [-107.82620561019672, 39.00743620560643, 0.0], [-107.82629260976537, 39.00729900570986, 0.0], [-107.82639067622524, 39.00715240586032, 0.0], [-107.826499476296, 39.00698760596502, 0.0], [-107.82658721020414, 39.00686840614586, 0.0], [-107.82667480987088, 39.006749205913884, 0.0], [-107.82675047682991, 39.00662107240256, 0.0], [-107.8268172754913, 39.006556473083215, 0.0], [-107.8268722764052, 39.00649200575864, 0.0], [-107.82703061013326, 39.00640720547039, 0.0], [-107.82714321005567, 39.00633240602425, 0.0], [-107.8272300096067, 39.006195073360544, 0.0], [-107.82724841074058, 39.00607747343065, 0.0], [-107.82720987611901, 39.00597940664982, 0.0], [-107.82710107614218, 39.00585587349648, 0.0], [-107.82694827610557, 39.00578760657208, 0.0], [-107.8267852756496, 39.005755473432764, 0.0], [-107.82657367604875, 39.0056614064377, 0.0], [-107.8263632107054, 39.00559447293466, 0.0], [-107.8261992099465, 39.00553540543496, 0.0], [-107.82604641002418, 39.00546707333613, 0.0], [-107.82590507646844, 39.00539840632274, 0.0], [-107.82582067570098, 39.0053102734272, 0.0], [-107.82577101001738, 39.00522147328507, 0.0], [-107.8257446765285, 39.005141005805676, 0.0]]}, "properties": {"gnisidlabel": "Overland Ditch", "featuretypelabel": "Canal", "huc12": "140200050111"}}, {"type": "Feature", "geometry": {"type": "LineString", "coordinates": [[-107.86304194363909, 39.025681072371455, 0.0], [-107.86272487666633, 39.0256444730147, 0.0], [-107.86235854322084, 39.025608139424946, 0.0], [-107.86200641037536, 39.02558273882041, 0.0], [-107.86176027614772, 39.02560607318406, 0.0], [-107.8612602756812, 39.025693873226025, 0.0]]}, "properties": {"gnisidlabel": null, "featuretypelabel": "Channel Line", "huc12": "140200050111"}}, {"type": "Feature", "geometry": {"type": "LineString", "coordinates": [[-107.88687141075263, 39.04514800597259, 0.0], [-107.8867216761039, 39.04516080595002, 0.0], [-107.8865142755033, 39.04517487279924, 0.0], [-107.88634187664083, 39.045197205618855, 0.0], [-107.88614687557937, 39.04522900594808, 0.0], [-107.88600007546012, 39.045313673847495, 0.0], [-107.88581947617544, 39.04541740625059, 0.0], [-107.88573121047824, 39.04547360571842, 0.0]]}, "properties": {"gnisidlabel": null, "featuretypelabel": "Channel Line", "huc12": "140200050111"}}, {"type": "Feature", "geometry": {"type": "LineString", "coordinates": [[-107.88525161016577, 39.03747640648624, 0.0], [-107.88474221017856, 39.03768787283521, 0.0]]}, "properties": {"gnisidlabel": null, "featuretypelabel": "Waterbody Connector", "huc12": "140200050111"}}, {"type": "Feature", "geometry": {"type": "LineString", "coordinates": [[-107.85321260943192, 39.03760280617934, 0.0], [-107.85316047625513, 39.03741060582335, 0.0], [-107.85309480972683, 39.03721387279028, 0.0], [-107.85304240992738, 39.037062073310025, 0.0], [-107.85299987557514, 39.036864873038425, 0.0], [-107.85294720955666, 39.03670400618428, 0.0], [-107.85287107674162, 39.03653480565149, 0.0], [-107.85281947556325, 39.03640087290729, 0.0], [-107.85278907562756, 39.03622140606338, 0.0], [-107.85277900983934, 39.035969405750116, 0.0], [-107.85277141006694, 39.03578040606734, 0.0], [-107.85275261007492, 39.03560067328069, 0.0], [-107.85269807641797, 39.03539487288569, 0.0], [-107.852632809762, 39.03520727291908, 0.0], [-107.85254340973447, 39.03499320602106, 0.0], [-107.85244340994055, 39.03480647312846, 0.0], [-107.85229601028998, 39.03458487236232, 0.0], [-107.85209027538374, 39.034355606162364, 0.0], [-107.85189867601214, 39.03418920606523, 0.0], [-107.85175420953517, 39.034039473057234, 0.0], [-107.85160841006345, 39.033862872571845, 0.0], [-107.85145067599152, 39.03361907312701, 0.0]]}, "properties": {"gnisidlabel": "Bonita Creek", "featuretypelabel": "Channel Line", "huc12": "140200050111"}}, {"type": "Feature", "geometry": {"type": "LineString", "coordinates": [[-107.8257446765285, 39.005141005805676, 0.0], [-107.82593080941258, 39.00517247337426, 0.0], [-107.82611680914721, 39.0052040727001, 0.0], [-107.82632480920765, 39.00520800578838, 0.0], [-107.82646240953221, 39.00518667320527, 0.0], [-107.82660201062123, 39.00521027323484, 0.0], [-107.82672987584785, 39.00523427298066, 0.0], [-107.82687987618328, 39.00523060597902, 0.0], [-107.82710987687071, 39.00520700584643, 0.0], [-107.8273636093619, 39.00520087301392, 0.0], [-107.82758280932421, 39.00519547271869, 0.0], [-107.82778001006756, 39.00521780666263, 0.0], [-107.82801321028187, 39.0052752058652, 0.0], [-107.8282110763823, 39.0053154734597, 0.0], [-107.82836387683608, 39.00538380538384, 0.0], [-107.82845907580057, 39.005453605854946, 0.0], [-107.82860001046195, 39.005513273066754, 0.0], [-107.8287510758586, 39.00553660584315, 0.0], [-107.82899327553515, 39.0055306736125, 0.0], [-107.8291652103033, 39.005499473058784, 0.0], [-107.82935887673666, 39.00543167350174, 0.0], [-107.82957507675812, 39.005354405931286, 0.0], [-107.82978167576901, 39.00532240633383, 0.0], [-107.82994280981333, 39.00530940562675, 0.0], [-107.83009527647589, 39.00536880548566, 0.0], [-107.83024700987373, 39.00541007242246, 0.0], [-107.83041181029675, 39.00548720582205, 0.0], [-107.83058687563177, 39.00553700585453, 0.0], [-107.83077260936474, 39.00555960592249, 0.0], [-107.83098167523393, 39.0055906057884, 0.0], [-107.83117947530353, 39.00563080593864, 0.0], [-107.8313312757105, 39.00567207342071, 0.0]]}, "properties": {"gnisidlabel": null, "featuretypelabel": "Channel Line", "huc12": "140200050111"}}, {"type": "Feature", "geometry": {"type": "LineString", "coordinates": [[-107.86149361052843, 39.04593607259509, 0.0], [-107.86092607612414, 39.04545900608739, 0.0], [-107.86077481030814, 39.045084273308234, 0.0], [-107.86072647601223, 39.04445487303472, 0.0], [-107.86078567637851, 39.043998473320904, 0.0], [-107.86082387545132, 39.043560606090715, 0.0], [-107.860927409672, 39.043328405686005, 0.0], [-107.86099887556449, 39.043137405688455, 0.0]]}, "properties": {"gnisidlabel": null, "featuretypelabel": "Channel Line", "huc12": "140200050111"}}, {"type": "Feature", "geometry": {"type": "LineString", "coordinates": [[-107.8257446765285, 39.005141005805676, 0.0], [-107.82578827603207, 39.00507687300277, 0.0], [-107.82591280969996, 39.00501080623772, 0.0], [-107.82614027593716, 39.004924206105464, 0.0], [-107.82632241047061, 39.00485667312683, 0.0], [-107.82647007624796, 39.0047990729226, 0.0], [-107.82668821081117, 39.00476680634149, 0.0], [-107.8269166756806, 39.00470720584499, 0.0], [-107.82716687555634, 39.0046110731335, 0.0], [-107.82741761034079, 39.00452380533627, 0.0], [-107.8276576098052, 39.00446400652832, 0.0], [-107.8279084764925, 39.00438587326562, 0.0], [-107.82805521039764, 39.004301206172855, 0.0], [-107.82831687630144, 39.00420467304577, 0.0], [-107.8284990098585, 39.004137272763316, 0.0], [-107.82868107692313, 39.004069806245056, 0.0], [-107.82892081013496, 39.00400087344401, 0.0], [-107.82911320948477, 39.00390607343251, 0.0], [-107.82926001056701, 39.00382147258523, 0.0], [-107.82938227524166, 39.00370140565031, 0.0], [-107.82948067601869, 39.003563872674505, 0.0], [-107.82951087598447, 39.00345500588999, 0.0], [-107.82950587597188, 39.00332900598737, 0.0], [-107.82947707646193, 39.00318560616802, 0.0], [-107.82940220956422, 39.003043273066666, 0.0], [-107.8293392093822, 39.00290967356962, 0.0], [-107.82919527665743, 39.00277800574231, 0.0], [-107.82909727556365, 39.00263620592638, 0.0], [-107.8289412763184, 39.0024868728543, 0.0], [-107.82880901063973, 39.00235487275627, 0.0], [-107.82871167587993, 39.00223120605412, 0.0], [-107.82864900990613, 39.0021066061835, 0.0], [-107.8285972101858, 39.0019636731713, 0.0], [-107.82856867569716, 39.0018292063219, 0.0], [-107.82857481057687, 39.00169400549157, 0.0], [-107.82855941075948, 39.00159520570022, 0.0], [-107.82848607641152, 39.00149787370146, 0.0], [-107.82840301028114, 39.00143687342668, 0.0], [-107.82826307563998, 39.001404206031, 0.0], [-107.82809987634866, 39.00136307306858, 0.0], [-107.82793647666422, 39.001322005997174, 0.0], [-107.82779700991168, 39.00129840600827, 0.0], [-107.8276698767038, 39.00129240678683, 0.0], [-107.82753207678562, 39.00131380590943, 0.0], [-107.82736047628082, 39.00135400579335, 0.0], [-107.82718827677053, 39.00137627301723, 0.0], [-107.8270504766989, 39.00139747337758, 0.0], [-107.82691241031436, 39.00140987278221, 0.0], [-107.82677301066153, 39.00138627263942, 0.0], [-107.82663267576625, 39.001344606624706, 0.0], [-107.82653901026859, 39.00131080627044, 0.0], [-107.82645467692691, 39.00122280633606, 0.0], [-107.82645180990076, 39.00115080610857, 0.0], [-107.8264533425017, 39.00114800587396, 0.0], [-107.82648687576517, 39.00108540606343, 0.0], [-107.8265056096132, 39.001050405737885, 0.0], [-107.82655787634062, 39.000914005389426, 0.0], [-107.82656801098769, 39.000877672997504, 0.0], [-107.82659681021242, 39.00073287309823, 0.0], [-107.82661527616477, 39.000615272518935, 0.0], [-107.82656421046826, 39.0004904063896, 0.0], [-107.8265020765433, 39.00038387264084, 0.0], [-107.82636007555894, 39.00029720588216, 0.0], [-107.82624261045723, 39.00024600648351, 0.0], [-107.8261150104112, 39.00023107356302, 0.0], [-107.82595280990208, 39.00021687292283, 0.0], [-107.82578087539387, 39.00024820553578, 0.0], [-107.82558701048373, 39.00030687317536, 0.0], [-107.82534760973428, 39.00038480542702, 0.0], [-107.8251202091693, 39.000471272564994, 0.0], [-107.82485800935208, 39.00055880591058, 0.0], [-107.82459527663958, 39.00062820553773, 0.0], [-107.82440240966281, 39.00071400665753, 0.0], [-107.82417281052939, 39.000746606013266, 0.0], [-107.82396560982689, 39.000760606400775, 0.0], [-107.8237460101701, 39.0007568733051, 0.0], [-107.82353920956952, 39.00078000653881, 0.0], [-107.82349287516217, 39.00078100620618, 0.0], [-107.82342227566538, 39.000746805931726, 0.0], [-107.82338547538664, 39.00069360587537, 0.0]]}, "properties": {"gnisidlabel": "Overland Ditch", "featuretypelabel": "Canal", "huc12": "140200050111"}}, {"type": "Feature", "geometry": {"type": "LineString", "coordinates": [[-107.85889227563723, 39.074796339352275, 0.0], [-107.85903767580972, 39.07450993852291, 0.0], [-107.85942927581975, 39.07417820609565, 0.0], [-107.860203010249, 39.07402567254411, 0.0], [-107.86119594302973, 39.073954273029265, 0.0], [-107.86152100948644, 39.07405687279647, 0.0], [-107.86187834282559, 39.074130473101064, 0.0]]}, "properties": {"gnisidlabel": null, "featuretypelabel": "Channel Line", "huc12": "140200050111"}}, {"type": "Feature", "geometry": {"type": "LineString", "coordinates": [[-107.86419320928607, 39.04629320598757, 0.0], [-107.86418867671439, 39.046185206488985, 0.0], [-107.8641602096425, 39.04605067290338, 0.0], [-107.86407500964975, 39.04594480635407, 0.0], [-107.86397760963342, 39.04582100545658, 0.0], [-107.86388160979062, 39.045733272497586, 0.0], [-107.86379527682065, 39.04560020674512, 0.0], [-107.86367527596492, 39.045486072599594, 0.0], [-107.86353060971953, 39.045336472575165, 0.0], [-107.8633992754409, 39.045231605727956, 0.0], [-107.86322140916518, 39.04511887301071, 0.0], [-107.86296240943946, 39.044999073787444, 0.0], [-107.86271307578873, 39.04483400532505, 0.0], [-107.86253447651963, 39.044703273440575, 0.0], [-107.8623786097429, 39.04456300642437, 0.0], [-107.86229321064546, 39.04444800650909, 0.0], [-107.86221741077304, 39.044287606221005, 0.0], [-107.86218807553169, 39.04413520612004, 0.0], [-107.86215847672145, 39.043973672903434, 0.0], [-107.86209680994325, 39.04387620606668, 0.0], [-107.8619766100774, 39.04376200648959, 0.0], [-107.86176307699779, 39.04362307273437, 0.0], [-107.86157487600578, 39.043537672964874, 0.0], [-107.86139767514057, 39.04344287223453, 0.0], [-107.86119707575075, 39.04333967276688, 0.0], [-107.86108847659513, 39.043225206346, 0.0], [-107.86099887556449, 39.043137405688455, 0.0]]}, "properties": {"gnisidlabel": null, "featuretypelabel": "Channel Line", "huc12": "140200050111"}}, {"type": "Feature", "geometry": {"type": "LineString", "coordinates": [[-107.85241067559686, 39.042032606386655, 0.0], [-107.85240460986451, 39.04187947360872, 0.0]]}, "properties": {"gnisidlabel": "Bonita Creek", "featuretypelabel": "Channel Line", "huc12": "140200050111"}}, {"type": "Feature", "geometry": {"type": "LineString", "coordinates": [[-107.88254947600176, 39.06331113897812, 0.0], [-107.88252061013269, 39.063140939070664, 0.0], [-107.88244227618559, 39.06294340646079, 0.0], [-107.88213930908663, 39.06262949837146, 0.0], [-107.88213894250356, 39.062629406538996, 0.0]]}, "properties": {"gnisidlabel": null, "featuretypelabel": "Channel Line", "huc12": "140200050111"}}, {"type": "Feature", "geometry": {"type": "LineString", "coordinates": [[-107.8854942768464, 39.067542073235096, 0.0], [-107.88540901010788, 39.06736107291551, 0.0], [-107.88521787584848, 39.06715833849386, 0.0], [-107.88481527653379, 39.066934138848076, 0.0], [-107.88437747564842, 39.06671560639037, 0.0], [-107.88389027655643, 39.06646420613495, 0.0], [-107.88319174364686, 39.06622980600891, 0.0], [-107.88244420989655, 39.066068473180245, 0.0]]}, "properties": {"gnisidlabel": null, "featuretypelabel": "Channel Line", "huc12": "140200050111"}}, {"type": "Feature", "geometry": {"type": "LineString", "coordinates": [[-107.86586587559638, 39.05597127265691, 0.0], [-107.86630140951237, 39.0556586058166, 0.0], [-107.86735421046008, 39.055269006201186, 0.0], [-107.86970180933173, 39.05489440576958, 0.0], [-107.87097161047616, 39.05484547226944, 0.0], [-107.87130427641766, 39.054424606189436, 0.0]]}, "properties": {"gnisidlabel": null, "featuretypelabel": "Waterbody Connector", "huc12": "140200050111"}}, {"type": "Feature", "geometry": {"type": "LineString", "coordinates": [[-107.81942647517526, 39.043666472523306, 0.0], [-107.81904540949053, 39.04311547291721, 0.0], [-107.81874807578407, 39.042932672480134, 0.0]]}, "properties": {"gnisidlabel": null, "featuretypelabel": "Waterbody Connector", "huc12": "140200050111"}}, {"type": "Feature", "geometry": {"type": "LineString", "coordinates": [[-107.80606760999981, 39.053256806505395, 0.0], [-107.80609827543452, 39.053156873329684, 0.0], [-107.8060926102792, 39.05301287251796, 0.0], [-107.80606407579666, 39.052878406167466, 0.0], [-107.80602420961841, 39.052744273014, 0.0], [-107.80596180986767, 39.05262867252706, 0.0], [-107.80591100937332, 39.05251280623911, 0.0], [-107.80589381016381, 39.052369006530036, 0.0], [-107.80593527596781, 39.05225100610172, 0.0], [-107.80598741048101, 39.05210560638028, 0.0], [-107.8060152098155, 39.051933806035535, 0.0], [-107.80601741009359, 39.05174447336992, 0.0], [-107.8060174095817, 39.05174273914424, 0.0]]}, "properties": {"gnisidlabel": "Marcott Creek", "featuretypelabel": "Channel Line", "huc12": "140200050111"}}, {"type": "Feature", "geometry": {"type": "LineString", "coordinates": [[-107.91065967685614, 38.85489340584096, 0.0], [-107.910720476229, 38.85482427263265, 0.0], [-107.91079967555818, 38.854790806884054, 0.0], [-107.91105607586152, 38.854725806369835, 0.0], [-107.91118907572816, 38.85470900567143, 0.0], [-107.91126640959216, 38.85472047300308, 0.0], [-107.91145427585602, 38.85477440566659, 0.0], [-107.91159740991112, 38.85477527254135, 0.0], [-107.9117004756602, 38.854754673006966, 0.0], [-107.91176027613929, 38.85471267252228, 0.0], [-107.91180507602887, 38.854518006296296, 0.0], [-107.91185147556517, 38.85410240642837, 0.0], [-107.911902475785, 38.8539298730235, 0.0], [-107.91196207549697, 38.853856406020334, 0.0], [-107.91208947549602, 38.85373600625371, 0.0], [-107.91238381005567, 38.853544006601446, 0.0], [-107.91244947588913, 38.85346127348219, 0.0], [-107.91244021005235, 38.85340300604409, 0.0], [-107.9124030756435, 38.85334540616507, 0.0], [-107.91209560969298, 38.85305567277324, 0.0], [-107.91204487593737, 38.852957873040296, 0.0], [-107.91204660920118, 38.85288120662766, 0.0], [-107.91208727546758, 38.852821673378095, 0.0], [-107.912177476019, 38.85273380653033, 0.0], [-107.91301627593911, 38.85204167299992, 0.0], [-107.91308047566875, 38.85197260597557, 0.0], [-107.91311201012266, 38.85190867325748, 0.0], [-107.91310980911668, 38.851854673696295, 0.0], [-107.913083075881, 38.85179680627983, 0.0], [-107.9129660751146, 38.85160160615862, 0.0], [-107.91297061016509, 38.8515202733643, 0.0], [-107.91305147569994, 38.85137420594656, 0.0], [-107.91306700922834, 38.85130620593433, 0.0], [-107.91302807597219, 38.851185472224365, 0.0], [-107.91293927610857, 38.85105720563129, 0.0], [-107.91279887596693, 38.850912005983794, 0.0], [-107.9126138765822, 38.850785873445595, 0.0], [-107.91251727576083, 38.85073887216068, 0.0], [-107.91231347596658, 38.850694406313266, 0.0], [-107.91223627670159, 38.85066027299733, 0.0], [-107.9121058758056, 38.85050127238814, 0.0], [-107.91198720995158, 38.85040967309451, 0.0], [-107.91190387621673, 38.850389205346694, 0.0], [-107.91177407542752, 38.85039707281117, 0.0], [-107.91087701004035, 38.85059507247585, 0.0], [-107.91069267666549, 38.85061320618253, 0.0], [-107.9105918098023, 38.85059320631345, 0.0], [-107.9104912766005, 38.850537205820785, 0.0], [-107.91021081113752, 38.850296405873266, 0.0], [-107.91017101087863, 38.8502388059238, 0.0], [-107.91014500997441, 38.850050273287884, 0.0], [-107.91017001039134, 38.8498784726454, 0.0], [-107.91022327574265, 38.84980500590989, 0.0], [-107.91035660915264, 38.84972507305852, 0.0], [-107.91041767579642, 38.84964247287076, 0.0], [-107.91047100927031, 38.849492606335026, 0.0], [-107.91044707590105, 38.849015672711644, 0.0], [-107.91045347682261, 38.84855147278378, 0.0], [-107.91049520922577, 38.84830267299998, 0.0], [-107.91054847601563, 38.84822040600426, 0.0], [-107.91074080972062, 38.84806687272529, 0.0], [-107.91079780969628, 38.84797087274574, 0.0], [-107.91085260997058, 38.84777580596721, 0.0], [-107.91083620970524, 38.84744287318703, 0.0], [-107.91090267606947, 38.84704027294031, 0.0], [-107.91105267604675, 38.84667167321273, 0.0], [-107.91114527616902, 38.84652980628695, 0.0], [-107.91120481021872, 38.84649227318039, 0.0]]}, "properties": {"gnisidlabel": "Highline Ditch", "featuretypelabel": "Canal", "huc12": "140200050105"}}, {"type": "Feature", "geometry": {"type": "LineString", "coordinates": [[-107.78220560997315, 39.029062605379956, 0.0], [-107.78236860917598, 39.02909480590337, 0.0], [-107.7825664097293, 39.02913507278653, 0.0], [-107.78276301060761, 39.02913940637778, 0.0], [-107.78293747584996, 39.02917127289538, 0.0], [-107.7830888753778, 39.02920367367508, 0.0], [-107.78322947537846, 39.029254406169, 0.0], [-107.78345200908738, 39.02933020560057, 0.0], [-107.78365201037582, 39.029424472610295, 0.0], [-107.78381747585102, 39.02951960554479, 0.0], [-107.78400561058591, 39.02960520571373, 0.0], [-107.78423020991532, 39.02973500612479, 0.0], [-107.78443020994249, 39.029829273596086, 0.0], [-107.78464080969086, 39.029896405265, 0.0], [-107.78485087566695, 39.02995440597656, 0.0], [-107.7850616099466, 39.03002147329769, 0.0], [-107.78528081047634, 39.03001627333254, 0.0], [-107.78551367620875, 39.03006467297723, 0.0], [-107.7857224757673, 39.03008667322439, 0.0], [-107.78592107534189, 39.030145073055735, 0.0], [-107.78614387560577, 39.03022980600742, 0.0], [-107.78635340998684, 39.03026987238602, 0.0], [-107.78657367650116, 39.030291605982, 0.0], [-107.7867944103292, 39.03032240553967, 0.0], [-107.78692694349238, 39.0303192060938, 0.0]]}, "properties": {"gnisidlabel": null, "featuretypelabel": "Channel Line", "huc12": "140200050111"}}, {"type": "Feature", "geometry": {"type": "LineString", "coordinates": [[-107.88539081021321, 39.057173806723334, 0.0], [-107.88510807643361, 39.056960338836994, 0.0], [-107.88482521072066, 39.056708406420505, 0.0], [-107.88447887538727, 39.056451139056456, 0.0], [-107.88418941032812, 39.05629807345116, 0.0], [-107.8838912101391, 39.05576607302346, 0.0], [-107.88382007593034, 39.05538127332996, 0.0]]}, "properties": {"gnisidlabel": null, "featuretypelabel": "Channel Line", "huc12": "140200050111"}}, {"type": "Feature", "geometry": {"type": "LineString", "coordinates": [[-107.82095200997233, 38.998585805561405, 0.0], [-107.82146961027536, 38.998830073574034, 0.0], [-107.8223848100544, 38.99915467339021, 0.0], [-107.82332100966092, 38.999312205890575, 0.0], [-107.82390640969817, 38.99916213934789, 0.0]]}, "properties": {"gnisidlabel": null, "featuretypelabel": "Channel Line", "huc12": "140200050111"}}, {"type": "Feature", "geometry": {"type": "LineString", "coordinates": [[-107.82888054273258, 39.0469607389609, 0.0], [-107.8291756755501, 39.04688227293713, 0.0], [-107.829485409908, 39.04685867321075, 0.0], [-107.82996434255894, 39.04685073980394, 0.0], [-107.83030114284597, 39.04669513942412, 0.0], [-107.83061754216561, 39.046633073090646, 0.0], [-107.83105360953985, 39.046553872857324, 0.0], [-107.83129341017379, 39.04657967249129, 0.0]]}, "properties": {"gnisidlabel": null, "featuretypelabel": "Channel Line", "huc12": "140200050111"}}, {"type": "Feature", "geometry": {"type": "LineString", "coordinates": [[-107.8362904105956, 39.05906627287497, 0.0], [-107.83673274280254, 39.05889367236948, 0.0], [-107.83718961036166, 39.05877040618823, 0.0], [-107.8377102769562, 39.058690738496836, 0.0], [-107.83806247694851, 39.05868340547649, 0.0], [-107.83823134253885, 39.0586605387291, 0.0], [-107.8384257436096, 39.0586188732599, 0.0]]}, "properties": {"gnisidlabel": null, "featuretypelabel": "Channel Line", "huc12": "140200050111"}}, {"type": "Feature", "geometry": {"type": "LineString", "coordinates": [[-107.82537401018526, 39.007768938939606, 0.0], [-107.82540367494902, 39.007766473108866, 0.0], [-107.82547947634117, 39.00776007281521, 0.0], [-107.82561867655446, 39.00777467282218, 0.0], [-107.82570020914167, 39.00779067320662, 0.0], [-107.82581620998327, 39.00780600558309, 0.0], [-107.82588581003303, 39.00781327342422, 0.0]]}, "properties": {"gnisidlabel": "Caesar Creek", "featuretypelabel": "Channel Line", "huc12": "140200050111"}}, {"type": "Feature", "geometry": {"type": "LineString", "coordinates": [[-107.86166927536249, 39.051860006141766, 0.0], [-107.86251094245067, 39.051514805907104, 0.0], [-107.86312780929674, 39.05122033879739, 0.0], [-107.86345101019783, 39.05104120629618, 0.0]]}, "properties": {"gnisidlabel": null, "featuretypelabel": "Channel Line", "huc12": "140200050111"}}, {"type": "Feature", "geometry": {"type": "LineString", "coordinates": [[-107.82845167568729, 39.05001747287561, 0.0], [-107.82842001042945, 39.04994160638905, 0.0], [-107.82846247577194, 39.0498506056122, 0.0], [-107.82850587572017, 39.04977740553166, 0.0], [-107.82859181003009, 39.04961320654076, 0.0], [-107.82865527656051, 39.049467405955994, 0.0], [-107.82869741028304, 39.04936727261802, 0.0], [-107.82877540952991, 39.0492932731644, 0.0], [-107.82886667669553, 39.049264073146915, 0.0], [-107.82895901017531, 39.04926187325723, 0.0], [-107.8290498759427, 39.04922360627915, 0.0], [-107.82910507618651, 39.04915927356269, 0.0], [-107.82914980958977, 39.0491220732526, 0.0], [-107.82922987636086, 39.04910207367222, 0.0]]}, "properties": {"gnisidlabel": null, "featuretypelabel": "Channel Line", "huc12": "140200050111"}}, {"type": "Feature", "geometry": {"type": "LineString", "coordinates": [[-107.85874041085758, 39.03398560607469, 0.0], [-107.85865421017884, 39.03385247239089, 0.0], [-107.85857660962782, 39.03364720553669, 0.0], [-107.85855821088327, 39.03361267317949, 0.0]]}, "properties": {"gnisidlabel": "Milk Creek", "featuretypelabel": "Channel Line", "huc12": "140200050111"}}, {"type": "Feature", "geometry": {"type": "LineString", "coordinates": [[-107.88727321061667, 39.06181113879993, 0.0], [-107.88727061016132, 39.061804806025094, 0.0], [-107.88723867539905, 39.06174700621827, 0.0], [-107.88705747591615, 39.061413672508166, 0.0], [-107.88693647582761, 39.06115087309333, 0.0], [-107.88689981027427, 39.0607780063756, 0.0], [-107.88689847570554, 39.0604806731921, 0.0], [-107.88696721047798, 39.060307872598905, 0.0]]}, "properties": {"gnisidlabel": null, "featuretypelabel": "Channel Line", "huc12": "140200050111"}}, {"type": "Feature", "geometry": {"type": "LineString", "coordinates": [[-107.85815427563155, 39.060953338996136, 0.0], [-107.85866087538537, 39.06088460633014, 0.0], [-107.85896501016043, 39.06074587302305, 0.0]]}, "properties": {"gnisidlabel": null, "featuretypelabel": "Channel Line", "huc12": "140200050111"}}, {"type": "Feature", "geometry": {"type": "LineString", "coordinates": [[-107.8454014755491, 39.023690205793756, 0.0], [-107.84535107605687, 39.02358327317819, 0.0], [-107.84524107564769, 39.02343287294576, 0.0], [-107.8451322092849, 39.02330940615005, 0.0], [-107.84500181038503, 39.0232224053142, 0.0], [-107.8448600110078, 39.023144805989865, 0.0], [-107.84461367598308, 39.023051673020376, 0.0], [-107.84435481074165, 39.02293187324086, 0.0], [-107.84417707710686, 39.022819073395176, 0.0], [-107.8440466098073, 39.02273227312514, 0.0], [-107.8439386749313, 39.02263567250044, 0.0], [-107.84385360960954, 39.022529673268295, 0.0], [-107.84374520996312, 39.02241527299654, 0.0], [-107.8436018767365, 39.0223016735035, 0.0], [-107.84341407648657, 39.02222520629309, 0.0], [-107.84317900962681, 39.02212280614742, 0.0], [-107.8430142101108, 39.0220456727347, 0.0], [-107.84282681004817, 39.02197820650268, 0.0], [-107.8426164756492, 39.02192020557295, 0.0], [-107.84247547600212, 39.02186067293913, 0.0], [-107.84239160980052, 39.0217816063966, 0.0], [-107.84229527662443, 39.021684872627596, 0.0], [-107.84224701064467, 39.02163200543411, 0.0], [-107.8421744765864, 39.02155267321315, 0.0], [-107.84206781002209, 39.02148320561259, 0.0], [-107.84198487566059, 39.02143120612226, 0.0], [-107.84188820913027, 39.0213254053541, 0.0]]}, "properties": {"gnisidlabel": "Surface Creek", "featuretypelabel": "Channel Line", "huc12": "140200050111"}}, {"type": "Feature", "geometry": {"type": "LineString", "coordinates": [[-107.868739875847, 39.041920073048345, 0.0], [-107.8685100760848, 39.04191667272864, 0.0], [-107.868164675962, 39.04194320595981, 0.0], [-107.86791107600911, 39.04195847293039, 0.0], [-107.86756447559698, 39.041958006198904, 0.0], [-107.86730980970835, 39.041946273067275, 0.0], [-107.86703100992831, 39.04190800536402, 0.0], [-107.86675181029888, 39.041860873016084, 0.0], [-107.86648321026905, 39.04178640651369, 0.0], [-107.86622627550769, 39.04172060648007, 0.0], [-107.86600561066274, 39.0416900064661, 0.0], [-107.86577300949806, 39.041650673482046, 0.0], [-107.86557647639444, 39.041646473651944, 0.0], [-107.86539221046075, 39.04166007265437, 0.0], [-107.86518620988093, 39.041710073019445, 0.0], [-107.8650022759241, 39.04173280552271, 0.0], [-107.86489920947244, 39.04175327328276, 0.0], [-107.86476207587442, 39.04179267283159, 0.0], [-107.8645572761524, 39.041869805445465, 0.0], [-107.86435101035055, 39.04191087218804, 0.0], [-107.86419021058695, 39.04193287267023, 0.0], [-107.86400440997916, 39.041910405652, 0.0], [-107.86387567508298, 39.0418686064395, 0.0], [-107.86374541064352, 39.041790606178026, 0.0], [-107.86366061082956, 39.0416936058754, 0.0], [-107.8636332098713, 39.041586206025016, 0.0], [-107.86363827614396, 39.04142387273902, 0.0], [-107.86359847539397, 39.04129880560425, 0.0], [-107.86351080918912, 39.04112980582388, 0.0], [-107.86338881025398, 39.04097060619602, 0.0], [-107.86323267624884, 39.04082120535839, 0.0], [-107.86313561002575, 39.04070647278102, 0.0], [-107.86304887577705, 39.04056447296544, 0.0], [-107.86299587563403, 39.040394605821, 0.0], [-107.86293021094231, 39.040198073351654, 0.0], [-107.86284280928231, 39.04003800608865, 0.0], [-107.86269780931194, 39.039879405806175, 0.0], [-107.86261007514057, 39.03979580638634, 0.0]]}, "properties": {"gnisidlabel": "West Fork Bonita Surface Creek", "featuretypelabel": "Channel Line", "huc12": "140200050111"}}, {"type": "Feature", "geometry": {"type": "LineString", "coordinates": [[-107.83664807541393, 38.99718687298424, 0.0], [-107.83670927651578, 38.9972258731914, 0.0], [-107.83746187544068, 38.99756800569513, 0.0], [-107.8380600754189, 38.997805673594605, 0.0], [-107.83856260973006, 38.99795560612071, 0.0], [-107.83910647637383, 38.99798740609082, 0.0], [-107.83953907586132, 38.997832805843174, 0.0], [-107.84001160987756, 38.99752400638421, 0.0], [-107.84045307546945, 38.99730600643219, 0.0], [-107.84074967509413, 38.99692940641703, 0.0], [-107.84094001019884, 38.996780605808574, 0.0], [-107.84123420974686, 38.99662927277443, 0.0]]}, "properties": {"gnisidlabel": null, "featuretypelabel": "Channel Line", "huc12": "140200050111"}}, {"type": "Feature", "geometry": {"type": "LineString", "coordinates": [[-107.85508061064894, 39.05289033867981, 0.0], [-107.85531314303226, 39.05289460623339, 0.0], [-107.85548214255321, 39.05288813919765, 0.0], [-107.85571367574813, 39.05278253929637, 0.0], [-107.85593821002475, 39.052682472590746, 0.0], [-107.85625421021557, 39.05257633847571, 0.0], [-107.85659794270133, 39.052421006039395, 0.0]]}, "properties": {"gnisidlabel": null, "featuretypelabel": "Channel Line", "huc12": "140200050111"}}, {"type": "Feature", "geometry": {"type": "LineString", "coordinates": [[-107.84326581031046, 39.05099627299146, 0.0], [-107.8464050104235, 39.04954880574944, 0.0]]}, "properties": {"gnisidlabel": null, "featuretypelabel": "Waterbody Connector", "huc12": "140200050111"}}, {"type": "Feature", "geometry": {"type": "LineString", "coordinates": [[-107.85412047592082, 39.07587380578965, 0.0], [-107.85426881020118, 39.075825073479976, 0.0], [-107.85444887561205, 39.07570360575565, 0.0], [-107.85467501071895, 39.07558087300724, 0.0], [-107.8549226095459, 39.07541267290648, 0.0], [-107.85515767617547, 39.07522667325406, 0.0], [-107.85541640914559, 39.07504920568122, 0.0], [-107.8557674768413, 39.07486940602142, 0.0], [-107.85607301053507, 39.07470880597805, 0.0], [-107.85636781009347, 39.07456647261945, 0.0], [-107.85654781025232, 39.074444872681454, 0.0], [-107.8567488102688, 39.074268805876294, 0.0], [-107.85697267632546, 39.0740922059897, 0.0], [-107.85718680996887, 39.07395180614536, 0.0], [-107.85745727570388, 39.07378287245692, 0.0], [-107.85771781073238, 39.07365040567998, 0.0], [-107.85793027609635, 39.07347407369614, 0.0], [-107.85806260974834, 39.073317673408724, 0.0], [-107.85820440991499, 39.07310700616097, 0.0], [-107.85829167614072, 39.0729786730234, 0.0], [-107.85834307668961, 39.07282427308522, 0.0], [-107.85837380949899, 39.07272447239659, 0.0], [-107.85830987595888, 39.07257287292314, 0.0]]}, "properties": {"gnisidlabel": null, "featuretypelabel": "Channel Line", "huc12": "140200050111"}}, {"type": "Feature", "geometry": {"type": "LineString", "coordinates": [[-107.798762010625, 39.034450205789724, 0.0], [-107.79931447594761, 39.034400805719685, 0.0], [-107.80044607582471, 39.03409440627739, 0.0], [-107.80310861020752, 39.033949272981545, 0.0]]}, "properties": {"gnisidlabel": null, "featuretypelabel": "Hydro Unenforced Connector", "huc12": "140200050111"}}, {"type": "Feature", "geometry": {"type": "LineString", "coordinates": [[-107.77495640957603, 39.02415967337984, 0.0], [-107.77552114341758, 39.02433827320902, 0.0], [-107.77615614279257, 39.02450007320086, 0.0], [-107.77666514272805, 39.024750273021354, 0.0], [-107.77733627529074, 39.025027206094066, 0.0], [-107.7775298759232, 39.02507947293023, 0.0]]}, "properties": {"gnisidlabel": null, "featuretypelabel": "Channel Line", "huc12": "140200050111"}}, {"type": "Feature", "geometry": {"type": "LineString", "coordinates": [[-107.81648474284405, 39.063041873190734, 0.0], [-107.81624574206005, 39.06310353869589, 0.0], [-107.81594287592355, 39.063116073236024, 0.0], [-107.81553367596285, 39.063046738494144, 0.0], [-107.81509554305691, 39.06289520584527, 0.0], [-107.81480627646783, 39.062847205326364, 0.0], [-107.81455267664025, 39.06284853897645, 0.0], [-107.81426567551739, 39.06287007332611, 0.0]]}, "properties": {"gnisidlabel": null, "featuretypelabel": "Channel Line", "huc12": "140200050111"}}, {"type": "Feature", "geometry": {"type": "LineString", "coordinates": [[-107.84943381033183, 39.03005120608266, 0.0], [-107.84937041027571, 39.02990860597214, 0.0], [-107.84934220932976, 39.02978320564463, 0.0], [-107.84933527673691, 39.02961220621813, 0.0], [-107.84936267662577, 39.02943127291107, 0.0], [-107.84933347647382, 39.029278872746, 0.0], [-107.84929101046644, 39.02908167356085, 0.0], [-107.84926127575572, 39.028920272944674, 0.0], [-107.84924360974998, 39.02876760609743, 0.0], [-107.84927240999536, 39.028622672702454, 0.0], [-107.84927827535539, 39.028478406265805, 0.0], [-107.84925987662113, 39.02830767268442, 0.0], [-107.84920641023871, 39.028128872927375, 0.0], [-107.84914107638242, 39.02794127316414, 0.0], [-107.84904087556357, 39.02774547340032, 0.0], [-107.84894307652424, 39.02761280567318, 0.0], [-107.84890267602042, 39.02746960611405, 0.0], [-107.84885180962988, 39.02735367308952, 0.0], [-107.84881247682341, 39.027237473457376, 0.0], [-107.84878340956924, 39.02708507343952, 0.0], [-107.84873207657542, 39.02696027249591, 0.0]]}, "properties": {"gnisidlabel": "Bonita Creek", "featuretypelabel": "Channel Line", "huc12": "140200050111"}}, {"type": "Feature", "geometry": {"type": "LineString", "coordinates": [[-107.89621367618851, 38.89979847292649, 0.0], [-107.89643647539984, 38.89932440576195, 0.0], [-107.89663661055113, 38.898860005463646, 0.0], [-107.8968196761722, 38.89854020603241, 0.0], [-107.89694687618747, 38.898266673087534, 0.0], [-107.8972150754086, 38.89777360584328, 0.0], [-107.89740881019526, 38.89743540622487, 0.0], [-107.89754007608333, 38.89726100554609, 0.0], [-107.89785880995426, 38.89687467333056, 0.0], [-107.89805647546909, 38.8966354737693, 0.0], [-107.89851827532219, 38.89608347325789, 0.0], [-107.89863827600684, 38.895918272929094, 0.0], [-107.8988688098907, 38.89563340650025, 0.0], [-107.89893401053526, 38.89553267235666, 0.0], [-107.89929447521136, 38.89504620606677, 0.0], [-107.89959200989777, 38.894705406228084, 0.0], [-107.89963181047608, 38.89455140539905, 0.0], [-107.8997184764475, 38.89441400560444, 0.0], [-107.8997580098716, 38.894250872584266, 0.0], [-107.89981040987075, 38.89412340642827, 0.0], [-107.899856209888, 38.89383400521827, 0.0], [-107.89991401032664, 38.89355327241644, 0.0], [-107.89997680982849, 38.893398606104014, 0.0], [-107.90002967587256, 38.89328020579198, 0.0], [-107.90008501061858, 38.893224673264335, 0.0], [-107.9001842757071, 38.89311407271022, 0.0], [-107.90048640981773, 38.89289040562001, 0.0], [-107.9006106090298, 38.89282427335721, 0.0], [-107.90089147592234, 38.89264607296609, 0.0], [-107.90097021033779, 38.89259907267183, 0.0], [-107.90106201038112, 38.892587806190875, 0.0], [-107.90119907600587, 38.892557406723384, 0.0], [-107.90135820939622, 38.89249940591235, 0.0], [-107.90149347575985, 38.89242400646317, 0.0], [-107.90159481086894, 38.89236740579777, 0.0], [-107.9016974759298, 38.89233780634558, 0.0], [-107.90185500980719, 38.892243806619994, 0.0], [-107.90212940940464, 38.89190360655102, 0.0], [-107.9022286088696, 38.89179307260155, 0.0], [-107.90231807565115, 38.891727806146754, 0.0], [-107.90247647578943, 38.89165167333514, 0.0], [-107.9027150092819, 38.891564673615086, 0.0], [-107.90292001057196, 38.89150560609035, 0.0], [-107.90315860985368, 38.89141860563837, 0.0], [-107.90334107598213, 38.891368872955105, 0.0], [-107.90352167527745, 38.89127440604084, 0.0], [-107.90374787599727, 38.89116960655958, 0.0], [-107.9039064764877, 38.891102673199896, 0.0], [-107.90409867556717, 38.89100780587617, 0.0], [-107.90462927712072, 38.89073327332866, 0.0], [-107.90479841017611, 38.89063900615042, 0.0], [-107.90504727686825, 38.89052467314836, 0.0], [-107.90526287613848, 38.89043820600607, 0.0], [-107.90545527529515, 38.89035240541823, 0.0], [-107.90561181076248, 38.89023140562372, 0.0], [-107.90573407647476, 38.89012020602406, 0.0], [-107.90600160989759, 38.889897273164145, 0.0], [-107.90612387673771, 38.8897860731381, 0.0], [-107.9061912099212, 38.88973947319453, 0.0], [-107.90621161102344, 38.88967587282166, 0.0], [-107.90620867590209, 38.88960387351748, 0.0], [-107.90626187495637, 38.88949440638633, 0.0], [-107.90624327633996, 38.889323672456015, 0.0], [-107.9062838760815, 38.889187473082465, 0.0], [-107.90633367609233, 38.8889970730799, 0.0], [-107.90637247681515, 38.88881600655926, 0.0], [-107.90637700964542, 38.888644672990296, 0.0], [-107.90640680966787, 38.88852680575026, 0.0], [-107.90652067665505, 38.88820867302249, 0.0], [-107.90670880980329, 38.88773547301159, 0.0], [-107.90676907582143, 38.88751780563243, 0.0], [-107.90685427530153, 38.88734447309525, 0.0], [-107.9070214767407, 38.88720520655284, 0.0], [-107.9071898107662, 38.887092872949445, 0.0], [-107.90738927593786, 38.88689867376475, 0.0], [-107.90753467651069, 38.886787005749284, 0.0], [-107.90763527616923, 38.886712406484904, 0.0]]}, "properties": {"gnisidlabel": null, "featuretypelabel": "Channel Line", "huc12": "140200050105"}}, {"type": "Feature", "geometry": {"type": "LineString", "coordinates": [[-107.81265110435508, 39.061351414432096, 0.0], [-107.81265348437661, 39.061396624541736, 0.0], [-107.8126630015421, 39.06145849030688, 0.0], [-107.81265110523107, 39.06152987472197, 0.0], [-107.81260827332792, 39.06162267337265, 0.0], [-107.81255354521859, 39.06172261138403, 0.0], [-107.81256306401293, 39.061841584305505, 0.0], [-107.81257209890002, 39.061897299554815, 0.0]]}, "properties": {"gnisidlabel": null, "featuretypelabel": "Canal", "huc12": "140200050111"}}, {"type": "Feature", "geometry": {"type": "LineString", "coordinates": [[-107.7848128760469, 39.04984500575266, 0.0], [-107.78481427649747, 39.04983407312201, 0.0], [-107.78482127635061, 39.04978440555212, 0.0], [-107.78492021009852, 39.04965580553046, 0.0], [-107.78506600935798, 39.04954427386784, 0.0], [-107.78521081004808, 39.04940567293159, 0.0], [-107.78526641082057, 39.04931067238308, 0.0]]}, "properties": {"gnisidlabel": null, "featuretypelabel": "Channel Line", "huc12": "140200050111"}}, {"type": "Feature", "geometry": {"type": "LineString", "coordinates": [[-107.89166720979898, 38.95108287256735, 0.0], [-107.89222807683065, 38.950690606514634, 0.0]]}, "properties": {"gnisidlabel": null, "featuretypelabel": "Waterbody Connector", "huc12": "140200050111"}}, {"type": "Feature", "geometry": {"type": "LineString", "coordinates": [[-107.88319680976547, 39.0485417393977, 0.0], [-107.88315167598068, 39.04856440624018, 0.0], [-107.88305940994093, 39.04856667268417, 0.0], [-107.8829528757456, 39.04850627292064, 0.0], [-107.88283561055215, 39.048464205881494, 0.0], [-107.8826848763096, 39.04844987263374, 0.0], [-107.88252220973044, 39.04842687317482, 0.0], [-107.88234907520142, 39.0484312059684, 0.0], [-107.88217641032334, 39.048444472735696, 0.0], [-107.88202480971454, 39.0484120728698, 0.0], [-107.88189487543126, 39.04834320677412, 0.0], [-107.88176507618915, 39.04827447322457, 0.0], [-107.88163621069752, 39.048232472900246, 0.0], [-107.88144001065068, 39.04823740621164, 0.0], [-107.88120841058179, 39.048225072269645, 0.0], [-107.88104541022722, 39.04819307277493, 0.0], [-107.88088227597734, 39.0481610727561, 0.0], [-107.88076507609469, 39.04811900559275, 0.0], [-107.88063601009577, 39.04806807316454, 0.0], [-107.88058867559005, 39.048042273220716, 0.0], [-107.88051827595949, 39.04801700553745, 0.0], [-107.8804732756766, 39.048045073396054, 0.0], [-107.88042861032498, 39.0480822058347, 0.0], [-107.88041847588192, 39.048118473056455, 0.0], [-107.88032720998105, 39.04814780600906, 0.0], [-107.88025881009968, 39.04816747294603, 0.0], [-107.88016427598892, 39.04811580543297, 0.0], [-107.88003401098281, 39.048038005854245, 0.0], [-107.87994907632556, 39.04794087347787, 0.0], [-107.87975967671547, 39.047828473164536, 0.0], [-107.87960527581637, 39.04772420583285, 0.0], [-107.87950927570185, 39.04763640680784, 0.0]]}, "properties": {"gnisidlabel": null, "featuretypelabel": "Channel Line", "huc12": "140200050111"}}, {"type": "Feature", "geometry": {"type": "LineString", "coordinates": [[-107.9007578105151, 39.05133793890315, 0.0], [-107.90071974352284, 39.05071187234066, 0.0], [-107.90075280996744, 39.050233873413795, 0.0], [-107.90066680935684, 39.04990453879706, 0.0], [-107.90060981057866, 39.04976193983999, 0.0], [-107.90052661074454, 39.04963327298062, 0.0]]}, "properties": {"gnisidlabel": null, "featuretypelabel": "Channel Line", "huc12": "140200050111"}}, {"type": "Feature", "geometry": {"type": "LineString", "coordinates": [[-107.91472527614603, 38.90899520613837, 0.0], [-107.9147934095035, 38.90868720620933, 0.0], [-107.91486340993592, 38.90842407313059, 0.0], [-107.91491361013017, 38.908242806005106, 0.0], [-107.91504187643363, 38.90799627364626, 0.0], [-107.91523740986021, 38.907703072717666, 0.0], [-107.91554781032642, 38.90739800605836, 0.0], [-107.91590420995983, 38.90709180682848, 0.0], [-107.91622861056089, 38.90684947318581, 0.0], [-107.91638547627983, 38.9067374731885, 0.0], [-107.9165070099032, 38.90660827343493, 0.0], [-107.91677360999329, 38.906358406789806, 0.0], [-107.91695367611494, 38.90625480524233, 0.0], [-107.91714547612946, 38.90615087306253, 0.0], [-107.91741747670031, 38.90603600604923, 0.0], [-107.917701475596, 38.90592980589104, 0.0], [-107.9178812755487, 38.90581720598452, 0.0], [-107.91802587602918, 38.90568740609946, 0.0], [-107.91808121098703, 38.90563200569864, 0.0], [-107.9182246760495, 38.90547527270074, 0.0], [-107.91833507640864, 38.905355406356996, 0.0], [-107.91853907545892, 38.90526920549769, 0.0], [-107.91875360949172, 38.905155673121605, 0.0], [-107.9189448767785, 38.90504287298399, 0.0], [-107.91926927550172, 38.90480040588955, 0.0], [-107.9195030763295, 38.9045964053011, 0.0], [-107.91954560925417, 38.90450520567922, 0.0], [-107.91963141073873, 38.90434987267378, 0.0], [-107.91979827528999, 38.90420160621705, 0.0], [-107.91992087590681, 38.9040994726988, 0.0], [-107.9202136757524, 38.90393000569149, 0.0], [-107.92031480964901, 38.90386440643824, 0.0], [-107.92046227608361, 38.903806672424224, 0.0], [-107.92065407670225, 38.903702673311415, 0.0]]}, "properties": {"gnisidlabel": null, "featuretypelabel": "Channel Line", "huc12": "140200050111"}}, {"type": "Feature", "geometry": {"type": "LineString", "coordinates": [[-107.86335127516757, 39.02937960660008, 0.0], [-107.86294267621241, 39.02933807293102, 0.0], [-107.86263954330116, 39.02929040613173, 0.0], [-107.86245487565913, 39.02911573883786, 0.0], [-107.86225614286893, 39.02894120672878, 0.0], [-107.86220487700461, 39.028918672992425, 0.0]]}, "properties": {"gnisidlabel": null, "featuretypelabel": "Channel Line", "huc12": "140200050111"}}, {"type": "Feature", "geometry": {"type": "LineString", "coordinates": [[-107.85736620899416, 39.01719020624376, 0.0], [-107.85734121043201, 39.01665927352761, 0.0], [-107.85739341055061, 39.016221073398924, 0.0], [-107.85743947625264, 39.01589567288612, 0.0], [-107.85745647590653, 39.01542667349353, 0.0], [-107.85736721028586, 39.01492887274197, 0.0], [-107.85725807567172, 39.014526205538466, 0.0], [-107.8571294096354, 39.014069806227525, 0.0], [-107.85712360983698, 39.01392587301097, 0.0], [-107.85710727612677, 39.013809206033265, 0.0], [-107.85710120988044, 39.01365607305322, 0.0], [-107.85710480950921, 39.01345787351825, 0.0], [-107.85715667572421, 39.013312406149524, 0.0], [-107.85716167571115, 39.01315007311175, 0.0], [-107.85722221049492, 39.012932405995564, 0.0], [-107.85719120997297, 39.01273500677988, 0.0], [-107.85721780974568, 39.01253620562928, 0.0], [-107.85723220988966, 39.01231960623403, 0.0], [-107.85724841054977, 39.01214800585761, 0.0], [-107.85723027630412, 39.011986273175246, 0.0], [-107.85719020999856, 39.011852205935604, 0.0], [-107.85711560953042, 39.01171880583713, 0.0], [-107.85705347571397, 39.011612273059214, 0.0], [-107.8569074759154, 39.011426605729284, 0.0], [-107.85677341007266, 39.01124980608192, 0.0], [-107.85661827655734, 39.01112740534066, 0.0], [-107.8564766098737, 39.011049805847, 0.0], [-107.85634580929649, 39.010953873283036, 0.0], [-107.85621447621122, 39.010849005879756, 0.0], [-107.85613047624136, 39.01077000559099, 0.0], [-107.8560096755387, 39.01063787271962, 0.0], [-107.85592387646261, 39.010513673173755, 0.0], [-107.85580280978135, 39.010372672727435, 0.0], [-107.85565881025022, 39.010241006000314, 0.0], [-107.85552687610658, 39.010118073249565, 0.0], [-107.8554728104024, 39.01006633914541, 0.0]]}, "properties": {"gnisidlabel": null, "featuretypelabel": "Channel Line", "huc12": "140200050111"}}, {"type": "Feature", "geometry": {"type": "LineString", "coordinates": [[-107.84869427639944, 39.055623938975884, 0.0], [-107.84767954317839, 39.05563447358085, 0.0]]}, "properties": {"gnisidlabel": null, "featuretypelabel": "Waterbody Connector", "huc12": "140200050111"}}, {"type": "Feature", "geometry": {"type": "LineString", "coordinates": [[-107.86452207605228, 39.021423339080286, 0.0], [-107.86430914261935, 39.021232405998525, 0.0], [-107.86421467656085, 39.0209144728489, 0.0], [-107.8642121425154, 39.0206510065122, 0.0], [-107.86406194297966, 39.02039380641453, 0.0], [-107.86385454235061, 39.020043606495946, 0.0], [-107.86387141085488, 39.019593338926605, 0.0], [-107.86403014271657, 39.019257538403984, 0.0], [-107.86407721029428, 39.01902120627852, 0.0], [-107.86408027571333, 39.01860393892852, 0.0], [-107.8641192757277, 39.01826333874634, 0.0], [-107.86413761012578, 39.01796673895111, 0.0], [-107.86420327626115, 39.01759053948399, 0.0]]}, "properties": {"gnisidlabel": null, "featuretypelabel": "Channel Line", "huc12": "140200050111"}}, {"type": "Feature", "geometry": {"type": "LineString", "coordinates": [[-107.78062854351018, 39.025838338615365, 0.0], [-107.78062980954212, 39.02583887328436, 0.0], [-107.7807758758539, 39.02588940549787, 0.0], [-107.78100781092131, 39.02591087326795, 0.0], [-107.78114661074173, 39.025916673426345, 0.0], [-107.78135461001116, 39.02592067358497, 0.0], [-107.7814388093359, 39.02593660604952, 0.0]]}, "properties": {"gnisidlabel": null, "featuretypelabel": "Channel Line", "huc12": "140200050111"}}, {"type": "Feature", "geometry": {"type": "LineString", "coordinates": [[-107.82755187495917, 39.07103500570789, 0.0], [-107.82730620940407, 39.07095987351495, 0.0], [-107.82700241078514, 39.07087720620704, 0.0], [-107.82675667660429, 39.07080200603395, 0.0], [-107.82646407649871, 39.07071000620613, 0.0], [-107.82624227561688, 39.07065240628828, 0.0], [-107.82602001001236, 39.07058567310438, 0.0], [-107.8257988100023, 39.070546006337565, 0.0], [-107.82554147639996, 39.07047107315072, 0.0], [-107.82532007657412, 39.07042247340613, 0.0], [-107.8251342097096, 39.07039987288872, 0.0], [-107.82491341027963, 39.07036920638978, 0.0], [-107.82472587596925, 39.070301673730015, 0.0], [-107.82453887542827, 39.07025220613833, 0.0], [-107.82427227613883, 39.07023167290229, 0.0], [-107.82406341025798, 39.070209673156924, 0.0], [-107.82388867659155, 39.07017787291036, 0.0], [-107.82367741071464, 39.070092873186155, 0.0], [-107.8235012766354, 39.07002507307382, 0.0], [-107.8233370757742, 39.06996600604132, 0.0], [-107.82311660918, 39.069944273053096, 0.0], [-107.8228732102861, 39.069923206016014, 0.0], [-107.82260620994666, 39.069893672375215, 0.0], [-107.82234020941601, 39.06989107237662, 0.0], [-107.82208620979392, 39.06989720541369, 0.0], [-107.82183220982088, 39.06990327304026, 0.0]]}, "properties": {"gnisidlabel": "Marcott Creek", "featuretypelabel": "Channel Line", "huc12": "140200050111"}}, {"type": "Feature", "geometry": {"type": "LineString", "coordinates": [[-107.81295320943434, 39.05548640653955, 0.0], [-107.80885080917909, 39.05412167327753, 0.0], [-107.80804927612743, 39.05367760605977, 0.0]]}, "properties": {"gnisidlabel": null, "featuretypelabel": "Waterbody Connector", "huc12": "140200050111"}}, {"type": "Feature", "geometry": {"type": "LineString", "coordinates": [[-107.8880862099504, 38.95353207328203, 0.0], [-107.8881770109329, 38.95349380558776, 0.0], [-107.88823227559367, 38.95343827290684, 0.0], [-107.88836847681726, 38.95338087342998, 0.0], [-107.88851360988548, 38.953260073285655, 0.0], [-107.88869247610899, 38.95312060584444, 0.0], [-107.88890267655852, 38.9528992060624, 0.0], [-107.88919620957533, 38.95273867380494, 0.0], [-107.88937701028665, 38.95264420605313, 0.0], [-107.88953540959487, 38.95256820569669, 0.0], [-107.88977260985527, 38.95244520563708, 0.0], [-107.89002081058845, 38.952303873033976, 0.0], [-107.89022347622763, 38.95218167294962, 0.0], [-107.89040267691708, 38.95205120545955, 0.0], [-107.89058281103786, 38.951938606450454, 0.0], [-107.89075267576018, 38.951862406763496, 0.0], [-107.89092047647411, 38.95173207333038, 0.0], [-107.89109087581576, 38.951664673416644, 0.0], [-107.89123627646006, 38.95155300656373, 0.0], [-107.89132561017797, 38.951478673748596, 0.0], [-107.89143527620368, 38.951340872807684, 0.0], [-107.89156821035647, 38.95120247321217, 0.0], [-107.89166720979898, 38.95108287256735, 0.0]]}, "properties": {"gnisidlabel": null, "featuretypelabel": "Channel Line", "huc12": "140200050111"}}, {"type": "Feature", "geometry": {"type": "LineString", "coordinates": [[-107.85207281026148, 39.07813473958521, 0.0], [-107.85221980973736, 39.078024072818444, 0.0], [-107.85240707586472, 39.077688006013304, 0.0], [-107.85271220977535, 39.07713707314843, 0.0], [-107.85278161001985, 39.07701587327732, 0.0], [-107.85290654340804, 39.076800939726816, 0.0], [-107.85305967508593, 39.0765968731149, 0.0], [-107.85307900986331, 39.076579539467986, 0.0]]}, "properties": {"gnisidlabel": null, "featuretypelabel": "Channel Line", "huc12": "140200050111"}}, {"type": "Feature", "geometry": {"type": "LineString", "coordinates": [[-107.78874967646622, 39.053837339582365, 0.0], [-107.7889406763692, 39.05393527292138, 0.0], [-107.78935681054082, 39.053993672321326, 0.0], [-107.78980107674374, 39.05404640575969, 0.0], [-107.79006927585458, 39.05411100608951, 0.0], [-107.79067514283294, 39.05411353898628, 0.0], [-107.79106174366186, 39.054007272959076, 0.0], [-107.7913903428961, 39.05369807242578, 0.0], [-107.7915061435704, 39.053203138764026, 0.0], [-107.79158007606891, 39.05276887303358, 0.0], [-107.7916118093096, 39.052334738818644, 0.0], [-107.79153487587594, 39.051527673363985, 0.0], [-107.7914389435535, 39.05098987314003, 0.0], [-107.79130800956206, 39.050479672515436, 0.0], [-107.7912477431056, 39.049991072979864, 0.0], [-107.79107447685003, 39.0494701389549, 0.0], [-107.79091054299376, 39.04922920599366, 0.0], [-107.79068440958066, 39.04914247291744, 0.0], [-107.79045834312473, 39.04907373878623, 0.0]]}, "properties": {"gnisidlabel": null, "featuretypelabel": "Channel Line", "huc12": "140200050111"}}, {"type": "Feature", "geometry": {"type": "LineString", "coordinates": [[-107.86403427636542, 39.03607180563527, 0.0], [-107.86382207573766, 39.03596887294238, 0.0], [-107.8636330756579, 39.035865405845705, 0.0], [-107.86347880929353, 39.03576107335434, 0.0], [-107.86330161065099, 39.03566640578807, 0.0], [-107.86308987627591, 39.03557247282859, 0.0], [-107.8629474755497, 39.03547680572729, 0.0], [-107.86278227582862, 39.03539087317886, 0.0], [-107.86254487554592, 39.035234472702236, 0.0], [-107.86237967648015, 39.03514847288328, 0.0], [-107.8621990752907, 39.03496367325882, 0.0], [-107.86204320987775, 39.03482340620028, 0.0], [-107.86189961051475, 39.03470080609435, 0.0], [-107.86180187581478, 39.03456800671162, 0.0], [-107.86168107666788, 39.03443587264914, 0.0], [-107.86157181021038, 39.034303473317, 0.0], [-107.86139321030144, 39.03417267248334, 0.0], [-107.86120307588469, 39.034042205878514, 0.0], [-107.86102587700901, 39.03394740590689, 0.0], [-107.86088567612822, 39.033905872882976, 0.0], [-107.86068847649732, 39.033883672856525, 0.0], [-107.86044567650235, 39.0338806059735, 0.0], [-107.86023827603951, 39.033894672463816, 0.0], [-107.85999707611393, 39.03392760573063, 0.0], [-107.85975627634674, 39.03396960611204, 0.0], [-107.85957227582982, 39.03399207379054, 0.0], [-107.85931920970705, 39.03401640585144, 0.0], [-107.85914681033796, 39.03403860626702, 0.0], [-107.85896120960612, 39.03401607372652, 0.0], [-107.85874041085758, 39.03398560607469, 0.0]]}, "properties": {"gnisidlabel": "Milk Creek", "featuretypelabel": "Channel Line", "huc12": "140200050111"}}, {"type": "Feature", "geometry": {"type": "LineString", "coordinates": [[-107.90612987518358, 38.93090347346938, 0.0], [-107.90624987562835, 38.93073840602592, 0.0], [-107.90666167608036, 38.930088405876, 0.0], [-107.9066892098642, 38.92991647293989, 0.0], [-107.90671647595012, 38.92973567369751, 0.0], [-107.90683627658987, 38.92956147281467, 0.0], [-107.90699020979996, 38.92937747246828, 0.0], [-107.90726307651572, 38.92900127331866, 0.0], [-107.90761907633429, 38.928677205650146, 0.0], [-107.90772727543036, 38.928503273271716, 0.0], [-107.90781201006511, 38.92832107352851, 0.0], [-107.90803107699311, 38.92803620572421, 0.0], [-107.90816200984254, 38.927852806153275, 0.0], [-107.90848101037507, 38.92747547378003, 0.0], [-107.90869307650956, 38.927299006314826, 0.0], [-107.9087908097706, 38.92715240603262, 0.0], [-107.90905701099105, 38.92689360591619, 0.0], [-107.90920161063877, 38.926763805764146, 0.0], [-107.90925340996296, 38.92661840573832, 0.0], [-107.90926240973263, 38.926555073185554, 0.0], [-107.90929541091799, 38.9265182734895, 0.0], [-107.90941987604123, 38.92646107254529, 0.0], [-107.90974747672975, 38.92629067262165, 0.0], [-107.90997167637555, 38.926132006493944, 0.0], [-107.91010467667721, 38.92600247301447, 0.0], [-107.91041860956878, 38.92577847264152, 0.0], [-107.91059961066907, 38.9256928723728, 0.0], [-107.9108758095683, 38.92539780523836, 0.0], [-107.91107441021353, 38.92517647322885, 0.0], [-107.91132080961158, 38.92499920547409, 0.0], [-107.9114784763092, 38.92490520611934, 0.0], [-107.91169227592526, 38.92477367291268, 0.0], [-107.91181447581913, 38.92466260622868, 0.0], [-107.91195987517902, 38.92455080618597, 0.0], [-107.91205987568118, 38.924458206063335, 0.0], [-107.91216067626773, 38.924383672353954, 0.0], [-107.91253421084048, 38.92421220620422, 0.0], [-107.91284867589276, 38.92400620594891, 0.0], [-107.91305087606108, 38.92387500591765, 0.0], [-107.91324501034072, 38.923825006024686, 0.0], [-107.91328920989825, 38.92377887329009, 0.0], [-107.91337687545587, 38.923668606290946, 0.0], [-107.9135226756836, 38.92356580603228, 0.0], [-107.9137464754808, 38.92339820586367, 0.0]]}, "properties": {"gnisidlabel": null, "featuretypelabel": "Channel Line", "huc12": "140200050111"}}, {"type": "Feature", "geometry": {"type": "LineString", "coordinates": [[-107.82853787656553, 39.05545433934832, 0.0], [-107.82837847509491, 39.05493340584348, 0.0], [-107.82839507654842, 39.0547530726823, 0.0]]}, "properties": {"gnisidlabel": null, "featuretypelabel": "Channel Line", "huc12": "140200050111"}}, {"type": "Feature", "geometry": {"type": "LineString", "coordinates": [[-107.95027694119743, 38.789359249979476, 0.0], [-107.9502836098948, 38.78933900624175, 0.0]]}, "properties": {"gnisidlabel": "Fuller Ditch Number 2", "featuretypelabel": "Canal", "huc12": "140200050105"}}, {"type": "Feature", "geometry": {"type": "LineString", "coordinates": [[-107.86629341018502, 39.0397883395878, 0.0], [-107.86587141026781, 39.03982920642465, 0.0], [-107.86532960961178, 39.03985427316128, 0.0], [-107.86481474251616, 39.03975293924424, 0.0], [-107.86439187660162, 39.039700472187214, 0.0], [-107.8639620764392, 39.03965900634574, 0.0], [-107.86363067637858, 39.03960600590744, 0.0], [-107.86323667531686, 39.03962473933048, 0.0], [-107.86261007514057, 39.03979580638634, 0.0]]}, "properties": {"gnisidlabel": null, "featuretypelabel": "Channel Line", "huc12": "140200050111"}}, {"type": "Feature", "geometry": {"type": "LineString", "coordinates": [[-107.85855821088327, 39.03361267317949, 0.0], [-107.85853387576546, 39.03356707295661, 0.0], [-107.85848927569273, 39.03348720594766, 0.0], [-107.85844641001226, 39.03328100600359, 0.0], [-107.85838247598187, 39.03312947292284, 0.0], [-107.85832981034743, 39.032968606738514, 0.0], [-107.85828940947583, 39.03282547299285, 0.0], [-107.85830661108832, 39.03268087344659, 0.0], [-107.85834547665623, 39.03249967250444, 0.0], [-107.85837427621267, 39.03235487319713, 0.0], [-107.85838040942508, 39.03221960630006, 0.0], [-107.85835187630221, 39.03208507245611, 0.0], [-107.85832301015088, 39.0319416729359, 0.0], [-107.85832840974533, 39.03178840609004, 0.0], [-107.85830087608123, 39.03168100614547, 0.0], [-107.85828320957397, 39.0315282058624, 0.0], [-107.85827820914898, 39.031402273210844, 0.0], [-107.8583188756821, 39.03126607292993, 0.0], [-107.85838380977182, 39.0311564061955, 0.0], [-107.8583906105048, 39.03103907237615, 0.0]]}, "properties": {"gnisidlabel": "Milk Creek", "featuretypelabel": "Channel Line", "huc12": "140200050111"}}, {"type": "Feature", "geometry": {"type": "LineString", "coordinates": [[-107.82382707566975, 39.019651206587895, 0.0], [-107.82430281085466, 39.01933020591027, 0.0], [-107.82497454330024, 39.018887406268554, 0.0], [-107.82547880971336, 39.018610139285215, 0.0], [-107.8257932765477, 39.018361405747115, 0.0], [-107.82614254305822, 39.018068539248944, 0.0], [-107.82630274211724, 39.01788100592136, 0.0], [-107.82646854295086, 39.017534273013766, 0.0], [-107.82685894226744, 39.017114872433694, 0.0], [-107.82706087564604, 39.016872206005885, 0.0], [-107.82739634348076, 39.01661233906406, 0.0], [-107.82773947622074, 39.016418338583776, 0.0], [-107.8282238109005, 39.01627300601757, 0.0], [-107.82863814245648, 39.01617740635036, 0.0], [-107.82919874329174, 39.01591080612453, 0.0], [-107.82959761094935, 39.015656139238644, 0.0], [-107.82970220945795, 39.01554573859272, 0.0], [-107.82993907589992, 39.01528093905445, 0.0], [-107.83014087619794, 39.01502180664612, 0.0], [-107.8302024751596, 39.01482927363699, 0.0], [-107.8302666106517, 39.0145630058379, 0.0]]}, "properties": {"gnisidlabel": null, "featuretypelabel": "Channel Line", "huc12": "140200050111"}}, {"type": "Feature", "geometry": {"type": "LineString", "coordinates": [[-107.85292940955091, 39.076146205823434, 0.0], [-107.85358580996932, 39.07612340652934, 0.0]]}, "properties": {"gnisidlabel": null, "featuretypelabel": "Waterbody Connector", "huc12": "140200050111"}}, {"type": "Feature", "geometry": {"type": "LineString", "coordinates": [[-107.86152974329714, 39.06854060613186, 0.0], [-107.86163207634367, 39.06854087313694, 0.0], [-107.86169521078857, 39.06854380634299, 0.0], [-107.86197307649563, 39.06855500591315, 0.0], [-107.86219347676102, 39.0685766064005, 0.0], [-107.8624600763042, 39.06859707334401, 0.0], [-107.86271487604627, 39.0686088062439, 0.0], [-107.86311927615067, 39.068607872739584, 0.0], [-107.8633960099921, 39.06859207266861, 0.0], [-107.86364927690532, 39.06856787309022, 0.0], [-107.86379900980944, 39.068555205819074, 0.0], [-107.86397400958728, 39.06859587261696, 0.0], [-107.86415947557585, 39.06860940558622, 0.0], [-107.86427600912631, 39.0686336056345, 0.0], [-107.86432407660023, 39.068632406026644, 0.0]]}, "properties": {"gnisidlabel": null, "featuretypelabel": "Channel Line", "huc12": "140200050111"}}, {"type": "Feature", "geometry": {"type": "LineString", "coordinates": [[-107.83180540992429, 39.0260057385944, 0.0], [-107.83193121002665, 39.025895206431976, 0.0], [-107.83212001020652, 39.02573493884747, 0.0], [-107.83243520917597, 39.025546539109385, 0.0], [-107.83269354307029, 39.025287006040145, 0.0], [-107.83288127605053, 39.02500587299307, 0.0], [-107.83311727601605, 39.024664938501004, 0.0], [-107.83316887635199, 39.02451053820929, 0.0], [-107.83321827659104, 39.02430213907212, 0.0], [-107.83325794238124, 39.024139005399185, 0.0], [-107.83329907509628, 39.02401187302403, 0.0], [-107.8333632758324, 39.0238842060233, 0.0], [-107.83346134411732, 39.02373767245035, 0.0], [-107.83359481037469, 39.02360827288819, 0.0], [-107.8337062109438, 39.023506472704405, 0.0], [-107.83382741076014, 39.02335940620969, 0.0], [-107.83399434297881, 39.02320213939558, 0.0], [-107.83410434311887, 39.023064339524495, 0.0], [-107.83417934360287, 39.02291840587882, 0.0], [-107.83428860944451, 39.02276253899216, 0.0], [-107.83437587517199, 39.022634338530686, 0.0], [-107.83447467648027, 39.02250580613968, 0.0], [-107.83459801008065, 39.022412673511376, 0.0], [-107.83475634374727, 39.0223277382234, 0.0], [-107.83490487531054, 39.02228813935788, 0.0], [-107.83511147526596, 39.022256072984845, 0.0], [-107.83531840937815, 39.022233006233954, 0.0], [-107.83549081035429, 39.022210805303104, 0.0], [-107.83565014237765, 39.02215287337805, 0.0], [-107.83580880978609, 39.02207693847522, 0.0], [-107.83587027593218, 39.021971873620764, 0.0]]}, "properties": {"gnisidlabel": null, "featuretypelabel": "Channel Line", "huc12": "140200050111"}}, {"type": "Feature", "geometry": {"type": "LineString", "coordinates": [[-107.85145067599152, 39.03361907312701, 0.0], [-107.85143600978334, 39.03359687256036, 0.0], [-107.85127627614649, 39.03335760644368, 0.0], [-107.85115107589074, 39.03311727369508, 0.0], [-107.85101467554179, 39.032886473290176, 0.0], [-107.85091560974551, 39.03271767279216, 0.0], [-107.85081781062244, 39.03258487262808, 0.0], [-107.85071641016137, 39.03236220580288, 0.0]]}, "properties": {"gnisidlabel": "Bonita Creek", "featuretypelabel": "Channel Line", "huc12": "140200050111"}}, {"type": "Feature", "geometry": {"type": "LineString", "coordinates": [[-107.87035807605525, 39.06299507263112, 0.0], [-107.87178261036664, 39.06308840619761, 0.0]]}, "properties": {"gnisidlabel": null, "featuretypelabel": "Waterbody Connector", "huc12": "140200050111"}}, {"type": "Feature", "geometry": {"type": "LineString", "coordinates": [[-107.81281121049123, 39.00731320660902, 0.0], [-107.81301447581065, 39.0072188067355, 0.0], [-107.813723943207, 39.007077739056264, 0.0], [-107.81432834281988, 39.00699220667668, 0.0], [-107.81481334288068, 39.00693473906733, 0.0], [-107.81502454260965, 39.00694460607463, 0.0], [-107.81510281026952, 39.006984073100625, 0.0]]}, "properties": {"gnisidlabel": null, "featuretypelabel": "Channel Line", "huc12": "140200050111"}}, {"type": "Feature", "geometry": {"type": "LineString", "coordinates": [[-107.89647000902927, 39.062955805791404, 0.0], [-107.89638494342607, 39.0628296727187, 0.0], [-107.89628540976182, 39.062637738958614, 0.0], [-107.89619227569096, 39.06228093867457, 0.0], [-107.89612034285592, 39.06195707299597, 0.0], [-107.89605494266816, 39.061501338800774, 0.0], [-107.89605947607342, 39.061275606157416, 0.0]]}, "properties": {"gnisidlabel": null, "featuretypelabel": "Channel Line", "huc12": "140200050111"}}, {"type": "Feature", "geometry": {"type": "LineString", "coordinates": [[-107.87424167570875, 39.01745107251605, 0.0], [-107.87409787585428, 39.017319473090794, 0.0], [-107.873894810222, 39.01715327274136, 0.0], [-107.87369380952231, 39.01704107306816, 0.0], [-107.87345767575087, 39.016911805886494, 0.0], [-107.87328061027402, 39.016817006333206, 0.0], [-107.87314927612056, 39.0167122054682, 0.0], [-107.87297161000923, 39.016599472582946, 0.0], [-107.87278327535432, 39.016514005810606, 0.0], [-107.87256047638063, 39.01642940607394, 0.0], [-107.87230161009641, 39.01630967321994, 0.0], [-107.87208921027555, 39.01619780654139, 0.0], [-107.87189021048086, 39.016130673054434, 0.0], [-107.87167847618016, 39.01603667290501, 0.0], [-107.871501075996, 39.0159330058897, 0.0], [-107.87127667667728, 39.01581240630778, 0.0], [-107.87105387592125, 39.01572780637217, 0.0], [-107.87089961103948, 39.01562347308219, 0.0], [-107.87072181077228, 39.015510806633266, 0.0], [-107.8706138762639, 39.01541427243182, 0.0], [-107.8705280755392, 39.015290273369494, 0.0], [-107.87044147519725, 39.01514827329232, 0.0], [-107.87036620982103, 39.0149970066809, 0.0], [-107.87024380971361, 39.01482880612897, 0.0], [-107.87012080947451, 39.014642673448584, 0.0], [-107.87000927599873, 39.01445620604712, 0.0], [-107.86989887542994, 39.01429667357672, 0.0], [-107.86979827590211, 39.01409200620114, 0.0], [-107.86968800918886, 39.01393247291686, 0.0], [-107.8695414758084, 39.01373800633571, 0.0], [-107.86947800939153, 39.01359540623979, 0.0], [-107.86941560981155, 39.01347980585263, 0.0], [-107.86936427627784, 39.01335500604204, 0.0], [-107.86930107641221, 39.01322140554045, 0.0], [-107.86921641007619, 39.01312427287124, 0.0], [-107.86909667545979, 39.01301920602373, 0.0], [-107.86891967576653, 39.01292447273782, 0.0], [-107.8687794108457, 39.01288287273926, 0.0], [-107.86863727585023, 39.01279627282674, 0.0], [-107.86847067702695, 39.012674206413784, 0.0], [-107.8683138755218, 39.012507006061185, 0.0], [-107.86824961048686, 39.01234627269604, 0.0], [-107.86817420992482, 39.01219500603704, 0.0], [-107.86814421070443, 39.012024605190106, 0.0], [-107.86811707524645, 39.01192607323204, 0.0], [-107.86807780956477, 39.01181000555485, 0.0], [-107.86801687652708, 39.01173047262527, 0.0], [-107.86800547543875, 39.01172200631998, 0.0]]}, "properties": {"gnisidlabel": null, "featuretypelabel": "Channel Line", "huc12": "140200050111"}}, {"type": "Feature", "geometry": {"type": "LineString", "coordinates": [[-107.81377847584753, 39.010277273076504, 0.0], [-107.81390821044734, 39.01034627262565, 0.0], [-107.81410787641215, 39.01043160651996, 0.0], [-107.81429527543061, 39.01049907303867, 0.0], [-107.81447047650072, 39.01054887328194, 0.0], [-107.8146816760579, 39.010634006091415, 0.0], [-107.81488000962403, 39.010683205726096, 0.0], [-107.81510227670628, 39.01075887225921, 0.0], [-107.8152194763673, 39.01080120619279, 0.0], [-107.81530207574964, 39.01084420625787, 0.0], [-107.81535001001099, 39.010888073195204, 0.0], [-107.81535287596917, 39.01096007286848, 0.0], [-107.815321475655, 39.0110420064626, 0.0], [-107.81531307500164, 39.011123206212666, 0.0], [-107.81535027614449, 39.01118540633676, 0.0], [-107.81542227663488, 39.01125567234774, 0.0]]}, "properties": {"gnisidlabel": null, "featuretypelabel": "Channel Line", "huc12": "140200050111"}}, {"type": "Feature", "geometry": {"type": "LineString", "coordinates": [[-107.87166060979806, 39.03714400645303, 0.0], [-107.87154874339862, 39.03796273928465, 0.0], [-107.87136154402619, 39.03826573925397, 0.0], [-107.8708051425685, 39.0389716731501, 0.0], [-107.87035227624875, 39.039468406629425, 0.0], [-107.8696920766098, 39.04036713889556, 0.0], [-107.86935807536663, 39.0407808063047, 0.0], [-107.86924894344781, 39.04114380563724, 0.0], [-107.8690679424204, 39.04136440592241, 0.0], [-107.86884547492186, 39.041656672982754, 0.0], [-107.868739875847, 39.041920073048345, 0.0]]}, "properties": {"gnisidlabel": null, "featuretypelabel": "Channel Line", "huc12": "140200050111"}}, {"type": "Feature", "geometry": {"type": "LineString", "coordinates": [[-107.86343601059866, 38.99578887301649, 0.0], [-107.86366727540178, 38.99551287301199, 0.0], [-107.86388421021475, 38.99516520662895, 0.0], [-107.86416087661817, 38.99487007236169, 0.0], [-107.86448121017261, 38.99479920577816, 0.0], [-107.8649602104198, 38.99465227270056, 0.0], [-107.86530207585517, 38.9942564723867, 0.0], [-107.86544227640053, 38.99400987276283, 0.0], [-107.86547667701271, 38.9937206725869, 0.0], [-107.86548961021094, 38.99346807297451, 0.0], [-107.86578401028076, 38.993037473090645, 0.0], [-107.86623647630871, 38.99252180554506, 0.0], [-107.8666528752077, 38.991971072716105, 0.0], [-107.86684381035778, 38.991551873675974, 0.0], [-107.86704767585512, 38.99116860586557, 0.0], [-107.86726600988753, 38.990856872798666, 0.0], [-107.86752067516964, 38.99058927363408, 0.0], [-107.86768381058643, 38.990342073053085, 0.0], [-107.86771180992375, 38.989890873067374, 0.0], [-107.86761747653746, 38.989271605612046, 0.0], [-107.86739427677517, 38.98860140658366, 0.0], [-107.86720300981061, 38.98815567293172, 0.0], [-107.86699141019481, 38.987773405536046, 0.0], [-107.86689680976964, 38.98743340581517, 0.0], [-107.86708707583277, 38.986996273218786, 0.0], [-107.86755747596372, 38.986354073304966, 0.0], [-107.86795881048008, 38.98600200548505, 0.0], [-107.86801667628518, 38.98572120560604, 0.0], [-107.86807320946701, 38.98540447272497, 0.0], [-107.86828060940942, 38.98511107344209, 0.0], [-107.86880801022546, 38.98444947264123, 0.0], [-107.86916821081377, 38.983936205761275, 0.0], [-107.86936267554889, 38.983607006723275, 0.0], [-107.86960247577319, 38.98325880599401, 0.0], [-107.86977507633661, 38.98295720566065, 0.0], [-107.87012160973056, 38.98267840645275, 0.0], [-107.87042241016839, 38.98240980602069, 0.0], [-107.87064027624744, 38.982089072931764, 0.0], [-107.87085667652102, 38.98173240618621, 0.0], [-107.87097201074074, 38.9814412727251, 0.0], [-107.87096240956514, 38.98120727320189, 0.0], [-107.87088007602335, 38.98088500603775, 0.0], [-107.8708080098835, 38.980526405818125, 0.0], [-107.87075520969178, 38.98007727353426, 0.0], [-107.87075967575745, 38.97961767266816, 0.0], [-107.8708298097533, 38.97935460624435, 0.0], [-107.8709676763827, 38.979053872908445, 0.0], [-107.87119681071684, 38.9787240063911, 0.0], [-107.8713510100337, 38.97854000644064, 0.0], [-107.87149327636443, 38.97834740648029, 0.0], [-107.871638075945, 38.978217606114114, 0.0], [-107.87172447519833, 38.97807140612264, 0.0]]}, "properties": {"gnisidlabel": "Milk Creek", "featuretypelabel": "Channel Line", "huc12": "140200050111"}}, {"type": "Feature", "geometry": {"type": "LineString", "coordinates": [[-107.79672347589361, 39.054600072816825, 0.0], [-107.79735387591607, 39.05501440598701, 0.0], [-107.79837921009744, 39.055487206120304, 0.0], [-107.79905794274475, 39.055785939104304, 0.0], [-107.79956727621202, 39.05604153846153, 0.0], [-107.79993407601746, 39.056094673166065, 0.0], [-107.80039227567073, 39.05612533914572, 0.0], [-107.8012898099963, 39.056472406326385, 0.0], [-107.80216427549345, 39.05658340622722, 0.0], [-107.80301567541535, 39.056452806066766, 0.0], [-107.8036560763339, 39.05637267360012, 0.0], [-107.80431127654099, 39.05636940596259, 0.0], [-107.80486141043376, 39.056335405788246, 0.0]]}, "properties": {"gnisidlabel": null, "featuretypelabel": "Channel Line", "huc12": "140200050111"}}, {"type": "Feature", "geometry": {"type": "LineString", "coordinates": [[-107.86255640989161, 38.9965942057973, 0.0], [-107.86260827585761, 38.9964488062611, 0.0], [-107.86267347601132, 38.99634807293764, 0.0], [-107.86279741080114, 38.99627300628762, 0.0], [-107.86295820979255, 38.99625100534766, 0.0], [-107.8631346754658, 38.99604847364485, 0.0], [-107.86331381065374, 38.99590900579119, 0.0], [-107.86343601059866, 38.99578887301649, 0.0]]}, "properties": {"gnisidlabel": "Milk Creek", "featuretypelabel": "Channel Line", "huc12": "140200050111"}}, {"type": "Feature", "geometry": {"type": "LineString", "coordinates": [[-107.91573760942342, 38.85082060609763, 0.0], [-107.91592067602706, 38.850680873483746, 0.0], [-107.91615181046096, 38.85063447267851, 0.0], [-107.91621521018574, 38.85060147289404, 0.0], [-107.91626927619681, 38.850528005992416, 0.0], [-107.91636007598865, 38.85030947314012, 0.0], [-107.9164250109225, 38.850240272434945, 0.0], [-107.91650467614522, 38.85019787316099, 0.0], [-107.91669200935196, 38.850197672572854, 0.0], [-107.91715180925708, 38.85026720614067, 0.0], [-107.91732141060645, 38.85027647305773, 0.0], [-107.91745427622845, 38.85021920620923, 0.0], [-107.91755227663238, 38.85011760597899, 0.0], [-107.91762520962851, 38.850097672619626, 0.0], [-107.91773767553433, 38.85012200615684, 0.0], [-107.9178950103225, 38.8502170732619, 0.0], [-107.9179866098613, 38.85023287323961, 0.0], [-107.9180134754992, 38.85022320594488, 0.0], [-107.91807221095166, 38.850154073765275, 0.0], [-107.9181736107519, 38.85016960602805, 0.0], [-107.91835587563907, 38.850147005903864, 0.0], [-107.9185432109395, 38.85002967258177, 0.0], [-107.9189596099081, 38.8499248055866, 0.0], [-107.91947907542578, 38.849749606103074, 0.0], [-107.9196816103248, 38.849663406295555, 0.0], [-107.91983147574255, 38.84954707230779, 0.0], [-107.91989561001252, 38.84951387289292, 0.0], [-107.91999187613847, 38.84950247326682, 0.0], [-107.9202738098651, 38.849522406436314, 0.0], [-107.92047987596658, 38.84946780631637, 0.0], [-107.92065161054173, 38.84949047277462, 0.0], [-107.92083461071475, 38.8494858730523, 0.0], [-107.92145961022509, 38.849402805274195, 0.0], [-107.92200460955284, 38.84925847279529, 0.0], [-107.9225674765947, 38.84927587343382, 0.0], [-107.92332420934653, 38.8492162725654, 0.0], [-107.92388707589787, 38.84923380557697, 0.0], [-107.9248736766885, 38.849308205651376, 0.0], [-107.92520327586176, 38.849349472949704, 0.0], [-107.92591047612562, 38.84948040608951, 0.0], [-107.92673707650543, 38.8495182725065, 0.0], [-107.92713187589099, 38.84960747335909, 0.0], [-107.92779100999579, 38.84972147252571, 0.0], [-107.92799700961602, 38.8497344053727, 0.0], [-107.92801640968645, 38.84973387359592, 0.0], [-107.92868601090602, 38.84972160614459, 0.0], [-107.93311601031634, 38.84956087256605, 0.0], [-107.93373807618148, 38.84956767267488, 0.0], [-107.93395201045546, 38.84953080609596, 0.0], [-107.93414467539326, 38.849431272687866, 0.0]]}, "properties": {"gnisidlabel": null, "featuretypelabel": "Canal", "huc12": "140200050105"}}, {"type": "Feature", "geometry": {"type": "LineString", "coordinates": [[-107.84767954317839, 39.05563447358085, 0.0], [-107.84725027661554, 39.05468280592985, 0.0]]}, "properties": {"gnisidlabel": "Bonita Creek", "featuretypelabel": "Waterbody Connector", "huc12": "140200050111"}}, {"type": "Feature", "geometry": {"type": "LineString", "coordinates": [[-107.7872258107423, 39.054443473304985, 0.0], [-107.78666727596688, 39.054193538924416, 0.0], [-107.78636334250722, 39.05406867307136, 0.0], [-107.78631821003272, 39.0540640061783, 0.0]]}, "properties": {"gnisidlabel": null, "featuretypelabel": "Channel Line", "huc12": "140200050111"}}, {"type": "Feature", "geometry": {"type": "LineString", "coordinates": [[-107.82275054314141, 39.0301736065018, 0.0], [-107.82274707554477, 39.03013953906018, 0.0], [-107.82272747588159, 39.02994853856032, 0.0], [-107.82264087653878, 39.02970180642644, 0.0], [-107.82245467697518, 39.02932927321724, 0.0], [-107.82236620952698, 39.02886280630535, 0.0], [-107.82233434252777, 39.02842907335113, 0.0], [-107.82216714331871, 39.02780920591522, 0.0], [-107.82207134212692, 39.027309872880764, 0.0], [-107.82207614393975, 39.02704620550838, 0.0], [-107.82204681078112, 39.02689760631974, 0.0]]}, "properties": {"gnisidlabel": null, "featuretypelabel": "Channel Line", "huc12": "140200050111"}}, {"type": "Feature", "geometry": {"type": "LineString", "coordinates": [[-107.85835587671701, 39.07170687279535, 0.0], [-107.8582432101659, 39.07149340627934, 0.0], [-107.85826947564667, 39.071285473000685, 0.0], [-107.85831927657502, 39.07108620552222, 0.0], [-107.85840247541331, 39.07085887303926, 0.0], [-107.8585088759116, 39.070631006439896, 0.0], [-107.85853834377701, 39.07058680645972, 0.0]]}, "properties": {"gnisidlabel": null, "featuretypelabel": "Channel Line", "huc12": "140200050111"}}, {"type": "Feature", "geometry": {"type": "LineString", "coordinates": [[-107.78626914222758, 39.043292873479224, 0.0], [-107.78628887618277, 39.04321760660133, 0.0], [-107.78630527577866, 39.04315420600108, 0.0], [-107.7863106757806, 39.04300087315962, 0.0], [-107.78631667593582, 39.0428566062093, 0.0], [-107.7862850759294, 39.042641072802915, 0.0], [-107.78628640933997, 39.04261853896928, 0.0]]}, "properties": {"gnisidlabel": null, "featuretypelabel": "Channel Line", "huc12": "140200050111"}}, {"type": "Feature", "geometry": {"type": "LineString", "coordinates": [[-107.81371087613753, 39.06649607304283, 0.0], [-107.81360587619056, 39.066471673287786, 0.0], [-107.81345407676928, 39.066430206115726, 0.0], [-107.81327941016686, 39.0663984061319, 0.0], [-107.81309261004037, 39.066348872695364, 0.0], [-107.81286967675697, 39.06626407248868, 0.0], [-107.81268161026662, 39.06618767258011, 0.0], [-107.81256367652446, 39.066127405718106, 0.0], [-107.81242187664783, 39.06604967333076, 0.0], [-107.81228060960933, 39.06598107294385, 0.0], [-107.81210521019862, 39.065931272657224, 0.0], [-107.81187120966442, 39.06585587361238, 0.0], [-107.81159147650648, 39.0657994730335, 0.0], [-107.81138087551574, 39.06573247325398, 0.0], [-107.81108980970947, 39.06567647280062, 0.0], [-107.81087967555108, 39.065627473443314, 0.0], [-107.81056407552164, 39.06553600673794, 0.0], [-107.81029567559347, 39.0654704062389, 0.0], [-107.81000487637085, 39.065423406521326, 0.0], [-107.80970107601271, 39.06534047271818, 0.0], [-107.80946847570064, 39.06530107284365, 0.0], [-107.80925960957457, 39.0652792066179, 0.0], [-107.80903880989483, 39.06524840606913, 0.0], [-107.80886307606376, 39.065189606195624, 0.0], [-107.80871087698048, 39.06513920635342, 0.0], [-107.80862827613667, 39.065096205398866, 0.0], [-107.80855580920618, 39.065016872749354, 0.0], [-107.8085070763366, 39.06498200586188, 0.0]]}, "properties": {"gnisidlabel": "Marcott Creek", "featuretypelabel": "Channel Line", "huc12": "140200050111"}}, {"type": "Feature", "geometry": {"type": "LineString", "coordinates": [[-107.86755487672016, 39.00630027311596, 0.0], [-107.86745540961333, 39.0061226059629, 0.0]]}, "properties": {"gnisidlabel": null, "featuretypelabel": "Waterbody Connector", "huc12": "140200050111"}}, {"type": "Feature", "geometry": {"type": "LineString", "coordinates": [[-107.81702607598908, 39.04292020586617, 0.0], [-107.81687641021327, 39.04293280624128, 0.0], [-107.8166802762716, 39.042937606043196, 0.0], [-107.81648381056321, 39.04293327297839, 0.0], [-107.81632280932143, 39.04295520605211, 0.0], [-107.81617420956957, 39.042994873500064, 0.0], [-107.8160364752943, 39.043016206123355, 0.0], [-107.81592040956478, 39.04300100597619, 0.0], [-107.81576921033623, 39.04297760588868, 0.0], [-107.81564227512874, 39.04298067260435, 0.0], [-107.81548101073415, 39.0429936063556, 0.0], [-107.81521767617329, 39.043054006461055, 0.0], [-107.8149076097525, 39.04309747340056, 0.0], [-107.8145500092102, 39.04311520543688, 0.0], [-107.81428500898804, 39.043130605750804, 0.0], [-107.81400800997595, 39.043137272635896, 0.0], [-107.81377687545894, 39.04313380631528, 0.0], [-107.81353300931428, 39.043103606297024, 0.0], [-107.81329027546897, 39.04310047218019, 0.0], [-107.81296527667502, 39.043063272620756, 0.0], [-107.81267467629942, 39.04301627260583, 0.0], [-107.81233741075889, 39.042961406022506, 0.0], [-107.81204641069431, 39.042905272609325, 0.0], [-107.8118134099936, 39.04285687252524, 0.0], [-107.8116842762655, 39.04280600585485, 0.0], [-107.81155521025062, 39.04275500677393, 0.0], [-107.81146001021587, 39.042685272536964, 0.0], [-107.81135301019405, 39.04260667238903, 0.0], [-107.81124547620499, 39.04251920571785, 0.0], [-107.8111028100585, 39.04241460521149, 0.0], [-107.81098447579069, 39.04234527271048, 0.0]]}, "properties": {"gnisidlabel": null, "featuretypelabel": "Channel Line", "huc12": "140200050111"}}, {"type": "Feature", "geometry": {"type": "LineString", "coordinates": [[-107.81148154359282, 38.99916133924475, 0.0], [-107.81152600996677, 38.99916027230409, 0.0], [-107.81162901031168, 38.99915780631218, 0.0], [-107.81198747533803, 38.999176205933004, 0.0], [-107.81237727608925, 38.99910380547265, 0.0], [-107.8128852099367, 38.99910047297344, 0.0], [-107.81347767594946, 38.999194272925436, 0.0], [-107.81400141083579, 38.999298806394414, 0.0], [-107.81435727652193, 38.999542473039455, 0.0], [-107.81465527603905, 38.99977847250841, 0.0], [-107.81497327541828, 38.9999330065947, 0.0], [-107.81531127511052, 38.99998340560642, 0.0], [-107.81541007611102, 38.999999072928325, 0.0], [-107.81549767607761, 39.000055473129954, 0.0], [-107.8155798105346, 39.000089606000934, 0.0], [-107.81569660982288, 39.00012267275966, 0.0], [-107.81581260994923, 39.00013800632245, 0.0], [-107.8159856102549, 39.00013380608188, 0.0], [-107.81617127641465, 39.00015627369186, 0.0], [-107.81637881001052, 39.0001512729038, 0.0], [-107.8165640756461, 39.00016480625446, 0.0], [-107.81677467645285, 39.00023180593573, 0.0], [-107.8169836103811, 39.00026287318571, 0.0], [-107.8172050098702, 39.0003114731846, 0.0], [-107.81743987534875, 39.00041400535341, 0.0], [-107.81769620938239, 39.00047087280844, 0.0], [-107.81789547593084, 39.0005470732627, 0.0], [-107.81812800993762, 39.00058647346181, 0.0], [-107.81843081020754, 39.00065127285823, 0.0], [-107.81867587580737, 39.000717406107874, 0.0], [-107.81873934289546, 39.00073940598568, 0.0]]}, "properties": {"gnisidlabel": null, "featuretypelabel": "Channel Line", "huc12": "140200050111"}}, {"type": "Feature", "geometry": {"type": "LineString", "coordinates": [[-107.95856207680903, 38.81448127304501, 0.0], [-107.95874780991348, 38.81402847263379, 0.0], [-107.95860507518418, 38.81370100600944, 0.0], [-107.9586802096366, 38.813435405957314, 0.0], [-107.95888987607024, 38.813292673041914, 0.0]]}, "properties": {"gnisidlabel": null, "featuretypelabel": "Waterbody Connector", "huc12": "140200050105"}}, {"type": "Feature", "geometry": {"type": "LineString", "coordinates": [[-107.92392821058276, 38.89049447273801, 0.0], [-107.92393167537307, 38.890296206361114, 0.0], [-107.92396247550217, 38.89020540640229, 0.0], [-107.92393320915625, 38.89005287299664, 0.0], [-107.9238776097832, 38.88982007327997, 0.0], [-107.92383747619115, 38.88968600680459, 0.0], [-107.92381940933497, 38.88952420528425, 0.0], [-107.92375101041627, 38.88926467305081, 0.0], [-107.92368760995849, 38.889122072441175, 0.0], [-107.9236928099751, 38.888968805858404, 0.0], [-107.92365567573768, 38.888906673255015, 0.0], [-107.92361847621153, 38.888844605337624, 0.0], [-107.92358167677786, 38.88879147334155, 0.0], [-107.92344060984533, 38.88872287292734, 0.0], [-107.92305467606076, 38.88858840644929, 0.0], [-107.92275201007392, 38.888514872665915, 0.0], [-107.92220381017366, 38.8883574735466, 0.0], [-107.9220496099012, 38.88825327326023, 0.0], [-107.92191627595035, 38.88809440593383, 0.0], [-107.92187767583275, 38.887996273331815, 0.0], [-107.92181687669817, 38.88763747268706, 0.0], [-107.9218566109038, 38.88748327278787, 0.0], [-107.92188347559262, 38.8872934068103, 0.0], [-107.92195781053587, 38.88713840610814, 0.0], [-107.92206587592247, 38.88696447315545, 0.0], [-107.92232307711969, 38.88676887318154, 0.0], [-107.92246721042459, 38.88663020590416, 0.0], [-107.92258607579957, 38.886438005526735, 0.0], [-107.92268307646816, 38.88627340596115, 0.0], [-107.92272207697151, 38.88610120609891, 0.0], [-107.92280800971118, 38.885945872898205, 0.0], [-107.92287161037387, 38.885809206343176, 0.0], [-107.92299447527179, 38.88571607314342, 0.0], [-107.92317181073581, 38.885540406465964, 0.0], [-107.92329481080237, 38.88544727317465, 0.0], [-107.92335827525838, 38.885310606172794, 0.0], [-107.92339987509003, 38.88520140596013, 0.0], [-107.92345021082551, 38.88501987227455, 0.0], [-107.92353707628652, 38.88489167289744, 0.0], [-107.9236498759848, 38.88483467329222, 0.0], [-107.92382007610158, 38.88476740540368, 0.0], [-107.92399140972614, 38.884727072882, 0.0], [-107.92409241010974, 38.88466147304644, 0.0], [-107.92420540922429, 38.88460460575248, 0.0], [-107.92431641047678, 38.88450267301959, 0.0], [-107.92442640933965, 38.88437387336295, 0.0], [-107.92453527674613, 38.88421787308323, 0.0], [-107.92458807623626, 38.884099473698974, 0.0], [-107.92467387630174, 38.883944205557874, 0.0], [-107.92476760915252, 38.883698673452265, 0.0], [-107.92487567595715, 38.883524805510575, 0.0], [-107.92496120955794, 38.88336040598771, 0.0], [-107.92504401000056, 38.88313320542672, 0.0], [-107.92516001012433, 38.88286887329132, 0.0], [-107.92521167653736, 38.882723472253325, 0.0], [-107.92531081012476, 38.88261287306305, 0.0], [-107.92540041029055, 38.88254760660836, 0.0], [-107.92548947561193, 38.882473272397306, 0.0], [-107.92560387682519, 38.882452473213924, 0.0], [-107.92573021011238, 38.88244027292988, 0.0], [-107.92586801015821, 38.88242780567954, 0.0], [-107.92599287596123, 38.88237960580509, 0.0], [-107.92609427645164, 38.88232300597844, 0.0], [-107.92615027623661, 38.882285605989374, 0.0], [-107.92620607623637, 38.88223907312906, 0.0], [-107.9262726094282, 38.882174406151506, 0.0], [-107.92640781016816, 38.882099006043816, 0.0], [-107.92653147572743, 38.88202367259163, 0.0], [-107.92657420958966, 38.88194160596121, 0.0], [-107.92669801042639, 38.881866405880714, 0.0], [-107.9268546767825, 38.88175427305952, 0.0], [-107.9270464104807, 38.88165047293659, 0.0], [-107.92705927624858, 38.88163667267124, 0.0]]}, "properties": {"gnisidlabel": "Alfalfa Ditch", "featuretypelabel": "Canal", "huc12": "140200050105"}}, {"type": "Feature", "geometry": {"type": "LineString", "coordinates": [[-107.88094581080645, 39.06194340621146, 0.0], [-107.8807326768191, 39.061813406029124, 0.0], [-107.88049421014246, 39.0616302062141, 0.0], [-107.88018447630787, 39.06140360583275, 0.0], [-107.87991047594039, 39.06120320580588, 0.0], [-107.87964887635604, 39.06102040654317, 0.0], [-107.87936447611942, 39.06084727356963, 0.0], [-107.87917467645256, 39.0607258063418, 0.0], [-107.8790790105269, 39.06064707283537, 0.0], [-107.87899487537422, 39.060568072376654, 0.0], [-107.87893100981898, 39.06041647284043, 0.0], [-107.8788668107183, 39.06025600593411, 0.0], [-107.87882447612913, 39.0600678063525, 0.0], [-107.87878240974854, 39.05988867298645, 0.0], [-107.87874167628874, 39.05973647301425, 0.0], [-107.87870120905241, 39.05959340597659, 0.0], [-107.87868367606514, 39.059449673258655, 0.0], [-107.87869127650133, 39.05935040559358, 0.0], [-107.87873560989287, 39.05930420550484, 0.0], [-107.87879041058639, 39.059230873252794, 0.0], [-107.87887761002959, 39.05910260605964, 0.0], [-107.87893101070496, 39.058993072725585, 0.0], [-107.87896227553775, 39.05891120666153, 0.0], [-107.87905100956566, 39.05881900550447, 0.0], [-107.87917461031671, 39.05873487332405, 0.0], [-107.87929800971854, 39.05864167312517, 0.0], [-107.8793752100791, 39.058549672929914, 0.0], [-107.87945941073029, 39.058349472160586, 0.0], [-107.87957907649681, 39.058166273110615, 0.0], [-107.8797204103778, 39.057946605562, 0.0], [-107.87981987669285, 39.05783607216041, 0.0], [-107.87996327572158, 39.05767027336858, 0.0], [-107.88010720945283, 39.05751360612571, 0.0], [-107.88023241042043, 39.057339273113044, 0.0]]}, "properties": {"gnisidlabel": null, "featuretypelabel": "Channel Line", "huc12": "140200050111"}}, {"type": "Feature", "geometry": {"type": "LineString", "coordinates": [[-107.86194181063476, 38.98249207277162, 0.0], [-107.86208347609269, 38.98256967289281, 0.0], [-107.86234867635304, 38.98256320583567, 0.0], [-107.86265640967765, 38.98246560642012, 0.0], [-107.8627706104921, 38.98214740576254, 0.0], [-107.86306667602354, 38.98176180680893, 0.0], [-107.86344707609923, 38.981464073006975, 0.0], [-107.86411107525586, 38.98104247262437, 0.0], [-107.86453727537223, 38.980734672424475, 0.0], [-107.86465407540658, 38.98047947285525, 0.0], [-107.86469081021652, 38.98041560538668, 0.0]]}, "properties": {"gnisidlabel": "Surface Creek", "featuretypelabel": "Channel Line", "huc12": "140200050111"}}, {"type": "Feature", "geometry": {"type": "LineString", "coordinates": [[-107.8341154760922, 39.02652367291904, 0.0], [-107.83435280936118, 39.02639180546959, 0.0]]}, "properties": {"gnisidlabel": null, "featuretypelabel": "Waterbody Connector", "huc12": "140200050111"}}, {"type": "Feature", "geometry": {"type": "LineString", "coordinates": [[-107.80525827617248, 39.01760900523353, 0.0], [-107.80530167642222, 39.01755387302484, 0.0], [-107.80543581021418, 39.017442473004806, 0.0], [-107.8055374755755, 39.01738600599956, 0.0], [-107.80566160963409, 39.017311006099725, 0.0], [-107.80583440998025, 39.01729780625912, 0.0], [-107.80597267563529, 39.0172944059997, 0.0], [-107.80614327551037, 39.01722727272528, 0.0], [-107.80634781067302, 39.017141272556145, 0.0], [-107.80655301009321, 39.017073272375015, 0.0], [-107.80672467560959, 39.01703307223966, 0.0], [-107.80686307534474, 39.017029806440085, 0.0], [-107.80700120948941, 39.01701740627128, 0.0], [-107.80713920996436, 39.017005073122355, 0.0], [-107.80724100959128, 39.01694860592135, 0.0], [-107.80735420940958, 39.01689187308763, 0.0], [-107.80747967606837, 39.01685280608406, 0.0], [-107.80763980973867, 39.01681287333859, 0.0], [-107.80790507552146, 39.01680647308884, 0.0], [-107.80805480944765, 39.01679387334101, 0.0], [-107.80824907621194, 39.016744205745034, 0.0], [-107.8084792099604, 39.01672060539205, 0.0], [-107.80862947609694, 39.01672600661298, 0.0], [-107.80875580948137, 39.01670500666409, 0.0], [-107.8089496757623, 39.01664620605812, 0.0], [-107.80914261003032, 39.01656040580353, 0.0], [-107.80935727619584, 39.0164382055889, 0.0], [-107.80957360996942, 39.01636087317721, 0.0], [-107.80975387633214, 39.01624847258037, 0.0], [-107.80996807568397, 39.01611707344549, 0.0], [-107.81011447573329, 39.016023473461345, 0.0], [-107.81023780984394, 39.01593047351615, 0.0], [-107.81032767674616, 39.015865273256686, 0.0], [-107.81038567644613, 39.01587280562852, 0.0], [-107.81043147561653, 39.015862673454436, 0.0], [-107.81045380957781, 39.01584407271732, 0.0], [-107.81048601076311, 39.015780272542735, 0.0], [-107.81057507527916, 39.01569707331439, 0.0], [-107.81066487574006, 39.01563187260027, 0.0], [-107.8107982763067, 39.015502473280776, 0.0], [-107.81090841032747, 39.01536467353993, 0.0], [-107.81103160946967, 39.01527167332467, 0.0], [-107.8111540094679, 39.0151516056039, 0.0], [-107.81130041063102, 39.01505800593544, 0.0], [-107.81144887623103, 39.015018406170086, 0.0], [-107.81159647601943, 39.014951805316805, 0.0], [-107.8117438751628, 39.014885073082056, 0.0], [-107.8119350103192, 39.01475440600325, 0.0], [-107.81212720972925, 39.014650606796216, 0.0], [-107.81224081028009, 39.01460280561773, 0.0], [-107.8123392753442, 39.014465405891734, 0.0], [-107.81239347595302, 39.01437400582387, 0.0], [-107.81242440983861, 39.014283072482264, 0.0], [-107.8124912108847, 39.01421840636333, 0.0], [-107.81259140969631, 39.01412587297359, 0.0], [-107.81273901008467, 39.01405927338824, 0.0], [-107.81288641038803, 39.013992673041244, 0.0], [-107.8129766104724, 39.01393640603678, 0.0], [-107.8130548105044, 39.01387147353985, 0.0], [-107.81307607614626, 39.013825873608816, 0.0], [-107.81310860981125, 39.013771005302566, 0.0], [-107.81304867613328, 39.013718472925774, 0.0], [-107.81296627522237, 39.01367540615186, 0.0], [-107.81290680901888, 39.01363180571454, 0.0], [-107.81290527554815, 39.013595806468416, 0.0], [-107.81296160993809, 39.01355840542467, 0.0], [-107.81311987608191, 39.01347347311392, 0.0], [-107.81328940984054, 39.01337927311418, 0.0], [-107.81342541001005, 39.01331300578876, 0.0], [-107.81353747612722, 39.01322920596195, 0.0], [-107.81369547629572, 39.013135272943074, 0.0], [-107.81382960901246, 39.0130240058219, 0.0], [-107.81396307643901, 39.01289460585513, 0.0], [-107.81402680989451, 39.01275787286667, 0.0], [-107.81409180977425, 39.012648272493564, 0.0], [-107.8141330094107, 39.01252107356606, 0.0], [-107.81415027583827, 39.012376473012125, 0.0], [-107.81419187553703, 39.01225840589983, 0.0], [-107.81425640976563, 39.012139673381114, 0.0], [-107.81435741013618, 39.01206520665402, 0.0], [-107.81454967647839, 39.011961472200284, 0.0], [-107.814706210176, 39.01183160637642, 0.0], [-107.81489747573933, 39.011709805328316, 0.0], [-107.81503107549281, 39.01158047304729, 0.0], [-107.81516420942289, 39.01144220586838, 0.0], [-107.81528707526074, 39.01134000654899, 0.0], [-107.81542227663488, 39.01125567234774, 0.0]]}, "properties": {"gnisidlabel": "Caesar Creek", "featuretypelabel": "Channel Line", "huc12": "140200050111"}}, {"type": "Feature", "geometry": {"type": "LineString", "coordinates": [[-107.93485361012398, 38.87531020584699, 0.0], [-107.93481800966555, 38.87528400576341, 0.0], [-107.93480460993956, 38.87523927337569, 0.0], [-107.93482581023561, 38.875193805849925, 0.0], [-107.93484627562457, 38.87513020543232, 0.0], [-107.93489000995129, 38.875075006226766, 0.0], [-107.93493427644687, 38.87502887290954, 0.0], [-107.9349592105496, 38.874983206036816, 0.0], [-107.93511681042321, 38.87482160640851, 0.0], [-107.9351618766396, 38.8747484060118, 0.0], [-107.93484587570053, 38.87425180628821, 0.0], [-107.93480000985573, 38.874140273283835, 0.0], [-107.93479361068984, 38.87404587284861, 0.0], [-107.93492801055194, 38.87385327317731, 0.0], [-107.93496147595765, 38.873721873581005, 0.0], [-107.93499707534497, 38.87365340596801, 0.0], [-107.93560687604605, 38.87272360590983, 0.0], [-107.93579241080904, 38.87232707345473, 0.0], [-107.93585120957111, 38.87215447309438, 0.0], [-107.93587300983305, 38.87191060622655, 0.0], [-107.93600027638554, 38.87142540514394, 0.0], [-107.936005075228, 38.870776606859245, 0.0], [-107.936072810165, 38.87037400639765, 0.0], [-107.93613161025404, 38.870183405822495, 0.0], [-107.93619787610082, 38.87001507324594, 0.0], [-107.93632507596583, 38.869804605417336, 0.0], [-107.93657181042043, 38.86962720589085, 0.0], [-107.93666247549412, 38.86949440591931, 0.0], [-107.936794075114, 38.86915767261459, 0.0], [-107.93681287608874, 38.86901307307148, 0.0], [-107.93698241025524, 38.86880607329664, 0.0], [-107.9370212760057, 38.86873307241066, 0.0], [-107.93705341089345, 38.868371872899615, 0.0], [-107.93711140995647, 38.86819927311204, 0.0], [-107.93722240982791, 38.86801180583113, 0.0], [-107.93743621006168, 38.86778560644458, 0.0], [-107.93750380986498, 38.86769387302387, 0.0], [-107.93754861037216, 38.86754407379143, 0.0], [-107.93755060928555, 38.867345872692944, 0.0], [-107.93758927606302, 38.86721427293041, 0.0], [-107.93763800968104, 38.86712287294238, 0.0], [-107.93778180958375, 38.866948072211756, 0.0], [-107.93801540960224, 38.866532272998, 0.0], [-107.93808807638223, 38.86645387295603, 0.0], [-107.93839661004178, 38.866248006406515, 0.0], [-107.93848787498989, 38.86616907292669, 0.0], [-107.93877280958223, 38.86570247313002, 0.0], [-107.93886907536414, 38.86559187282528, 0.0], [-107.93897041058432, 38.86550827273545, 0.0], [-107.93913060941145, 38.86541860615031, 0.0], [-107.9393146099969, 38.86534187315992, 0.0], [-107.93967500968668, 38.86526980605088, 0.0], [-107.9397792761969, 38.86523560627613, 0.0], [-107.9400556754836, 38.86504400627761, 0.0], [-107.9403924106226, 38.86494540614707, 0.0], [-107.94049300958511, 38.864906873828375, 0.0], [-107.9406892759453, 38.86478027368589, 0.0], [-107.94089001065903, 38.8646310722872, 0.0], [-107.94110967587149, 38.86443187263312, 0.0], [-107.94121161007824, 38.86430307259798, 0.0], [-107.94132560997704, 38.86409307274251, 0.0], [-107.9413984752554, 38.86385700601718, 0.0], [-107.94144621023453, 38.86376567290992, 0.0], [-107.94153707586759, 38.8636732732778, 0.0], [-107.94174061010898, 38.86352400619443, 0.0], [-107.94183841004055, 38.863427006291275, 0.0], [-107.9421214092165, 38.86296940594932, 0.0], [-107.94217860966508, 38.86284627349821, 0.0], [-107.94228187574721, 38.86250140625171, 0.0], [-107.94254227527681, 38.8623100733071, 0.0], [-107.94272881001355, 38.86188647338711, 0.0], [-107.9431220107531, 38.86137207260746, 0.0], [-107.9434958761169, 38.8610788729729, 0.0], [-107.94360841066522, 38.860954406231784, 0.0], [-107.94388840924735, 38.86079420574394, 0.0], [-107.94405047638563, 38.860655005189294, 0.0], [-107.94459287665046, 38.86041600596531, 0.0], [-107.94496867595315, 38.8602760062453, 0.0], [-107.94515347642546, 38.86023067292109, 0.0], [-107.94549447637087, 38.86018607332307, 0.0], [-107.9455902762187, 38.860152206495016, 0.0], [-107.94566407627076, 38.86010980662779, 0.0], [-107.94577861005322, 38.85997620538921, 0.0], [-107.9458500108032, 38.85982127306729, 0.0], [-107.9458692097173, 38.85937480595544, 0.0], [-107.94588867563272, 38.8592842054442, 0.0], [-107.9459264758067, 38.85921567364262, 0.0], [-107.94604820973065, 38.85912700574791, 0.0], [-107.9464452765745, 38.85890540581241, 0.0], [-107.94650021066796, 38.85884540608709, 0.0], [-107.94654321104612, 38.858704673346246, 0.0], [-107.94659087684359, 38.85864487332007, 0.0], [-107.94695727617598, 38.85844187308991, 0.0], [-107.94712947559553, 38.85830700618563, 0.0], [-107.94749241057157, 38.857982472767276, 0.0], [-107.94756047519382, 38.85789520574494, 0.0], [-107.94759447659344, 38.8578132053966, 0.0], [-107.94765721060176, 38.857518872767415, 0.0], [-107.94778421019501, 38.85731747269519, 0.0], [-107.94797127686945, 38.85716860649709, 0.0], [-107.9480778765503, 38.85711627294676, 0.0], [-107.94851100948678, 38.857006273129684, 0.0], [-107.94866280989973, 38.856948405982266, 0.0], [-107.9487764100404, 38.85686447326806, 0.0], [-107.94903367674041, 38.85659220618628, 0.0], [-107.94924747667343, 38.85651020570532, 0.0], [-107.94930287659412, 38.85647280645552, 0.0], [-107.94934081099811, 38.85630060614831, 0.0], [-107.94935361077374, 38.85605260587533, 0.0], [-107.94932521012825, 38.855359605935504, 0.0], [-107.94929447582807, 38.85509007342318, 0.0], [-107.94930267530606, 38.85492767324886, 0.0], [-107.9493292761412, 38.85486840631269, 0.0], [-107.95004347578421, 38.854246873328925, 0.0], [-107.9504318752913, 38.85374600608414, 0.0], [-107.95127727574598, 38.85287780605218, 0.0], [-107.95175360963374, 38.852289073682925, 0.0]]}, "properties": {"gnisidlabel": null, "featuretypelabel": "Channel Line", "huc12": "140200050105"}}, {"type": "Feature", "geometry": {"type": "LineString", "coordinates": [[-107.95897987603949, 38.81287160523017, 0.0], [-107.95902807557555, 38.812595473235106, 0.0], [-107.95912947602808, 38.81243080574173, 0.0], [-107.95943007559346, 38.81206287299834, 0.0], [-107.9597980759167, 38.81181927258638, 0.0], [-107.95983427594808, 38.81175080669177, 0.0], [-107.95984621075823, 38.811606272818814, 0.0], [-107.959883409702, 38.81154227259236, 0.0], [-107.95996500991248, 38.811463673483686, 0.0], [-107.96022540987359, 38.81129940669256, 0.0], [-107.96032327578897, 38.81121140563816, 0.0], [-107.96050780984069, 38.81098600597766, 0.0], [-107.96103361015705, 38.81026547336914, 0.0], [-107.9611428754138, 38.81017247347255, 0.0], [-107.96162987598481, 38.80986740621782, 0.0], [-107.96184200976181, 38.80979887343665, 0.0], [-107.96203727647756, 38.809780472967674, 0.0], [-107.96217381034467, 38.809732005634224, 0.0], [-107.9623020100145, 38.80967020633148, 0.0], [-107.96247540965837, 38.80955320646507, 0.0], [-107.96285327630616, 38.80927327314382, 0.0], [-107.96316240966492, 38.80901767259732, 0.0], [-107.9636560770076, 38.80848707286779, 0.0], [-107.9640028105124, 38.80818547305913, 0.0], [-107.9640894762346, 38.808039205321016, 0.0], [-107.9642098105312, 38.807689272789105, 0.0], [-107.96442827575756, 38.80730080668035, 0.0], [-107.964488275657, 38.80715967257104, 0.0], [-107.96448620891954, 38.8069570053106, 0.0], [-107.96434167584661, 38.80643820578099, 0.0]]}, "properties": {"gnisidlabel": null, "featuretypelabel": "Channel Line", "huc12": "140200050105"}}, {"type": "Feature", "geometry": {"type": "LineString", "coordinates": [[-107.87942954353665, 39.05103147294311, 0.0], [-107.87712494299488, 39.04967787367805, 0.0]]}, "properties": {"gnisidlabel": null, "featuretypelabel": "Waterbody Connector", "huc12": "140200050111"}}, {"type": "Feature", "geometry": {"type": "LineString", "coordinates": [[-107.84957674259518, 39.01424460570673, 0.0], [-107.84955967602374, 39.01421007248572, 0.0], [-107.84950701052675, 39.01404927354327, 0.0], [-107.84948821024865, 39.01386947288356, 0.0], [-107.84944820968562, 39.01373527330004, 0.0], [-107.84939527687966, 39.013565472721275, 0.0], [-107.84931947648747, 39.01340507250969, 0.0], [-107.84923341008971, 39.01327220603611, 0.0], [-107.84920480949735, 39.013137672748186, 0.0], [-107.84920087662684, 39.013038673435226, 0.0], [-107.84918320988187, 39.01288600623043, 0.0], [-107.84913961032927, 39.01266180623127, 0.0], [-107.84902880977918, 39.012493405395176, 0.0], [-107.84892927614418, 39.01231547323047, 0.0], [-107.84887741034525, 39.012172673294884, 0.0], [-107.84879147604643, 39.012048672581216, 0.0], [-107.84867187642634, 39.01194347287243, 0.0], [-107.84858780910245, 39.01186440563916, 0.0], [-107.84854967515328, 39.01177527266243, 0.0], [-107.84853887645195, 39.011739472588815, 0.0], [-107.84853614299753, 39.01173020605338, 0.0]]}, "properties": {"gnisidlabel": null, "featuretypelabel": "Channel Line", "huc12": "140200050111"}}, {"type": "Feature", "geometry": {"type": "LineString", "coordinates": [[-107.84547074225047, 39.05912713891931, 0.0], [-107.84587654325112, 39.05881193912222, 0.0], [-107.84635981045953, 39.058490739504464, 0.0], [-107.84657021046073, 39.05837973947466, 0.0], [-107.8468138764564, 39.05804887364579, 0.0], [-107.84692487623408, 39.0578560062738, 0.0], [-107.84716094330521, 39.057470273459344, 0.0], [-107.84729934334723, 39.057189406163566, 0.0], [-107.8474704756191, 39.057022339116926, 0.0]]}, "properties": {"gnisidlabel": null, "featuretypelabel": "Channel Line", "huc12": "140200050111"}}, {"type": "Feature", "geometry": {"type": "LineString", "coordinates": [[-107.88659287585892, 39.0430288061405, 0.0], [-107.88652281005959, 39.04353047289775, 0.0], [-107.88627101061736, 39.043955673063856, 0.0], [-107.88596220957714, 39.0442470732002, 0.0], [-107.88571700892297, 39.044519006011164, 0.0], [-107.88554987530418, 39.044973473574785, 0.0], [-107.88552987601274, 39.045217273224026, 0.0], [-107.88565707635077, 39.04534020600146, 0.0], [-107.88573121047824, 39.04547360571842, 0.0]]}, "properties": {"gnisidlabel": null, "featuretypelabel": "Channel Line", "huc12": "140200050111"}}, {"type": "Feature", "geometry": {"type": "LineString", "coordinates": [[-107.92466839717, 38.915696464220154, 0.0], [-107.92456781051267, 38.91562267379828, 0.0], [-107.92439987604367, 38.91546480606067, 0.0], [-107.92431447555026, 38.91534980584442, 0.0], [-107.92420187625466, 38.91513640560633, 0.0], [-107.92417001023898, 38.91492100574209, 0.0], [-107.9241224761777, 38.9146068735797, 0.0], [-107.92413667486477, 38.91411100590353, 0.0], [-107.92413160973061, 38.91370580653638, 0.0], [-107.9241606757463, 38.91329060652167, 0.0], [-107.92418607567583, 38.913064672859036, 0.0], [-107.92412807704177, 38.9127778731643, 0.0], [-107.92416500950465, 38.912551806254676, 0.0], [-107.92421480957972, 38.91236140589618, 0.0], [-107.92422927578193, 38.912153673293666, 0.0], [-107.92416521029337, 38.91171387272874, 0.0], [-107.92417861101642, 38.91147940560053, 0.0], [-107.92422660978754, 38.91124400629426, 0.0], [-107.92429981016441, 38.91106187331909, 0.0], [-107.92430427627552, 38.91089060573512, 0.0], [-107.9243318100601, 38.91071867337964, 0.0], [-107.924363809868, 38.91065487305721, 0.0], [-107.92443887563691, 38.910517873350386, 0.0], [-107.92450320976181, 38.91039907325096, 0.0], [-107.9245920754913, 38.910036473716644, 0.0], [-107.92462601045096, 38.90973840618696, 0.0], [-107.92460847639191, 38.9095946729951, 0.0], [-107.92457547613981, 38.909352272713576, 0.0], [-107.92447341048393, 38.90911160660028, 0.0], [-107.92424307546739, 38.90883807305194, 0.0], [-107.92413467532103, 38.908723673371014, 0.0], [-107.92406780958369, 38.90850007312301, 0.0], [-107.92398641022935, 38.90820480565594, 0.0], [-107.92396827592188, 38.908043206298075, 0.0], [-107.92397507577944, 38.90764660558109, 0.0], [-107.92398900963563, 38.90714180629652, 0.0], [-107.92398120985985, 38.9066734733362, 0.0], [-107.92403107606317, 38.90648300644049, 0.0], [-107.9240370101926, 38.90634780554327, 0.0], [-107.92411180944127, 38.90620167307245, 0.0], [-107.92414327556953, 38.90612887266898, 0.0], [-107.92416307636097, 38.90604727368463, 0.0], [-107.92410041085452, 38.90592267339996, 0.0], [-107.92398807621201, 38.905718273057616, 0.0], [-107.923969010344, 38.90552960601525, 0.0], [-107.92394880978122, 38.905322873721325, 0.0], [-107.92396421013284, 38.90513327340648, 0.0], [-107.92391480998512, 38.90505347290628, 0.0], [-107.92369147547194, 38.90495100562019, 0.0], [-107.92361980996137, 38.904889672910876, 0.0], [-107.92352920984132, 38.904648672410175, 0.0], [-107.92343941037996, 38.904425673373794, 0.0], [-107.92339407630185, 38.90416560592884, 0.0], [-107.9234130100116, 38.90406607292606, 0.0], [-107.92338481011643, 38.9039406057722, 0.0], [-107.92341427536186, 38.90381380615524, 0.0], [-107.92345400990207, 38.90365967351195, 0.0], [-107.923481476386, 38.903487805959195, 0.0], [-107.9234422092908, 38.90337160534304, 0.0], [-107.92330401034702, 38.90309580641644, 0.0], [-107.92319147499781, 38.90288240566686, 0.0], [-107.92310160997631, 38.90265940611649, 0.0], [-107.92299280969823, 38.90253600614812, 0.0], [-107.92289821111915, 38.902475273669175, 0.0], [-107.92274547585188, 38.9024070733483, 0.0], [-107.9226504107557, 38.902337406403426, 0.0], [-107.92257607518529, 38.90221307320468, 0.0], [-107.92247867550816, 38.9020894736015, 0.0], [-107.92239441018211, 38.90200147281902, 0.0], [-107.9222280102672, 38.90187947265184, 0.0], [-107.92197947608138, 38.901723605161685, 0.0], [-107.92179187675625, 38.901647205614715, 0.0], [-107.92162847572811, 38.90159720605282, 0.0], [-107.92143120980668, 38.90156620567959, 0.0], [-107.92119847593675, 38.90151787327886, 0.0]]}, "properties": {"gnisidlabel": "Big Ditch", "featuretypelabel": "Channel Line", "huc12": "140200050111"}}, {"type": "Feature", "geometry": {"type": "LineString", "coordinates": [[-107.8606996764547, 39.02127967368519, 0.0], [-107.86190567595509, 39.020247606347716, 0.0]]}, "properties": {"gnisidlabel": "Milk Creek", "featuretypelabel": "Waterbody Connector", "huc12": "140200050111"}}, {"type": "Feature", "geometry": {"type": "LineString", "coordinates": [[-107.86423707600925, 39.016499072545805, 0.0], [-107.86430227628531, 39.01639827259295, 0.0], [-107.8643208763846, 39.01628980602973, 0.0], [-107.86431407530516, 39.016118872882295, 0.0], [-107.86436487623486, 39.01594640626857, 0.0], [-107.86442640998709, 39.01575567235104, 0.0], [-107.86453240995627, 39.01551880620123, 0.0], [-107.86464940973141, 39.015272672368056, 0.0], [-107.86475581026895, 39.01504487361932, 0.0], [-107.86480647549969, 39.014872405643096, 0.0], [-107.86489267644903, 39.014717206551474, 0.0], [-107.86496687682397, 39.014553205984775, 0.0], [-107.86500707617799, 39.01440800586481, 0.0]]}, "properties": {"gnisidlabel": "Milk Creek", "featuretypelabel": "Channel Line", "huc12": "140200050111"}}, {"type": "Feature", "geometry": {"type": "LineString", "coordinates": [[-107.82486387507012, 39.023638939323284, 0.0], [-107.82496381048593, 39.02352060624956, 0.0], [-107.82518241048238, 39.02320900643896, 0.0], [-107.82540321056334, 39.02295140618699, 0.0], [-107.82552207557187, 39.02275027305809, 0.0], [-107.82564120933012, 39.02254920536838, 0.0], [-107.82571621044723, 39.02240320666924, 0.0], [-107.82585841091078, 39.02220160660259, 0.0], [-107.8260000106316, 39.02199100649499, 0.0], [-107.82608587635939, 39.021826672940705, 0.0], [-107.82619340986894, 39.021625873337804, 0.0], [-107.82627927659513, 39.02146167295374, 0.0], [-107.82631887608896, 39.02129847364164, 0.0], [-107.82640521052545, 39.02114327356019, 0.0], [-107.8264586108454, 39.02103387302986, 0.0], [-107.82654621063685, 39.020914672885525, 0.0], [-107.82660967548134, 39.020768873186476, 0.0], [-107.82670681032663, 39.02059547309881, 0.0], [-107.82676980965748, 39.02044067286832, 0.0], [-107.82683407522082, 39.02031307349735, 0.0], [-107.82697760944548, 39.020147405613486, 0.0], [-107.82709920993928, 39.02000927320294, 0.0], [-107.82722100960875, 39.019880206131205, 0.0]]}, "properties": {"gnisidlabel": null, "featuretypelabel": "Channel Line", "huc12": "140200050111"}}, {"type": "Feature", "geometry": {"type": "LineString", "coordinates": [[-107.87950927570185, 39.04763640680784, 0.0], [-107.87875507563075, 39.04758247300542, 0.0]]}, "properties": {"gnisidlabel": null, "featuretypelabel": "Waterbody Connector", "huc12": "140200050111"}}, {"type": "Feature", "geometry": {"type": "LineString", "coordinates": [[-107.84797687562663, 39.031084272826256, 0.0], [-107.84801861034224, 39.03102360634534, 0.0], [-107.84815034242288, 39.03079220598567, 0.0], [-107.84834581006345, 39.03059887304763, 0.0], [-107.84852060962513, 39.03045513937258, 0.0], [-107.8487587427061, 39.03030553948459, 0.0], [-107.84902520998217, 39.03018327347812, 0.0], [-107.84943381033183, 39.03005120608266, 0.0]]}, "properties": {"gnisidlabel": null, "featuretypelabel": "Channel Line", "huc12": "140200050111"}}, {"type": "Feature", "geometry": {"type": "LineString", "coordinates": [[-107.83749561036221, 39.045424472438334, 0.0], [-107.83794987623244, 39.04498920529061, 0.0]]}, "properties": {"gnisidlabel": null, "featuretypelabel": "Waterbody Connector", "huc12": "140200050111"}}, {"type": "Feature", "geometry": {"type": "LineString", "coordinates": [[-107.81873421005734, 39.01515767234747, 0.0], [-107.81879827508804, 39.015138205983426, 0.0], [-107.81892161045884, 39.01504507262896, 0.0], [-107.81907740990351, 39.014897206049966, 0.0], [-107.81922200988673, 39.0147584732309, 0.0], [-107.81934321039185, 39.01461147280384, 0.0], [-107.819568609475, 39.014470873621015, 0.0], [-107.81981707551043, 39.01432980611369, 0.0], [-107.820158074986, 39.01419540581746, 0.0], [-107.82041847560764, 39.014062872679354, 0.0], [-107.82061181073946, 39.01398620614259, 0.0], [-107.8207610101961, 39.013964473300376, 0.0], [-107.82093427525676, 39.01396940576301, 0.0], [-107.82114320995748, 39.01399140633068, 0.0], [-107.82135007582049, 39.01396840594677, 0.0], [-107.82149900943044, 39.013937672250194, 0.0], [-107.82164827580647, 39.01391600602446, 0.0], [-107.82177627662766, 39.01394000592537, 0.0], [-107.82191640985397, 39.013981605754, 0.0], [-107.82200981089895, 39.014006406043194, 0.0], [-107.8221724101943, 39.014029473317365, 0.0]]}, "properties": {"gnisidlabel": "Beaver Creek", "featuretypelabel": "Channel Line", "huc12": "140200050111"}}, {"type": "Feature", "geometry": {"type": "LineString", "coordinates": [[-107.88213894250356, 39.062629406538996, 0.0], [-107.88093267639707, 39.06226920611091, 0.0]]}, "properties": {"gnisidlabel": null, "featuretypelabel": "Waterbody Connector", "huc12": "140200050111"}}, {"type": "Feature", "geometry": {"type": "LineString", "coordinates": [[-107.85858954213035, 39.05922073858718, 0.0], [-107.85890641091883, 39.059202538961436, 0.0], [-107.85910981033591, 39.05910253858711, 0.0], [-107.85939754316433, 39.05898013895555, 0.0], [-107.85970647539885, 39.05886307238184, 0.0], [-107.8600292101647, 39.05871847367374, 0.0], [-107.8603449427082, 39.05857393875533, 0.0], [-107.86048467630157, 39.058446872863264, 0.0], [-107.86066894181533, 39.05815653840392, 0.0]]}, "properties": {"gnisidlabel": null, "featuretypelabel": "Channel Line", "huc12": "140200050111"}}, {"type": "Feature", "geometry": {"type": "LineString", "coordinates": [[-107.90049467599637, 39.06276020653145, 0.0], [-107.89973960939315, 39.062891605495636, 0.0]]}, "properties": {"gnisidlabel": "West Fork Bonita Surface Creek", "featuretypelabel": "Waterbody Connector", "huc12": "140200050111"}}, {"type": "Feature", "geometry": {"type": "LineString", "coordinates": [[-107.86785960997845, 39.06666247291911, 0.0], [-107.86798587597623, 39.06664140590813, 0.0], [-107.86814640960681, 39.066610406191295, 0.0], [-107.86836441068503, 39.06656900613506, 0.0], [-107.86861547514208, 39.06649080561092, 0.0], [-107.8688434096738, 39.06641307312535, 0.0], [-107.86900207645203, 39.06633707275084, 0.0], [-107.86906840959604, 39.06626340604232, 0.0], [-107.86917840944051, 39.06612560621877, 0.0], [-107.86932381053, 39.066004873098215, 0.0], [-107.86949181001143, 39.06587460591508, 0.0], [-107.86958201010904, 39.06581827349491, 0.0], [-107.86963681068184, 39.065744872463064, 0.0]]}, "properties": {"gnisidlabel": null, "featuretypelabel": "Channel Line", "huc12": "140200050111"}}, {"type": "Feature", "geometry": {"type": "LineString", "coordinates": [[-107.8603206097421, 39.03873260603895, 0.0], [-107.86027027597736, 39.038695806426674, 0.0], [-107.86018561001731, 39.03859867313127, 0.0], [-107.8600740762909, 39.038412273509444, 0.0], [-107.85998600962165, 39.03823427262621, 0.0], [-107.859829475243, 39.03807587326965, 0.0], [-107.85966180956825, 39.037926872889095, 0.0], [-107.85955247594275, 39.03779440582091, 0.0], [-107.85947707690036, 39.03764307373259, 0.0], [-107.85944781010652, 39.03749067372194, 0.0], [-107.85938320971064, 39.03732120644694, 0.0], [-107.85926127595543, 39.037161872680926, 0.0], [-107.85911547646846, 39.03698527299227, 0.0], [-107.85890021005031, 39.03680140601752, 0.0], [-107.8587440108272, 39.036652205837406, 0.0], [-107.85868300962485, 39.03657247278866, 0.0], [-107.85858667621858, 39.03647580640046, 0.0], [-107.85842107552058, 39.036380806340894, 0.0], [-107.8583148100061, 39.03632027321131, 0.0], [-107.85817440906779, 39.03627867250876, 0.0], [-107.85801147634422, 39.03624667276522, 0.0], [-107.85782280969461, 39.036152206826465, 0.0], [-107.8577502759264, 39.036072873164045, 0.0], [-107.85768640937411, 39.035921272348546, 0.0], [-107.85757167615829, 39.03565387330137, 0.0], [-107.85748540996359, 39.0355208061496, 0.0], [-107.85741180978918, 39.035414472408945, 0.0], [-107.85726681006324, 39.03525587308449, 0.0], [-107.85713367596941, 39.035106006069846, 0.0], [-107.85701261077176, 39.034964873632404, 0.0], [-107.85692780996295, 39.034867805973924, 0.0], [-107.85680907595098, 39.03478960595873, 0.0], [-107.8565978095979, 39.03470480626633, 0.0], [-107.8563392102631, 39.03459387263481, 0.0], [-107.85623387568214, 39.03456040558419, 0.0], [-107.85614007650254, 39.034526805303024, 0.0], [-107.85596447532565, 39.034468005985346, 0.0], [-107.85583540933936, 39.03441707241847, 0.0], [-107.85570660942754, 39.034375206019526, 0.0], [-107.85557707578506, 39.03431540618131, 0.0]]}, "properties": {"gnisidlabel": "West Fork Bonita Surface Creek", "featuretypelabel": "Channel Line", "huc12": "140200050111"}}, {"type": "Feature", "geometry": {"type": "LineString", "coordinates": [[-107.8186908097943, 39.0289366730727, 0.0], [-107.81868894325233, 39.02871693919452, 0.0], [-107.8187008761333, 39.02846420573872, 0.0], [-107.81867580989531, 39.02799747267782, 0.0], [-107.81875041062841, 39.027656538761036, 0.0], [-107.81878934265161, 39.027260873522835, 0.0], [-107.81896147672505, 39.026798605583586, 0.0], [-107.81896947609995, 39.02642247310058, 0.0]]}, "properties": {"gnisidlabel": null, "featuretypelabel": "Channel Line", "huc12": "140200050111"}}, {"type": "Feature", "geometry": {"type": "LineString", "coordinates": [[-107.83987280984518, 39.03098727291977, 0.0], [-107.83979567497202, 39.03079100568855, 0.0]]}, "properties": {"gnisidlabel": null, "featuretypelabel": "Waterbody Connector", "huc12": "140200050111"}}, {"type": "Feature", "geometry": {"type": "LineString", "coordinates": [[-107.8009886096398, 39.05754500551751, 0.0], [-107.80157414320033, 39.057641005324456, 0.0], [-107.8023128763718, 39.057516472756355, 0.0], [-107.80287520973745, 39.05736533961641, 0.0], [-107.80350847668221, 39.057263273104105, 0.0], [-107.80399234364918, 39.05699167340681, 0.0], [-107.8043852098861, 39.056792005952616, 0.0], [-107.80460240914859, 39.056653605682676, 0.0], [-107.80476294246809, 39.05647147329006, 0.0], [-107.80486141043376, 39.056335405788246, 0.0]]}, "properties": {"gnisidlabel": null, "featuretypelabel": "Channel Line", "huc12": "140200050111"}}, {"type": "Feature", "geometry": {"type": "LineString", "coordinates": [[-107.86072760963438, 39.05658960584547, 0.0], [-107.86182314349871, 39.05633767312982, 0.0]]}, "properties": {"gnisidlabel": null, "featuretypelabel": "Surface Connector", "huc12": "140200050111"}}, {"type": "Feature", "geometry": {"type": "LineString", "coordinates": [[-107.85578181057426, 39.03538227323553, 0.0], [-107.8558100100507, 39.035219473105315, 0.0]]}, "properties": {"gnisidlabel": null, "featuretypelabel": "Waterbody Connector", "huc12": "140200050111"}}, {"type": "Feature", "geometry": {"type": "LineString", "coordinates": [[-107.8468790764828, 39.02025740597825, 0.0], [-107.84686707596029, 39.02024200629708, 0.0], [-107.84650441074098, 39.019792206058085, 0.0], [-107.84571494358268, 39.01963447351746, 0.0], [-107.84477947576579, 39.01998460666804, 0.0]]}, "properties": {"gnisidlabel": null, "featuretypelabel": "Waterbody Connector", "huc12": "140200050111"}}, {"type": "Feature", "geometry": {"type": "LineString", "coordinates": [[-107.86099887556449, 39.043137405688455, 0.0], [-107.86098027614368, 39.04311980654682, 0.0], [-107.86092827537597, 39.04297700655917, 0.0], [-107.86084347593206, 39.04287987264605, 0.0], [-107.86077100966483, 39.04280067364488, 0.0], [-107.86065447606563, 39.04277640638183, 0.0], [-107.86048067613669, 39.04276267245629, 0.0], [-107.86028341017862, 39.04274047281037, 0.0], [-107.86009647661552, 39.042691072583914, 0.0], [-107.85994427568899, 39.042640673779914, 0.0], [-107.8597552769313, 39.042537272665065, 0.0], [-107.85956627606511, 39.042433805520965, 0.0], [-107.85943500949058, 39.04232887289251, 0.0], [-107.85924607590574, 39.042225472930255, 0.0], [-107.85906747665521, 39.04209467244731, 0.0], [-107.85883147617373, 39.04197427339447, 0.0], [-107.85863127617222, 39.04188020637498, 0.0], [-107.8584538764486, 39.04177640596588, 0.0], [-107.8582998099861, 39.04168107350693, 0.0], [-107.85815807587801, 39.041603472524166, 0.0], [-107.85801740969654, 39.0415528062793, 0.0], [-107.85791067612497, 39.04148340606728, 0.0], [-107.8577800101671, 39.04139647288775, 0.0], [-107.85768367559865, 39.04129980590864, 0.0], [-107.85759867588071, 39.041193673586676, 0.0], [-107.85747880995433, 39.04108860597471, 0.0], [-107.85732480986067, 39.04099327325495, 0.0], [-107.857193209984, 39.040879405680634, 0.0], [-107.85707340921392, 39.04077420630562, 0.0], [-107.85701167581556, 39.04067667247426, 0.0], [-107.85697127538513, 39.04053347356018, 0.0], [-107.85694167692833, 39.04037200542629, 0.0], [-107.85692467589963, 39.04023727337139, 0.0], [-107.85684967607136, 39.0400950063299, 0.0], [-107.85680961018338, 39.03996080629842, 0.0], [-107.85677127533366, 39.039871673484754, 0.0], [-107.85669840979631, 39.03978340597697, 0.0], [-107.85662700995529, 39.03973107257311, 0.0], [-107.85662447677984, 39.03966807283753, 0.0], [-107.8565982097985, 39.0395876053787, 0.0], [-107.85656021044501, 39.03950747322326, 0.0], [-107.85643081040597, 39.039447605465156, 0.0], [-107.85628940985964, 39.03937900648911, 0.0], [-107.85616061048314, 39.039337073158634, 0.0], [-107.85606467603621, 39.039249405706926, 0.0], [-107.85599107610241, 39.03914307293662, 0.0], [-107.85589340922388, 39.03901027234442, 0.0], [-107.85580707626225, 39.03887727322068, 0.0], [-107.85574327567744, 39.038725673359224, 0.0], [-107.8557010096199, 39.03853747301335, 0.0], [-107.8556476097347, 39.03835860666404, 0.0], [-107.85565547569497, 39.03826840627092, 0.0], [-107.85566241031206, 39.038151072975374, 0.0], [-107.85570447593251, 39.03805100582002, 0.0], [-107.85577047586855, 39.03796827281823, 0.0], [-107.8557902767148, 39.037886672720155, 0.0]]}, "properties": {"gnisidlabel": null, "featuretypelabel": "Channel Line", "huc12": "140200050111"}}, {"type": "Feature", "geometry": {"type": "LineString", "coordinates": [[-107.85205640943458, 39.043050205821274, 0.0], [-107.85207007586438, 39.043040872319324, 0.0], [-107.85210301034975, 39.04299507286294, 0.0], [-107.85211227543674, 39.042940672516416, 0.0]]}, "properties": {"gnisidlabel": "Bonita Creek", "featuretypelabel": "Channel Line", "huc12": "140200050111"}}, {"type": "Feature", "geometry": {"type": "LineString", "coordinates": [[-107.83342567592776, 39.047414605968854, 0.0], [-107.83352127563589, 39.04749340578382, 0.0], [-107.8336872100306, 39.047597472764544, 0.0], [-107.83391301051665, 39.047754206151104, 0.0], [-107.83417367670705, 39.04791900647396, 0.0], [-107.83442301016183, 39.04808400524638, 0.0], [-107.83468300994072, 39.04823087289503, 0.0], [-107.83488607626703, 39.04839707259594, 0.0], [-107.83510141033751, 39.04858107343805, 0.0], [-107.83529441019841, 39.04878360547571, 0.0], [-107.8354512768105, 39.04895100560482, 0.0], [-107.8356312768374, 39.04911780569194, 0.0], [-107.83585807634135, 39.04930140536475, 0.0], [-107.83608387535553, 39.04945807314611, 0.0], [-107.8363456765372, 39.04964987315108, 0.0], [-107.83665407510394, 39.049849673436185, 0.0], [-107.83688040975007, 39.050015273396355, 0.0], [-107.83709600928805, 39.050208272896114, 0.0], [-107.83728721000335, 39.050365673328706, 0.0], [-107.83737301045574, 39.05048980647004, 0.0], [-107.83743261045674, 39.05053340566232, 0.0], [-107.83759767644784, 39.05061947274673, 0.0], [-107.83779720995699, 39.05069567328348, 0.0], [-107.83796060987174, 39.05073680578928, 0.0], [-107.83816840993467, 39.050731673116296, 0.0], [-107.83836461060946, 39.05072687303561, 0.0], [-107.83853767580412, 39.050722673080884, 0.0], [-107.8386100096446, 39.05073473908157, 0.0]]}, "properties": {"gnisidlabel": null, "featuretypelabel": "Channel Line", "huc12": "140200050111"}}, {"type": "Feature", "geometry": {"type": "LineString", "coordinates": [[-107.78923821091887, 39.008138139205734, 0.0], [-107.7900422759265, 39.00836467293941, 0.0], [-107.79068367665307, 39.00848220564409, 0.0], [-107.79136720966858, 39.00859947280784, 0.0], [-107.79184714313172, 39.00876720620847, 0.0], [-107.79200261000523, 39.00884880627628, 0.0], [-107.792192476434, 39.00883680648404, 0.0], [-107.79233987579532, 39.00878667275072, 0.0], [-107.7924392753963, 39.00881747321647, 0.0]]}, "properties": {"gnisidlabel": null, "featuretypelabel": "Channel Line", "huc12": "140200050111"}}, {"type": "Feature", "geometry": {"type": "LineString", "coordinates": [[-107.86749627582859, 38.99856287269903, 0.0], [-107.86672207640487, 38.9985458734292, 0.0], [-107.86621387528723, 38.998540472726084, 0.0], [-107.86600661007347, 38.99855447281998, 0.0], [-107.8658108757113, 38.99856840620717, 0.0], [-107.86552260996369, 38.99857547228922, 0.0]]}, "properties": {"gnisidlabel": null, "featuretypelabel": "Channel Line", "huc12": "140200050111"}}, {"type": "Feature", "geometry": {"type": "LineString", "coordinates": [[-107.95175360963374, 38.852289073682925, 0.0], [-107.9515570769935, 38.85176707376429, 0.0], [-107.95148440936102, 38.85147607260591, 0.0], [-107.95146460962648, 38.851305473187615, 0.0], [-107.95149501079018, 38.850926273291115, 0.0], [-107.95147280935566, 38.85077367336012, 0.0], [-107.95142647548887, 38.85063520627858, 0.0], [-107.95137027545694, 38.85054660586139, 0.0], [-107.95128341002498, 38.850472206159395, 0.0], [-107.95100447507473, 38.85034407318963, 0.0], [-107.95091561004557, 38.85028780577045, 0.0], [-107.95084107592838, 38.85020860652301, 0.0], [-107.95079407604801, 38.850106205594734, 0.0], [-107.95076600930413, 38.849908673552186, 0.0], [-107.95076220996444, 38.84971060628798, 0.0], [-107.95084087570602, 38.84938427265365, 0.0], [-107.9508414096797, 38.84924007336631, 0.0], [-107.95071240937206, 38.84846407357085, 0.0], [-107.9506632091017, 38.84830320647094, 0.0], [-107.9504932105648, 38.847951606614366, 0.0], [-107.9504612103156, 38.84783527310074, 0.0], [-107.95042160937815, 38.84715160643715, 0.0], [-107.95031520950009, 38.846762405501764, 0.0], [-107.95029281019285, 38.846596273253446, 0.0], [-107.95043347645459, 38.84628200576483, 0.0], [-107.95039027507357, 38.84569740673173, 0.0], [-107.95046767614252, 38.845416206182286, 0.0], [-107.95054667512491, 38.845265605978895, 0.0], [-107.95054267661997, 38.8447026059463, 0.0], [-107.95056801039713, 38.844499205591525, 0.0], [-107.95060960985323, 38.8444306726546, 0.0], [-107.95076020987223, 38.84425120614577, 0.0], [-107.95104047511703, 38.84373507276585, 0.0], [-107.95115647601864, 38.84356540586541, 0.0], [-107.95127420903395, 38.84347687269584, 0.0], [-107.95142440997854, 38.84341000666802, 0.0], [-107.95179281034845, 38.843301605640164, 0.0], [-107.95216067611001, 38.843116606026456, 0.0], [-107.9522558090353, 38.84302860572089, 0.0], [-107.95242467657623, 38.84281707316654, 0.0]]}, "properties": {"gnisidlabel": null, "featuretypelabel": "Canal", "huc12": "140200050105"}}, {"type": "Feature", "geometry": {"type": "LineString", "coordinates": [[-107.85212047593073, 39.04285947312944, 0.0], [-107.85212847554227, 39.042769205729044, 0.0], [-107.85213747587107, 39.042705873164074, 0.0], [-107.85218027550256, 39.04262380630949, 0.0], [-107.85220047525083, 39.042551273571895, 0.0]]}, "properties": {"gnisidlabel": "Bonita Creek", "featuretypelabel": "Channel Line", "huc12": "140200050111"}}, {"type": "Feature", "geometry": {"type": "LineString", "coordinates": [[-107.79836054320158, 39.05233987299326, 0.0], [-107.79867194277655, 39.05250860567672, 0.0], [-107.79899674389371, 39.05260040636801, 0.0], [-107.79945587626898, 39.05275740659513, 0.0], [-107.80009894381742, 39.05300140576104, 0.0], [-107.80096014299463, 39.053216805551905, 0.0], [-107.80173707601129, 39.053460072623544, 0.0], [-107.80217407605747, 39.05348540541377, 0.0], [-107.80262380981547, 39.05335127316173, 0.0], [-107.80281254297978, 39.05317460578652, 0.0], [-107.80320500984023, 39.05292547354637, 0.0], [-107.80380961007641, 39.052779606086794, 0.0], [-107.8042730768605, 39.05259600548615, 0.0], [-107.80484900957715, 39.05238440613682, 0.0], [-107.80529054326904, 39.05211307246679, 0.0], [-107.80569721018175, 39.0518802730637, 0.0], [-107.8060174095817, 39.05174273914424, 0.0]]}, "properties": {"gnisidlabel": null, "featuretypelabel": "Channel Line", "huc12": "140200050111"}}, {"type": "Feature", "geometry": {"type": "LineString", "coordinates": [[-107.8302879436546, 39.07009127306481, 0.0], [-107.83003800971879, 39.06991147329988, 0.0]]}, "properties": {"gnisidlabel": null, "featuretypelabel": "Surface Connector", "huc12": "140200050111"}}, {"type": "Feature", "geometry": {"type": "LineString", "coordinates": [[-107.81589787589337, 39.060173006498715, 0.0], [-107.8155062757539, 39.060714938525464, 0.0]]}, "properties": {"gnisidlabel": null, "featuretypelabel": "Waterbody Connector", "huc12": "140200050111"}}, {"type": "Feature", "geometry": {"type": "LineString", "coordinates": [[-107.81874807578407, 39.042932672480134, 0.0], [-107.81861887634564, 39.04288167282155, 0.0], [-107.81847827681334, 39.042831073035885, 0.0], [-107.81833940990661, 39.04282540600473, 0.0], [-107.81815407568175, 39.042811872328706, 0.0], [-107.8180166101843, 39.04284220620251, 0.0], [-107.81787961014298, 39.04288160614975, 0.0]]}, "properties": {"gnisidlabel": null, "featuretypelabel": "Channel Line", "huc12": "140200050111"}}, {"type": "Feature", "geometry": {"type": "LineString", "coordinates": [[-107.81890681025055, 38.99783667335223, 0.0], [-107.81973054305293, 38.99812633906103, 0.0], [-107.8202654102702, 38.9982408057741, 0.0], [-107.82090627593408, 38.998563673288615, 0.0], [-107.82095200997233, 38.998585805561405, 0.0]]}, "properties": {"gnisidlabel": null, "featuretypelabel": "Channel Line", "huc12": "140200050111"}}, {"type": "Feature", "geometry": {"type": "LineString", "coordinates": [[-107.86261014256215, 39.033649672449975, 0.0], [-107.86244667589376, 39.03348040625347, 0.0], [-107.86229787590726, 39.03337693961769, 0.0], [-107.8619648105027, 39.033137273211466, 0.0], [-107.86149934329394, 39.033046606220786, 0.0], [-107.8609084097357, 39.03308293903867, 0.0], [-107.86036114334466, 39.033272672979486, 0.0], [-107.85971567561188, 39.03349600564488, 0.0], [-107.85900594244134, 39.03362627296815, 0.0], [-107.85855821088327, 39.03361267317949, 0.0]]}, "properties": {"gnisidlabel": null, "featuretypelabel": "Channel Line", "huc12": "140200050111"}}, {"type": "Feature", "geometry": {"type": "LineString", "coordinates": [[-107.85435480952684, 39.020174539222715, 0.0], [-107.85407614334292, 39.01972047289093, 0.0], [-107.85386927596073, 39.01942513859445, 0.0], [-107.85355727611844, 39.01917433883969, 0.0], [-107.8532015427569, 39.01875367302316, 0.0], [-107.85269054278088, 39.018289873667236, 0.0], [-107.852328009563, 39.017902073166105, 0.0], [-107.85209374303821, 39.01768380580539, 0.0], [-107.8517741430314, 39.01736720601394, 0.0], [-107.8515386098664, 39.017011672271636, 0.0], [-107.85137501030613, 39.01682593943737, 0.0], [-107.85123300941865, 39.01668400591525, 0.0], [-107.85113760927105, 39.01662347371776, 0.0]]}, "properties": {"gnisidlabel": null, "featuretypelabel": "Channel Line", "huc12": "140200050111"}}, {"type": "Feature", "geometry": {"type": "LineString", "coordinates": [[-107.90296247584114, 39.06218007314407, 0.0], [-107.90230787612906, 39.06231920621994, 0.0], [-107.90184380941024, 39.06252373833999, 0.0], [-107.90143587633045, 39.06268413918827, 0.0], [-107.90130241027492, 39.06270847379468, 0.0]]}, "properties": {"gnisidlabel": "West Fork Bonita Surface Creek", "featuretypelabel": "Channel Line", "huc12": "140200050111"}}, {"type": "Feature", "geometry": {"type": "LineString", "coordinates": [[-107.85883727601858, 39.03065880548555, 0.0], [-107.85843887566242, 39.03072580541785, 0.0]]}, "properties": {"gnisidlabel": null, "featuretypelabel": "Waterbody Connector", "huc12": "140200050111"}}, {"type": "Feature", "geometry": {"type": "LineString", "coordinates": [[-107.84188101090405, 39.06782147310686, 0.0], [-107.84191021077616, 39.0676856735116, 0.0], [-107.84194880989307, 39.06749560626628, 0.0], [-107.84199860964931, 39.06729607308839, 0.0], [-107.84203940914182, 39.067160005857716, 0.0], [-107.84205887579623, 39.06706947306423, 0.0], [-107.84212527608705, 39.06699580531592, 0.0], [-107.84228181088429, 39.06686580598173, 0.0], [-107.84246107629984, 39.06672627273434, 0.0], [-107.84265161090704, 39.06657747336627, 0.0], [-107.84278501022882, 39.06644807380472, 0.0], [-107.84289547539794, 39.066319273271645, 0.0], [-107.84294960944918, 39.0662278729123, 0.0], [-107.84298140991372, 39.06615507227109, 0.0], [-107.84300121067798, 39.06607347256031, 0.0], [-107.84296327601433, 39.06599327248134, 0.0], [-107.84291461057371, 39.06593147281882, 0.0], [-107.8428416759609, 39.06584307260757, 0.0], [-107.84273347604758, 39.06573767243543, 0.0], [-107.84268441006095, 39.06566680592102, 0.0]]}, "properties": {"gnisidlabel": null, "featuretypelabel": "Channel Line", "huc12": "140200050111"}}, {"type": "Feature", "geometry": {"type": "LineString", "coordinates": [[-107.82338547538664, 39.00069360587537, 0.0], [-107.82350060997268, 39.000681806598955, 0.0], [-107.82367107592755, 39.00061460639062, 0.0], [-107.82384147573002, 39.0005474057366, 0.0], [-107.8240338093086, 39.00044360574872, 0.0], [-107.824216075227, 39.000385206351886, 0.0], [-107.82446587547874, 39.000280006291, 0.0], [-107.82463540943937, 39.000185805497914, 0.0], [-107.82485021007064, 39.00007247239202, 0.0], [-107.82491867584038, 38.99999880579133, 0.0], [-107.82496407640019, 38.99998407316039, 0.0], [-107.8253384101183, 38.999862472379036, 0.0], [-107.82584047604007, 38.99942687356855, 0.0], [-107.82638047553647, 38.99907140659356, 0.0], [-107.8264286758886, 38.9990296729457, 0.0]]}, "properties": {"gnisidlabel": null, "featuretypelabel": "Channel Line", "huc12": "140200050111"}}, {"type": "Feature", "geometry": {"type": "LineString", "coordinates": [[-107.87583381009918, 39.0473715383653, 0.0], [-107.8751435217166, 39.04632342333295, 0.0], [-107.8750484090977, 39.046179006363765, 0.0]]}, "properties": {"gnisidlabel": "West Fork Bonita Surface Creek", "featuretypelabel": "Waterbody Connector", "huc12": "140200050111"}}, {"type": "Feature", "geometry": {"type": "LineString", "coordinates": [[-107.83300807567761, 39.01499187272083, 0.0], [-107.833028676884, 39.01492827280484, 0.0], [-107.83304600960699, 39.01478380620175, 0.0], [-107.83305181012967, 39.01463947302358, 0.0], [-107.83305941023042, 39.01454020611463, 0.0], [-107.83299727689374, 39.01443360602724, 0.0], [-107.8329114757271, 39.01430960537683, 0.0], [-107.8328156764653, 39.01422180626821, 0.0], [-107.8327760102319, 39.014096672631666, 0.0], [-107.8327490097612, 39.01399820602427, 0.0]]}, "properties": {"gnisidlabel": null, "featuretypelabel": "Channel Line", "huc12": "140200050111"}}, {"type": "Feature", "geometry": {"type": "LineString", "coordinates": [[-107.80813227567059, 39.040044672949975, 0.0], [-107.80818747544592, 39.03998027336984, 0.0], [-107.80826507577935, 39.03989727269903, 0.0], [-107.80832987601889, 39.03978767310989, 0.0], [-107.80836967487474, 39.03962447304006, 0.0], [-107.8083870760168, 39.03948000641162, 0.0], [-107.80834501010938, 39.03929180588056, 0.0], [-107.80826787642661, 39.03909547278526, 0.0], [-107.8082244100821, 39.038871206713964, 0.0], [-107.80823021001139, 39.03872700520555, 0.0], [-107.80823601053505, 39.038582673049, 0.0], [-107.80825447565827, 39.03846520610426, 0.0], [-107.80832927627503, 39.038310205935225, 0.0], [-107.80842661065826, 39.038145672619336, 0.0], [-107.80849100993439, 39.038018005960154, 0.0], [-107.80859080958496, 39.037916472786925, 0.0], [-107.80869147546886, 39.03783287367342, 0.0], [-107.80880481073461, 39.03777620618245, 0.0], [-107.80891947691384, 39.03775540573147, 0.0], [-107.80905767667026, 39.037743073139175, 0.0], [-107.8091742102869, 39.037767272630155, 0.0], [-107.80931261041516, 39.037763873674955, 0.0], [-107.809426609895, 39.037725205852524, 0.0], [-107.80950481012329, 39.03766020619646, 0.0], [-107.80959220951274, 39.03753200614089, 0.0], [-107.80969007539234, 39.037376405866226, 0.0], [-107.80981160999096, 39.03723840614049, 0.0], [-107.8099224097963, 39.03711860569774, 0.0], [-107.8100446760057, 39.03699847284189, 0.0], [-107.81017967616339, 39.036905205896154, 0.0], [-107.81031560937774, 39.03683880647924, 0.0], [-107.8104984755027, 39.03678940587311, 0.0], [-107.81055260971497, 39.03678807254778, 0.0], [-107.81060961068997, 39.036786672768606, 0.0]]}, "properties": {"gnisidlabel": null, "featuretypelabel": "Canal", "huc12": "140200050111"}}, {"type": "Feature", "geometry": {"type": "LineString", "coordinates": [[-107.78118434373484, 39.043250738496305, 0.0], [-107.78144440945661, 39.04318360655093, 0.0], [-107.78187961021634, 39.04299473891604, 0.0], [-107.78241334239749, 39.04278893893614, 0.0], [-107.78268060976512, 39.04273820632707, 0.0], [-107.78298974312264, 39.04264333886481, 0.0], [-107.78353794255854, 39.042492405855214, 0.0], [-107.78410794371504, 39.04242367351473, 0.0], [-107.78455127625467, 39.04237213968638, 0.0], [-107.78495254288589, 39.04234820594629, 0.0], [-107.78559900936779, 39.04214733912833, 0.0], [-107.78598560957904, 39.04204660589768, 0.0], [-107.78621027635707, 39.04196307251487, 0.0], [-107.78647114310432, 39.04178967351561, 0.0]]}, "properties": {"gnisidlabel": null, "featuretypelabel": "Channel Line", "huc12": "140200050111"}}, {"type": "Feature", "geometry": {"type": "LineString", "coordinates": [[-107.82366747584325, 39.050206605520316, 0.0], [-107.82371347614897, 39.0506403392487, 0.0], [-107.82394927649611, 39.05095547305968, 0.0]]}, "properties": {"gnisidlabel": null, "featuretypelabel": "Channel Line", "huc12": "140200050111"}}, {"type": "Feature", "geometry": {"type": "LineString", "coordinates": [[-107.8323442770019, 39.0473912730234, 0.0], [-107.83342567592776, 39.047414605968854, 0.0]]}, "properties": {"gnisidlabel": null, "featuretypelabel": "Waterbody Connector", "huc12": "140200050111"}}, {"type": "Feature", "geometry": {"type": "LineString", "coordinates": [[-107.7926072757248, 39.0174892727182, 0.0], [-107.79273847648967, 39.01759427281721, 0.0], [-107.79290461086761, 39.01770740613155, 0.0], [-107.79303507608618, 39.017794406227814, 0.0], [-107.7931420093902, 39.01787287355567, 0.0], [-107.79331941035973, 39.017976673149754, 0.0], [-107.7934146103432, 39.018046472654675, 0.0], [-107.79363841047065, 39.01815827343357, 0.0], [-107.79379160911358, 39.01823567279494, 0.0], [-107.79397967626967, 39.018321273217914, 0.0], [-107.79413147616818, 39.01836267290294, 0.0], [-107.7943406105498, 39.01839367268795, 0.0], [-107.79452660925843, 39.01842527268392, 0.0], [-107.7947118758997, 39.01843887266069, 0.0], [-107.79482787611887, 39.01845407273248, 0.0], [-107.79494587635017, 39.018514406198264, 0.0], [-107.7951228106723, 39.01860927355265, 0.0], [-107.7952984093411, 39.01866800568938, 0.0], [-107.79549601048883, 39.01869927273815, 0.0], [-107.79568227573142, 39.018740005993955, 0.0], [-107.79584627623892, 39.018799073113556, 0.0], [-107.79603407688916, 39.018875672872916, 0.0], [-107.79617607522704, 39.01896227289763, 0.0], [-107.79628487604337, 39.019085873010575, 0.0], [-107.79632381019476, 39.019193072342034, 0.0], [-107.79638607571977, 39.01930860571709, 0.0], [-107.7965060109037, 39.01942287265816, 0.0], [-107.79661527643736, 39.019555473073886, 0.0], [-107.79674681037247, 39.01966940562399, 0.0], [-107.79686641009587, 39.019774606275405, 0.0], [-107.79705520980814, 39.0198782057983, 0.0], [-107.79717387649245, 39.01995647334122, 0.0], [-107.79730327566777, 39.02001640558638, 0.0], [-107.79743201000556, 39.020058273317645, 0.0], [-107.7975606099557, 39.020100272959425, 0.0], [-107.79771421024482, 39.02018667367504, 0.0], [-107.79786807692977, 39.020282073263054, 0.0], [-107.79803447582701, 39.020404206262214, 0.0], [-107.79821261002, 39.02052607261924, 0.0], [-107.7983776756713, 39.020612272876775, 0.0], [-107.79856587677068, 39.020697805736255, 0.0], [-107.79874247641564, 39.0207836060256, 0.0], [-107.79892960989268, 39.020842206058006, 0.0], [-107.79915027616988, 39.02087300575277, 0.0], [-107.79932427517811, 39.02089580586565, 0.0], [-107.79958981032928, 39.02088940619866, 0.0], [-107.79977287576956, 39.02084907301144, 0.0], [-107.79999221046646, 39.0208436730937, 0.0], [-107.80016387569441, 39.02080360592939, 0.0], [-107.80034480955666, 39.02070920644608, 0.0], [-107.80049200985937, 39.02063347312611, 0.0], [-107.80061647556032, 39.02056747330272, 0.0], [-107.80076460915612, 39.02051887237055, 0.0], [-107.80091427616479, 39.020506273403136, 0.0], [-107.80103980939025, 39.02046720623355, 0.0], [-107.80118687626309, 39.02039160588537, 0.0], [-107.80139067560083, 39.02028767327334, 0.0], [-107.80156280977216, 39.020256405473596, 0.0], [-107.80175567606403, 39.02017080629687, 0.0], [-107.80188987565327, 39.02005940598669, 0.0], [-107.80209287617124, 39.01993740655436, 0.0], [-107.80233027601474, 39.01980560585924, 0.0], [-107.80255627608082, 39.01968300585882, 0.0], [-107.80267940987069, 39.01958087257276, 0.0], [-107.80282620997365, 39.01949627293637, 0.0], [-107.80304221103258, 39.019410073045606, 0.0], [-107.80324627549044, 39.01931500569989, 0.0], [-107.8033354763742, 39.0192318059073, 0.0], [-107.80346960973917, 39.01912047297538, 0.0], [-107.80360301079635, 39.018991206030705, 0.0], [-107.8037592755688, 39.01885227362473, 0.0], [-107.80392920989469, 39.01876707383605, 0.0], [-107.80407600912763, 39.018682473575375, 0.0], [-107.80418707577861, 39.01857167309275, 0.0], [-107.80432227657815, 39.01848740649961, 0.0], [-107.80445901045593, 39.01843900581557, 0.0], [-107.80457107549489, 39.01835520636404, 0.0], [-107.8046710753787, 39.01825367265509, 0.0], [-107.8047482758698, 39.018161805524926, 0.0], [-107.80490507623833, 39.01804087236462, 0.0], [-107.80503761006614, 39.01788447314774, 0.0], [-107.8051150766479, 39.01780160574496, 0.0], [-107.80517067666806, 39.017746205229905, 0.0], [-107.80522481034026, 39.01765480549894, 0.0], [-107.80525827617248, 39.01760900523353, 0.0]]}, "properties": {"gnisidlabel": "Caesar Creek", "featuretypelabel": "Channel Line", "huc12": "140200050111"}}, {"type": "Feature", "geometry": {"type": "LineString", "coordinates": [[-107.86210874353203, 39.043199738328866, 0.0], [-107.8620783439007, 39.04295833878457, 0.0], [-107.86208227693281, 39.04262893900455, 0.0], [-107.86179134346057, 39.04163687291171, 0.0], [-107.86132974358127, 39.04121127269561, 0.0], [-107.86076674284789, 39.040484339004315, 0.0], [-107.86043007585894, 39.03986587300467, 0.0], [-107.86023987640306, 39.03910387351335, 0.0], [-107.8603206097421, 39.03873260603895, 0.0]]}, "properties": {"gnisidlabel": null, "featuretypelabel": "Channel Line", "huc12": "140200050111"}}, {"type": "Feature", "geometry": {"type": "LineString", "coordinates": [[-107.78149907615851, 39.02426573951963, 0.0], [-107.78161567568824, 39.024765006302474, 0.0], [-107.7816038760314, 39.02505620611125, 0.0], [-107.78157807677655, 39.0253529382369, 0.0], [-107.78151680937641, 39.025622405635175, 0.0], [-107.7814388093359, 39.02593660604952, 0.0]]}, "properties": {"gnisidlabel": null, "featuretypelabel": "Channel Line", "huc12": "140200050111"}}, {"type": "Feature", "geometry": {"type": "LineString", "coordinates": [[-107.8085070763366, 39.06498200586188, 0.0], [-107.80849627598108, 39.064973205807554, 0.0], [-107.80835241035629, 39.06484160643483, 0.0], [-107.80817140995335, 39.06464767294726, 0.0], [-107.8079678756025, 39.06447240558819, 0.0], [-107.80788180948477, 39.06433940558801, 0.0], [-107.80781901015946, 39.06421467282227, 0.0], [-107.80774481022482, 39.06409047237328, 0.0], [-107.8077282762292, 39.06396467342808, 0.0], [-107.8076988096573, 39.06380327345955, 0.0], [-107.80767067528369, 39.063677806256436, 0.0], [-107.80765667634323, 39.063615073258994, 0.0], [-107.8077004098597, 39.06355100599657, 0.0], [-107.807744675983, 39.06350480607108, 0.0], [-107.807753011002, 39.0634234736816, 0.0], [-107.80771667607371, 39.06337940590413, 0.0], [-107.80765740947929, 39.06334480595253, 0.0], [-107.80759687580218, 39.063274072520734, 0.0], [-107.8076168100369, 39.06319260571525, 0.0], [-107.80765940999291, 39.06310140630913, 0.0], [-107.8076562097301, 39.06302047347424, 0.0], [-107.80760747612291, 39.06295860528342, 0.0], [-107.80758301028236, 39.06292307311349, 0.0], [-107.8075808754569, 39.06286907317385, 0.0], [-107.80757727540995, 39.06277907248364, 0.0], [-107.80755101029659, 39.06269867282403, 0.0], [-107.80748061108866, 39.0626732734258, 0.0], [-107.8073402764419, 39.062631605673566, 0.0], [-107.80721187578226, 39.06259880611994, 0.0], [-107.80714121018134, 39.062564405718376, 0.0], [-107.80703447691782, 39.062494872274506, 0.0], [-107.80696300983489, 39.06244260547202, 0.0]]}, "properties": {"gnisidlabel": "Marcott Creek", "featuretypelabel": "Channel Line", "huc12": "140200050111"}}, {"type": "Feature", "geometry": {"type": "LineString", "coordinates": [[-107.83466621061551, 39.018073273026076, 0.0], [-107.83464307651764, 39.01805127250893, 0.0], [-107.83459381044062, 39.017971406471176, 0.0], [-107.8344964098432, 39.01784767299062, 0.0], [-107.83438567619609, 39.01767920589962, 0.0], [-107.83423007669133, 39.01753880620709, 0.0], [-107.83406100959354, 39.01735367329939, 0.0], [-107.83396147590564, 39.01717600642474, 0.0], [-107.83387600937093, 39.0170610065819, 0.0], [-107.83379127526997, 39.01696387267999, 0.0], [-107.83369467590352, 39.016858073083746, 0.0], [-107.83364421007371, 39.01675127266149, 0.0], [-107.8335792764301, 39.01657267332607, 0.0], [-107.83350260929893, 39.01638540599387, 0.0], [-107.83342867555417, 39.01627000653089, 0.0], [-107.83333100973805, 39.016137205447535, 0.0], [-107.83328921013278, 39.01595807244011, 0.0], [-107.83329647589957, 39.01584980553561, 0.0], [-107.83325567484724, 39.0156976059468, 0.0], [-107.83322507611757, 39.015509073609444, 0.0], [-107.83316167665214, 39.01536660523822, 0.0], [-107.83307481014644, 39.01521547291987, 0.0], [-107.833047809862, 39.01511700550148, 0.0], [-107.83300807567761, 39.01499187272083, 0.0]]}, "properties": {"gnisidlabel": null, "featuretypelabel": "Channel Line", "huc12": "140200050111"}}, {"type": "Feature", "geometry": {"type": "LineString", "coordinates": [[-107.80644402957812, 39.0655201214057, 0.0], [-107.8066730440496, 39.06536359474017, 0.0], [-107.80689798900552, 39.065209848542686, 0.0], [-107.80704763980971, 39.06513592474198, 0.0], [-107.80727529285765, 39.065063828827014, 0.0], [-107.8074897624706, 39.06499590865889, 0.0], [-107.8076321070065, 39.064950828619345, 0.0], [-107.8076862019133, 39.06495935586874, 0.0], [-107.80771953457938, 39.064945776148235, 0.0], [-107.80778372910238, 39.06493589963991, 0.0], [-107.80783311068872, 39.06494948003055, 0.0], [-107.8079170563349, 39.06494824464483, 0.0], [-107.80798125042551, 39.06493713380384, 0.0], [-107.80805042177298, 39.06492447956362, 0.0], [-107.80811346408515, 39.06493602433497, 0.0], [-107.8082071668447, 39.06498775000923, 0.0], [-107.8082890074225, 39.06500159211223, 0.0], [-107.80839728235405, 39.06503095743364, 0.0], [-107.80846820118566, 39.06500886623462, 0.0], [-107.8085070763366, 39.06498200586188, 0.0]]}, "properties": {"gnisidlabel": null, "featuretypelabel": "Canal", "huc12": "140200050111"}}, {"type": "Feature", "geometry": {"type": "LineString", "coordinates": [[-107.86777907634584, 39.07183053964611, 0.0], [-107.86815754297015, 39.07161427240351, 0.0], [-107.8685361428983, 39.07140340601348, 0.0], [-107.8688503425616, 39.07108860636681, 0.0], [-107.86901061100517, 39.07089547322196, 0.0], [-107.86922614294488, 39.07058113898292, 0.0], [-107.86939174277643, 39.07020127350548, 0.0], [-107.86943754301313, 39.069816472581934, 0.0], [-107.86936367569133, 39.069443406759234, 0.0], [-107.86909041004947, 39.06889547271413, 0.0]]}, "properties": {"gnisidlabel": null, "featuretypelabel": "Channel Line", "huc12": "140200050111"}}, {"type": "Feature", "geometry": {"type": "LineString", "coordinates": [[-107.95475827566774, 38.82560027300101, 0.0], [-107.95498920897387, 38.82559887284134, 0.0], [-107.95640480934377, 38.82560367362623, 0.0], [-107.95718420987185, 38.82557487331704, 0.0], [-107.95722521002372, 38.8255468065571, 0.0], [-107.95732507578114, 38.82542707330803, 0.0], [-107.9579282106224, 38.825146072675146, 0.0], [-107.95810527564409, 38.82499300574749, 0.0], [-107.95851287608198, 38.824725806056534, 0.0], [-107.9590716758401, 38.82439187273164, 0.0], [-107.95942627580416, 38.82431080594709, 0.0], [-107.95987987550097, 38.82425427283073, 0.0], [-107.96064120999823, 38.82404580633591, 0.0], [-107.96081341021892, 38.82397387250901, 0.0], [-107.96099027648157, 38.82381167298221, 0.0], [-107.96103787637621, 38.82373387249469, 0.0], [-107.96103561034583, 38.82365287300753, 0.0], [-107.96099040961387, 38.82356840589608, 0.0], [-107.96078687622801, 38.82337100519725, 0.0], [-107.96033621027263, 38.823049005925895, 0.0], [-107.9602080756506, 38.82297567244889, 0.0], [-107.96004947669154, 38.82294360609215, 0.0], [-107.96000767553328, 38.82291320657281, 0.0], [-107.95990887702328, 38.822780472796566, 0.0], [-107.95987487671465, 38.82262827234638, 0.0], [-107.95989187595748, 38.82250167333865, 0.0], [-107.9599500768798, 38.82233807267077, 0.0], [-107.9600536110785, 38.82220480625555, 0.0], [-107.9602256098683, 38.82208780623522, 0.0], [-107.96052007658379, 38.821963206174956, 0.0], [-107.96087627612806, 38.821931673092365, 0.0], [-107.96135167615805, 38.82199620612781, 0.0], [-107.96143000991415, 38.821980672782274, 0.0], [-107.96170340978364, 38.82184760602013, 0.0], [-107.96195667607128, 38.82166560614663, 0.0], [-107.96238761013277, 38.82143387331547, 0.0], [-107.96255340902583, 38.82132607324049, 0.0], [-107.96261800970402, 38.82125680553214, 0.0], [-107.96273587617738, 38.82106467288469, 0.0], [-107.96298881065486, 38.82081960610698, 0.0], [-107.96326580996356, 38.82046560597829, 0.0], [-107.96348740973409, 38.820275273398536, 0.0], [-107.96368361032928, 38.820162205308, 0.0], [-107.96394220986053, 38.82004300652155, 0.0], [-107.96474707591211, 38.81975227317123, 0.0]]}, "properties": {"gnisidlabel": "Alfalfa Run", "featuretypelabel": "Channel Line", "huc12": "140200050105"}}, {"type": "Feature", "geometry": {"type": "LineString", "coordinates": [[-107.78631821003272, 39.0540640061783, 0.0], [-107.78615307704273, 39.053977806002024, 0.0], [-107.78599941006716, 39.05389140535029, 0.0], [-107.78587981002623, 39.05378607290051, 0.0], [-107.78580487491857, 39.053643805770484, 0.0], [-107.78569527604722, 39.05350227348561, 0.0], [-107.78564140978672, 39.05330540591652, 0.0], [-107.78562280948134, 39.053125606270946, 0.0], [-107.7855468092542, 39.052956273263156, 0.0], [-107.78547000898665, 39.052768872730645, 0.0], [-107.78542981036101, 39.0526256732541, 0.0], [-107.78532100957194, 39.05250220538087, 0.0], [-107.78518761061385, 39.052343206147164, 0.0], [-107.78511341013036, 39.052218873307886, 0.0], [-107.78507420918332, 39.05210267342316, 0.0], [-107.78505521024685, 39.051914005633535, 0.0], [-107.78504700965078, 39.051706873366264, 0.0], [-107.78507567680492, 39.051553005399505, 0.0], [-107.78508187612559, 39.05141780600059, 0.0], [-107.78513641083701, 39.05133547251037, 0.0], [-107.78521147532454, 39.051189406539216, 0.0], [-107.78530061057235, 39.05110167304914, 0.0]]}, "properties": {"gnisidlabel": null, "featuretypelabel": "Channel Line", "huc12": "140200050111"}}, {"type": "Feature", "geometry": {"type": "LineString", "coordinates": [[-107.88023241042043, 39.057339273113044, 0.0], [-107.88032487543622, 39.05718387323781, 0.0], [-107.88041207597978, 39.05705567336878, 0.0], [-107.88043187613862, 39.05697400652648, 0.0], [-107.88042747691262, 39.05686607330836, 0.0], [-107.88031780935177, 39.05671560570146, 0.0]]}, "properties": {"gnisidlabel": null, "featuretypelabel": "Channel Line", "huc12": "140200050111"}}, {"type": "Feature", "geometry": {"type": "LineString", "coordinates": [[-107.87035821105853, 39.00756527333006, 0.0], [-107.87035787619055, 39.00756467346969, 0.0], [-107.87030427592799, 39.00747587287023, 0.0], [-107.87024120958526, 39.00734227304924, 0.0], [-107.87017887612697, 39.007226673097, 0.0], [-107.87005940993852, 39.007130473382354, 0.0], [-107.86996167551712, 39.00699780620974, 0.0], [-107.86985427638868, 39.006910406451986, 0.0], [-107.86966461002585, 39.00678900578894, 0.0], [-107.86949881058817, 39.006684873106785, 0.0], [-107.86933467597278, 39.00662587292394, 0.0], [-107.86913707583226, 39.006594673564656, 0.0], [-107.86894041019289, 39.00658147333167, 0.0], [-107.8687792099335, 39.006594472876024, 0.0], [-107.86863000957189, 39.00661620570379, 0.0], [-107.86844681028114, 39.006656673080855, 0.0], [-107.86825041096922, 39.00665260654087, 0.0], [-107.8680532106446, 39.00663040537938, 0.0], [-107.86787727608858, 39.00656267274398, 0.0], [-107.86774747612799, 39.00649380581603, 0.0], [-107.86763967562212, 39.006397272422866, 0.0], [-107.86755487672016, 39.00630027311596, 0.0]]}, "properties": {"gnisidlabel": null, "featuretypelabel": "Channel Line", "huc12": "140200050111"}}, {"type": "Feature", "geometry": {"type": "LineString", "coordinates": [[-107.86760414275236, 39.05889080613128, 0.0], [-107.8683161428403, 39.05893627301021, 0.0], [-107.86902114359908, 39.05899280593474, 0.0], [-107.8696771428151, 39.05907700590783, 0.0], [-107.87031267534041, 39.059243739681015, 0.0], [-107.87091307606384, 39.05941613904325, 0.0], [-107.87125281049677, 39.05952940592865, 0.0]]}, "properties": {"gnisidlabel": null, "featuretypelabel": "Channel Line", "huc12": "140200050111"}}, {"type": "Feature", "geometry": {"type": "LineString", "coordinates": [[-107.78638727559375, 39.0456040059416, 0.0], [-107.78650280944007, 39.04507067268423, 0.0], [-107.78658380951754, 39.04463633950969, 0.0], [-107.78659494318747, 39.044262739325355, 0.0], [-107.78656394229036, 39.0439113385757, 0.0], [-107.78650567575636, 39.04366993907067, 0.0], [-107.78639120910421, 39.04345080582422, 0.0], [-107.78626914222758, 39.043292873479224, 0.0]]}, "properties": {"gnisidlabel": null, "featuretypelabel": "Channel Line", "huc12": "140200050111"}}, {"type": "Feature", "geometry": {"type": "LineString", "coordinates": [[-107.8554728104024, 39.01006633914541, 0.0], [-107.85544427695463, 39.0100390065907, 0.0], [-107.85541881020636, 39.01001267278195, 0.0], [-107.85533427641906, 39.009924605693435, 0.0], [-107.85528360980199, 39.009808805433586, 0.0], [-107.85530267644617, 39.00970920610368, 0.0], [-107.85533287594171, 39.009600406161745, 0.0], [-107.85531661052228, 39.00948360561241, 0.0], [-107.85534687615457, 39.009374672513836, 0.0], [-107.85541320972801, 39.00930100543684, 0.0], [-107.85551480998224, 39.00924447261879, 0.0], [-107.85568387600014, 39.00914127354757, 0.0], [-107.85579607621453, 39.00905740607642, 0.0], [-107.85589581043972, 39.00895587275605, 0.0], [-107.85598201035968, 39.00880060524124, 0.0], [-107.85603267548245, 39.00862820559732, 0.0], [-107.8561192101178, 39.008481873015114, 0.0], [-107.8562064095722, 39.008353672708026, 0.0], [-107.8562256097544, 39.008254073561545, 0.0], [-107.85620927593317, 39.008137406339024, 0.0], [-107.8561360755388, 39.008040072930335, 0.0], [-107.85602900949799, 39.00796160610209, 0.0], [-107.85592087592518, 39.007856205894946, 0.0], [-107.85578820892582, 39.007715272405626, 0.0], [-107.85570201033677, 39.00758227338572, 0.0], [-107.85562741026654, 39.007449005488574, 0.0], [-107.85559740972666, 39.00727847299025, 0.0], [-107.85560280969686, 39.00712520572145, 0.0], [-107.85560600987465, 39.00691787346684, 0.0], [-107.85559767690467, 39.00671087327388, 0.0], [-107.85559980986017, 39.00647667257949, 0.0], [-107.85558027613689, 39.00627900619796, 0.0], [-107.8555614764776, 39.00609920649575, 0.0], [-107.85552041025772, 39.00593807291962, 0.0], [-107.85551420980495, 39.005785005998554, 0.0], [-107.85555420965201, 39.00563087314839, 0.0], [-107.85558161039296, 39.00545000568479, 0.0], [-107.85558547578349, 39.00526080572726, 0.0], [-107.85558801048847, 39.00503540595309, 0.0], [-107.85557087638622, 39.00482880597811, 0.0]]}, "properties": {"gnisidlabel": null, "featuretypelabel": "Channel Line", "huc12": "140200050111"}}, {"type": "Feature", "geometry": {"type": "LineString", "coordinates": [[-107.8514136758516, 39.054041806546834, 0.0], [-107.85088527592642, 39.05403367339407, 0.0], [-107.85046301005751, 39.05407987299395, 0.0], [-107.85007627536798, 39.05415887305263, 0.0], [-107.84952861110601, 39.054359606357366, 0.0], [-107.84915654265957, 39.05450987316739, 0.0], [-107.84871454321664, 39.0547155389973, 0.0], [-107.84847767658881, 39.054710205712446, 0.0]]}, "properties": {"gnisidlabel": null, "featuretypelabel": "Channel Line", "huc12": "140200050111"}}, {"type": "Feature", "geometry": {"type": "LineString", "coordinates": [[-107.82322847550726, 39.02170667225921, 0.0], [-107.8237170755868, 39.02131800620141, 0.0], [-107.82375867624802, 39.02109927255326, 0.0]]}, "properties": {"gnisidlabel": null, "featuretypelabel": "Waterbody Connector", "huc12": "140200050111"}}, {"type": "Feature", "geometry": {"type": "LineString", "coordinates": [[-107.91066286346089, 38.841686876708266, 0.0], [-107.91078667537121, 38.84172327318706, 0.0], [-107.91111660989804, 38.84151240614473, 0.0], [-107.91131161014482, 38.84145340648594, 0.0], [-107.91151541006846, 38.841466405722386, 0.0], [-107.91203400999241, 38.84156160644437, 0.0], [-107.91224867618442, 38.8415878063762, 0.0], [-107.91237440980694, 38.84158460589233, 0.0], [-107.91264827655067, 38.841541805535535, 0.0], [-107.91278540989298, 38.8415472733593, 0.0], [-107.91304727583613, 38.84161740598838, 0.0], [-107.91318281030605, 38.84168607241175, 0.0], [-107.91329087593988, 38.84176440640338, 0.0], [-107.9133770755796, 38.841883872986664, 0.0], [-107.91360561036689, 38.84229720624149, 0.0], [-107.9137758097123, 38.842477605811816, 0.0]]}, "properties": {"gnisidlabel": "Gallant Ditch", "featuretypelabel": "Canal", "huc12": "140200050105"}}, {"type": "Feature", "geometry": {"type": "LineString", "coordinates": [[-107.83040727560093, 39.04511813886666, 0.0], [-107.83057134257167, 39.04535900607065, 0.0], [-107.83070014225521, 39.045589006228084, 0.0], [-107.8311881434136, 39.04581713915506, 0.0], [-107.83156267524718, 39.04595800637867, 0.0], [-107.8317468758887, 39.046083338693265, 0.0], [-107.83181674286436, 39.046166406658976, 0.0]]}, "properties": {"gnisidlabel": null, "featuretypelabel": "Channel Line", "huc12": "140200050111"}}, {"type": "Feature", "geometry": {"type": "LineString", "coordinates": [[-107.88511660948036, 39.06389220558501, 0.0], [-107.88509280994349, 39.06327160599752, 0.0], [-107.88514634304346, 39.062617805551305, 0.0], [-107.88510987550211, 39.06231580624786, 0.0], [-107.88496754252328, 39.061992073393945, 0.0], [-107.88488907621445, 39.06173760596937, 0.0]]}, "properties": {"gnisidlabel": null, "featuretypelabel": "Channel Line", "huc12": "140200050111"}}, {"type": "Feature", "geometry": {"type": "LineString", "coordinates": [[-107.79906307630526, 39.0292434060574, 0.0], [-107.79908587639903, 39.0292440729497, 0.0], [-107.79913401004059, 39.02924287289165, 0.0], [-107.7992934763838, 39.029185005939546, 0.0], [-107.79944100930192, 39.029118406407555, 0.0], [-107.79958861005294, 39.02905180596301, 0.0], [-107.79970321006184, 39.029031073064665, 0.0]]}, "properties": {"gnisidlabel": null, "featuretypelabel": "Channel Line", "huc12": "140200050111"}}, {"type": "Feature", "geometry": {"type": "LineString", "coordinates": [[-107.8455140102823, 39.046477139643955, 0.0], [-107.84572434271703, 39.04636620522137, 0.0], [-107.84591881073328, 39.046052073111404, 0.0], [-107.84608440927478, 39.04566120640452, 0.0], [-107.84630707603971, 39.045352406607215, 0.0], [-107.84636881032633, 39.04528387300324, 0.0]]}, "properties": {"gnisidlabel": null, "featuretypelabel": "Channel Line", "huc12": "140200050111"}}, {"type": "Feature", "geometry": {"type": "LineString", "coordinates": [[-107.84405054319616, 39.01005360651569, 0.0], [-107.84399961021693, 39.00987273908424, 0.0], [-107.84413667645647, 39.009471205486605, 0.0], [-107.8443588102235, 39.00913507274925, 0.0], [-107.84456727654766, 39.008848406484304, 0.0], [-107.84469167514355, 39.00860067338052, 0.0], [-107.84483567595336, 39.00818807334692, 0.0], [-107.84503407523135, 39.00756660569653, 0.0], [-107.84510220962771, 39.007324673232546, 0.0], [-107.84520527591519, 39.007055072813735, 0.0], [-107.84527407565538, 39.00687900605408, 0.0], [-107.84532100997679, 39.006626205298545, 0.0], [-107.84528387622046, 39.00641233935481, 0.0], [-107.84525247605796, 39.0060611396096, 0.0], [-107.84537614252868, 39.00573100553869, 0.0], [-107.8454726104334, 39.00550540561233, 0.0], [-107.84554827567908, 39.00531827289336, 0.0], [-107.84559894251362, 39.00525127299437, 0.0]]}, "properties": {"gnisidlabel": null, "featuretypelabel": "Channel Line", "huc12": "140200050111"}}, {"type": "Feature", "geometry": {"type": "LineString", "coordinates": [[-107.86742687659249, 39.066749206480345, 0.0], [-107.86785960997845, 39.06666247291911, 0.0]]}, "properties": {"gnisidlabel": null, "featuretypelabel": "Waterbody Connector", "huc12": "140200050111"}}, {"type": "Feature", "geometry": {"type": "LineString", "coordinates": [[-107.873332875649, 39.05145560612744, 0.0], [-107.87583381009918, 39.0473715383653, 0.0]]}, "properties": {"gnisidlabel": null, "featuretypelabel": "Waterbody Connector", "huc12": "140200050111"}}, {"type": "Feature", "geometry": {"type": "LineString", "coordinates": [[-107.86175720933782, 39.00033007362925, 0.0], [-107.86175941080654, 39.00030747276763, 0.0], [-107.86178640968029, 39.000117605716405, 0.0], [-107.86179561042417, 38.99998227280387, 0.0], [-107.86183387548323, 38.99986420656853, 0.0], [-107.86193907595269, 38.99960940628218, 0.0], [-107.86196347607127, 38.999356473319445, 0.0], [-107.86197821007929, 38.99914900642525, 0.0], [-107.86196987580601, 38.998942005840654, 0.0], [-107.86182427662708, 38.99876540643566, 0.0], [-107.86155247602605, 38.998609873069796, 0.0], [-107.8613828767588, 38.99841587300701, 0.0], [-107.8613086100102, 38.99829147339332, 0.0], [-107.86134721017345, 38.99810140543452, 0.0], [-107.86147881045048, 38.99792700524215, 0.0], [-107.86173027619688, 38.99786680575216, 0.0], [-107.86197061005858, 38.9978158060226, 0.0], [-107.86209681032908, 38.99779467361447, 0.0], [-107.86220707702374, 38.9976658729017, 0.0], [-107.86232307608662, 38.99739280625172, 0.0], [-107.86239141016928, 38.99708467289865, 0.0], [-107.86248547621169, 38.99683927340569, 0.0], [-107.86255640989161, 38.9965942057973, 0.0]]}, "properties": {"gnisidlabel": "Milk Creek", "featuretypelabel": "Channel Line", "huc12": "140200050111"}}, {"type": "Feature", "geometry": {"type": "LineString", "coordinates": [[-107.79541767652168, 39.033631873480296, 0.0], [-107.79732144710083, 39.03316002285681, 0.0], [-107.7982858096462, 39.0329210053144, 0.0]]}, "properties": {"gnisidlabel": "Beaver Creek", "featuretypelabel": "Waterbody Connector", "huc12": "140200050111"}}, {"type": "Feature", "geometry": {"type": "LineString", "coordinates": [[-107.80321501019668, 39.03459540552924, 0.0], [-107.80482360989957, 39.03526047246169, 0.0], [-107.80714927617105, 39.035562473146, 0.0]]}, "properties": {"gnisidlabel": null, "featuretypelabel": "Waterbody Connector", "huc12": "140200050111"}}, {"type": "Feature", "geometry": {"type": "LineString", "coordinates": [[-107.91222221045264, 38.84283607253743, 0.0], [-107.91192727579386, 38.84323087305888, 0.0], [-107.91174427695373, 38.843550805722955, 0.0], [-107.91155300948482, 38.844069073312575, 0.0], [-107.91145927645825, 38.84452187358816, 0.0], [-107.9113344095648, 38.84473667337366, 0.0], [-107.91129901106677, 38.84483220593923, 0.0], [-107.91126787636165, 38.84499067327641, 0.0], [-107.91126180999564, 38.845143872901296, 0.0], [-107.91133341035248, 38.84553860590536, 0.0], [-107.91133907629573, 38.84569160564953, 0.0], [-107.9113086099357, 38.84594907345829, 0.0], [-107.91120481021872, 38.84649227318039, 0.0]]}, "properties": {"gnisidlabel": null, "featuretypelabel": "Channel Line", "huc12": "140200050105"}}, {"type": "Feature", "geometry": {"type": "LineString", "coordinates": [[-107.86420327626115, 39.01759053948399, 0.0], [-107.86418687658231, 39.0175454065946, 0.0], [-107.86418520997897, 39.01750487292724, 0.0], [-107.86418147591061, 39.01741027315111, 0.0], [-107.864185675752, 39.0172300733436, 0.0], [-107.86417887627596, 39.01705900593282, 0.0], [-107.86417340990914, 39.01692407319239, 0.0], [-107.86417947706298, 39.01678880570107, 0.0], [-107.86419667629926, 39.01664420614837, 0.0], [-107.86423707600925, 39.016499072545805, 0.0]]}, "properties": {"gnisidlabel": null, "featuretypelabel": "Channel Line", "huc12": "140200050111"}}, {"type": "Feature", "geometry": {"type": "LineString", "coordinates": [[-107.83214920992202, 39.061725072740714, 0.0], [-107.8335748754994, 39.060475006387705, 0.0]]}, "properties": {"gnisidlabel": null, "featuretypelabel": "Waterbody Connector", "huc12": "140200050111"}}, {"type": "Feature", "geometry": {"type": "LineString", "coordinates": [[-107.85239267562518, 39.04215907334646, 0.0], [-107.85241067559686, 39.042032606386655, 0.0]]}, "properties": {"gnisidlabel": "Bonita Creek", "featuretypelabel": "Waterbody Connector", "huc12": "140200050111"}}, {"type": "Feature", "geometry": {"type": "LineString", "coordinates": [[-107.80696300983489, 39.06244260547202, 0.0], [-107.80690167604081, 39.06235400622894, 0.0], [-107.80681881018415, 39.06230187335947, 0.0], [-107.80680541039808, 39.06225720599576, 0.0], [-107.80679247527179, 39.0622214058223, 0.0], [-107.8068152100583, 39.0622118735293, 0.0], [-107.80687287522913, 39.06221047284315, 0.0], [-107.80693127575223, 39.06222707334594, 0.0], [-107.8069652760125, 39.062208206595834, 0.0], [-107.80697607575478, 39.062190006800954, 0.0], [-107.806951609322, 39.06215447360066, 0.0], [-107.80693901064676, 39.0621278058858, 0.0], [-107.80694947619054, 39.06210047359686, 0.0], [-107.80698407514983, 39.0620998059457, 0.0], [-107.80701867516542, 39.062098873393765, 0.0], [-107.8070410759339, 39.06208027342185, 0.0], [-107.80702781008432, 39.06203560556008, 0.0], [-107.80700327668971, 39.06200007308168, 0.0], [-107.80701367657599, 39.06197280543174, 0.0], [-107.80704827521184, 39.06197207290514, 0.0], [-107.80710620945126, 39.06197067283147, 0.0], [-107.80714080969516, 39.06196980600431, 0.0], [-107.80716207591601, 39.061924272962834, 0.0], [-107.80714980968199, 39.06190660627687, 0.0], [-107.80709027572564, 39.06186300523813, 0.0], [-107.80703107598255, 39.06182827269958, 0.0], [-107.80697227636577, 39.0618026728404, 0.0], [-107.80696007607641, 39.06178500634664, 0.0], [-107.80695867709179, 39.06174900578599, 0.0], [-107.80700407657314, 39.06172987255187, 0.0], [-107.80706187655689, 39.06172847213309, 0.0], [-107.80709507572601, 39.06169167328101, 0.0], [-107.80710507611543, 39.06165540623115, 0.0], [-107.80705720929525, 39.06161140610241, 0.0], [-107.80700887593328, 39.06155860637406, 0.0], [-107.80701901008153, 39.06152227304552, 0.0]]}, "properties": {"gnisidlabel": "Marcott Creek", "featuretypelabel": "Channel Line", "huc12": "140200050111"}}, {"type": "Feature", "geometry": {"type": "LineString", "coordinates": [[-107.87660581094079, 39.04792927287233, 0.0], [-107.87583381009918, 39.0473715383653, 0.0]]}, "properties": {"gnisidlabel": "West Fork Bonita Surface Creek", "featuretypelabel": "Waterbody Connector", "huc12": "140200050111"}}, {"type": "Feature", "geometry": {"type": "LineString", "coordinates": [[-107.85358580996932, 39.07612340652934, 0.0], [-107.85412047592082, 39.07587380578965, 0.0]]}, "properties": {"gnisidlabel": null, "featuretypelabel": "Waterbody Connector", "huc12": "140200050111"}}, {"type": "Feature", "geometry": {"type": "LineString", "coordinates": [[-107.82390640969817, 38.99916213934789, 0.0], [-107.8239612759218, 38.99914807242876, 0.0], [-107.82458607615534, 38.99899327330776, 0.0], [-107.82560567580809, 38.998811006287454, 0.0], [-107.8260068101069, 38.99889127299461, 0.0], [-107.82626727525842, 38.99896607286679, 0.0], [-107.8264286758886, 38.9990296729457, 0.0]]}, "properties": {"gnisidlabel": null, "featuretypelabel": "Channel Line", "huc12": "140200050111"}}, {"type": "Feature", "geometry": {"type": "LineString", "coordinates": [[-107.81623687601538, 39.04660600611544, 0.0], [-107.81592040942625, 39.0464328060227, 0.0], [-107.81559500969428, 39.04615307298966, 0.0]]}, "properties": {"gnisidlabel": null, "featuretypelabel": "Waterbody Connector", "huc12": "140200050111"}}, {"type": "Feature", "geometry": {"type": "LineString", "coordinates": [[-107.79516381019339, 39.060374805854984, 0.0], [-107.7952824102745, 39.06045307298202, 0.0], [-107.79541327597072, 39.060549006165196, 0.0], [-107.79549700995904, 39.0606190067109, 0.0], [-107.79560660928443, 39.0607606058098, 0.0], [-107.79572487574337, 39.06082980567086, 0.0], [-107.79586687589362, 39.060916472971336, 0.0], [-107.79602020939862, 39.06099387354606, 0.0], [-107.79618581031572, 39.06108900573128, 0.0], [-107.79638520990036, 39.061165273417785, 0.0], [-107.79655007596021, 39.06124247310903, 0.0], [-107.79667947603106, 39.06130240566332, 0.0], [-107.7968796764887, 39.061396673130524, 0.0], [-107.796986410923, 39.0614662061126, 0.0], [-107.79710507613791, 39.06154447336177, 0.0], [-107.79725980981554, 39.0616578729748, 0.0], [-107.79737727571565, 39.06170900559727, 0.0], [-107.79751767566195, 39.06175067309588, 0.0], [-107.79764541014518, 39.06176567235756, 0.0], [-107.7977842095479, 39.06177140670183, 0.0], [-107.79798120951135, 39.06178467321249, 0.0], [-107.7981202099744, 39.06179040593093, 0.0], [-107.79823700983583, 39.061823605878665, 0.0], [-107.79833221040957, 39.06189340644908, 0.0], [-107.79844867573445, 39.06191760608614, 0.0], [-107.79855300960573, 39.061924072586784, 0.0], [-107.79872661050295, 39.06192887362164, 0.0], [-107.79894587589686, 39.061923673069586, 0.0], [-107.79916447579028, 39.06190040607129, 0.0], [-107.79932687563628, 39.06191447258368, 0.0], [-107.79943080909833, 39.061912005554284, 0.0], [-107.7995130094169, 39.061946073231454, 0.0], [-107.79960707596365, 39.0619888729029, 0.0], [-107.79977087635233, 39.062039006114446, 0.0], [-107.79986581010576, 39.06209967305936, 0.0], [-107.8000514766584, 39.062122272332836, 0.0], [-107.80020227575663, 39.06213667311846, 0.0], [-107.80037587551568, 39.06214160594495, 0.0], [-107.8005256105591, 39.06212900570623, 0.0], [-107.8006984093087, 39.06211587348601, 0.0], [-107.80088421036663, 39.06213827269751, 0.0], [-107.80100707665784, 39.062185006032394, 0.0], [-107.80111927636555, 39.06224080556015, 0.0], [-107.80124921058183, 39.06230980571114, 0.0], [-107.80146121011559, 39.06241280586847, 0.0], [-107.80162607647058, 39.06249000544512, 0.0], [-107.80183707655546, 39.0625658730337, 0.0], [-107.8019892768293, 39.062616272982766, 0.0], [-107.80210627624012, 39.06264947231072, 0.0], [-107.80224581094951, 39.062673273736934, 0.0], [-107.80238647655534, 39.0627238730601, 0.0], [-107.80253907641742, 39.062783272591794, 0.0], [-107.80269087530684, 39.06282467314242, 0.0], [-107.80283047653484, 39.06284827316055, 0.0], [-107.80309600966767, 39.06284200594211, 0.0], [-107.80329160940244, 39.062819273620356, 0.0], [-107.80351101009869, 39.062813872887276, 0.0], [-107.80373027657407, 39.062808673168455, 0.0], [-107.80396127591925, 39.06280307270027, 0.0], [-107.80419107630794, 39.062770606002765, 0.0], [-107.80443281008345, 39.06274680572548, 0.0], [-107.80465181012993, 39.062732405270005, 0.0], [-107.80487221074462, 39.0627540734279, 0.0], [-107.8050818101231, 39.06279420659399, 0.0], [-107.80518681015181, 39.06281867271979, 0.0], [-107.80541987552513, 39.06286707281777, 0.0], [-107.80559441048271, 39.062899005963345, 0.0], [-107.80576887561936, 39.06293080629165, 0.0], [-107.80596767639335, 39.06298900597372, 0.0], [-107.8061884757757, 39.06301980526822, 0.0], [-107.80637467658245, 39.06305140585195, 0.0], [-107.80657141001453, 39.06305560649878, 0.0], [-107.8067108768536, 39.0630792726401, 0.0], [-107.80688301024821, 39.063048073358694, 0.0], [-107.80699661051194, 39.06300027298462, 0.0], [-107.80706387586426, 39.062944673347765, 0.0], [-107.80709487598638, 39.062853805817234, 0.0], [-107.80709167602997, 39.062772805380966, 0.0], [-107.80707661005361, 39.062683072761494, 0.0], [-107.80700367669743, 39.0625948061533, 0.0], [-107.80696521003337, 39.06249660565919, 0.0], [-107.80696300983489, 39.06244260547202, 0.0]]}, "properties": {"gnisidlabel": null, "featuretypelabel": "Channel Line", "huc12": "140200050111"}}, {"type": "Feature", "geometry": {"type": "LineString", "coordinates": [[-107.9155866098997, 38.87159940637673, 0.0], [-107.91523281029701, 38.87131547335284, 0.0], [-107.91483687582573, 38.87106407300083, 0.0], [-107.9144734753375, 38.87079387297517, 0.0], [-107.91430427614878, 38.87065047286798, 0.0], [-107.91422327581031, 38.87055240520013, 0.0], [-107.91416167599661, 38.8703556731192, 0.0], [-107.91412167572322, 38.87028467257322, 0.0], [-107.914051075628, 38.870232406565165, 0.0], [-107.91383461034023, 38.870120606107676, 0.0], [-107.9137502107442, 38.87002367252673, 0.0], [-107.91365407521604, 38.86978280674951, 0.0], [-107.91362427619461, 38.86965740592797, 0.0], [-107.91360841081892, 38.86941000600868, 0.0], [-107.9136410767812, 38.869319205138666, 0.0], [-107.91370821077375, 38.869236405810575, 0.0], [-107.91390447661622, 38.86905580653272, 0.0], [-107.9139668756902, 38.868950606246194, 0.0], [-107.9139930762062, 38.86878780684784, 0.0], [-107.91401347662614, 38.868368473267886, 0.0], [-107.91406181065555, 38.86816900558199, 0.0], [-107.91412861038626, 38.86807727287271, 0.0], [-107.91434027533208, 38.867891805411844, 0.0], [-107.91442287608572, 38.86778160572289, 0.0], [-107.91450881070097, 38.86757680592371, 0.0], [-107.91456760980117, 38.86735460624545, 0.0], [-107.91457427534293, 38.86724627333971, 0.0], [-107.91455487678684, 38.8671702060431, 0.0], [-107.91449701012579, 38.86706800568613, 0.0], [-107.9144194102992, 38.86697987300695, 0.0], [-107.91432520942628, 38.86691020634586, 0.0], [-107.91422927627956, 38.866863005528266, 0.0], [-107.9141280099507, 38.86684307311961, 0.0], [-107.91366561000599, 38.866854472973934, 0.0], [-107.91342627656911, 38.86683347286101, 0.0], [-107.91261107534714, 38.86670967372062, 0.0], [-107.91234647539153, 38.86664867293596, 0.0], [-107.91221000934338, 38.866629605640995, 0.0], [-107.91203840927169, 38.86664740619753, 0.0], [-107.91186507552177, 38.86675980624729, 0.0], [-107.91176967687198, 38.86676680661629, 0.0], [-107.91156461015422, 38.86672227267679, 0.0], [-107.9114052762192, 38.86664967285102, 0.0], [-107.91061581027198, 38.86653880595016, 0.0]]}, "properties": {"gnisidlabel": "Highline Ditch", "featuretypelabel": "Canal", "huc12": "140200050105"}}, {"type": "Feature", "geometry": {"type": "LineString", "coordinates": [[-107.81968654246285, 39.035940406783226, 0.0], [-107.81985847606293, 39.035450673276834, 0.0], [-107.81972721073889, 39.03491300568017, 0.0], [-107.81936907631857, 39.03420627246723, 0.0], [-107.81910894289518, 39.03342213866412, 0.0], [-107.81887707625881, 39.03265433855184, 0.0], [-107.81880107572496, 39.03199560563761, 0.0], [-107.81910420976628, 39.03119207307297, 0.0], [-107.81909400979806, 39.03082413865963, 0.0], [-107.81909247558019, 39.0307912729799, 0.0], [-107.81908547508581, 39.030642939211525, 0.0], [-107.8190562766694, 39.0303438734608, 0.0]]}, "properties": {"gnisidlabel": null, "featuretypelabel": "Channel Line", "huc12": "140200050111"}}, {"type": "Feature", "geometry": {"type": "LineString", "coordinates": [[-107.89201094312624, 39.060052738634695, 0.0], [-107.89201021108418, 39.060052073029006, 0.0], [-107.89198427516375, 39.060030272897585, 0.0], [-107.89190107601601, 39.059969206208294, 0.0], [-107.89185147642456, 39.059889473438496, 0.0], [-107.8918236757324, 39.05977300558912, 0.0], [-107.891797610363, 39.059701473301274, 0.0], [-107.89168000957676, 39.05965047355563, 0.0], [-107.89153960967897, 39.05960887264585, 0.0], [-107.89132960983446, 39.059560072544556, 0.0], [-107.89121347668618, 39.05954487233168, 0.0], [-107.89112300969923, 39.05959220638274, 0.0], [-107.89096401005638, 39.05965920615863, 0.0], [-107.89076160963366, 39.059799406612704, 0.0], [-107.89061380996537, 39.05985707234274, 0.0], [-107.89045321075076, 39.05988807288042, 0.0], [-107.8903254755892, 39.05987320552036, 0.0], [-107.89017407585807, 39.05984087296935, 0.0], [-107.88998747603043, 39.05980047281211, 0.0]]}, "properties": {"gnisidlabel": "West Fork Bonita Surface Creek", "featuretypelabel": "Channel Line", "huc12": "140200050111"}}, {"type": "Feature", "geometry": {"type": "LineString", "coordinates": [[-107.8504805436308, 39.0481312059508, 0.0], [-107.85078654359839, 39.04769013948096, 0.0], [-107.8509856757014, 39.04711227298031, 0.0], [-107.85117827627246, 39.04659493858902, 0.0], [-107.85123134230179, 39.04622660618853, 0.0], [-107.85121507657591, 39.04597953875459, 0.0], [-107.85132394278091, 39.045550538708824, 0.0], [-107.8516694107421, 39.04479613837109, 0.0], [-107.85184674273036, 39.0443324734953, 0.0], [-107.85184840939687, 39.044328272371786, 0.0], [-107.85197947620459, 39.04402547284595, 0.0], [-107.85208980950712, 39.04375573897254, 0.0], [-107.85217214271553, 39.043513606332, 0.0], [-107.85215607599854, 39.04328847273584, 0.0], [-107.85205640943458, 39.043050205821274, 0.0]]}, "properties": {"gnisidlabel": null, "featuretypelabel": "Channel Line", "huc12": "140200050111"}}, {"type": "Feature", "geometry": {"type": "LineString", "coordinates": [[-107.81060961068997, 39.036786672768606, 0.0], [-107.81066000983108, 39.036785473608106, 0.0], [-107.81077361022956, 39.03673767264206, 0.0], [-107.81084040965187, 39.0366730065122, 0.0], [-107.81090540996084, 39.036563406109735, 0.0], [-107.81096961025592, 39.03643567355551, 0.0], [-107.81099740943772, 39.03626380613533, 0.0], [-107.81097867544771, 39.03608420601184, 0.0], [-107.8109472100159, 39.03586860650345, 0.0], [-107.81088261080103, 39.03569900622274, 0.0], [-107.81080587651681, 39.03551167326468, 0.0], [-107.8107162104648, 39.03528860603123, 0.0], [-107.81063880971858, 39.03508327273404, 0.0], [-107.81059620998396, 39.03488607318005, 0.0], [-107.81059201048706, 39.03477807316183, 0.0], [-107.81057507560858, 39.034643406274554, 0.0], [-107.81061547589817, 39.03449827297238, 0.0], [-107.8107010764608, 39.03432507297792, 0.0], [-107.81075487563474, 39.034224605862065, 0.0], [-107.81077427664042, 39.034134073703456, 0.0]]}, "properties": {"gnisidlabel": null, "featuretypelabel": "Canal", "huc12": "140200050111"}}, {"type": "Feature", "geometry": {"type": "LineString", "coordinates": [[-107.83221880945067, 39.065200873456895, 0.0], [-107.8321336100594, 39.06509480595999, 0.0], [-107.83203447597977, 39.0649260728234, 0.0], [-107.8318898763023, 39.06477647238776, 0.0], [-107.83173427565433, 39.06464507326043, 0.0], [-107.83149620981985, 39.0644706725577, 0.0], [-107.83131741006903, 39.06433087263762, 0.0], [-107.83115040982646, 39.06419980643426, 0.0], [-107.83104027609596, 39.06404940622973, 0.0], [-107.8309776097782, 39.063924673335926, 0.0], [-107.83096021050693, 39.063781005607495, 0.0], [-107.83098767583176, 39.063600073274905, 0.0], [-107.83106121029287, 39.06341820546402, 0.0], [-107.83115647551516, 39.06319960617172, 0.0], [-107.83125400970259, 39.06303520642304, 0.0], [-107.8313496105163, 39.06282560599497, 0.0], [-107.83147947576059, 39.062606206280535, 0.0], [-107.8315978761218, 39.062387073306965, 0.0], [-107.83173961034139, 39.06217647315084, 0.0], [-107.83191640970269, 39.06197400621833, 0.0], [-107.83203847576435, 39.0618448734733, 0.0], [-107.83214920992202, 39.061725072740714, 0.0]]}, "properties": {"gnisidlabel": null, "featuretypelabel": "Channel Line", "huc12": "140200050111"}}, {"type": "Feature", "geometry": {"type": "LineString", "coordinates": [[-107.80537281004096, 39.05788620555764, 0.0], [-107.80535807518484, 39.05780547276812, 0.0], [-107.80539707634613, 39.05762427324278, 0.0], [-107.8053987434498, 39.057619072741346, 0.0]]}, "properties": {"gnisidlabel": "Marcott Creek", "featuretypelabel": "Channel Line", "huc12": "140200050111"}}, {"type": "Feature", "geometry": {"type": "LineString", "coordinates": [[-107.88362960995808, 39.05057600544631, 0.0], [-107.88363820942836, 39.05092753900036, 0.0], [-107.88344381009745, 39.05160913862665, 0.0], [-107.88306487632364, 39.05195067241024, 0.0], [-107.88271974287949, 39.051962539371914, 0.0], [-107.88233874293314, 39.05182073927244, 0.0], [-107.88166134299209, 39.051558806088174, 0.0], [-107.88151367644718, 39.05161960550592, 0.0], [-107.88093614347812, 39.051637539554584, 0.0], [-107.88035061073717, 39.051441338429385, 0.0], [-107.87942987520155, 39.051031673754785, 0.0], [-107.87942954353665, 39.05103147294311, 0.0]]}, "properties": {"gnisidlabel": null, "featuretypelabel": "Channel Line", "huc12": "140200050111"}}, {"type": "Feature", "geometry": {"type": "LineString", "coordinates": [[-107.79998740980739, 39.028808006230534, 0.0], [-107.80003987610046, 39.028779672724546, 0.0], [-107.80020900952978, 39.02867647292809, 0.0], [-107.80035581007766, 39.028591873522, 0.0], [-107.80043300933701, 39.028500005593436, 0.0], [-107.80047487604213, 39.02839087290344, 0.0], [-107.80049267677515, 39.02825527320594, 0.0], [-107.80050900955288, 39.02808367341402, 0.0], [-107.80056127640256, 39.02794727262541, 0.0], [-107.8006140759275, 39.027820006819645, 0.0], [-107.80066781037013, 39.02771960608201, 0.0], [-107.80079087588871, 39.02761747272887, 0.0], [-107.80089047603546, 39.02750700576326, 0.0], [-107.80093307670856, 39.02741587250326, 0.0], [-107.80099840997015, 39.027315205509616, 0.0], [-107.80100387602147, 39.027161873197265, 0.0], [-107.8010224102522, 39.02704440635178, 0.0], [-107.80103040959989, 39.02695407301366, 0.0], [-107.80106107562946, 39.02685420572696, 0.0], [-107.80117180974727, 39.02673447271233, 0.0], [-107.80126847635253, 39.02655200610834, 0.0], [-107.80128140980275, 39.02652007346014, 0.0], [-107.80128194234759, 39.02651867236452, 0.0]]}, "properties": {"gnisidlabel": "Beaver Creek", "featuretypelabel": "Channel Line", "huc12": "140200050111"}}, {"type": "Feature", "geometry": {"type": "LineString", "coordinates": [[-107.8631742756406, 39.030017473079056, 0.0], [-107.86286267609594, 39.02981613911382, 0.0], [-107.8625586099547, 39.02966967303826, 0.0], [-107.86241014344714, 39.029593606173115, 0.0], [-107.86216347603954, 39.029473473389146, 0.0]]}, "properties": {"gnisidlabel": null, "featuretypelabel": "Channel Line", "huc12": "140200050111"}}, {"type": "Feature", "geometry": {"type": "LineString", "coordinates": [[-107.88090947561484, 39.06284507332133, 0.0], [-107.88093267639707, 39.06226920611091, 0.0]]}, "properties": {"gnisidlabel": null, "featuretypelabel": "Waterbody Connector", "huc12": "140200050111"}}, {"type": "Feature", "geometry": {"type": "LineString", "coordinates": [[-107.78646060959248, 39.0409342058575, 0.0], [-107.78685914384752, 39.04095327271153, 0.0]]}, "properties": {"gnisidlabel": null, "featuretypelabel": "Waterbody Connector", "huc12": "140200050111"}}, {"type": "Feature", "geometry": {"type": "LineString", "coordinates": [[-107.8823698754334, 38.88704200585174, 0.0], [-107.88227727603618, 38.88674687343996, 0.0], [-107.88222000986072, 38.88646907278528, 0.0], [-107.88220260966459, 38.88632540572574, 0.0], [-107.88223281006849, 38.88621660548537, 0.0], [-107.88225367655265, 38.886162005709096, 0.0], [-107.88225860985351, 38.885999673252435, 0.0], [-107.88226247580262, 38.88581040563483, 0.0], [-107.8822616100079, 38.885504072672006, 0.0], [-107.88222300985029, 38.88540600631809, 0.0], [-107.88221980961552, 38.88532487286221, 0.0], [-107.88219460943832, 38.8852714732188, 0.0], [-107.8821236752624, 38.885228206085294, 0.0], [-107.88201647563622, 38.88514080633026, 0.0], [-107.88190687612389, 38.884999405752524, 0.0], [-107.88179501037555, 38.88479487301871, 0.0], [-107.88174307562868, 38.884652005651134, 0.0], [-107.88169720930833, 38.884373872604016, 0.0], [-107.88167960998501, 38.88422107239484, 0.0], [-107.88172907578242, 38.88402180544289, 0.0], [-107.88173807639052, 38.88395847349651, 0.0], [-107.88181027581454, 38.8837494052907, 0.0], [-107.88201507628342, 38.883113806143946, 0.0], [-107.88205387611617, 38.882932606287696, 0.0], [-107.88207181000638, 38.8828060061632, 0.0], [-107.8821116763025, 38.88265187301133, 0.0], [-107.88218547597651, 38.88247887261789, 0.0], [-107.88221187547612, 38.88228000585849, 0.0], [-107.88220681003341, 38.88215407293755, 0.0], [-107.88229240996165, 38.88198980540169, 0.0], [-107.88243160978091, 38.881725005466045, 0.0], [-107.88245987573812, 38.881571205611785, 0.0], [-107.88253367593592, 38.88139820588782, 0.0], [-107.88251627548041, 38.88125447301351, 0.0], [-107.88256701052119, 38.88108207280819, 0.0], [-107.88257121023341, 38.88090180683289, 0.0], [-107.88260207621727, 38.88081100641878, 0.0], [-107.88259661025594, 38.880676005822146, 0.0], [-107.88256887608605, 38.880559473561455, 0.0], [-107.8824706099101, 38.88040867254749, 0.0], [-107.88216960922708, 38.880091873134596, 0.0], [-107.8820730763497, 38.879986073561064, 0.0], [-107.88192021086074, 38.87990880611149, 0.0], [-107.881578275466, 38.879719073334975, 0.0], [-107.88143420991409, 38.87957847281361, 0.0], [-107.88127767624006, 38.8794112058222, 0.0], [-107.8811448108479, 38.879261405729956, 0.0], [-107.88111447603816, 38.879081873531455, 0.0], [-107.88100247615444, 38.8788774736705, 0.0], [-107.88093587591216, 38.87865380661356, 0.0], [-107.88081980996657, 38.878350406754166, 0.0], [-107.88072800930306, 38.87807340617795, 0.0], [-107.88056161029873, 38.877663072673634, 0.0], [-107.8805446095595, 38.87752827284566, 0.0], [-107.88053587511097, 38.877312405877774, 0.0], [-107.88054080951925, 38.877150073238084, 0.0], [-107.88056781016873, 38.87696020635568, 0.0], [-107.8805720091691, 38.876779872742055, 0.0], [-107.88063087534853, 38.87652620584892, 0.0], [-107.88068267560061, 38.87638080647779, 0.0], [-107.88076847604295, 38.87622547297476, 0.0], [-107.88088827585091, 38.876051406089495, 0.0], [-107.88094981019374, 38.87586067296955, 0.0], [-107.88095467611168, 38.87569840595171, 0.0], [-107.88087907550033, 38.87553807337671, 0.0], [-107.8808150103076, 38.87537747306665, 0.0], [-107.88063280988005, 38.87514767306635, 0.0], [-107.88058487656807, 38.87510387299871, 0.0], [-107.88055407589523, 38.87498300584328, 0.0], [-107.88060087527836, 38.874884206156025, 0.0], [-107.8806458096819, 38.87477767312302, 0.0], [-107.88078907593012, 38.87460340629573, 0.0], [-107.88084687522871, 38.8745028060947, 0.0], [-107.88089707653037, 38.874127673176986, 0.0], [-107.88093461027817, 38.87403207332557, 0.0], [-107.88103280917474, 38.87394407303125, 0.0], [-107.88140547510527, 38.873687206147615, 0.0], [-107.88149527549184, 38.873608405758404, 0.0], [-107.88154947639825, 38.8735260059993, 0.0], [-107.88161061018707, 38.87327220601166, 0.0], [-107.88165261010168, 38.87291080609566, 0.0], [-107.88175327543158, 38.872701072629056, 0.0], [-107.88186367627202, 38.87254520646947, 0.0], [-107.88195161088302, 38.87246200582508, 0.0], [-107.88225807623876, 38.87235980550798, 0.0], [-107.88242160963654, 38.872247672877705, 0.0], [-107.8824470109381, 38.87220647287297, 0.0], [-107.88247100988517, 38.87203467357092, 0.0], [-107.8826342098398, 38.871909073058184, 0.0], [-107.88279101035461, 38.871702472733354, 0.0], [-107.88293987542869, 38.87144647309598, 0.0], [-107.88307461009498, 38.871141406517935, 0.0], [-107.88316627546442, 38.87085987358756, 0.0], [-107.8831648096305, 38.87079240632499, 0.0], [-107.88310167617347, 38.87067227292204, 0.0], [-107.88281841016249, 38.870345872927274, 0.0], [-107.88280781065204, 38.87029220623222, 0.0], [-107.88283227614322, 38.87017887346792, 0.0], [-107.88290827626393, 38.8700374734975, 0.0], [-107.88304807609828, 38.86995740603929, 0.0], [-107.8831028759941, 38.869901873075655, 0.0], [-107.88317107587119, 38.86969300631579, 0.0], [-107.88320447550593, 38.86964267238687, 0.0], [-107.88349327573422, 38.86949587248479, 0.0], [-107.88357547596813, 38.86934067277962, 0.0], [-107.88360527578008, 38.86931287300238, 0.0], [-107.88370601043535, 38.869270005691064, 0.0], [-107.88397661066004, 38.86919120561626, 0.0], [-107.88403561039334, 38.86916267324573, 0.0], [-107.88406721018903, 38.869125872906295, 0.0], [-107.884126475089, 38.868795605216114, 0.0], [-107.88413541094774, 38.86837640651112, 0.0], [-107.88409781049299, 38.86830080611772, 0.0], [-107.88386887608823, 38.868063206359786, 0.0], [-107.88380801073377, 38.86795660567641, 0.0], [-107.88378721042275, 38.8678580059355, 0.0], [-107.88381261023967, 38.86778980626036, 0.0], [-107.88390881041283, 38.86766580575535, 0.0], [-107.88409541011181, 38.867562005433115, 0.0], [-107.88425427689046, 38.867441072966166, 0.0], [-107.88442560970965, 38.867297205756884, 0.0], [-107.8845074766135, 38.867178005964966, 0.0], [-107.8847550101857, 38.86701880584477, 0.0], [-107.88503500958466, 38.86671907298448, 0.0], [-107.8851782095591, 38.8666658724584, 0.0], [-107.88546200995694, 38.866429206619564, 0.0], [-107.88561347595598, 38.86634427287861, 0.0], [-107.88578407499631, 38.86606987260067, 0.0], [-107.88585927564648, 38.86598240648028, 0.0], [-107.88595247627399, 38.86590360607028, 0.0], [-107.88612041019994, 38.86580480660076, 0.0], [-107.8862722090405, 38.86574247306347, 0.0], [-107.88640447533396, 38.86571220571939, 0.0], [-107.88657687681864, 38.86570340604867, 0.0], [-107.8870252102555, 38.865728273052596, 0.0], [-107.88724860939837, 38.86568227332913, 0.0], [-107.88752021003278, 38.865644072458444, 0.0], [-107.88787407589729, 38.865540673142114, 0.0], [-107.88789200953047, 38.8655086731132, 0.0], [-107.88791307651005, 38.865319005464244, 0.0], [-107.88796640967522, 38.86525907319196, 0.0], [-107.88864940947826, 38.865183673720914, 0.0], [-107.88880567576486, 38.86515280596768, 0.0], [-107.88896067586121, 38.865094805986914, 0.0], [-107.88923707608328, 38.86494827301553, 0.0], [-107.8893978095066, 38.864845273253856, 0.0], [-107.88952820972892, 38.86472040611037, 0.0], [-107.88965201000653, 38.86443807257783, 0.0], [-107.88978520956832, 38.86434020550707, 0.0], [-107.8900388101635, 38.864257272917996, 0.0], [-107.8903376094915, 38.86425900681847, 0.0], [-107.89054547597206, 38.86420867290657, 0.0], [-107.89061387573015, 38.864162006038484, 0.0], [-107.89067827507643, 38.86407480624964, 0.0], [-107.89073307581772, 38.86391127309086, 0.0], [-107.89076127665959, 38.863870073154516, 0.0], [-107.89085380920847, 38.863818206475514, 0.0], [-107.89119987627194, 38.863674472852, 0.0], [-107.8913440092519, 38.86364387262708, 0.0], [-107.89173620924457, 38.86364767257378, 0.0], [-107.89183441050764, 38.86362267305452, 0.0], [-107.8920802108154, 38.86326980574055, 0.0], [-107.89219807658213, 38.863172273646825, 0.0], [-107.89228607603515, 38.863156605977494, 0.0], [-107.89250107666389, 38.86321880653372, 0.0], [-107.89274120948161, 38.86324440582678, 0.0], [-107.89291800906693, 38.863204005512344, 0.0], [-107.89310407553765, 38.86311380619119, 0.0], [-107.89348687610878, 38.862883605605, 0.0], [-107.89359781022738, 38.86283580578196, 0.0], [-107.89366600969973, 38.862825073134154, 0.0], [-107.89371941003384, 38.86284180681142, 0.0], [-107.89379860964189, 38.86293887272156, 0.0], [-107.89385720925183, 38.86304547294304, 0.0], [-107.89388807558248, 38.863189006311586, 0.0], [-107.89395287536796, 38.86329547344065, 0.0], [-107.89399421042891, 38.863325873002246, 0.0], [-107.89410067598449, 38.86329627289506, 0.0], [-107.89438567627629, 38.863113606134256, 0.0], [-107.89454961022437, 38.8630734062474, 0.0], [-107.89461700954327, 38.863080805689435, 0.0], [-107.89479980972487, 38.8632158735219, 0.0], [-107.89488727620028, 38.86324080672196, 0.0], [-107.89497887644625, 38.8632024060239, 0.0], [-107.89502501018826, 38.86316080615065, 0.0], [-107.89507767663088, 38.8628846733111, 0.0], [-107.89510567593695, 38.8628254059989, 0.0], [-107.89534220915289, 38.862716005868904, 0.0], [-107.89553100977157, 38.86267967327498, 0.0], [-107.89590947579596, 38.86270640654648, 0.0], [-107.8961950760708, 38.86268127349433, 0.0], [-107.89656400954433, 38.862609005986755, 0.0], [-107.89680501068156, 38.86254900603022, 0.0], [-107.8970410769872, 38.86242147336124, 0.0], [-107.89718721025433, 38.86236827283929, 0.0], [-107.8976010099073, 38.86234447335441, 0.0], [-107.89846661071047, 38.86232760659948, 0.0]]}, "properties": {"gnisidlabel": null, "featuretypelabel": "Channel Line", "huc12": "140200050105"}}, {"type": "Feature", "geometry": {"type": "LineString", "coordinates": [[-107.88031780935177, 39.05671560570146, 0.0], [-107.87914107523667, 39.0562048729842, 0.0], [-107.8781246095362, 39.05545200585633, 0.0], [-107.8776154098684, 39.05490887293438, 0.0]]}, "properties": {"gnisidlabel": "West Fork Bonita Surface Creek", "featuretypelabel": "Waterbody Connector", "huc12": "140200050111"}}, {"type": "Feature", "geometry": {"type": "LineString", "coordinates": [[-107.85960441001005, 39.02562187338553, 0.0], [-107.85965741027267, 39.02550347264494, 0.0], [-107.85968507562309, 39.02533160629483, 0.0], [-107.85971180956064, 39.025132806139474, 0.0], [-107.85972867674666, 39.02497920553251, 0.0], [-107.85975747595909, 39.02483440582606, 0.0], [-107.8598436102676, 39.02467907237331, 0.0], [-107.85990600993088, 39.024506405976794, 0.0], [-107.85995821039943, 39.02437000677657, 0.0], [-107.859975876758, 39.02423440626757, 0.0], [-107.8599926755433, 39.02408087305848, 0.0], [-107.86001107574917, 39.02396327248198, 0.0], [-107.8600846104656, 39.02378127334098, 0.0], [-107.86012347568412, 39.02360020595983, 0.0], [-107.86015227524787, 39.023455272805975, 0.0], [-107.86015661024692, 39.02327500586768, 0.0], [-107.86013821057134, 39.02310427333382, 0.0], [-107.86014061079929, 39.022879005385754, 0.0], [-107.86016681069385, 39.022671073185, 0.0], [-107.86022667596198, 39.02243547353535, 0.0], [-107.86024247602109, 39.02225487298376, 0.0], [-107.86030587514003, 39.022109206056825, 0.0], [-107.86036967589403, 39.02197247335075, 0.0], [-107.86047920934087, 39.02182560572653, 0.0], [-107.86062407642544, 39.02169600591861, 0.0], [-107.8606900768859, 39.02161320624307, 0.0], [-107.86069920990111, 39.0215904731707, 0.0]]}, "properties": {"gnisidlabel": "Milk Creek", "featuretypelabel": "Channel Line", "huc12": "140200050111"}}, {"type": "Feature", "geometry": {"type": "LineString", "coordinates": [[-107.89412987559719, 39.04031533954255, 0.0], [-107.89383994269251, 39.04004147321249, 0.0], [-107.8936974109028, 39.0396628736748, 0.0], [-107.8932595435291, 39.03938940591087, 0.0], [-107.89263881012288, 39.03917680623017, 0.0], [-107.89240587669424, 39.039067605931066, 0.0], [-107.8922708754329, 39.038798806381514, 0.0], [-107.89202967622302, 39.03839293911018, 0.0], [-107.89180994288365, 39.038074939435866, 0.0], [-107.89134381002887, 39.03777960632263, 0.0], [-107.89123227635916, 39.037733606279446, 0.0]]}, "properties": {"gnisidlabel": null, "featuretypelabel": "Channel Line", "huc12": "140200050111"}}, {"type": "Feature", "geometry": {"type": "LineString", "coordinates": [[-107.78696814337073, 39.05041293886751, 0.0], [-107.78660154346359, 39.050376273369615, 0.0], [-107.78616407647452, 39.0502905384982, 0.0], [-107.7857322104357, 39.05001253901077, 0.0], [-107.78549027607009, 39.0497115388579, 0.0], [-107.78543194254215, 39.04946467301306, 0.0], [-107.78526641082057, 39.04931067238308, 0.0]]}, "properties": {"gnisidlabel": null, "featuretypelabel": "Channel Line", "huc12": "140200050111"}}, {"type": "Feature", "geometry": {"type": "LineString", "coordinates": [[-107.81896947609995, 39.02642247310058, 0.0], [-107.81900821021942, 39.02623240598612, 0.0], [-107.81908027632002, 39.02601440558968, 0.0], [-107.81913121006194, 39.02584200649471, 0.0], [-107.81920420928311, 39.0256420060324, 0.0], [-107.81927667633252, 39.025433073322034, 0.0], [-107.81935180945807, 39.02528720601441, 0.0], [-107.81945061016104, 39.025158605870395, 0.0], [-107.8195612753299, 39.025038806064714, 0.0], [-107.8197860098478, 39.024880206037345, 0.0], [-107.8199882764498, 39.02474020597487, 0.0], [-107.82019107618022, 39.02460907287765, 0.0], [-107.82036007597847, 39.02450600601219, 0.0], [-107.82047227539555, 39.024422206190415, 0.0], [-107.82061841043111, 39.024319473303386, 0.0], [-107.82078787591203, 39.02422527296637, 0.0], [-107.82095847561759, 39.02415820628273, 0.0], [-107.8211280107351, 39.024064006476216, 0.0], [-107.8213424760706, 39.02394167288029, 0.0], [-107.82147700919933, 39.023839272910934, 0.0], [-107.82166707667665, 39.02368147243258, 0.0], [-107.82180087607995, 39.02356120602108, 0.0], [-107.82191200958978, 39.023450405337975, 0.0], [-107.82204580977078, 39.023330005299336, 0.0], [-107.82217960987866, 39.0232096726802, 0.0], [-107.82222107599686, 39.023091472852826, 0.0], [-107.82230561116803, 39.02289127319046, 0.0], [-107.82239181032747, 39.02273600628598, 0.0], [-107.82249927624748, 39.02253527286948, 0.0], [-107.82258647630799, 39.02240700599472, 0.0], [-107.82267420945901, 39.02228767302123, 0.0], [-107.82278527690416, 39.02217700646167, 0.0], [-107.82290787568999, 39.022065873146474, 0.0], [-107.82300781077117, 39.021964272405135, 0.0], [-107.82313981024693, 39.02179900651112, 0.0], [-107.82322847550726, 39.02170667225921, 0.0]]}, "properties": {"gnisidlabel": null, "featuretypelabel": "Channel Line", "huc12": "140200050111"}}, {"type": "Feature", "geometry": {"type": "LineString", "coordinates": [[-107.83054681004292, 39.05394980604169, 0.0], [-107.83015021037025, 39.05371020661077, 0.0], [-107.82977387575386, 39.05336067341167, 0.0], [-107.82950967582741, 39.05295007322881, 0.0], [-107.82943327672206, 39.052642272987384, 0.0], [-107.82943294257443, 39.05264113876036, 0.0]]}, "properties": {"gnisidlabel": null, "featuretypelabel": "Channel Line", "huc12": "140200050111"}}, {"type": "Feature", "geometry": {"type": "LineString", "coordinates": [[-107.86469081021652, 38.98041560538668, 0.0], [-107.86465607681177, 38.98024527212832, 0.0], [-107.86468667590046, 38.98014540582849, 0.0], [-107.86478181019993, 38.97992687361022, 0.0], [-107.86495867690627, 38.979733406039934, 0.0], [-107.86521627545048, 38.97953780569563, 0.0], [-107.8654968763435, 38.97934167281917, 0.0], [-107.86552307614441, 38.97913387379265, 0.0], [-107.86535481016332, 38.97896680618745, 0.0], [-107.86524307665096, 38.97877127341111, 0.0], [-107.86510140990195, 38.97869367347377, 0.0], [-107.86492767648085, 38.97839167275437, 0.0], [-107.86491967623482, 38.978193672718206, 0.0], [-107.8648964754148, 38.977906006425876, 0.0], [-107.86484421061168, 38.97775420574073, 0.0], [-107.86488120943116, 38.97752800630672, 0.0], [-107.86492080909191, 38.977364872758365, 0.0], [-107.86531567566215, 38.97713880564203, 0.0], [-107.86582107658064, 38.97679320594417, 0.0], [-107.86594000936473, 38.9765920725593, 0.0], [-107.86595367539024, 38.97635740575873, 0.0], [-107.86590740994585, 38.976070273229304, 0.0], [-107.86578661039322, 38.975649872424746, 0.0], [-107.8656844093574, 38.97512080610354, 0.0], [-107.86560687690839, 38.97491547347471, 0.0], [-107.86560127618571, 38.974492273581156, 0.0], [-107.86569574277353, 38.97425567319111, 0.0], [-107.86590207647933, 38.97393527355763, 0.0], [-107.86589407590571, 38.97373727261067, 0.0], [-107.86612500986871, 38.97345227340903, 0.0], [-107.86603301051336, 38.973175473082414, 0.0], [-107.86602247589666, 38.972914339720596, 0.0], [-107.86618347683905, 38.97261300613226, 0.0], [-107.86646121061504, 38.972345005473834, 0.0], [-107.86649821056662, 38.9721188054438, 0.0], [-107.86663820982983, 38.97187220654305, 0.0], [-107.86674314379357, 38.97160827315761, 0.0], [-107.86693320985461, 38.97145947287064, 0.0], [-107.86719627629324, 38.97139893957262, 0.0], [-107.8677880757332, 38.97119520652506, 0.0], [-107.86793001081531, 38.97099360542571, 0.0], [-107.8679804102972, 38.970812072749446, 0.0], [-107.86806927579926, 38.97044060624561, 0.0], [-107.86818740911193, 38.97022140557247, 0.0], [-107.86843807656506, 38.97014320602122, 0.0], [-107.86867987589716, 38.97012827284934, 0.0], [-107.86920920947459, 38.97008820575094, 0.0], [-107.86969801005468, 38.969905006590594, 0.0], [-107.87022061048958, 38.969702873402355, 0.0], [-107.87052067643606, 38.96941627302923, 0.0], [-107.8707882762229, 38.96918447308516, 0.0], [-107.87102961029268, 38.96887213988148, 0.0], [-107.87126220998887, 38.96863227270203, 0.0], [-107.87166087596565, 38.9682170062383, 0.0], [-107.87203047637307, 38.96793767251329, 0.0], [-107.87212621091695, 38.96773707284291, 0.0], [-107.87213047580315, 38.96755680542811, 0.0], [-107.87217900929477, 38.967330273690635, 0.0], [-107.87214761045088, 38.96712387296704, 0.0], [-107.87225947633891, 38.966751806273884, 0.0], [-107.87249967684461, 38.96641260611296, 0.0], [-107.87265094227384, 38.966156606456245, 0.0], [-107.87294867696455, 38.965815872695046, 0.0], [-107.87323600994112, 38.965502472906245, 0.0], [-107.87353720966232, 38.96524280645437, 0.0], [-107.87387567533972, 38.965054273141625, 0.0], [-107.87427700940515, 38.9649903407233, 0.0], [-107.87470127580823, 38.96492587311949, 0.0], [-107.87512361077943, 38.964807405603345, 0.0], [-107.87541601054322, 38.964620005487404, 0.0], [-107.87561807573387, 38.96449780631161, 0.0], [-107.87575527695004, 38.96444940562515, 0.0], [-107.8758344765905, 38.96441147309329, 0.0], [-107.87594720952586, 38.96434560534056, 0.0], [-107.87601387608966, 38.964280873663995, 0.0], [-107.87608047587786, 38.96421620575949, 0.0], [-107.8763306765506, 38.96384067287314, 0.0], [-107.87639407646593, 38.963694872844464, 0.0], [-107.87644507556159, 38.96353147325797, 0.0], [-107.876485675798, 38.96339540586501, 0.0], [-107.87651420962352, 38.96324147303272, 0.0], [-107.8765066090818, 38.963052472963994, 0.0], [-107.87641667610785, 38.96282947315218, 0.0], [-107.8763284094117, 38.96264247273295, 0.0], [-107.87621187604977, 38.96233007291373, 0.0], [-107.87614121020411, 38.962007473181316, 0.0], [-107.87607441009348, 38.96178387275019, 0.0], [-107.87605307627413, 38.96154120584449, 0.0], [-107.87608247572388, 38.9614142733836, 0.0], [-107.87615441002401, 38.961196273693616, 0.0], [-107.87622760947085, 38.96100527251693, 0.0], [-107.87636427586037, 38.960677606555166, 0.0], [-107.87647407553969, 38.96053980610282, 0.0], [-107.8767470105149, 38.960154673701034, 0.0], [-107.87701080973164, 38.9598328066916, 0.0], [-107.8770954767884, 38.95964147250991, 0.0], [-107.87735041091024, 38.95938300553649, 0.0], [-107.87750701071555, 38.95926200524027, 0.0], [-107.8778668090711, 38.9590278729681, 0.0], [-107.87815987501624, 38.95885847232685, 0.0], [-107.87842147528544, 38.95876200628919, 0.0], [-107.87857847561807, 38.95865000641837, 0.0], [-107.87882987687304, 38.95858967325816, 0.0], [-107.8790236097027, 38.958530873240434, 0.0], [-107.87924147600125, 38.95849847256091, 0.0], [-107.87961787575733, 38.958390072946386, 0.0], [-107.87990140935464, 38.95826600522547, 0.0], [-107.88010447657162, 38.95815287285765, 0.0], [-107.88026400929732, 38.95810387313073, 0.0], [-107.88036307616136, 38.957984272960026, 0.0], [-107.88055427636193, 38.957862473471664, 0.0], [-107.88065141048223, 38.957697873019185, 0.0], [-107.88073780978223, 38.95755160615671, 0.0], [-107.88080467602082, 38.9572076062878, 0.0], [-107.88082840988794, 38.95693680531674, 0.0], [-107.88084827669442, 38.9565758736547, 0.0], [-107.88087020991273, 38.9562600729529, 0.0], [-107.88087027588674, 38.955980806178786, 0.0], [-107.8808866755245, 38.95552987354239, 0.0], [-107.88092367586415, 38.95530367364654, 0.0], [-107.88092323589277, 38.95502309452309, 0.0]]}, "properties": {"gnisidlabel": "Cedar Mesa Ditch", "featuretypelabel": "Canal", "huc12": "140200050111"}}, {"type": "Feature", "geometry": {"type": "LineString", "coordinates": [[-107.92853080944012, 38.87654107346129, 0.0], [-107.9283950769602, 38.8765400062058, 0.0], [-107.92830020943111, 38.876537872682725, 0.0], [-107.92813940997092, 38.87655087299454, 0.0], [-107.92807067643007, 38.87656160599413, 0.0], [-107.92799187641337, 38.87660867272718, 0.0], [-107.92785707664919, 38.876693072630644, 0.0], [-107.92776787543056, 38.87676740567994, 0.0], [-107.92767801022106, 38.87682380573161, 0.0], [-107.9274978762472, 38.87692740582488, 0.0], [-107.92731847623601, 38.8770490061931, 0.0], [-107.9271736106234, 38.87716980569248, 0.0], [-107.92701687638178, 38.877281806333116, 0.0], [-107.92687047537675, 38.87736660605641, 0.0], [-107.92677947635492, 38.877395872543744, 0.0], [-107.92671160980711, 38.87742460557277, 0.0], [-107.9266420102581, 38.877417272933194, 0.0], [-107.926491276633, 38.87739407248428, 0.0], [-107.92619081031599, 38.877374606323855, 0.0], [-107.9259262756357, 38.877390272680344, 0.0], [-107.92568420991019, 38.87738727229288, 0.0], [-107.92554641073242, 38.87739980584705, 0.0], [-107.92535187599748, 38.87743167346176, 0.0], [-107.92513387601737, 38.87745507224097, 0.0], [-107.92490200979385, 38.87742487301399, 0.0], [-107.9248080760718, 38.877382206831086, 0.0], [-107.92461907712038, 38.87726987368784, 0.0], [-107.92441707609318, 38.877121805640364, 0.0], [-107.9242866753526, 38.87703487269632, 0.0], [-107.92421401076746, 38.876946672829504, 0.0], [-107.92415241003644, 38.87684907309144, 0.0], [-107.92413447558268, 38.876696405869026, 0.0], [-107.92408447521917, 38.87659860636188, 0.0], [-107.9241000758527, 38.87641800583958, 0.0], [-107.92412647595422, 38.87621920668569, 0.0], [-107.92419461058621, 38.87591120631415, 0.0], [-107.92420947525119, 38.87571247280316, 0.0], [-107.92422367594851, 38.87549600632065, 0.0], [-107.92418167548057, 38.87531687274842, 0.0], [-107.9241754092499, 38.875163806772555, 0.0], [-107.92419361074036, 38.874983205897124, 0.0], [-107.92415100994776, 38.87474100515328, 0.0], [-107.92404840946584, 38.87461747323364, 0.0], [-107.92397147615318, 38.87457880551459, 0.0], [-107.92365547639572, 38.874523673116144, 0.0], [-107.92331281038737, 38.87455027218406, 0.0], [-107.92299667573732, 38.87460327237961, 0.0], [-107.92268841022927, 38.87467860622714, 0.0], [-107.92250447554612, 38.874755273030004, 0.0], [-107.92202980992911, 38.87482567275838, 0.0], [-107.92180027608188, 38.87484500628257, 0.0], [-107.9212590757323, 38.87485400653353, 0.0], [-107.92065607541826, 38.874927673056675, 0.0], [-107.92034461033657, 38.87492200573808, 0.0], [-107.9199324767285, 38.874887205335426, 0.0], [-107.91990101016464, 38.874861006171805, 0.0], [-107.91994281041346, 38.87471127305083, 0.0], [-107.9199134106597, 38.874644472452275, 0.0], [-107.91983967607203, 38.874601206592864, 0.0], [-107.9195496758628, 38.87449127343471, 0.0], [-107.9194920101386, 38.874443206168294, 0.0], [-107.91944920968969, 38.874381272287465, 0.0], [-107.91942627595925, 38.874282805135046, 0.0], [-107.91943021020752, 38.87419247298374, 0.0], [-107.91957347625356, 38.87381060567588, 0.0], [-107.91957961006311, 38.873720405869356, 0.0], [-107.91955927593007, 38.873621673688234, 0.0], [-107.91952000965533, 38.87354620628906, 0.0], [-107.91946407639657, 38.87348900641626, 0.0], [-107.91930467584567, 38.8733984058523, 0.0], [-107.91895941050895, 38.87327187262654, 0.0], [-107.91880247591895, 38.87324880546794, 0.0], [-107.91811000955684, 38.87320760595871, 0.0], [-107.91787261005382, 38.87318200656319, 0.0], [-107.91771287597244, 38.873091272479634, 0.0], [-107.91756200937651, 38.87295547299286, 0.0], [-107.91738887550791, 38.87289220605786, 0.0], [-107.91729367524451, 38.87289460606933, 0.0], [-107.91716140987707, 38.872988006059906, 0.0], [-107.91707307639541, 38.87296320616122, 0.0], [-107.91672080934063, 38.87270167301175, 0.0], [-107.91644681073524, 38.872474406129065, 0.0], [-107.91643381014522, 38.872411606425175, 0.0], [-107.9165006764185, 38.87224780550031, 0.0], [-107.9165086106645, 38.87214847335229, 0.0], [-107.91648741042276, 38.872040872964945, 0.0], [-107.91643080967827, 38.871961205260845, 0.0], [-107.91636081065175, 38.87191340589005, 0.0], [-107.91626220953492, 38.87186640600161, 0.0], [-107.91573487577357, 38.871681406573146, 0.0], [-107.9155866098997, 38.87159940637673, 0.0]]}, "properties": {"gnisidlabel": "Highline Ditch", "featuretypelabel": "Canal", "huc12": "140200050105"}}, {"type": "Feature", "geometry": {"type": "LineString", "coordinates": [[-107.83628361011608, 39.066371672845605, 0.0], [-107.83628727569533, 39.06598713964024, 0.0], [-107.83612734355994, 39.06541673886396, 0.0], [-107.83611747551139, 39.06509273920912, 0.0], [-107.83597327641715, 39.0647145389366, 0.0], [-107.83590047604399, 39.06445127234865, 0.0], [-107.83589047548917, 39.06411073898575, 0.0], [-107.83597920911703, 39.0637862053107, 0.0], [-107.8359777432295, 39.06361047244874, 0.0], [-107.83595454358957, 39.063374406649075, 0.0], [-107.8358890100683, 39.063120605431884, 0.0]]}, "properties": {"gnisidlabel": null, "featuretypelabel": "Channel Line", "huc12": "140200050111"}}, {"type": "Feature", "geometry": {"type": "LineString", "coordinates": [[-107.84148147635376, 38.99703767286074, 0.0], [-107.84142087605379, 38.99696707307124, 0.0], [-107.84139241028726, 38.996832672756206, 0.0], [-107.84131821024074, 38.99670827357054, 0.0], [-107.84123420974686, 38.99662927277443, 0.0]]}, "properties": {"gnisidlabel": "Surface Creek", "featuretypelabel": "Channel Line", "huc12": "140200050111"}}, {"type": "Feature", "geometry": {"type": "LineString", "coordinates": [[-107.81483767581666, 39.01631500538533, 0.0], [-107.81496181007913, 39.016239873170534, 0.0], [-107.81518547655385, 39.016054272589415, 0.0], [-107.81538587551442, 39.01586927319209, 0.0], [-107.81558827606777, 39.01572920552483, 0.0], [-107.81579201071153, 39.01562527304088, 0.0], [-107.81604147628762, 39.01551107324948, 0.0], [-107.81623521089664, 39.015443406088224, 0.0], [-107.81641547627548, 39.0153308728185, 0.0], [-107.81657200892556, 39.015201006316985, 0.0], [-107.8167522761622, 39.015088606726394, 0.0], [-107.81692247651216, 39.01501227283365, 0.0], [-107.81707141039503, 39.014981672679845, 0.0], [-107.8172326101255, 39.014968805717224, 0.0], [-107.81736021071282, 39.014983673249894, 0.0], [-107.81748921049163, 39.015034673667834, 0.0], [-107.81762947628476, 39.01507627275263, 0.0], [-107.81781700926217, 39.01514380669734, 0.0], [-107.81808407595976, 39.01518247243977, 0.0], [-107.81827047590107, 39.01522300678029, 0.0], [-107.81844347581341, 39.015218806039385, 0.0], [-107.81862701006683, 39.01518740605186, 0.0], [-107.81873421005734, 39.01515767234747, 0.0]]}, "properties": {"gnisidlabel": "Beaver Creek", "featuretypelabel": "Channel Line", "huc12": "140200050111"}}, {"type": "Feature", "geometry": {"type": "LineString", "coordinates": [[-107.88076200974841, 39.065715538950705, 0.0], [-107.88071660972125, 39.065705806549076, 0.0], [-107.88062021051458, 39.06521267276156, 0.0], [-107.88063901073423, 39.064748205888954, 0.0], [-107.8806508098522, 39.06415787314754, 0.0], [-107.88065627610044, 39.06378827338082, 0.0], [-107.88082961084528, 39.063144406220346, 0.0], [-107.88090947561484, 39.06284507332133, 0.0]]}, "properties": {"gnisidlabel": null, "featuretypelabel": "Channel Line", "huc12": "140200050111"}}, {"type": "Feature", "geometry": {"type": "LineString", "coordinates": [[-107.8750484090977, 39.046179006363765, 0.0], [-107.8750104762022, 39.04609887357432, 0.0], [-107.87498340947909, 39.04600047287639, 0.0], [-107.87494361032093, 39.04587527301443, 0.0], [-107.87486860981242, 39.04573307321099, 0.0], [-107.87478447613694, 39.04565407283252, 0.0], [-107.87470140980264, 39.045602006169254, 0.0], [-107.87464187585286, 39.04555840574322, 0.0], [-107.87456907595856, 39.04547020589736, 0.0], [-107.8745072756294, 39.045372605949424, 0.0], [-107.87442287596174, 39.04528460563311, 0.0], [-107.87430407590753, 39.04520640586801, 0.0], [-107.87416240980829, 39.04512880594905, 0.0], [-107.87401960973742, 39.04502420523715, 0.0], [-107.87385140983517, 39.044866205968226, 0.0], [-107.87373187659395, 39.0447700058232, 0.0], [-107.87361441023134, 39.044718873095526, 0.0], [-107.8734848758741, 39.04465907301902, 0.0], [-107.87336607518827, 39.04458080561195, 0.0], [-107.87318927584043, 39.044495073479005, 0.0], [-107.8729766099021, 39.04437427243284, 0.0], [-107.87278747650505, 39.04427080605616, 0.0], [-107.87263267665561, 39.044157473334494, 0.0], [-107.87240941006512, 39.04406387282162, 0.0], [-107.87225467631966, 39.04395060551781, 0.0]]}, "properties": {"gnisidlabel": "West Fork Bonita Surface Creek", "featuretypelabel": "Channel Line", "huc12": "140200050111"}}, {"type": "Feature", "geometry": {"type": "LineString", "coordinates": [[-107.88015574283412, 39.03521600572454, 0.0], [-107.88028287536193, 39.03531453868065, 0.0], [-107.88036061019922, 39.035369272908, 0.0], [-107.88058667668423, 39.03553347241261, 0.0], [-107.88088347597788, 39.0357689386101, 0.0], [-107.88125107569968, 39.03610307260754, 0.0], [-107.88175261078665, 39.03644780533114, 0.0], [-107.88207747547655, 39.03666120613538, 0.0], [-107.8824306103447, 39.036896472371645, 0.0], [-107.88269234312199, 39.03716493854688, 0.0], [-107.88287707616954, 39.03755447248466, 0.0], [-107.88294887694646, 39.03787287251625, 0.0], [-107.88298211732875, 39.038153906019076, 0.0], [-107.88298220965414, 39.038154273100915, 0.0]]}, "properties": {"gnisidlabel": null, "featuretypelabel": "Channel Line", "huc12": "140200050111"}}, {"type": "Feature", "geometry": {"type": "LineString", "coordinates": [[-107.8668514098519, 39.00031760569565, 0.0], [-107.86678900913844, 39.0002020062253, 0.0], [-107.86672627629981, 39.00007740589377, 0.0], [-107.86668627588807, 38.999983805927165, 0.0], [-107.86637361048388, 38.99963560550645, 0.0], [-107.86600721026785, 38.99914007324682, 0.0], [-107.86571740937501, 38.998822873638005, 0.0], [-107.86552260996369, 38.99857547228922, 0.0]]}, "properties": {"gnisidlabel": null, "featuretypelabel": "Channel Line", "huc12": "140200050111"}}, {"type": "Feature", "geometry": {"type": "LineString", "coordinates": [[-107.83181674286436, 39.046166406658976, 0.0], [-107.83206507642099, 39.04646180680893, 0.0]]}, "properties": {"gnisidlabel": null, "featuretypelabel": "Waterbody Connector", "huc12": "140200050111"}}, {"type": "Feature", "geometry": {"type": "LineString", "coordinates": [[-107.83435280936118, 39.02639180546959, 0.0], [-107.83442100934775, 39.026363073144175, 0.0], [-107.8346034099242, 39.02630460590429, 0.0], [-107.83479887618394, 39.02628187377983, 0.0], [-107.83499387700432, 39.02625007336693, 0.0], [-107.83524707579248, 39.02622587321554, 0.0], [-107.83548827531301, 39.026193005858225, 0.0], [-107.83570720976702, 39.02617867248028, 0.0], [-107.8358794758415, 39.026156473244804, 0.0], [-107.83605107620514, 39.0261162728337, 0.0], [-107.83619860970744, 39.026049606434434, 0.0], [-107.83634467689163, 39.02594700615929, 0.0], [-107.83646687604089, 39.02582687302274, 0.0], [-107.83658907629055, 39.02570680640109, 0.0], [-107.83678127550421, 39.0256030063298, 0.0], [-107.8370192765642, 39.025489073130345, 0.0], [-107.83723387657871, 39.025366806370336, 0.0], [-107.83746067612431, 39.0252620728735, 0.0], [-107.83766441095862, 39.02515807253239, 0.0], [-107.83784507598432, 39.025054473158555, 0.0], [-107.83800340982263, 39.024969672188334, 0.0], [-107.83825287600641, 39.02485540600127, 0.0], [-107.83844647705257, 39.02478767359267, 0.0], [-107.83866387622173, 39.024737273003204, 0.0], [-107.83889187672402, 39.024659673272716, 0.0], [-107.83907360978161, 39.02458320546427, 0.0], [-107.83929060985201, 39.02452387289825, 0.0], [-107.83948567530646, 39.02449207246928, 0.0], [-107.83969160984547, 39.02444207268817, 0.0], [-107.8398862752346, 39.02440127233272, 0.0], [-107.8400702757301, 39.02437867294829, 0.0], [-107.84025447589273, 39.02436527290974, 0.0], [-107.84041707653283, 39.02438827369599, 0.0], [-107.84066187663672, 39.024445406126425, 0.0], [-107.84082341026831, 39.0244414728984, 0.0], [-107.84094967618915, 39.024420406261214, 0.0], [-107.84102860952169, 39.024373405810955, 0.0]]}, "properties": {"gnisidlabel": null, "featuretypelabel": "Channel Line", "huc12": "140200050111"}}, {"type": "Feature", "geometry": {"type": "LineString", "coordinates": [[-107.80422127613282, 39.02834533875949, 0.0], [-107.80457674370402, 39.027904138791506, 0.0], [-107.80479220942995, 39.02755700634575, 0.0], [-107.8049868105859, 39.027237473063614, 0.0], [-107.80513300913572, 39.027039005901116, 0.0], [-107.80528694339226, 39.02691733839538, 0.0], [-107.80545267624727, 39.02691980631992, 0.0]]}, "properties": {"gnisidlabel": null, "featuretypelabel": "Channel Line", "huc12": "140200050111"}}, {"type": "Feature", "geometry": {"type": "LineString", "coordinates": [[-107.89180667574367, 39.04379293985488, 0.0], [-107.89178767693748, 39.04428187285091, 0.0], [-107.89136047592848, 39.044854273771286, 0.0], [-107.89099607596535, 39.04527267299931, 0.0], [-107.89073261041044, 39.04557040587293, 0.0]]}, "properties": {"gnisidlabel": null, "featuretypelabel": "Channel Line", "huc12": "140200050111"}}, {"type": "Feature", "geometry": {"type": "LineString", "coordinates": [[-107.86590674280467, 39.02719087292491, 0.0], [-107.86573020912608, 39.02713153902717, 0.0], [-107.86543381008453, 39.02705087256827, 0.0], [-107.8651716760011, 39.02686573836625, 0.0], [-107.86495121050123, 39.026625405749364, 0.0], [-107.86466134321094, 39.02648980673562, 0.0], [-107.86422427640477, 39.026415472677186, 0.0], [-107.8637373428973, 39.02628100571981, 0.0], [-107.86333514302194, 39.026173538802155, 0.0], [-107.86298287553615, 39.02613160584384, 0.0], [-107.86256734332169, 39.02610653901859, 0.0], [-107.86194694290637, 39.025994805260154, 0.0], [-107.86161467555745, 39.025837473055425, 0.0], [-107.86138827551834, 39.02571253901071, 0.0], [-107.8612602756812, 39.025693873226025, 0.0]]}, "properties": {"gnisidlabel": null, "featuretypelabel": "Channel Line", "huc12": "140200050111"}}, {"type": "Feature", "geometry": {"type": "LineString", "coordinates": [[-107.77505767592562, 39.03471960663427, 0.0], [-107.77508881026854, 39.03462880590661, 0.0], [-107.77515341018662, 39.034510072965716, 0.0], [-107.77528641044225, 39.034362805668735, 0.0], [-107.77536261093341, 39.03424387297223, 0.0], [-107.77545027566714, 39.03412467354513, 0.0], [-107.77559707575944, 39.03404007341453, 0.0], [-107.77575547623746, 39.03395520585088, 0.0], [-107.77596040995486, 39.03387827225461, 0.0], [-107.77614261084092, 39.03381087263814, 0.0], [-107.77631220912355, 39.033716805998544, 0.0], [-107.77652900981491, 39.03364847351921, 0.0], [-107.77674547551429, 39.03357127375988, 0.0], [-107.77693907564088, 39.03350360584951, 0.0], [-107.77704087640817, 39.03344707358187, 0.0], [-107.77710707526226, 39.033364405449475, 0.0], [-107.77719547608172, 39.03326327386701, 0.0], [-107.77729467589482, 39.033143805448, 0.0], [-107.77739301012645, 39.032997205958, 0.0], [-107.77749220965764, 39.03287780675192, 0.0], [-107.77760227589314, 39.032740005987364, 0.0], [-107.7777232766661, 39.03258400562335, 0.0], [-107.7778542762071, 39.032391673698605, 0.0], [-107.77801067592253, 39.03225280614135, 0.0], [-107.77816441055325, 39.032051005796816, 0.0], [-107.7783304760354, 39.03186680609789, 0.0], [-107.77849660997909, 39.03168260633802, 0.0], [-107.77860627629696, 39.03153587355555, 0.0], [-107.77872900953646, 39.03142480608327, 0.0], [-107.77887587677921, 39.03134027327602, 0.0], [-107.77902341069678, 39.031273673213136, 0.0], [-107.77920667525467, 39.03123327262185, 0.0], [-107.77937907579722, 39.03121107331633, 0.0], [-107.77950347568587, 39.0311450729409, 0.0], [-107.77966287536125, 39.03108727299058, 0.0], [-107.77983247577956, 39.030993072443216, 0.0], [-107.77999261062209, 39.03095327360442, 0.0], [-107.78020907701098, 39.03087607291092, 0.0], [-107.7804024759097, 39.030799273428165, 0.0], [-107.78057307660536, 39.03073227343939, 0.0], [-107.78073001046133, 39.030611405951376, 0.0], [-107.78086467582021, 39.03050907331561, 0.0], [-107.7809970758983, 39.030352672445034, 0.0], [-107.7810842101002, 39.03021547326988, 0.0], [-107.78114820957255, 39.03007880621904, 0.0], [-107.78123547553929, 39.02995060657699, 0.0], [-107.78135721026241, 39.02981260591236, 0.0], [-107.78150067634431, 39.029647006106195, 0.0], [-107.7816430761003, 39.0294454060113, 0.0], [-107.78177587564068, 39.029298072308556, 0.0], [-107.78195561083584, 39.02916767336729, 0.0], [-107.78207967678945, 39.029092606106744, 0.0], [-107.78220560997315, 39.029062605379956, 0.0]]}, "properties": {"gnisidlabel": null, "featuretypelabel": "Channel Line", "huc12": "140200050111"}}, {"type": "Feature", "geometry": {"type": "LineString", "coordinates": [[-107.83529827596875, 39.067072006640004, 0.0], [-107.83371941039279, 39.0664226058324, 0.0]]}, "properties": {"gnisidlabel": null, "featuretypelabel": "Waterbody Connector", "huc12": "140200050111"}}, {"type": "Feature", "geometry": {"type": "LineString", "coordinates": [[-107.85557087638622, 39.00482880597811, 0.0], [-107.85556560970856, 39.00476580619891, 0.0], [-107.85556407566587, 39.0047522726133, 0.0], [-107.85553020912451, 39.00446027263005, 0.0], [-107.85555827544188, 39.004297473520786, 0.0], [-107.85551647669973, 39.00411827316051, 0.0], [-107.85544107647887, 39.00396687329003, 0.0], [-107.85540027559334, 39.00381487274376, 0.0], [-107.85537000945874, 39.003635406048666, 0.0], [-107.85534080973018, 39.003482872667966, 0.0], [-107.85537887539071, 39.003283806155714, 0.0], [-107.8554294100065, 39.00310240627999, 0.0], [-107.85546787702987, 39.00291220647702, 0.0], [-107.85549567681446, 39.002740406680815, 0.0], [-107.85551247615113, 39.0025868727185, 0.0], [-107.85548160984258, 39.00238940631292, 0.0], [-107.85546487594902, 39.00226360542306, 0.0], [-107.85547887576341, 39.00203807338077, 0.0], [-107.85549261000617, 39.001803473063674, 0.0], [-107.85550587664882, 39.00156000581599, 0.0], [-107.85554507627053, 39.00138780603319, 0.0], [-107.85559961072195, 39.00130540536698, 0.0], [-107.85568901032732, 39.0012312064824, 0.0], [-107.85582407601022, 39.0011466735428, 0.0], [-107.8559570755698, 39.001008273059405, 0.0], [-107.85609147586236, 39.000905873238416, 0.0], [-107.85628321003666, 39.00079320548627, 0.0], [-107.85637327648821, 39.00073687352943, 0.0], [-107.85641727617313, 39.00068180627959, 0.0], [-107.85645940986814, 39.000581605466834, 0.0], [-107.85648747651155, 39.000418806091126, 0.0], [-107.85649147553487, 39.00022947301112, 0.0], [-107.85654327534193, 39.000084072267825, 0.0], [-107.8565938098425, 38.99998380610078, 0.0], [-107.85665461059087, 38.99984260637498, 0.0], [-107.8566746090111, 38.99974307310831, 0.0], [-107.85672841026494, 38.99961560611909, 0.0], [-107.85680501041678, 38.9994380056503, 0.0], [-107.8569062091517, 38.99925987259202, 0.0], [-107.85696187539524, 38.9991278733078, 0.0], [-107.857064275963, 38.998985672819856, 0.0], [-107.85720121079117, 38.99886967361163, 0.0], [-107.85731500971951, 38.99876787282524, 0.0], [-107.8574518102227, 38.99867887301325, 0.0], [-107.8575882762449, 38.99858547313524, 0.0], [-107.85777221071109, 38.99854047255438, 0.0], [-107.85793247583764, 38.99848247355898, 0.0], [-107.85813987551582, 38.99846827282519, 0.0], [-107.85839321029565, 38.99843507249892, 0.0], [-107.85867100969516, 38.99846427260676, 0.0], [-107.85883267588365, 38.99845140647714, 0.0], [-107.85895727565872, 38.99838520680721, 0.0], [-107.85908080954907, 38.99830120522632, 0.0], [-107.85922607522403, 38.99818047324981, 0.0], [-107.85932507625643, 38.99806087311557, 0.0], [-107.85946860951566, 38.99789520587719, 0.0], [-107.85964841085482, 38.997773673145964, 0.0], [-107.85978101015762, 38.99762627372615, 0.0], [-107.85998427601577, 38.99751320632836, 0.0], [-107.86012980950146, 38.99740160541591, 0.0], [-107.86027621100304, 38.997307805542576, 0.0], [-107.86043400972954, 38.99721387269452, 0.0], [-107.86063880950971, 38.99713680615894, 0.0], [-107.86082140990861, 38.99708720563161, 0.0], [-107.8609922755785, 38.99702900631872, 0.0], [-107.86119867509093, 38.99699687339664, 0.0], [-107.86132420900638, 38.9969578059541, 0.0], [-107.86140420929163, 38.99693780641244, 0.0], [-107.8615876096438, 38.99690627333592, 0.0], [-107.86182727666375, 38.99683740563376, 0.0], [-107.8620090097636, 38.99676080565319, 0.0], [-107.86208821005971, 38.99672280638031, 0.0], [-107.86227060979407, 38.99666427249986, 0.0], [-107.86239627569651, 38.99663420607148, 0.0], [-107.86248640941754, 38.99657787323607, 0.0], [-107.86255640989161, 38.9965942057973, 0.0]]}, "properties": {"gnisidlabel": null, "featuretypelabel": "Channel Line", "huc12": "140200050111"}}, {"type": "Feature", "geometry": {"type": "LineString", "coordinates": [[-107.85673947687329, 39.05699427253154, 0.0], [-107.85755000970266, 39.05717700615831, 0.0]]}, "properties": {"gnisidlabel": null, "featuretypelabel": "Waterbody Connector", "huc12": "140200050111"}}, {"type": "Feature", "geometry": {"type": "LineString", "coordinates": [[-107.8053987434498, 39.057619072741346, 0.0], [-107.80541007523719, 39.057583472862774, 0.0], [-107.80543827578181, 39.05749727311624, 0.0], [-107.80546787577251, 39.05737040627677, 0.0], [-107.8054148767224, 39.057200472900824, 0.0], [-107.80536160969106, 39.05702160629104, 0.0], [-107.80532127669046, 39.05687840672762, 0.0], [-107.80530547522778, 39.05677067252245, 0.0], [-107.80534741002626, 39.05666160609679, 0.0], [-107.80540260937879, 39.056597205992034, 0.0], [-107.80543407528104, 39.056515273584665, 0.0], [-107.80545427568637, 39.056442806083105, 0.0], [-107.80547487573247, 39.05637920554816, 0.0], [-107.80553080993877, 39.056332873309, 0.0], [-107.80559787645699, 39.05627707301689, 0.0], [-107.80562047531947, 39.05621347298396, 0.0]]}, "properties": {"gnisidlabel": "Marcott Creek", "featuretypelabel": "Channel Line", "huc12": "140200050111"}}, {"type": "Feature", "geometry": {"type": "LineString", "coordinates": [[-107.86469081021652, 38.98041560538668, 0.0], [-107.86470807622558, 38.98038807303712, 0.0], [-107.86476027591166, 38.980251673265855, 0.0], [-107.86482427513343, 38.9801240060808, 0.0], [-107.86493321097046, 38.979959072516614, 0.0], [-107.86508800938748, 38.979793205584656, 0.0], [-107.86531467566431, 38.97968847239546, 0.0], [-107.86563421070937, 38.979599605895395, 0.0], [-107.86575420983948, 38.97942547354539, 0.0], [-107.86576961029452, 38.9792358732531, 0.0], [-107.86565460946669, 38.97895947338767, 0.0], [-107.86541667605097, 38.978785073042715, 0.0], [-107.86533987648282, 38.978597806165446, 0.0], [-107.86539961015355, 38.978362073117985, 0.0], [-107.86564241067387, 38.97808587329828, 0.0], [-107.8659004108246, 38.97789927244898, 0.0], [-107.86610427638547, 38.977804272999386, 0.0], [-107.86626847569984, 38.977584006745566, 0.0], [-107.86622640949831, 38.97739580641833, 0.0], [-107.86617581013523, 38.97728900599846, 0.0], [-107.86627347682973, 38.97713340679765, 0.0], [-107.86643201003032, 38.97705740587459, 0.0], [-107.86676880940082, 38.976824006437326, 0.0], [-107.86701147535463, 38.97654767291768, 0.0], [-107.86709467539671, 38.97632040617528, 0.0], [-107.86714107603896, 38.97604000547726, 0.0], [-107.86714321013622, 38.97580567349104, 0.0], [-107.8671814102094, 38.97560660602863, 0.0], [-107.86732460994196, 38.97544087278182, 0.0], [-107.86761120974707, 38.975388805626984, 0.0], [-107.86785067651836, 38.97531987271088, 0.0], [-107.86810080927707, 38.975223606652854, 0.0], [-107.86823001096556, 38.97499520577471, 0.0], [-107.86824661003702, 38.9748326063158, 0.0], [-107.86831820928656, 38.974605606075094, 0.0], [-107.86853901016993, 38.974357006461155, 0.0], [-107.86876121041698, 38.97414427294516, 0.0], [-107.86890380996152, 38.973960606614256, 0.0], [-107.86898481007277, 38.973679272820895, 0.0], [-107.86907907587361, 38.97344280539115, 0.0], [-107.86931967629798, 38.97311247293286, 0.0], [-107.86957500992281, 38.972863006312636, 0.0], [-107.86986681027254, 38.972657605618636, 0.0], [-107.87035347605087, 38.972420405603344, 0.0], [-107.87046007586429, 38.97220160556223, 0.0], [-107.87064440895861, 38.97190880607999, 0.0], [-107.87078267596252, 38.97161707291423, 0.0], [-107.87093647647028, 38.971424072532386, 0.0], [-107.87112287594007, 38.970897005915376, 0.0], [-107.87126947570326, 38.970524006572376, 0.0], [-107.87152261063815, 38.97022040611362, 0.0], [-107.8718772758653, 38.96986027296152, 0.0], [-107.87224387562222, 38.969509006052164, 0.0], [-107.87253607640795, 38.96931260521574, 0.0], [-107.8728184095276, 38.96916147293718, 0.0], [-107.87299060953687, 38.9688510057005, 0.0], [-107.87312227607894, 38.96868547311378, 0.0], [-107.87317901007914, 38.96808960621553, 0.0], [-107.8732622093362, 38.96786227305918, 0.0], [-107.87335000986567, 38.96775200584595, 0.0], [-107.87347207546779, 38.96763187346349, 0.0], [-107.87367307580068, 38.96746467312818, 0.0], [-107.87387147633503, 38.96723460584435, 0.0], [-107.8740390100318, 38.96709540630734, 0.0], [-107.87429107590516, 38.96705307251722, 0.0], [-107.87458980945024, 38.96701867332987, 0.0], [-107.87483767580134, 38.966868405775536, 0.0], [-107.87492407566484, 38.96672220614858, 0.0], [-107.87491641031136, 38.96653320580618, 0.0], [-107.87496161024896, 38.96622567224485, 0.0], [-107.87502247625893, 38.966017006537946, 0.0], [-107.87523047633039, 38.9657416065913, 0.0], [-107.87541060994015, 38.96562907285186, 0.0], [-107.87561800989819, 38.965515872742365, 0.0], [-107.87575067594052, 38.96547660641148, 0.0], [-107.87592027552819, 38.96539127314701, 0.0], [-107.87600961010737, 38.96531700581662, 0.0]]}, "properties": {"gnisidlabel": "Surface Creek", "featuretypelabel": "Channel Line", "huc12": "140200050111"}}, {"type": "Feature", "geometry": {"type": "LineString", "coordinates": [[-107.87326707599196, 39.039595339208624, 0.0], [-107.8732340097062, 39.03961120654063, 0.0], [-107.87321201055231, 39.03962067314528, 0.0], [-107.87314347565979, 39.03965840568242, 0.0], [-107.87306601034433, 39.03974140570685, 0.0], [-107.8729888761724, 39.039833406452, 0.0], [-107.87289867568686, 39.039889672785094, 0.0], [-107.87276100906632, 39.03991107243885, 0.0], [-107.87262287598038, 39.039923472691896, 0.0], [-107.87246127549486, 39.039927472879164, 0.0], [-107.87231007690221, 39.03990420589211, 0.0], [-107.8721834763663, 39.03991627274815, 0.0], [-107.87205767598384, 39.03994640608715, 0.0], [-107.87199107594105, 39.04001107293672, 0.0], [-107.87193727531965, 39.04011160602717, 0.0], [-107.8719200764767, 39.04025620524624, 0.0], [-107.87185701018511, 39.04041080672755, 0.0], [-107.87179107606819, 39.04049360645801, 0.0], [-107.87175001048669, 39.040620673182985, 0.0], [-107.87172020991306, 39.04073860563182, 0.0], [-107.8716786754771, 39.04085667224632, 0.0], [-107.87160241086272, 39.0409666730457, 0.0], [-107.87145807555645, 39.041114406538064, 0.0], [-107.8713250765747, 39.04125280657923, 0.0], [-107.8712376099615, 39.04137207315067, 0.0], [-107.87115107584498, 39.04151827322097, 0.0], [-107.87106227616802, 39.04161060606029, 0.0], [-107.87098407609852, 39.04167560586728, 0.0], [-107.87085827597186, 39.041705806410334, 0.0], [-107.87068587582567, 39.04172800610585, 0.0], [-107.87044387647563, 39.04174300635019, 0.0], [-107.8702942094763, 39.04175567264915, 0.0], [-107.87012221047202, 39.04178687327225, 0.0], [-107.86997427575882, 39.0418446060477, 0.0], [-107.86981601047096, 39.04192960632098, 0.0], [-107.86960007595728, 39.042016005650076, 0.0], [-107.86946380966597, 39.0420734054323, 0.0]]}, "properties": {"gnisidlabel": null, "featuretypelabel": "Channel Line", "huc12": "140200050111"}}, {"type": "Feature", "geometry": {"type": "LineString", "coordinates": [[-107.84110954323377, 39.061506938695054, 0.0], [-107.84095147619063, 39.06115620606251, 0.0], [-107.84080860952673, 39.06093180645872, 0.0], [-107.84053181010286, 39.06070253821719, 0.0], [-107.84018540903686, 39.060567073361646, 0.0], [-107.8398602757215, 39.060442473781755, 0.0], [-107.83950781005119, 39.06042240635115, 0.0], [-107.83910614299545, 39.060408072610535, 0.0], [-107.83886441010615, 39.0604324059659, 0.0]]}, "properties": {"gnisidlabel": null, "featuretypelabel": "Channel Line", "huc12": "140200050111"}}, {"type": "Feature", "geometry": {"type": "LineString", "coordinates": [[-107.86552260996369, 38.99857547228922, 0.0], [-107.86527127613147, 38.99835640599232, 0.0], [-107.86495947599532, 38.99806667295496, 0.0], [-107.86472867508309, 38.99778420632177, 0.0], [-107.86439520998401, 38.99753107247958, 0.0], [-107.86398101050811, 38.997279872376964, 0.0], [-107.86369660975319, 38.997097805800806, 0.0], [-107.8634144097515, 38.99696960601756, 0.0], [-107.86326041025835, 38.99687427316023, 0.0], [-107.86315800970091, 38.99662447302028, 0.0], [-107.86323827548391, 38.996325205613246, 0.0], [-107.8633218095946, 38.99610687311726, 0.0], [-107.86337367674193, 38.9959616065598, 0.0], [-107.86343601059866, 38.99578887301649, 0.0]]}, "properties": {"gnisidlabel": null, "featuretypelabel": "Channel Line", "huc12": "140200050111"}}, {"type": "Feature", "geometry": {"type": "LineString", "coordinates": [[-107.86133127630949, 39.070229472963234, 0.0], [-107.86173347580664, 39.07029867225986, 0.0], [-107.8621769427755, 39.07024680635358, 0.0], [-107.86274667632692, 39.070133805681024, 0.0], [-107.86318987585902, 39.070059939129486, 0.0], [-107.8635126102631, 39.0699043386322, 0.0], [-107.8637428768653, 39.06966140633706, 0.0], [-107.86394514292266, 39.069429605861494, 0.0], [-107.8641191426904, 39.069192472881845, 0.0], [-107.86432407660023, 39.068632406026644, 0.0]]}, "properties": {"gnisidlabel": null, "featuretypelabel": "Channel Line", "huc12": "140200050111"}}, {"type": "Feature", "geometry": {"type": "LineString", "coordinates": [[-107.86255127589381, 39.046826072563675, 0.0], [-107.86197014237867, 39.04642313948808, 0.0], [-107.86158607659335, 39.046013606112304, 0.0], [-107.86149361052843, 39.04593607259509, 0.0]]}, "properties": {"gnisidlabel": null, "featuretypelabel": "Channel Line", "huc12": "140200050111"}}, {"type": "Feature", "geometry": {"type": "LineString", "coordinates": [[-107.81591200967014, 39.04102413894303, 0.0], [-107.81560300954561, 39.04113007297435, 0.0], [-107.81530840977516, 39.04127440526114, 0.0], [-107.81505547569273, 39.041352538418906, 0.0], [-107.81473160950942, 39.041370673206806, 0.0], [-107.81432841085578, 39.04115853854724, 0.0], [-107.81412267594177, 39.04098933932091, 0.0], [-107.81334960939428, 39.040345072656905, 0.0], [-107.81313674384883, 39.0401594058569, 0.0], [-107.81272614373933, 39.03990880617574, 0.0], [-107.81230234366254, 39.039768206684826, 0.0], [-107.81192827677113, 39.03967120586253, 0.0], [-107.81173747515247, 39.03960073953545, 0.0], [-107.8112207424935, 39.03929027301198, 0.0], [-107.81098454265147, 39.0388356056136, 0.0], [-107.8108826760865, 39.03844613872232, 0.0], [-107.81077314356318, 39.037974273443425, 0.0], [-107.81077681001095, 39.03757327294873, 0.0], [-107.81078961039921, 39.03741393941843, 0.0], [-107.81071634289903, 39.037079206163504, 0.0], [-107.81065160952205, 39.03691480633806, 0.0], [-107.81060961068997, 39.036786672768606, 0.0]]}, "properties": {"gnisidlabel": null, "featuretypelabel": "Channel Line", "huc12": "140200050111"}}, {"type": "Feature", "geometry": {"type": "LineString", "coordinates": [[-107.86505221017089, 39.01209160632638, 0.0], [-107.8650214755515, 39.01190320649167, 0.0]]}, "properties": {"gnisidlabel": "Milk Creek", "featuretypelabel": "Waterbody Connector", "huc12": "140200050111"}}, {"type": "Feature", "geometry": {"type": "LineString", "coordinates": [[-107.78485207674976, 39.036806338814095, 0.0], [-107.78511520973842, 39.03711820609359, 0.0], [-107.78562527591866, 39.037494739348375, 0.0], [-107.7861268764931, 39.03768453880895, 0.0], [-107.78683927683348, 39.03781840631809, 0.0], [-107.78763501066048, 39.03780353922369, 0.0], [-107.78825367544061, 39.037657739694836, 0.0], [-107.78866127609562, 39.03754587287498, 0.0], [-107.78908127571363, 39.03722520646425, 0.0], [-107.78965580985086, 39.03684893866151, 0.0], [-107.7903300090932, 39.03660940647958, 0.0], [-107.79084234253595, 39.03638720595881, 0.0], [-107.79131247620073, 39.03616520574618, 0.0], [-107.79137407568192, 39.036176738688425, 0.0]]}, "properties": {"gnisidlabel": null, "featuretypelabel": "Channel Line", "huc12": "140200050111"}}, {"type": "Feature", "geometry": {"type": "LineString", "coordinates": [[-107.89502287588478, 38.87312487314417, 0.0], [-107.89492860905659, 38.872825473139635, 0.0], [-107.89492927656096, 38.87274440629522, 0.0], [-107.8950208768429, 38.87266100593945, 0.0], [-107.89511747549543, 38.87261360614987, 0.0], [-107.89542387571875, 38.87256987266421, 0.0], [-107.89545860932812, 38.872546473649265, 0.0], [-107.89548260929263, 38.872496406495294, 0.0], [-107.89546607539332, 38.87241567279615, 0.0], [-107.89541141064113, 38.872327005902896, 0.0], [-107.8951826103729, 38.8721344731218, 0.0], [-107.89511847586103, 38.87205947269328, 0.0], [-107.8950790751977, 38.8719658728166, 0.0], [-107.89507060952705, 38.87184887277402, 0.0], [-107.89511401086935, 38.87178480618885, 0.0], [-107.89532541013894, 38.87170747294214, 0.0], [-107.8953844752647, 38.87162487238671, 0.0], [-107.89537787623539, 38.871512472939536, 0.0], [-107.89529327551251, 38.87117227258028, 0.0], [-107.89529467603411, 38.87109107311906, 0.0], [-107.89531747626908, 38.87102747347582, 0.0], [-107.8953672766011, 38.87098580588942, 0.0], [-107.89547321021016, 38.8709424733387, 0.0], [-107.89572041011377, 38.870900406334805, 0.0], [-107.89577647595108, 38.87084040634952, 0.0], [-107.89577881005134, 38.87063767269454, 0.0], [-107.89574647568554, 38.87047180601343, 0.0], [-107.89572280930834, 38.87043187312533, 0.0], [-107.89561260984588, 38.87033547262132, 0.0], [-107.89555547654518, 38.87021080541436, 0.0], [-107.89554061068804, 38.87011647342205, 0.0], [-107.89555667595334, 38.87007107345427, 0.0], [-107.89559481002966, 38.870034072784904, 0.0], [-107.89582427585354, 38.86991127284033, 0.0], [-107.89593701094412, 38.86981840577521, 0.0], [-107.89595780999517, 38.869750273649586, 0.0], [-107.89593947708335, 38.869561606156374, 0.0], [-107.89611021031374, 38.86924660560193, 0.0], [-107.8960976104581, 38.86915680576739, 0.0], [-107.89605181062673, 38.869081272374906, 0.0], [-107.89588140927573, 38.86890987267894, 0.0], [-107.89583127657016, 38.868839072890395, 0.0], [-107.89581761009796, 38.86877640604622, 0.0], [-107.8958494099853, 38.86865387249444, 0.0], [-107.89588687561815, 38.86861700544169, 0.0], [-107.89603480999733, 38.8685636732386, 0.0], [-107.89608947609979, 38.86828760581966, 0.0], [-107.89629727562377, 38.86810667280737, 0.0], [-107.89635601002531, 38.868006205943026, 0.0], [-107.89633560978692, 38.867903072578734, 0.0], [-107.89627507672498, 38.86777400623503, 0.0], [-107.89613841006393, 38.86761967332169, 0.0], [-107.89614441095455, 38.867484405984854, 0.0], [-107.89622701010245, 38.867257072706714, 0.0], [-107.89632240920731, 38.867115206272175, 0.0], [-107.89649547626642, 38.86699367249479, 0.0], [-107.89687447670742, 38.866799606770826, 0.0], [-107.89696360959881, 38.86672080589213, 0.0], [-107.89702787660251, 38.866624673461736, 0.0], [-107.89706381025985, 38.86651560555571, 0.0], [-107.89707461053646, 38.86636667294958, 0.0], [-107.89704360934391, 38.865642205963226, 0.0], [-107.89705420997038, 38.8656104064499, 0.0], [-107.89709547579517, 38.86557327350574, 0.0], [-107.89732061078546, 38.865464206348356, 0.0], [-107.89736320900526, 38.86540907249094, 0.0], [-107.89740627537076, 38.865286405629185, 0.0], [-107.89738947659772, 38.86524167365106, 0.0], [-107.89723761021743, 38.86511940523124, 0.0], [-107.8971788107084, 38.865030806561215, 0.0], [-107.89716467546272, 38.86495907302326, 0.0], [-107.89718067639524, 38.86480087333956, 0.0], [-107.8972414765414, 38.86458780591679, 0.0], [-107.89742861047797, 38.86419127296375, 0.0], [-107.89755341045166, 38.86404840527117, 0.0], [-107.89757727672249, 38.863903805858484, 0.0], [-107.89775587583337, 38.86373720546517, 0.0], [-107.89779741001522, 38.86367307256478, 0.0], [-107.89780801065055, 38.86357820570518, 0.0], [-107.89777607610898, 38.86335380553711, 0.0], [-107.89778987514306, 38.86326780618624, 0.0], [-107.8978498764436, 38.863198805633, 0.0], [-107.89805020982669, 38.863076606058314, 0.0], [-107.89812440959156, 38.86301180595225, 0.0], [-107.89818161021394, 38.86290667263494, 0.0], [-107.89829041069696, 38.862606672977016, 0.0], [-107.89839567540271, 38.862437473121375, 0.0], [-107.89846661071047, 38.86232760659948, 0.0]]}, "properties": {"gnisidlabel": null, "featuretypelabel": "Channel Line", "huc12": "140200050105"}}, {"type": "Feature", "geometry": {"type": "LineString", "coordinates": [[-107.81540847665183, 39.00174333931999, 0.0], [-107.81580694256067, 39.00145027321302, 0.0], [-107.81622714322737, 39.00122293884945, 0.0], [-107.81672567634082, 39.001110473391, 0.0], [-107.81704234317274, 39.001114273371854, 0.0], [-107.8173450101728, 39.001129138817355, 0.0], [-107.81787214249708, 39.00106040555644, 0.0], [-107.81834941068774, 39.000926138920406, 0.0], [-107.81851767561984, 39.00085933904751, 0.0], [-107.81873934289546, 39.00073940598568, 0.0]]}, "properties": {"gnisidlabel": null, "featuretypelabel": "Channel Line", "huc12": "140200050111"}}, {"type": "Feature", "geometry": {"type": "LineString", "coordinates": [[-107.840875210469, 38.998331673248344, 0.0], [-107.84083700941737, 38.99824260657164, 0.0], [-107.84093207532115, 38.998024005582025, 0.0], [-107.84113967586666, 38.99773067267295, 0.0], [-107.84132787633716, 38.9975278737438, 0.0], [-107.84145547579828, 38.99725460630259, 0.0], [-107.84146167632412, 38.99711920523367, 0.0], [-107.84148147635376, 38.99703767286074, 0.0]]}, "properties": {"gnisidlabel": "Surface Creek", "featuretypelabel": "Channel Line", "huc12": "140200050111"}}, {"type": "Feature", "geometry": {"type": "LineString", "coordinates": [[-107.86345101019783, 39.05104120629618, 0.0], [-107.86360401016638, 39.05096080593593, 0.0], [-107.86402307583448, 39.05059920591506, 0.0], [-107.86432860963683, 39.05014127324241, 0.0], [-107.86446721027475, 39.04990807287674, 0.0], [-107.86456027585278, 39.049617472298024, 0.0]]}, "properties": {"gnisidlabel": null, "featuretypelabel": "Channel Line", "huc12": "140200050111"}}, {"type": "Feature", "geometry": {"type": "LineString", "coordinates": [[-107.82941960998933, 39.021147272761525, 0.0], [-107.83043694264094, 39.02072453892302, 0.0], [-107.83122427572118, 39.02056660689583, 0.0], [-107.83213000964743, 39.02027073950265, 0.0], [-107.83359880976319, 39.01993893902693, 0.0], [-107.83439027604294, 39.01965207250217, 0.0]]}, "properties": {"gnisidlabel": null, "featuretypelabel": "Channel Line", "huc12": "140200050111"}}, {"type": "Feature", "geometry": {"type": "LineString", "coordinates": [[-107.8399124756096, 39.03111240629493, 0.0], [-107.83987280984518, 39.03098727291977, 0.0]]}, "properties": {"gnisidlabel": null, "featuretypelabel": "Channel Line", "huc12": "140200050111"}}, {"type": "Feature", "geometry": {"type": "LineString", "coordinates": [[-107.8464050104235, 39.04954880574944, 0.0], [-107.84654387671573, 39.04955440574782, 0.0], [-107.84679447538504, 39.04946727306079, 0.0], [-107.84702427611829, 39.04943460623232, 0.0], [-107.84726381083507, 39.049356605856836, 0.0], [-107.84743440993351, 39.0492894730914, 0.0], [-107.8475700098637, 39.04921400613326, 0.0]]}, "properties": {"gnisidlabel": null, "featuretypelabel": "Channel Line", "huc12": "140200050111"}}, {"type": "Feature", "geometry": {"type": "LineString", "coordinates": [[-107.79756800941925, 39.00329800598955, 0.0], [-107.79770041041478, 39.00314160554883, 0.0], [-107.79783167646364, 39.002958272469996, 0.0], [-107.79789381001294, 39.002776605626984, 0.0], [-107.79795701025755, 39.00262200621434, 0.0], [-107.79799681046929, 39.00245880612659, 0.0], [-107.79803620989291, 39.002286673210975, 0.0], [-107.79814327611845, 39.00207687348204, 0.0], [-107.7982512753164, 39.001885073066354, 0.0], [-107.79835947584009, 39.00170240565046, 0.0], [-107.79850267571022, 39.001527672859616, 0.0], [-107.79863507679913, 39.001371405620134, 0.0], [-107.79876747674899, 39.00121500672862, 0.0], [-107.79894707527116, 39.001084673012514, 0.0], [-107.79912707590033, 39.00096320603643, 0.0], [-107.79934301082682, 39.000876873607325, 0.0], [-107.79959321101394, 39.00078080614679, 0.0], [-107.79979800996523, 39.00070380615819, 0.0], [-107.80005940985659, 39.00059847315581, 0.0], [-107.80037887585031, 39.00050067282569, 0.0], [-107.80066407639237, 39.00041280569192, 0.0], [-107.80092787631364, 39.00037040561743, 0.0], [-107.8011684102751, 39.00031960622395, 0.0], [-107.8014102098806, 39.00030480600453, 0.0], [-107.80160560943163, 39.00028200673318, 0.0], [-107.8017894108967, 39.00025960659006, 0.0], [-107.80197081024647, 39.000174073192106, 0.0], [-107.80213020934367, 39.00011627307162, 0.0], [-107.80226607595138, 39.00004987252716, 0.0], [-107.80243327606786, 38.99999640615121, 0.0], [-107.80251421015453, 38.99998087310351, 0.0], [-107.80291861032462, 38.99990807303008, 0.0], [-107.80309921067523, 38.9998046731538, 0.0], [-107.80339601006243, 38.999716473664975, 0.0], [-107.80369441014734, 38.99967320562516, 0.0], [-107.80399287607229, 38.999630006412616, 0.0], [-107.80441787578195, 38.99957480588667, 0.0], [-107.80489147550169, 38.99958140630191, 0.0], [-107.80537780965513, 38.9996146724752, 0.0], [-107.80580807570792, 38.99969440624281, 0.0], [-107.80623347625666, 38.9996482066484, 0.0], [-107.80663581028128, 38.999602405857985, 0.0], [-107.80704767708953, 38.999511472859076, 0.0], [-107.80749621091417, 38.99946467293397, 0.0], [-107.80787507600158, 38.999410472606975, 0.0], [-107.80823021060264, 38.999338805578226, 0.0], [-107.808632810169, 38.99930207268078, 0.0], [-107.80899900933677, 38.99922120605462, 0.0], [-107.8094802757164, 38.999128606761126, 0.0], [-107.80987041026576, 38.999065072466614, 0.0], [-107.81040127624814, 38.9990614062155, 0.0], [-107.81079560938706, 38.99910580634415, 0.0], [-107.81115601075152, 38.999169206358616, 0.0], [-107.81148154359282, 38.99916133924475, 0.0]]}, "properties": {"gnisidlabel": null, "featuretypelabel": "Channel Line", "huc12": "140200050111"}}, {"type": "Feature", "geometry": {"type": "MultiLineString", "coordinates": [[[-107.85797560938097, 39.01931047294482, 0.0], [-107.85799187578098, 39.01913887281242, 0.0], [-107.85803027498392, 39.018948673294695, 0.0], [-107.85807227667847, 39.01883960591658, 0.0], [-107.85814680970593, 39.01868460675179, 0.0], [-107.85825460998338, 39.01849280541553, 0.0], [-107.85838387593313, 39.018264406533724, 0.0], [-107.85845781054248, 39.0180914056847, 0.0], [-107.85852981028178, 39.01787340642183, 0.0], [-107.85857047515258, 39.01773727262817, 0.0], [-107.85863067600624, 39.01751060592068, 0.0], [-107.85870347627828, 39.017310605784246, 0.0], [-107.85878887596515, 39.017137273098626, 0.0], [-107.85889700973435, 39.01695447288693, 0.0], [-107.85904087648314, 39.016797805977475, 0.0], [-107.85921741028076, 39.016595273774044, 0.0], [-107.85942900984416, 39.01640087299301, 0.0], [-107.8596186097164, 39.01623407362815, 0.0], [-107.85981900994865, 39.01604900633501, 0.0], [-107.86007527552964, 39.01581740596375, 0.0], [-107.86030960984293, 39.015613472848855, 0.0], [-107.86051107564036, 39.01545540609679, 0.0], [-107.86082647671512, 39.0152584735344, 0.0], [-107.86084707656723, 39.01524640583166, 0.0], [-107.86113100976682, 39.01507987350481, 0.0], [-107.86144760996216, 39.014910006174745, 0.0], [-107.86162667541689, 39.01477040537511, 0.0], [-107.86174821051355, 39.01463227346768, 0.0], [-107.86179140975821, 39.014559073481905, 0.0], [-107.86178701054753, 39.01445107280265, 0.0], [-107.86175447612526, 39.014217673140244, 0.0], [-107.8617558759974, 39.013965406185534, 0.0], [-107.86174280945266, 39.01364140629709, 0.0], [-107.86172907598993, 39.013299406600055, 0.0], [-107.86171641091909, 39.01313067296075, 0.0], [-107.86170967565936, 39.01304087279775, 0.0], [-107.86170407660862, 39.01296667352462, 0.0], [-107.86169107659335, 39.01264267375168, 0.0], [-107.86167900945105, 39.01234560594251, 0.0], [-107.86163241079103, 39.012049473222255, 0.0], [-107.86158647653046, 39.01177140609152, 0.0], [-107.8615626758814, 39.01146560647096, 0.0], [-107.86151581021227, 39.01116047302684, 0.0], [-107.86146987647552, 39.01088227335982, 0.0], [-107.86141760991157, 39.010730472945156, 0.0], [-107.86135227545876, 39.01054287353706, 0.0], [-107.86126167609793, 39.01030180606397, 0.0], [-107.86115860987063, 39.0100340733897, 0.0], [-107.86101680929198, 39.00966820681508, 0.0], [-107.86087427607792, 39.00928427246547, 0.0], [-107.86073327594455, 39.00893640560897, 0.0], [-107.86061560993281, 39.00859687313085, 0.0], [-107.86046300963372, 39.008249272525276, 0.0], [-107.8603740102536, 39.00804427299062, 0.0], [-107.8603108107131, 39.00791067353062, 0.0], [-107.86016627591907, 39.007761073299974, 0.0], [-107.86006781034162, 39.007610405658646, 0.0], [-107.85989787590366, 39.007407272481665, 0.0], [-107.85976527626728, 39.00726640592263, 0.0], [-107.85963327589107, 39.00714360645447, 0.0], [-107.85951361021738, 39.00703840603415, 0.0], [-107.85933367590229, 39.006871606405916, 0.0], [-107.85921247681517, 39.006730473057615, 0.0], [-107.85911407646235, 39.006579673214915, 0.0], [-107.85908794210204, 39.00651180618499, 0.0], [-107.85906247536279, 39.006445806555, 0.0], [-107.858985275411, 39.00624947318167, 0.0], [-107.85889081007548, 39.00590947237774, 0.0], [-107.85877220891479, 39.00554300573748, 0.0], [-107.85867801018298, 39.00521200626326, 0.0], [-107.85858407602505, 39.00488987316193, 0.0], [-107.85854767607029, 39.00455747332979, 0.0], [-107.85851047536542, 39.00420707330234, 0.0], [-107.8585153430726, 39.00413353870724, 0.0], [-107.8585320095343, 39.003882205976495, 0.0], [-107.85856547603308, 39.00356607306113, 0.0], [-107.85857480983098, 39.003223473356535, 0.0], [-107.85861041083376, 39.002961406034615, 0.0], [-107.85859947633634, 39.00269140594446, 0.0], [-107.85866187647949, 39.00251867325711, 0.0], [-107.85873167617336, 39.00224667268411, 0.0], [-107.858745410049, 39.00201207303764, 0.0], [-107.85883981017953, 39.00177560603892, 0.0], [-107.85893381070534, 39.00153000642948, 0.0], [-107.85905987649201, 39.00122060598956, 0.0], [-107.85917367524664, 39.00089340628812, 0.0], [-107.85921541027152, 39.00078440620501, 0.0], [-107.85924467637588, 39.000648473206816, 0.0], [-107.85929207603215, 39.00039500544262, 0.0], [-107.85936527590282, 39.00020407327165, 0.0], [-107.85939520924559, 39.00008620583567, 0.0], [-107.85944321028128, 38.99998147359865, 0.0], [-107.85979761018429, 38.99918447283057, 0.0], [-107.86073521048407, 38.99781007267197, 0.0], [-107.86132420900638, 38.9969578059541, 0.0], [-107.8624006755443, 38.99530980622517, 0.0], [-107.86308487551942, 38.9945272059525, 0.0], [-107.86340601075649, 38.994186005718795, 0.0], [-107.8635590099125, 38.99397500561983, 0.0], [-107.86373601009991, 38.99378140585185, 0.0], [-107.86406600967673, 38.99337687353914, 0.0], [-107.86462867586361, 38.99244420600749, 0.0], [-107.86527627626768, 38.991329206256715, 0.0], [-107.86546620966473, 38.99088307273533, 0.0], [-107.86556367638993, 38.990439272926665, 0.0], [-107.8668092095543, 38.98268780553271, 0.0], [-107.86710027618287, 38.98217620597435, 0.0], [-107.86736460988678, 38.981863405525836, 0.0], [-107.86770801033526, 38.98150360666558, 0.0], [-107.87058381013422, 38.9784056729377, 0.0], [-107.87077707580544, 38.97804967317548, 0.0], [-107.87163387587178, 38.97497447329305, 0.0], [-107.87183047553889, 38.97469940594337, 0.0], [-107.87198567572793, 38.97454240577314, 0.0], [-107.87285881075206, 38.97407040606687, 0.0], [-107.87561827610678, 38.97266007284838, 0.0], [-107.87844667677471, 38.97106767372711, 0.0], [-107.87995872787955, 38.970096066073054, 0.0]], [[-107.88252076941669, 38.96723437079226, 0.0], [-107.88404214084517, 38.96551687073521, 0.0]], [[-107.89643618569151, 38.955045001076066, 0.0], [-107.898261009738, 38.953775072672514, 0.0], [-107.89931249181802, 38.952913089138406, 0.0]]]}, "properties": {"gnisidlabel": null, "featuretypelabel": "Hydro Unenforced Connector", "huc12": "140200050111"}}, {"type": "Feature", "geometry": {"type": "LineString", "coordinates": [[-107.82388140995775, 39.057817606474615, 0.0], [-107.82346420979546, 39.05703107274767, 0.0]]}, "properties": {"gnisidlabel": null, "featuretypelabel": "Waterbody Connector", "huc12": "140200050111"}}, {"type": "Feature", "geometry": {"type": "LineString", "coordinates": [[-107.84704927606721, 39.01784387283035, 0.0], [-107.84720574311562, 39.01725553891121, 0.0], [-107.84729254292436, 39.0167444731335, 0.0], [-107.84747714340186, 39.01615600567436, 0.0], [-107.84771267565863, 39.0157429386065, 0.0], [-107.84803307598567, 39.01538427229569, 0.0], [-107.848318075794, 39.01499840619875, 0.0], [-107.84866694273803, 39.01467253898066, 0.0], [-107.84907360922132, 39.01451653901873, 0.0], [-107.84944461001322, 39.01430033926869, 0.0], [-107.84957674259518, 39.01424460570673, 0.0]]}, "properties": {"gnisidlabel": null, "featuretypelabel": "Channel Line", "huc12": "140200050111"}}, {"type": "Feature", "geometry": {"type": "LineString", "coordinates": [[-107.84752547626766, 39.0443276726582, 0.0], [-107.84765060995053, 39.04432007282599, 0.0], [-107.84783381099463, 39.044279672991934, 0.0], [-107.84801461071886, 39.04417607327166, 0.0], [-107.84818274302489, 39.04410893855306, 0.0]]}, "properties": {"gnisidlabel": null, "featuretypelabel": "Channel Line", "huc12": "140200050111"}}, {"type": "Feature", "geometry": {"type": "LineString", "coordinates": [[-107.88321140991862, 39.032136805790465, 0.0], [-107.88348867685409, 39.03342847307059, 0.0], [-107.88463021054751, 39.03567200581413, 0.0]]}, "properties": {"gnisidlabel": null, "featuretypelabel": "Waterbody Connector", "huc12": "140200050111"}}, {"type": "Feature", "geometry": {"type": "LineString", "coordinates": [[-107.78654620949595, 39.04076100584544, 0.0], [-107.7870508763639, 39.04081520594578, 0.0]]}, "properties": {"gnisidlabel": null, "featuretypelabel": "Waterbody Connector", "huc12": "140200050111"}}, {"type": "Feature", "geometry": {"type": "LineString", "coordinates": [[-107.87347474240268, 39.036930339284226, 0.0], [-107.87351487622657, 39.037446205959, 0.0], [-107.87346280973811, 39.0378912058883, 0.0], [-107.87339741063855, 39.038413139266225, 0.0], [-107.87324034293384, 39.0389191390258, 0.0], [-107.87322920921923, 39.039226605564735, 0.0], [-107.87326707599196, 39.039595339208624, 0.0]]}, "properties": {"gnisidlabel": null, "featuretypelabel": "Channel Line", "huc12": "140200050111"}}, {"type": "Feature", "geometry": {"type": "LineString", "coordinates": [[-107.88674607613926, 38.95263720586083, 0.0], [-107.88706081030504, 38.95243127302644, 0.0], [-107.88724107620925, 38.952327673151245, 0.0], [-107.8874556751877, 38.952214272469476, 0.0], [-107.88760120964743, 38.95210260586246, 0.0], [-107.88774740926365, 38.952008805494415, 0.0], [-107.887836675381, 38.95193460671028, 0.0], [-107.88804661039282, 38.951704072680755, 0.0], [-107.8882776103392, 38.951428206652956, 0.0], [-107.88835320998925, 38.95130020630639, 0.0], [-107.88842767603762, 38.951145072721644, 0.0], [-107.88857121034874, 38.95098840581597, 0.0], [-107.88872207578109, 38.95072347333383, 0.0], [-107.88882067648491, 38.950594805644684, 0.0], [-107.88901887589643, 38.95036467233322, 0.0], [-107.88921620933966, 38.95010760608833, 0.0], [-107.88942380986501, 38.94982320585281, 0.0], [-107.88967720983113, 38.94952860645855, 0.0], [-107.88977647496942, 38.94941807287592, 0.0], [-107.8899976099165, 38.94917840655266, 0.0], [-107.89020927611823, 38.94899287269401, 0.0], [-107.89047527519065, 38.948725006220215, 0.0], [-107.89060700990488, 38.94855960590878, 0.0], [-107.8907744099276, 38.948420272750944, 0.0], [-107.89089681064287, 38.94830920620047, 0.0], [-107.89104287646597, 38.94821547359163, 0.0], [-107.89136920966821, 38.948009205833024, 0.0], [-107.89154807640907, 38.947869605315056, 0.0], [-107.89167080944209, 38.94776747297536, 0.0], [-107.89173587601299, 38.947666806450286, 0.0], [-107.89182081009145, 38.94748440579795, 0.0], [-107.89189347559729, 38.94728447327397, 0.0], [-107.89191027533266, 38.9471308728885, 0.0], [-107.89196167690736, 38.94697647301658, 0.0], [-107.89204580966354, 38.94677607315221, 0.0], [-107.89217281006249, 38.946493806528515, 0.0], [-107.89222307605313, 38.94631227253766, 0.0], [-107.89225041001157, 38.9461314063404, 0.0], [-107.89231181033954, 38.94594067275186, 0.0], [-107.89232900931073, 38.945796205639475, 0.0], [-107.8923332096868, 38.94561587350166, 0.0], [-107.8923500094507, 38.94546227303694, 0.0], [-107.89245547603697, 38.94493707342333, 0.0], [-107.89249247597137, 38.94471100524494, 0.0], [-107.89248741054188, 38.94458500651249, 0.0], [-107.89252540992284, 38.944385872997955, 0.0], [-107.89254160978268, 38.94421427294862, 0.0], [-107.89250000956778, 38.94404420555233, 0.0], [-107.8924948753341, 38.943918072479384, 0.0], [-107.8924638108876, 38.94372067347257, 0.0], [-107.89248281047065, 38.94362120581439, 0.0], [-107.89252347659612, 38.94348507283907, 0.0], [-107.89251827631486, 38.94335907292781, 0.0], [-107.89252427607434, 38.94322367360689, 0.0], [-107.89251921078578, 38.943097673045855, 0.0], [-107.8924798101675, 38.94298167270542, 0.0], [-107.89245441018348, 38.942639872737125, 0.0], [-107.89241220974024, 38.9424518057211, 0.0], [-107.89234880957409, 38.942309205911016, 0.0], [-107.89235321008215, 38.9421378732425, 0.0], [-107.8923582757016, 38.94197560606363, 0.0], [-107.89236387564054, 38.9418312733906, 0.0], [-107.89240640947448, 38.94174020585961, 0.0], [-107.89253621011419, 38.9415298063359, 0.0], [-107.89266787611798, 38.94136427305015, 0.0], [-107.8927654093074, 38.941208806065866, 0.0], [-107.89286327618395, 38.94106220640743, 0.0], [-107.89292580976499, 38.940898472288474, 0.0], [-107.89306947623349, 38.940741805763714, 0.0], [-107.89325367542862, 38.94044887309799, 0.0], [-107.89339507611784, 38.94023807316466, 0.0], [-107.89346940952097, 38.94008320548885, 0.0], [-107.89353281049983, 38.93993747297, 0.0], [-107.89357221041685, 38.939774272814745, 0.0], [-107.89365887526829, 38.939637006294696, 0.0], [-107.89374407687318, 38.939463805720614, 0.0], [-107.89391161066634, 38.93932447304099, 0.0], [-107.89399040999693, 38.939277472686044, 0.0], [-107.89412387608544, 38.93915707245017, 0.0], [-107.89429280929032, 38.93905367300321, 0.0], [-107.89446307651279, 38.93898647356673, 0.0], [-107.894632275805, 38.93889207334514, 0.0], [-107.89472300993725, 38.93885380602758, 0.0], [-107.89480141009786, 38.93879787269398, 0.0], [-107.89487987548762, 38.938741872824814, 0.0], [-107.89504647635599, 38.9385844734074, 0.0], [-107.89521387599869, 38.93844527285918, 0.0], [-107.89535927654727, 38.93833360561558, 0.0], [-107.89547121001749, 38.93824967358115, 0.0], [-107.8956056097058, 38.93814727284563, 0.0], [-107.8956840091732, 38.93809127318327, 0.0], [-107.89574047602663, 38.9380628063288, 0.0], [-107.89586387570859, 38.93797867301981, 0.0], [-107.89597520942887, 38.937876805844475, 0.0], [-107.89611947581295, 38.937738073029, 0.0], [-107.89620660940865, 38.937609805651455, 0.0], [-107.89634980902659, 38.93744407290913, 0.0], [-107.89646300962335, 38.937108006543596, 0.0], [-107.89650280957328, 38.9369538063281, 0.0], [-107.89653227558611, 38.93682687266808, 0.0], [-107.8965710102385, 38.93664580607615, 0.0], [-107.89661487674658, 38.93659067245089, 0.0], [-107.89664801077556, 38.93655380627357, 0.0], [-107.89671281060306, 38.936444073399585, 0.0], [-107.89681347615799, 38.93636947312833, 0.0], [-107.89689201002429, 38.936313472943475, 0.0], [-107.89703961077821, 38.93625580670097, 0.0], [-107.89715367574061, 38.93622587243155, 0.0], [-107.89720920987551, 38.93617047308508, 0.0], [-107.89733087624155, 38.9360414065257, 0.0], [-107.89749747714271, 38.93588400640262, 0.0], [-107.89762127569811, 38.93580887309119, 0.0], [-107.89777821046013, 38.935696872205725, 0.0], [-107.8979008756196, 38.935594806390256, 0.0], [-107.89795627520819, 38.93553927310308, 0.0], [-107.89803441035271, 38.93547440639275, 0.0], [-107.89819127607274, 38.93536227334603, 0.0], [-107.89831407611116, 38.935260205556354, 0.0]]}, "properties": {"gnisidlabel": null, "featuretypelabel": "Channel Line", "huc12": "140200050111"}}, {"type": "Feature", "geometry": {"type": "LineString", "coordinates": [[-107.8124760758321, 39.06222400531671, 0.0], [-107.81216187583739, 39.0621208062529, 0.0], [-107.81208027572266, 39.062094006083726, 0.0], [-107.81162321011092, 39.062204072855145, 0.0], [-107.8108410094886, 39.062191406200206, 0.0], [-107.81018567570523, 39.06215320550811, 0.0], [-107.80960727623601, 39.062077005658104, 0.0], [-107.80907840999592, 39.0620176728436, 0.0], [-107.80859181061845, 39.06195280539444, 0.0], [-107.80818907654363, 39.06185440588525, 0.0], [-107.80763081020253, 39.061624606372916, 0.0], [-107.80730620986023, 39.061546873484964, 0.0], [-107.80701901008153, 39.06152227304552, 0.0]]}, "properties": {"gnisidlabel": null, "featuretypelabel": "Channel Line", "huc12": "140200050111"}}, {"type": "Feature", "geometry": {"type": "LineString", "coordinates": [[-107.83942634246624, 39.04869033938307, 0.0], [-107.8393289427472, 39.04882813901223, 0.0], [-107.83918261054279, 39.04901020622064, 0.0], [-107.83905027560542, 39.04918667371698, 0.0], [-107.83889694344451, 39.04937420568154, 0.0], [-107.8387582106165, 39.049616672629014, 0.0], [-107.83861967630183, 39.04989200563926, 0.0], [-107.83860027693612, 39.05008440543624, 0.0], [-107.83863807599565, 39.050386272873794, 0.0], [-107.8386100096446, 39.05073473908157, 0.0]]}, "properties": {"gnisidlabel": null, "featuretypelabel": "Channel Line", "huc12": "140200050111"}}, {"type": "Feature", "geometry": {"type": "LineString", "coordinates": [[-107.82183220982088, 39.06990327304026, 0.0], [-107.81371087613753, 39.06649607304283, 0.0]]}, "properties": {"gnisidlabel": "Marcott Creek", "featuretypelabel": "Waterbody Connector", "huc12": "140200050111"}}, {"type": "Feature", "geometry": {"type": "LineString", "coordinates": [[-107.88688487501489, 39.04009360569434, 0.0], [-107.88678967591723, 39.040024006050544, 0.0], [-107.88669521000708, 39.03997220599014, 0.0], [-107.8866110751601, 39.039893205212145, 0.0], [-107.88656127678811, 39.03980440627424, 0.0], [-107.88648840999457, 39.03971607325683, 0.0], [-107.88633440974215, 39.03962080643318, 0.0], [-107.88621527526078, 39.03953367315152, 0.0], [-107.88608787622351, 39.0395278057041, 0.0], [-107.88594760959728, 39.0394862733541, 0.0], [-107.8857868099057, 39.039508272917246, 0.0], [-107.88565081000316, 39.039574605484795, 0.0], [-107.88546700934852, 39.03959720564776, 0.0], [-107.88529460938582, 39.0396194728232, 0.0]]}, "properties": {"gnisidlabel": null, "featuretypelabel": "Channel Line", "huc12": "140200050111"}}, {"type": "Feature", "geometry": {"type": "LineString", "coordinates": [[-107.84318521011166, 38.984023073041755, 0.0], [-107.84292321034224, 38.98419240566399, 0.0], [-107.84290027548624, 38.98431827353712, 0.0]]}, "properties": {"gnisidlabel": null, "featuretypelabel": "Waterbody Connector", "huc12": "140200050111"}}, {"type": "Feature", "geometry": {"type": "LineString", "coordinates": [[-107.88432141048865, 39.03813007346033, 0.0], [-107.88431161092612, 39.038139405081736, 0.0], [-107.8842542765823, 39.038185673099115, 0.0], [-107.88422187655588, 39.03824060591167, 0.0], [-107.88419127591165, 39.03834047300717, 0.0], [-107.88417147664437, 39.038422072973006, 0.0], [-107.88412721064815, 39.03846820580912, 0.0], [-107.88408247603765, 39.038505406172284, 0.0]]}, "properties": {"gnisidlabel": null, "featuretypelabel": "Channel Line", "huc12": "140200050111"}}, {"type": "Feature", "geometry": {"type": "LineString", "coordinates": [[-107.86012401026692, 39.051506539433305, 0.0], [-107.86098820948402, 39.05130940593443, 0.0], [-107.86186647640955, 39.05111773947105, 0.0], [-107.8625190767963, 39.050883405671875, 0.0], [-107.86287747571674, 39.05081000572318, 0.0], [-107.86312467619713, 39.050890939123, 0.0], [-107.86345101019783, 39.05104120629618, 0.0]]}, "properties": {"gnisidlabel": null, "featuretypelabel": "Channel Line", "huc12": "140200050111"}}, {"type": "Feature", "geometry": {"type": "LineString", "coordinates": [[-107.86672700990934, 39.02612987340688, 0.0], [-107.86667581022517, 39.026047272754376, 0.0], [-107.86666647541163, 39.0260340060177, 0.0], [-107.8665820098708, 39.0259460730607, 0.0], [-107.86647340972632, 39.02583160579941, 0.0], [-107.86635301014275, 39.02570840522611, 0.0], [-107.86625547615392, 39.025584672864674, 0.0], [-107.8660700766283, 39.02528300555148, 0.0], [-107.86598381039121, 39.0251498724976, 0.0], [-107.86593147673908, 39.02499807269743, 0.0], [-107.86586841016863, 39.02486447270953, 0.0], [-107.86586367603286, 39.024747405922845, 0.0], [-107.8657874763298, 39.02457820555032, 0.0], [-107.86574601071553, 39.0244080060922, 0.0], [-107.8657626100087, 39.024245472659, 0.0], [-107.86567521009437, 39.02408540608037, 0.0], [-107.86562080969779, 39.023879472495686, 0.0], [-107.86561381038558, 39.02370847334427, 0.0], [-107.86558280992523, 39.02351107339694, 0.0], [-107.86555307591587, 39.02334967275512, 0.0], [-107.86551367571872, 39.02323347348419, 0.0], [-107.86546187578831, 39.02309067285222, 0.0], [-107.86543141006649, 39.022911205554436, 0.0], [-107.86533147639918, 39.022724473034934, 0.0], [-107.86523007657894, 39.02250180545588, 0.0], [-107.8651190105398, 39.02232427246596, 0.0], [-107.86496067601539, 39.022121005822356, 0.0], [-107.86481640991241, 39.02198040640119, 0.0], [-107.86471967575596, 39.02187467267194, 0.0], [-107.86455307621391, 39.02175260550103, 0.0], [-107.8643284768481, 39.02162300575306, 0.0], [-107.86417521086015, 39.021545673231046, 0.0], [-107.86398507672915, 39.02141520607993, 0.0], [-107.86379400985541, 39.02125767244956, 0.0], [-107.8636036101601, 39.02111827337535, 0.0], [-107.86337901069305, 39.020988605971894, 0.0], [-107.86323647581838, 39.020893073498414, 0.0], [-107.86308320987243, 39.02081567282691, 0.0], [-107.8628842100388, 39.02074860601058, 0.0], [-107.86269847585784, 39.020726072330724, 0.0], [-107.86254701040176, 39.020693805820216, 0.0], [-107.86240707505557, 39.020661073082984, 0.0], [-107.86227687575794, 39.020583272443595, 0.0], [-107.86218061028161, 39.020486606047164, 0.0], [-107.8621420095818, 39.02038840561815, 0.0]]}, "properties": {"gnisidlabel": null, "featuretypelabel": "Channel Line", "huc12": "140200050111"}}, {"type": "Feature", "geometry": {"type": "LineString", "coordinates": [[-107.92392821058276, 38.89049447273801, 0.0], [-107.92414227649299, 38.89037200571596, 0.0], [-107.9242868108299, 38.89024227300538, 0.0], [-107.92441801020762, 38.89006780584796, 0.0], [-107.92447067643613, 38.889949406280394, 0.0], [-107.92454507646892, 38.88979427355642, 0.0], [-107.92463841027053, 38.889539805672534, 0.0], [-107.92470801001426, 38.889267673204685, 0.0], [-107.92479340910604, 38.88910340602748, 0.0], [-107.92485627608718, 38.88894867304092, 0.0], [-107.92489667584351, 38.88881260599872, 0.0], [-107.92491281051544, 38.888641005777124, 0.0], [-107.92491941012472, 38.88852367259692, 0.0], [-107.92494847623792, 38.88838780588313, 0.0], [-107.9249654768571, 38.88824320559827, 0.0], [-107.92501687551875, 38.88808880598231, 0.0], [-107.9250804766184, 38.88795207341316, 0.0], [-107.92517781039247, 38.88779647252091, 0.0], [-107.92533120986455, 38.8876034063011, 0.0], [-107.92541967582383, 38.887511206026275, 0.0], [-107.92547467558182, 38.88744667280467, 0.0], [-107.92552927625466, 38.8873732063091, 0.0], [-107.92557087652129, 38.887264073835574, 0.0], [-107.9256448753759, 38.88710007299559, 0.0], [-107.92575307611713, 38.88692620632046, 0.0], [-107.92586381047292, 38.88681527339778, 0.0], [-107.92592661041088, 38.886660606393185, 0.0], [-107.92596627530332, 38.88650640603704, 0.0], [-107.92596161021908, 38.88638940664475, 0.0], [-107.92595301043882, 38.88618240579312, 0.0], [-107.92595747677134, 38.88601107370938, 0.0], [-107.92601027611198, 38.88589267282384, 0.0], [-107.92608747607436, 38.88580967263046, 0.0], [-107.92619867546584, 38.88570787279995, 0.0], [-107.92641180950712, 38.88556727286972, 0.0], [-107.92660181043996, 38.88541840596673, 0.0], [-107.92676887567636, 38.885279073582666, 0.0], [-107.92690040982349, 38.885113673716916, 0.0], [-107.92704127620493, 38.884893873741994, 0.0], [-107.9270824759947, 38.8847758057338, 0.0], [-107.92712487624425, 38.884684473398444, 0.0], [-107.92734887608036, 38.88424647264238, 0.0], [-107.9275548098733, 38.883926072697, 0.0], [-107.92766360981899, 38.883770073079226, 0.0], [-107.92778701028342, 38.88368600618837, 0.0], [-107.92789987651658, 38.883629072930525, 0.0], [-107.9280812103298, 38.88355247263904, 0.0], [-107.9282966090859, 38.88346600629017, 0.0], [-107.92853400966106, 38.88335187285434, 0.0], [-107.92872541050866, 38.88323900623229, 0.0], [-107.92890221008058, 38.883054406646636, 0.0], [-107.92900021027968, 38.88291680577936, 0.0], [-107.92911867555691, 38.88271560629251, 0.0], [-107.9291830768625, 38.882596873116476, 0.0], [-107.92930267606263, 38.88242267294457, 0.0], [-107.92950221064385, 38.88222847374044, 0.0], [-107.92965707639743, 38.882071472443315, 0.0], [-107.92990007566968, 38.881813073007336, 0.0], [-107.93005680907984, 38.881701073000805, 0.0], [-107.930346475838, 38.881459472795804, 0.0], [-107.93085480966938, 38.88092427263113, 0.0], [-107.9312426099389, 38.880545072561695, 0.0], [-107.93151041005873, 38.88033120630887, 0.0], [-107.93177001035055, 38.88019847261405, 0.0], [-107.93195127576077, 38.88012200599223, 0.0], [-107.93213287696264, 38.88005427300595, 0.0], [-107.93229227593038, 38.88000520584826, 0.0], [-107.932440875463, 38.87997447297841, 0.0], [-107.93262361051252, 38.879933873830296, 0.0], [-107.93276281077405, 38.87995727324757, 0.0], [-107.93288881033062, 38.8799362060798, 0.0], [-107.93295860990017, 38.879952472262765, 0.0], [-107.93299267634545, 38.87994260599948, 0.0], [-107.93311720983365, 38.87988540603672, 0.0], [-107.9331278752129, 38.8798670730411, 0.0], [-107.9332520093171, 38.87980087305881, 0.0], [-107.93355361009739, 38.87956807316362, 0.0], [-107.93368927527543, 38.87950160622936, 0.0], [-107.93396221031382, 38.87941367302242, 0.0], [-107.93414447642697, 38.879364005822474, 0.0], [-107.93426941000521, 38.87931587297334, 0.0], [-107.93438261089038, 38.87926800623453, 0.0], [-107.9344610105456, 38.879212005631544, 0.0], [-107.93453907679864, 38.879146872815035, 0.0], [-107.9347176752993, 38.879007273485726, 0.0], [-107.93492087609879, 38.878903072188464, 0.0], [-107.93511300915021, 38.87880807329017, 0.0], [-107.9352264759256, 38.878769272937554, 0.0], [-107.935362209478, 38.8787028059723, 0.0], [-107.93549667611158, 38.87860927251082, 0.0], [-107.93563000955874, 38.87848887279759, 0.0], [-107.93569680944867, 38.87843307224018, 0.0], [-107.93573840967802, 38.878324005661696, 0.0], [-107.9358000763246, 38.87814227286469, 0.0], [-107.93585100983474, 38.87797880650856, 0.0], [-107.93588041063772, 38.87785187295296, 0.0], [-107.93596841004188, 38.877750606360046, 0.0], [-107.93603380985259, 38.877658873256244, 0.0], [-107.93619161090673, 38.877573806805714, 0.0], [-107.93629267574454, 38.877508272470635, 0.0], [-107.93640361052988, 38.877406273420604, 0.0], [-107.93650387546357, 38.87732267254015, 0.0], [-107.93656567587347, 38.87714100625671, 0.0], [-107.9366822769269, 38.876894805695905, 0.0], [-107.93676840961712, 38.87674847285993, 0.0], [-107.93687247680694, 38.876475606485776, 0.0], [-107.93698241033299, 38.8763466735305, 0.0], [-107.9371160763623, 38.87623520524786, 0.0], [-107.9372502104274, 38.87613267368785, 0.0], [-107.93745261035598, 38.87601060626349, 0.0], [-107.93763121081273, 38.8758708737151, 0.0], [-107.93774187609719, 38.87576000633568, 0.0], [-107.93783667631864, 38.87554147248609, 0.0], [-107.93794167558968, 38.875295472732375, 0.0], [-107.93822981089689, 38.8749820063669, 0.0], [-107.93819120922429, 38.87478467379487, 0.0], [-107.93854047566809, 38.87433000596748, 0.0], [-107.93862047536395, 38.87427847226327, 0.0], [-107.93889127651354, 38.874177005855096, 0.0], [-107.93903860960963, 38.874092205623356, 0.0], [-107.93966621024168, 38.87352687288622, 0.0], [-107.94027887679106, 38.87287627260631, 0.0], [-107.94049961104011, 38.87254640640599, 0.0], [-107.94053767636336, 38.87240580652518, 0.0], [-107.9405786099748, 38.87206240632346, 0.0], [-107.94061047602244, 38.87193547346278, 0.0], [-107.94064741032895, 38.871862472350045, 0.0], [-107.94076967587317, 38.87171980531669, 0.0], [-107.94089520997684, 38.87161300624636, 0.0], [-107.94106881057021, 38.87150947299928, 0.0], [-107.94128940962312, 38.87140927282576, 0.0], [-107.94152781067747, 38.87131767302002, 0.0], [-107.9419532755952, 38.87120787356846, 0.0], [-107.9425730758926, 38.87087700612963, 0.0], [-107.94272427561685, 38.87088220566362, 0.0], [-107.94332100977596, 38.87097980617146, 0.0], [-107.94356721018374, 38.87092847307354, 0.0], [-107.9437768755697, 38.87085560623421, 0.0], [-107.94425461007799, 38.87058687255519, 0.0], [-107.94458180970999, 38.87035787368506, 0.0], [-107.94479167644981, 38.870190406283676, 0.0], [-107.9449756098967, 38.86999660655425, 0.0], [-107.94518287538716, 38.86964440594009, 0.0], [-107.94527500985345, 38.86952960653442, 0.0], [-107.94617647639409, 38.869078805874935, 0.0], [-107.94640747665684, 38.86890180564501, 0.0], [-107.94648967600408, 38.86881420571887, 0.0], [-107.94661741030137, 38.86862167301655, 0.0], [-107.94666147567347, 38.86852147288467, 0.0], [-107.94671287632731, 38.8683130731068, 0.0], [-107.94665047633956, 38.86808940569203, 0.0], [-107.94644827577815, 38.867666605361244, 0.0], [-107.94644047527505, 38.86759020593995, 0.0], [-107.94646741068209, 38.86752200598237, 0.0], [-107.94654941037432, 38.8674568056559, 0.0], [-107.94695481020884, 38.86723480669359, 0.0], [-107.94747520940268, 38.866838806110245, 0.0], [-107.9476328758549, 38.866672673007955, 0.0], [-107.94773401031946, 38.866413273227145, 0.0], [-107.94782387584101, 38.866298473332016, 0.0], [-107.94813740996508, 38.866146406372444, 0.0], [-107.94832821079346, 38.86594340638971, 0.0], [-107.94839927612497, 38.865883006293714, 0.0], [-107.94849761063088, 38.86584000540247, 0.0], [-107.94876947612897, 38.86576107342047, 0.0], [-107.94896001022052, 38.86565260616969, 0.0], [-107.94900421022453, 38.86559747293834, 0.0], [-107.94907247648769, 38.86542007294675, 0.0], [-107.9492188104163, 38.864871272925136, 0.0], [-107.94929507554518, 38.86472080576754, 0.0], [-107.94955147681708, 38.86431787287188, 0.0], [-107.94963461050271, 38.864059005784256, 0.0], [-107.94968007502526, 38.863967806116435, 0.0], [-107.94983521027015, 38.863828672844065, 0.0], [-107.95015901091823, 38.863635805946984, 0.0], [-107.95031807648607, 38.86351927267495, 0.0], [-107.95041920978981, 38.863345472458974, 0.0], [-107.95054320955407, 38.86301800573508, 0.0], [-107.95071007539252, 38.86278860537881, 0.0], [-107.9507570769631, 38.86265227365911, 0.0], [-107.95073507613147, 38.86252667326667, 0.0], [-107.95066161054864, 38.86230780667098, 0.0], [-107.95069260987164, 38.86223940661634, 0.0], [-107.95103940916982, 38.86192887295771, 0.0], [-107.95119727675689, 38.86182127332937, 0.0], [-107.9513628100351, 38.86174060573081, 0.0], [-107.95147701049616, 38.861697205626314, 0.0], [-107.95176681044333, 38.8616356736042, 0.0], [-107.95188667612307, 38.8615652063854, 0.0], [-107.95211061068169, 38.86129367216861, 0.0], [-107.95235601040802, 38.860895606220495, 0.0], [-107.9524758095737, 38.86064927259366, 0.0], [-107.95251141043241, 38.860445672813434, 0.0], [-107.95254380901875, 38.8603728053517, 0.0], [-107.95261840934846, 38.86033040610755, 0.0], [-107.95283887654618, 38.860284272603224, 0.0], [-107.95290167604378, 38.860237606028065, 0.0], [-107.95309007588733, 38.859872472825124, 0.0], [-107.95335940972208, 38.85913147314242, 0.0], [-107.95339161034839, 38.8589730059864, 0.0], [-107.95336541030996, 38.858730406085705, 0.0], [-107.95337967612522, 38.8586128729988, 0.0], [-107.95343600996112, 38.8584674058506, 0.0], [-107.95358860995053, 38.85822020581294, 0.0], [-107.95362767507235, 38.85810207384185, 0.0], [-107.9536280101518, 38.85789487261869, 0.0], [-107.95351447679454, 38.857032872425904, 0.0], [-107.95353887571534, 38.85687907293158, 0.0], [-107.95360447551361, 38.8567152729779, 0.0], [-107.95378681099885, 38.85653047321896, 0.0], [-107.95396840905278, 38.85640427292482, 0.0], [-107.95419407644212, 38.856317472949485, 0.0], [-107.95487347624172, 38.856111205210546, 0.0], [-107.95512261035061, 38.855978672333244, 0.0], [-107.9552462750221, 38.85585847316096, 0.0], [-107.95549880932329, 38.85544667239215, 0.0], [-107.95574787588322, 38.85494027336664, 0.0], [-107.9559600099675, 38.854389873304974, 0.0], [-107.95609380954764, 38.85394060581284, 0.0], [-107.95618807611058, 38.853785072891256, 0.0], [-107.95645461015211, 38.85354860643129, 0.0], [-107.95677040986706, 38.85331527313785, 0.0], [-107.95710347566083, 38.85310420599358, 0.0], [-107.95753567621861, 38.85288147331558, 0.0], [-107.95765527626044, 38.85278387286814, 0.0], [-107.95770447571398, 38.85267447282142, 0.0], [-107.95772780952016, 38.852547805801336, 0.0], [-107.95771647674187, 38.85189947250528, 0.0], [-107.95773760945514, 38.85166467299868, 0.0], [-107.95784920918989, 38.8515086733467, 0.0], [-107.9582634764346, 38.85108380618713, 0.0], [-107.95835067647225, 38.85094640565576, 0.0], [-107.9584628099154, 38.85064627302453, 0.0], [-107.95853160988662, 38.85036967308403, 0.0], [-107.95856147564898, 38.850071672765125, 0.0], [-107.95861861107164, 38.84993520629111, 0.0], [-107.95871401009364, 38.84977047331684, 0.0], [-107.95891141010223, 38.84949520550874, 0.0], [-107.95939400946808, 38.84891547313802, 0.0], [-107.95950600934434, 38.84866040597094, 0.0], [-107.96017247609078, 38.847711005860084, 0.0], [-107.96053047542965, 38.8470488059349, 0.0], [-107.96059540909253, 38.84697960645214, 0.0], [-107.9606686096207, 38.84693720531507, 0.0], [-107.96111167667443, 38.84688087242751, 0.0], [-107.96134240971476, 38.846825405262024, 0.0], [-107.96155001091304, 38.84672560574914, 0.0], [-107.96160461085279, 38.846670206685694, 0.0], [-107.96169700942158, 38.84642907274913, 0.0], [-107.96176981037509, 38.84632360542026, 0.0], [-107.96193607590627, 38.84621580651883, 0.0], [-107.96232327568964, 38.846003205959306, 0.0], [-107.96238280992193, 38.84594767228551, 0.0], [-107.96247387653409, 38.84576967334546, 0.0], [-107.96249247576161, 38.845512473390805, 0.0], [-107.9627118092402, 38.84522767232017, 0.0], [-107.9627860098331, 38.84502760581945, 0.0], [-107.96285647626365, 38.8447420061759, 0.0], [-107.96284667563184, 38.84459807305556, 0.0], [-107.96266721063488, 38.844098205753085, 0.0], [-107.96266401019525, 38.843990072608854, 0.0], [-107.9626912096685, 38.84385427315264, 0.0], [-107.96275661070392, 38.84370847327011, 0.0], [-107.9628368761236, 38.84359840589362, 0.0], [-107.96362587560056, 38.842871072236406, 0.0], [-107.96373927558817, 38.84276007275749, 0.0], [-107.96379801018135, 38.842668473121044, 0.0], [-107.96384640939317, 38.84255920530236, 0.0], [-107.96385660981281, 38.842486873304345, 0.0], [-107.96372741045795, 38.84207567242455, 0.0], [-107.96372040999577, 38.841985806068706, 0.0], [-107.96377301033831, 38.84174567305447, 0.0], [-107.9638028106013, 38.84167740548316, 0.0], [-107.96415587519904, 38.8412314732279, 0.0], [-107.96432347535398, 38.840907405671125, 0.0], [-107.96443020994936, 38.84080107304291, 0.0], [-107.96479320988202, 38.84052607301567, 0.0], [-107.96507887534797, 38.84017207359316, 0.0], [-107.96518387571072, 38.84006580687663, 0.0], [-107.96536541032586, 38.839930472996386, 0.0], [-107.96587747663565, 38.83959320554814, 0.0], [-107.96626667641576, 38.83926347310322, 0.0], [-107.96697127607462, 38.838862606570885, 0.0], [-107.96724740987601, 38.83873400636787, 0.0], [-107.96751321009486, 38.83862807275901, 0.0], [-107.96789080940427, 38.838533005526614, 0.0], [-107.96883081018896, 38.83836940629998, 0.0], [-107.96908020950228, 38.83830000614846, 0.0], [-107.96927547604321, 38.83822287278222, 0.0], [-107.96939500993855, 38.83812527315039, 0.0], [-107.96948080996118, 38.83800600558479, 0.0], [-107.96957740968747, 38.83758020575481, 0.0], [-107.96963907574771, 38.83743900530178, 0.0], [-107.96976300990889, 38.83729160599698, 0.0], [-107.96999121009848, 38.83710120562164, 0.0], [-107.97016681018235, 38.836979473099305, 0.0], [-107.97034427566804, 38.836903006320185, 0.0], [-107.97118441044144, 38.836674405732644, 0.0], [-107.97144327608414, 38.83657767317169, 0.0], [-107.97172340915671, 38.836417405809094, 0.0], [-107.97182407603023, 38.8363202724261, 0.0], [-107.97186180989, 38.83621567298198, 0.0], [-107.97189381028863, 38.83595360616535, 0.0], [-107.97170221054694, 38.83559807339074, 0.0], [-107.9716758107362, 38.83546367271773, 0.0], [-107.97173347667724, 38.83530000640244, 0.0], [-107.97195861006031, 38.83481687342572, 0.0], [-107.97199047567872, 38.83464027297214, 0.0], [-107.97194107565603, 38.83439827252031, 0.0], [-107.97186540948454, 38.834161605705994, 0.0], [-107.97181781002519, 38.83405920607261, 0.0], [-107.97167527666278, 38.833846472295455, 0.0], [-107.97164707566435, 38.833739205706514, 0.0], [-107.9716754103488, 38.83367087351701, 0.0], [-107.97175407633368, 38.833565273353926, 0.0], [-107.97207801008412, 38.8332372063441, 0.0], [-107.97221667637797, 38.83299040602303, 0.0], [-107.97234041037619, 38.83263587327765, 0.0], [-107.9724328105064, 38.83221907356743, 0.0], [-107.97239960972456, 38.83198567239125, 0.0], [-107.97230147565972, 38.83160527353188, 0.0], [-107.97231947628563, 38.83136167291391, 0.0], [-107.97240740985015, 38.83113867331532, 0.0], [-107.9725030098099, 38.830974072973454, 0.0], [-107.97294927538634, 38.830395072914136, 0.0], [-107.97300921047983, 38.83029447245446, 0.0], [-107.97303501014576, 38.83020827299053, 0.0], [-107.97296647635825, 38.829872206206765, 0.0], [-107.97268927641433, 38.828852205601464, 0.0], [-107.97263847582232, 38.82857867335717, 0.0], [-107.97265041022025, 38.82847040546837, 0.0], [-107.97274721056438, 38.82829220589099, 0.0], [-107.97283887531401, 38.828231273049944, 0.0], [-107.972921809853, 38.828211205736196, 0.0], [-107.973763076429, 38.82815820578175, 0.0], [-107.97393867570895, 38.82812667321775, 0.0], [-107.97428467599387, 38.82796020648116, 0.0], [-107.97440120942225, 38.82792120537543, 0.0], [-107.9745502761137, 38.82790840658259, 0.0], [-107.97486501021838, 38.8279274060165, 0.0], [-107.97498760907746, 38.82791980557479, 0.0], [-107.97505920935903, 38.82789547339193, 0.0], [-107.97521147623098, 38.82780600574803, 0.0], [-107.9754304759876, 38.82775527368157, 0.0], [-107.97558927545153, 38.8277332732111, 0.0], [-107.9760150097877, 38.827713473078774, 0.0], [-107.97610247566537, 38.82768867267163, 0.0], [-107.97626001089525, 38.827608072943384, 0.0], [-107.97638407565543, 38.827528273360954, 0.0], [-107.97646187629974, 38.82744080569178, 0.0], [-107.97665040970146, 38.82712067282132, 0.0], [-107.97683740912196, 38.82691320661359, 0.0], [-107.97699787624248, 38.82659827277839, 0.0], [-107.97708940962664, 38.82646080583904, 0.0], [-107.97742761058396, 38.8261774064515, 0.0], [-107.97788187665124, 38.8258324730107, 0.0], [-107.97801787573707, 38.825734406015776, 0.0], [-107.97833227569063, 38.825555205822134, 0.0], [-107.97858907585774, 38.82528740630289, 0.0], [-107.978636476411, 38.82519607335836, 0.0], [-107.97867801049746, 38.82485267322699, 0.0], [-107.97873800955279, 38.82468900619012, 0.0], [-107.9787982104466, 38.824624405952285, 0.0], [-107.97902081097965, 38.82446560612585, 0.0], [-107.97935207598856, 38.82397060556931, 0.0], [-107.97950147611739, 38.823809205706475, 0.0], [-107.97987267570727, 38.82348887335082, 0.0], [-107.98013887683963, 38.8233018727877, 0.0], [-107.98022381008258, 38.82326820610994, 0.0], [-107.98039141049816, 38.82324140516433, 0.0], [-107.98069400869022, 38.82328767283732, 0.0], [-107.98080180983118, 38.82327147310735, 0.0], [-107.98085260857299, 38.823225073184084, 0.0], [-107.98093447578772, 38.823042806086846, 0.0], [-107.98099960937529, 38.82296907337662, 0.0], [-107.9811394091883, 38.82288440575431, 0.0], [-107.98148607691523, 38.82273587310171, 0.0], [-107.98156267529177, 38.822688873332424, 0.0], [-107.98159040943217, 38.82261607309328, 0.0], [-107.98153147629054, 38.82225280592345, 0.0], [-107.98155587592102, 38.822117006253386, 0.0], [-107.9817464091209, 38.82195447272648, 0.0], [-107.98203807521587, 38.82176240571991, 0.0], [-107.98214827680769, 38.82167400660208, 0.0], [-107.98261987640906, 38.820891673255595, 0.0], [-107.98280440836817, 38.82078340664682, 0.0], [-107.98313261017974, 38.82031547305401, 0.0], [-107.98345000890474, 38.82003260634949, 0.0], [-107.98358647527273, 38.819884872511814, 0.0], [-107.98366827558091, 38.81970720617256, 0.0], [-107.98385147590338, 38.81913047258201, 0.0], [-107.98407207595659, 38.81874640579414, 0.0], [-107.98405967616671, 38.818647605791185, 0.0], [-107.98389127607054, 38.81839067317502, 0.0], [-107.98382767647524, 38.81820760545872, 0.0], [-107.98375127601626, 38.817768073289486, 0.0], [-107.98374840938067, 38.8174438063553, 0.0], [-107.9838000088632, 38.81729840554842, 0.0], [-107.98385547538041, 38.81719787249098, 0.0], [-107.98391227585259, 38.817142406164635, 0.0], [-107.98411887610209, 38.817011005911446, 0.0], [-107.98421220878522, 38.816778872353304, 0.0], [-107.98453120936152, 38.816446406099715, 0.0], [-107.98456887609524, 38.81637327283559, 0.0], [-107.98454740967918, 38.81631980643278, 0.0], [-107.9844962758304, 38.81628507331208, 0.0], [-107.98416560963139, 38.81620347232829, 0.0], [-107.98375787581428, 38.816047206195826, 0.0], [-107.98360240915684, 38.8159612062135, 0.0], [-107.98353867572037, 38.81588620554623, 0.0], [-107.9835072761564, 38.815814873013615, 0.0], [-107.98348507611806, 38.81573427291619, 0.0], [-107.98350047600321, 38.81563487307768, 0.0], [-107.9835754096577, 38.81556087319455, 0.0], [-107.98382740886125, 38.81538327349548, 0.0], [-107.98434280847061, 38.81487460546607, 0.0], [-107.98490427603792, 38.814531405748376, 0.0], [-107.98505700933002, 38.81432027328938, 0.0], [-107.9851436765561, 38.814106405828454, 0.0], [-107.98517107548867, 38.81398847282589, 0.0], [-107.98517060853241, 38.81379927321344, 0.0], [-107.98510207604383, 38.81363000608812, 0.0], [-107.98486467670324, 38.813266673363216, 0.0], [-107.98483907637949, 38.81314107309767, 0.0], [-107.98486227562191, 38.81306847363343, 0.0], [-107.9849330763997, 38.81303067315869, 0.0], [-107.98522280823059, 38.812915205653724, 0.0], [-107.985630609407, 38.81263447275494, 0.0], [-107.98575280823339, 38.812568273426706, 0.0], [-107.98589060815442, 38.8125602730664, 0.0], [-107.98634440870885, 38.812620673411175, 0.0], [-107.98641227655553, 38.81261447318198, 0.0], [-107.98649660819326, 38.812580805782474, 0.0], [-107.98656827549334, 38.81252040650646, 0.0], [-107.98660527553092, 38.81237080685134, 0.0], [-107.98658027588482, 38.81224980603479, 0.0], [-107.98627861002149, 38.8118026060452, 0.0], [-107.98627680932789, 38.81167647292998, 0.0], [-107.98629560887815, 38.81161287312754, 0.0], [-107.98632947548495, 38.811576005867686, 0.0], [-107.98648480938792, 38.811495473441646, 0.0], [-107.98671960906405, 38.81144887248027, 0.0], [-107.9869146752013, 38.81143940572329, 0.0], [-107.9874672759638, 38.811452272842004, 0.0], [-107.98768187554188, 38.811415272490734, 0.0], [-107.98778387593735, 38.81137660602472, 0.0], [-107.9878674754151, 38.811311405978806, 0.0], [-107.98810867512985, 38.8110034729361, 0.0], [-107.98814980812392, 38.810921273260206, 0.0], [-107.98813367605342, 38.81083620611585, 0.0], [-107.98785827557451, 38.81060900611661, 0.0], [-107.98776780923122, 38.810462606426164, 0.0], [-107.98773627626886, 38.810328273076486, 0.0], [-107.98774947659709, 38.81010280659176, 0.0], [-107.98777800882176, 38.810016406127794, 0.0], [-107.98796740896715, 38.80975027299738, 0.0], [-107.98824641004772, 38.809414273039785, 0.0], [-107.98843087589586, 38.809166406017255, 0.0], [-107.98845980926234, 38.809075472605116, 0.0], [-107.98846047644767, 38.80897187273226, 0.0], [-107.988388008772, 38.80873047314887, 0.0], [-107.98840867643263, 38.80867140627361, 0.0], [-107.98845680795004, 38.8086162056846, 0.0], [-107.98855147528302, 38.808568673176325, 0.0], [-107.9886514761383, 38.80853907249806, 0.0], [-107.98910247636726, 38.80855007292959, 0.0], [-107.98922487669219, 38.808542472959815, 0.0], [-107.98933840818037, 38.80847647300296, 0.0], [-107.98941220948751, 38.80840247325933, 0.0], [-107.9894602098716, 38.808293072975616, 0.0], [-107.9894780766383, 38.80749087293093, 0.0], [-107.98957660897432, 38.80738927221484, 0.0], [-107.98980767653545, 38.80723467260946, 0.0], [-107.98989240905574, 38.80715600612749, 0.0], [-107.98992027508625, 38.80708767355725, 0.0], [-107.98995447687601, 38.806888605850006, 0.0], [-107.99012180996135, 38.80664107325758, 0.0], [-107.99016260891, 38.80655000668312, 0.0], [-107.99016387610892, 38.80642827343177, 0.0], [-107.990135476381, 38.806280406403914, 0.0], [-107.98995960812927, 38.8059470058455, 0.0], [-107.9899088082848, 38.805804206156154, 0.0], [-107.98991927621958, 38.80572727324278, 0.0], [-107.9900100087091, 38.80554027291565, 0.0], [-107.99030507552735, 38.80519487294784, 0.0], [-107.990360877015, 38.80504940583059, 0.0], [-107.99031967615072, 38.8049468730043, 0.0], [-107.99015660901843, 38.80479340588929, 0.0], [-107.99011480959965, 38.804722405408846, 0.0], [-107.9901002094703, 38.804542606513294, 0.0], [-107.99011660821513, 38.80438887306584, 0.0], [-107.99015727626342, 38.80428427290977, 0.0], [-107.99053587681642, 38.80402227322107, 0.0], [-107.99072760837412, 38.8037742066643, 0.0], [-107.99078287667409, 38.80372767276094, 0.0], [-107.99100187595178, 38.803650006169846, 0.0], [-107.9913668769216, 38.803609206171664, 0.0], [-107.99258347624969, 38.80366807314432, 0.0], [-107.99321960936125, 38.80358867256227, 0.0], [-107.99337380908032, 38.80362980610583, 0.0], [-107.99345947514321, 38.80367707338307, 0.0], [-107.99381080819548, 38.8041726731865, 0.0], [-107.99388780904624, 38.804238273140015, 0.0], [-107.99397980853935, 38.8042944730721, 0.0], [-107.99419540906241, 38.8043564730615, 0.0], [-107.99495580825506, 38.80437300610494, 0.0], [-107.99539987586682, 38.80442467291239, 0.0], [-107.99579187556043, 38.80442820582919, 0.0], [-107.99648067597454, 38.8043924726745, 0.0], [-107.99675287583275, 38.80435400625796, 0.0], [-107.99697407553221, 38.80430320620204, 0.0], [-107.99715380939934, 38.80424460548182, 0.0], [-107.9973728096014, 38.804139805399586, 0.0], [-107.99751480941312, 38.80405060547371, 0.0], [-107.99763820912531, 38.80390320563674, 0.0], [-107.99766560873954, 38.80370887272866, 0.0], [-107.99763507659398, 38.80354747327723, 0.0], [-107.99741407544754, 38.803062206521936, 0.0], [-107.99743147627751, 38.802899473556636, 0.0], [-107.99748107550761, 38.80277220567425, 0.0], [-107.99752100893566, 38.80275307314465, 0.0], [-107.99758167556217, 38.80274707306953, 0.0], [-107.99801227608741, 38.80280360556047, 0.0], [-107.9983718170776, 38.80277629463492, 0.0]]}, "properties": {"gnisidlabel": "Surface Creek", "featuretypelabel": "Channel Line", "huc12": "140200050111"}}, {"type": "Feature", "geometry": {"type": "LineString", "coordinates": [[-107.85239167573219, 39.04151947299033, 0.0], [-107.85241581091175, 39.041497606712355, 0.0], [-107.8523998101078, 39.04147427321863, 0.0]]}, "properties": {"gnisidlabel": "Bonita Creek", "featuretypelabel": "Waterbody Connector", "huc12": "140200050111"}}, {"type": "Feature", "geometry": {"type": "LineString", "coordinates": [[-107.83017947507899, 39.02911567306334, 0.0], [-107.83100121080773, 39.02865347262119, 0.0]]}, "properties": {"gnisidlabel": null, "featuretypelabel": "Waterbody Connector", "huc12": "140200050111"}}, {"type": "Feature", "geometry": {"type": "LineString", "coordinates": [[-107.89073261041044, 39.04557040587293, 0.0], [-107.89066660976184, 39.04564847359266, 0.0], [-107.89035747566076, 39.04584087305426, 0.0], [-107.88999887647178, 39.0459938727656, 0.0], [-107.88979567605148, 39.046215206368764, 0.0], [-107.88969821048737, 39.046343673001545, 0.0]]}, "properties": {"gnisidlabel": null, "featuretypelabel": "Channel Line", "huc12": "140200050111"}}, {"type": "Feature", "geometry": {"type": "LineString", "coordinates": [[-107.81943207561686, 39.02992487270331, 0.0], [-107.81947441036493, 39.02982480603986, 0.0], [-107.81954727690946, 39.02962480593302, 0.0], [-107.81962187585567, 39.029469806334035, 0.0], [-107.81974240966164, 39.02930480622903, 0.0], [-107.81999847524136, 39.02906427276047, 0.0], [-107.82022000944686, 39.02882480580121, 0.0], [-107.82041947587807, 39.02861267249275, 0.0], [-107.82063227590012, 39.02844540549346, 0.0], [-107.82075561017693, 39.02835227282156, 0.0], [-107.82085520981431, 39.028241806280406, 0.0], [-107.82093967559254, 39.02804160659484, 0.0], [-107.82102227613927, 39.02779627259496, 0.0], [-107.8211630100872, 39.02755867296172, 0.0], [-107.82133940958074, 39.027347205437295, 0.0], [-107.82151747576965, 39.02718067310068, 0.0], [-107.82168667634319, 39.027077473302256, 0.0], [-107.82191347668038, 39.026972873367825, 0.0], [-107.82204681078112, 39.02689760631974, 0.0]]}, "properties": {"gnisidlabel": null, "featuretypelabel": "Channel Line", "huc12": "140200050111"}}, {"type": "Feature", "geometry": {"type": "LineString", "coordinates": [[-107.80914694362018, 39.02958393874258, 0.0], [-107.80994294229738, 39.02960740591197, 0.0], [-107.8105765432545, 39.02958220598036, 0.0], [-107.8112942101823, 39.029507206344086, 0.0], [-107.8116670098606, 39.029450339065086, 0.0], [-107.81214387644782, 39.02921173931484, 0.0], [-107.81286087603364, 39.02905433864792, 0.0], [-107.81321547567177, 39.028994005649764, 0.0]]}, "properties": {"gnisidlabel": null, "featuretypelabel": "Channel Line", "huc12": "140200050111"}}, {"type": "Feature", "geometry": {"type": "LineString", "coordinates": [[-107.80794411617585, 39.06598890227389, 0.0], [-107.8085070763366, 39.06498200586188, 0.0]]}, "properties": {"gnisidlabel": null, "featuretypelabel": "Hydro Unenforced Connector", "huc12": "140200050111"}}, {"type": "Feature", "geometry": {"type": "LineString", "coordinates": [[-107.80657727661398, 39.03811820622995, 0.0], [-107.80714927617105, 39.035562473146, 0.0]]}, "properties": {"gnisidlabel": "Marcott Creek", "featuretypelabel": "Waterbody Connector", "huc12": "140200050111"}}, {"type": "Feature", "geometry": {"type": "LineString", "coordinates": [[-107.85942800961607, 39.0670267390382, 0.0], [-107.85997307675792, 39.0673093393291, 0.0], [-107.86032807659211, 39.06760400637808, 0.0], [-107.86064781010904, 39.06789887324253, 0.0], [-107.86093914321151, 39.0681718727565, 0.0], [-107.86123667596324, 39.06835153910581, 0.0], [-107.86152974329714, 39.06854060613186, 0.0]]}, "properties": {"gnisidlabel": null, "featuretypelabel": "Channel Line", "huc12": "140200050111"}}, {"type": "Feature", "geometry": {"type": "LineString", "coordinates": [[-107.81775760975056, 39.05434407317198, 0.0], [-107.81549607644865, 39.05319060534646, 0.0], [-107.81473160952497, 39.05175947315463, 0.0]]}, "properties": {"gnisidlabel": null, "featuretypelabel": "Waterbody Connector", "huc12": "140200050111"}}, {"type": "Feature", "geometry": {"type": "LineString", "coordinates": [[-107.8037210097341, 39.02573873918686, 0.0], [-107.80390367584953, 39.025688406238686, 0.0], [-107.8041628760246, 39.02552780594933, 0.0], [-107.80438040978014, 39.02543333858079, 0.0], [-107.80471040958132, 39.025316338452775, 0.0], [-107.8053429439542, 39.02516487259482, 0.0], [-107.8060458092608, 39.02500753904065, 0.0], [-107.80667201066062, 39.02494393878429, 0.0], [-107.80708014200711, 39.024908939405016, 0.0], [-107.80748961026974, 39.02497873849678, 0.0]]}, "properties": {"gnisidlabel": null, "featuretypelabel": "Channel Line", "huc12": "140200050111"}}, {"type": "Feature", "geometry": {"type": "LineString", "coordinates": [[-107.80684847619378, 39.042634206501546, 0.0], [-107.80693327667518, 39.042443005912446, 0.0], [-107.80700767664221, 39.04227900629496, 0.0], [-107.80704887565085, 39.04215187306891, 0.0], [-107.80708787613762, 39.04197080611833, 0.0], [-107.80714967572902, 39.041780072870054, 0.0], [-107.80719961064783, 39.04158067308392, 0.0], [-107.80727247656905, 39.041380805624314, 0.0], [-107.8073556106937, 39.04114447354576, 0.0], [-107.80745087586467, 39.04092600600794, 0.0], [-107.80753787535104, 39.04078880534452, 0.0], [-107.80760081055139, 39.040625073418674, 0.0], [-107.80772127651204, 39.04046000597137, 0.0], [-107.80781980925231, 39.04032247230364, 0.0], [-107.80793047610575, 39.04020267330297, 0.0], [-107.80805321039097, 39.04009160600733, 0.0], [-107.80813227567059, 39.040044672949975, 0.0]]}, "properties": {"gnisidlabel": null, "featuretypelabel": "Canal", "huc12": "140200050111"}}, {"type": "Feature", "geometry": {"type": "LineString", "coordinates": [[-107.79500080993327, 39.0349965388755, 0.0], [-107.79541767652168, 39.033631873480296, 0.0]]}, "properties": {"gnisidlabel": null, "featuretypelabel": "Waterbody Connector", "huc12": "140200050111"}}, {"type": "Feature", "geometry": {"type": "LineString", "coordinates": [[-107.91061581027198, 38.86653880595016, 0.0], [-107.91058747557318, 38.86647187349401, 0.0], [-107.9106826758045, 38.86631640594998, 0.0], [-107.91075907606677, 38.866251406101945, 0.0], [-107.91096227653065, 38.86614720594059, 0.0], [-107.91102647575593, 38.866082473349714, 0.0], [-107.91108867583445, 38.865941406288236, 0.0], [-107.91107807710658, 38.865856072807034, 0.0], [-107.9110084761357, 38.865731673104804, 0.0], [-107.91088141027807, 38.865577206619434, 0.0], [-107.91078040996561, 38.86548960559092, 0.0], [-107.91066481065974, 38.86541600565022, 0.0], [-107.91057207560536, 38.8654182061119, 0.0], [-107.91042580933049, 38.86551647384488, 0.0], [-107.9103580763971, 38.86553620653659, 0.0], [-107.91018360986966, 38.86547740590944, 0.0], [-107.90995707644676, 38.86551467347596, 0.0], [-107.90985507646687, 38.86550820524635, 0.0], [-107.90971960998156, 38.86545747290087, 0.0], [-107.90964367637386, 38.865378272911855, 0.0], [-107.90931147665752, 38.864841605722276, 0.0], [-107.90913281011227, 38.86448120595527, 0.0], [-107.90901260985667, 38.864191273256786, 0.0], [-107.90902261047205, 38.86409200609291, 0.0], [-107.90905807588233, 38.864005472682706, 0.0], [-107.90927140901154, 38.863765873234925, 0.0], [-107.90934227630873, 38.86362907297861, 0.0], [-107.90933427656253, 38.863336406256195, 0.0], [-107.90919541082731, 38.86269580573358, 0.0], [-107.90915567614542, 38.86258420626435, 0.0], [-107.90911587593042, 38.86253547285954, 0.0], [-107.90907107554686, 38.862509672373186, 0.0], [-107.9088350756929, 38.86248407315085, 0.0], [-107.90877000977208, 38.86245860653092, 0.0], [-107.90872421031618, 38.862387672802846, 0.0], [-107.90869367605944, 38.862262272552165, 0.0], [-107.90885307623698, 38.86195200590049, 0.0], [-107.9088946756483, 38.86182927339777, 0.0], [-107.9088976753985, 38.861712072479826, 0.0], [-107.90884527571863, 38.86137107325889, 0.0], [-107.90886241045176, 38.861199473619806, 0.0], [-107.90890407551571, 38.8610768061388, 0.0], [-107.90898141069236, 38.86098927317409, 0.0], [-107.90912367598979, 38.860904672911595, 0.0], [-107.90958867539702, 38.86075347344221, 0.0], [-107.90962940965302, 38.86070740609909, 0.0], [-107.9096894100519, 38.860557272867034, 0.0], [-107.90969087703255, 38.860503206136336, 0.0], [-107.90966400932973, 38.860449805356765, 0.0], [-107.90960387602121, 38.86038827356159, 0.0], [-107.90911101066945, 38.860022205949704, 0.0], [-107.9089450095325, 38.85987320588538, 0.0], [-107.90876647563181, 38.85961627293984, 0.0], [-107.90874500945321, 38.859513272923934, 0.0], [-107.9087704760241, 38.85946307288183, 0.0], [-107.90887267662073, 38.85937947338879, 0.0], [-107.90922120980882, 38.85918160607098, 0.0], [-107.90930367643979, 38.85910287297879, 0.0], [-107.90935887533023, 38.85902047275842, 0.0], [-107.90936541044536, 38.85890767288438, 0.0], [-107.90923440988328, 38.85864520597284, 0.0], [-107.90924780954859, 38.85844660633832, 0.0], [-107.90942121055807, 38.85807287313485, 0.0], [-107.90975740915302, 38.85752400622336, 0.0], [-107.90983047552679, 38.85728347339746, 0.0], [-107.90988081056015, 38.85723707288909, 0.0], [-107.91002787666883, 38.857215405558975, 0.0], [-107.91042967661377, 38.85724600563839, 0.0], [-107.9105918766895, 38.857241872917974, 0.0], [-107.91068380910868, 38.85721260589635, 0.0], [-107.91090047555026, 38.857085606058156, 0.0], [-107.91100760945422, 38.857042406340575, 0.0], [-107.91104981096036, 38.85705027352411, 0.0], [-107.91117561050449, 38.85711920533505, 0.0], [-107.91143081104066, 38.85706340598054, 0.0], [-107.91179187637631, 38.857117406077876, 0.0], [-107.91195920980972, 38.85713127234421, 0.0], [-107.91202460946565, 38.85712060611658, 0.0], [-107.91207980947999, 38.857092205944106, 0.0], [-107.91215441041369, 38.85699580576523, 0.0], [-107.91223907606847, 38.85619180647234, 0.0], [-107.91217221040421, 38.856085405762634, 0.0], [-107.91199581048198, 38.85595020557481, 0.0], [-107.91147501007322, 38.85570640591629, 0.0], [-107.91130127655404, 38.85560707354503, 0.0], [-107.91098307626137, 38.855313206022075, 0.0], [-107.91069247616977, 38.85514927280686, 0.0], [-107.91064840999147, 38.855073806373724, 0.0], [-107.91062327602013, 38.85499327310357, 0.0], [-107.91065967685614, 38.85489340584096, 0.0]]}, "properties": {"gnisidlabel": "Highline Ditch", "featuretypelabel": "Canal", "huc12": "140200050105"}}, {"type": "Feature", "geometry": {"type": "LineString", "coordinates": [[-107.86545661007015, 39.02573860627847, 0.0], [-107.86517847628123, 39.02535040600349, 0.0], [-107.86497854270341, 39.02504960585398, 0.0], [-107.86465241026882, 39.0247934734644, 0.0], [-107.86444660950853, 39.02461347360663, 0.0], [-107.86421874326668, 39.02433480615132, 0.0], [-107.86410394333643, 39.02409940570501, 0.0], [-107.8640018759857, 39.02372660641886, 0.0], [-107.86396554380491, 39.02360607357564, 0.0], [-107.86386454275528, 39.023343072654555, 0.0], [-107.86360121002424, 39.02303720602496, 0.0], [-107.86329721011543, 39.02289067310374, 0.0], [-107.86280281034345, 39.02270133863494, 0.0], [-107.8624034092405, 39.022499072792854, 0.0]]}, "properties": {"gnisidlabel": null, "featuretypelabel": "Channel Line", "huc12": "140200050111"}}, {"type": "Feature", "geometry": {"type": "LineString", "coordinates": [[-107.88488907621445, 39.06173760596937, 0.0], [-107.884107009562, 39.0617300730513, 0.0], [-107.88340781038839, 39.061368872708336, 0.0], [-107.88268721078116, 39.0609048060019, 0.0], [-107.88194540993179, 39.06041407288992, 0.0], [-107.88153560939864, 39.06018100594608, 0.0], [-107.88113327571169, 39.06000167295045, 0.0], [-107.88091360970796, 39.05967840625506, 0.0], [-107.88067887572268, 39.059148072696125, 0.0], [-107.88052787532462, 39.05840407311083, 0.0], [-107.88034940996312, 39.05789500604997, 0.0], [-107.88031321016808, 39.05764807316349, 0.0], [-107.88023241042043, 39.057339273113044, 0.0]]}, "properties": {"gnisidlabel": null, "featuretypelabel": "Channel Line", "huc12": "140200050111"}}, {"type": "Feature", "geometry": {"type": "LineString", "coordinates": [[-107.88543960995291, 39.05048347314351, 0.0], [-107.88528307579212, 39.050104872358, 0.0], [-107.88510534359895, 39.04973727258428, 0.0], [-107.8848648100938, 39.04949620589198, 0.0], [-107.88438501060376, 39.04930520554882, 0.0], [-107.88355940975354, 39.048977806005304, 0.0], [-107.88319680976547, 39.0485417393977, 0.0]]}, "properties": {"gnisidlabel": null, "featuretypelabel": "Channel Line", "huc12": "140200050111"}}, {"type": "Feature", "geometry": {"type": "LineString", "coordinates": [[-107.82394927649611, 39.05095547305968, 0.0], [-107.82396267627374, 39.05097320599725, 0.0], [-107.8242964111511, 39.05124887310594, 0.0], [-107.82462867546721, 39.05138487321028, 0.0], [-107.8251344102182, 39.0512466053252, 0.0], [-107.82571727663372, 39.051016273285576, 0.0], [-107.82582254223144, 39.050983273138165, 0.0]]}, "properties": {"gnisidlabel": null, "featuretypelabel": "Channel Line", "huc12": "140200050111"}}, {"type": "Feature", "geometry": {"type": "LineString", "coordinates": [[-107.86216347603954, 39.029473473389146, 0.0], [-107.8621552098234, 39.029424205455605, 0.0], [-107.8621534759667, 39.02923960571252, 0.0], [-107.86220487700461, 39.028918672992425, 0.0]]}, "properties": {"gnisidlabel": null, "featuretypelabel": "Channel Line", "huc12": "140200050111"}}, {"type": "Feature", "geometry": {"type": "LineString", "coordinates": [[-107.88702954315465, 39.04180067254572, 0.0], [-107.88674980962153, 39.04226827336343, 0.0], [-107.88661847549689, 39.042845338974985, 0.0], [-107.88659287585892, 39.0430288061405, 0.0]]}, "properties": {"gnisidlabel": null, "featuretypelabel": "Channel Line", "huc12": "140200050111"}}, {"type": "Feature", "geometry": {"type": "LineString", "coordinates": [[-107.7917208763425, 39.04514180574146, 0.0], [-107.79177360914039, 39.04501427340013, 0.0], [-107.79179141096714, 39.04487880657426, 0.0], [-107.79176047663915, 39.04468127260123, 0.0], [-107.7917402102689, 39.04445660634458, 0.0], [-107.791734409752, 39.04431260573508, 0.0], [-107.79174001050701, 39.04415927340739, 0.0], [-107.79179200991999, 39.0440138729308, 0.0], [-107.79186747502825, 39.04387700676127, 0.0], [-107.79194367596956, 39.0437580059016, 0.0], [-107.79197361041439, 39.04364020614921, 0.0], [-107.79193407586433, 39.043515005656324, 0.0], [-107.79186061022772, 39.04340860545596, 0.0], [-107.79182207608451, 39.043310406334186, 0.0], [-107.79178321092482, 39.043203272731986, 0.0], [-107.79171947619041, 39.04305160573943, 0.0], [-107.79160960963888, 39.04290107252041, 0.0], [-107.79144160908557, 39.04274300629994, 0.0], [-107.79136241059949, 39.04262320604515, 0.0], [-107.79136127684737, 39.04262140526018, 0.0]]}, "properties": {"gnisidlabel": "Beaver Creek", "featuretypelabel": "Channel Line", "huc12": "140200050111"}}, {"type": "Feature", "geometry": {"type": "LineString", "coordinates": [[-107.79137407568192, 39.036176738688425, 0.0], [-107.79142587613032, 39.036103605706444, 0.0], [-107.79143387536345, 39.036094272622236, 0.0], [-107.79153281030062, 39.035965872512094, 0.0], [-107.79166561001696, 39.03581860612332, 0.0], [-107.79186767579182, 39.03566960566388, 0.0], [-107.79209180963149, 39.03549300575928, 0.0], [-107.79222567619895, 39.0353726728324, 0.0], [-107.79236060952796, 39.03527940627278, 0.0], [-107.79255001029928, 39.035103672761466, 0.0], [-107.79270560979192, 39.03494667239827, 0.0], [-107.79289467658339, 39.03476200574166, 0.0], [-107.79301741003682, 39.03465100542737, 0.0], [-107.79313827559061, 39.03449500620427, 0.0], [-107.7933068098974, 39.03437380613639, 0.0], [-107.79346480906352, 39.034279872921125, 0.0], [-107.79359947649833, 39.03417760586472, 0.0], [-107.7937458756434, 39.03408400616244, 0.0], [-107.79385881011234, 39.03401820592201, 0.0]]}, "properties": {"gnisidlabel": "Beaver Creek", "featuretypelabel": "Channel Line", "huc12": "140200050111"}}, {"type": "Feature", "geometry": {"type": "LineString", "coordinates": [[-107.79203967577301, 39.04604620620528, 0.0], [-107.7917208763425, 39.04514180574146, 0.0]]}, "properties": {"gnisidlabel": "Beaver Creek", "featuretypelabel": "Waterbody Connector", "huc12": "140200050111"}}, {"type": "Feature", "geometry": {"type": "LineString", "coordinates": [[-107.8795516760876, 39.0520768723978, 0.0], [-107.87716921078439, 39.05181720605267, 0.0]]}, "properties": {"gnisidlabel": null, "featuretypelabel": "Waterbody Connector", "huc12": "140200050111"}}, {"type": "Feature", "geometry": {"type": "LineString", "coordinates": [[-107.86283200967308, 39.06324547308087, 0.0], [-107.86290247546893, 39.063245073351574, 0.0], [-107.86312121064348, 39.06328780580353, 0.0], [-107.8632977433996, 39.06332533888429, 0.0], [-107.86360827593417, 39.06338953969605, 0.0], [-107.86384754333163, 39.06335520566923, 0.0], [-107.86424807590605, 39.06323767292174, 0.0], [-107.8645346763754, 39.06298887339588, 0.0], [-107.86493554256963, 39.06290980541171, 0.0], [-107.8659006750531, 39.06289893886157, 0.0], [-107.86649267585328, 39.06282367341506, 0.0]]}, "properties": {"gnisidlabel": null, "featuretypelabel": "Channel Line", "huc12": "140200050111"}}, {"type": "Feature", "geometry": {"type": "LineString", "coordinates": [[-107.87949641068683, 38.98529407332169, 0.0], [-107.87947467543253, 38.9850424053465, 0.0], [-107.8794454106595, 38.98489000595657, 0.0], [-107.87944847595467, 38.984682673096835, 0.0], [-107.87940627559578, 38.98449460585529, 0.0], [-107.87945621043089, 38.98430420640331, 0.0], [-107.87949027665685, 38.98400600630162, 0.0], [-107.87946001005649, 38.98382660556837, 0.0], [-107.87941840929577, 38.98365647300484, 0.0]]}, "properties": {"gnisidlabel": null, "featuretypelabel": "Channel Line", "huc12": "140200050111"}}, {"type": "Feature", "geometry": {"type": "LineString", "coordinates": [[-107.85557707578506, 39.03431540618131, 0.0], [-107.85546821027624, 39.03419187308276, 0.0], [-107.8553336102474, 39.03400600575062, 0.0], [-107.8551852768683, 39.03376627311283, 0.0], [-107.85502627699799, 39.03354500597911, 0.0], [-107.85485721003116, 39.03335987333533, 0.0], [-107.85471320938633, 39.03322827310045, 0.0], [-107.85453467639083, 39.03309760672559, 0.0], [-107.85435840971718, 39.03302080686733, 0.0], [-107.85419420981208, 39.03296180666006, 0.0], [-107.85400787602487, 39.03292127336737, 0.0], [-107.85379827589708, 39.03288140585453, 0.0], [-107.85366947613613, 39.03283947227159, 0.0], [-107.85351661101416, 39.03277120621772, 0.0], [-107.85345567656952, 39.03269160557066, 0.0], [-107.85345207638387, 39.03260160576985, 0.0], [-107.85346001009697, 39.032511273141544, 0.0], [-107.85357061040149, 39.032391472994924, 0.0], [-107.85365827591103, 39.03227220545457, 0.0], [-107.85372207562851, 39.0321354736151, 0.0], [-107.85373967642668, 39.031999872913815, 0.0], [-107.85372200998815, 39.03184720605096, 0.0], [-107.85363507590307, 39.03169620629977, 0.0], [-107.85353587638222, 39.03152740593511, 0.0], [-107.85341441025065, 39.03137720549169, 0.0], [-107.8533032759056, 39.031199806134595, 0.0], [-107.85322647589196, 39.031012472498276, 0.0], [-107.85317267608997, 39.03082460549866, 0.0], [-107.8530960762213, 39.030646273132604, 0.0], [-107.8530542767155, 39.03046707263666, 0.0], [-107.85297887633776, 39.030315806216485, 0.0], [-107.85291401006765, 39.03013720631244, 0.0], [-107.85283861000617, 39.029985873112324, 0.0], [-107.85272900982325, 39.029844473294176, 0.0], [-107.85262141001961, 39.029757006208754, 0.0], [-107.85250280973224, 39.029678806409756, 0.0], [-107.85231521085844, 39.02961140671875, 0.0], [-107.85216140941161, 39.02951600589409, 0.0], [-107.85204080986985, 39.02939287269359, 0.0], [-107.8519660760904, 39.02925947296963, 0.0], [-107.85190047641332, 39.02906300574722, 0.0], [-107.8518236766461, 39.028875606184776, 0.0], [-107.85177067607664, 39.0287058052925, 0.0], [-107.8517292098593, 39.02853560594588, 0.0], [-107.8517464104953, 39.02839100535335, 0.0], [-107.85179660997152, 39.028200606512826, 0.0], [-107.85183660985227, 39.0280464057514, 0.0], [-107.85186460984329, 39.02788360672096, 0.0], [-107.85190567606901, 39.027756473456776, 0.0], [-107.85184341003848, 39.027640872989565, 0.0], [-107.851769010162, 39.027516606325605, 0.0], [-107.85163807656726, 39.027420672235, 0.0], [-107.85148481034341, 39.02734340591897, 0.0], [-107.85130847614785, 39.02726660641041, 0.0], [-107.85109467665718, 39.027118672819846, 0.0], [-107.85095220948025, 39.02702307320655, 0.0], [-107.85081201013298, 39.02698140609087, 0.0], [-107.8507298094421, 39.026947405857086, 0.0], [-107.850657610369, 39.026877072758026, 0.0], [-107.85058481066847, 39.026788805698516, 0.0], [-107.8505242098989, 39.02671820597299, 0.0], [-107.85043000951504, 39.026675472881614, 0.0], [-107.85030347524354, 39.02668747262152, 0.0], [-107.85017767549604, 39.026717605569125, 0.0], [-107.85002947584401, 39.02676627254435, 0.0], [-107.84969767554145, 39.02684647240321, 0.0], [-107.84943381019573, 39.02688900613833, 0.0], [-107.84922747653887, 39.026930072573506, 0.0], [-107.8490674096919, 39.02697000592643, 0.0], [-107.84895287658614, 39.026990872995135, 0.0], [-107.84888427664912, 39.02701060555017, 0.0], [-107.84873207657542, 39.02696027249591, 0.0]]}, "properties": {"gnisidlabel": "West Fork Bonita Surface Creek", "featuretypelabel": "Channel Line", "huc12": "140200050111"}}, {"type": "Feature", "geometry": {"type": "LineString", "coordinates": [[-107.81426567551739, 39.06287007332611, 0.0], [-107.81376247552096, 39.06272007367182, 0.0], [-107.81341607578781, 39.06257067270251, 0.0], [-107.81294941030092, 39.06237480634035, 0.0], [-107.81290789109951, 39.06236157885784, 0.0]]}, "properties": {"gnisidlabel": null, "featuretypelabel": "Channel Line", "huc12": "140200050111"}}, {"type": "Feature", "geometry": {"type": "LineString", "coordinates": [[-107.90172800952199, 38.85576887292101, 0.0], [-107.90202687548705, 38.85567140619355, 0.0], [-107.90222701060354, 38.8555854058856, 0.0], [-107.90238327674228, 38.85549127276748, 0.0], [-107.90251921001486, 38.85535740601839, 0.0], [-107.90285027597717, 38.85514647307864, 0.0], [-107.9030512765817, 38.85504227309852, 0.0], [-107.90329061084151, 38.854973273527385, 0.0], [-107.90338267523128, 38.85497547324838, 0.0], [-107.90371687502672, 38.85507080613691, 0.0], [-107.90399647567521, 38.85513600632284, 0.0], [-107.90424607485673, 38.85515667274541, 0.0], [-107.90467081001205, 38.85513267296286, 0.0], [-107.90517220941527, 38.85507060607172, 0.0], [-107.9053258760019, 38.8550308063601, 0.0], [-107.9056140758625, 38.854933473537386, 0.0], [-107.90567367647547, 38.85489600637276, 0.0], [-107.90570647610788, 38.854845605463375, 0.0], [-107.90575027578468, 38.8544256055844, 0.0], [-107.90586180917859, 38.85406240616777, 0.0], [-107.90591347669047, 38.85398460540985, 0.0], [-107.90598827613744, 38.8539242062712, 0.0], [-107.90605567664822, 38.85388200591398, 0.0], [-107.90614027589208, 38.853857272896015, 0.0], [-107.90642000891023, 38.8538638724744, 0.0], [-107.90695160981727, 38.85392720651172, 0.0], [-107.90731127567501, 38.85393627325351, 0.0], [-107.90755401054918, 38.85392120601418, 0.0], [-107.90783927607525, 38.85386460611123, 0.0], [-107.908403675232, 38.853629806403475, 0.0], [-107.90847861038405, 38.85361440541936, 0.0], [-107.90857027612606, 38.853625606571555, 0.0], [-107.90874600997734, 38.85367527304164, 0.0], [-107.90887320983869, 38.85373967253846, 0.0], [-107.90922881017715, 38.85407320601473, 0.0], [-107.90939287582073, 38.85417267269926, 0.0], [-107.90955227644424, 38.85420920625678, 0.0], [-107.90995921035955, 38.854226072881374, 0.0], [-107.91010800897067, 38.85425387265973, 0.0], [-107.9101498756668, 38.85429340557214, 0.0], [-107.91020027594008, 38.854395806383614, 0.0], [-107.91026047588124, 38.85461047275307, 0.0], [-107.91030347616176, 38.854690473173775, 0.0], [-107.91040507539543, 38.85476907345278, 0.0], [-107.91065967685614, 38.85489340584096, 0.0]]}, "properties": {"gnisidlabel": null, "featuretypelabel": "Channel Line", "huc12": "140200050105"}}, {"type": "Feature", "geometry": {"type": "LineString", "coordinates": [[-107.86261007514057, 39.03979580638634, 0.0], [-107.86256887632473, 39.0397564735287, 0.0], [-107.86252967616224, 39.039721405952484, 0.0], [-107.86235267572289, 39.039626606106204, 0.0], [-107.86228047537571, 39.03955640590777, 0.0], [-107.86217260942271, 39.039459872721686, 0.0], [-107.862051010025, 39.03930967342366, 0.0], [-107.86188401023419, 39.03917867251653, 0.0], [-107.86174187606171, 39.03909207312984, 0.0], [-107.86156547628646, 39.039015405832075, 0.0], [-107.86141261007594, 39.03894700636387, 0.0], [-107.86122647644616, 39.03891547274768, 0.0], [-107.86102947651607, 39.03890240637439, 0.0], [-107.8608212109572, 39.03888947295879, 0.0], [-107.86067007628155, 39.03886607297213, 0.0], [-107.86050627607824, 39.03881607299976, 0.0], [-107.86035367585887, 39.03875680607739, 0.0], [-107.8603206097421, 39.03873260603895, 0.0]]}, "properties": {"gnisidlabel": "West Fork Bonita Surface Creek", "featuretypelabel": "Channel Line", "huc12": "140200050111"}}, {"type": "Feature", "geometry": {"type": "LineString", "coordinates": [[-107.7860366099772, 39.05163367283683, 0.0], [-107.78592067688221, 39.05155100597211, 0.0], [-107.78555980957599, 39.05136140654062, 0.0], [-107.78544601009165, 39.05124240599465, 0.0], [-107.78530061057235, 39.05110167304914, 0.0]]}, "properties": {"gnisidlabel": null, "featuretypelabel": "Channel Line", "huc12": "140200050111"}}, {"type": "Feature", "geometry": {"type": "LineString", "coordinates": [[-107.79058747618473, 39.0398264052568, 0.0], [-107.7906884099843, 39.0397518727466, 0.0], [-107.79084401001563, 39.03959500540851, 0.0], [-107.79091947590963, 39.03945807222392, 0.0], [-107.79099241050648, 39.039258205507, 0.0], [-107.79105387549625, 39.039058473768684, 0.0], [-107.7911044765442, 39.03887707345092, 0.0], [-107.79121427541453, 39.038730273680066, 0.0], [-107.7913006093105, 39.038575073557524, 0.0], [-107.7913410755833, 39.03843000618166, 0.0], [-107.79131327643175, 39.038313605424754, 0.0], [-107.79123981067792, 39.03820720558409, 0.0], [-107.79117580964177, 39.03804647326988, 0.0], [-107.79110947544345, 39.03783187300581, 0.0], [-107.7910788098011, 39.03763440514559, 0.0], [-107.79108141006795, 39.03740907290382, 0.0], [-107.79108967548764, 39.03732780595931, 0.0], [-107.7910966763268, 39.03721060599225, 0.0], [-107.79110920997819, 39.03694000582795, 0.0], [-107.79113420992336, 39.03669607306745, 0.0], [-107.79124107552336, 39.036477406091784, 0.0], [-107.79130260941358, 39.036277672538134, 0.0], [-107.79137407568192, 39.036176738688425, 0.0]]}, "properties": {"gnisidlabel": "Beaver Creek", "featuretypelabel": "Channel Line", "huc12": "140200050111"}}, {"type": "Feature", "geometry": {"type": "LineString", "coordinates": [[-107.85837667571388, 39.030408806139825, 0.0], [-107.85834667578797, 39.03023840658286, 0.0], [-107.8583070758886, 39.03011320530359, 0.0], [-107.85828941041609, 39.029960473428446, 0.0], [-107.85826047617778, 39.02981707280764, 0.0], [-107.85826807584921, 39.02971780578973, 0.0], [-107.85832141035857, 39.0296084064257, 0.0], [-107.85839667597382, 39.02947140625119, 0.0], [-107.85843747654572, 39.02933520622836, 0.0], [-107.85845500943897, 39.02919967322088, 0.0], [-107.85842687557624, 39.02907420607498, 0.0], [-107.85835441011518, 39.02899487275901, 0.0], [-107.8582922753849, 39.02888840688756, 0.0], [-107.85825341011244, 39.0287812054839, 0.0], [-107.85824867675218, 39.0286642058361, 0.0], [-107.8582788760964, 39.0285552729219, 0.0], [-107.8583542755131, 39.02841840552375, 0.0], [-107.8584544760403, 39.02832580623466, 0.0], [-107.85854387605299, 39.02825160590528, 0.0], [-107.85866821075226, 39.028185472982145, 0.0], [-107.85879200973268, 39.02810127296456, 0.0], [-107.85891487555737, 39.027999205692616, 0.0], [-107.85896861004323, 39.02789880609794, 0.0], [-107.85899847706563, 39.02778100551781, 0.0], [-107.8589936760846, 39.02766387332516, 0.0], [-107.85898747599407, 39.02751100622952, 0.0], [-107.85904741064863, 39.02727520552998, 0.0], [-107.85913307503978, 39.027111005779595, 0.0], [-107.85927660998952, 39.0269452728284, 0.0], [-107.8593522768636, 39.02681727297831, 0.0], [-107.8593934102853, 39.02669020585472, 0.0], [-107.8594240105145, 39.02659027268676, 0.0], [-107.85939741021234, 39.026500872475424, 0.0], [-107.85940341000278, 39.026365606024164, 0.0], [-107.85942141096128, 39.02623907304424, 0.0], [-107.85944940988661, 39.0260762057425, 0.0], [-107.85948840971841, 39.02589500555855, 0.0], [-107.85957307644968, 39.02570380575036, 0.0], [-107.85960441001005, 39.02562187338553, 0.0]]}, "properties": {"gnisidlabel": "Milk Creek", "featuretypelabel": "Channel Line", "huc12": "140200050111"}}, {"type": "Feature", "geometry": {"type": "LineString", "coordinates": [[-107.82836007627306, 39.02733767240627, 0.0], [-107.8280186100564, 39.02693853921096, 0.0], [-107.8273588094316, 39.026359738601236, 0.0], [-107.82673414259236, 39.025780738786025, 0.0], [-107.82626541046866, 39.025310738559206, 0.0], [-107.82598027574383, 39.02491127274351, 0.0], [-107.82564461040755, 39.02435273888485, 0.0], [-107.8253104758928, 39.02398647270352, 0.0], [-107.82514680950943, 39.02378407252107, 0.0], [-107.82486387507012, 39.023638939323284, 0.0]]}, "properties": {"gnisidlabel": null, "featuretypelabel": "Channel Line", "huc12": "140200050111"}}, {"type": "Feature", "geometry": {"type": "LineString", "coordinates": [[-107.86098480985014, 39.06621073892971, 0.0], [-107.8612247431844, 39.06625333903178, 0.0], [-107.86150700920409, 39.06630673858377, 0.0], [-107.86195934329699, 39.066458072980524, 0.0], [-107.86264527547081, 39.06673440619088, 0.0], [-107.86305594362156, 39.06695733843449, 0.0], [-107.86350300934028, 39.067306339209836, 0.0], [-107.86378107622646, 39.067661872903436, 0.0], [-107.86451694249604, 39.068003805574584, 0.0], [-107.86546514290153, 39.06838327278937, 0.0]]}, "properties": {"gnisidlabel": null, "featuretypelabel": "Channel Line", "huc12": "140200050111"}}, {"type": "Feature", "geometry": {"type": "LineString", "coordinates": [[-107.77476534238521, 39.03667347287834, 0.0], [-107.77478040973301, 39.03679980548614, 0.0], [-107.77483320990828, 39.03724447347107, 0.0], [-107.77495680964388, 39.037732738194, 0.0], [-107.7752629433101, 39.03815420636925, 0.0], [-107.77558867584365, 39.038377872676044, 0.0], [-107.77607621018156, 39.03857880574525, 0.0], [-107.77637387713948, 39.038808073437906, 0.0], [-107.77696580992584, 39.03907507315282, 0.0]]}, "properties": {"gnisidlabel": null, "featuretypelabel": "Channel Line", "huc12": "140200050111"}}, {"type": "Feature", "geometry": {"type": "LineString", "coordinates": [[-107.89260334264452, 39.04557053898699, 0.0], [-107.89215981022487, 39.04563213925384, 0.0], [-107.89176574267782, 39.045715538973155, 0.0], [-107.89137821046292, 39.04567813888526, 0.0], [-107.89080707562003, 39.04555880660722, 0.0], [-107.89073261041044, 39.04557040587293, 0.0]]}, "properties": {"gnisidlabel": null, "featuretypelabel": "Channel Line", "huc12": "140200050111"}}, {"type": "Feature", "geometry": {"type": "LineString", "coordinates": [[-107.82338547538664, 39.00069360587537, 0.0], [-107.82338267622579, 39.00062160658634, 0.0], [-107.82342461091685, 39.00051240659146, 0.0], [-107.82347867550618, 39.000421005705064, 0.0], [-107.82359221019775, 39.00037320614602, 0.0], [-107.82372881000107, 39.00032487304248, 0.0], [-107.82381927561143, 39.00027760589573, 0.0]]}, "properties": {"gnisidlabel": null, "featuretypelabel": "Canal", "huc12": "140200050111"}}, {"type": "Feature", "geometry": {"type": "LineString", "coordinates": [[-107.91065967685614, 38.85489340584096, 0.0], [-107.91074200994778, 38.854927406678996, 0.0], [-107.9111098099508, 38.85497680591203, 0.0], [-107.91190407571374, 38.85506047298645, 0.0], [-107.91204227633504, 38.85506607325317, 0.0], [-107.91216207498638, 38.855036006145156, 0.0], [-107.91220361094243, 38.854963006000084, 0.0], [-107.91217507555078, 38.8548194736737, 0.0], [-107.91218387563596, 38.85477427352994, 0.0], [-107.91222627577851, 38.85473707282225, 0.0], [-107.9123618099958, 38.85467067290986, 0.0], [-107.9123926753665, 38.854638405985355, 0.0], [-107.91240127639121, 38.854570606106925, 0.0], [-107.91237960997013, 38.85440900676342, 0.0], [-107.91240647617622, 38.8543496727516, 0.0], [-107.91246947648231, 38.854312072271924, 0.0], [-107.91265867645161, 38.854266872516895, 0.0], [-107.91278047639611, 38.85416027314529, 0.0], [-107.91300927701288, 38.85413647288522, 0.0], [-107.91318700978884, 38.85406900608391, 0.0], [-107.91325580980894, 38.85398180596022, 0.0], [-107.9132856764371, 38.85388180643913, 0.0], [-107.9132938753217, 38.853760072864496, 0.0], [-107.91332207545496, 38.85371427302682, 0.0], [-107.91344501015567, 38.8536166059839, 0.0], [-107.91362467534331, 38.85354007310172, 0.0], [-107.91367460914925, 38.85348927377524, 0.0], [-107.91371567612805, 38.853384672854524, 0.0], [-107.91358107642547, 38.85312680602997, 0.0], [-107.91357187632684, 38.85302787275882, 0.0], [-107.91379887595734, 38.852675406111445, 0.0], [-107.91399487599537, 38.85225600622809, 0.0], [-107.91407560958955, 38.852118873028026, 0.0], [-107.91426967537258, 38.8519924053395, 0.0], [-107.91427427597097, 38.8519516730105, 0.0], [-107.91423800949315, 38.851849073300606, 0.0], [-107.91425607604378, 38.851727006755425, 0.0], [-107.91432421015254, 38.85165320564269, 0.0], [-107.91445261002222, 38.85157787245308, 0.0], [-107.91467187585567, 38.851554406251196, 0.0], [-107.91482367574207, 38.851492073034, 0.0], [-107.91522047555618, 38.85118940537219, 0.0], [-107.91545860909265, 38.851097805499336, 0.0], [-107.91565807657199, 38.85105680578963, 0.0], [-107.9157172099099, 38.8509786728615, 0.0], [-107.91573760942342, 38.85082060609763, 0.0]]}, "properties": {"gnisidlabel": null, "featuretypelabel": "Channel Line", "huc12": "140200050105"}}, {"type": "Feature", "geometry": {"type": "LineString", "coordinates": [[-107.8728178101113, 39.02021587295781, 0.0], [-107.87266161031673, 39.02006647305489, 0.0], [-107.87251547614744, 39.0198810061598, 0.0], [-107.8724166104583, 39.019721272289104, 0.0], [-107.8723164095549, 39.01952547323117, 0.0], [-107.87221487532165, 39.01930280617767, 0.0], [-107.87209327630579, 39.01915267266395, 0.0], [-107.87194721070304, 39.01896707266998, 0.0], [-107.87177767658179, 39.01877307325205, 0.0], [-107.8715508102753, 39.018589405751946, 0.0], [-107.87135900935871, 39.018414006392014, 0.0], [-107.87113067593506, 39.01819440589385, 0.0], [-107.87097261041258, 39.01800007319065, 0.0], [-107.87086261011025, 39.0178496057763, 0.0], [-107.8707630759507, 39.01767187251403, 0.0], [-107.87066460989706, 39.01752120550804, 0.0], [-107.87054267599773, 39.01736200647709, 0.0], [-107.87035227570658, 39.017222473387484, 0.0], [-107.8701044766533, 39.01709360550205, 0.0], [-107.86983367613503, 39.01696500518221, 0.0], [-107.8695878105709, 39.016881006369935, 0.0], [-107.86931907623183, 39.016806472625866, 0.0], [-107.86908547633347, 39.016740272523236, 0.0], [-107.86878367617825, 39.01670260618673, 0.0], [-107.86849307628553, 39.0166556724893, 0.0], [-107.86822561034118, 39.01660820575715, 0.0], [-107.86793320930666, 39.016516272825825, 0.0], [-107.86765187628006, 39.01641507320577, 0.0], [-107.86738121056268, 39.016286606098944, 0.0], [-107.8670994765978, 39.01617647267564, 0.0], [-107.8668766756452, 39.01609180613896, 0.0], [-107.86669847594646, 39.015970073069674, 0.0], [-107.86660047593082, 39.01582840536408, 0.0], [-107.86653687587928, 39.01568580603484, 0.0], [-107.86640241077664, 39.015499872897415, 0.0], [-107.86626887594888, 39.01534100579862, 0.0], [-107.86607707568038, 39.015165473032425, 0.0], [-107.86589927599591, 39.015052805382645, 0.0], [-107.86573300902964, 39.014939806177296, 0.0], [-107.86553080897252, 39.01479160642167, 0.0], [-107.86536487547484, 39.014687605647104, 0.0], [-107.86522281011182, 39.014601006169585, 0.0], [-107.86507967548336, 39.01448740586523, 0.0], [-107.86500707617799, 39.01440800586481, 0.0]]}, "properties": {"gnisidlabel": null, "featuretypelabel": "Channel Line", "huc12": "140200050111"}}, {"type": "Feature", "geometry": {"type": "LineString", "coordinates": [[-107.79467234207812, 39.0357914733188, 0.0], [-107.79467960928632, 39.03579127384239, 0.0], [-107.79487401032357, 39.03574167246225, 0.0], [-107.79507961043538, 39.03568267330848, 0.0], [-107.79527327547025, 39.03561500592299, 0.0], [-107.79541867644706, 39.03549440627368, 0.0], [-107.79553640964355, 39.035396872903725, 0.0], [-107.79557527527133, 39.03536447384313, 0.0], [-107.79572101010771, 39.03525280551176, 0.0], [-107.79583341021372, 39.035119472522865, 0.0], [-107.79585347633129, 39.035096605461085, 0.0], [-107.7959636101852, 39.034958805963484, 0.0], [-107.79611947695686, 39.034810805583724, 0.0], [-107.79619461003354, 39.03466487250679, 0.0], [-107.79624880977255, 39.03457347346009, 0.0], [-107.79667541087615, 39.034554273165774, 0.0], [-107.79811447647683, 39.03414140601758, 0.0], [-107.79887301006013, 39.03404207316591, 0.0], [-107.80020027549716, 39.033721872830924, 0.0], [-107.80464547632965, 39.033380672762476, 0.0], [-107.8055154103913, 39.03317967331719, 0.0], [-107.80728727639928, 39.03300180610711, 0.0], [-107.80790761086594, 39.032914872928096, 0.0], [-107.80814927610957, 39.03289100561865, 0.0], [-107.80860801082925, 39.03280787284447, 0.0], [-107.80907747572155, 39.03270647328662, 0.0], [-107.80934080983718, 39.03264600635112, 0.0], [-107.80961420936053, 39.032549405958186, 0.0], [-107.81123081065412, 39.03195187315674, 0.0], [-107.81382387538906, 39.03122260629103, 0.0], [-107.8184750765213, 39.03084000605656, 0.0], [-107.81909247558019, 39.0307912729799, 0.0], [-107.81909981057277, 39.03079067304708, 0.0], [-107.81962660938343, 39.03074907348982, 0.0], [-107.82274707554477, 39.03013953906018, 0.0], [-107.82275574362326, 39.03013787237708, 0.0], [-107.83007680980243, 39.02870747365825, 0.0], [-107.8308272759646, 39.02855860606311, 0.0], [-107.83150600948788, 39.0284294735892, 0.0], [-107.83420521087785, 39.02789987251822, 0.0], [-107.84129327633929, 39.02607867315175, 0.0], [-107.8453630109803, 39.025033406066264, 0.0], [-107.8465294759013, 39.02474380577523, 0.0], [-107.84867887580528, 39.02419567306659, 0.0], [-107.8523320759641, 39.02227620626424, 0.0], [-107.85237254329058, 39.02225493945962, 0.0], [-107.85743514204151, 39.01959447295873, 0.0], [-107.85754667620748, 39.01953587313345, 0.0], [-107.85797560938097, 39.01931047294482, 0.0]]}, "properties": {"gnisidlabel": null, "featuretypelabel": "Hydro Unenforced Connector", "huc12": "140200050111"}}, {"type": "Feature", "geometry": {"type": "LineString", "coordinates": [[-107.82440967550903, 39.053102006115836, 0.0], [-107.82456081024694, 39.053125406102275, 0.0], [-107.82473327697166, 39.0531032060032, 0.0], [-107.8249518765807, 39.05307980627374, 0.0], [-107.82511321039931, 39.05306687277011, 0.0], [-107.82529881065474, 39.05308947320322, 0.0], [-107.82553121028448, 39.05311987377612, 0.0], [-107.8257406762413, 39.053159805635524, 0.0], [-107.82595040976345, 39.05319980630164, 0.0], [-107.82614801100402, 39.05323107289639, 0.0], [-107.82639227584423, 39.053270205597364, 0.0], [-107.8266138091348, 39.053318806245336, 0.0], [-107.8268690761009, 39.05334860622831, 0.0], [-107.82700827592265, 39.053363272722564, 0.0], [-107.8271586764103, 39.053368672744035, 0.0], [-107.82729661035142, 39.05334727237091, 0.0], [-107.8274790764219, 39.05328887252198, 0.0], [-107.82762447659333, 39.0531682061127, 0.0], [-107.82784947686858, 39.053018606239775, 0.0], [-107.82801727555672, 39.05287940667494, 0.0], [-107.82815187559358, 39.052777006180946, 0.0], [-107.82821567625017, 39.05264027339845, 0.0], [-107.82829147591377, 39.052512406111326, 0.0], [-107.82832080995475, 39.05237647281885, 0.0], [-107.82831427604849, 39.05221447223966, 0.0], [-107.82833307617345, 39.05210600625625, 0.0], [-107.82839727678963, 39.0519782726597, 0.0], [-107.82850847612471, 39.05186740639346, 0.0], [-107.82865600940737, 39.0518008057757, 0.0], [-107.828805009797, 39.051770206230174, 0.0], [-107.82893047597568, 39.05173107330096, 0.0], [-107.82900801057129, 39.05164807236819, 0.0], [-107.82905027582464, 39.0515480059978, 0.0], [-107.82905767605583, 39.051493806633616, 0.0]]}, "properties": {"gnisidlabel": null, "featuretypelabel": "Channel Line", "huc12": "140200050111"}}, {"type": "Feature", "geometry": {"type": "LineString", "coordinates": [[-107.81290789109951, 39.06236157885784, 0.0], [-107.81287861583388, 39.0623918963286, 0.0], [-107.8128747727802, 39.062424552143824, 0.0], [-107.8128248062243, 39.062431689792774, 0.0], [-107.81264396620841, 39.062400757545525, 0.0], [-107.81249168031847, 39.06242217276872, 0.0], [-107.81236319047224, 39.06244834682501, 0.0], [-107.81220614550476, 39.06248165941269, 0.0], [-107.81205148088341, 39.062534007135056, 0.0], [-107.81190395435858, 39.06262204816416, 0.0], [-107.81179687697473, 39.062664877874944, 0.0], [-107.81162793571139, 39.0627077082709, 0.0], [-107.81153751796627, 39.06275053758118, 0.0], [-107.81134478169503, 39.06281240383546, 0.0], [-107.81117583907935, 39.06286951108884, 0.0], [-107.81105210699137, 39.06290996172395, 0.0], [-107.81099261967874, 39.06293851474503, 0.0], [-107.81087364745052, 39.062986105325805, 0.0], [-107.81080940074635, 39.063052729809705, 0.0], [-107.81073325817893, 39.06311221596944, 0.0], [-107.81066901403852, 39.06315028716705, 0.0], [-107.81058097294093, 39.06315504671429, 0.0], [-107.81043582598231, 39.06310507808435, 0.0], [-107.8103644423357, 39.06313601049536, 0.0], [-107.8103192329638, 39.06316456387557, 0.0], [-107.81023119378504, 39.063219290675995, 0.0], [-107.81012649622816, 39.06326212273826, 0.0], [-107.81003607664923, 39.063314470761775, 0.0], [-107.80997421061623, 39.06335730135145, 0.0], [-107.80992900044045, 39.063435823068176, 0.0], [-107.80988854938748, 39.06349530838925, 0.0], [-107.80984334085633, 39.06359286696972, 0.0], [-107.80983382119432, 39.06366187218746, 0.0], [-107.80980288987801, 39.063766567567626, 0.0], [-107.80979099255664, 39.063854608489386, 0.0], [-107.80975767999153, 39.063902198216624, 0.0], [-107.80966963987366, 39.06395454624801, 0.0], [-107.80956018580706, 39.06403306727309, 0.0], [-107.80948879995248, 39.06409255416581, 0.0], [-107.80938648406398, 39.064168697524465, 0.0], [-107.80925323389518, 39.064228182958296, 0.0], [-107.80911760526405, 39.06426625440819, 0.0], [-107.80899863219132, 39.064290049432884, 0.0], [-107.8089486619872, 39.06430908462306, 0.0], [-107.80887489982416, 39.06436619239239, 0.0], [-107.80878448067774, 39.06440902323761, 0.0], [-107.80872499350167, 39.06443757601796, 0.0], [-107.80869643952417, 39.0644804066072, 0.0], [-107.80868216380823, 39.06451133898597, 0.0], [-107.80865598985115, 39.06458510319143, 0.0], [-107.80861400058129, 39.06469707921228, 0.0], [-107.80855204853704, 39.06479726699339, 0.0], [-107.8085070763366, 39.06498200586188, 0.0]]}, "properties": {"gnisidlabel": null, "featuretypelabel": "Canal", "huc12": "140200050111"}}, {"type": "Feature", "geometry": {"type": "LineString", "coordinates": [[-107.79136127684737, 39.04262140526018, 0.0], [-107.79134320940206, 39.04259220627328, 0.0], [-107.79123260982985, 39.042423606333706, 0.0], [-107.79115807544096, 39.04229027252146, 0.0], [-107.79105900984162, 39.0421214727529, 0.0], [-107.7909498091465, 39.04198900680524, 0.0], [-107.7908668097422, 39.04193687329038, 0.0], [-107.79073741007514, 39.04187687234065, 0.0], [-107.7906318092412, 39.04183440602345, 0.0]]}, "properties": {"gnisidlabel": "Beaver Creek", "featuretypelabel": "Channel Line", "huc12": "140200050111"}}, {"type": "Feature", "geometry": {"type": "LineString", "coordinates": [[-107.88476194302423, 39.04188347293511, 0.0], [-107.8854180761919, 39.04213440618461, 0.0], [-107.88591201021369, 39.04235287253457, 0.0], [-107.88636447687344, 39.04273620608859, 0.0], [-107.88659287585892, 39.0430288061405, 0.0]]}, "properties": {"gnisidlabel": null, "featuretypelabel": "Channel Line", "huc12": "140200050111"}}, {"type": "Feature", "geometry": {"type": "LineString", "coordinates": [[-107.88573121047824, 39.04547360571842, 0.0], [-107.88568420907657, 39.04550180618712, 0.0], [-107.88552600984914, 39.04558667287733, 0.0], [-107.88530027666516, 39.04571840548665, 0.0], [-107.88508540963255, 39.04583187246585, 0.0], [-107.8848444760404, 39.04587387342227, 0.0], [-107.88468481032602, 39.045922872990616, 0.0], [-107.88448920983937, 39.04594580532935, 0.0], [-107.8842584108273, 39.04595147355656, 0.0], [-107.88406187571259, 39.0459472736579, 0.0], [-107.88391067601364, 39.04592407246496, 0.0], [-107.88375920951685, 39.045891672372505, 0.0], [-107.88365607547627, 39.0459122728403, 0.0], [-107.88356561087666, 39.04595960537964, 0.0], [-107.88343067623147, 39.04605300612319, 0.0], [-107.88328480989206, 39.046155805904476, 0.0], [-107.88311627626827, 39.046277005733494, 0.0], [-107.88299200976282, 39.04634320631262, 0.0], [-107.88284407620468, 39.04640087250403, 0.0], [-107.88269367595369, 39.04639560652154, 0.0], [-107.88250761044814, 39.04636420658843, 0.0], [-107.88234381009349, 39.04631420631922, 0.0], [-107.8822038758724, 39.04628147302981, 0.0], [-107.88209960913863, 39.046275072507086, 0.0], [-107.88198500975116, 39.046296006404035, 0.0], [-107.88182627613557, 39.04637200576761, 0.0], [-107.88168060912326, 39.04648367332107, 0.0], [-107.88158947636208, 39.04651300574621, 0.0], [-107.88145047668628, 39.04650740580998, 0.0], [-107.88124321033797, 39.04652160594452, 0.0], [-107.88100147657187, 39.04654560545562, 0.0], [-107.88081767633041, 39.04656807326833, 0.0], [-107.88064520975406, 39.04659040658598, 0.0], [-107.880509209405, 39.04665680540008, 0.0], [-107.88035127669932, 39.046750806214376, 0.0], [-107.88019447673219, 39.04687180556544, 0.0], [-107.88010661033105, 39.046982072378114, 0.0], [-107.87998441078615, 39.0471022730925, 0.0], [-107.87991907567871, 39.04720287223723, 0.0], [-107.87986507641001, 39.04729440572373, 0.0], [-107.87982067608193, 39.04734047272848, 0.0], [-107.87976367583676, 39.04735987298013, 0.0], [-107.87969527576995, 39.047379606250324, 0.0]]}, "properties": {"gnisidlabel": null, "featuretypelabel": "Channel Line", "huc12": "140200050111"}}, {"type": "Feature", "geometry": {"type": "LineString", "coordinates": [[-107.7865510109489, 39.04117520567161, 0.0], [-107.78685914384752, 39.04095327271153, 0.0]]}, "properties": {"gnisidlabel": null, "featuretypelabel": "Waterbody Connector", "huc12": "140200050111"}}, {"type": "Feature", "geometry": {"type": "LineString", "coordinates": [[-107.8583906105048, 39.03103907237615, 0.0], [-107.85843887566242, 39.03072580541785, 0.0]]}, "properties": {"gnisidlabel": "Milk Creek", "featuretypelabel": "Waterbody Connector", "huc12": "140200050111"}}, {"type": "Feature", "geometry": {"type": "LineString", "coordinates": [[-107.84127307587026, 39.02009720585109, 0.0], [-107.84125840957539, 39.02001640569002, 0.0], [-107.84122907651994, 39.01986387293762, 0.0], [-107.84117687652471, 39.01971207232007, 0.0], [-107.84109127613975, 39.01959707316003, 0.0], [-107.84094821058557, 39.01948347271267, 0.0], [-107.84076001000112, 39.019397872974494, 0.0], [-107.84060687601136, 39.01932060576369, 0.0], [-107.84041967580092, 39.019262072982066, 0.0], [-107.84025487600996, 39.01918500578445, 0.0], [-107.84017020979958, 39.019088005677006, 0.0], [-107.84010961062488, 39.019017272270524, 0.0], [-107.84009300910982, 39.01889167312185, 0.0], [-107.84006487594998, 39.01876620538475, 0.0], [-107.83995567595807, 39.01863367311847, 0.0], [-107.83981221006508, 39.01851107285306, 0.0], [-107.83963547655847, 39.01842527294747, 0.0], [-107.83943607585138, 39.01834907267844, 0.0], [-107.83919127528783, 39.01829200582057, 0.0], [-107.83897027611849, 39.01825227318112, 0.0], [-107.83878467579964, 39.01822980597228, 0.0], [-107.83862281068515, 39.01822467308725, 0.0], [-107.83845047538698, 39.01824700666597, 0.0], [-107.83830080928571, 39.01825960602009, 0.0], [-107.83820860903575, 39.01826180596952, 0.0], [-107.83812601026119, 39.01821880626833, 0.0], [-107.83799541052234, 39.018131872450354, 0.0], [-107.83786387569265, 39.01801800536701, 0.0], [-107.8376756750239, 39.017932472598694, 0.0], [-107.8375098752657, 39.0178284059185, 0.0], [-107.83731980984203, 39.01769787286322, 0.0], [-107.83719901008018, 39.01756567340593, 0.0], [-107.83706601014913, 39.01741580586836, 0.0], [-107.83702667577765, 39.017299672992145, 0.0], [-107.83696287591363, 39.01714800576781, 0.0], [-107.83694407652759, 39.01696827300407, 0.0], [-107.8368936758196, 39.0168614058051, 0.0], [-107.83675927619971, 39.016675472798624, 0.0], [-107.83662481067459, 39.01648960609209, 0.0], [-107.83650367645777, 39.01634840586786, 0.0], [-107.83638440889608, 39.01625220609536, 0.0], [-107.83631107631315, 39.0161548731972, 0.0], [-107.83627407575317, 39.01609267340227, 0.0], [-107.83622601067333, 39.016048806798345, 0.0], [-107.83609587649397, 39.015970872941054, 0.0], [-107.83595207581506, 39.01583927314696, 0.0], [-107.83580747611745, 39.01568960608996, 0.0], [-107.83571127614309, 39.015592873239996, 0.0], [-107.83568427663724, 39.01549440556724, 0.0], [-107.83568061005084, 39.015404406330816, 0.0], [-107.83566627571524, 39.01533267293632, 0.0], [-107.83564101074901, 39.01527927303629, 0.0], [-107.83553507627137, 39.015227805730746, 0.0], [-107.83535907562229, 39.015160005647765, 0.0], [-107.83519427686505, 39.01508287336372, 0.0], [-107.83507641030853, 39.015022673307215, 0.0], [-107.83498087526799, 39.014944005662734, 0.0], [-107.83488467594589, 39.014847205409744, 0.0], [-107.83474187561205, 39.014742606791614, 0.0], [-107.83462480998755, 39.014700405738196, 0.0], [-107.8344502105135, 39.01466860537895, 0.0], [-107.83428661032696, 39.014618473316006, 0.0], [-107.83411000993914, 39.01453267233591, 0.0], [-107.83392041096552, 39.01441120593859, 0.0], [-107.83373040892607, 39.014280672424775, 0.0], [-107.83356487579621, 39.01418560603895, 0.0], [-107.83341240995343, 39.01412620565, 0.0], [-107.83329561090277, 39.014093005781596, 0.0], [-107.83309727629316, 39.014043806346194, 0.0], [-107.83290041050768, 39.01403060518931, 0.0], [-107.8327490097612, 39.01399820602427, 0.0]]}, "properties": {"gnisidlabel": "Surface Creek", "featuretypelabel": "Channel Line", "huc12": "140200050111"}}, {"type": "Feature", "geometry": {"type": "LineString", "coordinates": [[-107.82091427610297, 39.01523713849843, 0.0], [-107.82093827596889, 39.015212472921725, 0.0], [-107.82098201029461, 39.01516640625218, 0.0], [-107.82110500982913, 39.01506440573532, 0.0], [-107.82123040969464, 39.01502527339181, 0.0], [-107.82137687518266, 39.0149316065018, 0.0], [-107.82147741021731, 39.01484820615045, 0.0], [-107.82158640969219, 39.01468327255919, 0.0], [-107.82169567563643, 39.01452760633162, 0.0], [-107.82177141060966, 39.014399605854095, 0.0], [-107.82190381033385, 39.014243205565045, 0.0], [-107.82201487573114, 39.01413240648584, 0.0], [-107.8221724101943, 39.014029473317365, 0.0]]}, "properties": {"gnisidlabel": "Marcott Creek", "featuretypelabel": "Channel Line", "huc12": "140200050111"}}, {"type": "Feature", "geometry": {"type": "LineString", "coordinates": [[-107.81373780952748, 39.0470988065214, 0.0], [-107.81360827651879, 39.04703887337914, 0.0], [-107.81348967567294, 39.0469606734437, 0.0], [-107.81334687641103, 39.04685600614597, 0.0], [-107.81319147706333, 39.04672460583832, 0.0], [-107.81309461034603, 39.04660980601635, 0.0], [-107.81301021000752, 39.046521672816915, 0.0], [-107.81294781035508, 39.046406206687436, 0.0], [-107.81289407684075, 39.04621820600809, 0.0], [-107.81290941014328, 39.04601967252531, 0.0], [-107.8129368096737, 39.04583887305793, 0.0], [-107.8129772767893, 39.045693673551035, 0.0], [-107.81301741022128, 39.045539605491555, 0.0], [-107.81298721006871, 39.04536020618632, 0.0], [-107.8129702754749, 39.0452254065829, 0.0], [-107.81294221082777, 39.04510000625992, 0.0], [-107.81290140957923, 39.04494780608058, 0.0], [-107.81286007583245, 39.04477767275448, 0.0], [-107.81278507681593, 39.0446352060244, 0.0], [-107.81270001070382, 39.04452920569368, 0.0], [-107.81265127646569, 39.04446740604444, 0.0]]}, "properties": {"gnisidlabel": null, "featuretypelabel": "Channel Line", "huc12": "140200050111"}}, {"type": "Feature", "geometry": {"type": "LineString", "coordinates": [[-107.84805014266769, 39.05645620554092, 0.0], [-107.84767954317839, 39.05563447358085, 0.0]]}, "properties": {"gnisidlabel": "Bonita Creek", "featuretypelabel": "Waterbody Connector", "huc12": "140200050111"}}, {"type": "Feature", "geometry": {"type": "LineString", "coordinates": [[-107.83025567614877, 38.99615880529268, 0.0], [-107.83026047532306, 38.9961574725632, 0.0], [-107.83081887630917, 38.996008805516716, 0.0], [-107.83166960966369, 38.9959160730953, 0.0], [-107.83205061033844, 38.99591580594094, 0.0], [-107.8325698761308, 38.99591220621768, 0.0], [-107.83322620997706, 38.99586920640642, 0.0], [-107.83395827508852, 38.995986473565694, 0.0], [-107.83484987597834, 38.99634327328179, 0.0], [-107.8354134098806, 38.99654120685196, 0.0]]}, "properties": {"gnisidlabel": null, "featuretypelabel": "Channel Line", "huc12": "140200050111"}}, {"type": "Feature", "geometry": {"type": "LineString", "coordinates": [[-107.86432407660023, 39.068632406026644, 0.0], [-107.86448407617989, 39.06863747359569, 0.0], [-107.86474721055161, 39.068567872770494, 0.0], [-107.86504407635083, 39.06847960611555, 0.0], [-107.86524967646949, 39.06842040611132, 0.0], [-107.86546420988726, 39.06838360564056, 0.0], [-107.86546514290153, 39.06838327278937, 0.0]]}, "properties": {"gnisidlabel": null, "featuretypelabel": "Channel Line", "huc12": "140200050111"}}, {"type": "Feature", "geometry": {"type": "LineString", "coordinates": [[-107.93414467539326, 38.849431272687866, 0.0], [-107.93421147584844, 38.84920440566694, 0.0], [-107.93430161090018, 38.84879680602875, 0.0], [-107.93436360982557, 38.84834920635959, 0.0], [-107.93448667585959, 38.84713887294323, 0.0], [-107.93458007611456, 38.84675820638501, 0.0]]}, "properties": {"gnisidlabel": "Alfalfa Ditch", "featuretypelabel": "Canal", "huc12": "140200050105"}}, {"type": "Feature", "geometry": {"type": "LineString", "coordinates": [[-107.92872900963958, 38.87940107291837, 0.0], [-107.92876761031515, 38.87921987304061, 0.0], [-107.9288164105432, 38.87900247291327, 0.0], [-107.92888060955528, 38.878883672892975, 0.0], [-107.92892147632739, 38.87875660536773, 0.0], [-107.92891367671662, 38.8785676062077, 0.0], [-107.92885140919621, 38.87845200596628, 0.0], [-107.92881320993875, 38.878362872764775, 0.0], [-107.92876340909403, 38.878274073103036, 0.0], [-107.92872660991566, 38.87823447329091, 0.0], [-107.92871507647556, 38.8782212060042, 0.0], [-107.92872101058992, 38.8781534722364, 0.0], [-107.92871661041167, 38.878131006062304, 0.0], [-107.92871767663942, 38.87800487274248, 0.0], [-107.92870361019436, 38.87794220587145, 0.0], [-107.92867387613069, 38.877920472881094, 0.0], [-107.92863227544629, 38.877889872850034, 0.0], [-107.92857327506364, 38.87785540591267, 0.0], [-107.92849161047668, 38.87783040600283, 0.0], [-107.92842181009169, 38.87781407315135, 0.0], [-107.92840700920198, 38.87773340661635, 0.0], [-107.92839140977581, 38.87763467359509, 0.0], [-107.92839807562288, 38.87751740605038, 0.0], [-107.92844967691767, 38.877372006153806, 0.0], [-107.92846387650962, 38.877155406064034, 0.0], [-107.92847947583097, 38.876956806011215, 0.0], [-107.92847607572884, 38.87693887329084, 0.0], [-107.92843987598329, 38.87675960666694, 0.0], [-107.9284892097505, 38.87665020607953, 0.0], [-107.92853080944012, 38.87654107346129, 0.0]]}, "properties": {"gnisidlabel": "Alfalfa Ditch", "featuretypelabel": "Canal", "huc12": "140200050105"}}, {"type": "Feature", "geometry": {"type": "LineString", "coordinates": [[-107.86745540961333, 39.0061226059629, 0.0], [-107.86741641013258, 39.00601540612059, 0.0], [-107.86733021054835, 39.00588240515761, 0.0], [-107.86724401021812, 39.005749405944435, 0.0], [-107.86711241019881, 39.00563547276593, 0.0], [-107.86701540988606, 39.00552067227591, 0.0]]}, "properties": {"gnisidlabel": null, "featuretypelabel": "Channel Line", "huc12": "140200050111"}}, {"type": "Feature", "geometry": {"type": "LineString", "coordinates": [[-107.88244420989655, 39.066068473180245, 0.0], [-107.88203507609354, 39.065979473079075, 0.0], [-107.88154167660419, 39.065879072709706, 0.0], [-107.88118880997519, 39.06580667337896, 0.0], [-107.88076200974841, 39.065715538950705, 0.0]]}, "properties": {"gnisidlabel": null, "featuretypelabel": "Channel Line", "huc12": "140200050111"}}, {"type": "Feature", "geometry": {"type": "LineString", "coordinates": [[-107.86946380966597, 39.0420734054323, 0.0], [-107.8693700108333, 39.04203967281269, 0.0], [-107.8692062099502, 39.04198967269271, 0.0], [-107.86903101070826, 39.04193987276247, 0.0], [-107.86877587682345, 39.041919205786186, 0.0], [-107.868739875847, 39.041920073048345, 0.0]]}, "properties": {"gnisidlabel": "West Fork Bonita Surface Creek", "featuretypelabel": "Channel Line", "huc12": "140200050111"}}, {"type": "Feature", "geometry": {"type": "LineString", "coordinates": [[-107.87166341079217, 39.03220840557142, 0.0], [-107.87148627578911, 39.03211360655001, 0.0], [-107.87128647608404, 39.0320284060857, 0.0], [-107.87112161036855, 39.03195147347749, 0.0], [-107.87093341023879, 39.03186600556762, 0.0], [-107.8707208761593, 39.03175407292896, 0.0], [-107.87057880999149, 39.031667605954844, 0.0], [-107.87037867606072, 39.031573406783075, 0.0], [-107.87021460991832, 39.03151440619871, 0.0], [-107.87006340976205, 39.03149100633397, 0.0], [-107.86986727602476, 39.03149580619846, 0.0], [-107.86964627648621, 39.03145620564823, 0.0], [-107.86943781111577, 39.031443273390785, 0.0], [-107.86929707575251, 39.03139280605339, 0.0], [-107.86914447520478, 39.031333473029584, 0.0], [-107.86895627678831, 39.03124800542278, 0.0], [-107.86883661037464, 39.031142873301164, 0.0], [-107.86868221049967, 39.0310384734242, 0.0], [-107.86853900970699, 39.030925005871936, 0.0], [-107.86838307623748, 39.030784672383476, 0.0], [-107.86821567542846, 39.030644606459106, 0.0], [-107.86802487591059, 39.03049607287308, 0.0], [-107.86790400959694, 39.03036400637701, 0.0], [-107.86779701055252, 39.03028547298606, 0.0], [-107.8676870105071, 39.03013507322915, 0.0], [-107.86758907625853, 39.0300024061218, 0.0], [-107.86746867531362, 39.02987920601878, 0.0], [-107.8673816766871, 39.029728206726865, 0.0], [-107.8672712756211, 39.0295686732203, 0.0], [-107.86719407615557, 39.02937240594701, 0.0], [-107.86709407570643, 39.02918567331433, 0.0], [-107.86699160978665, 39.02893600610174, 0.0], [-107.86689127555793, 39.02874027342363, 0.0], [-107.86684007533951, 39.02861540558705, 0.0], [-107.86679894301133, 39.02855600593101, 0.0]]}, "properties": {"gnisidlabel": null, "featuretypelabel": "Channel Line", "huc12": "140200050111"}}, {"type": "Feature", "geometry": {"type": "LineString", "coordinates": [[-107.85725460988418, 39.05329240648344, 0.0], [-107.85713420996609, 39.053169206213134, 0.0], [-107.85697720982729, 39.05300180523752, 0.0], [-107.85687787621889, 39.052833073221144, 0.0], [-107.85677827642179, 39.05265540625711, 0.0], [-107.85666861011055, 39.052513873098874, 0.0], [-107.85659794270133, 39.052421006039395, 0.0]]}, "properties": {"gnisidlabel": null, "featuretypelabel": "Channel Line", "huc12": "140200050111"}}, {"type": "Feature", "geometry": {"type": "LineString", "coordinates": [[-107.8557902767148, 39.037886672720155, 0.0], [-107.85596521020122, 39.03763907293501, 0.0]]}, "properties": {"gnisidlabel": null, "featuretypelabel": "Waterbody Connector", "huc12": "140200050111"}}, {"type": "Feature", "geometry": {"type": "LineString", "coordinates": [[-107.89388741071704, 39.052548272888544, 0.0], [-107.8926958764799, 39.053130605850406, 0.0], [-107.89220900994894, 39.053722873550214, 0.0]]}, "properties": {"gnisidlabel": null, "featuretypelabel": "Waterbody Connector", "huc12": "140200050111"}}, {"type": "Feature", "geometry": {"type": "LineString", "coordinates": [[-107.889062142817, 39.03948287302661, 0.0], [-107.88894327588902, 39.03967540578827, 0.0], [-107.88881067603444, 39.039966872325564, 0.0], [-107.88879041008029, 39.04016467334984, 0.0], [-107.88860107584885, 39.04035193901245, 0.0], [-107.88857120936518, 39.04040667325956, 0.0]]}, "properties": {"gnisidlabel": null, "featuretypelabel": "Channel Line", "huc12": "140200050111"}}, {"type": "Feature", "geometry": {"type": "LineString", "coordinates": [[-107.78127381026795, 39.04120700562765, 0.0], [-107.78165967620352, 39.041012872906805, 0.0], [-107.78236287610457, 39.04087213896863, 0.0], [-107.78282161012945, 39.040985273348575, 0.0], [-107.78354781018145, 39.041069672200784, 0.0], [-107.78423187674666, 39.04117620561507, 0.0], [-107.78447914354776, 39.041273873058245, 0.0], [-107.78497207565894, 39.04126053948903, 0.0], [-107.78538667609665, 39.04113767329056, 0.0], [-107.78582234348676, 39.04100920654658, 0.0], [-107.7862728767851, 39.040979538456135, 0.0], [-107.78646060959248, 39.0409342058575, 0.0]]}, "properties": {"gnisidlabel": null, "featuretypelabel": "Channel Line", "huc12": "140200050111"}}, {"type": "Feature", "geometry": {"type": "LineString", "coordinates": [[-107.78647114310432, 39.04178967351561, 0.0], [-107.78646440972486, 39.04161880628389, 0.0], [-107.78647101065161, 39.04149247281437, 0.0], [-107.78647827561609, 39.04138420647588, 0.0], [-107.7865086091653, 39.04127540572052, 0.0], [-107.7865510109489, 39.04117520567161, 0.0]]}, "properties": {"gnisidlabel": null, "featuretypelabel": "Channel Line", "huc12": "140200050111"}}, {"type": "Feature", "geometry": {"type": "LineString", "coordinates": [[-107.86682387666475, 39.00535427234493, 0.0], [-107.86676287635719, 39.0052748060221, 0.0], [-107.866665609468, 39.00515100639578, 0.0], [-107.86656641019965, 39.0049822723368, 0.0], [-107.86647867533856, 39.00481327340001, 0.0], [-107.8664130754825, 39.00461667253252, 0.0], [-107.86641547652117, 39.00439127263192, 0.0], [-107.86643060962409, 39.004192806438425, 0.0], [-107.86641107638165, 39.003995073719416, 0.0], [-107.86641567533572, 39.00382380610968, 0.0], [-107.86637280991742, 39.003617605654235, 0.0], [-107.8662850762075, 39.00344860558461, 0.0], [-107.86622267563591, 39.003333005877366, 0.0], [-107.86615880994941, 39.00318140620276, 0.0], [-107.86615120994585, 39.002992406112845, 0.0], [-107.86615481016882, 39.00279407301117, 0.0], [-107.86620447522981, 39.00259480643981, 0.0], [-107.86626640968527, 39.0024130066071, 0.0], [-107.86636040923888, 39.00216740586664, 0.0], [-107.86645221049498, 39.00186787273822, 0.0], [-107.86657747641908, 39.001540472576785, 0.0], [-107.86667041081245, 39.001268005946145, 0.0], [-107.86677560982021, 39.001013072737344, 0.0], [-107.86683567643281, 39.00078640601841, 0.0], [-107.86686340993812, 39.00061460545519, 0.0], [-107.86686987607294, 39.00048827283773, 0.0], [-107.8668514098519, 39.00031760569565, 0.0]]}, "properties": {"gnisidlabel": null, "featuretypelabel": "Channel Line", "huc12": "140200050111"}}, {"type": "Feature", "geometry": {"type": "LineString", "coordinates": [[-107.8816430758966, 38.99467360680218, 0.0], [-107.88148107682579, 38.99438027340077, 0.0], [-107.88128227613086, 38.994033872921754, 0.0], [-107.88100461074715, 38.99373440550836, 0.0], [-107.88074000972902, 38.99347060632999, 0.0], [-107.8806426106973, 38.99334687292611, 0.0], [-107.880617675658, 38.993302472992134, 0.0], [-107.88060507597746, 38.99327580603479, 0.0], [-107.88060141061501, 38.99318580594449, 0.0], [-107.88067007535658, 38.992886806820025, 0.0], [-107.88070707611494, 38.992660672669146, 0.0], [-107.880717410457, 38.99234507251811, 0.0], [-107.88066427632697, 38.99217520585224, 0.0], [-107.88062207591658, 38.99198707266795, 0.0], [-107.88059047556388, 38.99178067311262, 0.0], [-107.88057061097315, 38.991573872764505, 0.0], [-107.88057047675755, 38.991285672579494, 0.0], [-107.88055127651124, 38.99109700528507, 0.0], [-107.88049560974953, 38.990864073359525, 0.0], [-107.8803964765022, 38.9906954060778, 0.0], [-107.88028401002386, 38.99048187365885, 0.0], [-107.88015441075784, 38.990133806247925, 0.0], [-107.88012880948651, 38.99007140557177, 0.0], [-107.88005700962199, 38.990010073180414, 0.0], [-107.87984581009755, 38.98992520590221, 0.0], [-107.87935561037938, 38.98979307339679, 0.0], [-107.87922620928938, 38.98973327296049, 0.0], [-107.87914140986948, 38.98963620617644, 0.0], [-107.87904480989063, 38.98953060553625, 0.0], [-107.87896867549551, 38.989361272597606, 0.0], [-107.87895700943544, 38.98907327322389, 0.0], [-107.8789936768834, 38.98883807294363, 0.0], [-107.87899421102907, 38.98856780556631, 0.0], [-107.87898761005368, 38.98840587262902, 0.0], [-107.87901501041918, 38.98822500552021, 0.0], [-107.87898467603301, 38.98804547310933, 0.0], [-107.87899820981936, 38.98781100621827, 0.0], [-107.87898041048254, 38.987658205624605, 0.0], [-107.87903080998615, 38.98747680570095, 0.0], [-107.8790700093489, 38.98730467330141, 0.0], [-107.87917800995127, 38.9871218058374, 0.0], [-107.87936700974753, 38.986657673765855, 0.0], [-107.87942921026992, 38.986485005621546, 0.0], [-107.87948967562461, 38.986267272308915, 0.0], [-107.87950540919431, 38.98608667248365, 0.0], [-107.87947607567702, 38.985934273024405, 0.0], [-107.87948940955762, 38.98569067316161, 0.0], [-107.87949641068683, 38.98529407332169, 0.0]]}, "properties": {"gnisidlabel": null, "featuretypelabel": "Channel Line", "huc12": "140200050111"}}, {"type": "Feature", "geometry": {"type": "LineString", "coordinates": [[-107.83886441010615, 39.0604324059659, 0.0], [-107.83886327635265, 39.06042660658724, 0.0], [-107.83884127604802, 39.0603190061353, 0.0], [-107.83877747675636, 39.06016740614727, 0.0], [-107.83867621049289, 39.05994460565114, 0.0], [-107.83854041009234, 39.05973167325573, 0.0], [-107.83841500937847, 39.0594824731246, 0.0], [-107.8383500756572, 39.05930387359349, 0.0], [-107.83833087615538, 39.059115206065606, 0.0], [-107.83834567586531, 39.05890760598954, 0.0], [-107.83839507629096, 39.05869920636948, 0.0], [-107.8384257436096, 39.0586188732599, 0.0]]}, "properties": {"gnisidlabel": null, "featuretypelabel": "Channel Line", "huc12": "140200050111"}}, {"type": "Feature", "geometry": {"type": "LineString", "coordinates": [[-107.81787961014298, 39.04288160614975, 0.0], [-107.81702607598908, 39.04292020586617, 0.0]]}, "properties": {"gnisidlabel": null, "featuretypelabel": "Waterbody Connector", "huc12": "140200050111"}}, {"type": "Feature", "geometry": {"type": "LineString", "coordinates": [[-107.87695427539899, 39.05527620580925, 0.0], [-107.8776154098684, 39.05490887293438, 0.0]]}, "properties": {"gnisidlabel": null, "featuretypelabel": "Waterbody Connector", "huc12": "140200050111"}}, {"type": "Feature", "geometry": {"type": "LineString", "coordinates": [[-107.8474704756191, 39.057022339116926, 0.0], [-107.84805014266769, 39.05645620554092, 0.0]]}, "properties": {"gnisidlabel": null, "featuretypelabel": "Waterbody Connector", "huc12": "140200050111"}}, {"type": "Feature", "geometry": {"type": "LineString", "coordinates": [[-107.90529061025796, 38.94452807299238, 0.0], [-107.90532207645012, 38.944455206376276, 0.0], [-107.90531807617873, 38.94435620623359, 0.0], [-107.90531481004737, 38.94427520578206, 0.0], [-107.90533340984184, 38.94416667327396, 0.0], [-107.90535321012175, 38.944085072963425, 0.0], [-107.90539627565842, 38.94401200655016, 0.0], [-107.90549787589754, 38.94395540612585, 0.0], [-107.90554321095367, 38.94393620553196, 0.0], [-107.90561267545671, 38.9439434730671, 0.0], [-107.9056936756253, 38.94395047296885, 0.0], [-107.90586701012509, 38.94395520642955, 0.0], [-107.90606221047028, 38.94393227321118, 0.0], [-107.9061432094983, 38.94393927282801, 0.0], [-107.9062208768507, 38.9438652727038, 0.0], [-107.90631127531307, 38.943818006559134, 0.0], [-107.90634220955623, 38.94372707279372, 0.0], [-107.90639281046808, 38.94355460583845, 0.0], [-107.90652421065644, 38.94338020537998, 0.0], [-107.90664427593332, 38.94321500527856, 0.0], [-107.90674500967636, 38.94314047226911, 0.0], [-107.9069030753511, 38.94305547325521, 0.0], [-107.90696927624059, 38.942981806198496, 0.0], [-107.90702361088503, 38.942899272745386, 0.0], [-107.90707747572539, 38.94280787261928, 0.0], [-107.90715047534896, 38.94261687318292, 0.0], [-107.90727067638922, 38.942451672674935, 0.0], [-107.90739301040948, 38.942340473710736, 0.0], [-107.90752760984098, 38.94224707330403, 0.0], [-107.9077086760235, 38.9421614727814, 0.0], [-107.90790167509469, 38.94208460596274, 0.0], [-107.90835420993933, 38.94186607264029, 0.0], [-107.90848907607673, 38.94178167348178, 0.0], [-107.90856761044995, 38.941725606026665, 0.0], [-107.90861147624129, 38.94167047342, 0.0], [-107.90863201023812, 38.94160700559562, 0.0], [-107.90865101016082, 38.94150740584042, 0.0], [-107.90867967590138, 38.94136247322519, 0.0], [-107.90868641054827, 38.941245205528084, 0.0], [-107.90871687677307, 38.94114540627284, 0.0], [-107.90875940950859, 38.94105427270709, 0.0], [-107.90879087573276, 38.94098127275544, 0.0], [-107.90886841031903, 38.940898273346576, 0.0], [-107.90897947604864, 38.94079647271008, 0.0], [-107.90912341025282, 38.94064867292945, 0.0], [-107.90920000915756, 38.94054780569547, 0.0], [-107.90925320989437, 38.94043827345503, 0.0], [-107.90929600970324, 38.94035620598993, 0.0], [-107.90932767510562, 38.940283273001384, 0.0], [-107.90941647573095, 38.94020000571318, 0.0], [-107.90959607587831, 38.94007840655343, 0.0], [-107.90979761051749, 38.9399292058766, 0.0], [-107.90989687604201, 38.93981860602753, 0.0], [-107.9099744104124, 38.93973560590886, 0.0], [-107.91006387524348, 38.93967027287688, 0.0], [-107.91010741008981, 38.93960620566036, 0.0], [-107.91016107618962, 38.939505673098616, 0.0], [-107.91019901057389, 38.939306605367584, 0.0], [-107.9102396102343, 38.939170406105475, 0.0], [-107.91031507525503, 38.939042406156865, 0.0], [-107.91037907670766, 38.93891467330902, 0.0], [-107.91053381009078, 38.938748673562976, 0.0], [-107.91078821026905, 38.938481072906924, 0.0], [-107.91095407597037, 38.93830580651199, 0.0], [-107.9110518101637, 38.938159206175634, 0.0], [-107.91116047545381, 38.937994272591396, 0.0], [-107.91126641025596, 38.93776640631187, 0.0], [-107.91133827537395, 38.93754840569858, 0.0], [-107.9113510097988, 38.9372958730768, 0.0], [-107.91133727612437, 38.9372422061144, 0.0], [-107.91128820986759, 38.93717127341612, 0.0], [-107.91115787526573, 38.937084405318636, 0.0], [-107.91113327580143, 38.93704900590282, 0.0], [-107.91112067563574, 38.93702227272055, 0.0], [-107.91109140968815, 38.9368698729096, 0.0], [-107.9111100093637, 38.93676127375605, 0.0], [-107.91110707580629, 38.93668927325944, 0.0], [-107.91110267610289, 38.93658127339809, 0.0], [-107.91108667547337, 38.9364736063381, 0.0], [-107.91109601022326, 38.936419272555405, 0.0], [-107.91110501057133, 38.93635600569585, 0.0], [-107.91119167515613, 38.93621867341689, 0.0], [-107.91135747647742, 38.9360434729517, 0.0], [-107.91140167587824, 38.935997273324595, 0.0], [-107.91141100961457, 38.93594300620919, 0.0], [-107.91140801012006, 38.93587100646133, 0.0], [-107.91135467520252, 38.93569207334071, 0.0], [-107.91124281009488, 38.935496806627405, 0.0], [-107.91118080976838, 38.93539020578044, 0.0], [-107.91118941017336, 38.93531787323396, 0.0], [-107.91118640981672, 38.935245873492825, 0.0], [-107.91121767572866, 38.93516400584363, 0.0], [-107.91126147571636, 38.935108873014784, 0.0], [-107.91136080993961, 38.934998272956825, 0.0], [-107.91149507620064, 38.934895805291454, 0.0], [-107.91155047576189, 38.934840406216914, 0.0], [-107.91159401077431, 38.93477627269224, 0.0], [-107.91161287493559, 38.93467667223181, 0.0], [-107.91163121010709, 38.934559073297436, 0.0], [-107.9116026764135, 38.93442467327096, 0.0], [-107.91149467649676, 38.934040006113314, 0.0], [-107.91147827627834, 38.93392327338875, 0.0], [-107.91147387641007, 38.93381527261179, 0.0], [-107.91145647564076, 38.93367160544603, 0.0], [-107.91142721080882, 38.93351920561776, 0.0], [-107.91144760927827, 38.93345560644447, 0.0], [-107.91145547618046, 38.933365273290605, 0.0], [-107.91148780903272, 38.9333104059096, 0.0], [-107.91153127638457, 38.933246273195714, 0.0], [-107.9115990757989, 38.93320847263875, 0.0], [-107.91170320966182, 38.93321500542818, 0.0], [-107.91177121006766, 38.93318620604461, 0.0], [-107.91183920968537, 38.933157473308114, 0.0], [-107.91190607578012, 38.93310180581909, 0.0], [-107.91196041019276, 38.93301940617525, 0.0], [-107.9120236095697, 38.932873673575884, 0.0], [-107.91201961040379, 38.932774606037796, 0.0], [-107.91200480996598, 38.93269387300868, 0.0], [-107.91195267608234, 38.9325510730904, 0.0], [-107.91194867590923, 38.93245200556938, 0.0], [-107.91197881000765, 38.9323432056592, 0.0], [-107.91202240975605, 38.93227900639928, 0.0], [-107.9121126761781, 38.9322318058887, 0.0], [-107.91228407539934, 38.93219147316816, 0.0], [-107.91232980999531, 38.93218127264582, 0.0], [-107.91239667635351, 38.93212547334746, 0.0], [-107.9124974758317, 38.932051005972966, 0.0], [-107.91255141043011, 38.93195960615231, 0.0], [-107.91259347698343, 38.93185940629837, 0.0], [-107.91265960987745, 38.93178567294984, 0.0], [-107.91272620986375, 38.9317208738298, 0.0], [-107.91281841021866, 38.931718605486395, 0.0], [-107.91286261003879, 38.93167247288442, 0.0], [-107.9128850092652, 38.93165387296769, 0.0], [-107.91291760886561, 38.93160807329875, 0.0], [-107.91290347577558, 38.931545405664366, 0.0], [-107.91284080951023, 38.931420672750114, 0.0], [-107.91280247683024, 38.93133160590677, 0.0], [-107.91279847610889, 38.9312326059956, 0.0], [-107.91281787595409, 38.93114200635043, 0.0], [-107.9128396763367, 38.9311144727658, 0.0], [-107.91288367616664, 38.93105940642904, 0.0], [-107.91296281071916, 38.93102140579855, 0.0], [-107.91299700982226, 38.93101147330397, 0.0], [-107.91306727563601, 38.93103680570283, 0.0], [-107.91315947661138, 38.93103440555418, 0.0], [-107.9132854759834, 38.93101327286859, 0.0], [-107.91338701036105, 38.93095667374472, 0.0], [-107.91346320922212, 38.930846673268555, 0.0], [-107.91349447665584, 38.930764805885424, 0.0], [-107.91352380967867, 38.93063800581656, 0.0], [-107.91355181076399, 38.9304750724105, 0.0], [-107.91362581054256, 38.930311072808266, 0.0], [-107.91373367620047, 38.930128206453034, 0.0], [-107.91386607674471, 38.92998067293702, 0.0], [-107.91395487646604, 38.929897473512234, 0.0], [-107.91400621005765, 38.92974300570275, 0.0], [-107.91404761013133, 38.92962480580711, 0.0], [-107.91407287499008, 38.92939900561489, 0.0], [-107.91410827678422, 38.92913687292945, 0.0], [-107.91415067594355, 38.92904567231055, 0.0], [-107.91419387648028, 38.9289726065773, 0.0], [-107.91428341048525, 38.928907206553646, 0.0], [-107.91454781023127, 38.928603273439656, 0.0], [-107.91460207614044, 38.92852087341282, 0.0], [-107.91464561019237, 38.9284566730416, 0.0], [-107.91465487552026, 38.92840247313523, 0.0], [-107.91466087586349, 38.92826720540934, 0.0], [-107.91463987650648, 38.92803347290988, 0.0], [-107.91466001061356, 38.927960873503544, 0.0], [-107.91466947609136, 38.92791567308131, 0.0], [-107.91472427562908, 38.927842205594985, 0.0], [-107.91481267697716, 38.9277498731705, 0.0], [-107.91492387573398, 38.92764800609528, 0.0], [-107.91502567587, 38.92760040614908, 0.0], [-107.91519461077654, 38.92749707333003, 0.0], [-107.91538587556327, 38.927384205570796, 0.0], [-107.9155094102325, 38.92730007282126, 0.0], [-107.91564127581924, 38.927143605694816, 0.0], [-107.91576107580543, 38.926969405843096, 0.0], [-107.9158562761633, 38.926759806495305, 0.0], [-107.91596941006652, 38.9264236724669, 0.0], [-107.91603081071507, 38.92623287289378, 0.0], [-107.91615660985885, 38.925923473349414, 0.0], [-107.9161654100048, 38.92586020569169, 0.0], [-107.91611160977673, 38.925672406050886, 0.0], [-107.91610427633988, 38.92549227347973, 0.0], [-107.91612261035104, 38.925374806292155, 0.0], [-107.91619841026915, 38.92525567263095, 0.0], [-107.91630620977534, 38.92507287318579, 0.0], [-107.91639107625306, 38.92489060560961, 0.0], [-107.91648587584552, 38.92467200587854, 0.0], [-107.91660120961612, 38.92438980622841, 0.0], [-107.91665067558084, 38.9241904056677, 0.0], [-107.91670500979245, 38.92410800568631, 0.0], [-107.91679007549887, 38.923934673370326, 0.0], [-107.9168296101318, 38.92377147327813, 0.0], [-107.91682441073058, 38.92364547286612, 0.0], [-107.91677387598254, 38.923538672776985, 0.0], [-107.9167452756308, 38.92340420619114, 0.0], [-107.91672681053589, 38.92323360602557, 0.0], [-107.9167866751183, 38.92300680576525, 0.0], [-107.9168890103206, 38.922689006597125, 0.0], [-107.91692621014833, 38.92247180636436, 0.0], [-107.91690700998409, 38.92228307326605, 0.0], [-107.91687100992965, 38.92196867305962, 0.0], [-107.91672727516624, 38.92155787239289, 0.0], [-107.91660967578512, 38.92121847287054, 0.0], [-107.91645781031366, 38.92088887230151, 0.0], [-107.91643021022713, 38.92078147332326, 0.0], [-107.91635147665134, 38.920549206092815, 0.0], [-107.916317410548, 38.92027980675111, 0.0], [-107.91628560921406, 38.920064273232676, 0.0], [-107.91627967601747, 38.91992040549834, 0.0], [-107.9163250767128, 38.919622006724715, 0.0]]}, "properties": {"gnisidlabel": "Surface Creek", "featuretypelabel": "Channel Line", "huc12": "140200050111"}}, {"type": "Feature", "geometry": {"type": "LineString", "coordinates": [[-107.90130241027492, 39.06270847379468, 0.0], [-107.90121047546047, 39.06272887335173, 0.0], [-107.900837075097, 39.062751605550034, 0.0], [-107.90049467599637, 39.06276020653145, 0.0]]}, "properties": {"gnisidlabel": "West Fork Bonita Surface Creek", "featuretypelabel": "Channel Line", "huc12": "140200050111"}}, {"type": "Feature", "geometry": {"type": "LineString", "coordinates": [[-107.88560707694472, 39.06161140576171, 0.0], [-107.8848960100781, 39.06173960634602, 0.0], [-107.88488907621445, 39.06173760596937, 0.0]]}, "properties": {"gnisidlabel": null, "featuretypelabel": "Channel Line", "huc12": "140200050111"}}, {"type": "Feature", "geometry": {"type": "LineString", "coordinates": [[-107.8384257436096, 39.0586188732599, 0.0], [-107.83845067699339, 39.058553672534444, 0.0], [-107.83847881001257, 39.05848100561145, 0.0], [-107.83856401063834, 39.05829867340475, 0.0], [-107.8386838104559, 39.05811560641865, 0.0], [-107.8388024105982, 39.05790547316375, 0.0], [-107.83894520977334, 39.057721872657254, 0.0], [-107.83912201029923, 39.05751940673716, 0.0], [-107.83931067613973, 39.057325605470666, 0.0], [-107.83940887660714, 39.05717900530724, 0.0], [-107.8394962102582, 39.057050673374256, 0.0], [-107.83955961017709, 39.05690507330599, 0.0], [-107.83956427548446, 39.056733805437126, 0.0], [-107.83955461001392, 39.05664320622685, 0.0]]}, "properties": {"gnisidlabel": null, "featuretypelabel": "Channel Line", "huc12": "140200050111"}}, {"type": "Feature", "geometry": {"type": "LineString", "coordinates": [[-107.7870508763639, 39.04081520594578, 0.0], [-107.78818660997196, 39.040172205823865, 0.0]]}, "properties": {"gnisidlabel": null, "featuretypelabel": "Waterbody Connector", "huc12": "140200050111"}}, {"type": "Feature", "geometry": {"type": "LineString", "coordinates": [[-107.82114060980331, 39.0458658054034, 0.0], [-107.82102447650702, 39.045850473325494, 0.0], [-107.82088381033141, 39.04579987277167, 0.0], [-107.82069587637619, 39.04572340616049, 0.0], [-107.8204498760299, 39.04563920577274, 0.0], [-107.82014641025454, 39.04555647291427, 0.0], [-107.81986647566254, 39.045491205943954, 0.0], [-107.81966801016902, 39.04544187265913, 0.0], [-107.81945960966667, 39.045428873099155, 0.0], [-107.81930947543539, 39.04543260600839, 0.0], [-107.81916160913403, 39.045490273087445, 0.0], [-107.81910681010058, 39.04556360590817, 0.0], [-107.81905341017873, 39.04567307245165, 0.0], [-107.81899900934768, 39.04575540550664, 0.0], [-107.81888667539117, 39.04583920647735, 0.0], [-107.81870487583562, 39.04591567303621, 0.0], [-107.81845340985926, 39.045984872779506, 0.0], [-107.8181904753826, 39.0460542060684, 0.0], [-107.8179842093226, 39.046095273033664, 0.0], [-107.81777787564806, 39.046136272802165, 0.0], [-107.8174924754472, 39.04622427294328, 0.0], [-107.81729887709882, 39.04629200635042, 0.0], [-107.81702467575262, 39.046370806699656, 0.0], [-107.81686520926374, 39.04642860624981, 0.0], [-107.81665927704931, 39.046478672736065, 0.0], [-107.81646481046015, 39.04652840591774, 0.0], [-107.81633887613995, 39.04655847363567, 0.0], [-107.81623687601538, 39.04660600611544, 0.0]]}, "properties": {"gnisidlabel": null, "featuretypelabel": "Channel Line", "huc12": "140200050111"}}, {"type": "Feature", "geometry": {"type": "LineString", "coordinates": [[-107.88828827519987, 39.040926072622696, 0.0], [-107.88800074282466, 39.04064120599759, 0.0], [-107.88723661015882, 39.04026620657906, 0.0]]}, "properties": {"gnisidlabel": null, "featuretypelabel": "Waterbody Connector", "huc12": "140200050111"}}, {"type": "Feature", "geometry": {"type": "LineString", "coordinates": [[-107.8358890100683, 39.063120605431884, 0.0], [-107.83573321048854, 39.06302080556087, 0.0], [-107.83527107566138, 39.062577073616815, 0.0], [-107.8350072758748, 39.062200606200534, 0.0], [-107.83472247519586, 39.06185620563308, 0.0], [-107.83466080979429, 39.061704473034354, 0.0]]}, "properties": {"gnisidlabel": null, "featuretypelabel": "Channel Line", "huc12": "140200050111"}}, {"type": "Feature", "geometry": {"type": "LineString", "coordinates": [[-107.89795900947747, 39.05853647333516, 0.0], [-107.89740860959995, 39.05811713971168, 0.0]]}, "properties": {"gnisidlabel": null, "featuretypelabel": "Waterbody Connector", "huc12": "140200050111"}}, {"type": "Feature", "geometry": {"type": "LineString", "coordinates": [[-107.85220047525083, 39.042551273571895, 0.0], [-107.85222000985424, 39.04246060584651, 0.0]]}, "properties": {"gnisidlabel": "Bonita Creek", "featuretypelabel": "Waterbody Connector", "huc12": "140200050111"}}, {"type": "Feature", "geometry": {"type": "LineString", "coordinates": [[-107.8331522106477, 39.059566606546944, 0.0], [-107.83345721009424, 39.05831487286241, 0.0]]}, "properties": {"gnisidlabel": null, "featuretypelabel": "Waterbody Connector", "huc12": "140200050111"}}, {"type": "Feature", "geometry": {"type": "LineString", "coordinates": [[-107.86813500999028, 39.02493480621258, 0.0], [-107.86798027629749, 39.02482160618759, 0.0], [-107.86781221018218, 39.024663472968314, 0.0], [-107.86767941037007, 39.0245226059753, 0.0], [-107.86753447637723, 39.02436400590955, 0.0], [-107.86740020991394, 39.02418720638197, 0.0], [-107.86727980940408, 39.024064005848636, 0.0], [-107.86712240974667, 39.02388760567321, 0.0], [-107.86696481035668, 39.023702273292486, 0.0], [-107.86685407593049, 39.02353387350374, 0.0], [-107.86674441028828, 39.02339247330177, 0.0], [-107.86663547570863, 39.02326900626957, 0.0], [-107.86658527519415, 39.02317120624646, 0.0], [-107.86657121011866, 39.02310847319054, 0.0], [-107.86657960978933, 39.023027205758055, 0.0], [-107.86656387610421, 39.0229284733751, 0.0], [-107.86652460961105, 39.02281227297228, 0.0], [-107.86640281018938, 39.02265307360714, 0.0], [-107.86629341015792, 39.02252067356615, 0.0], [-107.8661594761023, 39.02235267327146, 0.0], [-107.86605027525134, 39.02222040592419, 0.0], [-107.86593987610541, 39.02206087346524, 0.0], [-107.8658646096719, 39.02190960587398, 0.0], [-107.86582481043078, 39.02178440572589, 0.0], [-107.8658322761675, 39.02168520641587, 0.0], [-107.86575727551794, 39.021542872703954, 0.0], [-107.86568147671586, 39.02138260548972, 0.0], [-107.86557147574801, 39.021232072715634, 0.0], [-107.86550801080777, 39.021089473241034, 0.0], [-107.86545601025274, 39.02094660630783, 0.0], [-107.86537947607326, 39.0207682723418, 0.0], [-107.86535127575412, 39.02064287244647, 0.0], [-107.8653470099629, 39.02053487328627, 0.0], [-107.86532967607884, 39.02039120633703, 0.0], [-107.8652662101666, 39.0202486067229, 0.0], [-107.86520187534374, 39.02008800598296, 0.0], [-107.86516187590951, 39.01995387357303, 0.0], [-107.86513220956054, 39.01979247375746, 0.0], [-107.86513647597965, 39.019612072364744, 0.0], [-107.86516347615272, 39.01942227346078, 0.0], [-107.86520267631491, 39.01925020611706, 0.0], [-107.86518607645185, 39.01912440658182, 0.0], [-107.86514567676865, 39.01898120564042, 0.0], [-107.86507127682609, 39.01885700518908, 0.0], [-107.86498367522393, 39.01868800593109, 0.0], [-107.86487327636809, 39.01852847317878, 0.0], [-107.86473947582446, 39.018360606478254, 0.0], [-107.86462907532605, 39.01820120594599, 0.0], [-107.86449607643148, 39.01805127322467, 0.0], [-107.86436327555342, 39.017910405709856, 0.0], [-107.86426560987245, 39.01777760527397, 0.0], [-107.86423887627551, 39.01768827334341, 0.0], [-107.86420327626115, 39.01759053948399, 0.0]]}, "properties": {"gnisidlabel": null, "featuretypelabel": "Channel Line", "huc12": "140200050111"}}, {"type": "Feature", "geometry": {"type": "LineString", "coordinates": [[-107.80128194234759, 39.02651867236452, 0.0], [-107.80134181014738, 39.0263608722076, 0.0], [-107.80141367667734, 39.02613400663172, 0.0], [-107.80145200973553, 39.025934873263346, 0.0], [-107.80150227544634, 39.02574447296103, 0.0], [-107.80150847605375, 39.0256092059524, 0.0], [-107.80150360966604, 39.02548320589105, 0.0], [-107.80149707524929, 39.02532120604622, 0.0], [-107.80144461080218, 39.025160273152395, 0.0], [-107.8014510757995, 39.025034006146015, 0.0], [-107.8014904760468, 39.02486187339785, 0.0], [-107.8015314093129, 39.024725805825845, 0.0], [-107.80155987581489, 39.02457187289403, 0.0], [-107.80155527558878, 39.024455006120164, 0.0], [-107.80155101001084, 39.02434687370052, 0.0], [-107.80151247620753, 39.024248806403925, 0.0], [-107.80146061011835, 39.0241058060692, 0.0], [-107.8013854755994, 39.02395447297475, 0.0], [-107.80134507647814, 39.023811272663856, 0.0], [-107.80136361014176, 39.023693673310945, 0.0], [-107.80138127515008, 39.02355820552195, 0.0], [-107.80142141016155, 39.02340407235118, 0.0], [-107.80149747564704, 39.02328507225057, 0.0], [-107.8015974764893, 39.02318360594832, 0.0], [-107.8017086094931, 39.02307287283181, 0.0], [-107.80189107604146, 39.02301440549556, 0.0], [-107.80209701005832, 39.022964406230955, 0.0], [-107.8022598762122, 39.02291767353809, 0.0]]}, "properties": {"gnisidlabel": "Beaver Creek", "featuretypelabel": "Channel Line", "huc12": "140200050111"}}, {"type": "Feature", "geometry": {"type": "LineString", "coordinates": [[-107.85596521020122, 39.03763907293501, 0.0], [-107.85601881055014, 39.037538805895124, 0.0], [-107.85607107625648, 39.0374024059503, 0.0], [-107.85609020918238, 39.03730280604205, 0.0], [-107.85608627591633, 39.03720380562004, 0.0], [-107.8560804095361, 39.037059805942505, 0.0], [-107.85605200997055, 39.03692527281897, 0.0], [-107.85604400929454, 39.03672740587648, 0.0], [-107.85600167584049, 39.0365392063369, 0.0], [-107.85598247663513, 39.03635040654628, 0.0], [-107.85595147676267, 39.036153005867355, 0.0], [-107.85591107504509, 39.036009873138525, 0.0], [-107.85587067540435, 39.035866672772784, 0.0], [-107.85582947693388, 39.035705473127514, 0.0], [-107.85580207568019, 39.03559807297574, 0.0], [-107.85578507654233, 39.03546340634771, 0.0], [-107.85578181057426, 39.03538227323553, 0.0]]}, "properties": {"gnisidlabel": null, "featuretypelabel": "Channel Line", "huc12": "140200050111"}}, {"type": "Feature", "geometry": {"type": "LineString", "coordinates": [[-107.86190567595509, 39.020247606347716, 0.0], [-107.86191409186479, 39.02017339548898, 0.0], [-107.86193101045949, 39.02002420587478, 0.0]]}, "properties": {"gnisidlabel": "Milk Creek", "featuretypelabel": "Waterbody Connector", "huc12": "140200050111"}}, {"type": "Feature", "geometry": {"type": "LineString", "coordinates": [[-107.85896501016043, 39.06074587302305, 0.0], [-107.85913860919479, 39.06075067308547, 0.0], [-107.85936880916726, 39.06072700587488, 0.0], [-107.85957467613734, 39.06067687341193, 0.0], [-107.8597236769044, 39.06064620627832, 0.0], [-107.85991881072464, 39.06061447339534, 0.0], [-107.86009167641701, 39.06060120550843, 0.0], [-107.860276676812, 39.060605606019315, 0.0], [-107.8604520755671, 39.06065540640177, 0.0], [-107.86063960937541, 39.06072287332019, 0.0], [-107.86082760951295, 39.06079927344844, 0.0], [-107.8610386756968, 39.06087527270442, 0.0], [-107.86121547638929, 39.060961006545966, 0.0], [-107.86141360999711, 39.061001206761745, 0.0], [-107.86162241013793, 39.06102300521701, 0.0], [-107.86192287590015, 39.06102467289533, 0.0], [-107.86211807633146, 39.060992873425576, 0.0], [-107.86238287548268, 39.06096827295151, 0.0], [-107.86260081053796, 39.060927005291504, 0.0], [-107.86287527529446, 39.06085720630952, 0.0], [-107.86304727546973, 39.06082587257658, 0.0], [-107.8632428097384, 39.06080307285547, 0.0], [-107.86338181079874, 39.06080860588373, 0.0], [-107.86354587659964, 39.06086767275237, 0.0], [-107.86375521036545, 39.06089860642784, 0.0], [-107.86390520974679, 39.0608948731228, 0.0], [-107.86415921039583, 39.06088867257892, 0.0], [-107.86434501007557, 39.060911072913235, 0.0], [-107.86460041011362, 39.06094087270005, 0.0], [-107.86476347607287, 39.060972873481575, 0.0], [-107.86491687588469, 39.061050205845405, 0.0], [-107.865035609119, 39.06112840566563, 0.0], [-107.86512081024057, 39.061234406157084, 0.0], [-107.86521901066762, 39.06137620641847, 0.0], [-107.86531861048122, 39.06155387273092, 0.0], [-107.86541601036731, 39.06167760618432, 0.0], [-107.86551167585961, 39.06175640606439, 0.0], [-107.86564327516759, 39.06187020650664, 0.0], [-107.86578767542947, 39.06201080611988, 0.0], [-107.86589701000733, 39.06214327256516, 0.0], [-107.86599521066363, 39.06228500634757, 0.0], [-107.86618720972376, 39.062460405528704, 0.0], [-107.86630967587453, 39.06262860585646, 0.0], [-107.866431275438, 39.06277880592171, 0.0], [-107.86649267585328, 39.06282367341506, 0.0]]}, "properties": {"gnisidlabel": null, "featuretypelabel": "Channel Line", "huc12": "140200050111"}}, {"type": "Feature", "geometry": {"type": "LineString", "coordinates": [[-107.81284447537651, 39.024561272272074, 0.0], [-107.81301814324047, 39.02427473850133, 0.0], [-107.81322727610126, 39.02402647303455, 0.0], [-107.8137591426894, 39.0236228055194, 0.0], [-107.81429814261301, 39.02324107250645, 0.0], [-107.81546841009451, 39.02256500607081, 0.0], [-107.81621174266034, 39.02219867295568, 0.0], [-107.8166478755324, 39.022147005997354, 0.0], [-107.81716607550436, 39.022016939270735, 0.0]]}, "properties": {"gnisidlabel": null, "featuretypelabel": "Channel Line", "huc12": "140200050111"}}, {"type": "Feature", "geometry": {"type": "LineString", "coordinates": [[-107.84090467558357, 39.0521244732456, 0.0], [-107.84326581031046, 39.05099627299146, 0.0]]}, "properties": {"gnisidlabel": null, "featuretypelabel": "Waterbody Connector", "huc12": "140200050111"}}, {"type": "Feature", "geometry": {"type": "LineString", "coordinates": [[-107.81290374273071, 39.02322067282532, 0.0], [-107.81297374293634, 39.02317640587299, 0.0], [-107.81323374409328, 39.02310913886792, 0.0], [-107.81347207636001, 39.022976139051906, 0.0], [-107.81370961061982, 39.022749739573754, 0.0], [-107.81385607543255, 39.0225842059309, 0.0], [-107.81400081014178, 39.022209939043364, 0.0], [-107.81420787552909, 39.021709006197696, 0.0], [-107.81447041063716, 39.02110900618795, 0.0], [-107.81465634292954, 39.02060267287697, 0.0], [-107.81457107511275, 39.01966933903254, 0.0], [-107.81482587528258, 39.018992406567364, 0.0], [-107.81486200989313, 39.0182562060443, 0.0], [-107.81478587544117, 39.01757000592911, 0.0], [-107.81441287562106, 39.01688900600333, 0.0]]}, "properties": {"gnisidlabel": null, "featuretypelabel": "Channel Line", "huc12": "140200050111"}}, {"type": "Feature", "geometry": {"type": "LineString", "coordinates": [[-107.85948314274715, 39.019936872937876, 0.0], [-107.85956227614282, 39.01937093977786, 0.0], [-107.85969021019716, 39.01874980587094, 0.0], [-107.85997340981757, 39.0181827387465, 0.0], [-107.86018700980985, 39.01769287312706, 0.0], [-107.86047007701704, 39.01710933875253, 0.0], [-107.86074727604449, 39.01665207345831, 0.0], [-107.86091261050609, 39.01626680605864, 0.0], [-107.86089327648659, 39.01570693904397, 0.0], [-107.86084707656723, 39.01524640583166, 0.0], [-107.86082340986131, 39.015010138717884, 0.0], [-107.86093727514478, 39.01439453958958, 0.0], [-107.86117920993112, 39.01393200545951, 0.0], [-107.86147087634909, 39.01351313911201, 0.0], [-107.86171374380775, 39.013149405952596, 0.0], [-107.86171641091909, 39.01313067296075, 0.0], [-107.86178634325114, 39.01263840613994, 0.0], [-107.86180967530466, 39.01212220591538, 0.0], [-107.86188114352393, 39.011490406162785, 0.0], [-107.86188394218708, 39.01104020619804, 0.0], [-107.86187127572308, 39.010441872748274, 0.0], [-107.86137847580133, 39.00966507303759, 0.0], [-107.86110600973335, 39.00912313855043, 0.0], [-107.86080414291885, 39.00844953865214, 0.0], [-107.8603112099233, 39.00765633898814, 0.0], [-107.85980767577108, 39.0072364730274, 0.0], [-107.85923234302581, 39.00665780572558, 0.0], [-107.85908794210204, 39.00651180618499, 0.0], [-107.85884874329592, 39.00627013865939, 0.0], [-107.85870361015863, 39.00579333899971, 0.0], [-107.85865747610379, 39.00537633842686, 0.0], [-107.85852461010401, 39.004707338757854, 0.0], [-107.85846467651558, 39.004317872768745, 0.0], [-107.8585153430726, 39.00413353870724, 0.0], [-107.85861441028288, 39.0037734738171, 0.0], [-107.85887827578095, 39.003398672911224, 0.0], [-107.85920934314213, 39.00268307312344, 0.0], [-107.85991194339479, 39.00182813876478, 0.0], [-107.86045480933758, 39.00118813936438, 0.0], [-107.86101400983218, 39.00080067329201, 0.0], [-107.8614470760353, 39.00046333843734, 0.0], [-107.8616642098205, 39.000357806051845, 0.0], [-107.86175720933782, 39.00033007362925, 0.0]]}, "properties": {"gnisidlabel": null, "featuretypelabel": "Channel Line", "huc12": "140200050111"}}, {"type": "Feature", "geometry": {"type": "LineString", "coordinates": [[-107.93458007611456, 38.84675820638501, 0.0], [-107.93447681014679, 38.84627880601383, 0.0], [-107.93444081007729, 38.84618507289114, 0.0], [-107.93431281002471, 38.84597207302545, 0.0], [-107.93430107571325, 38.845828272740626, 0.0], [-107.93464227641039, 38.844504405924155, 0.0], [-107.9349772102684, 38.843482405331955, 0.0], [-107.93535000979001, 38.84256307269145, 0.0], [-107.93543661017664, 38.84224120552882, 0.0], [-107.93545861063127, 38.84204240609508, 0.0], [-107.93548367559679, 38.84154620637654, 0.0], [-107.93547667607832, 38.84134820569306, 0.0], [-107.93535600999425, 38.84076107252889, 0.0], [-107.93519001106033, 38.84031940618073, 0.0], [-107.93515260966315, 38.84019867223473, 0.0], [-107.93513267655555, 38.84004600600453, 0.0], [-107.93512067674767, 38.83971747260442, 0.0], [-107.93513540995198, 38.83951440635086, 0.0], [-107.93522387539802, 38.83919687346227, 0.0], [-107.93517687615712, 38.838828673154985, 0.0], [-107.93519081011986, 38.8384860054511, 0.0], [-107.93525040988335, 38.8382952730548, 0.0], [-107.93546681073977, 38.837875473205415, 0.0], [-107.9356198756765, 38.837213873610324, 0.0], [-107.93578561014199, 38.83684487305484, 0.0], [-107.9359284100637, 38.83669267297386, 0.0], [-107.93645340965692, 38.83628300563725, 0.0]]}, "properties": {"gnisidlabel": "Alfalfa Ditch", "featuretypelabel": "Canal", "huc12": "140200050105"}}, {"type": "Feature", "geometry": {"type": "LineString", "coordinates": [[-107.81262267574624, 39.03559400540983, 0.0], [-107.81285067659852, 39.0355164055734, 0.0], [-107.81314720935889, 39.03541920610382, 0.0], [-107.81337547610747, 39.035350606067695, 0.0], [-107.81366041094212, 39.035253605979655, 0.0], [-107.81394501009255, 39.03514767364091, 0.0], [-107.81424007572149, 39.03501440673568, 0.0], [-107.81440960929591, 39.03492020654044, 0.0], [-107.81452140995937, 39.03482747232857, 0.0], [-107.81459747592986, 39.034708472958854, 0.0], [-107.81469641018268, 39.03458000594348, 0.0], [-107.81478081032283, 39.03437967252509, 0.0], [-107.81486607665747, 39.03419747223333, 0.0], [-107.81497500968406, 39.034032672412465, 0.0], [-107.81511927567915, 39.03388500653787, 0.0], [-107.8152972099803, 39.03370947221813, 0.0], [-107.81555607575788, 39.0335410727359, 0.0], [-107.81578081010015, 39.033382605397826, 0.0], [-107.8160268751341, 39.03317840592831, 0.0], [-107.81627501009973, 39.03302827230257, 0.0], [-107.81656967626155, 39.03288600654217, 0.0], [-107.81677167605521, 39.03273700565965, 0.0], [-107.81692867578276, 39.03261607317625, 0.0], [-107.8170506092358, 39.03248700601594, 0.0], [-107.81717167612264, 39.0323400064746, 0.0], [-107.81723527661836, 39.03219420665235, 0.0], [-107.81730927555314, 39.03202127339445, 0.0], [-107.81739407555354, 39.03183000598204, 0.0], [-107.81747960924663, 39.03165680640866, 0.0], [-107.81760121056499, 39.03151880615213, 0.0], [-107.81774660994554, 39.03139820617646, 0.0], [-107.8179146100609, 39.03126787310462, 0.0], [-107.81810427591323, 39.031101205951664, 0.0], [-107.81832907608056, 39.0309426060914, 0.0], [-107.8184750765213, 39.03084000605656, 0.0], [-107.81862920913174, 39.030647006241516, 0.0], [-107.81882007640547, 39.03050727293239, 0.0], [-107.81902267508391, 39.030376206056125, 0.0], [-107.8190562766694, 39.0303438734608, 0.0]]}, "properties": {"gnisidlabel": null, "featuretypelabel": "Channel Line", "huc12": "140200050111"}}, {"type": "Feature", "geometry": {"type": "LineString", "coordinates": [[-107.8327490097612, 39.01399820602427, 0.0], [-107.83270000972541, 39.01392727317537, 0.0], [-107.83273027547816, 39.01381847257844, 0.0], [-107.83274787611329, 39.013682873378905, 0.0], [-107.8328122104929, 39.013555206072745, 0.0], [-107.8329000769248, 39.01344487320097, 0.0], [-107.83302167529796, 39.013306872662156, 0.0], [-107.83315427577136, 39.01315947304809, 0.0], [-107.83329607619702, 39.012948872953196, 0.0], [-107.83345827633394, 39.012674673086195, 0.0], [-107.83359927608038, 39.012446006466135, 0.0], [-107.83370747586747, 39.01226320559294, 0.0], [-107.83380601070334, 39.01212567301507, 0.0], [-107.83387120946541, 39.01202487337962, 0.0], [-107.83394980902102, 39.011969006588096, 0.0], [-107.83401747561, 39.01193127315242, 0.0], [-107.83410807708343, 39.01188407304946, 0.0], [-107.8341862757027, 39.011819073485526, 0.0]]}, "properties": {"gnisidlabel": "Surface Creek", "featuretypelabel": "Channel Line", "huc12": "140200050111"}}, {"type": "Feature", "geometry": {"type": "LineString", "coordinates": [[-107.85602607657722, 39.05854267289093, 0.0], [-107.85653954305315, 39.05845200673732, 0.0], [-107.8570951429621, 39.058350072953594, 0.0], [-107.857566743923, 39.058303539223424, 0.0], [-107.85807314200473, 39.0582074063859, 0.0], [-107.85853727566024, 39.05811700629484, 0.0], [-107.8590433431877, 39.05798787313626, 0.0], [-107.85942920983894, 39.05781000580354, 0.0], [-107.859941475545, 39.05758200579094, 0.0], [-107.8600426100197, 39.057454273339175, 0.0]]}, "properties": {"gnisidlabel": null, "featuretypelabel": "Channel Line", "huc12": "140200050111"}}, {"type": "Feature", "geometry": {"type": "LineString", "coordinates": [[-107.79228327570202, 39.04651567259352, 0.0], [-107.79203967577301, 39.04604620620528, 0.0]]}, "properties": {"gnisidlabel": "Beaver Creek", "featuretypelabel": "Waterbody Connector", "huc12": "140200050111"}}, {"type": "Feature", "geometry": {"type": "LineString", "coordinates": [[-107.8341862757027, 39.011819073485526, 0.0], [-107.83430887666407, 39.011708005885, 0.0], [-107.83438427613743, 39.011571006514686, 0.0], [-107.83443687551916, 39.01144367231763, 0.0], [-107.83448841050446, 39.0112892062571, 0.0], [-107.83456201073105, 39.011107272940414, 0.0], [-107.83464927526263, 39.01097900653255, 0.0], [-107.83474847604646, 39.01085947324451, 0.0], [-107.83490447554153, 39.01072047297265, 0.0], [-107.83505027683005, 39.01060880616883, 0.0], [-107.83512621089129, 39.01048987265157, 0.0], [-107.83523627605942, 39.010352073784695, 0.0], [-107.83528960932104, 39.010242672757144, 0.0], [-107.83530840997307, 39.010134206220094, 0.0], [-107.83530440963541, 39.01003507355406, 0.0], [-107.83527667561107, 39.00991860638645, 0.0], [-107.83520167603007, 39.009776273402, 0.0], [-107.83515087597655, 39.00966047259749, 0.0], [-107.83512281054696, 39.00953500621313, 0.0], [-107.83514007526291, 39.0093904057867, 0.0], [-107.83520500946064, 39.009280806431455, 0.0], [-107.83527060960742, 39.00918900620336, 0.0], [-107.83539287648786, 39.009069005966, 0.0], [-107.83557267631384, 39.008947406161845, 0.0], [-107.83565927653416, 39.00880120648392, 0.0], [-107.83577941001984, 39.008627072928434, 0.0], [-107.83579740947985, 39.00850060593018, 0.0], [-107.83583781091436, 39.00835547320058, 0.0], [-107.83587781012585, 39.0082014060747, 0.0], [-107.83592967622664, 39.00805587278974, 0.0], [-107.83602927606775, 39.00794540533536, 0.0], [-107.83611827592834, 39.00786207322918, 0.0], [-107.83621987642975, 39.00780560662637, 0.0], [-107.83635661061254, 39.00775727251584, 0.0], [-107.83652641076468, 39.00767207232771, 0.0], [-107.8365816102576, 39.00760760560157, 0.0], [-107.83668067638814, 39.00748807309108, 0.0], [-107.83677827615332, 39.007332472490006, 0.0], [-107.83687820928255, 39.00723100614984, 0.0], [-107.8369892763605, 39.00712020568278, 0.0], [-107.83713600965888, 39.0070356065261, 0.0], [-107.8373156105719, 39.00690507288366, 0.0], [-107.83745027597631, 39.00681167244254, 0.0], [-107.8376442756232, 39.00675287269096, 0.0], [-107.83779280991926, 39.00671320646501, 0.0], [-107.83798781056105, 39.00668147283325, 0.0], [-107.83815827607732, 39.00661420640454, 0.0], [-107.83827160961164, 39.00655740644276, 0.0], [-107.83840627540037, 39.006464005806826, 0.0], [-107.83850687569297, 39.00638060658285, 0.0], [-107.83861867553843, 39.00628767328197, 0.0], [-107.8386492757657, 39.0061878729808, 0.0], [-107.83868067519465, 39.00610600550324, 0.0], [-107.83862887568586, 39.00596320525178, 0.0], [-107.83863567590325, 39.00584587272942, 0.0], [-107.83868941060678, 39.00574547304791, 0.0], [-107.83874521043573, 39.00569907272848, 0.0], [-107.83887207620283, 39.00569600586092, 0.0], [-107.83902247551978, 39.00570127296092, 0.0], [-107.83913821064121, 39.00570747328912, 0.0], [-107.83926581076197, 39.00572247373288, 0.0], [-107.83939161012496, 39.005692406086105, 0.0], [-107.83951587631893, 39.005626272867914, 0.0], [-107.839604675742, 39.00553400608487, 0.0], [-107.83972641024896, 39.00540487291692, 0.0], [-107.83987967599188, 39.00519387313075, 0.0], [-107.83999001042656, 39.00506507326471, 0.0], [-107.84015621089334, 39.00488987340571, 0.0], [-107.84019647622873, 39.00474480651485, 0.0], [-107.84024847562242, 39.00459927264205, 0.0], [-107.840255675587, 39.00449107266327, 0.0], [-107.84021541023404, 39.004347872276966, 0.0], [-107.84014027611734, 39.00420560606355, 0.0], [-107.84006467570782, 39.00404527363633, 0.0], [-107.84001307559788, 39.003911406079304, 0.0], [-107.84003220998326, 39.003811805468786, 0.0], [-107.8400416092118, 39.00375760609067, 0.0], [-107.84011987575715, 39.0036926064044, 0.0], [-107.84024447608891, 39.003635473333695, 0.0], [-107.84041547635985, 39.00357727356704, 0.0], [-107.84062080953395, 39.00351820544169, 0.0], [-107.84079181037497, 39.00346000601558, 0.0], [-107.84088080960014, 39.00337667307922, 0.0], [-107.8409460104214, 39.00327607224879, 0.0], [-107.84096587548926, 39.00319447354908, 0.0], [-107.84096120958279, 39.003077472579605, 0.0], [-107.84090987651699, 39.00295260613614, 0.0], [-107.84088081054635, 39.002800205989445, 0.0], [-107.8408288759785, 39.00265727303628, 0.0], [-107.84078920994027, 39.002532072668345, 0.0], [-107.84073847603112, 39.002416272633766, 0.0], [-107.84071061099824, 39.00229980541059, 0.0], [-107.84067107707901, 39.00217460627644, 0.0], [-107.84064221057518, 39.00203120571013, 0.0], [-107.84058061068633, 39.00193347220499, 0.0], [-107.84055281005486, 39.00181707273127, 0.0], [-107.84056081071618, 39.00172687305916, 0.0], [-107.84059167635715, 39.00163600544318, 0.0], [-107.84065800915062, 39.001562272747506, 0.0], [-107.84071247580127, 39.00147987328279, 0.0], [-107.8407556754545, 39.001406806023944, 0.0], [-107.84076341076279, 39.00130747314045, 0.0], [-107.84078247667243, 39.00120787316311, 0.0], [-107.84077947617772, 39.00113587312369, 0.0], [-107.84082360959661, 39.001080806555144, 0.0], [-107.8408434096095, 39.00099920584086, 0.0], [-107.84088587660766, 39.000908073459385, 0.0], [-107.84090241040528, 39.00074547284173, 0.0], [-107.84087361004913, 39.00060207339557, 0.0], [-107.84086720957247, 39.00044007308908, 0.0], [-107.84088481011811, 39.00030447266692, 0.0], [-107.84092740981146, 39.00021340640405, 0.0], [-107.84097061049495, 39.00014027237419, 0.0], [-107.84102507578265, 39.000057872799836, 0.0], [-107.84106867658929, 38.99999367315135, 0.0], [-107.8410700760834, 38.99998020657791, 0.0], [-107.84109461026533, 38.99977687300664, 0.0], [-107.84112847563429, 38.99946967300553, 0.0], [-107.84113247613453, 38.99928047320035, 0.0], [-107.8411608763709, 38.9991266058799, 0.0], [-107.84099627637532, 38.9987612062442, 0.0], [-107.84092061011812, 38.99860087221138, 0.0], [-107.84089460916555, 38.99852947317636, 0.0], [-107.84087947549912, 38.99843980566397, 0.0], [-107.84087861032857, 38.99841720596112, 0.0], [-107.840875210469, 38.998331673248344, 0.0]]}, "properties": {"gnisidlabel": "Surface Creek", "featuretypelabel": "Channel Line", "huc12": "140200050111"}}, {"type": "Feature", "geometry": {"type": "LineString", "coordinates": [[-107.83466080979429, 39.061704473034354, 0.0], [-107.8335748754994, 39.060475006387705, 0.0]]}, "properties": {"gnisidlabel": null, "featuretypelabel": "Waterbody Connector", "huc12": "140200050111"}}, {"type": "Feature", "geometry": {"type": "LineString", "coordinates": [[-107.85246160929172, 39.071608073144894, 0.0], [-107.85313681045858, 39.07182127311677, 0.0], [-107.85385760936718, 39.07206040611532, 0.0], [-107.85445120962734, 39.07226660602846, 0.0], [-107.85515647629411, 39.072343873222515, 0.0], [-107.8560454095927, 39.07243920615613, 0.0], [-107.85653827516205, 39.07241360629184, 0.0], [-107.85696741018235, 39.07234000531807, 0.0], [-107.85771387631539, 39.072173073448745, 0.0]]}, "properties": {"gnisidlabel": null, "featuretypelabel": "Channel Line", "huc12": "140200050111"}}, {"type": "Feature", "geometry": {"type": "LineString", "coordinates": [[-107.84108367590119, 39.05111107303188, 0.0], [-107.84326581031046, 39.05099627299146, 0.0]]}, "properties": {"gnisidlabel": null, "featuretypelabel": "Waterbody Connector", "huc12": "140200050111"}}, {"type": "Feature", "geometry": {"type": "LineString", "coordinates": [[-107.88695440960295, 39.059380205817796, 0.0], [-107.88680760984776, 39.05946487313869, 0.0], [-107.88664760987965, 39.059504872384316, 0.0], [-107.88644307569848, 39.05959107306005, 0.0], [-107.88625087648775, 39.05969500635614, 0.0], [-107.88611480972926, 39.059761405408956, 0.0]]}, "properties": {"gnisidlabel": "West Fork Bonita Surface Creek", "featuretypelabel": "Channel Line", "huc12": "140200050111"}}, {"type": "Feature", "geometry": {"type": "LineString", "coordinates": [[-107.7890318752019, 39.04873767310771, 0.0], [-107.78912627522921, 39.048789472797935, 0.0], [-107.78925647594313, 39.048867473389535, 0.0], [-107.78941047592191, 39.04896287367181, 0.0], [-107.78951747555088, 39.049041406749005, 0.0], [-107.7896350757438, 39.04909267322305, 0.0], [-107.78977541026592, 39.049134406127905, 0.0], [-107.78991567649354, 39.04917607292807, 0.0], [-107.79010101024457, 39.04918960551744, 0.0], [-107.79022767638303, 39.04917747292157, 0.0], [-107.79037641079381, 39.04913787292698, 0.0], [-107.79045834312473, 39.04907373878623, 0.0]]}, "properties": {"gnisidlabel": null, "featuretypelabel": "Channel Line", "huc12": "140200050111"}}, {"type": "Feature", "geometry": {"type": "LineString", "coordinates": [[-107.88700581089233, 39.0559447388211, 0.0], [-107.88645554312234, 39.05575387383601, 0.0], [-107.88598247595606, 39.05551340659973, 0.0], [-107.8852489433169, 39.05531213854556, 0.0], [-107.88449514282956, 39.0553030723295, 0.0], [-107.8841640753965, 39.055325938705465, 0.0], [-107.88382007593034, 39.05538127332996, 0.0]]}, "properties": {"gnisidlabel": null, "featuretypelabel": "Channel Line", "huc12": "140200050111"}}, {"type": "Feature", "geometry": {"type": "LineString", "coordinates": [[-107.84612987588167, 39.00326667343567, 0.0], [-107.84614967599452, 39.003185072810396, 0.0], [-107.84615721049718, 39.00308587251636, 0.0], [-107.84616307635353, 39.00294160569324, 0.0], [-107.84613561010435, 39.00283407341385, 0.0], [-107.84613061066787, 39.002708073679, 0.0], [-107.8461702102289, 39.00254500666746, 0.0], [-107.84617560973889, 39.002391672829056, 0.0], [-107.84623687577279, 39.00219200649662, 0.0], [-107.84626487629082, 39.00202920642049, 0.0], [-107.84630247650519, 39.00181200611273, 0.0], [-107.84635360918269, 39.00164867276145, 0.0], [-107.84639107623943, 39.00143147296887, 0.0], [-107.84636340946733, 39.001315072628934, 0.0], [-107.84632300935647, 39.00117187321881, 0.0], [-107.84625047610245, 39.00109260526168, 0.0], [-107.84616760971791, 39.001040605788866, 0.0], [-107.84606047636794, 39.00096207342148, 0.0], [-107.84601080925137, 39.000873205614674, 0.0], [-107.84594880955535, 39.00076660638717, 0.0], [-107.84590881071883, 39.0006324060363, 0.0], [-107.84590187660977, 39.00046147232034, 0.0], [-107.8458962102447, 39.00031740589628, 0.0], [-107.84588027618325, 39.00020967306366, 0.0], [-107.84584027627332, 39.0000756060336, 0.0], [-107.84581447590362, 38.999981472615396, 0.0], [-107.84581967674931, 38.99985080668822, 0.0], [-107.84576927568962, 38.99945567322693, 0.0], [-107.84566441011631, 38.99914287293156, 0.0], [-107.84555647540515, 38.99875820674789, 0.0], [-107.84532727556643, 38.99851147338226, 0.0], [-107.84511287670158, 38.998345473093046, 0.0], [-107.84481007492168, 38.998280873081384, 0.0], [-107.84444060961698, 38.998280872811485, 0.0], [-107.84403940923605, 38.99835367275109, 0.0], [-107.8436118757103, 38.99834620532799, 0.0], [-107.8431116766048, 38.998250206447814, 0.0], [-107.84272421036648, 38.99808847353616, 0.0], [-107.84235440944275, 38.9977912064537, 0.0], [-107.84205601025461, 38.99754620578601, 0.0], [-107.84183927594277, 38.997326272303894, 0.0], [-107.84148147635376, 38.99703767286074, 0.0]]}, "properties": {"gnisidlabel": null, "featuretypelabel": "Channel Line", "huc12": "140200050111"}}, {"type": "Feature", "geometry": {"type": "LineString", "coordinates": [[-107.83373620960893, 39.04391147336533, 0.0], [-107.83366160998132, 39.04406647253491, 0.0], [-107.83356420960945, 39.0442310061877, 0.0], [-107.83347827579367, 39.04439527359152, 0.0], [-107.83338087569904, 39.044559806187245, 0.0], [-107.8332704765406, 39.04468860613943, 0.0], [-107.83314927591569, 39.04483580547804, 0.0], [-107.8330056758563, 39.04500140592307, 0.0], [-107.8329066110832, 39.04512087237283, 0.0], [-107.83274820957043, 39.04520580631599, 0.0], [-107.832569609094, 39.045363273203186, 0.0], [-107.83240121013598, 39.045484605464864, 0.0], [-107.83226741066639, 39.045604873216384, 0.0], [-107.83215667595681, 39.04572467220214, 0.0], [-107.83210441030008, 39.045861206060444, 0.0], [-107.83206321016229, 39.045988206146, 0.0]]}, "properties": {"gnisidlabel": null, "featuretypelabel": "Channel Line", "huc12": "140200050111"}}, {"type": "Feature", "geometry": {"type": "LineString", "coordinates": [[-107.78308287646426, 39.02532987313708, 0.0], [-107.78323521018645, 39.0256460731956, 0.0], [-107.78341520946879, 39.026119273359065, 0.0], [-107.7834950760405, 39.02646420550582, 0.0], [-107.78331400992165, 39.026711805407714, 0.0], [-107.78307667576982, 39.02696067285653, 0.0], [-107.78277560989694, 39.02719307292045, 0.0], [-107.7824868754504, 39.02725400595125, 0.0]]}, "properties": {"gnisidlabel": null, "featuretypelabel": "Channel Line", "huc12": "140200050111"}}, {"type": "Feature", "geometry": {"type": "LineString", "coordinates": [[-107.87969527576995, 39.047379606250324, 0.0], [-107.87875507563075, 39.04758247300542, 0.0]]}, "properties": {"gnisidlabel": null, "featuretypelabel": "Waterbody Connector", "huc12": "140200050111"}}, {"type": "Feature", "geometry": {"type": "LineString", "coordinates": [[-107.84472221001667, 39.034957605526266, 0.0], [-107.84479820997133, 39.034792405896106, 0.0], [-107.84503927544901, 39.03417593853513, 0.0], [-107.84506467514231, 39.033862739124224, 0.0], [-107.84505300916129, 39.033335472937175, 0.0], [-107.84502954345524, 39.03306647341107, 0.0], [-107.84507434386349, 39.03255540625267, 0.0], [-107.84513354296186, 39.03208273883401, 0.0], [-107.84533521000972, 39.031796005663956, 0.0], [-107.84562127564783, 39.03149240624131, 0.0], [-107.8458660100223, 39.031287806085814, 0.0], [-107.84620941029809, 39.03110473926059, 0.0], [-107.84637734326783, 39.03097747278299, 0.0], [-107.84639027518232, 39.03084560592712, 0.0], [-107.84635360978689, 39.030681005324254, 0.0], [-107.84631014358862, 39.03054940584359, 0.0], [-107.84628694329339, 39.03030787295306, 0.0], [-107.84627714305734, 39.030000338188145, 0.0], [-107.84619720980052, 39.02972060607014, 0.0], [-107.84612414327108, 39.029413406259955, 0.0], [-107.84588681033209, 39.02885993945461, 0.0], [-107.84553761011514, 39.02838393909846, 0.0], [-107.84513927574011, 39.02793567296903, 0.0], [-107.84499287586188, 39.027566339017326, 0.0]]}, "properties": {"gnisidlabel": null, "featuretypelabel": "Channel Line", "huc12": "140200050111"}}, {"type": "Feature", "geometry": {"type": "LineString", "coordinates": [[-107.88710941039193, 39.065265672674975, 0.0], [-107.88666380973567, 39.06487140662838, 0.0], [-107.88630241094259, 39.064383473306826, 0.0], [-107.88599714241592, 39.0638569391726, 0.0], [-107.88587621025873, 39.06357713909244, 0.0], [-107.88626894359379, 39.063158673287816, 0.0], [-107.88653460963171, 39.062680139526485, 0.0], [-107.88687154288641, 39.06238260642476, 0.0], [-107.88708147604743, 39.062052473614465, 0.0], [-107.88727321061667, 39.06181113879993, 0.0]]}, "properties": {"gnisidlabel": null, "featuretypelabel": "Channel Line", "huc12": "140200050111"}}, {"type": "Feature", "geometry": {"type": "LineString", "coordinates": [[-107.82969167566146, 39.010883205716354, 0.0], [-107.82986581007162, 39.01090600572208, 0.0], [-107.83013361081993, 39.010962605457316, 0.0], [-107.83034267636614, 39.01099360535678, 0.0], [-107.83065627556505, 39.011039872943215, 0.0], [-107.8308884763813, 39.0110704055657, 0.0], [-107.83107487653346, 39.0111108735027, 0.0], [-107.83128467577446, 39.01115980618412, 0.0], [-107.83156481058973, 39.01123407334771, 0.0], [-107.8317638102355, 39.01130140627132, 0.0], [-107.83203227623528, 39.01137587287075, 0.0], [-107.83228787568044, 39.011414672980905, 0.0], [-107.83250887520767, 39.01145440605119, 0.0], [-107.83274181104292, 39.01150280542043, 0.0], [-107.83287187571938, 39.01158080617788, 0.0], [-107.83303700998879, 39.01166687343229, 0.0], [-107.83321367674158, 39.01175267276647, 0.0], [-107.83342461066485, 39.011828606462196, 0.0], [-107.83359900975918, 39.01186040613155, 0.0], [-107.83378467606866, 39.01188287305636, 0.0], [-107.83392307647505, 39.011879605816596, 0.0], [-107.83407201035358, 39.0118488723488, 0.0], [-107.8341862757027, 39.011819073485526, 0.0]]}, "properties": {"gnisidlabel": "Marcott Creek", "featuretypelabel": "Channel Line", "huc12": "140200050111"}}, {"type": "Feature", "geometry": {"type": "LineString", "coordinates": [[-107.84351760947999, 39.07375460654231, 0.0], [-107.84341187675298, 39.073712073630396, 0.0], [-107.8432456094923, 39.07359900570224, 0.0], [-107.84305647507475, 39.07349560533572, 0.0], [-107.84291500933908, 39.073426872871565, 0.0], [-107.84270501075193, 39.073378005816835, 0.0], [-107.84250700957828, 39.07333787356127, 0.0], [-107.84230841072359, 39.07328860606058, 0.0], [-107.842052275772, 39.073240805584184, 0.0], [-107.84184407584371, 39.073236806285266, 0.0], [-107.84162580950787, 39.07326920591283, 0.0], [-107.84146487692749, 39.07329120614357, 0.0], [-107.8412108753733, 39.07329727302967, 0.0], [-107.84088501054644, 39.07324227302519, 0.0], [-107.84067580931709, 39.07321127280715, 0.0], [-107.84038527643669, 39.07317327294896, 0.0], [-107.84023380953636, 39.07314100595965, 0.0], [-107.84001401003194, 39.073137272613636, 0.0], [-107.83976041099427, 39.073152472400075, 0.0], [-107.8394954761917, 39.07317700547985, 0.0], [-107.8392076103544, 39.07320200573063, 0.0], [-107.83898820931577, 39.07320740662421, 0.0], [-107.83873381056733, 39.07320460576069, 0.0], [-107.83854907551158, 39.07320907296826, 0.0], [-107.8384332758179, 39.07320287328377, 0.0]]}, "properties": {"gnisidlabel": null, "featuretypelabel": "Channel Line", "huc12": "140200050111"}}, {"type": "Feature", "geometry": {"type": "LineString", "coordinates": [[-107.86193101045949, 39.02002420587478, 0.0], [-107.86192727525797, 39.01993420603053, 0.0], [-107.86190000978375, 39.01982680560507, 0.0], [-107.86184841036237, 39.0196928729939, 0.0], [-107.86179387545467, 39.01948700548275, 0.0], [-107.86175281088836, 39.01932587282607, 0.0], [-107.86173607579862, 39.01920020577015, 0.0], [-107.86168420995557, 39.01905727243142, 0.0], [-107.86162067607451, 39.01891480569497, 0.0], [-107.86161667575203, 39.018815672723484, 0.0], [-107.86168160947486, 39.01870600599479, 0.0], [-107.86174787603979, 39.01863227304755, 0.0], [-107.8618816104368, 39.01851187294864, 0.0], [-107.86204847601483, 39.0183546728565, 0.0], [-107.8621926102447, 39.01820700544018, 0.0], [-107.86233647628407, 39.01805027329714, 0.0], [-107.8624344093867, 39.017903673429956, 0.0], [-107.86247727612414, 39.017821605725096, 0.0], [-107.86250720957229, 39.01770367285994, 0.0], [-107.8624452093242, 39.01759707327026, 0.0], [-107.86236000988121, 39.01749107305783, 0.0], [-107.8623092101868, 39.01737527315087, 0.0], [-107.86229227561671, 39.017240605674246, 0.0], [-107.86233247588582, 39.01709540551525, 0.0], [-107.86238587545687, 39.016986006318035, 0.0], [-107.86246261080507, 39.01688500608621, 0.0], [-107.86257547705308, 39.01681907334452, 0.0], [-107.86271167587613, 39.016761805278556, 0.0], [-107.8629186090636, 39.016738672632954, 0.0], [-107.86313860982251, 39.0167512734741, 0.0], [-107.86337041079325, 39.01677260652037, 0.0], [-107.86357880960279, 39.01678547260511, 0.0], [-107.86379687617686, 39.01675307303245, 0.0], [-107.86394441000495, 39.016686406168915, 0.0], [-107.86411447589343, 39.01661020534041, 0.0], [-107.86423707600925, 39.016499072545805, 0.0]]}, "properties": {"gnisidlabel": "Milk Creek", "featuretypelabel": "Channel Line", "huc12": "140200050111"}}, {"type": "Feature", "geometry": {"type": "LineString", "coordinates": [[-107.8313312757105, 39.00567207342071, 0.0], [-107.83154980999548, 39.005648806063206, 0.0], [-107.83176680926238, 39.00558947365328, 0.0], [-107.83200761054714, 39.00554760592566, 0.0], [-107.83218967573823, 39.005480206042584, 0.0], [-107.83239447566487, 39.00540300572646, 0.0], [-107.83258840932257, 39.00534427365285, 0.0], [-107.83273540972188, 39.00526860598062, 0.0], [-107.83290407655907, 39.00515640608682, 0.0], [-107.83309447641507, 39.005007673163114, 0.0], [-107.8332402104866, 39.004896005788034, 0.0], [-107.83336420922582, 39.004821006269765, 0.0], [-107.83348887598038, 39.00476387332858, 0.0], [-107.83360167643167, 39.004698006134696, 0.0], [-107.8337242762957, 39.00458700588696, 0.0], [-107.83382407556262, 39.00448540574173, 0.0], [-107.83396941034492, 39.00436480570884, 0.0], [-107.83419507546, 39.00423320567903, 0.0], [-107.83442260962651, 39.00414660587056, 0.0], [-107.83460387543278, 39.004061073000194, 0.0], [-107.83473947531088, 39.00398567284272, 0.0], [-107.8348516102166, 39.00390187283861, 0.0], [-107.83490607607331, 39.00381947332462, 0.0], [-107.83496020998933, 39.00372807281981, 0.0], [-107.83504807600444, 39.003617806862046, 0.0], [-107.83518207600721, 39.00350640625334, 0.0], [-107.83529427661475, 39.00342260603764, 0.0], [-107.83541761087491, 39.003329472731764, 0.0], [-107.83553980993678, 39.00320940646292, 0.0], [-107.8356390101937, 39.0030900057998, 0.0], [-107.83570420918181, 39.002989206053805, 0.0], [-107.83573441007715, 39.002880405316084, 0.0], [-107.8357648095384, 39.002771606046394, 0.0], [-107.83580547646514, 39.00263540557056, 0.0], [-107.83586027568202, 39.00256200655197, 0.0], [-107.83594967580223, 39.00248780633489, 0.0], [-107.83606121014506, 39.00238600623525, 0.0], [-107.83615047633411, 39.00231167218852, 0.0], [-107.83626147618733, 39.002200873164334, 0.0], [-107.83632707545341, 39.00210920661356, 0.0], [-107.83640461051617, 39.00202620551011, 0.0], [-107.83650520997114, 39.00194267290451, 0.0], [-107.83661587673875, 39.00182287351884, 0.0], [-107.83673767576128, 39.001693805822654, 0.0], [-107.83681487603141, 39.00160187293172, 0.0], [-107.83694887539522, 39.001490473061295, 0.0], [-107.8370610766072, 39.001406672974284, 0.0], [-107.8371720755708, 39.00129580555845, 0.0], [-107.83730661022338, 39.00119340580085, 0.0], [-107.83738440986679, 39.0011194733269, 0.0], [-107.83754341057339, 39.00105260587074, 0.0], [-107.83773841058348, 39.001020806180435, 0.0], [-107.83788620952033, 39.00096307311993, 0.0], [-107.8380214097783, 39.00087880595493, 0.0], [-107.83807540947512, 39.00078740551146, 0.0], [-107.83811687623438, 39.00066920646952, 0.0], [-107.8381586764884, 39.00056007319558, 0.0], [-107.83825780958672, 39.00044060533036, 0.0], [-107.83835700984191, 39.00032100601791, 0.0], [-107.83841107572285, 39.00022960651436, 0.0], [-107.83845361009162, 39.000138473337195, 0.0], [-107.8385314100662, 39.00006460677504, 0.0], [-107.83862527563086, 38.99999467241807, 0.0], [-107.83864541069394, 38.99998060642929, 0.0], [-107.83903747612744, 38.999727872961536, 0.0], [-107.83943007499127, 38.999439072847764, 0.0], [-107.83981221007035, 38.99917747325471, 0.0], [-107.84019941019872, 38.999041872828, 0.0], [-107.84044620989273, 38.99886480628639, 0.0], [-107.84059040999085, 38.9987170735014, 0.0], [-107.84070967679551, 38.99852500651687, 0.0], [-107.840875210469, 38.998331673248344, 0.0]]}, "properties": {"gnisidlabel": "Caesar Creek", "featuretypelabel": "Channel Line", "huc12": "140200050111"}}, {"type": "Feature", "geometry": {"type": "LineString", "coordinates": [[-107.87562641012808, 39.03215480630885, 0.0], [-107.87494154387046, 39.032063138702654, 0.0], [-107.8741929425039, 39.03180947335322, 0.0], [-107.87340034245832, 39.03136393879947, 0.0], [-107.8726932103637, 39.03102213915794, 0.0], [-107.87246587612928, 39.03091840595879, 0.0]]}, "properties": {"gnisidlabel": null, "featuretypelabel": "Channel Line", "huc12": "140200050111"}}, {"type": "Feature", "geometry": {"type": "LineString", "coordinates": [[-107.82248340964061, 39.037517806069474, 0.0], [-107.82229507668725, 39.03743227297755, 0.0], [-107.82206120921464, 39.037356873667214, 0.0], [-107.82190827700413, 39.03728860620625, 0.0], [-107.82180181040432, 39.037228006370626, 0.0], [-107.82171707564723, 39.0371310063819, 0.0], [-107.82163060936995, 39.03698887251177, 0.0], [-107.82154547618617, 39.036882806346256, 0.0], [-107.8214944103899, 39.03675800546899, 0.0], [-107.82144247646792, 39.0366150733029, 0.0], [-107.82140207661496, 39.03647187270866, 0.0], [-107.82140827583402, 39.03633660623152, 0.0], [-107.82140287532282, 39.03620160613817, 0.0], [-107.82133921010629, 39.03605007319424, 0.0], [-107.82123960978767, 39.03587220641484, 0.0], [-107.82115281065842, 39.03572120630381, 0.0], [-107.82106480977451, 39.0355430730025, 0.0], [-107.82099127688105, 39.03543680577996, 0.0], [-107.82093867622122, 39.0352758732306, 0.0], [-107.82085081002562, 39.03509787342048, 0.0], [-107.82079707639541, 39.034909872671044, 0.0], [-107.82075421012306, 39.03470380614714, 0.0], [-107.82072501018193, 39.034551273817634, 0.0], [-107.82068361012647, 39.034381206068275, 0.0], [-107.82065447632503, 39.034228673011285, 0.0], [-107.8205784103034, 39.0340594063089, 0.0], [-107.82049007594526, 39.03387227333522, 0.0], [-107.82044801058262, 39.03368420622413, 0.0], [-107.8203938754557, 39.03348727258223, 0.0], [-107.82038567680725, 39.03328027236164, 0.0], [-107.82035541045914, 39.033100805283105, 0.0], [-107.82031187526921, 39.032876606017346, 0.0], [-107.82029247520228, 39.03267887323063, 0.0], [-107.82030761119076, 39.03248027322501, 0.0], [-107.82032501012452, 39.03233580595998, 0.0], [-107.82032907557297, 39.03214640627538, 0.0], [-107.82035761003236, 39.03199260646545, 0.0], [-107.82032880917997, 39.03184920666316, 0.0], [-107.82033567537084, 39.031731872690514, 0.0], [-107.82029600987775, 39.03160667364805, 0.0], [-107.82023327579749, 39.03148220574493, 0.0], [-107.82013601071286, 39.03135827331037, 0.0], [-107.81990921088607, 39.03117460617455, 0.0], [-107.81975200960282, 39.030998272884666, 0.0], [-107.81968940926504, 39.030873672594694, 0.0], [-107.81962660938343, 39.03074907348982, 0.0], [-107.8195372763322, 39.0305348727277, 0.0], [-107.81949620994844, 39.03037380626204, 0.0], [-107.81949187509326, 39.03026580543962, 0.0], [-107.81952147525158, 39.03013900620046, 0.0], [-107.81948187574444, 39.03001380612947, 0.0], [-107.81943207561686, 39.02992487270331, 0.0]]}, "properties": {"gnisidlabel": null, "featuretypelabel": "Channel Line", "huc12": "140200050111"}}, {"type": "Feature", "geometry": {"type": "LineString", "coordinates": [[-107.84188820913027, 39.0213254053541, 0.0], [-107.84177787591337, 39.021165873743705, 0.0], [-107.84164367583325, 39.020989005850744, 0.0], [-107.84153347651295, 39.0208294734263, 0.0], [-107.84142227666113, 39.02065207248684, 0.0], [-107.8413354758928, 39.02050100640836, 0.0], [-107.84128400999879, 39.02036720598291, 0.0], [-107.84125607598295, 39.02025067337748, 0.0], [-107.84127307587026, 39.02009720585109, 0.0]]}, "properties": {"gnisidlabel": "Surface Creek", "featuretypelabel": "Channel Line", "huc12": "140200050111"}}, {"type": "Feature", "geometry": {"type": "LineString", "coordinates": [[-107.8660684106715, 39.050382206332856, 0.0], [-107.86591567675931, 39.05032300542006, 0.0], [-107.86566901007645, 39.05022087312158, 0.0], [-107.86546827613695, 39.050117673035665, 0.0], [-107.86520967515501, 39.05000700623574, 0.0], [-107.86501127652406, 39.04995767270923, 0.0], [-107.86486881072487, 39.04986220563685, 0.0], [-107.86471407523493, 39.049748872578945, 0.0], [-107.86456027585278, 39.049617472298024, 0.0]]}, "properties": {"gnisidlabel": null, "featuretypelabel": "Channel Line", "huc12": "140200050111"}}, {"type": "Feature", "geometry": {"type": "LineString", "coordinates": [[-107.8793918754049, 38.98328780660428, 0.0], [-107.87941667601221, 38.98304380636688, 0.0], [-107.87948941029808, 38.982843873560434, 0.0], [-107.87949400945784, 38.98267260629169, 0.0], [-107.87952161011609, 38.98250067274899, 0.0], [-107.87945747630268, 38.982340205654396, 0.0], [-107.87942700918441, 38.98216067287926, 0.0], [-107.87941501017923, 38.98186380585866, 0.0], [-107.87943901083136, 38.98160187311907, 0.0], [-107.87946781020314, 38.981457006307636, 0.0], [-107.87954007612514, 38.9812480057576, 0.0], [-107.87957861008485, 38.981057872461825, 0.0], [-107.87966307537808, 38.9808666056398, 0.0], [-107.87971320953797, 38.98067620561262, 0.0], [-107.87986727543145, 38.98049207362462, 0.0], [-107.87993067616813, 38.98034647276152, 0.0], [-107.87999580961439, 38.980245805554546, 0.0], [-107.88003867544131, 38.98016360543597, 0.0], [-107.8800350102345, 38.980073606055, 0.0], [-107.88001907698128, 38.97996587280515, 0.0], [-107.8799062099859, 38.979743472822605, 0.0], [-107.87984340996114, 38.97961887285245, 0.0], [-107.87972227511726, 38.97947780646346, 0.0], [-107.87950267515312, 38.97918587289464, 0.0], [-107.87935847558906, 38.97904527301347, 0.0], [-107.87920167571892, 38.97887800576003, 0.0], [-107.87907980972103, 38.978718806288576, 0.0], [-107.87898067632446, 38.978550073311276, 0.0], [-107.87890707558728, 38.97844380611058, 0.0], [-107.87877661050304, 38.97835687346538, 0.0], [-107.87858700982551, 38.978235473676335, 0.0], [-107.87843121075475, 38.978095206700736, 0.0], [-107.87821927596826, 38.97799227294533, 0.0], [-107.87796101028532, 38.977881606726676, 0.0], [-107.8777842754234, 38.977795873561135, 0.0], [-107.87764161046235, 38.97769120559895, 0.0], [-107.87751067489972, 38.97759540563146, 0.0], [-107.87731927585196, 38.977428873365994, 0.0], [-107.8771750762678, 38.97728827334674, 0.0], [-107.8770894102228, 38.97716427293976, 0.0], [-107.87696861051323, 38.97703220604521, 0.0], [-107.87687907549096, 38.97681820642403, 0.0], [-107.87684987615198, 38.97666580629019, 0.0], [-107.8767924100556, 38.976387873044565, 0.0], [-107.87681647598093, 38.97612607318297, 0.0], [-107.87681560899495, 38.97581967319842, 0.0], [-107.87683427657801, 38.975711206392766, 0.0], [-107.87687487622095, 38.97557500657804, 0.0], [-107.87689001036647, 38.97537640629002, 0.0], [-107.8769002766752, 38.975060873032255, 0.0], [-107.8769448107122, 38.97473540597165, 0.0], [-107.87700907602967, 38.974328472805055, 0.0], [-107.87703900980048, 38.97421060635401, 0.0], [-107.87700900915975, 38.974040072828714, 0.0], [-107.87702360957536, 38.97383260638837, 0.0], [-107.87706067587872, 38.97360647300582, 0.0], [-107.87708947556546, 38.973461605704486, 0.0], [-107.8771286105576, 38.97328947347503, 0.0], [-107.87720207614514, 38.973107473389945, 0.0], [-107.87734180971631, 38.97285180559836, 0.0], [-107.8774602099393, 38.97264167309233, 0.0], [-107.8775108760751, 38.972469273287565, 0.0], [-107.87758361057003, 38.9722692063321, 0.0], [-107.87769227548296, 38.97210440572203, 0.0], [-107.87779067544099, 38.97196687276009, 0.0], [-107.87789941101096, 38.97180187292144, 0.0], [-107.8780304104191, 38.97161860635024, 0.0], [-107.87815107598918, 38.97146247307771, 0.0], [-107.87833687588846, 38.97120560577706, 0.0], [-107.87844667677471, 38.97106767372711, 0.0], [-107.87839647612425, 38.97096987337421, 0.0], [-107.878505610413, 38.97081407304945, 0.0], [-107.87857827530033, 38.970614072972545, 0.0], [-107.8786188762056, 38.97047787341161, 0.0], [-107.87869387581722, 38.97033187235848, 0.0], [-107.87873381022337, 38.9701778054356, 0.0], [-107.87877180986592, 38.96997860610249, 0.0]]}, "properties": {"gnisidlabel": null, "featuretypelabel": "Channel Line", "huc12": "140200050111"}}, {"type": "Feature", "geometry": {"type": "LineString", "coordinates": [[-107.78685914384752, 39.04095327271153, 0.0], [-107.7870508763639, 39.04081520594578, 0.0]]}, "properties": {"gnisidlabel": null, "featuretypelabel": "Waterbody Connector", "huc12": "140200050111"}}, {"type": "Feature", "geometry": {"type": "LineString", "coordinates": [[-107.84671421007458, 39.044977939638855, 0.0], [-107.84691520930379, 39.04483360601662, 0.0], [-107.847216209892, 39.04463260579173, 0.0], [-107.84747480936888, 39.04440547244614, 0.0], [-107.84752547626766, 39.0443276726582, 0.0]]}, "properties": {"gnisidlabel": null, "featuretypelabel": "Channel Line", "huc12": "140200050111"}}, {"type": "Feature", "geometry": {"type": "LineString", "coordinates": [[-107.84945187606185, 39.07028340597886, 0.0], [-107.84989607541712, 39.07031940601948, 0.0], [-107.8505113430381, 39.07056880602604, 0.0], [-107.85083127584463, 39.07088560587639, 0.0], [-107.85134114286531, 39.07117393926347, 0.0], [-107.85205554348319, 39.07147767296563, 0.0], [-107.85246160929172, 39.071608073144894, 0.0]]}, "properties": {"gnisidlabel": null, "featuretypelabel": "Channel Line", "huc12": "140200050111"}}, {"type": "Feature", "geometry": {"type": "LineString", "coordinates": [[-107.86698847571122, 39.066837073375545, 0.0], [-107.86742687659249, 39.066749206480345, 0.0]]}, "properties": {"gnisidlabel": null, "featuretypelabel": "Waterbody Connector", "huc12": "140200050111"}}, {"type": "Feature", "geometry": {"type": "LineString", "coordinates": [[-107.86655041038938, 39.06286587342654, 0.0], [-107.86745401000275, 39.06308727288986, 0.0], [-107.87035807605525, 39.06299507263112, 0.0]]}, "properties": {"gnisidlabel": null, "featuretypelabel": "Waterbody Connector", "huc12": "140200050111"}}, {"type": "Feature", "geometry": {"type": "LineString", "coordinates": [[-107.84846347619482, 39.05737247294486, 0.0], [-107.84805014266769, 39.05645620554092, 0.0]]}, "properties": {"gnisidlabel": "Bonita Creek", "featuretypelabel": "Waterbody Connector", "huc12": "140200050111"}}, {"type": "Feature", "geometry": {"type": "LineString", "coordinates": [[-107.80562047531947, 39.05621347298396, 0.0], [-107.80562901045884, 39.05618627285815, 0.0], [-107.80563440974686, 39.05603300657696, 0.0], [-107.80562767568149, 39.055862006251154, 0.0], [-107.80565601002787, 39.05569920579472, 0.0], [-107.8057288756716, 39.05549920610695, 0.0], [-107.80574620989421, 39.055354673199275, 0.0], [-107.80575207631665, 39.05521040647982, 0.0], [-107.80573547603905, 39.05508460592782, 0.0], [-107.80573347643957, 39.05503067289294, 0.0], [-107.80577707516653, 39.05496660596822, 0.0], [-107.80587847604488, 39.05490107254648, 0.0], [-107.80589947570935, 39.054846472238175, 0.0], [-107.80591867545692, 39.05474680617411, 0.0], [-107.80591581032583, 39.05467487322835, 0.0], [-107.80593560945096, 39.05459340537415, 0.0], [-107.80594320976887, 39.054494005979, 0.0], [-107.80588340985679, 39.05444140607513, 0.0], [-107.80586941018952, 39.054378672761466, 0.0], [-107.80588861022167, 39.05427907335724, 0.0], [-107.80596327533468, 39.05412420594589, 0.0], [-107.80598207597205, 39.05401560621523, 0.0], [-107.80599980949889, 39.05388000599757, 0.0], [-107.80597347615343, 39.05379960656616, 0.0], [-107.80596960952195, 39.0537006057832, 0.0], [-107.80598947629849, 39.053619073221554, 0.0], [-107.80604361039464, 39.05352767229504, 0.0], [-107.80606427630815, 39.053464073666376, 0.0], [-107.8060700762893, 39.053319806703314, 0.0], [-107.80606760999981, 39.053256806505395, 0.0]]}, "properties": {"gnisidlabel": "Marcott Creek", "featuretypelabel": "Channel Line", "huc12": "140200050111"}}, {"type": "Feature", "geometry": {"type": "LineString", "coordinates": [[-107.8474464759781, 39.06986680548369, 0.0], [-107.84197741003676, 39.0684292730481, 0.0], [-107.84188101090405, 39.06782147310686, 0.0]]}, "properties": {"gnisidlabel": null, "featuretypelabel": "Waterbody Connector", "huc12": "140200050111"}}, {"type": "Feature", "geometry": {"type": "LineString", "coordinates": [[-107.78461554323724, 39.04021687312037, 0.0], [-107.78461640907578, 39.040217005588026, 0.0], [-107.7848272758506, 39.04023440626679, 0.0], [-107.7851046750981, 39.040236873363746, 0.0], [-107.7852792102629, 39.040268673034724, 0.0], [-107.78548800945846, 39.04029080573994, 0.0], [-107.78566220975122, 39.04031360646366, 0.0], [-107.78591780966643, 39.04035247308084, 0.0], [-107.78607040973384, 39.04041200597927, 0.0], [-107.78620047679279, 39.04049000630015, 0.0], [-107.78633101049512, 39.04057687285588, 0.0], [-107.7864622100058, 39.04068187302007, 0.0], [-107.78654620949595, 39.04076100584544, 0.0]]}, "properties": {"gnisidlabel": null, "featuretypelabel": "Channel Line", "huc12": "140200050111"}}, {"type": "Feature", "geometry": {"type": "LineString", "coordinates": [[-107.82419514373554, 39.06168380611614, 0.0], [-107.82363480971883, 39.0612473391451, 0.0], [-107.82329247623179, 39.06076020595697, 0.0], [-107.82297194349441, 39.06034993888913, 0.0], [-107.8227408096331, 39.05968647251617, 0.0], [-107.82254467603275, 39.05898993896228, 0.0], [-107.82244320965978, 39.05865540523648, 0.0], [-107.82230401055645, 39.058319805977874, 0.0]]}, "properties": {"gnisidlabel": null, "featuretypelabel": "Channel Line", "huc12": "140200050111"}}, {"type": "Feature", "geometry": {"type": "LineString", "coordinates": [[-107.84123420974686, 38.99662927277443, 0.0], [-107.8412072103247, 38.996530806144925, 0.0], [-107.84116967687618, 38.99645967288421, 0.0], [-107.8411550098757, 38.996379005749084, 0.0], [-107.8411748101064, 38.99629747341375, 0.0], [-107.8412522095953, 38.99621440580826, 0.0], [-107.84137341072307, 38.996067405570194, 0.0], [-107.8415520766134, 38.99591887307569, 0.0], [-107.84169521029753, 38.99574420632252, 0.0], [-107.8417446759553, 38.99553567293988, 0.0], [-107.8416306766595, 38.99528627336076, 0.0], [-107.84148407587487, 38.995082673792496, 0.0], [-107.84133947502376, 38.99493300563678, 0.0], [-107.84133001053613, 38.994892673105596, 0.0], [-107.84131181049884, 38.994816605605095, 0.0], [-107.84136647598943, 38.99474320552623, 0.0], [-107.84156800991883, 38.994585073318916, 0.0], [-107.84169547678351, 38.99460000614889, 0.0], [-107.84174207620678, 38.994607873034646, 0.0], [-107.84198720938795, 38.99467400602127, 0.0], [-107.84221641051032, 38.994632405836846, 0.0], [-107.84236047639966, 38.994484672404795, 0.0], [-107.84256847647616, 38.99420040658736, 0.0], [-107.84295027575843, 38.99392980608072, 0.0], [-107.84332607666384, 38.99380347359827, 0.0], [-107.84360827586046, 38.99364340574528, 0.0], [-107.8437236104253, 38.993352406147245, 0.0], [-107.84377061022134, 38.99308087333371, 0.0], [-107.84391041055295, 38.99282527328441, 0.0], [-107.84411067566975, 38.99264020638355, 0.0], [-107.8442336751278, 38.99253807303137, 0.0], [-107.84434501063319, 38.99243627366636, 0.0], [-107.84445707573234, 38.992352406000514, 0.0], [-107.84455727576004, 38.99225987273972, 0.0], [-107.84469167585539, 38.992157473367264, 0.0], [-107.84482541047608, 38.992037206244405, 0.0], [-107.8449602095928, 38.99194380586839, 0.0], [-107.84507007524019, 38.991806005551986, 0.0], [-107.84511161059218, 38.99168787359402, 0.0], [-107.84510547613098, 38.99153480572151, 0.0], [-107.84507627573622, 38.991382405229146, 0.0], [-107.84503560994789, 38.991230206131824, 0.0], [-107.84497460970088, 38.99115067371026, 0.0], [-107.84491081063841, 38.99099900572275, 0.0], [-107.84482647589283, 38.99091100564471, 0.0], [-107.84475407527614, 38.99083167289549, 0.0], [-107.8447172758612, 38.9907786066642, 0.0], [-107.84467901041319, 38.99068940580551, 0.0], [-107.84466361036672, 38.9905906731328, 0.0], [-107.8446826757224, 38.9904910724989, 0.0], [-107.844803809441, 38.990344005574926, 0.0], [-107.84493640969616, 38.99019660557466, 0.0], [-107.84509167589714, 38.990039673008425, 0.0], [-107.84521361050463, 38.98991047266943, 0.0], [-107.8453702760312, 38.98978967327476, 0.0], [-107.8454942754786, 38.9897144728778, 0.0], [-107.84557207613047, 38.98964047290285, 0.0], [-107.8456954102912, 38.98954747316254, 0.0], [-107.84582041025092, 38.98949927331473, 0.0], [-107.84598187689123, 38.98949540583717, 0.0], [-107.84610920978092, 38.989501272324425, 0.0], [-107.84621181044658, 38.98947180630108, 0.0], [-107.84633687609775, 38.98942367367001, 0.0], [-107.8464262755057, 38.989349406186925, 0.0], [-107.84645900957675, 38.98930360596958, 0.0], [-107.84647961029667, 38.9892400730916, 0.0], [-107.84651101051068, 38.98915820621687, 0.0], [-107.84655387633389, 38.989076006245526, 0.0], [-107.84660787653044, 38.98898460645093, 0.0], [-107.84670847615517, 38.988901072476175, 0.0], [-107.84684427678592, 38.98883467354412, 0.0], [-107.84700501091058, 38.98881280538167, 0.0], [-107.8471314755396, 38.98880067299488, 0.0], [-107.84731600989672, 38.98879607279949, 0.0], [-107.84752367663481, 38.98879107310628, 0.0], [-107.84763861079615, 38.9887792722343, 0.0], [-107.8477532094613, 38.988758473111794, 0.0], [-107.84785561056785, 38.98871987266896, 0.0], [-107.84796841007982, 38.9886540730111, 0.0], [-107.84809121068369, 38.98855200631179, 0.0], [-107.84814567683392, 38.98846960618269, 0.0], [-107.84824581024904, 38.98837707326024, 0.0], [-107.84838020942699, 38.988274673364536, 0.0], [-107.84849187585205, 38.98818180622231, 0.0], [-107.84857947602109, 38.988062606179554, 0.0], [-107.84870307609538, 38.98797847252149, 0.0], [-107.8487484759771, 38.98795940642794, 0.0]]}, "properties": {"gnisidlabel": "Surface Creek", "featuretypelabel": "Channel Line", "huc12": "140200050111"}}, {"type": "Feature", "geometry": {"type": "LineString", "coordinates": [[-107.87349767621674, 39.059257873029026, 0.0], [-107.87343947660565, 39.05920967358235, 0.0], [-107.87341380968249, 39.059147272947136, 0.0], [-107.87342320994975, 39.05909307326863, 0.0], [-107.87350147686834, 39.05902807370365, 0.0], [-107.87358041027136, 39.058981072770855, 0.0], [-107.87363487562473, 39.05895947310852, 0.0]]}, "properties": {"gnisidlabel": null, "featuretypelabel": "Channel Line", "huc12": "140200050111"}}, {"type": "Feature", "geometry": {"type": "LineString", "coordinates": [[-107.85005854254389, 39.012194139052184, 0.0], [-107.85007834242134, 39.01205133882049, 0.0], [-107.85013894311176, 39.01174900595939, 0.0], [-107.85019847622874, 39.0113424055236, 0.0], [-107.85009620961658, 39.01093673947014, 0.0], [-107.84979561080971, 39.01038393923391, 0.0], [-107.84958754383092, 39.00995133835474, 0.0], [-107.8495366106096, 39.009807072624376, 0.0]]}, "properties": {"gnisidlabel": null, "featuretypelabel": "Channel Line", "huc12": "140200050111"}}, {"type": "Feature", "geometry": {"type": "LineString", "coordinates": [[-107.93485361012398, 38.87531020584699, 0.0], [-107.93504600981335, 38.87522420585559, 0.0], [-107.93520207574655, 38.875094205994394, 0.0], [-107.93530927517908, 38.87498340554481, 0.0], [-107.93541727560022, 38.8747554063388, 0.0], [-107.9356566762867, 38.87409167272462, 0.0], [-107.93573321026085, 38.87403580564606, 0.0], [-107.93594760919797, 38.87396280657907, 0.0], [-107.93600867542683, 38.87389367354956, 0.0], [-107.9361020761099, 38.87327880640858, 0.0], [-107.93615401014752, 38.87312880660756, 0.0], [-107.9362238754979, 38.873064006112905, 0.0], [-107.93643720933443, 38.87297300593621, 0.0], [-107.93662461018575, 38.872788073253304, 0.0], [-107.93670061011058, 38.87267807299167, 0.0], [-107.93684527607249, 38.87236360545309, 0.0], [-107.93705947625118, 38.87208800647567, 0.0], [-107.9372636098176, 38.87191607325289, 0.0], [-107.93783447520883, 38.87149640565334, 0.0], [-107.93793627550535, 38.87140820639243, 0.0], [-107.9380398094932, 38.8712884732681, 0.0], [-107.938082010437, 38.871138806005085, 0.0], [-107.93799100965794, 38.87077627260734, 0.0], [-107.93800087540306, 38.87066340605184, 0.0], [-107.9381326102003, 38.8702140732097, 0.0], [-107.93834627648224, 38.869934006104316, 0.0], [-107.93848487561814, 38.869813405811456, 0.0], [-107.93864241012537, 38.86972380600094, 0.0], [-107.93877607652925, 38.86967080625062, 0.0], [-107.93913607580429, 38.86956720644995, 0.0], [-107.93930361046745, 38.869477406124325, 0.0], [-107.93955440989326, 38.869241406037276, 0.0], [-107.93990680933835, 38.868849605868974, 0.0], [-107.94026021033554, 38.86853887320486, 0.0], [-107.94042661003061, 38.86831400607657, 0.0], [-107.9405086100358, 38.86815427378654, 0.0], [-107.94068521051622, 38.86759567232874, 0.0], [-107.94077867619016, 38.867381605801555, 0.0], [-107.94087127618411, 38.86721720521482, 0.0], [-107.94095767601407, 38.867102405919994, 0.0], [-107.94106847638767, 38.8670184726749, 0.0], [-107.94118587710331, 38.86696147298958, 0.0], [-107.94137967620982, 38.86693407268045, 0.0], [-107.94147487619708, 38.86690020531891, 0.0], [-107.94154821001905, 38.8668532062028, 0.0], [-107.94166167585229, 38.86675580610091, 0.0], [-107.941979876168, 38.86637840615494, 0.0], [-107.94213140988958, 38.86602767261666, 0.0], [-107.94220721009769, 38.865908673006324, 0.0], [-107.9423450104831, 38.86573860546257, 0.0], [-107.9424918753647, 38.86559967317998, 0.0], [-107.9426742095313, 38.865523072441235, 0.0], [-107.94314060997993, 38.86542120612287, 0.0], [-107.94368981048736, 38.865195605873744, 0.0], [-107.9441814752589, 38.86506620618247, 0.0], [-107.94431387574495, 38.864963673566834, 0.0], [-107.94450621000432, 38.864742605873694, 0.0], [-107.94480681065673, 38.864572805728635, 0.0], [-107.9450086763145, 38.86441460574102, 0.0], [-107.94515100944976, 38.86427140617933, 0.0], [-107.94532880933139, 38.86401907335229, 0.0], [-107.94548921009462, 38.86369080643208, 0.0], [-107.94570767567222, 38.86341500600711, 0.0], [-107.94582800989521, 38.86331727361609, 0.0], [-107.94618501039665, 38.86315060565983, 0.0], [-107.94630041031178, 38.863080206395516, 0.0], [-107.94660300946795, 38.86265367276427, 0.0], [-107.94694941000245, 38.8623160728015, 0.0], [-107.94711241085464, 38.862109205693905, 0.0], [-107.94743687673439, 38.861848806077326, 0.0], [-107.94758667533165, 38.86168280604458, 0.0], [-107.94773947541184, 38.86135467317507, 0.0], [-107.94782147622544, 38.86111840523981, 0.0], [-107.9479836090641, 38.86058267313233, 0.0], [-107.94800047613434, 38.86042007306495, 0.0], [-107.94803800970558, 38.86032460588643, 0.0], [-107.9480896763443, 38.86025567265112, 0.0], [-107.94820861047846, 38.86018967326596, 0.0], [-107.94824147596367, 38.860143805969386, 0.0], [-107.94826861023381, 38.86002587261461, 0.0], [-107.94829447609756, 38.85971440632768, 0.0], [-107.94832447612511, 38.85963707354926, 0.0], [-107.94922781043272, 38.85898820609606, 0.0], [-107.94956847603562, 38.85870027328939, 0.0], [-107.94963787533194, 38.8585904064758, 0.0], [-107.9497378765465, 38.858308606553564, 0.0], [-107.94996727580295, 38.857879406638375, 0.0], [-107.95011080998209, 38.857655005945354, 0.0], [-107.95022507522762, 38.857512473009535, 0.0], [-107.95038021028293, 38.857346405763735, 0.0], [-107.95081967621705, 38.85694787319299, 0.0], [-107.95147027615154, 38.856427005494574, 0.0], [-107.95170861008087, 38.85612820607656, 0.0], [-107.95197947577503, 38.85567080663189, 0.0], [-107.95200787595653, 38.85555747285879, 0.0], [-107.9521956766334, 38.855341072423336, 0.0], [-107.95228421053783, 38.85519020559111, 0.0], [-107.95229807588255, 38.85513120614629, 0.0], [-107.95228987555208, 38.853960205870976, 0.0], [-107.95237760983424, 38.85308867320038, 0.0], [-107.95237941037611, 38.85296247351578, 0.0], [-107.95233387635021, 38.85266640635685, 0.0], [-107.9523444103403, 38.852503873083904, 0.0], [-107.95248547623827, 38.851594872940964, 0.0], [-107.95249020970962, 38.85135160614494, 0.0], [-107.952527209885, 38.85122447264824, 0.0], [-107.95258720897772, 38.851150873520446, 0.0], [-107.95273760986953, 38.851012005946686, 0.0], [-107.95282461005611, 38.85095120641764, 0.0], [-107.95293287543618, 38.85089900659161, 0.0], [-107.95321841030936, 38.85080620641673, 0.0], [-107.95333121015031, 38.85074020678359, 0.0], [-107.95339020920375, 38.850657673096244, 0.0], [-107.95345987575129, 38.850444206250856, 0.0], [-107.95351507526358, 38.850343673151485, 0.0], [-107.953575075878, 38.85027460592792, 0.0], [-107.95380427560265, 38.850084072383275, 0.0], [-107.95404507602893, 38.849920406035345, 0.0], [-107.95441901014604, 38.849735205805295, 0.0], [-107.95455000978451, 38.84965080552587, 0.0], [-107.95460487681191, 38.84958180559197, 0.0], [-107.95463607608627, 38.84950447331144, 0.0], [-107.95470987646023, 38.849092673036694, 0.0], [-107.95475360948765, 38.84894287289193, 0.0], [-107.95484700962952, 38.848751405263116, 0.0], [-107.95503661020426, 38.848543806209335, 0.0], [-107.9554470758398, 38.84821367316756, 0.0], [-107.95578207626374, 38.8479934735557, 0.0], [-107.95604941076697, 38.84785600593149, 0.0], [-107.95700820987753, 38.847421872655055, 0.0], [-107.95755600965674, 38.847151206624616, 0.0], [-107.95791967593792, 38.84695740606988, 0.0], [-107.95818500965471, 38.84679287262562, 0.0], [-107.95825247684911, 38.84670567325803, 0.0], [-107.95829000964594, 38.84659207318174, 0.0], [-107.95826147613327, 38.846250406260495, 0.0], [-107.95829740897403, 38.845961272797595, 0.0], [-107.95839227506292, 38.84552647329074, 0.0], [-107.9584332751963, 38.84542180689423, 0.0], [-107.95853781037398, 38.845293006429635, 0.0], [-107.95887047625158, 38.8449602735261, 0.0], [-107.95899640960212, 38.84479940671377, 0.0], [-107.9591508761191, 38.84453867301884, 0.0], [-107.95952661095684, 38.843808473132576, 0.0], [-107.95967341001207, 38.843647072883286, 0.0], [-107.95979327585934, 38.8435810059935, 0.0], [-107.96030281050808, 38.843387872687536, 0.0], [-107.96056281043573, 38.843268606251144, 0.0], [-107.96069700952962, 38.843170673040326, 0.0], [-107.96080407542117, 38.84305087307496, 0.0], [-107.96087780940512, 38.84286427268715, 0.0], [-107.9608894761314, 38.84249907299454, 0.0], [-107.9608726109017, 38.84222920618216, 0.0], [-107.96082727603927, 38.84196460576359, 0.0], [-107.96068127611939, 38.84169800588437, 0.0], [-107.96065701041869, 38.84159960609606, 0.0], [-107.96066120965993, 38.84134720575543, 0.0], [-107.96071241068825, 38.841170273462595, 0.0], [-107.96081807645857, 38.8409918729489, 0.0], [-107.96092547596231, 38.84090360588083, 0.0], [-107.96110407563206, 38.840854005270394, 0.0], [-107.9614758768576, 38.84082207238594, 0.0], [-107.96160480955444, 38.84078267273642, 0.0], [-107.96188627680887, 38.84065840555871, 0.0], [-107.96204341021655, 38.84053740593189, 0.0], [-107.96206387537201, 38.84047827300021, 0.0], [-107.96203161023902, 38.84029447289284, 0.0], [-107.96189387699641, 38.84009067282409, 0.0], [-107.96185587597897, 38.84000607231427, 0.0], [-107.96177660991249, 38.83955320619679, 0.0], [-107.96166680970893, 38.83931720594027, 0.0], [-107.96134260953686, 38.83871727257138, 0.0], [-107.96131167551383, 38.83861000603517, 0.0], [-107.96132401062751, 38.838524073175286, 0.0], [-107.96138361096384, 38.83839647344141, 0.0], [-107.96148907597048, 38.838263206292126, 0.0], [-107.96152040949335, 38.83819480666565, 0.0], [-107.96155467642731, 38.83784247292476, 0.0], [-107.96159587640422, 38.83686400595372, 0.0], [-107.96162501046405, 38.83676867379623, 0.0], [-107.96176327532514, 38.836517473097565, 0.0], [-107.96180481049859, 38.836399273026494, 0.0], [-107.9617556753275, 38.836278873849594, 0.0], [-107.96154347582222, 38.8360410060043, 0.0], [-107.96149420969351, 38.83594767311566, 0.0], [-107.96149267597346, 38.835880206558095, 0.0], [-107.96154000942151, 38.83568527288005, 0.0], [-107.96151820974448, 38.835523606039736, 0.0], [-107.96157607658813, 38.835292405928925, 0.0], [-107.9616266094892, 38.835174006424005, 0.0], [-107.961724675653, 38.8350184060793, 0.0], [-107.96184540947394, 38.83489820523817, 0.0], [-107.96220861043113, 38.83459620641073, 0.0], [-107.96230587598986, 38.83445400610716, 0.0], [-107.9625466754839, 38.83423627236959, 0.0], [-107.96258587525772, 38.83411367273778, 0.0], [-107.96259247563043, 38.834023406007674, 0.0], [-107.962561010522, 38.83379000533556, 0.0], [-107.96257887623666, 38.8336724066816, 0.0], [-107.96265227555503, 38.833467805514815, 0.0], [-107.96279520978231, 38.833148873313704, 0.0], [-107.96290007644821, 38.83300200570123, 0.0], [-107.96300167681429, 38.832567005276296, 0.0], [-107.96307620938232, 38.832357873270375, 0.0], [-107.96317387581395, 38.83219327287579, 0.0], [-107.96338347600445, 38.832066405339354, 0.0], [-107.96345807626285, 38.83195627329475, 0.0], [-107.96347407658533, 38.8317126730713, 0.0], [-107.96345120961935, 38.831370873078114, 0.0], [-107.96338860903623, 38.83093107274377, 0.0], [-107.96331427615218, 38.83063107309717, 0.0], [-107.96332720961678, 38.83001820605926, 0.0]]}, "properties": {"gnisidlabel": "Cedar Run", "featuretypelabel": "Channel Line", "huc12": "140200050105"}}, {"type": "Feature", "geometry": {"type": "LineString", "coordinates": [[-107.83345721009424, 39.05831487286241, 0.0], [-107.83348327540287, 39.058098005620145, 0.0], [-107.833486076465, 39.05788167251196, 0.0], [-107.83352620967561, 39.05772760530854, 0.0], [-107.83353920999085, 39.057475072965055, 0.0], [-107.83355401104215, 39.05726747324815, 0.0], [-107.83360587626659, 39.05712200629489, 0.0], [-107.83364280892252, 39.056886873003684, 0.0], [-107.83372861054588, 39.05672267273574, 0.0], [-107.83379181011487, 39.05656787245447, 0.0], [-107.83392447602714, 39.05642060622507, 0.0], [-107.83403567578462, 39.05630980591936, 0.0], [-107.83419301035491, 39.056197872667944, 0.0], [-107.83433981024565, 39.05611320615252, 0.0], [-107.8345558750969, 39.05602680602674, 0.0], [-107.83480701032359, 39.0559486730723, 0.0], [-107.83500061105627, 39.0558808734858, 0.0], [-107.83521561067569, 39.055767606269434, 0.0], [-107.83535167508455, 39.055701205930156, 0.0], [-107.83550927633459, 39.05559827251971, 0.0], [-107.83566661015477, 39.05548627336822, 0.0], [-107.8358230757087, 39.05535640601316, 0.0], [-107.8359908757324, 39.05521707345958, 0.0], [-107.83619221005026, 39.05505007326694, 0.0], [-107.83636180983204, 39.054955873700855, 0.0], [-107.83649667616271, 39.054862472479144, 0.0], [-107.83664167602967, 39.05473287231757, 0.0], [-107.83677587634565, 39.05462147264345, 0.0], [-107.8369092757204, 39.05449207256319, 0.0], [-107.83707821017599, 39.05437987292278, 0.0], [-107.83727107548177, 39.05429407318156, 0.0], [-107.83740720912459, 39.054227673303636, 0.0], [-107.83760060971316, 39.05415087347081, 0.0], [-107.83781687673256, 39.05407360567591, 0.0], [-107.83804487609534, 39.05399600671462, 0.0], [-107.83832921026894, 39.0538810056415, 0.0], [-107.83847641041397, 39.053805273768255, 0.0], [-107.8387038761346, 39.053718606385814, 0.0], [-107.83885067628935, 39.05363400634755, 0.0], [-107.83903287575261, 39.05356647249124, 0.0], [-107.83916967570178, 39.05351807319712, 0.0], [-107.8414472766626, 39.052687873602395, 0.0], [-107.84157347597657, 39.05266667221486, 0.0], [-107.84176820960892, 39.05262600675942, 0.0], [-107.84193087616224, 39.0526490056066, 0.0], [-107.84213880966651, 39.052643873328705, 0.0], [-107.84232380942089, 39.052648473872885, 0.0], [-107.84257767667887, 39.05264220605524, 0.0], [-107.84278440956307, 39.052610205634664, 0.0], [-107.84303761022434, 39.05258600631108, 0.0], [-107.84320927574164, 39.05254567330261, 0.0], [-107.84341527639371, 39.05249567259805, 0.0], [-107.84357621060019, 39.0524738053114, 0.0], [-107.84377227621943, 39.05246887322099, 0.0], [-107.84392207559637, 39.05245627352999, 0.0], [-107.84409447506394, 39.05243407257891, 0.0], [-107.84420847612974, 39.0523952724398, 0.0], [-107.8443336763716, 39.05234720519722, 0.0], [-107.8444446761428, 39.05223627302192, 0.0], [-107.84470327659152, 39.05205887326265, 0.0], [-107.84494900988368, 39.051845606154814, 0.0], [-107.8453944099067, 39.05142927354091, 0.0], [-107.84560661019384, 39.05124400657905, 0.0], [-107.84585360986563, 39.05106680560882, 0.0], [-107.84651721039403, 39.0506182059864, 0.0], [-107.84718407517451, 39.050250473854916, 0.0], [-107.84771761003427, 39.049723873494585, 0.0], [-107.84886727619872, 39.0484346062739, 0.0], [-107.84900080967492, 39.04830520558619, 0.0], [-107.8491002761437, 39.04819467265522, 0.0], [-107.84920987630184, 39.048047806485606, 0.0], [-107.8492864094796, 39.04793780615555, 0.0], [-107.84937147581343, 39.04775560561538, 0.0], [-107.84946700977896, 39.04754607353541, 0.0], [-107.84951860943305, 39.0473916054456, 0.0], [-107.8495572100194, 39.047201472476736, 0.0], [-107.84957521004061, 39.04707500595608, 0.0], [-107.84955561103924, 39.0468772735579, 0.0], [-107.84957187658111, 39.04670560552442, 0.0], [-107.84958881088954, 39.04655200662958, 0.0], [-107.84960647502815, 39.04641647267827, 0.0], [-107.84968147632118, 39.04627047279323, 0.0], [-107.84975580968667, 39.04610660639896, 0.0], [-107.84999487546519, 39.04573140627308, 0.0], [-107.85014847595141, 39.045529405822904, 0.0], [-107.85027027610832, 39.045400272661816, 0.0], [-107.85144487641006, 39.04444360618382, 0.0], [-107.85159201074198, 39.04436787316809, 0.0], [-107.851740610223, 39.04432827240373, 0.0], [-107.85184674273036, 39.0443324734953, 0.0], [-107.85187961057855, 39.04433380612248, 0.0], [-107.85191461006603, 39.044322338893785, 0.0], [-107.8520276755443, 39.044285206408325, 0.0], [-107.85230787642597, 39.04407107255496, 0.0], [-107.85291520956993, 39.04308327310252, 0.0], [-107.85315167610894, 39.042645072975795, 0.0], [-107.85318007564086, 39.042491206416635, 0.0], [-107.85321827675526, 39.042292073087964, 0.0], [-107.85325401048232, 39.04174167308353, 0.0], [-107.85324767532815, 39.04158860642199, 0.0], [-107.85326507653261, 39.04144400544233, 0.0], [-107.85330327590414, 39.041244873012594, 0.0], [-107.85361001062662, 39.040255405643435, 0.0], [-107.85367300998819, 39.04010067374307, 0.0], [-107.85376967651125, 39.03991820584855, 0.0], [-107.85387747601105, 39.03972640584538, 0.0], [-107.85398707569436, 39.03957947315634, 0.0], [-107.85412921020286, 39.03937787270648, 0.0], [-107.85423867521395, 39.0392310061481, 0.0], [-107.85432447566538, 39.03906680653277, 0.0], [-107.85443380920144, 39.038910872789664, 0.0], [-107.85476321005774, 39.03791180678122, 0.0], [-107.85482587606386, 39.037748072566686, 0.0], [-107.85483207519935, 39.0376128727115, 0.0], [-107.85484860920684, 39.037450272981744, 0.0], [-107.85487521021918, 39.037251472768105, 0.0], [-107.85492607663534, 39.037079072617196, 0.0], [-107.85503240962693, 39.036851205858795, 0.0], [-107.85557261010766, 39.03535147307895, 0.0], [-107.85563720891489, 39.035232805278554, 0.0], [-107.85570420980379, 39.03517707289344, 0.0], [-107.85580660967192, 39.035138473014094, 0.0], [-107.85584047581217, 39.03511967300127, 0.0], [-107.85592967631659, 39.0350364065588, 0.0], [-107.85602841008857, 39.03490787331338, 0.0], [-107.85610407547011, 39.034779872857655, 0.0], [-107.85623387568214, 39.03456040558419, 0.0], [-107.8570016095764, 39.03268580524249, 0.0], [-107.85711900945557, 39.03216040630472, 0.0], [-107.85731207634005, 39.031218673001405, 0.0], [-107.85690967553442, 39.02839980561569, 0.0], [-107.85693741029368, 39.02822787331737, 0.0], [-107.8572288760105, 39.02657207290001, 0.0], [-107.85745281073372, 39.025251272781816, 0.0], [-107.85747287639408, 39.02514373890815, 0.0], [-107.85757627552992, 39.02459060595823, 0.0], [-107.85765587536437, 39.023985006119176, 0.0], [-107.85773327652132, 39.023613673710116, 0.0], [-107.85780674302659, 39.02301893847359, 0.0], [-107.85781774270986, 39.022930406019114, 0.0], [-107.85795101050557, 39.02185160602883, 0.0], [-107.8579562097164, 39.01968480604926, 0.0], [-107.85797560938097, 39.01931047294482, 0.0]]}, "properties": {"gnisidlabel": null, "featuretypelabel": "Hydro Unenforced Connector", "huc12": "140200050111"}}, {"type": "Feature", "geometry": {"type": "LineString", "coordinates": [[-107.82932247500537, 39.04071240596747, 0.0], [-107.82958647608264, 39.04066987239021, 0.0], [-107.82979460985224, 39.04067387305955, 0.0], [-107.83002607578874, 39.040686272558084, 0.0], [-107.83025800933463, 39.04070780617867, 0.0], [-107.83044227605473, 39.040694206014926, 0.0], [-107.83062701060551, 39.04068980590214, 0.0], [-107.83092741048254, 39.04069147259942, 0.0], [-107.83117080995966, 39.04071260606683, 0.0], [-107.83139160972965, 39.04074327274123, 0.0], [-107.83167067608052, 39.0407904728657, 0.0], [-107.83190300924271, 39.04082100608873, 0.0], [-107.8321356095399, 39.04086027288459, 0.0], [-107.83234621012896, 39.04092720535951, 0.0], [-107.83260261064073, 39.04098407296851, 0.0], [-107.83288247618933, 39.041049405669774, 0.0], [-107.83306861040056, 39.04108087300738, 0.0], [-107.83322980931798, 39.041068005741614, 0.0], [-107.83341481010214, 39.041072473084945, 0.0], [-107.83359987591156, 39.041077006120226, 0.0], [-107.83385661078992, 39.04114280604475, 0.0], [-107.83407701001875, 39.041164406168505, 0.0], [-107.83426161029588, 39.041160006237654, 0.0], [-107.83443587659023, 39.041182805948104, 0.0], [-107.8346562102706, 39.04120440656438, 0.0], [-107.83480840923978, 39.041254806359014, 0.0], [-107.83500787614244, 39.04133107232659, 0.0], [-107.83528767636018, 39.041396272852644, 0.0], [-107.83553260970109, 39.04145340660994, 0.0], [-107.83576620938551, 39.04151980568903, 0.0], [-107.83606961025708, 39.041593472389174, 0.0], [-107.8363498103019, 39.041667806530604, 0.0], [-107.83654920917195, 39.041744005704565, 0.0], [-107.83666747543779, 39.041813073009344, 0.0], [-107.8368896758715, 39.04187980581169, 0.0], [-107.83708867561474, 39.04194707233635, 0.0], [-107.83732221003139, 39.04200440589075, 0.0], [-107.83758941037455, 39.042043005817035, 0.0], [-107.83778661031931, 39.04206520604481, 0.0], [-107.83800627543319, 39.04206880667396, 0.0], [-107.83829480961862, 39.04206187295735, 0.0], [-107.8385610103033, 39.04207327343012, 0.0], [-107.83878141015853, 39.04209507357373, 0.0], [-107.83902447558616, 39.042107205874984, 0.0], [-107.8392452101008, 39.042137873538294, 0.0], [-107.83951281020907, 39.042185406109716, 0.0], [-107.83969887583707, 39.04221680586775, 0.0], [-107.83986367593309, 39.0422938729392, 0.0], [-107.84003941003074, 39.042352673373024, 0.0], [-107.84027447525263, 39.042455005863594, 0.0], [-107.84047541031599, 39.042567273289514, 0.0], [-107.84064127605295, 39.04267140597803, 0.0], [-107.84078480994415, 39.042794006139516, 0.0], [-107.8409864760123, 39.04292420613526, 0.0], [-107.84116427677313, 39.04303700564427, 0.0], [-107.84133947620741, 39.043086805420366, 0.0], [-107.84150401022143, 39.04315480635454, 0.0], [-107.8417142750723, 39.043212806435115, 0.0], [-107.84196060974944, 39.04330587329297, 0.0], [-107.84217200976465, 39.04339080602778, 0.0], [-107.84245401022166, 39.04351007310989, 0.0], [-107.84260767698795, 39.043596405909604, 0.0]]}, "properties": {"gnisidlabel": null, "featuretypelabel": "Channel Line", "huc12": "140200050111"}}, {"type": "Feature", "geometry": {"type": "LineString", "coordinates": [[-107.9163250767128, 38.919622006724715, 0.0], [-107.91635520936312, 38.91951307236864, 0.0], [-107.91638827601606, 38.91947620602113, 0.0], [-107.91639727695859, 38.91941287292667, 0.0], [-107.91646160994773, 38.919294272642354, 0.0], [-107.91656607699805, 38.91903040589365, 0.0], [-107.91657247542761, 38.91890400638359, 0.0], [-107.91660340923892, 38.91881320596806, 0.0], [-107.91663527656173, 38.91874927316933, 0.0], [-107.9167118756481, 38.91864827323427, 0.0], [-107.9167896107964, 38.91857427364686, 0.0], [-107.91688667678366, 38.91840967267726, 0.0], [-107.91694800939752, 38.91821887245056, 0.0], [-107.91703060995376, 38.91798267280335, 0.0], [-107.91709307593518, 38.91781887296259, 0.0], [-107.91711060962525, 38.91768340666393, 0.0], [-107.91712547668783, 38.91748480620098, 0.0], [-107.91708687494807, 38.91738667254336, 0.0], [-107.91704907620307, 38.917306472829125, 0.0], [-107.91695240996435, 38.91720080558695, 0.0], [-107.91682047660825, 38.91707800574182, 0.0], [-107.91665081025296, 38.91687500603984, 0.0], [-107.91661260942291, 38.91678587298469, 0.0], [-107.9165738766542, 38.916687806373766, 0.0], [-107.91655827587222, 38.91658907308424, 0.0], [-107.9165658101346, 38.91648980638353, 0.0], [-107.91656221075773, 38.916399806343136, 0.0], [-107.91666847662123, 38.916180872843555, 0.0], [-107.9167380755255, 38.915908872350784, 0.0], [-107.91679947569855, 38.91571820561092, 0.0], [-107.91691720984835, 38.915499005841845, 0.0], [-107.91708087561089, 38.91526967264744, 0.0], [-107.91726747538323, 38.91503980621301, 0.0], [-107.9173894101651, 38.91491960627895, 0.0], [-107.91764107555814, 38.91458900659345, 0.0], [-107.9176964764014, 38.91453347226102, 0.0], [-107.91779427537496, 38.9143868729285, 0.0], [-107.91790461019608, 38.914267072536866, 0.0], [-107.91809280941894, 38.914073205331285, 0.0], [-107.91825701013788, 38.913861873359416, 0.0], [-107.91835481054667, 38.91371527353533, 0.0], [-107.91843847607414, 38.91350600658766, 0.0], [-107.91848987607086, 38.91335160627656, 0.0], [-107.91854927557873, 38.913115805840974, 0.0], [-107.91856761091067, 38.91299820661548, 0.0], [-107.91856427687854, 38.91291720629135, 0.0], [-107.91858400977665, 38.9128356729769, 0.0], [-107.91863747681373, 38.912735205538155, 0.0], [-107.91863380957568, 38.91264520544756, 0.0], [-107.91864160990131, 38.91255500581951, 0.0], [-107.91871787636438, 38.91244487329941, 0.0], [-107.91878300996571, 38.912344206677126, 0.0], [-107.91884920942485, 38.91227047369665, 0.0], [-107.91893940925381, 38.91222320587363, 0.0], [-107.91901941027186, 38.91220320579287, 0.0], [-107.91906361036774, 38.912157006065605, 0.0], [-107.91912081023183, 38.91214660621612, 0.0], [-107.91917427535044, 38.91204620615464, 0.0], [-107.91920367592496, 38.911919273170724, 0.0], [-107.91920040933454, 38.91183827297682, 0.0], [-107.91917547640978, 38.911793872622354, 0.0], [-107.91912647618646, 38.911723006080955, 0.0], [-107.91902021012677, 38.91166260585627, 0.0], [-107.91885487523164, 38.91156767277932, 0.0], [-107.91875940937155, 38.91148887234167, 0.0], [-107.91870001010514, 38.911445406337506, 0.0], [-107.91867440904129, 38.91138300637481, 0.0], [-107.91862421023025, 38.911285072308495, 0.0], [-107.91865287579554, 38.911140273153336, 0.0], [-107.91878721088837, 38.91075847244581, 0.0], [-107.91892587688216, 38.91048480552717, 0.0], [-107.91908980920488, 38.91026447284042, 0.0], [-107.91923180906022, 38.910071672570545, 0.0], [-107.91939967643853, 38.90995040582213, 0.0], [-107.91954687581118, 38.909883673213265, 0.0], [-107.91964900969772, 38.90984500618653, 0.0], [-107.91977207641405, 38.90975187280751, 0.0], [-107.91987281041787, 38.909677273071715, 0.0], [-107.91994940975243, 38.90957627377847, 0.0], [-107.920025209602, 38.909457272833734, 0.0], [-107.92008727601853, 38.90928447239711, 0.0], [-107.92013387684239, 38.90901307261926, 0.0], [-107.92016067678831, 38.90882320540496, 0.0], [-107.92023347581986, 38.90863220559482, 0.0], [-107.92031761013669, 38.90843187332534, 0.0], [-107.92036821029943, 38.90825940663136, 0.0], [-107.92038267510529, 38.90805187339276, 0.0], [-107.92037487614735, 38.90786287318414, 0.0], [-107.92042447627963, 38.907663472942666, 0.0], [-107.92044200951953, 38.90752787276374, 0.0], [-107.92042487614529, 38.90739320622497, 0.0], [-107.92038221080848, 38.9071960734653, 0.0], [-107.92038747556009, 38.90704280564812, 0.0], [-107.92043587614064, 38.90681627325968, 0.0], [-107.92049461078871, 38.90656260555821, 0.0], [-107.92056447630668, 38.906299606001745, 0.0], [-107.92062861019328, 38.90589260575992, 0.0], [-107.92068140982622, 38.905494805460776, 0.0], [-107.92072467587775, 38.90514240598325, 0.0], [-107.92075141080757, 38.90495247354136, 0.0], [-107.92077641054748, 38.90471767281887, 0.0], [-107.9207170097866, 38.904394806844095, 0.0], [-107.92065467602939, 38.90400000612588, 0.0], [-107.92060421022398, 38.90389320649756, 0.0], [-107.92065407670225, 38.903702673311415, 0.0]]}, "properties": {"gnisidlabel": "Surface Creek", "featuretypelabel": "Channel Line", "huc12": "140200050111"}}, {"type": "Feature", "geometry": {"type": "LineString", "coordinates": [[-107.80684847619378, 39.042634206501546, 0.0], [-107.80685400954081, 39.04248087274548, 0.0], [-107.80688327513847, 39.0423450728912, 0.0], [-107.80687687585862, 39.0421830733287, 0.0], [-107.80682387578065, 39.04201320594769, 0.0], [-107.80681707639967, 39.04184220606866, 0.0], [-107.80683340999349, 39.0416706067284, 0.0], [-107.80685921002843, 39.04144467291102, 0.0], [-107.8068632099116, 39.041255473238785, 0.0], [-107.80684421008203, 39.04106667251549, 0.0], [-107.80684867620462, 39.04088647334839, 0.0], [-107.80683107624255, 39.04073380659179, 0.0], [-107.80677701009365, 39.040536806162805, 0.0], [-107.80672080988192, 39.0402858731176, 0.0], [-107.80668921016398, 39.040070472967614, 0.0], [-107.8066460766003, 39.03985520550541, 0.0], [-107.80662807694569, 39.03969347350611, 0.0], [-107.80664447610476, 39.039522005899606, 0.0], [-107.80665207541179, 39.03942267298631, 0.0], [-107.80671667586304, 39.03930400606809, 0.0], [-107.80679347558277, 39.039203005753684, 0.0], [-107.8068574094345, 39.03906640609811, 0.0], [-107.80685027626143, 39.03888640604982, 0.0], [-107.80682261023098, 39.038769872789594, 0.0], [-107.80678260979552, 39.0386356734304, 0.0], [-107.80670727597077, 39.038484405955636, 0.0], [-107.80664461020521, 39.03835980644181, 0.0], [-107.80658227605095, 39.038244072811956, 0.0], [-107.80657727661398, 39.03811820622995, 0.0]]}, "properties": {"gnisidlabel": "Marcott Creek", "featuretypelabel": "Channel Line", "huc12": "140200050111"}}, {"type": "Feature", "geometry": {"type": "LineString", "coordinates": [[-107.8060174095817, 39.05174273914424, 0.0], [-107.8060178753922, 39.05170840533146, 0.0], [-107.80603447575669, 39.051545806174616, 0.0], [-107.8060634099684, 39.051401005570995, 0.0], [-107.80616121010557, 39.05124547285528, 0.0], [-107.80622507689571, 39.05110880585553, 0.0], [-107.80625381016844, 39.050955006418285, 0.0], [-107.80629347526603, 39.050791805874404, 0.0], [-107.80636681067098, 39.050600872831566, 0.0], [-107.80644007605146, 39.05040987296034, 0.0], [-107.80649247588624, 39.05027347294506, 0.0], [-107.80658087610544, 39.05017240601421, 0.0], [-107.80665887534934, 39.05009840578417, 0.0], [-107.80672567624912, 39.05003367251945, 0.0], [-107.80678187550444, 39.04999627298983, 0.0], [-107.80681621078739, 39.04998647305291, 0.0], [-107.80682561077326, 39.04993207356308, 0.0], [-107.80681187693146, 39.049878406015544, 0.0], [-107.80679501005824, 39.04974380562933, 0.0], [-107.80677847570354, 39.04961800625845, 0.0], [-107.80677527646526, 39.04953700564393, 0.0], [-107.80680767589358, 39.04948207295083, 0.0], [-107.8068398765361, 39.049418272943946, 0.0], [-107.80682547605166, 39.049346606091696, 0.0], [-107.80678867564981, 39.049293405791126, 0.0], [-107.80672860993455, 39.04923180631279, 0.0], [-107.80671521057286, 39.04918707305441, 0.0], [-107.80671340967812, 39.049142073075714, 0.0], [-107.80675667661558, 39.04906900655306, 0.0], [-107.80680080977712, 39.0490138732493, 0.0], [-107.80680881093386, 39.04892360645823, 0.0], [-107.80678180909315, 39.04882507275205, 0.0], [-107.80671940966089, 39.04870947257686, 0.0], [-107.80669167613624, 39.04859307263811, 0.0], [-107.80665140982077, 39.04844987264652, 0.0], [-107.8066326761514, 39.048270072903456, 0.0], [-107.80664761029165, 39.048062473086155, 0.0], [-107.8066834098149, 39.04780047332775, 0.0], [-107.80669507673927, 39.047511873590004, 0.0], [-107.80672147590387, 39.047304005742234, 0.0], [-107.80670347543179, 39.0471422730569, 0.0], [-107.80668447584502, 39.04695347336246, 0.0], [-107.80665361031873, 39.04675607291117, 0.0], [-107.80663421018244, 39.04655840624136, 0.0], [-107.80660647607493, 39.04644187381843, 0.0], [-107.80660160959296, 39.046315872646524, 0.0], [-107.80664187688885, 39.046170806124664, 0.0], [-107.80665821008463, 39.04599920599692, 0.0], [-107.80670887538541, 39.04581780605522, 0.0], [-107.80674787556396, 39.04563667260969, 0.0], [-107.80681120990558, 39.04548200542483, 0.0], [-107.80683900962745, 39.04531007325093, 0.0], [-107.80686601032731, 39.0451202737739, 0.0], [-107.80685821002388, 39.04492227277419, 0.0], [-107.80682940961559, 39.0447788056174, 0.0], [-107.80682561009148, 39.04467980584146, 0.0], [-107.80683207707118, 39.04455360647686, 0.0], [-107.80688507562006, 39.04443520629292, 0.0], [-107.80695047548132, 39.04433447232248, 0.0], [-107.80698161036035, 39.04424367262737, 0.0], [-107.80699961048256, 39.04411707295202, 0.0], [-107.80695967652473, 39.04398287308962, 0.0], [-107.80691801087454, 39.043803806671065, 0.0], [-107.80684120957332, 39.04361640622132, 0.0], [-107.80678647671657, 39.04340147235019, 0.0], [-107.80675727581448, 39.04324900574514, 0.0], [-107.80676307631879, 39.04310480613824, 0.0], [-107.80678047524523, 39.04296007314972, 0.0], [-107.80679867604603, 39.04283360648915, 0.0], [-107.80681787524848, 39.04273407352379, 0.0], [-107.80684847619378, 39.042634206501546, 0.0]]}, "properties": {"gnisidlabel": "Marcott Creek", "featuretypelabel": "Channel Line", "huc12": "140200050111"}}]}