{"type": "FeatureCollection", "features": [{"type": "Feature", "id": 1, "geometry": {"type": "MultiPolygon", "coordinates": [[[[-104.982253772638, 40.6751456470304], [-104.982308347986, 40.6751250568479], [-104.982446157636, 40.6749359092012], [-104.982519591317, 40.6750804720159], [-104.982531971898, 40.675146641725], [-104.982253772638, 40.6751456470304]]], [[[-104.981988860359, 40.6751446993453], [-104.98198656696, 40.6751389192152], [-104.982098119752, 40.6751450904101], [-104.981988860359, 40.6751446993453]]]]}, "properties": {"OBJECTID": 1, "areasymbol": "CO644", "spatialver": 5, "musym": "103", "mukey": 497639, "TaxCl": "Fine-loamy, mixed, mesic Aridic Haplustalfs", "TaxOrder": "Alfisols", "SubOrd": "Ustalfs", "GrGrp": "Haplustalfs", "SubGrp": "Aridic Haplustalfs", "PartSz": "fine-loamy", "Sand": 38.4, "Silt": 37.6, "Clay": 24, "BRdep": null, "BD": 1.38, "CaCO3": 2, "CEC": 12.5, "EC": 0, "ECEC": null, "MoiReg": "Ustic", "MoiSub": "Aridic (torric)", "OrderSsa": null, "OM": 1.02, "ParMat": "mixed alluvium and/or eolian deposits", "pH": 7.2, "SAR": 0, "SurfTex": "Loam", "Temp": "mesic", "EcoID": "R067BY008CO", "EcoName": "Loamy Slopes", "muname": "Stoneham loam, 5 to 9 percent slopes", "Sand_DCP_0_6_in": 38.4, "Silt_DCP_0_6_in": 37.6, "Clay_DCP_0_6_in": 24, "SurfText_DCP_SL": "Loam", "ParMatNm_DCP": "mixed alluvium and/or eolian deposits", "Taxpartsiz_DCP": "fine-loamy", "TaxClName_DCP": "Fine-loamy, mixed, mesic Aridic Haplustalfs", "OrgMatter_DCP_0_6_in": 1.02, "pHwater_DCP_0_6_in": 7.2, "BdSurf_DCP_0_6_in": 1.38, "SAR_DCP_0_6_in": 0, "CaC03_DCP_0_6_in": 2, "CEC7_DCP_0_6_in": 12.5, "EC_DCP_0_6_in": 0, "ECEC_DCP_0_6_in": null, "EcoSiteID_DCP": "R067BY008CO", "EcoSiteNm_DCP": "Loamy Slopes", "TempRegime_DCP": "mesic", "MoistRegim_DCP": "Ustic", "MoistSubcl_DCP": "Aridic (torric)", "TaxOrder_DCP": "Alfisols", "TaxSuborer_DCP": "Ustalfs", "TaxGrtgrp_DCP": "Haplustalfs", "Taxsubgrp_DCP": "Aridic Haplustalfs", "Dep2BedRS_DCP": null, "Sand_AllDepth": 37.184868421052634, "Silt_AllDepth": 35.65723684210526, "Clay_AllDepth": 27.157894736842106, "pH_AllDepth": 7.2, "OM_AllDepth": 0.7763157894736842, "BD_AllDepth": 1.424736842105263, "CaCO3_AllDepth": 7.9868421052631575, "EC_AllDepth": 1, "SAR_AllDepth": 0, "Ksat_AllDepth": 9.170000000000002, "AWC_AllDepth": 0.16052631578947368, "CEC_AllDepth": 12.5, "BaseSat_AllDepth": null, "DrainageCl": "Well drained", "Shape__Area": 256.834228515625, "Shape__Length": 96.65042704273743, "station": "ARDEC", "station_svc": "ARDEC Soils"}}, {"type": "Feature", "id": 2, "geometry": {"type": "Polygon", "coordinates": [[[-104.982392801301, 40.6626798466791], [-104.982398734673, 40.662490192182], [-104.982514161899, 40.6620488270373], [-104.982949540283, 40.661125573608], [-104.98332306427, 40.6609815781643], [-104.983510731316, 40.6609592895416], [-104.983540393687, 40.6609948526614], [-104.983077414566, 40.661652809206], [-104.982976277739, 40.6618285914124], [-104.982947571176, 40.6619992351583], [-104.982861040058, 40.6621390062613], [-104.982680058274, 40.6627249304284], [-104.982392801301, 40.6626798466791]]]}, "properties": {"OBJECTID": 2, "areasymbol": "CO644", "spatialver": 5, "musym": "108", "mukey": 497644, "TaxCl": "Fine-loamy, mixed (calcareous), mesic Ustic Torriorthents", "TaxOrder": "Entisols", "SubOrd": "Orthents", "GrGrp": "Torriorthents", "SubGrp": "Ustic Torriorthents", "PartSz": "fine-loamy", "Sand": 43, "Silt": 39.5, "Clay": 17.5, "BRdep": 94, "BD": 1.33, "CaCO3": 3, "CEC": 10, "EC": 1, "ECEC": null, "MoiReg": "Aridic (torric)", "MoiSub": "Ustic", "OrderSsa": null, "OM": 0.75, "ParMat": "material weathered from sandstone and shale", "pH": 7.9, "SAR": 0, "SurfTex": "Loam", "Temp": "mesic", "EcoID": "R067BY002CO", "EcoName": "Loamy Plains", "muname": "Thedalund loam, 3 to 9 percent slopes", "Sand_DCP_0_6_in": 43, "Silt_DCP_0_6_in": 39.5, "Clay_DCP_0_6_in": 17.5, "SurfText_DCP_SL": "Loam", "ParMatNm_DCP": "material weathered from sandstone and shale", "Taxpartsiz_DCP": "fine-loamy", "TaxClName_DCP": "Fine-loamy, mixed (calcareous), mesic Ustic Torriorthents", "OrgMatter_DCP_0_6_in": 0.75, "pHwater_DCP_0_6_in": 7.9, "BdSurf_DCP_0_6_in": 1.33, "SAR_DCP_0_6_in": 0, "CaC03_DCP_0_6_in": 3, "CEC7_DCP_0_6_in": 10, "EC_DCP_0_6_in": 1, "ECEC_DCP_0_6_in": null, "EcoSiteID_DCP": "R067BY002CO", "EcoSiteNm_DCP": "Loamy Plains", "TempRegime_DCP": "mesic", "MoistRegim_DCP": "Aridic (torric)", "MoistSubcl_DCP": "Ustic", "TaxOrder_DCP": "Entisols", "TaxSuborer_DCP": "Orthents", "TaxGrtgrp_DCP": "Torriorthents", "Taxsubgrp_DCP": "Ustic Torriorthents", "Dep2BedRS_DCP": 94, "Sand_AllDepth": 36.10851063829787, "Silt_AllDepth": 38.40744680851064, "Clay_AllDepth": 25.48404255319149, "pH_AllDepth": 7.9, "OM_AllDepth": 0.32978723404255317, "BD_AllDepth": 1.3888297872340427, "CaCO3_AllDepth": 8.882978723404255, "EC_AllDepth": 4, "SAR_AllDepth": 0, "Ksat_AllDepth": 11.021442307692308, "AWC_AllDepth": 0.16840425531914896, "CEC_AllDepth": 16.3031914893617, "BaseSat_AllDepth": null, "DrainageCl": "Well drained", "Shape__Area": 6252.798828125, "Shape__Length": 468.04473581660176, "station": "ARDEC", "station_svc": "ARDEC Soils"}}, {"type": "Feature", "id": 3, "geometry": {"type": "MultiPolygon", "coordinates": [[[[-104.991249726472, 40.6764772777918], [-104.991549611961, 40.6767793250945], [-104.991723284154, 40.6769015188637], [-104.992502805326, 40.67727484891], [-104.992805380372, 40.6774874359621], [-104.992993663662, 40.6778381854369], [-104.993094156396, 40.6782337365498], [-104.993253544477, 40.6784511139172], [-104.993715459993, 40.6787483439377], [-104.994350290421, 40.6789821679344], [-104.995100996334, 40.6790902685832], [-104.995735464741, 40.679113347536], [-104.995938623234, 40.6792128144136], [-104.996357484295, 40.6795956070545], [-104.996674999222, 40.6799918787188], [-104.997784983638, 40.681108517568], [-104.997873682391, 40.6812125287169], [-104.998495024615, 40.6821046955968], [-104.998738866909, 40.682357550759], [-104.997920401074, 40.6823539089354], [-104.99783411879, 40.6823004260144], [-104.996952006418, 40.6817536354492], [-104.996971626522, 40.6804838096223], [-104.996474475488, 40.6801607933103], [-104.996084396449, 40.6800217752886], [-104.995411789168, 40.6799497666678], [-104.99480293712, 40.6796555415551], [-104.992900829964, 40.6787303988422], [-104.99242489534, 40.6781235082768], [-104.992401856248, 40.6780941299816], [-104.992326648394, 40.6779982244695], [-104.991020157509, 40.6771381868584], [-104.990859700433, 40.6769731949066], [-104.990344655857, 40.6764764186926], [-104.991249726472, 40.6764772777918]]], [[[-104.98839588212, 40.6751677776201], [-104.988323039531, 40.6750721424615], [-104.988301043383, 40.6749553201124], [-104.988199551722, 40.6746934702524], [-104.988200510224, 40.674360670267], [-104.988286927256, 40.674342874559], [-104.990151582749, 40.6749961129166], [-104.990301485519, 40.6751747547873], [-104.988953087328, 40.6751698208313], [-104.988851346834, 40.6751694474802], [-104.98839588212, 40.6751677776201]]], [[[-104.986292188523, 40.6729275548351], [-104.986309504449, 40.6725819364657], [-104.986176671466, 40.6723208478649], [-104.98621074726, 40.6696422070161], [-104.98623078508, 40.6680665567268], [-104.986411279977, 40.6683828431808], [-104.986613495239, 40.6689101828947], [-104.986584462588, 40.6689552930938], [-104.986642173955, 40.6691081439858], [-104.987075078378, 40.6700092357039], [-104.98756549115, 40.6707116277422], [-104.987912594786, 40.6713515488455], [-104.988229459333, 40.6723200704713], [-104.988228989514, 40.6725810875361], [-104.987998574338, 40.6731077563358], [-104.987854341734, 40.6732839123722], [-104.987622881818, 40.6734052779365], [-104.98730468507, 40.6735041013127], [-104.987016502832, 40.6735182821908], [-104.986798017283, 40.6734772902198], [-104.986577329066, 40.6733243491893], [-104.986453438812, 40.6731977189367], [-104.986338219995, 40.6730354970159], [-104.986292188523, 40.6729275548351]]], [[[-104.981890975434, 40.6715080952562], [-104.981660805498, 40.6710625511765], [-104.981457553581, 40.67083462367], [-104.98149510316, 40.6680322415599], [-104.984298313072, 40.668054131943], [-104.984294561707, 40.6685212265923], [-104.985449875112, 40.6685274474581], [-104.985340557329, 40.6715957107758], [-104.985312752674, 40.6715809537615], [-104.985082019495, 40.671405405747], [-104.984750366882, 40.6708872498054], [-104.984663953443, 40.6708010076218], [-104.984518889898, 40.6707341747415], [-104.984230615133, 40.6708326607244], [-104.984042480964, 40.6710406283953], [-104.983898516058, 40.6714364889661], [-104.983926440188, 40.6716569245181], [-104.984013733976, 40.6717879482005], [-104.984431802723, 40.6721842799015], [-104.985294035377, 40.672842355668], [-104.984937866841, 40.6728873650968], [-104.984475287471, 40.6728018122725], [-104.983898254648, 40.6725127241409], [-104.983551251623, 40.6724503549754], [-104.983146886676, 40.6724270332081], [-104.982742565747, 40.6723283717538], [-104.982339120675, 40.6720852556211], [-104.981890975434, 40.6715080952562]]], [[[-104.979819429846, 40.6627495795965], [-104.98042147536, 40.662269066705], [-104.98055077437, 40.662003397345], [-104.980638362805, 40.6615218603299], [-104.980738937286, 40.661256434675], [-104.981475072525, 40.6607970371669], [-104.981634651947, 40.6607516325169], [-104.9817067678, 40.6608953906334], [-104.98180715094, 40.6609501500321], [-104.982312481135, 40.6608820036782], [-104.98291944223, 40.6608595548831], [-104.98296189122, 40.6608825508773], [-104.982949540283, 40.661125573608], [-104.982514161899, 40.6620488270373], [-104.982398734673, 40.662490192182], [-104.982392801301, 40.6626798466791], [-104.982165363142, 40.6629273704719], [-104.98205167775, 40.6634771290154], [-104.982297369675, 40.6640264966674], [-104.982629033966, 40.6645356841019], [-104.982730069283, 40.6648415120941], [-104.982340739439, 40.6660718038313], [-104.982396876957, 40.6663826118531], [-104.982541860553, 40.6666664880784], [-104.98275908846, 40.6668869421242], [-104.982932108475, 40.6669948416171], [-104.983899709919, 40.6673692124062], [-104.984327052872, 40.667449653702], [-104.98432733135, 40.6678005799936], [-104.984327348418, 40.6678251203104], [-104.981497334575, 40.6678133080355], [-104.981497599578, 40.6677583014818], [-104.981522678744, 40.6625744703406], [-104.981522719168, 40.6625665276368], [-104.97996638165, 40.6627365275929], [-104.979819429846, 40.6627495795965]]], [[[-104.979238588166, 40.6593724714804], [-104.979252925278, 40.6593655873826], [-104.979595860731, 40.6590814156756], [-104.979733452988, 40.6588920903162], [-104.979750039482, 40.6586319812204], [-104.979574073891, 40.6576073892574], [-104.97988556741, 40.6571272352643], [-104.97996439278, 40.6569529705995], [-104.980020768352, 40.6566845629809], [-104.979985620868, 40.6563906025267], [-104.98001773025, 40.6562206777175], [-104.980237236285, 40.6559295120708], [-104.980591776174, 40.6553836944504], [-104.981068966643, 40.6546883894867], [-104.981162644758, 40.6543711173711], [-104.981306124573, 40.6534553600284], [-104.981504149194, 40.6534605341227], [-104.98156564696, 40.6534621425082], [-104.984452957149, 40.6534762070192], [-104.984610839654, 40.6537925974196], [-104.983498793604, 40.6538464248838], [-104.983224748154, 40.6539905365932], [-104.983006891426, 40.654247248733], [-104.982653118697, 40.6542158576374], [-104.982430404779, 40.655143746184], [-104.982141366446, 40.6551032744903], [-104.981910641352, 40.6552111255773], [-104.981852470946, 40.6557829498026], [-104.981967536151, 40.6570133138988], [-104.981967108553, 40.65745458697], [-104.981822961289, 40.6577069618167], [-104.981461443286, 40.6579361990048], [-104.980610464726, 40.6583777378777], [-104.979976236169, 40.6588281069704], [-104.979400058542, 40.6593774897433], [-104.979238588166, 40.6593724714804]]]]}, "properties": {"OBJECTID": 3, "areasymbol": "CO644", "spatialver": 5, "musym": "24", "mukey": 497670, "TaxCl": "Fine-loamy, mixed, mesic Torriorthentic Haplustolls", "TaxOrder": "Mollisols", "SubOrd": "Ustolls", "GrGrp": "Haplustolls", "SubGrp": "Torriorthentic Haplustolls", "PartSz": "fine-loamy", "Sand": 65.4, "Silt": 19.6, "Clay": 15, "BRdep": null, "BD": 1.4, "CaCO3": 2, "CEC": 12.5, "EC": 2, "ECEC": null, "MoiReg": "Ustic", "MoiSub": "Aridic (torric)", "OrderSsa": null, "OM": 2, "ParMat": "mixed alluvium derived from sandstone and shale", "pH": 8.2, "SAR": 0, "SurfTex": "Fine sandy loam", "Temp": "mesic", "EcoID": "R049XB202CO", "EcoName": "Loamy Foothill", "muname": "Connerton-Barnum complex, 0 to 3 percent slopes", "Sand_DCP_0_6_in": 65.4, "Silt_DCP_0_6_in": 19.6, "Clay_DCP_0_6_in": 15, "SurfText_DCP_SL": "Fine sandy loam", "ParMatNm_DCP": "mixed alluvium derived from sandstone and shale", "Taxpartsiz_DCP": "fine-loamy", "TaxClName_DCP": "Fine-loamy, mixed, mesic Torriorthentic Haplustolls", "OrgMatter_DCP_0_6_in": 2, "pHwater_DCP_0_6_in": 8.2, "BdSurf_DCP_0_6_in": 1.4, "SAR_DCP_0_6_in": 0, "CaC03_DCP_0_6_in": 2, "CEC7_DCP_0_6_in": 12.5, "EC_DCP_0_6_in": 2, "ECEC_DCP_0_6_in": null, "EcoSiteID_DCP": "R049XB202CO", "EcoSiteNm_DCP": "Loamy Foothill", "TempRegime_DCP": "mesic", "MoistRegim_DCP": "Ustic", "MoistSubcl_DCP": "Aridic (torric)", "TaxOrder_DCP": "Mollisols", "TaxSuborer_DCP": "Ustolls", "TaxGrtgrp_DCP": "Haplustolls", "Taxsubgrp_DCP": "Torriorthentic Haplustolls", "Dep2BedRS_DCP": null, "Sand_AllDepth": 43.16842105263157, "Silt_AllDepth": 35.318421052631585, "Clay_AllDepth": 21.513157894736842, "pH_AllDepth": 8.2, "OM_AllDepth": 0.9144736842105263, "BD_AllDepth": 1.3392105263157894, "CaCO3_AllDepth": 7.2105263157894735, "EC_AllDepth": 2, "SAR_AllDepth": 0, "Ksat_AllDepth": 3.6555263157894737, "AWC_AllDepth": 0.1473684210526316, "CEC_AllDepth": 12.5, "BaseSat_AllDepth": null, "DrainageCl": "Well drained", "Shape__Area": 436299.6774902344, "Shape__Length": 9960.335264393958, "station": "ARDEC", "station_svc": "ARDEC Soils"}}, {"type": "Feature", "id": 4, "geometry": {"type": "MultiPolygon", "coordinates": [[[[-104.998738866909, 40.682357550759], [-104.998495024615, 40.6821046955968], [-104.997873682391, 40.6812125287169], [-104.997784983638, 40.681108517568], [-104.998349784102, 40.6803652336958], [-104.998812725494, 40.6799242559462], [-104.999122952389, 40.6795691690126], [-104.999158556217, 40.6796050737348], [-104.999189942455, 40.6796317038754], [-104.999721684017, 40.6802121129486], [-104.999982127178, 40.6803568278211], [-105.00006004974, 40.6803699363255], [-105.000097369351, 40.6804015991914], [-105.000198538516, 40.6804018989388], [-105.000180102392, 40.6804790817947], [-105.000180476091, 40.6822484035971], [-105.000044969722, 40.6823633513812], [-104.998738866909, 40.682357550759]]], [[[-104.993991807825, 40.6589602625541], [-104.994916173354, 40.6584649815298], [-104.995387319958, 40.6581274658638], [-104.994973279257, 40.6580367149128], [-104.994655906264, 40.6578296771098], [-104.994496554116, 40.657631138723], [-104.994150929107, 40.6565776915288], [-104.994035457863, 40.6559598992014], [-104.994035340184, 40.6556944411932], [-104.994064207546, 40.6554780432342], [-104.994165609375, 40.655257387919], [-104.994396361419, 40.6550365076594], [-104.995608309111, 40.6541360362321], [-104.995637133354, 40.6540138096053], [-104.995391823213, 40.6538931318379], [-104.995045855047, 40.6538477674689], [-104.99383321655, 40.6538263263127], [-104.992216734129, 40.653860475002], [-104.991942791985, 40.6538162623722], [-104.991794322028, 40.653511675308], [-105.000207120122, 40.6535520614143], [-105.000206882967, 40.6535729499476], [-105.000180469803, 40.6559250203434], [-104.998978419748, 40.6566458497762], [-104.997399256937, 40.6578683092136], [-104.996271289147, 40.6588054510003], [-104.996062280825, 40.6590572176428], [-104.995955950838, 40.6592978469228], [-104.99584990382, 40.6595912480385], [-104.995755631021, 40.6595012698074], [-104.994323521524, 40.659081978563], [-104.993991807825, 40.6589602625541]]], [[[-104.991693752937, 40.6533457341501], [-104.991639570152, 40.6532575487561], [-104.991437986406, 40.6527256942072], [-104.991322031869, 40.6521133177939], [-104.991322117209, 40.6518021093289], [-104.991466563612, 40.6514106889954], [-104.991972367219, 40.6504868800873], [-104.992404552092, 40.6499557340807], [-104.993155686502, 40.6492664977511], [-104.993603075361, 40.6489782079501], [-104.994930712587, 40.6483296022914], [-104.995421582601, 40.6479781257655], [-104.996349650088, 40.6465686827845], [-104.996359808237, 40.6470549461505], [-104.996475570534, 40.6472216008939], [-104.996591431646, 40.6472851107654], [-104.996677195603, 40.6472530055037], [-104.996908736368, 40.6468024723945], [-104.997081815672, 40.6462215694048], [-104.997095979409, 40.6462029775848], [-105.000243915116, 40.6462219960822], [-105.000243778572, 40.6462541918101], [-105.000212922341, 40.653386722139], [-104.991693752937, 40.6533457341501]]]]}, "properties": {"OBJECTID": 4, "areasymbol": "CO644", "spatialver": 5, "musym": "35", "mukey": 497682, "TaxCl": "Fine-loamy, mixed, superactive, mesic Aridic Haplustalfs", "TaxOrder": "Alfisols", "SubOrd": "Ustalfs", "GrGrp": "Haplustalfs", "SubGrp": "Aridic Haplustalfs", "PartSz": "fine-loamy", "Sand": 42.7, "Silt": 34.8, "Clay": 22.5, "BRdep": null, "BD": 1.48, "CaCO3": 0, "CEC": 18.5, "EC": 0.1, "ECEC": null, "MoiReg": "Ustic", "MoiSub": "Aridic (torric)", "OrderSsa": "Order 2", "OM": 1.3, "ParMat": "Pleistocene or older alluvium and/or eolian deposits", "pH": 7.3, "SAR": 0, "SurfTex": "Loam", "Temp": "mesic", "EcoID": "R067BY002CO", "EcoName": "Loamy Plains", "muname": "Fort Collins loam, 0 to 3 percent slopes", "Sand_DCP_0_6_in": 42.7, "Silt_DCP_0_6_in": 34.8, "Clay_DCP_0_6_in": 22.5, "SurfText_DCP_SL": "Loam", "ParMatNm_DCP": "Pleistocene or older alluvium and/or eolian deposits", "Taxpartsiz_DCP": "fine-loamy", "TaxClName_DCP": "Fine-loamy, mixed, superactive, mesic Aridic Haplustalfs", "OrgMatter_DCP_0_6_in": 1.3, "pHwater_DCP_0_6_in": 7.3, "BdSurf_DCP_0_6_in": 1.48, "SAR_DCP_0_6_in": 0, "CaC03_DCP_0_6_in": 0, "CEC7_DCP_0_6_in": 18.5, "EC_DCP_0_6_in": 0.1, "ECEC_DCP_0_6_in": null, "EcoSiteID_DCP": "R067BY002CO", "EcoSiteNm_DCP": "Loamy Plains", "TempRegime_DCP": "mesic", "MoistRegim_DCP": "Ustic", "MoistSubcl_DCP": "Aridic (torric)", "TaxOrder_DCP": "Alfisols", "TaxSuborer_DCP": "Ustalfs", "TaxGrtgrp_DCP": "Haplustalfs", "Taxsubgrp_DCP": "Aridic Haplustalfs", "Dep2BedRS_DCP": null, "Sand_AllDepth": 41.73300492610837, "Silt_AllDepth": 35.80394088669951, "Clay_AllDepth": 22.463054187192117, "pH_AllDepth": 7.2, "OM_AllDepth": 0.3891625615763547, "BD_AllDepth": 1.4969458128078819, "CaCO3_AllDepth": 7.684729064039409, "EC_AllDepth": 0.1, "SAR_AllDepth": 0, "Ksat_AllDepth": 9.29539408866995, "AWC_AllDepth": 0.15142857142857144, "CEC_AllDepth": 14.698029556650246, "BaseSat_AllDepth": 346.0200422294467, "DrainageCl": "Well drained", "Shape__Area": 741315.591796875, "Shape__Length": 6510.628210992144, "station": "ARDEC", "station_svc": "ARDEC Soils"}}, {"type": "Feature", "id": 5, "geometry": {"type": "MultiPolygon", "coordinates": [[[[-104.999189942455, 40.6796317038754], [-105.00006004974, 40.6803699363255], [-104.999982127178, 40.6803568278211], [-104.999721684017, 40.6802121129486], [-104.999189942455, 40.6796317038754]]], [[[-104.998535091274, 40.6789183687265], [-104.998263864737, 40.6786493607444], [-104.998220227275, 40.678428245927], [-104.998263853059, 40.6783659524654], [-104.998480894116, 40.6782348306632], [-104.998885124316, 40.6782661872924], [-104.999115322099, 40.6783520676061], [-104.999846309992, 40.6787485374158], [-105.000234648096, 40.6789681019886], [-104.999505049897, 40.6789452334946], [-104.999493822752, 40.6789447559321], [-104.999486635332, 40.6789443117513], [-104.999479463182, 40.6789437619753], [-104.999472305406, 40.678943105923], [-104.9994651638, 40.6789423442755], [-104.999458038363, 40.6789414818018], [-104.999450941672, 40.6789405130516], [-104.999443867439, 40.6789394400688], [-104.999436831834, 40.6789382655783], [-104.999429818687, 40.6789369854928], [-104.999422834285, 40.6789356045808], [-104.999415896596, 40.6789341180737], [-104.999408995738, 40.6789325314216], [-104.99940213261, 40.678930843943], [-104.9993953126, 40.6789290563193], [-104.999388539303, 40.6789271692317], [-104.999381817209, 40.6789251819989], [-104.999375147218, 40.6789230987086], [-104.999368535618, 40.6789209159544], [-104.999361969832, 40.6789186398676], [-104.99935547052, 40.6789162622731], [-104.999349031396, 40.6789137954336], [-104.99934265785, 40.6789112291302], [-104.999336343591, 40.6789085729004], [-104.999330103893, 40.6789058281068], [-104.999323929772, 40.678902983168], [-104.999317839195, 40.6789000551154], [-104.999311812398, 40.6788970378177], [-104.999305870042, 40.6788939312749], [-104.999300006738, 40.6788907361682], [-104.999294217994, 40.6788874579478], [-104.998711313783, 40.678550242514], [-104.998589508519, 40.678465608487], [-104.998579692628, 40.6784594941443], [-104.998573749374, 40.6784563875811], [-104.998567568965, 40.6784535644235], [-104.998561165773, 40.6784510369344], [-104.998554577529, 40.6784488092013], [-104.998547825791, 40.6784468948496], [-104.998540924933, 40.6784452966042], [-104.998533910887, 40.6784440219593], [-104.998526815095, 40.6784430756836], [-104.998519651031, 40.6784424645898], [-104.99851244744, 40.6784421825465], [-104.998505239359, 40.6784422411352], [-104.998498046548, 40.6784426349058], [-104.998490901348, 40.6784433618145], [-104.998483826217, 40.6784444198175], [-104.998476851697, 40.6784458021021], [-104.998469999348, 40.6784475079872], [-104.998463299713, 40.6784495333849], [-104.998456772554, 40.6784518653513], [-104.998450441228, 40.67845449503], [-104.998444335379, 40.678457414927], [-104.998438476567, 40.6784606155045], [-104.998432887249, 40.6784640804123], [-104.998427588985, 40.6784678014751], [-104.998422595251, 40.6784717596174], [-104.998417932994, 40.6784759473453], [-104.998413610301, 40.6784803380895], [-104.998409648731, 40.6784849250374], [-104.998406064453, 40.6784896870697], [-104.998402868247, 40.6784946064735], [-104.998400075385, 40.6784996668985], [-104.998397691256, 40.6785048479067], [-104.998394799579, 40.6785121455996], [-104.998392877184, 40.6785174335651], [-104.998391085046, 40.6785227508246], [-104.998389424959, 40.6785280960154], [-104.998387896925, 40.6785334575562], [-104.998386501841, 40.6785388422594], [-104.998385237013, 40.6785442501251], [-104.998384111424, 40.6785496709343], [-104.998383125074, 40.6785551080935], [-104.998382270776, 40.6785605616025], [-104.998381549429, 40.6785660232862], [-104.998380965524, 40.6785714951885], [-104.99838051457, 40.6785769732216], [-104.998380201956, 40.6785824587482], [-104.998380029479, 40.678587943593], [-104.998379989055, 40.6785934352501], [-104.998380086971, 40.6785989214565], [-104.998380317839, 40.6786044083438], [-104.998380687944, 40.6786098904618], [-104.998381196391, 40.6786153678106], [-104.998381838686, 40.6786208342586], [-104.998382618424, 40.6786262952561], [-104.998383531112, 40.6786317405841], [-104.998384575853, 40.6786371695615], [-104.998385758934, 40.6786425821881], [-104.998387083051, 40.6786479805077], [-104.998388531135, 40.6786533597516], [-104.998390118458, 40.6786587137884], [-104.998391830647, 40.6786640460243], [-104.998393682973, 40.6786693489656], [-104.998395666453, 40.6786746321498], [-104.998397775698, 40.6786798805893], [-104.998400017893, 40.6786850976904], [-104.998402388547, 40.6786902814092], [-104.99840488766, 40.678695426977], [-104.998407517927, 40.6787005384813], [-104.998410273958, 40.6787056125159], [-104.998413153957, 40.6787106483995], [-104.998535091274, 40.6789183687265]]]]}, "properties": {"OBJECTID": 5, "areasymbol": "CO644", "spatialver": 5, "musym": "36", "mukey": 497683, "TaxCl": "Fine-loamy, mixed, superactive, mesic Aridic Haplustalfs", "TaxOrder": "Alfisols", "SubOrd": "Ustalfs", "GrGrp": "Haplustalfs", "SubGrp": "Aridic Haplustalfs", "PartSz": "fine-loamy", "Sand": 42.9, "Silt": 36.4, "Clay": 20.7, "BRdep": null, "BD": 1.47, "CaCO3": 0, "CEC": 17.3, "EC": 0.1, "ECEC": null, "MoiReg": "Ustic", "MoiSub": "Aridic (torric)", "OrderSsa": "Order 2", "OM": 1.4, "ParMat": "Pleistocene or older alluvium and/or eolian deposits", "pH": 7.3, "SAR": 0, "SurfTex": "Loam", "Temp": "mesic", "EcoID": "R067BY002CO", "EcoName": "Loamy Plains", "muname": "Fort Collins loam, 3 to 5 percent slopes", "Sand_DCP_0_6_in": 42.9, "Silt_DCP_0_6_in": 36.4, "Clay_DCP_0_6_in": 20.7, "SurfText_DCP_SL": "Loam", "ParMatNm_DCP": "Pleistocene or older alluvium and/or eolian deposits", "Taxpartsiz_DCP": "fine-loamy", "TaxClName_DCP": "Fine-loamy, mixed, superactive, mesic Aridic Haplustalfs", "OrgMatter_DCP_0_6_in": 1.4, "pHwater_DCP_0_6_in": 7.3, "BdSurf_DCP_0_6_in": 1.47, "SAR_DCP_0_6_in": 0, "CaC03_DCP_0_6_in": 0, "CEC7_DCP_0_6_in": 17.3, "EC_DCP_0_6_in": 0.1, "ECEC_DCP_0_6_in": null, "EcoSiteID_DCP": "R067BY002CO", "EcoSiteNm_DCP": "Loamy Plains", "TempRegime_DCP": "mesic", "MoistRegim_DCP": "Ustic", "MoistSubcl_DCP": "Aridic (torric)", "TaxOrder_DCP": "Alfisols", "TaxSuborer_DCP": "Ustalfs", "TaxGrtgrp_DCP": "Haplustalfs", "Taxsubgrp_DCP": "Aridic Haplustalfs", "Dep2BedRS_DCP": null, "Sand_AllDepth": 45.93103448275862, "Silt_AllDepth": 31.408866995073893, "Clay_AllDepth": 22.660098522167488, "pH_AllDepth": 7.2, "OM_AllDepth": 0.41133004926108374, "BD_AllDepth": 1.4964532019704433, "CaCO3_AllDepth": 7.635467980295567, "EC_AllDepth": 0.1, "SAR_AllDepth": 0, "Ksat_AllDepth": 9.358004926108373, "AWC_AllDepth": 0.1516256157635468, "CEC_AllDepth": 14.896059113300494, "BaseSat_AllDepth": 338.4106617282318, "DrainageCl": "Well drained", "Shape__Area": 6143.554931640625, "Shape__Length": 714.4368873995747, "station": "ARDEC", "station_svc": "ARDEC Soils"}}, {"type": "Feature", "id": 6, "geometry": {"type": "MultiPolygon", "coordinates": [[[[-104.991249726472, 40.6764772777918], [-104.994703525957, 40.6764804886837], [-104.994705345045, 40.6751904825361], [-104.990881296831, 40.6751768715783], [-104.990301485519, 40.6751747547873], [-104.990151582749, 40.6749961129166], [-104.988286927256, 40.674342874559], [-104.988200510224, 40.674360670267], [-104.988199551722, 40.6746934702524], [-104.988301043383, 40.6749553201124], [-104.988323039531, 40.6750721424615], [-104.98839588212, 40.6751677776201], [-104.98614056009, 40.6751594828228], [-104.983879447519, 40.6751514482801], [-104.983478394661, 40.6742967528581], [-104.982930740341, 40.673549080317], [-104.982670286401, 40.6733281025608], [-104.982252226637, 40.6731209991228], [-104.981789587978, 40.6730444093526], [-104.981750994556, 40.6729951301995], [-104.98172627292, 40.6729134780734], [-104.981660384189, 40.6724499986423], [-104.981674179616, 40.6718777299854], [-104.981717572736, 40.6717472999199], [-104.981890975434, 40.6715080952562], [-104.982339120675, 40.6720852556211], [-104.982742565747, 40.6723283717538], [-104.983146886676, 40.6724270332081], [-104.983551251623, 40.6724503549754], [-104.983898254648, 40.6725127241409], [-104.984475287471, 40.6728018122725], [-104.984937866841, 40.6728873650968], [-104.985294035377, 40.672842355668], [-104.985918840606, 40.6728464347382], [-104.986292188523, 40.6729275548351], [-104.986338219995, 40.6730354970159], [-104.986453438812, 40.6731977189367], [-104.986577329066, 40.6733243491893], [-104.986798017283, 40.6734772902198], [-104.987016502832, 40.6735182821908], [-104.98730468507, 40.6735041013127], [-104.987622881818, 40.6734052779365], [-104.987854341734, 40.6732839123722], [-104.987998574338, 40.6731077563358], [-104.988228989514, 40.6725810875361], [-104.988229459333, 40.6723200704713], [-104.987912594786, 40.6713515488455], [-104.98756549115, 40.6707116277422], [-104.987075078378, 40.6700092357039], [-104.986642173955, 40.6691081439858], [-104.986584462588, 40.6689552930938], [-104.986613495239, 40.6689101828947], [-104.986411279977, 40.6683828431808], [-104.98623078508, 40.6680665567268], [-104.986230965642, 40.668052388998], [-104.989595316281, 40.6680636281983], [-104.989577306856, 40.669076077842], [-104.989544738436, 40.6709106865766], [-104.990931969898, 40.6709169092635], [-104.990946063566, 40.6697321831503], [-104.992809315891, 40.6685535989358], [-104.993584479336, 40.6680632514007], [-104.993672075856, 40.6680629461469], [-104.994729454929, 40.6680592612974], [-104.994739481925, 40.6680592272289], [-104.995367599243, 40.6713866874024], [-104.996659229297, 40.6690915167704], [-104.996979381678, 40.6701406591691], [-104.997007611236, 40.6707126422619], [-104.996950471197, 40.6709328451443], [-104.996921087304, 40.6716362773888], [-104.996978965758, 40.6718563777466], [-104.997123935879, 40.6720640104174], [-104.998437500996, 40.6730011373949], [-104.998667972766, 40.6732215255325], [-104.998856386312, 40.6735731545436], [-104.99885562993, 40.6737938357984], [-104.998740177551, 40.6740549581473], [-104.998149214554, 40.6745821671608], [-104.997960313222, 40.6748027687702], [-104.997874745997, 40.6749783575749], [-104.997855819392, 40.6752015965372], [-104.997792387553, 40.6752013737531], [-104.996608135819, 40.6751972042144], [-104.996586607693, 40.6751971279092], [-104.996480313639, 40.6751967572835], [-104.996489179112, 40.6763062003221], [-104.998802229578, 40.6763034588278], [-104.999159441057, 40.6765184321078], [-104.999564741151, 40.6768698904432], [-104.99972222121, 40.6770909838595], [-104.999923854364, 40.6775277734889], [-105.000011323323, 40.6779242475197], [-105.000011460765, 40.678189709029], [-104.999846309992, 40.6787485374158], [-104.999115322099, 40.6783520676061], [-104.998885124316, 40.6782661872924], [-104.998480894116, 40.6782348306632], [-104.998263853059, 40.6783659524654], [-104.998220227275, 40.678428245927], [-104.998263864737, 40.6786493607444], [-104.998535091274, 40.6789183687265], [-104.998686608316, 40.6791764796073], [-104.998763328933, 40.6792645469414], [-104.99895839091, 40.6794105786914], [-104.999073467793, 40.6795192652043], [-104.999122952389, 40.6795691690126], [-104.998812725494, 40.6799242559462], [-104.998349784102, 40.6803652336958], [-104.997784983638, 40.681108517568], [-104.996674999222, 40.6799918787188], [-104.996357484295, 40.6795956070545], [-104.995938623234, 40.6792128144136], [-104.995735464741, 40.679113347536], [-104.995100996334, 40.6790902685832], [-104.994350290421, 40.6789821679344], [-104.993715459993, 40.6787483439377], [-104.993253544477, 40.6784511139172], [-104.993094156396, 40.6782337365498], [-104.992993663662, 40.6778381854369], [-104.992805380372, 40.6774874359621], [-104.992502805326, 40.67727484891], [-104.991723284154, 40.6769015188637], [-104.991549611961, 40.6767793250945], [-104.991249726472, 40.6764772777918]]], [[[-104.990892387432, 40.6637564412309], [-104.990994666017, 40.6637951298668], [-104.990991185943, 40.6643076811369], [-104.991011890314, 40.6643077894809], [-104.991815512387, 40.6643119297185], [-104.991877267071, 40.6643561646931], [-104.991956263121, 40.6644689376137], [-104.991927236757, 40.6645140474099], [-104.991956090644, 40.6645998888809], [-104.992330901018, 40.6653920854837], [-104.992533482793, 40.6656763461433], [-104.992733619354, 40.6658657122097], [-104.99337061023, 40.6663253841578], [-104.994524453093, 40.6669868899005], [-104.995896961168, 40.6676812790118], [-104.996070446511, 40.6678115487314], [-104.996113314116, 40.6678740183092], [-104.990987895414, 40.6678525864306], [-104.990967987849, 40.6678524992149], [-104.990968113613, 40.6678330228683], [-104.990990529275, 40.6644084811309], [-104.990987750785, 40.6644084804494], [-104.990889608942, 40.6644085029359], [-104.990892387432, 40.6637564412309]]], [[[-104.984327052872, 40.667449653702], [-104.983899709919, 40.6673692124062], [-104.982932108475, 40.6669948416171], [-104.98275908846, 40.6668869421242], [-104.982541860553, 40.6666664880784], [-104.982396876957, 40.6663826118531], [-104.982340739439, 40.6660718038313], [-104.982730069283, 40.6648415120941], [-104.982629033966, 40.6645356841019], [-104.982297369675, 40.6640264966674], [-104.98205167775, 40.6634771290154], [-104.982165363142, 40.6629273704719], [-104.982392801301, 40.6626798466791], [-104.982680058274, 40.6627249304284], [-104.984505880496, 40.6630177556603], [-104.984911082673, 40.6631710521814], [-104.985313739923, 40.6634366337577], [-104.986123285487, 40.6638876739577], [-104.986527565094, 40.663986324051], [-104.987176767669, 40.6640039071969], [-104.989761144384, 40.6637208352916], [-104.989987692312, 40.6637150705252], [-104.989970105096, 40.6678290020895], [-104.989970017061, 40.6678485016039], [-104.986234429546, 40.667833035133], [-104.986234536445, 40.6678132623836], [-104.986234577768, 40.667806035745], [-104.986240743804, 40.6666709429691], [-104.986240799499, 40.6666617851634], [-104.984326420459, 40.6666540330527], [-104.984327052872, 40.667449653702]]], [[[-104.979400058542, 40.6593774897433], [-104.979976236169, 40.6588281069704], [-104.980610464726, 40.6583777378777], [-104.981461443286, 40.6579361990048], [-104.981822961289, 40.6577069618167], [-104.981967108553, 40.65745458697], [-104.981967536151, 40.6570133138988], [-104.981852470946, 40.6557829498026], [-104.981910641352, 40.6552111255773], [-104.982141366446, 40.6551032744903], [-104.982430404779, 40.655143746184], [-104.982632373902, 40.6557832040005], [-104.982790941821, 40.6560042303535], [-104.983007015393, 40.6561117610457], [-104.983641957213, 40.6562254338435], [-104.984624515606, 40.6561799027318], [-104.984941337932, 40.6562883483825], [-104.985085675638, 40.6563875160614], [-104.985200680656, 40.656576655668], [-104.985229668392, 40.6568149509502], [-104.985201326545, 40.6569505922218], [-104.984998963959, 40.6573012718595], [-104.984796701086, 40.657463609744], [-104.983382572268, 40.6578285554026], [-104.982602657633, 40.6581027379814], [-104.982429220799, 40.6582657151791], [-104.982082505236, 40.6591889509484], [-104.981821747665, 40.6594854749824], [-104.980205780877, 40.6597517036236], [-104.979188473852, 40.6600436028673], [-104.979310834275, 40.6597515216751], [-104.979281497094, 40.6596522615485], [-104.979400058542, 40.6593774897433]]]]}, "properties": {"OBJECTID": 6, "areasymbol": "CO644", "spatialver": 5, "musym": "40", "mukey": 497688, "TaxCl": "Fine-loamy, mixed, mesic Pachic Argiustolls", "TaxOrder": "Mollisols", "SubOrd": "Ustolls", "GrGrp": "Argiustolls", "SubGrp": "Pachic Argiustolls", "PartSz": "fine-loamy", "Sand": 44.3, "Silt": 40.7, "Clay": 15, "BRdep": null, "BD": 1.3, "CaCO3": 0, "CEC": 12.5, "EC": 0, "ECEC": null, "MoiReg": "Ustic", "MoiSub": null, "OrderSsa": null, "OM": 2, "ParMat": "alluvium derived from sandstone and shale", "pH": 7.2, "SAR": 0, "SurfTex": "Loam", "Temp": "mesic", "EcoID": "R049XY036CO", "EcoName": "Overflow", "muname": "Garrett loam, 0 to 1 percent slopes", "Sand_DCP_0_6_in": 44.3, "Silt_DCP_0_6_in": 40.7, "Clay_DCP_0_6_in": 15, "SurfText_DCP_SL": "Loam", "ParMatNm_DCP": "alluvium derived from sandstone and shale", "Taxpartsiz_DCP": "fine-loamy", "TaxClName_DCP": "Fine-loamy, mixed, mesic Pachic Argiustolls", "OrgMatter_DCP_0_6_in": 2, "pHwater_DCP_0_6_in": 7.2, "BdSurf_DCP_0_6_in": 1.3, "SAR_DCP_0_6_in": 0, "CaC03_DCP_0_6_in": 0, "CEC7_DCP_0_6_in": 12.5, "EC_DCP_0_6_in": 0, "ECEC_DCP_0_6_in": null, "EcoSiteID_DCP": "R049XY036CO", "EcoSiteNm_DCP": "Overflow", "TempRegime_DCP": "mesic", "MoistRegim_DCP": "Ustic", "MoistSubcl_DCP": null, "TaxOrder_DCP": "Mollisols", "TaxSuborer_DCP": "Ustolls", "TaxGrtgrp_DCP": "Argiustolls", "Taxsubgrp_DCP": "Pachic Argiustolls", "Dep2BedRS_DCP": null, "Sand_AllDepth": 57.80855263157895, "Silt_AllDepth": 21.214473684210528, "Clay_AllDepth": 20.976973684210527, "pH_AllDepth": 7.2, "OM_AllDepth": 1.5657894736842106, "BD_AllDepth": 1.3973026315789472, "CaCO3_AllDepth": 2.0921052631578947, "EC_AllDepth": 1, "SAR_AllDepth": 0, "Ksat_AllDepth": 18.319013157894734, "AWC_AllDepth": 0.1382236842105263, "CEC_AllDepth": 14.226973684210526, "BaseSat_AllDepth": null, "DrainageCl": "Well drained", "Shape__Area": 1337501.1613769531, "Shape__Length": 13712.978198999373, "station": "ARDEC", "station_svc": "ARDEC Soils"}}, {"type": "Feature", "id": 7, "geometry": {"type": "Polygon", "coordinates": [[[-104.986971414591, 40.6534884157511], [-104.988393091953, 40.6534952834175], [-104.988523613571, 40.6537479417593], [-104.987206748941, 40.6538020009748], [-104.987132951442, 40.6537301126085], [-104.987114341943, 40.6536399567741], [-104.986971414591, 40.6534884157511]]]}, "properties": {"OBJECTID": 7, "areasymbol": "CO644", "spatialver": 5, "musym": "41", "mukey": 497689, "TaxCl": "Fine-loamy, mixed, mesic Pachic Argiustolls", "TaxOrder": "Mollisols", "SubOrd": "Ustolls", "GrGrp": "Argiustolls", "SubGrp": "Pachic Argiustolls", "PartSz": "fine-loamy", "Sand": 44.3, "Silt": 40.7, "Clay": 15, "BRdep": null, "BD": 1.3, "CaCO3": 0, "CEC": 12.5, "EC": 0, "ECEC": null, "MoiReg": "Ustic", "MoiSub": null, "OrderSsa": null, "OM": 2, "ParMat": "alluvium derived from sandstone and shale", "pH": 7.2, "SAR": 0, "SurfTex": "Loam", "Temp": "mesic", "EcoID": "R049XY036CO", "EcoName": "Overflow", "muname": "Garrett loam, 1 to 3 percent slopes", "Sand_DCP_0_6_in": 44.3, "Silt_DCP_0_6_in": 40.7, "Clay_DCP_0_6_in": 15, "SurfText_DCP_SL": "Loam", "ParMatNm_DCP": "alluvium derived from sandstone and shale", "Taxpartsiz_DCP": "fine-loamy", "TaxClName_DCP": "Fine-loamy, mixed, mesic Pachic Argiustolls", "OrgMatter_DCP_0_6_in": 2, "pHwater_DCP_0_6_in": 7.2, "BdSurf_DCP_0_6_in": 1.3, "SAR_DCP_0_6_in": 0, "CaC03_DCP_0_6_in": 0, "CEC7_DCP_0_6_in": 12.5, "EC_DCP_0_6_in": 0, "ECEC_DCP_0_6_in": null, "EcoSiteID_DCP": "R049XY036CO", "EcoSiteNm_DCP": "Overflow", "TempRegime_DCP": "mesic", "MoistRegim_DCP": "Ustic", "MoistSubcl_DCP": null, "TaxOrder_DCP": "Mollisols", "TaxSuborer_DCP": "Ustolls", "TaxGrtgrp_DCP": "Argiustolls", "Taxsubgrp_DCP": "Pachic Argiustolls", "Dep2BedRS_DCP": null, "Sand_AllDepth": 57.80855263157895, "Silt_AllDepth": 21.214473684210525, "Clay_AllDepth": 20.976973684210527, "pH_AllDepth": 7.2, "OM_AllDepth": 1.5657894736842106, "BD_AllDepth": 1.3973026315789472, "CaCO3_AllDepth": 2.0921052631578947, "EC_AllDepth": 1, "SAR_AllDepth": 0, "Ksat_AllDepth": 18.319013157894734, "AWC_AllDepth": 0.13822368421052633, "CEC_AllDepth": 14.226973684210526, "BaseSat_AllDepth": null, "DrainageCl": "Well drained", "Shape__Area": 3660.45361328125, "Shape__Length": 302.7905229989816, "station": "ARDEC", "station_svc": "ARDEC Soils"}}, {"type": "Feature", "id": 8, "geometry": {"type": "MultiPolygon", "coordinates": [[[[-104.98639761211, 40.6541760396323], [-104.986129305098, 40.6534843395861], [-104.986971414591, 40.6534884157511], [-104.987114341943, 40.6536399567741], [-104.987132951442, 40.6537301126085], [-104.987206748941, 40.6538020009748], [-104.987712539074, 40.6546171835827], [-104.988088563072, 40.655495389417], [-104.98814620976, 40.6557612448478], [-104.988538340551, 40.6565584899367], [-104.988723722283, 40.6569058555341], [-104.988823585298, 40.6572117600799], [-104.988810234537, 40.6573427494467], [-104.988723539027, 40.6575094425557], [-104.988434324625, 40.6576851361852], [-104.98827571179, 40.6578515531231], [-104.988232339331, 40.6579819844702], [-104.988303867686, 40.6584235325805], [-104.988260716213, 40.6589055117438], [-104.988217591689, 40.6591040844997], [-104.988087927065, 40.6591491665771], [-104.988044293196, 40.6591262572124], [-104.987972986726, 40.6590362551843], [-104.987828039961, 40.6585541822416], [-104.987481551671, 40.657937544915], [-104.987337811344, 40.6575405860883], [-104.98739493162, 40.6568378904125], [-104.987337849972, 40.6565764805257], [-104.98704959497, 40.6556534730223], [-104.98639761211, 40.6541760396323]]], [[[-104.991122707386, 40.6468611352209], [-104.991135373631, 40.6468791734093], [-104.991116649147, 40.6475515298605], [-104.991122707386, 40.6468611352209]]]]}, "properties": {"OBJECTID": 8, "areasymbol": "CO644", "spatialver": 5, "musym": "5", "mukey": 497698, "TaxCl": "Aquepts", "TaxOrder": "Inceptisols", "SubOrd": "Aquepts", "GrGrp": null, "SubGrp": null, "PartSz": "not used", "Sand": null, "Silt": null, "Clay": null, "BRdep": null, "BD": null, "CaCO3": null, "CEC": null, "EC": null, "ECEC": null, "MoiReg": null, "MoiSub": null, "OrderSsa": null, "OM": null, "ParMat": "loamy alluvium", "pH": null, "SAR": null, "SurfTex": "Variable", "Temp": null, "EcoID": "R067BY038CO", "EcoName": "Wet Meadow", "muname": "Aquepts, loamy", "Sand_DCP_0_6_in": null, "Silt_DCP_0_6_in": null, "Clay_DCP_0_6_in": null, "SurfText_DCP_SL": "Variable", "ParMatNm_DCP": "loamy alluvium", "Taxpartsiz_DCP": "not used", "TaxClName_DCP": "Aquepts", "OrgMatter_DCP_0_6_in": null, "pHwater_DCP_0_6_in": null, "BdSurf_DCP_0_6_in": null, "SAR_DCP_0_6_in": null, "CaC03_DCP_0_6_in": null, "CEC7_DCP_0_6_in": null, "EC_DCP_0_6_in": null, "ECEC_DCP_0_6_in": null, "EcoSiteID_DCP": "R067BY038CO", "EcoSiteNm_DCP": "Wet Meadow", "TempRegime_DCP": null, "MoistRegim_DCP": null, "MoistSubcl_DCP": null, "TaxOrder_DCP": "Inceptisols", "TaxSuborer_DCP": "Aquepts", "TaxGrtgrp_DCP": null, "Taxsubgrp_DCP": null, "Dep2BedRS_DCP": null, "Sand_AllDepth": null, "Silt_AllDepth": null, "Clay_AllDepth": null, "pH_AllDepth": null, "OM_AllDepth": null, "BD_AllDepth": null, "CaCO3_AllDepth": null, "EC_AllDepth": null, "SAR_AllDepth": null, "Ksat_AllDepth": 364.615, "AWC_AllDepth": null, "CEC_AllDepth": null, "BaseSat_AllDepth": null, "DrainageCl": "Very poorly drained", "Shape__Area": 52731.6953125, "Shape__Length": 1567.4463914105447, "station": "ARDEC", "station_svc": "ARDEC Soils"}}, {"type": "Feature", "id": 9, "geometry": {"type": "MultiPolygon", "coordinates": [[[[-104.998748536375, 40.6683196456978], [-105.000249102887, 40.6683143467028], [-105.000251469948, 40.6716643871619], [-105.000241850788, 40.6716585161128], [-104.999939596441, 40.6715051171414], [-104.999591917883, 40.6712392529168], [-104.999347243749, 40.6708880381172], [-104.999289060766, 40.6707128023776], [-104.99928994381, 40.6702759687812], [-104.999376440792, 40.6698339465535], [-104.999376305147, 40.6695684851601], [-104.999057765242, 40.6689561550154], [-104.999029822247, 40.6688209217632], [-104.998748536375, 40.6683196456978]]], [[[-104.997098760593, 40.6643390136528], [-105.000162472056, 40.6643546083573], [-105.000201436481, 40.6672375613497], [-104.999837899066, 40.667172444699], [-104.999202469461, 40.6671315237786], [-104.999029007475, 40.6670864566355], [-104.998538565957, 40.6668567500768], [-104.998293394157, 40.6666903242613], [-104.99768643396, 40.666118227626], [-104.997224847228, 40.665568080652], [-104.997066342191, 40.6651497542465], [-104.997037942852, 40.6648880982376], [-104.997037816189, 40.6646226375984], [-104.997098760593, 40.6643390136528]]], [[[-104.991514477952, 40.6578654477033], [-104.991493867905, 40.6578068245358], [-104.991032478802, 40.6575409520418], [-104.989733184321, 40.656883484453], [-104.98932919487, 40.6567301196446], [-104.988538340551, 40.6565584899367], [-104.98814620976, 40.6557612448478], [-104.988088563072, 40.655495389417], [-104.987712539074, 40.6546171835827], [-104.987206748941, 40.6538020009748], [-104.988523613571, 40.6537479417593], [-104.989563180848, 40.6536893517756], [-104.990798434433, 40.6535773914009], [-104.99109122413, 40.6536947037278], [-104.991668493209, 40.6538070523695], [-104.991942791985, 40.6538162623722], [-104.992216734129, 40.653860475002], [-104.99383321655, 40.6538263263127], [-104.995045855047, 40.6538477674689], [-104.995391823213, 40.6538931318379], [-104.995637133354, 40.6540138096053], [-104.995608309111, 40.6541360362321], [-104.994396361419, 40.6550365076594], [-104.994165609375, 40.655257387919], [-104.994064207546, 40.6554780432342], [-104.994035340184, 40.6556944411932], [-104.994035457863, 40.6559598992014], [-104.994150929107, 40.6565776915288], [-104.994496554116, 40.657631138723], [-104.994655906264, 40.6578296771098], [-104.994973279257, 40.6580367149128], [-104.995387319958, 40.6581274658638], [-104.994916173354, 40.6584649815298], [-104.993991807825, 40.6589602625541], [-104.992908747715, 40.6584874529377], [-104.991927473913, 40.658004714319], [-104.991514477952, 40.6578654477033]]], [[[-104.996349650088, 40.6465686827845], [-104.996331289422, 40.6462444348077], [-104.996345706483, 40.6461984320384], [-104.997095979409, 40.6462029775848], [-104.997081815672, 40.6462215694048], [-104.996908736368, 40.6468024723945], [-104.996677195603, 40.6472530055037], [-104.996591431646, 40.6472851107654], [-104.996475570534, 40.6472216008939], [-104.996359808237, 40.6470549461505], [-104.996349650088, 40.6465686827845]]]]}, "properties": {"OBJECTID": 9, "areasymbol": "CO644", "spatialver": 5, "musym": "53", "mukey": 497702, "TaxCl": "Fine-loamy, mixed (calcareous), mesic Ustic Torriorthents", "TaxOrder": "Entisols", "SubOrd": "Orthents", "GrGrp": "Torriorthents", "SubGrp": "Ustic Torriorthents", "PartSz": "fine-loamy", "Sand": 41.6, "Silt": 37.4, "Clay": 21, "BRdep": null, "BD": 1.35, "CaCO3": 10, "CEC": 12.5, "EC": 0, "ECEC": null, "MoiReg": "Aridic (torric)", "MoiSub": "Ustic", "OrderSsa": null, "OM": 0.75, "ParMat": "mixed alluvium", "pH": 7.9, "SAR": null, "SurfTex": "Loam", "Temp": "mesic", "EcoID": "R067BY002CO", "EcoName": "Loamy Plains", "muname": "Kim loam, 1 to 3 percent slopes", "Sand_DCP_0_6_in": 41.6, "Silt_DCP_0_6_in": 37.4, "Clay_DCP_0_6_in": 21, "SurfText_DCP_SL": "Loam", "ParMatNm_DCP": "mixed alluvium", "Taxpartsiz_DCP": "fine-loamy", "TaxClName_DCP": "Fine-loamy, mixed (calcareous), mesic Ustic Torriorthents", "OrgMatter_DCP_0_6_in": 0.75, "pHwater_DCP_0_6_in": 7.9, "BdSurf_DCP_0_6_in": 1.35, "SAR_DCP_0_6_in": null, "CaC03_DCP_0_6_in": 10, "CEC7_DCP_0_6_in": 12.5, "EC_DCP_0_6_in": 0, "ECEC_DCP_0_6_in": null, "EcoSiteID_DCP": "R067BY002CO", "EcoSiteNm_DCP": "Loamy Plains", "TempRegime_DCP": "mesic", "MoistRegim_DCP": "Aridic (torric)", "MoistSubcl_DCP": "Ustic", "TaxOrder_DCP": "Entisols", "TaxSuborer_DCP": "Orthents", "TaxGrtgrp_DCP": "Torriorthents", "Taxsubgrp_DCP": "Ustic Torriorthents", "Dep2BedRS_DCP": null, "Sand_AllDepth": 37.72105263157895, "Silt_AllDepth": 35.54868421052631, "Clay_AllDepth": 26.730263157894736, "pH_AllDepth": 7.9, "OM_AllDepth": 0.3092105263157895, "BD_AllDepth": 1.438157894736842, "CaCO3_AllDepth": 10, "EC_AllDepth": 2, "SAR_AllDepth": null, "Ksat_AllDepth": 9.17, "AWC_AllDepth": 0.1611842105263158, "CEC_AllDepth": 14.703947368421053, "BaseSat_AllDepth": null, "DrainageCl": "Well drained", "Shape__Area": 347553.4206542969, "Shape__Length": 4577.718242401015, "station": "ARDEC", "station_svc": "ARDEC Soils"}}, {"type": "Feature", "id": 10, "geometry": {"type": "Polygon", "coordinates": [[[-104.981833287423, 40.675144142725], [-104.981866792786, 40.6751393450263], [-104.98198656696, 40.6751389192152], [-104.981988860359, 40.6751446993453], [-104.981833287423, 40.675144142725]]]}, "properties": {"OBJECTID": 10, "areasymbol": "CO644", "spatialver": 5, "musym": "56", "mukey": 497705, "TaxCl": "Fine-loamy, mixed (calcareous), mesic Ustic Torriorthents", "TaxOrder": "Entisols", "SubOrd": "Orthents", "GrGrp": "Torriorthents", "SubGrp": "Ustic Torriorthents", "PartSz": "fine-loamy", "Sand": 41.6, "Silt": 37.4, "Clay": 21, "BRdep": null, "BD": 1.35, "CaCO3": 10, "CEC": 12.5, "EC": 0, "ECEC": null, "MoiReg": "Aridic (torric)", "MoiSub": "Ustic", "OrderSsa": null, "OM": 0.75, "ParMat": "mixed alluvium", "pH": 7.9, "SAR": 0, "SurfTex": "Loam", "Temp": "mesic", "EcoID": "R067BY002CO", "EcoName": "Loamy Plains", "muname": "Kim-Thedalund loams, 3 to 15 percent slopes", "Sand_DCP_0_6_in": 41.6, "Silt_DCP_0_6_in": 37.4, "Clay_DCP_0_6_in": 21, "SurfText_DCP_SL": "Loam", "ParMatNm_DCP": "mixed alluvium", "Taxpartsiz_DCP": "fine-loamy", "TaxClName_DCP": "Fine-loamy, mixed (calcareous), mesic Ustic Torriorthents", "OrgMatter_DCP_0_6_in": 0.75, "pHwater_DCP_0_6_in": 7.9, "BdSurf_DCP_0_6_in": 1.35, "SAR_DCP_0_6_in": 0, "CaC03_DCP_0_6_in": 10, "CEC7_DCP_0_6_in": 12.5, "EC_DCP_0_6_in": 0, "ECEC_DCP_0_6_in": null, "EcoSiteID_DCP": "R067BY002CO", "EcoSiteNm_DCP": "Loamy Plains", "TempRegime_DCP": "mesic", "MoistRegim_DCP": "Aridic (torric)", "MoistSubcl_DCP": "Ustic", "TaxOrder_DCP": "Entisols", "TaxSuborer_DCP": "Orthents", "TaxGrtgrp_DCP": "Torriorthents", "Taxsubgrp_DCP": "Ustic Torriorthents", "Dep2BedRS_DCP": null, "Sand_AllDepth": 37.72105263157895, "Silt_AllDepth": 35.54868421052631, "Clay_AllDepth": 26.730263157894736, "pH_AllDepth": 7.9, "OM_AllDepth": 0.3092105263157895, "BD_AllDepth": 1.438157894736842, "CaCO3_AllDepth": 10, "EC_AllDepth": 2, "SAR_AllDepth": null, "Ksat_AllDepth": 9.17, "AWC_AllDepth": 0.1611842105263158, "CEC_AllDepth": 14.703947368421053, "BaseSat_AllDepth": null, "DrainageCl": "Well drained", "Shape__Area": 6.840576171875, "Shape__Length": 26.822226786713095, "station": "ARDEC", "station_svc": "ARDEC Soils"}}, {"type": "Feature", "id": 11, "geometry": {"type": "MultiPolygon", "coordinates": [[[[-104.978336934743, 40.662362585993], [-104.978356183843, 40.6624218593274], [-104.978256221114, 40.6625975556918], [-104.978284370722, 40.6626117020923], [-104.978164500429, 40.6626936598454], [-104.978025562496, 40.6625884586552], [-104.978336934743, 40.662362585993]]], [[[-104.979238588166, 40.6593724714804], [-104.979400058542, 40.6593774897433], [-104.979281497094, 40.6596522615485], [-104.979310834275, 40.6597515216751], [-104.979188473852, 40.6600436028673], [-104.97880492826, 40.66017434067], [-104.978781201956, 40.6601027494682], [-104.978742722621, 40.6597986565374], [-104.978827852367, 40.6595697003764], [-104.979238588166, 40.6593724714804]]]]}, "properties": {"OBJECTID": 11, "areasymbol": "CO644", "spatialver": 5, "musym": "63", "mukey": 497713, "TaxCl": "Fine, montmorillonitic (calcareous), mesic Aeric Halaquepts", "TaxOrder": "Inceptisols", "SubOrd": "Aquepts", "GrGrp": "Halaquepts", "SubGrp": "Aeric Halaquepts", "PartSz": "fine", "Sand": 22.1, "Silt": 27.9, "Clay": 50, "BRdep": null, "BD": 1.23, "CaCO3": 8, "CEC": 37.5, "EC": 8, "ECEC": null, "MoiReg": null, "MoiSub": null, "OrderSsa": null, "OM": 1.25, "ParMat": "clayey alluvium derived from shale", "pH": 8.5, "SAR": 13, "SurfTex": "Clay", "Temp": "mesic", "EcoID": "R067BY035CO", "EcoName": "Salt Meadow", "muname": "Longmont clay, 0 to 3 percent slopes", "Sand_DCP_0_6_in": 22.1, "Silt_DCP_0_6_in": 27.9, "Clay_DCP_0_6_in": 50, "SurfText_DCP_SL": "Clay", "ParMatNm_DCP": "clayey alluvium derived from shale", "Taxpartsiz_DCP": "fine", "TaxClName_DCP": "Fine, montmorillonitic (calcareous), mesic Aeric Halaquepts", "OrgMatter_DCP_0_6_in": 1.25, "pHwater_DCP_0_6_in": 8.5, "BdSurf_DCP_0_6_in": 1.23, "SAR_DCP_0_6_in": 13, "CaC03_DCP_0_6_in": 8, "CEC7_DCP_0_6_in": 37.5, "EC_DCP_0_6_in": 8, "ECEC_DCP_0_6_in": null, "EcoSiteID_DCP": "R067BY035CO", "EcoSiteNm_DCP": "Salt Meadow", "TempRegime_DCP": "mesic", "MoistRegim_DCP": null, "MoistSubcl_DCP": null, "TaxOrder_DCP": "Inceptisols", "TaxSuborer_DCP": "Aquepts", "TaxGrtgrp_DCP": "Halaquepts", "Taxsubgrp_DCP": "Aeric Halaquepts", "Dep2BedRS_DCP": null, "Sand_AllDepth": 22.1, "Silt_AllDepth": 27.900000000000002, "Clay_AllDepth": 50, "pH_AllDepth": 8.5, "OM_AllDepth": 1.25, "BD_AllDepth": 1.23, "CaCO3_AllDepth": 8, "EC_AllDepth": 8, "SAR_AllDepth": 13, "Ksat_AllDepth": 0.92, "AWC_AllDepth": 0.14, "CEC_AllDepth": 37.5, "BaseSat_AllDepth": null, "DrainageCl": "Poorly drained", "Shape__Area": 3495.78662109375, "Shape__Length": 333.5944755847328, "station": "ARDEC", "station_svc": "ARDEC Soils"}}, {"type": "Feature", "id": 12, "geometry": {"type": "MultiPolygon", "coordinates": [[[[-105.000234648096, 40.6789681019886], [-104.999846309992, 40.6787485374158], [-105.000011460765, 40.678189709029], [-105.000011323323, 40.6779242475197], [-104.999923854364, 40.6775277734889], [-104.99972222121, 40.6770909838595], [-104.999564741151, 40.6768698904432], [-104.999159441057, 40.6765184321078], [-104.998802229578, 40.6763034588278], [-105.000255890557, 40.6763017120108], [-105.00024532098, 40.6789684358054], [-105.000234648096, 40.6789681019886]]], [[[-104.997855819392, 40.6752015965372], [-104.997874745997, 40.6749783575749], [-104.997960313222, 40.6748027687702], [-104.998149214554, 40.6745821671608], [-104.998740177551, 40.6740549581473], [-104.99885562993, 40.6737938357984], [-104.998856386312, 40.6735731545436], [-104.998667972766, 40.6732215255325], [-104.998437500996, 40.6730011373949], [-104.997123935879, 40.6720640104174], [-104.996978965758, 40.6718563777466], [-104.996921087304, 40.6716362773888], [-104.996950471197, 40.6709328451443], [-104.997007611236, 40.6707126422619], [-104.996979381678, 40.6701406591691], [-104.996659229297, 40.6690915167704], [-104.997245068305, 40.6680504491371], [-104.997276592883, 40.6680503005984], [-104.997342463648, 40.6680501098147], [-104.997344130023, 40.668324586293], [-104.998748536375, 40.6683196456978], [-104.999029822247, 40.6688209217632], [-104.999057765242, 40.6689561550154], [-104.999376305147, 40.6695684851601], [-104.999376440792, 40.6698339465535], [-104.99928994381, 40.6702759687812], [-104.999289060766, 40.6707128023776], [-104.999347243749, 40.6708880381172], [-104.999591917883, 40.6712392529168], [-104.999939596441, 40.6715051171414], [-105.000241850788, 40.6716585161128], [-105.000251469948, 40.6716643871619], [-105.000253949298, 40.6751736442725], [-105.000254164894, 40.6752100044246], [-105.000142859138, 40.675209615404], [-104.997855819392, 40.6752015965372]]], [[[-104.996113314116, 40.6678740183092], [-104.996070446511, 40.6678115487314], [-104.995896961168, 40.6676812790118], [-104.994524453093, 40.6669868899005], [-104.99337061023, 40.6663253841578], [-104.992733619354, 40.6658657122097], [-104.992533482793, 40.6656763461433], [-104.992330901018, 40.6653920854837], [-104.991956090644, 40.6645998888809], [-104.991927236757, 40.6645140474099], [-104.991956263121, 40.6644689376137], [-104.991877267071, 40.6643561646931], [-104.991861056074, 40.6643121648044], [-104.997098760593, 40.6643390136528], [-104.997037816189, 40.6646226375984], [-104.997037942852, 40.6648880982376], [-104.997066342191, 40.6651497542465], [-104.997224847228, 40.665568080652], [-104.99768643396, 40.666118227626], [-104.998293394157, 40.6666903242613], [-104.998538565957, 40.6668567500768], [-104.999029007475, 40.6670864566355], [-104.999202469461, 40.6671315237786], [-104.999837899066, 40.667172444699], [-105.000201436481, 40.6672375613497], [-105.000210267819, 40.6678909865142], [-104.996113314116, 40.6678740183092]]], [[[-104.991514477952, 40.6578654477033], [-104.991927473913, 40.658004714319], [-104.992908747715, 40.6584874529377], [-104.993991807825, 40.6589602625541], [-104.994323521524, 40.659081978563], [-104.995755631021, 40.6595012698074], [-104.99584990382, 40.6595912480385], [-104.995703217019, 40.6599970808039], [-104.995580528711, 40.6607006338519], [-104.995552381798, 40.6608750107053], [-104.995492615984, 40.6612429755597], [-104.995381871676, 40.6615186896039], [-104.994999952034, 40.6618682413062], [-104.994442110819, 40.6622516459633], [-104.993737689703, 40.6626748177619], [-104.993383992433, 40.6628468467208], [-104.993333331942, 40.6628714890296], [-104.992965842838, 40.6629934289039], [-104.992194331942, 40.6631969733954], [-104.991548527695, 40.6632305769227], [-104.991463552459, 40.663233217423], [-104.991407808402, 40.6630819087498], [-104.991219158599, 40.6627751343681], [-104.99075802372, 40.6623791985319], [-104.989963571649, 40.6619055913401], [-104.989328094433, 40.6615991604435], [-104.989011774266, 40.6613247694049], [-104.989011637722, 40.6612575174825], [-104.989083368197, 40.6611806749009], [-104.989473312489, 40.6610812329117], [-104.989992927694, 40.6610407402881], [-104.991148980413, 40.6610590710705], [-104.991551411287, 40.6609730846653], [-104.991753720872, 40.6608205987812], [-104.991984972379, 40.6604239065202], [-104.992071786466, 40.6598518297302], [-104.991986741162, 40.6593699868814], [-104.991514477952, 40.6578654477033]]], [[[-104.990798434433, 40.6535773914009], [-104.990769395493, 40.6535067240742], [-104.991064537878, 40.6535081416333], [-104.991112224944, 40.6535083733497], [-104.991794322028, 40.653511675308], [-104.991942791985, 40.6538162623722], [-104.991668493209, 40.6538070523695], [-104.99109122413, 40.6536947037278], [-104.990798434433, 40.6535773914009]]], [[[-104.991116649147, 40.6475515298605], [-104.991135373631, 40.6468791734093], [-104.991122707386, 40.6468611352209], [-104.99112839462, 40.6462130072306], [-104.991128803353, 40.6461666929514], [-104.991179334486, 40.6461669976237], [-104.996345706483, 40.6461984320384], [-104.996331289422, 40.6462444348077], [-104.996349650088, 40.6465686827845], [-104.995421582601, 40.6479781257655], [-104.994930712587, 40.6483296022914], [-104.993603075361, 40.6489782079501], [-104.993155686502, 40.6492664977511], [-104.992404552092, 40.6499557340807], [-104.991972367219, 40.6504868800873], [-104.991466563612, 40.6514106889954], [-104.991322117209, 40.6518021093289], [-104.991322031869, 40.6521133177939], [-104.991437986406, 40.6527256942072], [-104.991639570152, 40.6532575487561], [-104.991693752937, 40.6533457341501], [-104.991113516722, 40.6533429201522], [-104.991065820672, 40.6533426904798], [-104.991116649147, 40.6475515298605]]]]}, "properties": {"OBJECTID": 12, "areasymbol": "CO644", "spatialver": 5, "musym": "73", "mukey": 497724, "TaxCl": "Fine, smectitic, mesic Aridic Argiustolls", "TaxOrder": "Mollisols", "SubOrd": "Ustolls", "GrGrp": "Argiustolls", "SubGrp": "Aridic Argiustolls", "PartSz": "fine", "Sand": 43, "Silt": 26, "Clay": 31, "BRdep": null, "BD": 1.41, "CaCO3": 0, "CEC": 24, "EC": 0.5, "ECEC": null, "MoiReg": "Ustic", "MoiSub": "Aridic (torric)", "OrderSsa": "Order 2", "OM": 1.5, "ParMat": "pleistocene aged alluvium and/or eolian deposits", "pH": 7.2, "SAR": 0, "SurfTex": "Clay loam", "Temp": "mesic", "EcoID": "R067BY042CO", "EcoName": "Clayey Plains", "muname": "Nunn clay loam, 0 to 1 percent slopes", "Sand_DCP_0_6_in": 43, "Silt_DCP_0_6_in": 26, "Clay_DCP_0_6_in": 31, "SurfText_DCP_SL": "Clay loam", "ParMatNm_DCP": "pleistocene aged alluvium and/or eolian deposits", "Taxpartsiz_DCP": "fine", "TaxClName_DCP": "Fine, smectitic, mesic Aridic Argiustolls", "OrgMatter_DCP_0_6_in": 1.5, "pHwater_DCP_0_6_in": 7.2, "BdSurf_DCP_0_6_in": 1.41, "SAR_DCP_0_6_in": 0, "CaC03_DCP_0_6_in": 0, "CEC7_DCP_0_6_in": 24, "EC_DCP_0_6_in": 0.5, "ECEC_DCP_0_6_in": null, "EcoSiteID_DCP": "R067BY042CO", "EcoSiteNm_DCP": "Clayey Plains", "TempRegime_DCP": "mesic", "MoistRegim_DCP": "Ustic", "MoistSubcl_DCP": "Aridic (torric)", "TaxOrder_DCP": "Mollisols", "TaxSuborer_DCP": "Ustolls", "TaxGrtgrp_DCP": "Argiustolls", "Taxsubgrp_DCP": "Aridic Argiustolls", "Dep2BedRS_DCP": null, "Sand_AllDepth": 43.029556650246306, "Silt_AllDepth": 29.014778325123153, "Clay_AllDepth": 27.95566502463054, "pH_AllDepth": 7.2, "OM_AllDepth": 0.6884236453201971, "BD_AllDepth": 1.4786206896551726, "CaCO3_AllDepth": 2.625615763546798, "EC_AllDepth": 0.5, "SAR_AllDepth": 0.1, "Ksat_AllDepth": 6.116034482758621, "AWC_AllDepth": 0.15704433497536946, "CEC_AllDepth": 21.12167487684729, "BaseSat_AllDepth": 115.25293280779904, "DrainageCl": "Well drained", "Shape__Area": 631835.7700195312, "Shape__Length": 9122.444884335167, "station": "ARDEC", "station_svc": "ARDEC Soils"}}, {"type": "Feature", "id": 13, "geometry": {"type": "MultiPolygon", "coordinates": [[[[-104.982098119752, 40.6751450904101], [-104.98198656696, 40.6751389192152], [-104.981866792786, 40.6751393450263], [-104.981833287423, 40.675144142725], [-104.981399820654, 40.6751425900475], [-104.981433221813, 40.6726502275697], [-104.981444934946, 40.6717759124693], [-104.981448383578, 40.6715188937317], [-104.981457553581, 40.67083462367], [-104.981660805498, 40.6710625511765], [-104.981890975434, 40.6715080952562], [-104.981717572736, 40.6717472999199], [-104.981674179616, 40.6718777299854], [-104.981660384189, 40.6724499986423], [-104.98172627292, 40.6729134780734], [-104.981750994556, 40.6729951301995], [-104.981789587978, 40.6730444093526], [-104.98181807086, 40.6734585240835], [-104.981957754395, 40.6737382952601], [-104.982013955695, 40.6738508983391], [-104.982087329189, 40.6740896340336], [-104.982244440939, 40.6743556122531], [-104.982427788885, 40.6747246602657], [-104.982446157636, 40.6749359092012], [-104.982308347986, 40.6751250568479], [-104.982253772638, 40.6751456470304], [-104.982098119752, 40.6751450904101]]], [[[-104.988393091953, 40.6534952834175], [-104.990769395493, 40.6535067240742], [-104.990798434433, 40.6535773914009], [-104.989563180848, 40.6536893517756], [-104.988523613571, 40.6537479417593], [-104.988393091953, 40.6534952834175]]]]}, "properties": {"OBJECTID": 13, "areasymbol": "CO644", "spatialver": 5, "musym": "74", "mukey": 497725, "TaxCl": "Fine, smectitic, mesic Aridic Argiustolls", "TaxOrder": "Mollisols", "SubOrd": "Ustolls", "GrGrp": "Argiustolls", "SubGrp": "Aridic Argiustolls", "PartSz": "fine", "Sand": 43, "Silt": 26, "Clay": 31, "BRdep": null, "BD": 1.41, "CaCO3": 0, "CEC": 24.5, "EC": 0.1, "ECEC": null, "MoiReg": "Ustic", "MoiSub": "Aridic (torric)", "OrderSsa": "Order 2", "OM": 1.5, "ParMat": "pleistocene aged alluvium and/or eolian deposits", "pH": 7.2, "SAR": 0, "SurfTex": "Clay loam", "Temp": "mesic", "EcoID": "R067BY042CO", "EcoName": "Clayey Plains", "muname": "Nunn clay loam, 1 to 3 percent slopes", "Sand_DCP_0_6_in": 43, "Silt_DCP_0_6_in": 26, "Clay_DCP_0_6_in": 31, "SurfText_DCP_SL": "Clay loam", "ParMatNm_DCP": "pleistocene aged alluvium and/or eolian deposits", "Taxpartsiz_DCP": "fine", "TaxClName_DCP": "Fine, smectitic, mesic Aridic Argiustolls", "OrgMatter_DCP_0_6_in": 1.5, "pHwater_DCP_0_6_in": 7.2, "BdSurf_DCP_0_6_in": 1.41, "SAR_DCP_0_6_in": 0, "CaC03_DCP_0_6_in": 0, "CEC7_DCP_0_6_in": 24.5, "EC_DCP_0_6_in": 0.1, "ECEC_DCP_0_6_in": null, "EcoSiteID_DCP": "R067BY042CO", "EcoSiteNm_DCP": "Clayey Plains", "TempRegime_DCP": "mesic", "MoistRegim_DCP": "Ustic", "MoistSubcl_DCP": "Aridic (torric)", "TaxOrder_DCP": "Mollisols", "TaxSuborer_DCP": "Ustolls", "TaxGrtgrp_DCP": "Argiustolls", "Taxsubgrp_DCP": "Aridic Argiustolls", "Dep2BedRS_DCP": null, "Sand_AllDepth": 39.40886699507389, "Silt_AllDepth": 29.02463054187192, "Clay_AllDepth": 31.56650246305419, "pH_AllDepth": 7.2, "OM_AllDepth": 0.5332512315270936, "BD_AllDepth": 1.4752216748768474, "CaCO3_AllDepth": 2.9261083743842367, "EC_AllDepth": 0.1, "SAR_AllDepth": 0.1, "Ksat_AllDepth": 2.435246305418719, "AWC_AllDepth": 0.1668472906403941, "CEC_AllDepth": 23.15320197044335, "BaseSat_AllDepth": 215.81668475138827, "DrainageCl": "Well drained", "Shape__Area": 22971.517578125, "Shape__Length": 1491.6293860676933, "station": "ARDEC", "station_svc": "ARDEC Soils"}}, {"type": "Feature", "id": 14, "geometry": {"type": "MultiPolygon", "coordinates": [[[[-104.983144003983, 40.6751488266467], [-104.982930275912, 40.6747562692649], [-104.982670674473, 40.6740312036285], [-104.982467541133, 40.6738465161471], [-104.982251927498, 40.6737335662727], [-104.981957754395, 40.6737382952601], [-104.98181807086, 40.6734585240835], [-104.981789587978, 40.6730444093526], [-104.982252226637, 40.6731209991228], [-104.982670286401, 40.6733281025608], [-104.982930740341, 40.673549080317], [-104.983478394661, 40.6742967528581], [-104.983879447519, 40.6751514482801], [-104.983710025257, 40.6751508439691], [-104.983614801142, 40.6751505060454], [-104.983144003983, 40.6751488266467]]], [[[-104.991815512387, 40.6643119297185], [-104.991861056074, 40.6643121648044], [-104.991877267071, 40.6643561646931], [-104.991815512387, 40.6643119297185]]], [[[-104.982680058274, 40.6627249304284], [-104.982861040058, 40.6621390062613], [-104.982947571176, 40.6619992351583], [-104.982976277739, 40.6618285914124], [-104.983077414566, 40.661652809206], [-104.983540393687, 40.6609948526614], [-104.983510731316, 40.6609592895416], [-104.98332306427, 40.6609815781643], [-104.982949540283, 40.661125573608], [-104.98296189122, 40.6608825508773], [-104.98291944223, 40.6608595548831], [-104.982312481135, 40.6608820036782], [-104.98180715094, 40.6609501500321], [-104.9817067678, 40.6608953906334], [-104.981634651947, 40.6607516325169], [-104.983034788607, 40.6598594654215], [-104.983929754972, 40.6591125530226], [-104.985489418053, 40.6576171180209], [-104.985749906129, 40.6571484109449], [-104.985864998283, 40.6567519094698], [-104.985836863947, 40.6561799286285], [-104.985634200426, 40.6558284082651], [-104.985302496609, 40.6554322369685], [-104.984797687436, 40.6551353493966], [-104.984393463525, 40.6548286284276], [-104.983873003005, 40.6545310525723], [-104.983123693972, 40.6542425456239], [-104.983006891426, 40.654247248733], [-104.983224748154, 40.6539905365932], [-104.983498793604, 40.6538464248838], [-104.984610839654, 40.6537925974196], [-104.985173262277, 40.6541661100025], [-104.985519470292, 40.6542796429979], [-104.985866008888, 40.6543106428765], [-104.98639761211, 40.6541760396323], [-104.98704959497, 40.6556534730223], [-104.987337849972, 40.6565764805257], [-104.98739493162, 40.6568378904125], [-104.987337811344, 40.6575405860883], [-104.987481551671, 40.657937544915], [-104.987828039961, 40.6585541822416], [-104.987972986726, 40.6590362551843], [-104.988044293196, 40.6591262572124], [-104.988087927065, 40.6591491665771], [-104.988217591689, 40.6591040844997], [-104.988260716213, 40.6589055117438], [-104.988303867686, 40.6584235325805], [-104.988232339331, 40.6579819844702], [-104.98827571179, 40.6578515531231], [-104.988434324625, 40.6576851361852], [-104.988723539027, 40.6575094425557], [-104.988810234537, 40.6573427494467], [-104.988823585298, 40.6572117600799], [-104.988723722283, 40.6569058555341], [-104.988538340551, 40.6565584899367], [-104.98932919487, 40.6567301196446], [-104.989733184321, 40.656883484453], [-104.991032478802, 40.6575409520418], [-104.991493867905, 40.6578068245358], [-104.991514477952, 40.6578654477033], [-104.991986741162, 40.6593699868814], [-104.992071786466, 40.6598518297302], [-104.991984972379, 40.6604239065202], [-104.991753720872, 40.6608205987812], [-104.991551411287, 40.6609730846653], [-104.991148980413, 40.6610590710705], [-104.989992927694, 40.6610407402881], [-104.989473312489, 40.6610812329117], [-104.989083368197, 40.6611806749009], [-104.989011637722, 40.6612575174825], [-104.989011774266, 40.6613247694049], [-104.989328094433, 40.6615991604435], [-104.989963571649, 40.6619055913401], [-104.99075802372, 40.6623791985319], [-104.991219158599, 40.6627751343681], [-104.991407808402, 40.6630819087498], [-104.991463552459, 40.663233217423], [-104.991019153193, 40.6632470270676], [-104.990998385042, 40.6632476737345], [-104.990994666017, 40.6637951298668], [-104.990892387432, 40.6637564412309], [-104.990893677412, 40.6634537932071], [-104.990009540238, 40.6635133783421], [-104.989988548407, 40.6635147881929], [-104.989987692312, 40.6637150705252], [-104.989761144384, 40.6637208352916], [-104.987176767669, 40.6640039071969], [-104.986527565094, 40.663986324051], [-104.986123285487, 40.6638876739577], [-104.985313739923, 40.6634366337577], [-104.984911082673, 40.6631710521814], [-104.984505880496, 40.6630177556603], [-104.982680058274, 40.6627249304284]]]]}, "properties": {"OBJECTID": 14, "areasymbol": "CO644", "spatialver": 5, "musym": "76", "mukey": 497727, "TaxCl": "Fine, montmorillonitic, mesic Aridic Argiustolls", "TaxOrder": "Mollisols", "SubOrd": "Ustolls", "GrGrp": "Argiustolls", "SubGrp": "Aridic Argiustolls", "PartSz": "fine", "Sand": 35.4, "Silt": 33.6, "Clay": 31, "BRdep": null, "BD": 1.3, "CaCO3": 0, "CEC": 27.5, "EC": 0, "ECEC": null, "MoiReg": "Ustic", "MoiSub": "Aridic (torric)", "OrderSsa": null, "OM": 3, "ParMat": "alluvium", "pH": 7.2, "SAR": 0, "SurfTex": "Clay loam", "Temp": "mesic", "EcoID": "R067BY038CO", "EcoName": "Wet Meadow", "muname": "Nunn clay loam, wet, 1 to 3 percent slopes", "Sand_DCP_0_6_in": 35.4, "Silt_DCP_0_6_in": 33.6, "Clay_DCP_0_6_in": 31, "SurfText_DCP_SL": "Clay loam", "ParMatNm_DCP": "alluvium", "Taxpartsiz_DCP": "fine", "TaxClName_DCP": "Fine, montmorillonitic, mesic Aridic Argiustolls", "OrgMatter_DCP_0_6_in": 3, "pHwater_DCP_0_6_in": 7.2, "BdSurf_DCP_0_6_in": 1.3, "SAR_DCP_0_6_in": 0, "CaC03_DCP_0_6_in": 0, "CEC7_DCP_0_6_in": 27.5, "EC_DCP_0_6_in": 0, "ECEC_DCP_0_6_in": null, "EcoSiteID_DCP": "R067BY038CO", "EcoSiteNm_DCP": "Wet Meadow", "TempRegime_DCP": "mesic", "MoistRegim_DCP": "Ustic", "MoistSubcl_DCP": "Aridic (torric)", "TaxOrder_DCP": "Mollisols", "TaxSuborer_DCP": "Ustolls", "TaxGrtgrp_DCP": "Argiustolls", "Taxsubgrp_DCP": "Aridic Argiustolls", "Dep2BedRS_DCP": null, "Sand_AllDepth": 30.786842105263162, "Silt_AllDepth": 32.40394736842105, "Clay_AllDepth": 36.80921052631579, "pH_AllDepth": 7.2, "OM_AllDepth": 1.1661184210526316, "BD_AllDepth": 1.2582236842105263, "CaCO3_AllDepth": 3.1578947368421053, "EC_AllDepth": 1, "SAR_AllDepth": 0, "Ksat_AllDepth": 2.5107894736842105, "AWC_AllDepth": 0.16513157894736843, "CEC_AllDepth": 28.963815789473685, "BaseSat_AllDepth": null, "DrainageCl": "Somewhat poorly drained", "Shape__Area": 522388.3642578125, "Shape__Length": 5377.927616536219, "station": "ARDEC", "station_svc": "ARDEC Soils"}}, {"type": "Feature", "id": 15, "geometry": {"type": "MultiPolygon", "coordinates": [[[[-104.985294035377, 40.672842355668], [-104.984431802723, 40.6721842799015], [-104.984013733976, 40.6717879482005], [-104.983926440188, 40.6716569245181], [-104.983898516058, 40.6714364889661], [-104.984042480964, 40.6710406283953], [-104.984230615133, 40.6708326607244], [-104.984518889898, 40.6707341747415], [-104.984663953443, 40.6708010076218], [-104.984750366882, 40.6708872498054], [-104.985082019495, 40.671405405747], [-104.985312752674, 40.6715809537615], [-104.985340557329, 40.6715957107758], [-104.985329161301, 40.6719155826866], [-104.986174878429, 40.6724618584699], [-104.986176671466, 40.6723208478649], [-104.986309504449, 40.6725819364657], [-104.986292188523, 40.6729275548351], [-104.985918840606, 40.6728464347382], [-104.985294035377, 40.672842355668]]], [[[-104.978164500429, 40.6626936598454], [-104.978284370722, 40.6626117020923], [-104.978256221114, 40.6625975556918], [-104.978356183843, 40.6624218593274], [-104.978336934743, 40.662362585993], [-104.978399507792, 40.6623171939929], [-104.978602966323, 40.6621620788161], [-104.978965643152, 40.6617180927459], [-104.979039694874, 40.6614668751632], [-104.979063593654, 40.6611733078484], [-104.978986571203, 40.6607323885137], [-104.97895444655, 40.6606254649417], [-104.97880492826, 40.66017434067], [-104.979188473852, 40.6600436028673], [-104.980205780877, 40.6597517036236], [-104.981821747665, 40.6594854749824], [-104.982082505236, 40.6591889509484], [-104.982429220799, 40.6582657151791], [-104.982602657633, 40.6581027379814], [-104.983382572268, 40.6578285554026], [-104.984796701086, 40.657463609744], [-104.984998963959, 40.6573012718595], [-104.985201326545, 40.6569505922218], [-104.985229668392, 40.6568149509502], [-104.985200680656, 40.656576655668], [-104.985085675638, 40.6563875160614], [-104.984941337932, 40.6562883483825], [-104.984624515606, 40.6561799027318], [-104.983641957213, 40.6562254338435], [-104.983007015393, 40.6561117610457], [-104.982790941821, 40.6560042303535], [-104.982632373902, 40.6557832040005], [-104.982430404779, 40.655143746184], [-104.982653118697, 40.6542158576374], [-104.983006891426, 40.654247248733], [-104.983123693972, 40.6542425456239], [-104.983873003005, 40.6545310525723], [-104.984393463525, 40.6548286284276], [-104.984797687436, 40.6551353493966], [-104.985302496609, 40.6554322369685], [-104.985634200426, 40.6558284082651], [-104.985836863947, 40.6561799286285], [-104.985864998283, 40.6567519094698], [-104.985749906129, 40.6571484109449], [-104.985489418053, 40.6576171180209], [-104.983929754972, 40.6591125530226], [-104.983034788607, 40.6598594654215], [-104.981634651947, 40.6607516325169], [-104.981475072525, 40.6607970371669], [-104.980738937286, 40.661256434675], [-104.980638362805, 40.6615218603299], [-104.98055077437, 40.662003397345], [-104.98042147536, 40.662269066705], [-104.979819429846, 40.6627495795965], [-104.978449324765, 40.6628712525758], [-104.978226371894, 40.6627405071119], [-104.978164500429, 40.6626936598454]]], [[[-104.984610839654, 40.6537925974196], [-104.984452957149, 40.6534762070192], [-104.986129305098, 40.6534843395861], [-104.98639761211, 40.6541760396323], [-104.985866008888, 40.6543106428765], [-104.985519470292, 40.6542796429979], [-104.985173262277, 40.6541661100025], [-104.984610839654, 40.6537925974196]]]]}, "properties": {"OBJECTID": 15, "areasymbol": "CO644", "spatialver": 5, "musym": "77", "mukey": 497728, "TaxCl": "Coarse-loamy, mixed (calcareous), mesic Aridic Ustorthents", "TaxOrder": "Entisols", "SubOrd": "Orthents", "GrGrp": "Ustorthents", "SubGrp": "Aridic Ustorthents", "PartSz": "coarse-loamy", "Sand": 65.9, "Silt": 19.1, "Clay": 15, "BRdep": null, "BD": 1.43, "CaCO3": 3, "CEC": 12.5, "EC": 1, "ECEC": null, "MoiReg": "Ustic", "MoiSub": "Aridic (torric)", "OrderSsa": null, "OM": 1.25, "ParMat": "alluvium and/or eolian deposits", "pH": 7.9, "SAR": 0, "SurfTex": "Sandy loam", "Temp": "mesic", "EcoID": "R067BY024CO", "EcoName": "Sandy Plains", "muname": "Otero sandy loam, 0 to 3 percent slopes", "Sand_DCP_0_6_in": 65.9, "Silt_DCP_0_6_in": 19.1, "Clay_DCP_0_6_in": 15, "SurfText_DCP_SL": "Sandy loam", "ParMatNm_DCP": "alluvium and/or eolian deposits", "Taxpartsiz_DCP": "coarse-loamy", "TaxClName_DCP": "Coarse-loamy, mixed (calcareous), mesic Aridic Ustorthents", "OrgMatter_DCP_0_6_in": 1.25, "pHwater_DCP_0_6_in": 7.9, "BdSurf_DCP_0_6_in": 1.43, "SAR_DCP_0_6_in": 0, "CaC03_DCP_0_6_in": 3, "CEC7_DCP_0_6_in": 12.5, "EC_DCP_0_6_in": 1, "ECEC_DCP_0_6_in": null, "EcoSiteID_DCP": "R067BY024CO", "EcoSiteNm_DCP": "Sandy Plains", "TempRegime_DCP": "mesic", "MoistRegim_DCP": "Ustic", "MoistSubcl_DCP": "Aridic (torric)", "TaxOrder_DCP": "Entisols", "TaxSuborer_DCP": "Orthents", "TaxGrtgrp_DCP": "Ustorthents", "Taxsubgrp_DCP": "Aridic Ustorthents", "Dep2BedRS_DCP": null, "Sand_AllDepth": 65.46973684210526, "Silt_AllDepth": 22.040131578947367, "Clay_AllDepth": 12.490131578947368, "pH_AllDepth": 7.9, "OM_AllDepth": 0.5328947368421053, "BD_AllDepth": 1.4658552631578947, "CaCO3_AllDepth": 3, "EC_AllDepth": 2, "SAR_AllDepth": 0, "Ksat_AllDepth": 28.220000000000002, "AWC_AllDepth": 0.10565789473684212, "CEC_AllDepth": 8.914473684210526, "BaseSat_AllDepth": null, "DrainageCl": "Somewhat excessively drained", "Shape__Area": 190981.45336914062, "Shape__Length": 4079.8436706828547, "station": "ARDEC", "station_svc": "ARDEC Soils"}}, {"type": "Feature", "id": 16, "geometry": {"type": "Polygon", "coordinates": [[[-104.982531971898, 40.675146641725], [-104.982519591317, 40.6750804720159], [-104.982446157636, 40.6749359092012], [-104.982427788885, 40.6747246602657], [-104.982244440939, 40.6743556122531], [-104.982087329189, 40.6740896340336], [-104.982013955695, 40.6738508983391], [-104.981957754395, 40.6737382952601], [-104.982251927498, 40.6737335662727], [-104.982467541133, 40.6738465161471], [-104.982670674473, 40.6740312036285], [-104.982930275912, 40.6747562692649], [-104.983144003983, 40.6751488266467], [-104.982531971898, 40.675146641725]]]}, "properties": {"OBJECTID": 16, "areasymbol": "CO644", "spatialver": 5, "musym": "78", "mukey": 497729, "TaxCl": "Coarse-loamy, mixed (calcareous), mesic Aridic Ustorthents", "TaxOrder": "Entisols", "SubOrd": "Orthents", "GrGrp": "Ustorthents", "SubGrp": "Aridic Ustorthents", "PartSz": "coarse-loamy", "Sand": 65.9, "Silt": 19.1, "Clay": 15, "BRdep": null, "BD": 1.43, "CaCO3": 3, "CEC": 12.5, "EC": 1, "ECEC": null, "MoiReg": "Ustic", "MoiSub": "Aridic (torric)", "OrderSsa": null, "OM": 1.25, "ParMat": "alluvium and/or eolian deposits", "pH": 7.9, "SAR": 0, "SurfTex": "Sandy loam", "Temp": "mesic", "EcoID": "R067BY024CO", "EcoName": "Sandy Plains", "muname": "Otero sandy loam, 3 to 5 percent slopes", "Sand_DCP_0_6_in": 65.9, "Silt_DCP_0_6_in": 19.1, "Clay_DCP_0_6_in": 15, "SurfText_DCP_SL": "Sandy loam", "ParMatNm_DCP": "alluvium and/or eolian deposits", "Taxpartsiz_DCP": "coarse-loamy", "TaxClName_DCP": "Coarse-loamy, mixed (calcareous), mesic Aridic Ustorthents", "OrgMatter_DCP_0_6_in": 1.25, "pHwater_DCP_0_6_in": 7.9, "BdSurf_DCP_0_6_in": 1.43, "SAR_DCP_0_6_in": 0, "CaC03_DCP_0_6_in": 3, "CEC7_DCP_0_6_in": 12.5, "EC_DCP_0_6_in": 1, "ECEC_DCP_0_6_in": null, "EcoSiteID_DCP": "R067BY024CO", "EcoSiteNm_DCP": "Sandy Plains", "TempRegime_DCP": "mesic", "MoistRegim_DCP": "Ustic", "MoistSubcl_DCP": "Aridic (torric)", "TaxOrder_DCP": "Entisols", "TaxSuborer_DCP": "Orthents", "TaxGrtgrp_DCP": "Ustorthents", "Taxsubgrp_DCP": "Aridic Ustorthents", "Dep2BedRS_DCP": null, "Sand_AllDepth": 65.45, "Silt_AllDepth": 22.175, "Clay_AllDepth": 12.375, "pH_AllDepth": 7.9, "OM_AllDepth": 0.5, "BD_AllDepth": 1.4675, "CaCO3_AllDepth": 3, "EC_AllDepth": 2, "SAR_AllDepth": 0, "Ksat_AllDepth": 28.22, "AWC_AllDepth": 0.10500000000000001, "CEC_AllDepth": 8.75, "BaseSat_AllDepth": null, "DrainageCl": "Somewhat excessively drained", "Shape__Area": 7086.438232421875, "Shape__Length": 420.92753073782467, "station": "ARDEC", "station_svc": "ARDEC Soils"}}, {"type": "Feature", "id": 1, "geometry": {"type": "Polygon", "coordinates": [[[-104.994181683829, 40.6101770206211], [-104.99439009567, 40.6103478414467], [-104.994423811239, 40.6105194269922], [-104.994332065401, 40.6106362598793], [-104.994303384888, 40.6107217028346], [-104.994143898891, 40.6109653194398], [-104.993911988919, 40.6111853867152], [-104.993694227413, 40.6113470532051], [-104.993408152622, 40.6116498911692], [-104.993013043916, 40.6116591485875], [-104.992897265449, 40.6116808331043], [-104.992736936832, 40.6117666675242], [-104.992461716385, 40.6120418269706], [-104.99205600127, 40.6123926273156], [-104.991940334194, 40.6124151987962], [-104.991896395797, 40.6123707909575], [-104.991983261987, 40.6120641817122], [-104.992215791796, 40.6117355599162], [-104.992461584333, 40.6115683167222], [-104.992737187462, 40.6114473835464], [-104.99282403838, 40.6114241693435], [-104.993216118866, 40.6112303818191], [-104.993317733596, 40.6111630705509], [-104.993520529169, 40.6109872237706], [-104.993617444812, 40.6108072466099], [-104.993911650254, 40.6103702035746], [-104.994181683829, 40.6101770206211]]]}, "properties": {"OBJECTID": 1, "areasymbol": "CO644", "spatialver": 5, "musym": "54", "mukey": 497703, "TaxCl": "Fine-loamy, mixed (calcareous), mesic Ustic Torriorthents", "TaxOrder": "Entisols", "SubOrd": "Orthents", "GrGrp": "Torriorthents", "SubGrp": "Ustic Torriorthents", "PartSz": "fine-loamy", "Sand": 41.6, "Silt": 37.4, "Clay": 21, "BRdep": null, "BD": 1.35, "CaCO3": 10, "CEC": 12.5, "EC": 0, "ECEC": null, "MoiReg": "Aridic (torric)", "MoiSub": "Ustic", "OrderSsa": null, "OM": 0.75, "ParMat": "mixed alluvium", "pH": 7.9, "SAR": null, "SurfTex": "Loam", "Temp": "mesic", "EcoID": "R067BY002CO", "EcoName": "Loamy Plains", "muname": "Kim loam, 3 to 5 percent slopes", "Sand_DCP_0_6_in": 41.6, "Silt_DCP_0_6_in": 37.4, "Clay_DCP_0_6_in": 21, "SurfText_DCP_SL": "Loam", "ParMatNm_DCP": "mixed alluvium", "Taxpartsiz_DCP": "fine-loamy", "TaxClName_DCP": "Fine-loamy, mixed (calcareous), mesic Ustic Torriorthents", "OrgMatter_DCP_0_6_in": 0.75, "pHwater_DCP_0_6_in": 7.9, "BdSurf_DCP_0_6_in": 1.35, "SAR_DCP_0_6_in": null, "CaC03_DCP_0_6_in": 10, "CEC7_DCP_0_6_in": 12.5, "EC_DCP_0_6_in": 0, "ECEC_DCP_0_6_in": null, "EcoSiteID_DCP": "R067BY002CO", "EcoSiteNm_DCP": "Loamy Plains", "TempRegime_DCP": "mesic", "MoistRegim_DCP": "Aridic (torric)", "MoistSubcl_DCP": "Ustic", "TaxOrder_DCP": "Entisols", "TaxSuborer_DCP": "Orthents", "TaxGrtgrp_DCP": "Torriorthents", "Taxsubgrp_DCP": "Ustic Torriorthents", "Dep2BedRS_DCP": null, "Sand_AllDepth": 37.72105263157895, "Silt_AllDepth": 35.54868421052631, "Clay_AllDepth": 26.730263157894736, "pH_AllDepth": 7.9, "OM_AllDepth": 0.3092105263157895, "BD_AllDepth": 1.438157894736842, "CaCO3_AllDepth": 10, "EC_AllDepth": 2, "SAR_AllDepth": null, "Ksat_AllDepth": 9.17, "AWC_AllDepth": 0.1611842105263158, "CEC_AllDepth": 14.703947368421053, "BaseSat_AllDepth": null, "DrainageCl": "Well drained", "Shape__Area": 11709.298583984375, "Shape__Length": 688.6088833702536, "station": "ARDEC South", "station_svc": "ARDEC South Soils"}}, {"type": "Feature", "id": 2, "geometry": {"type": "MultiPolygon", "coordinates": [[[[-104.993049643976, 40.6136441426548], [-104.993259512884, 40.6136137294397], [-104.993447301202, 40.613536702433], [-104.993665009708, 40.6133840113281], [-104.993955820417, 40.6131185019618], [-104.994172729422, 40.6129784201997], [-104.994607020844, 40.6126453109879], [-104.995013393526, 40.6124603669662], [-104.995172286635, 40.6124293367402], [-104.995376733312, 40.6123609894506], [-104.995579280053, 40.6122398626746], [-104.995709318377, 40.6120189662203], [-104.996043771937, 40.6113611265899], [-104.996173860566, 40.6111500902922], [-104.996334541323, 40.6110104169848], [-104.996609939636, 40.6108123612702], [-104.996725602221, 40.6107897858385], [-104.996959446265, 40.6108117161411], [-104.997101335165, 40.6109110359489], [-104.997740486489, 40.6108341817708], [-104.997797559154, 40.6108121860079], [-104.998145733582, 40.6107443696714], [-104.999015822003, 40.6105909929564], [-104.999538033339, 40.6104605685631], [-104.999595994438, 40.6104833500575], [-105.000166792054, 40.6103612262631], [-105.000499779564, 40.6104024731942], [-105.000772811714, 40.6104973172387], [-105.000772779375, 40.6104997838804], [-105.000733115162, 40.6135564598977], [-105.000722047019, 40.6134809317015], [-105.000708498628, 40.6134056373213], [-105.000692482565, 40.6133306258568], [-105.000674006915, 40.6132559423163], [-105.00065308605, 40.613181635118], [-105.000629728954, 40.6131077513163], [-105.000603951797, 40.6130343352383], [-105.000575770748, 40.6129614339389], [-105.000545204673, 40.6128890931093], [-105.000512273333, 40.6128173591228], [-105.000309074415, 40.6124437215427], [-104.999664526012, 40.6113273810128], [-104.999643682403, 40.6135505305449], [-105.000733115162, 40.6135564598977], [-105.000730943934, 40.6137268677027], [-104.993049643976, 40.6136441426548]]], [[[-104.992127783848, 40.6136341797183], [-104.992170549045, 40.6136274729769], [-104.992195598567, 40.6136349134706], [-104.992127783848, 40.6136341797183]]]]}, "properties": {"OBJECTID": 2, "areasymbol": "CO644", "spatialver": 5, "musym": "73", "mukey": 497724, "TaxCl": "Fine, smectitic, mesic Aridic Argiustolls", "TaxOrder": "Mollisols", "SubOrd": "Ustolls", "GrGrp": "Argiustolls", "SubGrp": "Aridic Argiustolls", "PartSz": "fine", "Sand": 43, "Silt": 26, "Clay": 31, "BRdep": null, "BD": 1.41, "CaCO3": 0, "CEC": 24, "EC": 0.5, "ECEC": null, "MoiReg": "Ustic", "MoiSub": "Aridic (torric)", "OrderSsa": "Order 2", "OM": 1.5, "ParMat": "pleistocene aged alluvium and/or eolian deposits", "pH": 7.2, "SAR": 0, "SurfTex": "Clay loam", "Temp": "mesic", "EcoID": "R067BY042CO", "EcoName": "Clayey Plains", "muname": "Nunn clay loam, 0 to 1 percent slopes", "Sand_DCP_0_6_in": 43, "Silt_DCP_0_6_in": 26, "Clay_DCP_0_6_in": 31, "SurfText_DCP_SL": "Clay loam", "ParMatNm_DCP": "pleistocene aged alluvium and/or eolian deposits", "Taxpartsiz_DCP": "fine", "TaxClName_DCP": "Fine, smectitic, mesic Aridic Argiustolls", "OrgMatter_DCP_0_6_in": 1.5, "pHwater_DCP_0_6_in": 7.2, "BdSurf_DCP_0_6_in": 1.41, "SAR_DCP_0_6_in": 0, "CaC03_DCP_0_6_in": 0, "CEC7_DCP_0_6_in": 24, "EC_DCP_0_6_in": 0.5, "ECEC_DCP_0_6_in": null, "EcoSiteID_DCP": "R067BY042CO", "EcoSiteNm_DCP": "Clayey Plains", "TempRegime_DCP": "mesic", "MoistRegim_DCP": "Ustic", "MoistSubcl_DCP": "Aridic (torric)", "TaxOrder_DCP": "Mollisols", "TaxSuborer_DCP": "Ustolls", "TaxGrtgrp_DCP": "Argiustolls", "Taxsubgrp_DCP": "Aridic Argiustolls", "Dep2BedRS_DCP": null, "Sand_AllDepth": 43.029556650246306, "Silt_AllDepth": 29.014778325123153, "Clay_AllDepth": 27.95566502463054, "pH_AllDepth": 7.2, "OM_AllDepth": 0.6884236453201971, "BD_AllDepth": 1.4786206896551726, "CaCO3_AllDepth": 2.625615763546798, "EC_AllDepth": 0.5, "SAR_AllDepth": 0.1, "Ksat_AllDepth": 6.116034482758621, "AWC_AllDepth": 0.15704433497536946, "CEC_AllDepth": 21.12167487684729, "BaseSat_AllDepth": 115.25293280779904, "DrainageCl": "Well drained", "Shape__Area": 145905.31201171875, "Shape__Length": 2446.121245787003, "station": "ARDEC South", "station_svc": "ARDEC South Soils"}}, {"type": "Feature", "id": 3, "geometry": {"type": "Polygon", "coordinates": [[[-104.993408152622, 40.6116498911692], [-104.993694227413, 40.6113470532051], [-104.993911988919, 40.6111853867152], [-104.994143898891, 40.6109653194398], [-104.994303384888, 40.6107217028346], [-104.994332065401, 40.6106362598793], [-104.994423811239, 40.6105194269922], [-104.994666251263, 40.6105147419428], [-104.994782801382, 40.6105369458007], [-104.994941651373, 40.6106000861697], [-104.995029198485, 40.6106673986871], [-104.995087051786, 40.6108121566838], [-104.995136751079, 40.6112893166305], [-104.994796147653, 40.6114830371531], [-104.994622356883, 40.6116137766558], [-104.994549497225, 40.6116907022235], [-104.994492362576, 40.6117216700536], [-104.994245409417, 40.6119741960066], [-104.994130019022, 40.6121501070197], [-104.993824560384, 40.6124606022348], [-104.993694179802, 40.612537132668], [-104.993476332956, 40.6126225738746], [-104.993186797855, 40.6126808268863], [-104.993013282868, 40.6126815033664], [-104.99278000566, 40.6126451773285], [-104.992679112277, 40.6126048196629], [-104.992694016226, 40.6125051088948], [-104.992823812903, 40.6123389375893], [-104.99286767135, 40.6123071223947], [-104.993143554754, 40.6119332651034], [-104.993408152622, 40.6116498911692]]]}, "properties": {"OBJECTID": 3, "areasymbol": "CO644", "spatialver": 5, "musym": "74", "mukey": 497725, "TaxCl": "Fine, smectitic, mesic Aridic Argiustolls", "TaxOrder": "Mollisols", "SubOrd": "Ustolls", "GrGrp": "Argiustolls", "SubGrp": "Aridic Argiustolls", "PartSz": "fine", "Sand": 43, "Silt": 26, "Clay": 31, "BRdep": null, "BD": 1.41, "CaCO3": 0, "CEC": 24.5, "EC": 0.1, "ECEC": null, "MoiReg": "Ustic", "MoiSub": "Aridic (torric)", "OrderSsa": "Order 2", "OM": 1.5, "ParMat": "pleistocene aged alluvium and/or eolian deposits", "pH": 7.2, "SAR": 0, "SurfTex": "Clay loam", "Temp": "mesic", "EcoID": "R067BY042CO", "EcoName": "Clayey Plains", "muname": "Nunn clay loam, 1 to 3 percent slopes", "Sand_DCP_0_6_in": 43, "Silt_DCP_0_6_in": 26, "Clay_DCP_0_6_in": 31, "SurfText_DCP_SL": "Clay loam", "ParMatNm_DCP": "pleistocene aged alluvium and/or eolian deposits", "Taxpartsiz_DCP": "fine", "TaxClName_DCP": "Fine, smectitic, mesic Aridic Argiustolls", "OrgMatter_DCP_0_6_in": 1.5, "pHwater_DCP_0_6_in": 7.2, "BdSurf_DCP_0_6_in": 1.41, "SAR_DCP_0_6_in": 0, "CaC03_DCP_0_6_in": 0, "CEC7_DCP_0_6_in": 24.5, "EC_DCP_0_6_in": 0.1, "ECEC_DCP_0_6_in": null, "EcoSiteID_DCP": "R067BY042CO", "EcoSiteNm_DCP": "Clayey Plains", "TempRegime_DCP": "mesic", "MoistRegim_DCP": "Ustic", "MoistSubcl_DCP": "Aridic (torric)", "TaxOrder_DCP": "Mollisols", "TaxSuborer_DCP": "Ustolls", "TaxGrtgrp_DCP": "Argiustolls", "Taxsubgrp_DCP": "Aridic Argiustolls", "Dep2BedRS_DCP": null, "Sand_AllDepth": 39.40886699507389, "Silt_AllDepth": 29.02463054187192, "Clay_AllDepth": 31.56650246305419, "pH_AllDepth": 7.2, "OM_AllDepth": 0.5332512315270936, "BD_AllDepth": 1.4752216748768474, "CaCO3_AllDepth": 2.9261083743842367, "EC_AllDepth": 0.1, "SAR_AllDepth": 0.1, "Ksat_AllDepth": 2.435246305418719, "AWC_AllDepth": 0.1668472906403941, "CEC_AllDepth": 23.15320197044335, "BaseSat_AllDepth": 215.81668475138827, "DrainageCl": "Well drained", "Shape__Area": 21249.204833984375, "Shape__Length": 681.1956524813712, "station": "ARDEC South", "station_svc": "ARDEC South Soils"}}, {"type": "Feature", "id": 4, "geometry": {"type": "Polygon", "coordinates": [[[-104.994423811239, 40.6105194269922], [-104.99439009567, 40.6103478414467], [-104.994181683829, 40.6101770206211], [-104.994198264932, 40.6101177738542], [-104.997611269225, 40.6101457404188], [-104.998456758181, 40.6101493882307], [-105.000166792054, 40.6103612262631], [-104.999595994438, 40.6104833500575], [-104.999538033339, 40.6104605685631], [-104.999015822003, 40.6105909929564], [-104.998145733582, 40.6107443696714], [-104.997797559154, 40.6108121860079], [-104.997740486489, 40.6108341817708], [-104.997101335165, 40.6109110359489], [-104.996959446265, 40.6108117161411], [-104.9968772594, 40.6104561440177], [-104.996667080573, 40.6104603319236], [-104.99649276878, 40.6104924603344], [-104.996377549964, 40.6105374252168], [-104.996318846857, 40.6105371162901], [-104.995942632416, 40.6107898717648], [-104.995136751079, 40.6112893166305], [-104.995087051786, 40.6108121566838], [-104.995029198485, 40.6106673986871], [-104.994941651373, 40.6106000861697], [-104.994782801382, 40.6105369458007], [-104.994666251263, 40.6105147419428], [-104.994423811239, 40.6105194269922]]]}, "properties": {"OBJECTID": 4, "areasymbol": "CO644", "spatialver": 5, "musym": "94", "mukey": 497747, "TaxCl": "Fine-loamy, mixed, superactive, mesic Aridic Argiustolls", "TaxOrder": "Mollisols", "SubOrd": "Ustolls", "GrGrp": "Argiustolls", "SubGrp": "Aridic Argiustolls", "PartSz": "fine-loamy", "Sand": 43, "Silt": 39, "Clay": 18, "BRdep": null, "BD": 1.35, "CaCO3": 0, "CEC": 15.5, "EC": 1, "ECEC": null, "MoiReg": "Ustic", "MoiSub": "Aridic (torric)", "OrderSsa": "Order 2", "OM": 2, "ParMat": "alluvium", "pH": 7, "SAR": 0, "SurfTex": "Loam", "Temp": "mesic", "EcoID": "R067BY002CO", "EcoName": "Loamy Plains", "muname": "Satanta loam, 0 to 1 percent slopes", "Sand_DCP_0_6_in": 43, "Silt_DCP_0_6_in": 39, "Clay_DCP_0_6_in": 18, "SurfText_DCP_SL": "Loam", "ParMatNm_DCP": "alluvium", "Taxpartsiz_DCP": "fine-loamy", "TaxClName_DCP": "Fine-loamy, mixed, superactive, mesic Aridic Argiustolls", "OrgMatter_DCP_0_6_in": 2, "pHwater_DCP_0_6_in": 7, "BdSurf_DCP_0_6_in": 1.35, "SAR_DCP_0_6_in": 0, "CaC03_DCP_0_6_in": 0, "CEC7_DCP_0_6_in": 15.5, "EC_DCP_0_6_in": 1, "ECEC_DCP_0_6_in": null, "EcoSiteID_DCP": "R067BY002CO", "EcoSiteNm_DCP": "Loamy Plains", "TempRegime_DCP": "mesic", "MoistRegim_DCP": "Ustic", "MoistSubcl_DCP": "Aridic (torric)", "TaxOrder_DCP": "Mollisols", "TaxSuborer_DCP": "Ustolls", "TaxGrtgrp_DCP": "Argiustolls", "Taxsubgrp_DCP": "Aridic Argiustolls", "Dep2BedRS_DCP": null, "Sand_AllDepth": 41.495, "Silt_AllDepth": 38.82, "Clay_AllDepth": 19.685, "pH_AllDepth": 7, "OM_AllDepth": 0.7145, "BD_AllDepth": 1.433, "CaCO3_AllDepth": 4.195, "EC_AllDepth": 1, "SAR_AllDepth": 0, "Ksat_AllDepth": 5.73, "AWC_AllDepth": 0.20605, "CEC_AllDepth": 14.2435, "BaseSat_AllDepth": 100.65292940639591, "DrainageCl": "Well drained", "Shape__Area": 28309.569091796875, "Shape__Length": 1188.7820528228826, "station": "ARDEC South", "station_svc": "ARDEC South Soils"}}, {"type": "Feature", "id": 5, "geometry": {"type": "Polygon", "coordinates": [[[-104.992195598567, 40.6136349134706], [-104.992170549045, 40.6136274729769], [-104.992127783848, 40.6136341797183], [-104.991470352706, 40.6136270699586], [-104.991469297185, 40.6136270549562], [-104.991479775135, 40.6103194848857], [-104.991480551279, 40.6100984804708], [-104.99148056116, 40.6100954327827], [-104.994198264932, 40.6101177738542], [-104.994181683829, 40.6101770206211], [-104.993911650254, 40.6103702035746], [-104.993617444812, 40.6108072466099], [-104.993520529169, 40.6109872237706], [-104.993317733596, 40.6111630705509], [-104.993216118866, 40.6112303818191], [-104.99282403838, 40.6114241693435], [-104.992737187462, 40.6114473835464], [-104.992461584333, 40.6115683167222], [-104.992215791796, 40.6117355599162], [-104.991983261987, 40.6120641817122], [-104.991896395797, 40.6123707909575], [-104.991940334194, 40.6124151987962], [-104.99205600127, 40.6123926273156], [-104.992461716385, 40.6120418269706], [-104.992736936832, 40.6117666675242], [-104.992897265449, 40.6116808331043], [-104.993013043916, 40.6116591485875], [-104.993408152622, 40.6116498911692], [-104.993143554754, 40.6119332651034], [-104.99286767135, 40.6123071223947], [-104.992823812903, 40.6123389375893], [-104.992694016226, 40.6125051088948], [-104.992679112277, 40.6126048196629], [-104.99278000566, 40.6126451773285], [-104.993013282868, 40.6126815033664], [-104.993186797855, 40.6126808268863], [-104.993476332956, 40.6126225738746], [-104.993694179802, 40.612537132668], [-104.993824560384, 40.6124606022348], [-104.994130019022, 40.6121501070197], [-104.994245409417, 40.6119741960066], [-104.994492362576, 40.6117216700536], [-104.994549497225, 40.6116907022235], [-104.994622356883, 40.6116137766558], [-104.994796147653, 40.6114830371531], [-104.995136751079, 40.6112893166305], [-104.995942632416, 40.6107898717648], [-104.996318846857, 40.6105371162901], [-104.996377549964, 40.6105374252168], [-104.99649276878, 40.6104924603344], [-104.996667080573, 40.6104603319236], [-104.9968772594, 40.6104561440177], [-104.996959446265, 40.6108117161411], [-104.996725602221, 40.6107897858385], [-104.996609939636, 40.6108123612702], [-104.996334541323, 40.6110104169848], [-104.996173860566, 40.6111500902922], [-104.996043771937, 40.6113611265899], [-104.995709318377, 40.6120189662203], [-104.995579280053, 40.6122398626746], [-104.995376733312, 40.6123609894506], [-104.995172286635, 40.6124293367402], [-104.995013393526, 40.6124603669662], [-104.994607020844, 40.6126453109879], [-104.994172729422, 40.6129784201997], [-104.993955820417, 40.6131185019618], [-104.993665009708, 40.6133840113281], [-104.993447301202, 40.613536702433], [-104.993259512884, 40.6136137294397], [-104.993049643976, 40.6136441426548], [-104.992195598567, 40.6136349134706]]]}, "properties": {"OBJECTID": 5, "areasymbol": "CO644", "spatialver": 5, "musym": "95", "mukey": 497748, "TaxCl": "Fine-loamy, mixed, superactive, mesic Aridic Argiustolls", "TaxOrder": "Mollisols", "SubOrd": "Ustolls", "GrGrp": "Argiustolls", "SubGrp": "Aridic Argiustolls", "PartSz": "fine-loamy", "Sand": 43, "Silt": 39, "Clay": 18, "BRdep": null, "BD": 1.35, "CaCO3": 0, "CEC": 15.5, "EC": 1, "ECEC": null, "MoiReg": "Ustic", "MoiSub": "Aridic (torric)", "OrderSsa": "Order 2", "OM": 2, "ParMat": "eolian sands", "pH": 7, "SAR": 0, "SurfTex": "Loam", "Temp": "mesic", "EcoID": "R067BY002CO", "EcoName": "Loamy Plains", "muname": "Satanta loam, 1 to 3 percent slopes", "Sand_DCP_0_6_in": 43, "Silt_DCP_0_6_in": 39, "Clay_DCP_0_6_in": 18, "SurfText_DCP_SL": "Loam", "ParMatNm_DCP": "eolian sands", "Taxpartsiz_DCP": "fine-loamy", "TaxClName_DCP": "Fine-loamy, mixed, superactive, mesic Aridic Argiustolls", "OrgMatter_DCP_0_6_in": 2, "pHwater_DCP_0_6_in": 7, "BdSurf_DCP_0_6_in": 1.35, "SAR_DCP_0_6_in": 0, "CaC03_DCP_0_6_in": 0, "CEC7_DCP_0_6_in": 15.5, "EC_DCP_0_6_in": 1, "ECEC_DCP_0_6_in": null, "EcoSiteID_DCP": "R067BY002CO", "EcoSiteNm_DCP": "Loamy Plains", "TempRegime_DCP": "mesic", "MoistRegim_DCP": "Ustic", "MoistSubcl_DCP": "Aridic (torric)", "TaxOrder_DCP": "Mollisols", "TaxSuborer_DCP": "Ustolls", "TaxGrtgrp_DCP": "Argiustolls", "Taxsubgrp_DCP": "Aridic Argiustolls", "Dep2BedRS_DCP": null, "Sand_AllDepth": 41.31, "Silt_AllDepth": 38.77, "Clay_AllDepth": 19.92, "pH_AllDepth": 7, "OM_AllDepth": 0.7070000000000001, "BD_AllDepth": 1.4327499999999997, "CaCO3_AllDepth": 4.195, "EC_AllDepth": 1, "SAR_AllDepth": 0, "Ksat_AllDepth": 5.655, "AWC_AllDepth": 0.2054, "CEC_AllDepth": 14.4305, "BaseSat_AllDepth": 100.63753854682791, "DrainageCl": "Well drained", "Shape__Area": 85696.80786132812, "Shape__Length": 2357.052623397288, "station": "ARDEC South", "station_svc": "ARDEC South Soils"}}, {"type": "Feature", "id": 1, "geometry": {"type": "MultiPolygon", "coordinates": [[[[-108.699610929512, 39.1827187113638], [-108.699425247743, 39.1824541909793], [-108.699406516073, 39.1820933098573], [-108.69946231313, 39.1817472857701], [-108.699900408918, 39.1807201274012], [-108.69991297545, 39.1804901719785], [-108.699804618864, 39.18030323916], [-108.699793354889, 39.1800919338888], [-108.699900467308, 39.1797829524655], [-108.699693597875, 39.1795989312808], [-108.699696838996, 39.1791619738272], [-108.699613860715, 39.1790120472246], [-108.699511586622, 39.1789199176516], [-108.699313610509, 39.17890693275], [-108.69929236176, 39.1788983815292], [-108.700735125276, 39.1788936087219], [-108.701132243514, 39.1789467272493], [-108.701123222632, 39.181606645324], [-108.700804661167, 39.1815707629031], [-108.70048574936, 39.1816008045353], [-108.700293048155, 39.1816647008429], [-108.699988311763, 39.1819426576702], [-108.700116049502, 39.1825075087486], [-108.700024827381, 39.1826456107118], [-108.699881489499, 39.1827287480575], [-108.699610929512, 39.1827187113638]]], [[[-108.701334633947, 39.1816304583007], [-108.701338091563, 39.1806227127841], [-108.702247966368, 39.1806225811765], [-108.702369899193, 39.1809662209848], [-108.702444821383, 39.1819407142316], [-108.702401178531, 39.1820343209239], [-108.70186669531, 39.1816903862203], [-108.701334633947, 39.1816304583007]]]]}, "properties": {"OBJECTID": 1, "areasymbol": "CO680", "spatialver": 9, "musym": "Bc", "mukey": 506779, "TaxCl": "Fine-silty, mixed, active, calcareous, mesic Typic Torriorthents", "TaxOrder": "Entisols", "SubOrd": "Orthents", "GrGrp": "Torriorthents", "SubGrp": "Typic Torriorthents", "PartSz": "fine-silty", "Sand": 10, "Silt": 61, "Clay": 29, "BRdep": null, "BD": 1.44, "CaCO3": 10, "CEC": 14.4, "EC": 1, "ECEC": null, "MoiReg": "Aridic (torric)", "MoiSub": "Typic", "OrderSsa": "Order 2", "OM": 0.75, "ParMat": "Cretaceous source alluvium derived from sandstone and shale", "pH": 8.2, "SAR": 0, "SurfTex": "Silty clay loam", "Temp": "mesic", "EcoID": "R034BY106UT", "EcoName": "Desert Loam (Shadscale)", "muname": "Sagers silty clay loam, 0 to 2 percent slopes", "Sand_DCP_0_6_in": 10, "Silt_DCP_0_6_in": 61, "Clay_DCP_0_6_in": 29, "SurfText_DCP_SL": "Silty clay loam", "ParMatNm_DCP": "Cretaceous source alluvium derived from sandstone and shale", "Taxpartsiz_DCP": "fine-silty", "TaxClName_DCP": "Fine-silty, mixed, active, calcareous, mesic Typic Torriorthents", "OrgMatter_DCP_0_6_in": 0.75, "pHwater_DCP_0_6_in": 8.2, "BdSurf_DCP_0_6_in": 1.44, "SAR_DCP_0_6_in": 0, "CaC03_DCP_0_6_in": 10, "CEC7_DCP_0_6_in": 14.4, "EC_DCP_0_6_in": 1, "ECEC_DCP_0_6_in": null, "EcoSiteID_DCP": "R034BY106UT", "EcoSiteNm_DCP": "Desert Loam (Shadscale)", "TempRegime_DCP": "mesic", "MoistRegim_DCP": "Aridic (torric)", "MoistSubcl_DCP": "Typic", "TaxOrder_DCP": "Entisols", "TaxSuborer_DCP": "Orthents", "TaxGrtgrp_DCP": "Torriorthents", "Taxsubgrp_DCP": "Typic Torriorthents", "Dep2BedRS_DCP": null, "Sand_AllDepth": 10, "Silt_AllDepth": 58.5921052631579, "Clay_AllDepth": 31.407894736842106, "pH_AllDepth": 8, "OM_AllDepth": 0.4605263157894737, "BD_AllDepth": 1.4676315789473684, "CaCO3_AllDepth": 8.394736842105264, "EC_AllDepth": 4, "SAR_AllDepth": 0, "Ksat_AllDepth": 3, "AWC_AllDepth": 0.16197368421052633, "CEC_AllDepth": 15.48815789473684, "BaseSat_AllDepth": 536.657888029904, "DrainageCl": "Well drained", "Shape__Area": 53813.16033935547, "Shape__Length": 1612.3395274481854, "station": "Grand Valley RC", "station_svc": "GVRC Soils"}}, {"type": "Feature", "id": 2, "geometry": {"type": "MultiPolygon", "coordinates": [[[[-108.700116049502, 39.1825075087486], [-108.699988311763, 39.1819426576702], [-108.700293048155, 39.1816647008429], [-108.70048574936, 39.1816008045353], [-108.700804661167, 39.1815707629031], [-108.701123222632, 39.181606645324], [-108.701120404617, 39.182437077562], [-108.701112193117, 39.1849438859354], [-108.700488763208, 39.1849380231426], [-108.700282830717, 39.1850922005042], [-108.70014806995, 39.1851505901496], [-108.699976569884, 39.1851878299035], [-108.699935995678, 39.1852035904538], [-108.699922290081, 39.1851435534263], [-108.700025805646, 39.1850149941922], [-108.700010396844, 39.184713188152], [-108.700073507086, 39.1845158541254], [-108.700525047959, 39.1837591935799], [-108.700610546913, 39.1835082460636], [-108.70061597094, 39.1831439841903], [-108.700560525124, 39.1830299422035], [-108.700451364546, 39.182825086039], [-108.700116049502, 39.1825075087486]]], [[[-108.701334633947, 39.1816304583007], [-108.70186669531, 39.1816903862203], [-108.702401178531, 39.1820343209239], [-108.702483426482, 39.1822068283377], [-108.702485122501, 39.1822391292578], [-108.701332530991, 39.1822432626158], [-108.701334633947, 39.1816304583007]]]]}, "properties": {"OBJECTID": 2, "areasymbol": "CO680", "spatialver": 9, "musym": "Fg", "mukey": 506793, "TaxCl": "Fine-loamy, mixed, active, mesic Typic Argigypsids", "TaxOrder": "Aridisols", "SubOrd": "Gypsids", "GrGrp": "Argigypsids", "SubGrp": "Typic Argigypsids", "PartSz": "fine-loamy", "Sand": 28.7, "Silt": 40, "Clay": 31.3, "BRdep": null, "BD": 1.47, "CaCO3": 6, "CEC": 15.8, "EC": 1, "ECEC": null, "MoiReg": "Aridic (torric)", "MoiSub": "Typic", "OrderSsa": "Order 2", "OM": 0.75, "ParMat": "Cretaceous source slope alluvium derived from sandstone and shale over residuum weathered from clayey shale", "pH": 8.2, "SAR": 0, "SurfTex": "Clay loam", "Temp": "mesic", "EcoID": "R034BY106UT", "EcoName": "Desert Loam (Shadscale)", "muname": "Fruitvale clay loam, 0 to 2 percent slopes", "Sand_DCP_0_6_in": 28.7, "Silt_DCP_0_6_in": 40, "Clay_DCP_0_6_in": 31.3, "SurfText_DCP_SL": "Clay loam", "ParMatNm_DCP": "Cretaceous source slope alluvium derived from sandstone and shale over residuum weathered from clayey shale", "Taxpartsiz_DCP": "fine-loamy", "TaxClName_DCP": "Fine-loamy, mixed, active, mesic Typic Argigypsids", "OrgMatter_DCP_0_6_in": 0.75, "pHwater_DCP_0_6_in": 8.2, "BdSurf_DCP_0_6_in": 1.47, "SAR_DCP_0_6_in": 0, "CaC03_DCP_0_6_in": 6, "CEC7_DCP_0_6_in": 15.8, "EC_DCP_0_6_in": 1, "ECEC_DCP_0_6_in": null, "EcoSiteID_DCP": "R034BY106UT", "EcoSiteNm_DCP": "Desert Loam (Shadscale)", "TempRegime_DCP": "mesic", "MoistRegim_DCP": "Aridic (torric)", "MoistSubcl_DCP": "Typic", "TaxOrder_DCP": "Aridisols", "TaxSuborer_DCP": "Gypsids", "TaxGrtgrp_DCP": "Argigypsids", "Taxsubgrp_DCP": "Typic Argigypsids", "Dep2BedRS_DCP": null, "Sand_AllDepth": 15.631578947368421, "Silt_AllDepth": 47.33552631578947, "Clay_AllDepth": 37.0328947368421, "pH_AllDepth": 8.2, "OM_AllDepth": 0.34868421052631576, "BD_AllDepth": 1.4482894736842105, "CaCO3_AllDepth": 9.460526315789474, "EC_AllDepth": 5, "SAR_AllDepth": 0, "Ksat_AllDepth": 2.5657894736842106, "AWC_AllDepth": 0.16730263157894737, "CEC_AllDepth": 18.126315789473683, "BaseSat_AllDepth": 658.5765098722417, "DrainageCl": "Well drained", "Shape__Area": 32511.046936035156, "Shape__Length": 1284.1037086433241, "station": "Grand Valley RC", "station_svc": "GVRC Soils"}}, {"type": "Feature", "id": 3, "geometry": {"type": "Polygon", "coordinates": [[[-108.697147900818, 39.1797567253311], [-108.697294979285, 39.1797551320937], [-108.697547462474, 39.1798768586734], [-108.697809823537, 39.1802154313756], [-108.698248134022, 39.1806025628932], [-108.698260189413, 39.1808317902789], [-108.698122150694, 39.1810053054518], [-108.698081730997, 39.181197607899], [-108.698144897833, 39.1819248338784], [-108.698070311613, 39.1821440494223], [-108.698067325613, 39.1823280089356], [-108.697341658442, 39.1830209688223], [-108.69710255027, 39.183142738489], [-108.696833737506, 39.1831694267108], [-108.696757839746, 39.1831132984329], [-108.69674403803, 39.1828473409477], [-108.696919775449, 39.1824592984739], [-108.697197991777, 39.1821444609482], [-108.69723710173, 39.1819513930465], [-108.697169944577, 39.1818511558443], [-108.697195551953, 39.1816081598345], [-108.697038047639, 39.1814433739294], [-108.696991579586, 39.1810052184102], [-108.697215305008, 39.1805951462112], [-108.697175125162, 39.1802931833189], [-108.697040621312, 39.1800648204263], [-108.697030941067, 39.1798758601163], [-108.697147900818, 39.1797567253311]]]}, "properties": {"OBJECTID": 3, "areasymbol": "CO680", "spatialver": 9, "musym": "Gt", "mukey": 506805, "TaxCl": "Coarse-loamy, mixed, superactive, calcareous, mesic Typic Torrifluvents", "TaxOrder": "Entisols", "SubOrd": "Fluvents", "GrGrp": "Torrifluvents", "SubGrp": "Typic Torrifluvents", "PartSz": "coarse-loamy", "Sand": 70, "Silt": 18, "Clay": 12, "BRdep": null, "BD": 1.53, "CaCO3": 8, "CEC": 10.4, "EC": 3, "ECEC": null, "MoiReg": "Aridic (torric)", "MoiSub": "Typic", "OrderSsa": "Order 2", "OM": 0.75, "ParMat": "alluvium derived from sandstone and shale", "pH": 8.2, "SAR": 0, "SurfTex": "Very fine sandy loam", "Temp": "mesic", "EcoID": "R034BY012UT", "EcoName": "Sandy Bottom (Fourwing salbush)", "muname": "Glenton very fine sandy loam, 0 to 2 percent slopes", "Sand_DCP_0_6_in": 70, "Silt_DCP_0_6_in": 18, "Clay_DCP_0_6_in": 12, "SurfText_DCP_SL": "Very fine sandy loam", "ParMatNm_DCP": "alluvium derived from sandstone and shale", "Taxpartsiz_DCP": "coarse-loamy", "TaxClName_DCP": "Coarse-loamy, mixed, superactive, calcareous, mesic Typic Torrifluvents", "OrgMatter_DCP_0_6_in": 0.75, "pHwater_DCP_0_6_in": 8.2, "BdSurf_DCP_0_6_in": 1.53, "SAR_DCP_0_6_in": 0, "CaC03_DCP_0_6_in": 8, "CEC7_DCP_0_6_in": 10.4, "EC_DCP_0_6_in": 3, "ECEC_DCP_0_6_in": null, "EcoSiteID_DCP": "R034BY012UT", "EcoSiteNm_DCP": "Sandy Bottom (Fourwing salbush)", "TempRegime_DCP": "mesic", "MoistRegim_DCP": "Aridic (torric)", "MoistSubcl_DCP": "Typic", "TaxOrder_DCP": "Entisols", "TaxSuborer_DCP": "Fluvents", "TaxGrtgrp_DCP": "Torrifluvents", "Taxsubgrp_DCP": "Typic Torrifluvents", "Dep2BedRS_DCP": null, "Sand_AllDepth": 73.8157894736842, "Silt_AllDepth": 14.18421052631579, "Clay_AllDepth": 12, "pH_AllDepth": 8.2, "OM_AllDepth": 0.75, "BD_AllDepth": 1.5681578947368422, "CaCO3_AllDepth": 8, "EC_AllDepth": 3, "SAR_AllDepth": 0, "Ksat_AllDepth": 30, "AWC_AllDepth": 0.12184210526315789, "CEC_AllDepth": 10.4, "BaseSat_AllDepth": 521.1538461538463, "DrainageCl": "Well drained", "Shape__Area": 28798, "Shape__Length": 892.2611961457046, "station": "Grand Valley RC", "station_svc": "GVRC Soils"}}, {"type": "Feature", "id": 4, "geometry": {"type": "MultiPolygon", "coordinates": [[[[-108.702401178531, 39.1820343209239], [-108.702444821383, 39.1819407142316], [-108.702369899193, 39.1809662209848], [-108.702247966368, 39.1806225811765], [-108.702697072806, 39.1806225136319], [-108.70585713038, 39.1806219906832], [-108.705856803393, 39.1811858002174], [-108.705588296955, 39.1813303096157], [-108.705447748342, 39.1814854551266], [-108.70474303168, 39.1818658148617], [-108.704536182908, 39.1821338107119], [-108.704452190429, 39.1822320483749], [-108.704443966352, 39.1822320783167], [-108.702485122501, 39.1822391292578], [-108.702483426482, 39.1822068283377], [-108.702401178531, 39.1820343209239]]], [[[-108.700735125276, 39.1788936087219], [-108.701132428567, 39.1788922905245], [-108.701132243514, 39.1789467272493], [-108.700735125276, 39.1788936087219]]]]}, "properties": {"OBJECTID": 4, "areasymbol": "CO680", "spatialver": 9, "musym": "Hk", "mukey": 506809, "TaxCl": "Fine-silty, mixed, active, mesic Typic Haplocambids", "TaxOrder": "Aridisols", "SubOrd": "Cambids", "GrGrp": "Haplocambids", "SubGrp": "Typic Haplocambids", "PartSz": "fine-silty", "Sand": 13, "Silt": 45, "Clay": 42, "BRdep": 97, "BD": 1.38, "CaCO3": 20, "CEC": 20, "EC": 1, "ECEC": null, "MoiReg": "Aridic (torric)", "MoiSub": "Typic", "OrderSsa": "Order 2", "OM": 2, "ParMat": "Cretaceous source residuum weathered from calcareous shale", "pH": 8.3, "SAR": 2, "SurfTex": "Silty clay", "Temp": "mesic", "EcoID": "R034BY106UT", "EcoName": "Desert Loam (Shadscale)", "muname": "Killpack silty clay, 0 to 2 percent slopes", "Sand_DCP_0_6_in": 13, "Silt_DCP_0_6_in": 45, "Clay_DCP_0_6_in": 42, "SurfText_DCP_SL": "Silty clay", "ParMatNm_DCP": "Cretaceous source residuum weathered from calcareous shale", "Taxpartsiz_DCP": "fine-silty", "TaxClName_DCP": "Fine-silty, mixed, active, mesic Typic Haplocambids", "OrgMatter_DCP_0_6_in": 2, "pHwater_DCP_0_6_in": 8.3, "BdSurf_DCP_0_6_in": 1.38, "SAR_DCP_0_6_in": 2, "CaC03_DCP_0_6_in": 20, "CEC7_DCP_0_6_in": 20, "EC_DCP_0_6_in": 1, "ECEC_DCP_0_6_in": null, "EcoSiteID_DCP": "R034BY106UT", "EcoSiteNm_DCP": "Desert Loam (Shadscale)", "TempRegime_DCP": "mesic", "MoistRegim_DCP": "Aridic (torric)", "MoistSubcl_DCP": "Typic", "TaxOrder_DCP": "Aridisols", "TaxSuborer_DCP": "Cambids", "TaxGrtgrp_DCP": "Haplocambids", "Taxsubgrp_DCP": "Typic Haplocambids", "Dep2BedRS_DCP": 97, "Sand_AllDepth": 12.31958762886598, "Silt_AllDepth": 48.27835051546392, "Clay_AllDepth": 39.402061855670105, "pH_AllDepth": 8, "OM_AllDepth": 0.9278350515463918, "BD_AllDepth": 1.3657731958762889, "CaCO3_AllDepth": 21.855670103092784, "EC_AllDepth": 3, "SAR_AllDepth": 2, "Ksat_AllDepth": 1.1101973684210527, "AWC_AllDepth": 0.1783505154639175, "CEC_AllDepth": 16.33814432989691, "BaseSat_AllDepth": 631.7200908632003, "DrainageCl": "Well drained", "Shape__Area": 45868.391845703125, "Shape__Length": 974.6599425036803, "station": "Grand Valley RC", "station_svc": "GVRC Soils"}}, {"type": "Feature", "id": 5, "geometry": {"type": "Polygon", "coordinates": [[[-108.696550359458, 39.1856884803174], [-108.696552774129, 39.1846679247239], [-108.69698259284, 39.1846179654406], [-108.697085233446, 39.1846920541746], [-108.698012950589, 39.1845842312413], [-108.698313223253, 39.1846893483677], [-108.698393297281, 39.184802664908], [-108.69839996817, 39.1849343181637], [-108.698286171386, 39.1851116465495], [-108.697886440848, 39.1854461590468], [-108.697854054785, 39.1856439374778], [-108.69760390542, 39.185716427154], [-108.696550359458, 39.1856884803174]]]}, "properties": {"OBJECTID": 5, "areasymbol": "CO680", "spatialver": 9, "musym": "Rc", "mukey": 506819, "TaxCl": "Coarse-loamy, mixed, superactive, calcareous, mesic Typic Torriorthents", "TaxOrder": "Entisols", "SubOrd": "Orthents", "GrGrp": "Torriorthents", "SubGrp": "Typic Torriorthents", "PartSz": "coarse-loamy", "Sand": 60, "Silt": 17, "Clay": 23, "BRdep": null, "BD": 1.48, "CaCO3": 7, "CEC": 17.8, "EC": 1, "ECEC": null, "MoiReg": "Aridic (torric)", "MoiSub": "Typic", "OrderSsa": "Order 2", "OM": 0.25, "ParMat": "Cretaceous source alluvium derived from sandstone and shale", "pH": 7.6, "SAR": 0, "SurfTex": "Sandy clay loam", "Temp": "mesic", "EcoID": "R034BY115UT", "EcoName": "Desert Sandy Loam (Indian Ricegrass)", "muname": "Fruitland sandy clay loam, 0 to 2 percent slopes", "Sand_DCP_0_6_in": 60, "Silt_DCP_0_6_in": 17, "Clay_DCP_0_6_in": 23, "SurfText_DCP_SL": "Sandy clay loam", "ParMatNm_DCP": "Cretaceous source alluvium derived from sandstone and shale", "Taxpartsiz_DCP": "coarse-loamy", "TaxClName_DCP": "Coarse-loamy, mixed, superactive, calcareous, mesic Typic Torriorthents", "OrgMatter_DCP_0_6_in": 0.25, "pHwater_DCP_0_6_in": 7.6, "BdSurf_DCP_0_6_in": 1.48, "SAR_DCP_0_6_in": 0, "CaC03_DCP_0_6_in": 7, "CEC7_DCP_0_6_in": 17.8, "EC_DCP_0_6_in": 1, "ECEC_DCP_0_6_in": null, "EcoSiteID_DCP": "R034BY115UT", "EcoSiteNm_DCP": "Desert Sandy Loam (Indian Ricegrass)", "TempRegime_DCP": "mesic", "MoistRegim_DCP": "Aridic (torric)", "MoistSubcl_DCP": "Typic", "TaxOrder_DCP": "Entisols", "TaxSuborer_DCP": "Orthents", "TaxGrtgrp_DCP": "Torriorthents", "Taxsubgrp_DCP": "Typic Torriorthents", "Dep2BedRS_DCP": null, "Sand_AllDepth": 66.3157894736842, "Silt_AllDepth": 17.63157894736842, "Clay_AllDepth": 16.05263157894737, "pH_AllDepth": 7.6, "OM_AllDepth": 0.6842105263157895, "BD_AllDepth": 1.5705263157894738, "CaCO3_AllDepth": 5.2631578947368425, "EC_AllDepth": 1, "SAR_AllDepth": 0, "Ksat_AllDepth": 27.36842105263158, "AWC_AllDepth": 0.12789473684210526, "CEC_AllDepth": 13.371052631578946, "BaseSat_AllDepth": 138.9687069474513, "DrainageCl": "Well drained", "Shape__Area": 16299.807189941406, "Shape__Length": 510.8547883869651, "station": "Grand Valley RC", "station_svc": "GVRC Soils"}}, {"type": "Feature", "id": 6, "geometry": {"type": "Polygon", "coordinates": [[[-108.69929236176, 39.1788983815292], [-108.699313610509, 39.17890693275], [-108.699511586622, 39.1789199176516], [-108.699613860715, 39.1790120472246], [-108.699696838996, 39.1791619738272], [-108.699693597875, 39.1795989312808], [-108.699900467308, 39.1797829524655], [-108.699793354889, 39.1800919338888], [-108.699804618864, 39.18030323916], [-108.69991297545, 39.1804901719785], [-108.699900408918, 39.1807201274012], [-108.69946231313, 39.1817472857701], [-108.699406516073, 39.1820933098573], [-108.699425247743, 39.1824541909793], [-108.699610929512, 39.1827187113638], [-108.699055661971, 39.1829062505154], [-108.698648272396, 39.1831101155917], [-108.698318942826, 39.1833689850476], [-108.698250927783, 39.1834848981604], [-108.6981808008, 39.1840241477244], [-108.69792007467, 39.1842039530602], [-108.697693537522, 39.1840957679973], [-108.697425137983, 39.1841449220309], [-108.697119426021, 39.1844040634103], [-108.69698259284, 39.1846179654406], [-108.696552774129, 39.1846679247239], [-108.696558042748, 39.1824408892093], [-108.696559992991, 39.1815895101143], [-108.696566303656, 39.1789073519548], [-108.69929236176, 39.1788983815292]], [[-108.697147900818, 39.1797567253311], [-108.697030941067, 39.1798758601163], [-108.697040621312, 39.1800648204263], [-108.697175125162, 39.1802931833189], [-108.697215305008, 39.1805951462112], [-108.696991579586, 39.1810052184102], [-108.697038047639, 39.1814433739294], [-108.697195551953, 39.1816081598345], [-108.697169944577, 39.1818511558443], [-108.69723710173, 39.1819513930465], [-108.697197991777, 39.1821444609482], [-108.696919775449, 39.1824592984739], [-108.69674403803, 39.1828473409477], [-108.696757839746, 39.1831132984329], [-108.696833737506, 39.1831694267108], [-108.69710255027, 39.183142738489], [-108.697341658442, 39.1830209688223], [-108.698067325613, 39.1823280089356], [-108.698070311613, 39.1821440494223], [-108.698144897833, 39.1819248338784], [-108.698081730997, 39.181197607899], [-108.698122150694, 39.1810053054518], [-108.698260189413, 39.1808317902789], [-108.698248134022, 39.1806025628932], [-108.697809823537, 39.1802154313756], [-108.697547462474, 39.1798768586734], [-108.697294979285, 39.1797551320937], [-108.697147900818, 39.1797567253311]]]}, "properties": {"OBJECTID": 6, "areasymbol": "CO680", "spatialver": 9, "musym": "Re", "mukey": 506820, "TaxCl": "Fine-silty, mixed, superactive, calcareous, mesic Typic Torriorthents", "TaxOrder": "Entisols", "SubOrd": "Orthents", "GrGrp": "Torriorthents", "SubGrp": "Typic Torriorthents", "PartSz": "fine-silty", "Sand": 31, "Silt": 49, "Clay": 20, "BRdep": null, "BD": 1.44, "CaCO3": 15, "CEC": 14.9, "EC": 2, "ECEC": null, "MoiReg": "Aridic (torric)", "MoiSub": "Typic", "OrderSsa": "Order 2", "OM": 0.75, "ParMat": "Cretaceous slope alluvium derived from sandstone and shale", "pH": 7.9, "SAR": 1, "SurfTex": "Loam", "Temp": "mesic", "EcoID": "R034BY106UT", "EcoName": "Desert Loam (Shadscale)", "muname": "Sagrlite loam, 0 to 2 percent slopes", "Sand_DCP_0_6_in": 31, "Silt_DCP_0_6_in": 49, "Clay_DCP_0_6_in": 20, "SurfText_DCP_SL": "Loam", "ParMatNm_DCP": "Cretaceous slope alluvium derived from sandstone and shale", "Taxpartsiz_DCP": "fine-silty", "TaxClName_DCP": "Fine-silty, mixed, superactive, calcareous, mesic Typic Torriorthents", "OrgMatter_DCP_0_6_in": 0.75, "pHwater_DCP_0_6_in": 7.9, "BdSurf_DCP_0_6_in": 1.44, "SAR_DCP_0_6_in": 1, "CaC03_DCP_0_6_in": 15, "CEC7_DCP_0_6_in": 14.9, "EC_DCP_0_6_in": 2, "ECEC_DCP_0_6_in": null, "EcoSiteID_DCP": "R034BY106UT", "EcoSiteNm_DCP": "Desert Loam (Shadscale)", "TempRegime_DCP": "mesic", "MoistRegim_DCP": "Aridic (torric)", "MoistSubcl_DCP": "Typic", "TaxOrder_DCP": "Entisols", "TaxSuborer_DCP": "Orthents", "TaxGrtgrp_DCP": "Torriorthents", "Taxsubgrp_DCP": "Typic Torriorthents", "Dep2BedRS_DCP": null, "Sand_AllDepth": 23.17105263157895, "Silt_AllDepth": 56.828947368421055, "Clay_AllDepth": 20, "pH_AllDepth": 7.9, "OM_AllDepth": 0.35855263157894735, "BD_AllDepth": 1.424342105263158, "CaCO3_AllDepth": 15, "EC_AllDepth": 5, "SAR_AllDepth": 8, "Ksat_AllDepth": 10, "AWC_AllDepth": 0.15217105263157893, "CEC_AllDepth": 14.430263157894737, "BaseSat_AllDepth": 622.5449074496215, "DrainageCl": "Well drained", "Shape__Area": 114546.22003173828, "Shape__Length": 2624.051308527101, "station": "Grand Valley RC", "station_svc": "GVRC Soils"}}, {"type": "Feature", "id": 7, "geometry": {"type": "Polygon", "coordinates": [[[-108.696550359458, 39.1856884803174], [-108.69760390542, 39.185716427154], [-108.697854054785, 39.1856439374778], [-108.697848545418, 39.1856796138074], [-108.697926403302, 39.185753546847], [-108.697794923182, 39.1859308884843], [-108.697652347071, 39.1859581250152], [-108.697441087571, 39.1860746793123], [-108.696549442278, 39.1860760802326], [-108.696550359458, 39.1856884803174]]]}, "properties": {"OBJECTID": 7, "areasymbol": "CO680", "spatialver": 9, "musym": "Rs", "mukey": 506825, "TaxCl": "Oxyaquic Torrifluvents", "TaxOrder": "Entisols", "SubOrd": "Fluvents", "GrGrp": "Torrifluvents", "SubGrp": "Oxyaquic Torrifluvents", "PartSz": "not used", "Sand": 65, "Silt": 23.3, "Clay": 11.7, "BRdep": null, "BD": 1.53, "CaCO3": 8, "CEC": 8.7, "EC": 2.7, "ECEC": null, "MoiReg": "Aridic (torric)", "MoiSub": "Oxyaquic", "OrderSsa": "Order 2", "OM": 0.75, "ParMat": "alluvium derived from sandstone and shale", "pH": 8, "SAR": 0, "SurfTex": "Sandy loam", "Temp": "mesic", "EcoID": "R034BY009UT", "EcoName": "Loamy Bottom (Basin Big Sagebrush)", "muname": "Oxyaquic Torrifluvents, 0 to 2 percent slopes", "Sand_DCP_0_6_in": 65, "Silt_DCP_0_6_in": 23.3, "Clay_DCP_0_6_in": 11.7, "SurfText_DCP_SL": "Sandy loam", "ParMatNm_DCP": "alluvium derived from sandstone and shale", "Taxpartsiz_DCP": "not used", "TaxClName_DCP": "Oxyaquic Torrifluvents", "OrgMatter_DCP_0_6_in": 0.75, "pHwater_DCP_0_6_in": 8, "BdSurf_DCP_0_6_in": 1.53, "SAR_DCP_0_6_in": 0, "CaC03_DCP_0_6_in": 8, "CEC7_DCP_0_6_in": 8.7, "EC_DCP_0_6_in": 2.7, "ECEC_DCP_0_6_in": null, "EcoSiteID_DCP": "R034BY009UT", "EcoSiteNm_DCP": "Loamy Bottom (Basin Big Sagebrush)", "TempRegime_DCP": "mesic", "MoistRegim_DCP": "Aridic (torric)", "MoistSubcl_DCP": "Oxyaquic", "TaxOrder_DCP": "Entisols", "TaxSuborer_DCP": "Fluvents", "TaxGrtgrp_DCP": "Torrifluvents", "Taxsubgrp_DCP": "Oxyaquic Torrifluvents", "Dep2BedRS_DCP": null, "Sand_AllDepth": 71.75657894736842, "Silt_AllDepth": 19.94078947368421, "Clay_AllDepth": 8.302631578947368, "pH_AllDepth": 7.9, "OM_AllDepth": 0.3157894736842105, "BD_AllDepth": 1.5576315789473685, "CaCO3_AllDepth": 8, "EC_AllDepth": 12, "SAR_AllDepth": 0, "Ksat_AllDepth": 46.578947368421055, "AWC_AllDepth": 0.06789473684210527, "CEC_AllDepth": 6.013815789473684, "BaseSat_AllDepth": 1048.6051854282903, "DrainageCl": "Moderately well drained", "Shape__Area": 4379.614685058594, "Shape__Length": 306.8623163035537, "station": "Grand Valley RC", "station_svc": "GVRC Soils"}}, {"type": "Feature", "id": 8, "geometry": {"type": "Polygon", "coordinates": [[[-108.697854054785, 39.1856439374778], [-108.697886440848, 39.1854461590468], [-108.698286171386, 39.1851116465495], [-108.69839996817, 39.1849343181637], [-108.698393297281, 39.184802664908], [-108.698313223253, 39.1846893483677], [-108.698012950589, 39.1845842312413], [-108.697085233446, 39.1846920541746], [-108.69698259284, 39.1846179654406], [-108.697119426021, 39.1844040634103], [-108.697425137983, 39.1841449220309], [-108.697693537522, 39.1840957679973], [-108.69792007467, 39.1842039530602], [-108.6981808008, 39.1840241477244], [-108.698250927783, 39.1834848981604], [-108.698318942826, 39.1833689850476], [-108.698648272396, 39.1831101155917], [-108.699055661971, 39.1829062505154], [-108.699610929512, 39.1827187113638], [-108.699881489499, 39.1827287480575], [-108.700024827381, 39.1826456107118], [-108.700116049502, 39.1825075087486], [-108.700451364546, 39.182825086039], [-108.700560525124, 39.1830299422035], [-108.70061597094, 39.1831439841903], [-108.700610546913, 39.1835082460636], [-108.700525047959, 39.1837591935799], [-108.700073507086, 39.1845158541254], [-108.700010396844, 39.184713188152], [-108.700025805646, 39.1850149941922], [-108.699922290081, 39.1851435534263], [-108.699935995678, 39.1852035904538], [-108.699809273035, 39.1852528126455], [-108.699521562413, 39.1852698703703], [-108.69935473179, 39.1853571914014], [-108.699141537318, 39.1854257682301], [-108.698979042863, 39.1855674851548], [-108.698871620525, 39.1857230049675], [-108.698595450559, 39.1857517692298], [-108.698390222347, 39.1859779489029], [-108.698391445853, 39.1860731788236], [-108.697441087571, 39.1860746793123], [-108.697652347071, 39.1859581250152], [-108.697794923182, 39.1859308884843], [-108.697926403302, 39.185753546847], [-108.697848545418, 39.1856796138074], [-108.697854054785, 39.1856439374778]]]}, "properties": {"OBJECTID": 8, "areasymbol": "CO680", "spatialver": 9, "musym": "Tr", "mukey": 506827, "TaxCl": "Fine-loamy, mixed, active, calcareous, mesic Typic Torriorthents", "TaxOrder": "Entisols", "SubOrd": "Orthents", "GrGrp": "Torriorthents", "SubGrp": "Typic Torriorthents", "PartSz": "fine-loamy", "Sand": 34, "Silt": 36, "Clay": 30, "BRdep": null, "BD": 1.4, "CaCO3": 8, "CEC": 15, "EC": 1, "ECEC": null, "MoiReg": "Aridic (torric)", "MoiSub": "Typic", "OrderSsa": "Order 2", "OM": 1.5, "ParMat": "Cretaceous slope alluvium derived from sandstone and shale", "pH": 8.2, "SAR": 0, "SurfTex": "Clay loam", "Temp": "mesic", "EcoID": "R034BY106UT", "EcoName": "Desert Loam (Shadscale)", "muname": "Turley clay loam, 0 to 2 percent slopes", "Sand_DCP_0_6_in": 34, "Silt_DCP_0_6_in": 36, "Clay_DCP_0_6_in": 30, "SurfText_DCP_SL": "Clay loam", "ParMatNm_DCP": "Cretaceous slope alluvium derived from sandstone and shale", "Taxpartsiz_DCP": "fine-loamy", "TaxClName_DCP": "Fine-loamy, mixed, active, calcareous, mesic Typic Torriorthents", "OrgMatter_DCP_0_6_in": 1.5, "pHwater_DCP_0_6_in": 8.2, "BdSurf_DCP_0_6_in": 1.4, "SAR_DCP_0_6_in": 0, "CaC03_DCP_0_6_in": 8, "CEC7_DCP_0_6_in": 15, "EC_DCP_0_6_in": 1, "ECEC_DCP_0_6_in": null, "EcoSiteID_DCP": "R034BY106UT", "EcoSiteNm_DCP": "Desert Loam (Shadscale)", "TempRegime_DCP": "mesic", "MoistRegim_DCP": "Aridic (torric)", "MoistSubcl_DCP": "Typic", "TaxOrder_DCP": "Entisols", "TaxSuborer_DCP": "Orthents", "TaxGrtgrp_DCP": "Torriorthents", "Taxsubgrp_DCP": "Typic Torriorthents", "Dep2BedRS_DCP": null, "Sand_AllDepth": 42.31578947368421, "Silt_AllDepth": 33.06578947368421, "Clay_AllDepth": 24.61842105263158, "pH_AllDepth": 8.2, "OM_AllDepth": 0.4555921052631579, "BD_AllDepth": 1.4888815789473684, "CaCO3_AllDepth": 9, "EC_AllDepth": 1, "SAR_AllDepth": 0, "Ksat_AllDepth": 7.697368421052632, "AWC_AllDepth": 0.15980263157894736, "CEC_AllDepth": 11.976315789473684, "BaseSat_AllDepth": 437.64007910349363, "DrainageCl": "Well drained", "Shape__Area": 60048.21124267578, "Shape__Length": 1314.4671170229894, "station": "Grand Valley RC", "station_svc": "GVRC Soils"}}, {"type": "Feature", "id": 1, "geometry": {"type": "Polygon", "coordinates": [[[-108.466539882249, 39.0413632012414], [-108.466844552166, 39.0413618330246], [-108.46709989559, 39.0414364109159], [-108.468220903233, 39.0422618787948], [-108.469300423083, 39.0432490189984], [-108.469434352011, 39.04347308205], [-108.469439703275, 39.0435859344926], [-108.469367927884, 39.0436471771579], [-108.469023230835, 39.0435991850548], [-108.468645396731, 39.0434204445856], [-108.467828570321, 39.0427901566542], [-108.46749344033, 39.0424361136374], [-108.466521457803, 39.0416630905504], [-108.466484793064, 39.0413959100563], [-108.466539882249, 39.0413632012414]]]}, "properties": {"OBJECTID": 1, "areasymbol": "CO680", "spatialver": 9, "musym": "Bk", "mukey": 506783, "TaxCl": "Loamy-skeletal, mixed, superactive, mesic Typic Haplocalcids", "TaxOrder": "Aridisols", "SubOrd": "Calcids", "GrGrp": "Haplocalcids", "SubGrp": "Typic Haplocalcids", "PartSz": "loamy-skeletal", "Sand": 35.3, "Silt": 39.5, "Clay": 25.1, "BRdep": null, "BD": 1.49, "CaCO3": 18, "CEC": 17.2, "EC": 1, "ECEC": null, "MoiReg": "Aridic (torric)", "MoiSub": "Typic", "OrderSsa": "Order 2", "OM": 0.52, "ParMat": "alluvium derived from sandstone and shale", "pH": 8.2, "SAR": 0, "SurfTex": "Gravelly loam", "Temp": "mesic", "EcoID": "R034BY106UT", "EcoName": "Desert Loam (Shadscale)", "muname": "Blackston gravelly loam, 0 to 2 percent slopes", "Sand_DCP_0_6_in": 35.3, "Silt_DCP_0_6_in": 39.5, "Clay_DCP_0_6_in": 25.1, "SurfText_DCP_SL": "Gravelly loam", "ParMatNm_DCP": "alluvium derived from sandstone and shale", "Taxpartsiz_DCP": "loamy-skeletal", "TaxClName_DCP": "Loamy-skeletal, mixed, superactive, mesic Typic Haplocalcids", "OrgMatter_DCP_0_6_in": 0.52, "pHwater_DCP_0_6_in": 8.2, "BdSurf_DCP_0_6_in": 1.49, "SAR_DCP_0_6_in": 0, "CaC03_DCP_0_6_in": 18, "CEC7_DCP_0_6_in": 17.2, "EC_DCP_0_6_in": 1, "ECEC_DCP_0_6_in": null, "EcoSiteID_DCP": "R034BY106UT", "EcoSiteNm_DCP": "Desert Loam (Shadscale)", "TempRegime_DCP": "mesic", "MoistRegim_DCP": "Aridic (torric)", "MoistSubcl_DCP": "Typic", "TaxOrder_DCP": "Aridisols", "TaxSuborer_DCP": "Calcids", "TaxGrtgrp_DCP": "Haplocalcids", "Taxsubgrp_DCP": "Typic Haplocalcids", "Dep2BedRS_DCP": null, "Sand_AllDepth": 73.34868421052632, "Silt_AllDepth": 12.75, "Clay_AllDepth": 13.901315789473685, "pH_AllDepth": 8.2, "OM_AllDepth": 0.27631578947368424, "BD_AllDepth": 1.5917763157894735, "CaCO3_AllDepth": 15.335526315789474, "EC_AllDepth": 2, "SAR_AllDepth": 0, "Ksat_AllDepth": 136.07894736842104, "AWC_AllDepth": 0.05157894736842105, "CEC_AllDepth": 9.853947368421053, "BaseSat_AllDepth": 671.4047269328347, "DrainageCl": "Well drained", "Shape__Area": 18578.05938720703, "Shape__Length": 750.1402967332031, "station": "Orchard Mesa RC", "station_svc": "OMRC Soils"}}, {"type": "Feature", "id": 2, "geometry": {"type": "Polygon", "coordinates": [[[-108.473476436616, 39.0428536856715], [-108.473474510628, 39.043066069833], [-108.473459074877, 39.0448149630915], [-108.473458711957, 39.0448561359493], [-108.470030904326, 39.0448609945878], [-108.468872031796, 39.0448629369268], [-108.467948510683, 39.0448644746118], [-108.467701391335, 39.0444534880352], [-108.46770901893, 39.0443681229471], [-108.467444087786, 39.0439709958477], [-108.467188246695, 39.0437493400113], [-108.466976202966, 39.0436861494817], [-108.466920950287, 39.0432975534482], [-108.466986963884, 39.0431414992077], [-108.467248493108, 39.0429801072344], [-108.467517439721, 39.0429367578601], [-108.467667619172, 39.0429890914887], [-108.468204189179, 39.0434334907547], [-108.468937440827, 39.0438724305995], [-108.469237934476, 39.0439914820585], [-108.469880038563, 39.0440724424059], [-108.470022283195, 39.0439491861164], [-108.469957493103, 39.0436281490223], [-108.468937483047, 39.042358721566], [-108.468903179082, 39.04214619783], [-108.468947038427, 39.0420526758528], [-108.469089278567, 39.0419294209232], [-108.469333655359, 39.0419209472567], [-108.469533192743, 39.0419934942288], [-108.471485095312, 39.0432372105067], [-108.471709029142, 39.0432874912947], [-108.471804384411, 39.0432265650713], [-108.471693096622, 39.0429633199252], [-108.470697328503, 39.0421891269728], [-108.470614656547, 39.0420030870095], [-108.4709051771, 39.0419143539131], [-108.471874123322, 39.0421512855023], [-108.472006031938, 39.0423431523004], [-108.472287928664, 39.0425657690983], [-108.472868269982, 39.042888735971], [-108.473476436616, 39.0428536856715]]]}, "properties": {"OBJECTID": 2, "areasymbol": "CO680", "spatialver": 9, "musym": "Fg", "mukey": 506793, "TaxCl": "Fine-loamy, mixed, active, mesic Typic Argigypsids", "TaxOrder": "Aridisols", "SubOrd": "Gypsids", "GrGrp": "Argigypsids", "SubGrp": "Typic Argigypsids", "PartSz": "fine-loamy", "Sand": 28.7, "Silt": 40, "Clay": 31.3, "BRdep": null, "BD": 1.47, "CaCO3": 6, "CEC": 15.8, "EC": 1, "ECEC": null, "MoiReg": "Aridic (torric)", "MoiSub": "Typic", "OrderSsa": "Order 2", "OM": 0.75, "ParMat": "Cretaceous source slope alluvium derived from sandstone and shale over residuum weathered from clayey shale", "pH": 8.2, "SAR": 0, "SurfTex": "Clay loam", "Temp": "mesic", "EcoID": "R034BY106UT", "EcoName": "Desert Loam (Shadscale)", "muname": "Fruitvale clay loam, 0 to 2 percent slopes", "Sand_DCP_0_6_in": 28.7, "Silt_DCP_0_6_in": 40, "Clay_DCP_0_6_in": 31.3, "SurfText_DCP_SL": "Clay loam", "ParMatNm_DCP": "Cretaceous source slope alluvium derived from sandstone and shale over residuum weathered from clayey shale", "Taxpartsiz_DCP": "fine-loamy", "TaxClName_DCP": "Fine-loamy, mixed, active, mesic Typic Argigypsids", "OrgMatter_DCP_0_6_in": 0.75, "pHwater_DCP_0_6_in": 8.2, "BdSurf_DCP_0_6_in": 1.47, "SAR_DCP_0_6_in": 0, "CaC03_DCP_0_6_in": 6, "CEC7_DCP_0_6_in": 15.8, "EC_DCP_0_6_in": 1, "ECEC_DCP_0_6_in": null, "EcoSiteID_DCP": "R034BY106UT", "EcoSiteNm_DCP": "Desert Loam (Shadscale)", "TempRegime_DCP": "mesic", "MoistRegim_DCP": "Aridic (torric)", "MoistSubcl_DCP": "Typic", "TaxOrder_DCP": "Aridisols", "TaxSuborer_DCP": "Gypsids", "TaxGrtgrp_DCP": "Argigypsids", "Taxsubgrp_DCP": "Typic Argigypsids", "Dep2BedRS_DCP": null, "Sand_AllDepth": 15.631578947368421, "Silt_AllDepth": 47.33552631578947, "Clay_AllDepth": 37.0328947368421, "pH_AllDepth": 8.2, "OM_AllDepth": 0.34868421052631576, "BD_AllDepth": 1.4482894736842105, "CaCO3_AllDepth": 9.460526315789474, "EC_AllDepth": 5, "SAR_AllDepth": 0, "Ksat_AllDepth": 2.5657894736842106, "AWC_AllDepth": 0.16730263157894737, "CEC_AllDepth": 18.126315789473683, "BaseSat_AllDepth": 658.5765098722417, "DrainageCl": "Well drained", "Shape__Area": 118040.8818359375, "Shape__Length": 2251.158233708031, "station": "Orchard Mesa RC", "station_svc": "OMRC Soils"}}, {"type": "Feature", "id": 3, "geometry": {"type": "Polygon", "coordinates": [[[-108.464301969569, 39.043738201386], [-108.464434910349, 39.0436762736671], [-108.464780759039, 39.0437241631574], [-108.465367682313, 39.0441877888159], [-108.46560399942, 39.0445077140511], [-108.465979196069, 39.0446507311923], [-108.46609779345, 39.0445676645077], [-108.466092102623, 39.0444323475313], [-108.465781446333, 39.0440974300626], [-108.46577296983, 39.0439254968056], [-108.465857029682, 39.0436353310575], [-108.466175363873, 39.0431280308785], [-108.466186559576, 39.0428587188724], [-108.465838354606, 39.0422378114597], [-108.465325540546, 39.0417946061282], [-108.464876019985, 39.0416365921859], [-108.464308899173, 39.0416264676996], [-108.464309729216, 39.0413731911067], [-108.466539882249, 39.0413632012414], [-108.466484793064, 39.0413959100563], [-108.466521457803, 39.0416630905504], [-108.46749344033, 39.0424361136374], [-108.467828570321, 39.0427901566542], [-108.468645396731, 39.0434204445856], [-108.469023230835, 39.0435991850548], [-108.469367927884, 39.0436471771579], [-108.469439703275, 39.0435859344926], [-108.469434352011, 39.04347308205], [-108.469300423083, 39.0432490189984], [-108.468220903233, 39.0422618787948], [-108.46709989559, 39.0414364109159], [-108.466844552166, 39.0413618330246], [-108.473494682298, 39.0413317741122], [-108.473479466634, 39.0425195819142], [-108.473476436616, 39.0428536856715], [-108.472868269982, 39.042888735971], [-108.472287928664, 39.0425657690983], [-108.472006031938, 39.0423431523004], [-108.471874123322, 39.0421512855023], [-108.4709051771, 39.0419143539131], [-108.470614656547, 39.0420030870095], [-108.470697328503, 39.0421891269728], [-108.471693096622, 39.0429633199252], [-108.471804384411, 39.0432265650713], [-108.471709029142, 39.0432874912947], [-108.471485095312, 39.0432372105067], [-108.469533192743, 39.0419934942288], [-108.469333655359, 39.0419209472567], [-108.469089278567, 39.0419294209232], [-108.468947038427, 39.0420526758528], [-108.468903179082, 39.04214619783], [-108.468937483047, 39.042358721566], [-108.469957493103, 39.0436281490223], [-108.470022283195, 39.0439491861164], [-108.469880038563, 39.0440724424059], [-108.469237934476, 39.0439914820585], [-108.468937440827, 39.0438724305995], [-108.468204189179, 39.0434334907547], [-108.467667619172, 39.0429890914887], [-108.467517439721, 39.0429367578601], [-108.467248493108, 39.0429801072344], [-108.466986963884, 39.0431414992077], [-108.466920950287, 39.0432975534482], [-108.466976202966, 39.0436861494817], [-108.467188246695, 39.0437493400113], [-108.467444087786, 39.0439709958477], [-108.46770901893, 39.0443681229471], [-108.467701391335, 39.0444534880352], [-108.467948510683, 39.0448644746118], [-108.467080181163, 39.0448659146217], [-108.464342175466, 39.0448704125593], [-108.46429825234, 39.0448704851179], [-108.464301969569, 39.043738201386]]]}, "properties": {"OBJECTID": 3, "areasymbol": "CO680", "spatialver": 9, "musym": "Mc", "mukey": 506811, "TaxCl": "Fine-loamy, mixed, superactive, mesic Typic Gypsiargids", "TaxOrder": "Aridisols", "SubOrd": "Argids", "GrGrp": "Gypsiargids", "SubGrp": "Typic Gypsiargids", "PartSz": "fine-loamy", "Sand": 35, "Silt": 36.2, "Clay": 28.8, "BRdep": null, "BD": 1.41, "CaCO3": 9, "CEC": 21.1, "EC": 3, "ECEC": null, "MoiReg": "Aridic (torric)", "MoiSub": "Typic", "OrderSsa": "Order 2", "OM": 0.75, "ParMat": "loamy slope alluvium derived from shale over cobbly alluvium derived from sandstone and shale", "pH": 8, "SAR": 0, "SurfTex": "Clay loam", "Temp": "mesic", "EcoID": "R034BY106UT", "EcoName": "Desert Loam (Shadscale)", "muname": "Gyprockmesa clay loam, 0 to 2 percent slopes", "Sand_DCP_0_6_in": 35, "Silt_DCP_0_6_in": 36.2, "Clay_DCP_0_6_in": 28.8, "SurfText_DCP_SL": "Clay loam", "ParMatNm_DCP": "loamy slope alluvium derived from shale over cobbly alluvium derived from sandstone and shale", "Taxpartsiz_DCP": "fine-loamy", "TaxClName_DCP": "Fine-loamy, mixed, superactive, mesic Typic Gypsiargids", "OrgMatter_DCP_0_6_in": 0.75, "pHwater_DCP_0_6_in": 8, "BdSurf_DCP_0_6_in": 1.41, "SAR_DCP_0_6_in": 0, "CaC03_DCP_0_6_in": 9, "CEC7_DCP_0_6_in": 21.1, "EC_DCP_0_6_in": 3, "ECEC_DCP_0_6_in": null, "EcoSiteID_DCP": "R034BY106UT", "EcoSiteNm_DCP": "Desert Loam (Shadscale)", "TempRegime_DCP": "mesic", "MoistRegim_DCP": "Aridic (torric)", "MoistSubcl_DCP": "Typic", "TaxOrder_DCP": "Aridisols", "TaxSuborer_DCP": "Argids", "TaxGrtgrp_DCP": "Gypsiargids", "Taxsubgrp_DCP": "Typic Gypsiargids", "Dep2BedRS_DCP": null, "Sand_AllDepth": 36.853932584269664, "Silt_AllDepth": 35.69662921348315, "Clay_AllDepth": 27.44943820224719, "pH_AllDepth": 8, "OM_AllDepth": 0.35674157303370785, "BD_AllDepth": 1.4092134831460672, "CaCO3_AllDepth": 14.089887640449438, "EC_AllDepth": 3, "SAR_AllDepth": 3, "Ksat_AllDepth": 5.595505617977528, "AWC_AllDepth": 0.12915730337078654, "CEC_AllDepth": 15.408426966292133, "BaseSat_AllDepth": 1066.2741094541875, "DrainageCl": "Well drained", "Shape__Area": 136736.4380493164, "Shape__Length": 4330.198895693401, "station": "Orchard Mesa RC", "station_svc": "OMRC Soils"}}, {"type": "Feature", "id": 4, "geometry": {"type": "Polygon", "coordinates": [[[-108.464301969569, 39.043738201386], [-108.464308899173, 39.0416264676996], [-108.464876019985, 39.0416365921859], [-108.465325540546, 39.0417946061282], [-108.465838354606, 39.0422378114597], [-108.466186559576, 39.0428587188724], [-108.466175363873, 39.0431280308785], [-108.465857029682, 39.0436353310575], [-108.46577296983, 39.0439254968056], [-108.465781446333, 39.0440974300626], [-108.466092102623, 39.0444323475313], [-108.46609779345, 39.0445676645077], [-108.465979196069, 39.0446507311923], [-108.46560399942, 39.0445077140511], [-108.465367682313, 39.0441877888159], [-108.464780759039, 39.0437241631574], [-108.464434910349, 39.0436762736671], [-108.464301969569, 39.043738201386]]]}, "properties": {"OBJECTID": 4, "areasymbol": "CO680", "spatialver": 9, "musym": "Tr", "mukey": 506827, "TaxCl": "Fine-loamy, mixed, active, calcareous, mesic Typic Torriorthents", "TaxOrder": "Entisols", "SubOrd": "Orthents", "GrGrp": "Torriorthents", "SubGrp": "Typic Torriorthents", "PartSz": "fine-loamy", "Sand": 34, "Silt": 36, "Clay": 30, "BRdep": null, "BD": 1.4, "CaCO3": 8, "CEC": 15, "EC": 1, "ECEC": null, "MoiReg": "Aridic (torric)", "MoiSub": "Typic", "OrderSsa": "Order 2", "OM": 1.5, "ParMat": "Cretaceous slope alluvium derived from sandstone and shale", "pH": 8.2, "SAR": 0, "SurfTex": "Clay loam", "Temp": "mesic", "EcoID": "R034BY106UT", "EcoName": "Desert Loam (Shadscale)", "muname": "Turley clay loam, 0 to 2 percent slopes", "Sand_DCP_0_6_in": 34, "Silt_DCP_0_6_in": 36, "Clay_DCP_0_6_in": 30, "SurfText_DCP_SL": "Clay loam", "ParMatNm_DCP": "Cretaceous slope alluvium derived from sandstone and shale", "Taxpartsiz_DCP": "fine-loamy", "TaxClName_DCP": "Fine-loamy, mixed, active, calcareous, mesic Typic Torriorthents", "OrgMatter_DCP_0_6_in": 1.5, "pHwater_DCP_0_6_in": 8.2, "BdSurf_DCP_0_6_in": 1.4, "SAR_DCP_0_6_in": 0, "CaC03_DCP_0_6_in": 8, "CEC7_DCP_0_6_in": 15, "EC_DCP_0_6_in": 1, "ECEC_DCP_0_6_in": null, "EcoSiteID_DCP": "R034BY106UT", "EcoSiteNm_DCP": "Desert Loam (Shadscale)", "TempRegime_DCP": "mesic", "MoistRegim_DCP": "Aridic (torric)", "MoistSubcl_DCP": "Typic", "TaxOrder_DCP": "Entisols", "TaxSuborer_DCP": "Orthents", "TaxGrtgrp_DCP": "Torriorthents", "Taxsubgrp_DCP": "Typic Torriorthents", "Dep2BedRS_DCP": null, "Sand_AllDepth": 42.31578947368421, "Silt_AllDepth": 33.06578947368421, "Clay_AllDepth": 24.61842105263158, "pH_AllDepth": 8.2, "OM_AllDepth": 0.4555921052631579, "BD_AllDepth": 1.4888815789473684, "CaCO3_AllDepth": 9, "EC_AllDepth": 1, "SAR_AllDepth": 0, "Ksat_AllDepth": 7.697368421052632, "AWC_AllDepth": 0.15980263157894736, "CEC_AllDepth": 11.976315789473684, "BaseSat_AllDepth": 437.64007910349363, "DrainageCl": "Well drained", "Shape__Area": 36512.03234863281, "Shape__Length": 881.1106250568681, "station": "Orchard Mesa RC", "station_svc": "OMRC Soils"}}, {"type": "Feature", "id": 1, "geometry": {"type": "Polygon", "coordinates": [[[-107.790536395674, 38.7929565461355], [-107.791112873338, 38.7929605923623], [-107.791140354599, 38.7929577455102], [-107.791134608975, 38.7951883095689], [-107.791134384396, 38.7952754508506], [-107.790883182205, 38.7956126930407], [-107.790433821543, 38.796083678133], [-107.790424111653, 38.7962185719905], [-107.790213010257, 38.7963682501737], [-107.790204292107, 38.7965524995268], [-107.790185681709, 38.7965893449996], [-107.790081006419, 38.7966371270948], [-107.790044089254, 38.7966694315201], [-107.78998736783, 38.7968465864571], [-107.789960540543, 38.7968833211585], [-107.789751885258, 38.7970408546958], [-107.789649948932, 38.7970838791741], [-107.789594734881, 38.7970900633324], [-107.789540394891, 38.7970727878745], [-107.789407087598, 38.7969731614344], [-107.78934051435, 38.7969022132433], [-107.789327698086, 38.7968665763429], [-107.789362043375, 38.7967751788594], [-107.789429106204, 38.7966977326239], [-107.789677994335, 38.7965066770262], [-107.78974058535, 38.7964377496351], [-107.789743054819, 38.7963880630616], [-107.789712095281, 38.7962984201842], [-107.789646101447, 38.7962238201525], [-107.789477594568, 38.7961958948295], [-107.789358230026, 38.796203724367], [-107.789304738944, 38.7962277247679], [-107.789109135283, 38.7965521382623], [-107.789026367207, 38.7966122082684], [-107.788863305915, 38.7966610818417], [-107.788692335856, 38.796661263874], [-107.788524696749, 38.7966242630108], [-107.788434766406, 38.7965681368186], [-107.78835091586, 38.7964484916706], [-107.788311037848, 38.7963183444118], [-107.788315253642, 38.7962289324891], [-107.788502778754, 38.7955663371333], [-107.788690385613, 38.7950484882778], [-107.788857842362, 38.7948103836206], [-107.789268704823, 38.794376355756], [-107.789805071811, 38.7936839621652], [-107.790536395674, 38.7929565461355]]]}, "properties": {"OBJECTID": 1, "areasymbol": "CO679", "spatialver": 9, "musym": "3", "mukey": 496606, "TaxCl": "Fine, montmorillonitic, mesic Ustollic Haplargids", "TaxOrder": "Aridisols", "SubOrd": "Argids", "GrGrp": "Haplargids", "SubGrp": "Ustollic Haplargids", "PartSz": "fine", "Sand": 33.4, "Silt": 34.1, "Clay": 32.5, "BRdep": null, "BD": 1.33, "CaCO3": 20, "CEC": 25.1, "EC": 2.3, "ECEC": null, "MoiReg": "Aridic (torric)", "MoiSub": "Ustic", "OrderSsa": null, "OM": 1.17, "ParMat": "cobbly, stony outwash alluvium derived from basalt", "pH": 7.9, "SAR": 0, "SurfTex": "Loam", "Temp": "mesic", "EcoID": "R036XY289CO", "EcoName": "Clayey Foothills", "muname": "Agua Fria stony loam, 3 to 12 percent slopes", "Sand_DCP_0_6_in": 33.4, "Silt_DCP_0_6_in": 34.1, "Clay_DCP_0_6_in": 32.5, "SurfText_DCP_SL": "Loam", "ParMatNm_DCP": "cobbly, stony outwash alluvium derived from basalt", "Taxpartsiz_DCP": "fine", "TaxClName_DCP": "Fine, montmorillonitic, mesic Ustollic Haplargids", "OrgMatter_DCP_0_6_in": 1.17, "pHwater_DCP_0_6_in": 7.9, "BdSurf_DCP_0_6_in": 1.33, "SAR_DCP_0_6_in": 0, "CaC03_DCP_0_6_in": 20, "CEC7_DCP_0_6_in": 25.1, "EC_DCP_0_6_in": 2.3, "ECEC_DCP_0_6_in": null, "EcoSiteID_DCP": "R036XY289CO", "EcoSiteNm_DCP": "Clayey Foothills", "TempRegime_DCP": "mesic", "MoistRegim_DCP": "Aridic (torric)", "MoistSubcl_DCP": "Ustic", "TaxOrder_DCP": "Aridisols", "TaxSuborer_DCP": "Argids", "TaxGrtgrp_DCP": "Haplargids", "Taxsubgrp_DCP": "Ustollic Haplargids", "Dep2BedRS_DCP": null, "Sand_AllDepth": 35.90394736842106, "Silt_AllDepth": 35.47105263157894, "Clay_AllDepth": 28.625, "pH_AllDepth": 7.9, "OM_AllDepth": 0.4917763157894737, "BD_AllDepth": 1.33, "CaCO3_AllDepth": 24.18421052631579, "EC_AllDepth": 3, "SAR_AllDepth": 0, "Ksat_AllDepth": 6.130526315789474, "AWC_AllDepth": 0.11467105263157895, "CEC_AllDepth": 21.90394736842105, "BaseSat_AllDepth": null, "DrainageCl": "Well drained", "Shape__Area": 65728.51318359375, "Shape__Length": 1278.6274369361784, "station": "Rogers Mesa RC", "station_svc": "RMRC Soils"}}, {"type": "Feature", "id": 2, "geometry": {"type": "Polygon", "coordinates": [[[-107.786446084115, 38.7936758116808], [-107.786448441294, 38.7929511682033], [-107.786449405186, 38.7929322869739], [-107.788557219355, 38.792943065246], [-107.788511593922, 38.7930030955841], [-107.788135798994, 38.793350150018], [-107.787970096655, 38.7935341397142], [-107.787874889608, 38.7936978945134], [-107.787716016262, 38.7940898174447], [-107.787618936228, 38.7942492566572], [-107.787500834717, 38.794351368925], [-107.787308493737, 38.7944506944666], [-107.78719518384, 38.7944669343448], [-107.786958055554, 38.7944635554422], [-107.78685701934, 38.7944255732338], [-107.786668806118, 38.7943123203328], [-107.786526587537, 38.7941721871575], [-107.786489883273, 38.7940471314317], [-107.786485803125, 38.7938128595621], [-107.786467679614, 38.7937228878747], [-107.786446084115, 38.7936758116808]]]}, "properties": {"OBJECTID": 2, "areasymbol": "CO679", "spatialver": 9, "musym": "5", "mukey": 496628, "TaxCl": "Fine, montmorillonitic, mesic Ustollic Haplargids", "TaxOrder": "Aridisols", "SubOrd": "Argids", "GrGrp": "Haplargids", "SubGrp": "Ustollic Haplargids", "PartSz": "fine", "Sand": 31.9, "Silt": 32.7, "Clay": 35.3, "BRdep": null, "BD": 1.33, "CaCO3": 20, "CEC": 27, "EC": 2.3, "ECEC": null, "MoiReg": "Aridic (torric)", "MoiSub": "Ustic", "OrderSsa": null, "OM": 1.17, "ParMat": "cobbly, stony outwash alluvium derived from basalt", "pH": 7.9, "SAR": 0, "SurfTex": "Clay loam", "Temp": "mesic", "EcoID": "R036XY284CO", "EcoName": "Loamy Foothills", "muname": "Agua Fria clay loam, 1 to 6 percent slopes", "Sand_DCP_0_6_in": 31.9, "Silt_DCP_0_6_in": 32.7, "Clay_DCP_0_6_in": 35.3, "SurfText_DCP_SL": "Clay loam", "ParMatNm_DCP": "cobbly, stony outwash alluvium derived from basalt", "Taxpartsiz_DCP": "fine", "TaxClName_DCP": "Fine, montmorillonitic, mesic Ustollic Haplargids", "OrgMatter_DCP_0_6_in": 1.17, "pHwater_DCP_0_6_in": 7.9, "BdSurf_DCP_0_6_in": 1.33, "SAR_DCP_0_6_in": 0, "CaC03_DCP_0_6_in": 20, "CEC7_DCP_0_6_in": 27, "EC_DCP_0_6_in": 2.3, "ECEC_DCP_0_6_in": null, "EcoSiteID_DCP": "R036XY284CO", "EcoSiteNm_DCP": "Loamy Foothills", "TempRegime_DCP": "mesic", "MoistRegim_DCP": "Aridic (torric)", "MoistSubcl_DCP": "Ustic", "TaxOrder_DCP": "Aridisols", "TaxSuborer_DCP": "Argids", "TaxGrtgrp_DCP": "Haplargids", "Taxsubgrp_DCP": "Ustollic Haplargids", "Dep2BedRS_DCP": null, "Sand_AllDepth": 35.75921052631579, "Silt_AllDepth": 35.33618421052631, "Clay_AllDepth": 28.904605263157894, "pH_AllDepth": 7.9, "OM_AllDepth": 0.4917763157894737, "BD_AllDepth": 1.33, "CaCO3_AllDepth": 24.18421052631579, "EC_AllDepth": 3, "SAR_AllDepth": 0, "Ksat_AllDepth": 5.921644736842105, "AWC_AllDepth": 0.11565789473684211, "CEC_AllDepth": 22.098026315789472, "BaseSat_AllDepth": null, "DrainageCl": "Well drained", "Shape__Area": 20969.832397460938, "Shape__Length": 606.3979075218091, "station": "Rogers Mesa RC", "station_svc": "RMRC Soils"}}, {"type": "Feature", "id": 3, "geometry": {"type": "Polygon", "coordinates": [[[-107.789135026526, 38.8003054239662], [-107.789131447638, 38.8002947035147], [-107.789137015396, 38.8000694000385], [-107.78919204619, 38.7998024977275], [-107.789290303018, 38.7995925954915], [-107.789569554205, 38.7991990379839], [-107.789778894006, 38.7987789051908], [-107.789847831619, 38.7987057744731], [-107.789935935687, 38.7986496884259], [-107.790046950388, 38.7986192814821], [-107.79016400626, 38.7986260577958], [-107.790249326449, 38.7986826248332], [-107.790469814342, 38.7988934839887], [-107.790569988174, 38.7989405371335], [-107.790683440903, 38.7989467589363], [-107.790802234116, 38.7989353871859], [-107.790904889994, 38.7988967884704], [-107.791043459618, 38.7988124947343], [-107.791117584103, 38.7987424620094], [-107.791125475803, 38.7987328642891], [-107.791121453147, 38.800294373073], [-107.789135026526, 38.8003054239662]]]}, "properties": {"OBJECTID": 3, "areasymbol": "CO679", "spatialver": 9, "musym": "53", "mukey": 496632, "TaxCl": "Fine-loamy, mixed, mesic Typic Haplargids", "TaxOrder": "Aridisols", "SubOrd": "Argids", "GrGrp": "Haplargids", "SubGrp": "Typic Haplargids", "PartSz": "fine-loamy", "Sand": 38.3, "Silt": 36.3, "Clay": 25.3, "BRdep": null, "BD": 1.33, "CaCO3": 3, "CEC": 17.7, "EC": 0, "ECEC": null, "MoiReg": "Aridic (torric)", "MoiSub": "Typic", "OrderSsa": null, "OM": 0.75, "ParMat": "cobbly alluvium", "pH": 7.9, "SAR": 0, "SurfTex": "Loam", "Temp": "mesic", "EcoID": "R034BY106UT", "EcoName": "Desert Loam (Shadscale)", "muname": "Mesa loam, 0 to 3 percent slopes", "Sand_DCP_0_6_in": 38.3, "Silt_DCP_0_6_in": 36.3, "Clay_DCP_0_6_in": 25.3, "SurfText_DCP_SL": "Loam", "ParMatNm_DCP": "cobbly alluvium", "Taxpartsiz_DCP": "fine-loamy", "TaxClName_DCP": "Fine-loamy, mixed, mesic Typic Haplargids", "OrgMatter_DCP_0_6_in": 0.75, "pHwater_DCP_0_6_in": 7.9, "BdSurf_DCP_0_6_in": 1.33, "SAR_DCP_0_6_in": 0, "CaC03_DCP_0_6_in": 3, "CEC7_DCP_0_6_in": 17.7, "EC_DCP_0_6_in": 0, "ECEC_DCP_0_6_in": null, "EcoSiteID_DCP": "R034BY106UT", "EcoSiteNm_DCP": "Desert Loam (Shadscale)", "TempRegime_DCP": "mesic", "MoistRegim_DCP": "Aridic (torric)", "MoistSubcl_DCP": "Typic", "TaxOrder_DCP": "Aridisols", "TaxSuborer_DCP": "Argids", "TaxGrtgrp_DCP": "Haplargids", "Taxsubgrp_DCP": "Typic Haplargids", "Dep2BedRS_DCP": null, "Sand_AllDepth": 38.61315789473684, "Silt_AllDepth": 36.59407894736843, "Clay_AllDepth": 24.792763157894736, "pH_AllDepth": 7.9, "OM_AllDepth": 0.41776315789473684, "BD_AllDepth": 1.33, "CaCO3_AllDepth": 19.611842105263158, "EC_AllDepth": 1, "SAR_AllDepth": 0, "Ksat_AllDepth": 7.457171052631579, "AWC_AllDepth": 0.12315789473684209, "CEC_AllDepth": 16.95657894736842, "BaseSat_AllDepth": null, "DrainageCl": "Well drained", "Shape__Area": 25380.812866210938, "Shape__Length": 674.491901699773, "station": "Rogers Mesa RC", "station_svc": "RMRC Soils"}}, {"type": "Feature", "id": 4, "geometry": {"type": "Polygon", "coordinates": [[[-107.786446084115, 38.7936758116808], [-107.786467679614, 38.7937228878747], [-107.786485803125, 38.7938128595621], [-107.786489883273, 38.7940471314317], [-107.786526587537, 38.7941721871575], [-107.786668806118, 38.7943123203328], [-107.78685701934, 38.7944255732338], [-107.786958055554, 38.7944635554422], [-107.78719518384, 38.7944669343448], [-107.787308493737, 38.7944506944666], [-107.787500834717, 38.794351368925], [-107.787618936228, 38.7942492566572], [-107.787716016262, 38.7940898174447], [-107.787874889608, 38.7936978945134], [-107.787970096655, 38.7935341397142], [-107.788135798994, 38.793350150018], [-107.788511593922, 38.7930030955841], [-107.788557219355, 38.792943065246], [-107.788781952687, 38.7929442121089], [-107.790536395674, 38.7929565461355], [-107.789805071811, 38.7936839621652], [-107.789268704823, 38.794376355756], [-107.788857842362, 38.7948103836206], [-107.788690385613, 38.7950484882778], [-107.788502778754, 38.7955663371333], [-107.788315253642, 38.7962289324891], [-107.788311037848, 38.7963183444118], [-107.78835091586, 38.7964484916706], [-107.788434766406, 38.7965681368186], [-107.788524696749, 38.7966242630108], [-107.788692335856, 38.796661263874], [-107.788863305915, 38.7966610818417], [-107.789026367207, 38.7966122082684], [-107.789109135283, 38.7965521382623], [-107.789304738944, 38.7962277247679], [-107.789358230026, 38.796203724367], [-107.789477594568, 38.7961958948295], [-107.789646101447, 38.7962238201525], [-107.789712095281, 38.7962984201842], [-107.789743054819, 38.7963880630616], [-107.78974058535, 38.7964377496351], [-107.789677994335, 38.7965066770262], [-107.789429106204, 38.7966977326239], [-107.789362043375, 38.7967751788594], [-107.789327698086, 38.7968665763429], [-107.78934051435, 38.7969022132433], [-107.789407087598, 38.7969731614344], [-107.789540394891, 38.7970727878745], [-107.789594734881, 38.7970900633324], [-107.789649948932, 38.7970838791741], [-107.789751885258, 38.7970408546958], [-107.789960540543, 38.7968833211585], [-107.78998736783, 38.7968465864571], [-107.790044089254, 38.7966694315201], [-107.790081006419, 38.7966371270948], [-107.790185681709, 38.7965893449996], [-107.790204292107, 38.7965524995268], [-107.790213010257, 38.7963682501737], [-107.790424111653, 38.7962185719905], [-107.790433821543, 38.796083678133], [-107.790883182205, 38.7956126930407], [-107.791134384396, 38.7952754508506], [-107.79113079383, 38.7966696261546], [-107.791125475803, 38.7987328642891], [-107.791117584103, 38.7987424620094], [-107.791043459618, 38.7988124947343], [-107.790904889994, 38.7988967884704], [-107.790802234116, 38.7989353871859], [-107.790683440903, 38.7989467589363], [-107.790569988174, 38.7989405371335], [-107.790469814342, 38.7988934839887], [-107.790249326449, 38.7986826248332], [-107.79016400626, 38.7986260577958], [-107.790046950388, 38.7986192814821], [-107.789935935687, 38.7986496884259], [-107.789847831619, 38.7987057744731], [-107.789778894006, 38.7987789051908], [-107.789569554205, 38.7991990379839], [-107.789290303018, 38.7995925954915], [-107.78919204619, 38.7998024977275], [-107.789137015396, 38.8000694000385], [-107.789131447638, 38.8002947035147], [-107.789135026526, 38.8003054239662], [-107.786426998508, 38.8003204345559], [-107.786437201573, 38.7964072955391], [-107.786446084115, 38.7936758116808]]]}, "properties": {"OBJECTID": 4, "areasymbol": "CO679", "spatialver": 9, "musym": "55", "mukey": 496634, "TaxCl": "Fine-loamy, mixed, mesic Typic Haplargids", "TaxOrder": "Aridisols", "SubOrd": "Argids", "GrGrp": "Haplargids", "SubGrp": "Typic Haplargids", "PartSz": "fine-loamy", "Sand": 38.3, "Silt": 36.3, "Clay": 25.3, "BRdep": null, "BD": 1.33, "CaCO3": 3, "CEC": 17.7, "EC": 0, "ECEC": null, "MoiReg": "Aridic (torric)", "MoiSub": "Typic", "OrderSsa": null, "OM": 0.75, "ParMat": "glacial outwash and/or old complex landslide deposits", "pH": 7.9, "SAR": 0, "SurfTex": "Stony loam", "Temp": "mesic", "EcoID": "R034BY106UT", "EcoName": "Desert Loam (Shadscale)", "muname": "Mesa-Utaline stony loams, 3 to 12 percent slopes", "Sand_DCP_0_6_in": 38.3, "Silt_DCP_0_6_in": 36.3, "Clay_DCP_0_6_in": 25.3, "SurfText_DCP_SL": "Stony loam", "ParMatNm_DCP": "glacial outwash and/or old complex landslide deposits", "Taxpartsiz_DCP": "fine-loamy", "TaxClName_DCP": "Fine-loamy, mixed, mesic Typic Haplargids", "OrgMatter_DCP_0_6_in": 0.75, "pHwater_DCP_0_6_in": 7.9, "BdSurf_DCP_0_6_in": 1.33, "SAR_DCP_0_6_in": 0, "CaC03_DCP_0_6_in": 3, "CEC7_DCP_0_6_in": 17.7, "EC_DCP_0_6_in": 0, "ECEC_DCP_0_6_in": null, "EcoSiteID_DCP": "R034BY106UT", "EcoSiteNm_DCP": "Desert Loam (Shadscale)", "TempRegime_DCP": "mesic", "MoistRegim_DCP": "Aridic (torric)", "MoistSubcl_DCP": "Typic", "TaxOrder_DCP": "Aridisols", "TaxSuborer_DCP": "Argids", "TaxGrtgrp_DCP": "Haplargids", "Taxsubgrp_DCP": "Typic Haplargids", "Dep2BedRS_DCP": null, "Sand_AllDepth": 38.61315789473684, "Silt_AllDepth": 36.59407894736843, "Clay_AllDepth": 24.792763157894736, "pH_AllDepth": 7.9, "OM_AllDepth": 0.41776315789473684, "BD_AllDepth": 1.33, "CaCO3_AllDepth": 19.611842105263158, "EC_AllDepth": 1, "SAR_AllDepth": 0, "Ksat_AllDepth": 7.457171052631579, "AWC_AllDepth": 0.12118421052631578, "CEC_AllDepth": 16.95657894736842, "BaseSat_AllDepth": null, "DrainageCl": "Well drained", "Shape__Area": 221388.4464111328, "Shape__Length": 3166.997147905447, "station": "Rogers Mesa RC", "station_svc": "RMRC Soils"}}, {"type": "Feature", "id": 1, "geometry": {"type": "Polygon", "coordinates": [[[-103.175457366485, 40.4049929204724], [-103.17543008465, 40.4046865094967], [-103.175333213025, 40.4043518257288], [-103.175079803673, 40.403717180389], [-103.174713578498, 40.4032876861873], [-103.174476183413, 40.4029421857658], [-103.173847234255, 40.4017971085706], [-103.173493542375, 40.4013498904037], [-103.173412017568, 40.4013213974574], [-103.173367436875, 40.4012218741987], [-103.173161252856, 40.4010205218527], [-103.17234176384, 40.4003499942778], [-103.172102278375, 40.4000663803546], [-103.171933823598, 40.399766198979], [-103.171852680575, 40.3997296274599], [-103.171866522715, 40.3996303659126], [-103.17168670964, 40.3993120304607], [-103.170680131194, 40.3977649478503], [-103.170233399902, 40.3972809330192], [-103.169945429666, 40.3970600513053], [-103.169770427069, 40.3969670374234], [-103.169738109278, 40.3968945693002], [-103.169752534425, 40.3967773696802], [-103.169618526446, 40.3963800034971], [-103.169891669988, 40.3963810748576], [-103.174612383281, 40.3963829172419], [-103.176509387108, 40.3963894733385], [-103.176507504239, 40.396640695254], [-103.176603305971, 40.3970121422522], [-103.177516326676, 40.3989897372853], [-103.177688016287, 40.3996057449599], [-103.177688866991, 40.4000282471955], [-103.177644324028, 40.4003432162351], [-103.177569093716, 40.4005310152438], [-103.177538795338, 40.4007744510868], [-103.177448453567, 40.4010606896196], [-103.177162863866, 40.4016328634049], [-103.177110036639, 40.4018301326809], [-103.177087671284, 40.4022351536909], [-103.177105584589, 40.4024248211084], [-103.177194270765, 40.4026426937633], [-103.177693918218, 40.4033081008283], [-103.177817760861, 40.4035436715053], [-103.177929508588, 40.404203374191], [-103.177896647316, 40.4045633365908], [-103.17780944336, 40.4047151125194], [-103.177641603031, 40.4048473002726], [-103.177495395032, 40.4050167527968], [-103.177387101328, 40.4050775176611], [-103.177187477705, 40.4050834928368], [-103.176977324031, 40.40500859823], [-103.176670527802, 40.4050036552802], [-103.176422855092, 40.405017730305], [-103.176055236629, 40.4050833840729], [-103.175457366485, 40.4049929204724]]]}, "properties": {"OBJECTID": 1, "areasymbol": "CO121", "spatialver": 8, "musym": "2", "mukey": 94979, "TaxCl": "Fine-loamy, mixed, superactive, mesic Aridic Argiustolls", "TaxOrder": "Mollisols", "SubOrd": "Ustolls", "GrGrp": "Argiustolls", "SubGrp": "Aridic Argiustolls", "PartSz": "fine-loamy", "Sand": 84, "Silt": 9, "Clay": 7, "BRdep": null, "BD": 1.62, "CaCO3": 0, "CEC": 6.5, "EC": 0, "ECEC": null, "MoiReg": "Ustic", "MoiSub": "Aridic (torric)", "OrderSsa": "Order 2", "OM": 1.25, "ParMat": "wind-reworked alluvium and/or calcareous sandy eolian deposits", "pH": 7, "SAR": 0, "SurfTex": "Loamy sand", "Temp": "mesic", "EcoID": "R067BY024CO", "EcoName": "Sandy Plains", "muname": "Ascalon loamy sand, 0 to 3 percent slopes", "Sand_DCP_0_6_in": 84, "Silt_DCP_0_6_in": 9, "Clay_DCP_0_6_in": 7, "SurfText_DCP_SL": "Loamy sand", "ParMatNm_DCP": "wind-reworked alluvium and/or calcareous sandy eolian deposits", "Taxpartsiz_DCP": "fine-loamy", "TaxClName_DCP": "Fine-loamy, mixed, superactive, mesic Aridic Argiustolls", "OrgMatter_DCP_0_6_in": 1.25, "pHwater_DCP_0_6_in": 7, "BdSurf_DCP_0_6_in": 1.62, "SAR_DCP_0_6_in": 0, "CaC03_DCP_0_6_in": 0, "CEC7_DCP_0_6_in": 6.5, "EC_DCP_0_6_in": 0, "ECEC_DCP_0_6_in": null, "EcoSiteID_DCP": "R067BY024CO", "EcoSiteNm_DCP": "Sandy Plains", "TempRegime_DCP": "mesic", "MoistRegim_DCP": "Ustic", "MoistSubcl_DCP": "Aridic (torric)", "TaxOrder_DCP": "Mollisols", "TaxSuborer_DCP": "Ustolls", "TaxGrtgrp_DCP": "Argiustolls", "Taxsubgrp_DCP": "Aridic Argiustolls", "Dep2BedRS_DCP": null, "Sand_AllDepth": 65.69507389162561, "Silt_AllDepth": 18.472906403940886, "Clay_AllDepth": 15.832019704433497, "pH_AllDepth": 7, "OM_AllDepth": 0.30817733990147783, "BD_AllDepth": 1.5638423645320199, "CaCO3_AllDepth": 6.325123152709359, "EC_AllDepth": 0, "SAR_AllDepth": 0, "Ksat_AllDepth": 24.09470443349754, "AWC_AllDepth": 0.14896551724137932, "CEC_AllDepth": 9.812315270935962, "BaseSat_AllDepth": 459.19975902404735, "DrainageCl": "Well drained", "Shape__Area": 373959.70361328125, "Shape__Length": 2871.2443870079887, "station": "Eastern Colorado RC", "station_svc": "ECRC Soils"}}, {"type": "Feature", "id": 2, "geometry": {"type": "Polygon", "coordinates": [[[-103.214079629931, 40.4083438348356], [-103.213973449064, 40.4096847404697], [-103.213892719266, 40.410052830248], [-103.213562635112, 40.4100654192547], [-103.21324898294, 40.4098989110691], [-103.213057017456, 40.4095804182913], [-103.213038958623, 40.4093549475772], [-103.213121871327, 40.4089142175344], [-103.213390667023, 40.4085318064684], [-103.21365530352, 40.4083555404125], [-103.213855785033, 40.4083226022696], [-103.214079629931, 40.4083438348356]]]}, "properties": {"OBJECTID": 2, "areasymbol": "CO121", "spatialver": 8, "musym": "20", "mukey": 94980, "TaxCl": "Fine-loamy over sandy or sandy-skeletal, mixed, superactive, mesic Aridic Argiustolls", "TaxOrder": "Mollisols", "SubOrd": "Ustolls", "GrGrp": "Argiustolls", "SubGrp": "Aridic Argiustolls", "PartSz": "fine-loamy over sandy or sandy-skeletal", "Sand": 65.9, "Silt": 19.1, "Clay": 15, "BRdep": null, "BD": 1.43, "CaCO3": 0, "CEC": 15, "EC": 0, "ECEC": null, "MoiReg": "Ustic", "MoiSub": "Aridic (torric)", "OrderSsa": null, "OM": 3, "ParMat": "sandy alluvium derived from sandstone", "pH": 7.2, "SAR": 0, "SurfTex": "Gravelly sandy loam", "Temp": "mesic", "EcoID": "R067BY063CO", "EcoName": "Gravel Breaks", "muname": "Eckley-Orsa gravelly sandy loams, 5 to 15 percent slopes", "Sand_DCP_0_6_in": 65.9, "Silt_DCP_0_6_in": 19.1, "Clay_DCP_0_6_in": 15, "SurfText_DCP_SL": "Gravelly sandy loam", "ParMatNm_DCP": "sandy alluvium derived from sandstone", "Taxpartsiz_DCP": "fine-loamy over sandy or sandy-skeletal", "TaxClName_DCP": "Fine-loamy over sandy or sandy-skeletal, mixed, superactive, mesic Aridic Argiustolls", "OrgMatter_DCP_0_6_in": 3, "pHwater_DCP_0_6_in": 7.2, "BdSurf_DCP_0_6_in": 1.43, "SAR_DCP_0_6_in": 0, "CaC03_DCP_0_6_in": 0, "CEC7_DCP_0_6_in": 15, "EC_DCP_0_6_in": 0, "ECEC_DCP_0_6_in": null, "EcoSiteID_DCP": "R067BY063CO", "EcoSiteNm_DCP": "Gravel Breaks", "TempRegime_DCP": "mesic", "MoistRegim_DCP": "Ustic", "MoistSubcl_DCP": "Aridic (torric)", "TaxOrder_DCP": "Mollisols", "TaxSuborer_DCP": "Ustolls", "TaxGrtgrp_DCP": "Argiustolls", "Taxsubgrp_DCP": "Aridic Argiustolls", "Dep2BedRS_DCP": null, "Sand_AllDepth": 74.51052631578946, "Silt_AllDepth": 16.90394736842105, "Clay_AllDepth": 8.585526315789474, "pH_AllDepth": 7.2, "OM_AllDepth": 1.1085526315789473, "BD_AllDepth": 1.4813157894736844, "CaCO3_AllDepth": 2.0921052631578947, "EC_AllDepth": 0, "SAR_AllDepth": 0, "Ksat_AllDepth": 68.35526315789474, "AWC_AllDepth": 0.07500000000000001, "CEC_AllDepth": 7.092105263157895, "BaseSat_AllDepth": null, "DrainageCl": "Well drained", "Shape__Area": 12929.0146484375, "Shape__Length": 479.0425742643025, "station": "Eastern Colorado RC", "station_svc": "ECRC Soils"}}, {"type": "Feature", "id": 3, "geometry": {"type": "MultiPolygon", "coordinates": [[[[-103.202898109146, 40.4135756834673], [-103.202920823947, 40.4134230876106], [-103.202917615164, 40.4132970402515], [-103.202819462541, 40.4129982502501], [-103.202781167361, 40.4126548645882], [-103.20281919125, 40.4120877864308], [-103.20296468419, 40.4115226384864], [-103.202967016217, 40.4109916155273], [-103.203068833068, 40.4107136503919], [-103.203044145567, 40.410280858141], [-103.202965451352, 40.410162696868], [-103.202732139109, 40.4100596209932], [-103.20233135305, 40.4100448787553], [-103.202012921842, 40.4100666210413], [-103.201555613785, 40.4099879549316], [-103.201393335824, 40.4098682931297], [-103.201131925178, 40.4090980595797], [-103.20114801131, 40.4089270441058], [-103.201245643808, 40.4087845022644], [-103.201580769308, 40.4086096172107], [-103.201980932834, 40.4086064905826], [-103.202437226693, 40.4087577279685], [-103.202590085819, 40.4087606473337], [-103.202674963138, 40.4086806048308], [-103.202728820733, 40.4084116420617], [-103.202647809762, 40.4079050715726], [-103.202368072586, 40.4073426909606], [-103.202315411547, 40.4071165095677], [-103.202226206145, 40.4069532883788], [-103.202228638782, 40.4068358716466], [-103.202310181556, 40.406864345158], [-103.202596054225, 40.4071927144795], [-103.203161002013, 40.4076877946344], [-103.203541463688, 40.4079731651613], [-103.203785570087, 40.4081123289829], [-103.204521659512, 40.4083666659414], [-103.205108509124, 40.4084298724541], [-103.205215358337, 40.4084139266752], [-103.205229009136, 40.4083603278445], [-103.205160693157, 40.4082505280519], [-103.204954437273, 40.4075899587], [-103.204573442897, 40.4068632602837], [-103.204542465392, 40.4067101478096], [-103.20431972183, 40.4061928634155], [-103.203713288046, 40.4050752671369], [-103.203614857844, 40.4047854482405], [-103.203308155039, 40.4043571073349], [-103.202838753862, 40.403863740883], [-103.202759736253, 40.4037187407383], [-103.202621830484, 40.4035806808063], [-103.201801085623, 40.4025236475676], [-103.201491397717, 40.4022306565568], [-103.201213779667, 40.4020190959521], [-103.200935635204, 40.4018612789683], [-103.200269986273, 40.401607387394], [-103.200106721063, 40.4015602956387], [-103.19990640484, 40.4015475463333], [-103.199584675017, 40.401677796823], [-103.199404748754, 40.4018196580026], [-103.198662106119, 40.4026910003612], [-103.198542508015, 40.4027694376263], [-103.198513896674, 40.4027533331694], [-103.198458712267, 40.400009276382], [-103.19842637112, 40.3984008738768], [-103.198825998353, 40.3987926929688], [-103.199465907855, 40.3995234360713], [-103.199938969667, 40.3999002188998], [-103.2003562461, 40.4001494759784], [-103.200962184912, 40.4004022955976], [-103.201267535752, 40.4004520260407], [-103.201456960801, 40.4004277932716], [-103.201815209834, 40.4006589260439], [-103.202176836533, 40.4008173499007], [-103.202527622364, 40.4009038753206], [-103.202858565307, 40.400900218163], [-103.20309784955, 40.4007325838595], [-103.203376657868, 40.4004489982278], [-103.203699277022, 40.3998325638634], [-103.203882085979, 40.3996368163408], [-103.203953389755, 40.3996112629547], [-103.204093631144, 40.3996310137603], [-103.204371817828, 40.3998246310022], [-103.204619097974, 40.4002429287598], [-103.204673185538, 40.4004242653825], [-103.204979355641, 40.400906346262], [-103.206043634674, 40.4016253795156], [-103.206261569555, 40.4018358605068], [-103.206500672338, 40.4021731549177], [-103.206623274408, 40.4024544306847], [-103.206698687077, 40.4027169130853], [-103.20681808845, 40.4035203051922], [-103.20678648482, 40.4043036680793], [-103.206627957325, 40.4049044808594], [-103.206627930376, 40.4053637488417], [-103.206659286969, 40.4055087823812], [-103.206771004153, 40.4057530778506], [-103.207366140723, 40.406393240587], [-103.207455208684, 40.4066021238145], [-103.207782982371, 40.4071205713329], [-103.208047276609, 40.4073767486505], [-103.208199895885, 40.4074244389637], [-103.208282488788, 40.4074161430952], [-103.208325220748, 40.4075793269084], [-103.208461633517, 40.4077613346313], [-103.209175219246, 40.4083938357544], [-103.209641512253, 40.4090323939956], [-103.209730214599, 40.4092493546855], [-103.209694191257, 40.4097178434747], [-103.209722475612, 40.4099973400949], [-103.209899691658, 40.410441121188], [-103.210125147235, 40.4107962014108], [-103.210708179906, 40.4114809140572], [-103.211034342914, 40.4120889745017], [-103.211226541961, 40.4123626933061], [-103.211427655888, 40.4128068999626], [-103.2117658141, 40.4133802549677], [-103.212087014815, 40.413727180535], [-103.212353052683, 40.4139295379095], [-103.212467308506, 40.414057302872], [-103.212564367879, 40.4143919616324], [-103.212616635455, 40.4144812498772], [-103.212564695764, 40.4144811801138], [-103.207996676306, 40.4144749253512], [-103.203369305157, 40.4145035228461], [-103.203115585887, 40.4145050856812], [-103.203029995305, 40.4143613614683], [-103.202954014001, 40.4141168120347], [-103.202898109146, 40.4135756834673]]], [[[-103.183539211754, 40.3906080118481], [-103.183818333584, 40.3907290995435], [-103.184230172515, 40.3907719130757], [-103.184728487766, 40.3906441853301], [-103.184932666745, 40.3904946984783], [-103.185103816468, 40.390253988953], [-103.185230663077, 40.3899047898884], [-103.185415471684, 40.3896104829682], [-103.185579760075, 40.3892072292753], [-103.18560072855, 40.3888479428786], [-103.185547846526, 40.3886307248523], [-103.185737531188, 40.3885975485294], [-103.185882341409, 40.3884738213915], [-103.186260147664, 40.3880020133743], [-103.18633476802, 40.3878321464892], [-103.186567189134, 40.3875020043178], [-103.186894906227, 40.3871834452563], [-103.187157197222, 40.3870431803445], [-103.187453950287, 40.3869492952807], [-103.18760871923, 40.3869243699963], [-103.187961337624, 40.3869472651581], [-103.188135154445, 40.3870403202499], [-103.188399591515, 40.3872875667694], [-103.188578302357, 40.3876417523669], [-103.18859599288, 40.3878761914149], [-103.188663079066, 40.3879860654933], [-103.188830861903, 40.388763425191], [-103.188832441141, 40.3891688771762], [-103.188911521632, 40.3897283724263], [-103.188924141165, 40.3901251388183], [-103.189008870263, 40.3905043716701], [-103.189216899421, 40.3910663722846], [-103.189756467107, 40.3920562174435], [-103.190328933793, 40.3926869880732], [-103.190543645519, 40.3928747017069], [-103.189509843629, 40.3928787007033], [-103.188878908296, 40.3927006264324], [-103.188588603339, 40.3925515368632], [-103.188663795921, 40.3923637320169], [-103.188637034211, 40.3920393892956], [-103.188528950712, 40.3916767046041], [-103.188512693901, 40.3913974220072], [-103.188530280219, 40.3912173733499], [-103.188753721773, 40.3907982128524], [-103.188760352238, 40.390509569522], [-103.188706151487, 40.3903738936201], [-103.18857991124, 40.3902091956981], [-103.188168095666, 40.389788607147], [-103.188005311953, 40.3896868657489], [-103.187853444568, 40.3896579121851], [-103.187824967075, 40.3893873818329], [-103.187767485677, 40.3893136643951], [-103.187559376568, 40.389176009397], [-103.187338092768, 40.3890731210174], [-103.187198074161, 40.3890434918718], [-103.187009534851, 40.3890407967575], [-103.186867598341, 40.3890748383909], [-103.186662814796, 40.3892064581693], [-103.186481458414, 40.389393142191], [-103.185992635661, 40.3900521070748], [-103.185817181211, 40.3904273487224], [-103.185821776992, 40.3906974479588], [-103.185925447068, 40.3907801761014], [-103.18619419695, 40.3908928978473], [-103.186239075883, 40.3909834481302], [-103.186243099437, 40.3912714839211], [-103.186459726371, 40.3919780283704], [-103.186662890254, 40.3923147112514], [-103.187004268028, 40.3927339437267], [-103.187187293479, 40.3928876503809], [-103.184057371688, 40.3928996371043], [-103.183790656491, 40.3929006544705], [-103.183224360332, 40.39222481273], [-103.182998522073, 40.391887625156], [-103.182832306796, 40.3914799029822], [-103.18281434588, 40.3912544311627], [-103.183086796821, 40.3907537134793], [-103.18323107434, 40.3906837339323], [-103.183539211754, 40.3906080118481]]]]}, "properties": {"OBJECTID": 3, "areasymbol": "CO121", "spatialver": 8, "musym": "23", "mukey": 94983, "TaxCl": "Coarse-loamy, mixed, superactive, calcareous, mesic Ustic Torrifluvents", "TaxOrder": "Entisols", "SubOrd": "Fluvents", "GrGrp": "Torrifluvents", "SubGrp": "Ustic Torrifluvents", "PartSz": "coarse-loamy", "Sand": 65.9, "Silt": 19.1, "Clay": 15, "BRdep": null, "BD": 1.48, "CaCO3": 3, "CEC": 10, "EC": 0, "ECEC": null, "MoiReg": "Aridic (torric)", "MoiSub": "Ustic", "OrderSsa": null, "OM": 0.75, "ParMat": "stratified, various rock alluvium", "pH": 7.9, "SAR": 0, "SurfTex": "Sandy loam", "Temp": "mesic", "EcoID": "R067BY031CO", "EcoName": "Sandy Bottomland", "muname": "Glenberg sandy loam", "Sand_DCP_0_6_in": 65.9, "Silt_DCP_0_6_in": 19.1, "Clay_DCP_0_6_in": 15, "SurfText_DCP_SL": "Sandy loam", "ParMatNm_DCP": "stratified, various rock alluvium", "Taxpartsiz_DCP": "coarse-loamy", "TaxClName_DCP": "Coarse-loamy, mixed, superactive, calcareous, mesic Ustic Torrifluvents", "OrgMatter_DCP_0_6_in": 0.75, "pHwater_DCP_0_6_in": 7.9, "BdSurf_DCP_0_6_in": 1.48, "SAR_DCP_0_6_in": 0, "CaC03_DCP_0_6_in": 3, "CEC7_DCP_0_6_in": 10, "EC_DCP_0_6_in": 0, "ECEC_DCP_0_6_in": null, "EcoSiteID_DCP": "R067BY031CO", "EcoSiteNm_DCP": "Sandy Bottomland", "TempRegime_DCP": "mesic", "MoistRegim_DCP": "Aridic (torric)", "MoistSubcl_DCP": "Ustic", "TaxOrder_DCP": "Entisols", "TaxSuborer_DCP": "Fluvents", "TaxGrtgrp_DCP": "Torrifluvents", "Taxsubgrp_DCP": "Ustic Torrifluvents", "Dep2BedRS_DCP": null, "Sand_AllDepth": 69.89473684210526, "Silt_AllDepth": 16.842105263157894, "Clay_AllDepth": 13.263157894736842, "pH_AllDepth": 7.9, "OM_AllDepth": 0.75, "BD_AllDepth": 1.4799999999999998, "CaCO3_AllDepth": 5.605263157894737, "EC_AllDepth": 1, "SAR_AllDepth": 0, "Ksat_AllDepth": 28, "AWC_AllDepth": 0.10131578947368422, "CEC_AllDepth": 9.131578947368421, "BaseSat_AllDepth": null, "DrainageCl": "Well drained", "Shape__Area": 980535.2390136719, "Shape__Length": 9485.809728328913, "station": "Eastern Colorado RC", "station_svc": "ECRC Soils"}}, {"type": "Feature", "id": 4, "geometry": {"type": "MultiPolygon", "coordinates": [[[[-103.188088129436, 40.4145786770486], [-103.187183595115, 40.41457155641], [-103.187162852117, 40.4145097550356], [-103.186902787147, 40.4140823022394], [-103.186640553645, 40.4137632964544], [-103.186495600592, 40.4134725327962], [-103.186442085256, 40.4132374414481], [-103.186485252, 40.4129682020997], [-103.186607662729, 40.412799196393], [-103.18679814779, 40.4127024129989], [-103.186998781119, 40.4127062138335], [-103.187080233162, 40.4127338080091], [-103.18736893283, 40.4129725227362], [-103.1875745563, 40.4136519528814], [-103.187868975541, 40.4140890864223], [-103.188088129436, 40.4145786770486]]], [[[-103.195173460086, 40.4145522039456], [-103.193914141533, 40.4145593307418], [-103.192032374032, 40.4145699559591], [-103.192409708672, 40.4144124823382], [-103.192591401023, 40.4142168175679], [-103.192599006161, 40.4139379601916], [-103.192566529368, 40.4138287994272], [-103.192464251681, 40.4137012310121], [-103.192232660611, 40.4135443216802], [-103.192026101995, 40.4133519688838], [-103.19196954676, 40.413252234968], [-103.191886729277, 40.4128451360019], [-103.19179807544, 40.4126281622813], [-103.191661319514, 40.4124542140019], [-103.191491943964, 40.4121460463394], [-103.191495580344, 40.412028561377], [-103.191592986467, 40.4119308028867], [-103.191809154362, 40.4117815192436], [-103.191950562663, 40.4117654087352], [-103.192114796256, 40.4117864945268], [-103.192406242972, 40.4118988117548], [-103.192891445515, 40.4118523769816], [-103.193693085905, 40.4118470015742], [-103.194254678484, 40.4119904794531], [-103.194464102726, 40.4120931419835], [-103.194591122711, 40.4121942305248], [-103.194761004911, 40.4124128423975], [-103.194872779587, 40.4126580409583], [-103.194946770224, 40.4130011837948], [-103.194926751267, 40.4132986523602], [-103.194865366689, 40.4133871992692], [-103.194424575956, 40.4135430180451], [-103.193897983536, 40.4138406962431], [-103.193814274925, 40.4139206655807], [-103.193798898462, 40.4140280773131], [-103.193876852466, 40.4142098487294], [-103.194014959457, 40.4143380604667], [-103.194143987177, 40.4143763688192], [-103.194721706312, 40.4143488293497], [-103.194908685249, 40.4144062159419], [-103.195173460086, 40.4145522039456]]], [[[-103.201992389948, 40.414511995669], [-103.200621320076, 40.4145204171942], [-103.200670569313, 40.4144511469887], [-103.200709971218, 40.4142984970329], [-103.20075789005, 40.4142536869446], [-103.200798432815, 40.4140651615562], [-103.200789981465, 40.4134980501419], [-103.200841325573, 40.4133456134732], [-103.200973075188, 40.413257529555], [-103.201056379557, 40.4132679983494], [-103.20113621643, 40.4133502863279], [-103.201748535077, 40.4142428564903], [-103.201840601614, 40.4143163900082], [-103.201992389948, 40.414511995669]]], [[[-103.179378430056, 40.4099223504079], [-103.179375445852, 40.4089447654548], [-103.179557286425, 40.4089675060673], [-103.179769724515, 40.4089348384082], [-103.179891602543, 40.4088195838745], [-103.180147969149, 40.408454073614], [-103.1802446135, 40.4083841206716], [-103.180363607936, 40.4083585548736], [-103.180479492404, 40.4083967284588], [-103.180572713276, 40.4084702088557], [-103.180650504685, 40.4086152904226], [-103.180703675967, 40.4088235443031], [-103.180701559536, 40.4097958956663], [-103.180801343499, 40.4100408903545], [-103.181038304698, 40.4104052080004], [-103.181161107991, 40.4106775403598], [-103.181502343831, 40.4111066522529], [-103.181864910168, 40.4116527226176], [-103.181998221055, 40.4119701146401], [-103.181981420762, 40.4121581760053], [-103.181919537619, 40.4122655447246], [-103.181847724498, 40.4123099136042], [-103.181563917056, 40.4123323206672], [-103.181307445347, 40.4122475315079], [-103.181215114706, 40.4121829544695], [-103.18107838573, 40.4120089940955], [-103.180968927809, 40.4116562252948], [-103.180901057394, 40.411574141808], [-103.180745596748, 40.4112025029309], [-103.180231044448, 40.4106265773909], [-103.179714284089, 40.410123287615], [-103.179378430056, 40.4099223504079]]], [[[-103.169795464913, 40.4066819423742], [-103.169924151272, 40.4069508607533], [-103.170133737211, 40.4072516352926], [-103.169788792227, 40.4072519123239], [-103.169795464913, 40.4066819423742]]], [[[-103.171186099193, 40.4056106585715], [-103.171075278528, 40.4049240419978], [-103.1711084596, 40.4041406206609], [-103.171156478145, 40.4040967136083], [-103.171244736723, 40.4038723689594], [-103.171305879655, 40.4038286108576], [-103.171399607177, 40.4038125449616], [-103.171481361054, 40.4038669881263], [-103.171558352064, 40.4040398716294], [-103.171616894373, 40.4040768320893], [-103.171781883449, 40.4040701467699], [-103.172079505184, 40.4039485016134], [-103.172255395317, 40.404014605852], [-103.172342883141, 40.4042325492919], [-103.172339445288, 40.4043759818392], [-103.172396055321, 40.4044766127099], [-103.172488668932, 40.4049467210362], [-103.172755642844, 40.4055268863276], [-103.172757708969, 40.4059144057874], [-103.172972848293, 40.4071161230913], [-103.172980840604, 40.4072493075459], [-103.171328828017, 40.4072506667092], [-103.171281288274, 40.4068997595242], [-103.171295506808, 40.4063779263754], [-103.171262281719, 40.4058820636183], [-103.171186099193, 40.4056106585715]]], [[[-103.173412017568, 40.4013213974574], [-103.173493542375, 40.4013498904037], [-103.173847234255, 40.4017971085706], [-103.174476183413, 40.4029421857658], [-103.174713578498, 40.4032876861873], [-103.175079803673, 40.403717180389], [-103.175333213025, 40.4043518257288], [-103.17543008465, 40.4046865094967], [-103.175457366485, 40.4049929204724], [-103.175420543644, 40.4054793362673], [-103.175352913079, 40.4058018822515], [-103.175136269077, 40.4063844568734], [-103.17515478605, 40.4065919953162], [-103.175276695519, 40.4068912385447], [-103.175401370002, 40.4070640964954], [-103.175613649989, 40.4072470926638], [-103.174579524705, 40.4072479695875], [-103.174305715511, 40.4072482007889], [-103.174070045192, 40.407052004901], [-103.173889715585, 40.4067524976666], [-103.173881151047, 40.4066437657643], [-103.173949564942, 40.4062934238502], [-103.174135010455, 40.4059453853311], [-103.174163390031, 40.4057656204626], [-103.173913073579, 40.4050314256788], [-103.173863071553, 40.4046887066777], [-103.173830379165, 40.4041390986286], [-103.17372264062, 40.4037674310076], [-103.173545695865, 40.4033594100045], [-103.17341838303, 40.4028169690787], [-103.173368611872, 40.4016004911311], [-103.173412017568, 40.4013213974574]]], [[[-103.178213470541, 40.4072448470003], [-103.177689794052, 40.4072453046149], [-103.177697058728, 40.4071368512245], [-103.177820831303, 40.4069221198224], [-103.177903229272, 40.4069237040385], [-103.177984185446, 40.4069701299], [-103.1781216726, 40.4071162954666], [-103.178213160622, 40.4072435911251], [-103.178213470541, 40.4072448470003]]], [[[-103.166345300909, 40.4016331356707], [-103.166689231696, 40.4015572172532], [-103.166769885137, 40.4016126199612], [-103.166859291762, 40.4017668967116], [-103.167158168444, 40.4020605758738], [-103.167481391266, 40.4023000549505], [-103.167563810795, 40.4023374521233], [-103.167716563919, 40.4023395235107], [-103.167790401842, 40.4022323824877], [-103.168059050215, 40.4023084444842], [-103.168337122812, 40.4024663343], [-103.168501645663, 40.4025142887253], [-103.168624848706, 40.4027319969129], [-103.168734495273, 40.4030399976729], [-103.168910242574, 40.4036569909628], [-103.167263966628, 40.4036693102764], [-103.167108987478, 40.4034554468372], [-103.166828968231, 40.4029109264225], [-103.166679282854, 40.402773501022], [-103.166555706112, 40.4025638684797], [-103.16642364029, 40.4022105884171], [-103.166345300909, 40.4016331356707]]], [[[-103.191218810304, 40.3880437318308], [-103.191443979318, 40.3879843542502], [-103.191690443794, 40.3880061228199], [-103.19188789529, 40.3881443802719], [-103.191973458024, 40.3884608958165], [-103.192150184488, 40.3888778574277], [-103.192144298727, 40.3891028965715], [-103.192015286279, 40.3895247421896], [-103.191915943388, 40.3897210870019], [-103.191783940449, 40.389818129913], [-103.19167777665, 40.3898170160273], [-103.191295129373, 40.3895675551191], [-103.1909452733, 40.3894540928938], [-103.190266245759, 40.3892904443536], [-103.190052066734, 40.3891871565695], [-103.190034167802, 40.3891514708321], [-103.19004430529, 40.3890747987065], [-103.190093737784, 40.3889860398649], [-103.190582218279, 40.3884658392967], [-103.190823338678, 40.3882811150492], [-103.191218810304, 40.3880437318308]]], [[[-103.179245468614, 40.3892457476158], [-103.179227030693, 40.3881072126406], [-103.179584070594, 40.388275320385], [-103.179906984396, 40.3885237344365], [-103.179987665685, 40.3886149358586], [-103.180028882187, 40.3888229704018], [-103.179943172129, 40.3889657105131], [-103.179775341681, 40.3890620921949], [-103.179747846047, 40.3892149499136], [-103.179687129815, 40.3892864403548], [-103.179449688915, 40.3893187426022], [-103.179245468614, 40.3892457476158]]], [[[-103.185038790119, 40.3856499269826], [-103.185033493652, 40.3856360456562], [-103.185680361505, 40.3856317882685], [-103.1863806351, 40.3861482891325], [-103.186539676431, 40.3863666243181], [-103.186649912293, 40.3866208621123], [-103.186643147979, 40.3868728074442], [-103.186534154487, 40.3869971827556], [-103.186332823168, 40.3870211767714], [-103.186100310426, 40.3869368305869], [-103.185893520942, 40.3867176323748], [-103.185799120583, 40.3863013512099], [-103.18571987031, 40.3861653103402], [-103.185432183942, 40.385935495619], [-103.185261119559, 40.3857160526091], [-103.185038790119, 40.3856499269826]]], [[[-103.183468373306, 40.3862289872451], [-103.183434771823, 40.3861557001598], [-103.182926652359, 40.3857602720329], [-103.182836440843, 40.3856504784859], [-103.183753141048, 40.3856444618992], [-103.183951281552, 40.3857950727845], [-103.184300568992, 40.3859623002037], [-103.184322142932, 40.3860344817621], [-103.184437740837, 40.3861174263794], [-103.184583779055, 40.3863723124052], [-103.184578731421, 40.3865704461107], [-103.184505799, 40.3866506907525], [-103.18439955076, 40.3866486811479], [-103.184201002421, 40.3865820945765], [-103.183932361235, 40.3864702592316], [-103.183585605247, 40.3862572306721], [-103.183468373306, 40.3862289872451]]], [[[-103.205529030272, 40.378269195019], [-103.207490531339, 40.3782729362087], [-103.208777327559, 40.3782753730802], [-103.208778651676, 40.3783359862082], [-103.208681228485, 40.3789512110939], [-103.208597051851, 40.3792380207304], [-103.20859656766, 40.3794099355329], [-103.208658535244, 40.3797752366937], [-103.208768371356, 40.3799659185622], [-103.208996096975, 40.3801677725068], [-103.209224894285, 40.3802388592322], [-103.209643749058, 40.3802453758423], [-103.210148710943, 40.3801726673258], [-103.210414246653, 40.3802300146248], [-103.210654883758, 40.3803827849523], [-103.210677522202, 40.3805005605449], [-103.210640529578, 40.3806530750157], [-103.210543522307, 40.3807776835238], [-103.210540163507, 40.3809211147159], [-103.210425059674, 40.3812437112933], [-103.210206841824, 40.3814656637938], [-103.209503534618, 40.3818155888461], [-103.209182341988, 40.3818912277528], [-103.209041565204, 40.3818894198705], [-103.208879101291, 40.3818145453096], [-103.208693571337, 40.3816765287354], [-103.208579659569, 40.3815397935518], [-103.208440753077, 40.3809792455795], [-103.208271667682, 40.3807328613848], [-103.207879066174, 40.3804204563853], [-103.207484613238, 40.3802075298143], [-103.207053216187, 40.3800298360439], [-103.206728539891, 40.3798353037645], [-103.206224037942, 40.3793233790716], [-103.205997516065, 40.3789683661931], [-103.205711453851, 40.378648979807], [-103.205529030272, 40.378269195019]]], [[[-103.213245954719, 40.3782837211263], [-103.215227235791, 40.3782873671945], [-103.215319144224, 40.3783562051709], [-103.215664023631, 40.3786677335506], [-103.215751148536, 40.3789751949738], [-103.215695328122, 40.3792711325478], [-103.21549246787, 40.3793856828735], [-103.215159973536, 40.3794789940788], [-103.215010528907, 40.3793326576516], [-103.214602707242, 40.3791643845667], [-103.214080399787, 40.3788773173139], [-103.213245954719, 40.3782837211263]]], [[[-103.193608642471, 40.3710410659914], [-103.197527168301, 40.3710196259245], [-103.198030020942, 40.3714663358076], [-103.19799803463, 40.3730129857359], [-103.19770116209, 40.3733352971554], [-103.197377597908, 40.3735641276229], [-103.197067636914, 40.3737035535064], [-103.196559440195, 40.3737674427107], [-103.196325201789, 40.3737011219445], [-103.196059971507, 40.3735166063181], [-103.19541742994, 40.3728397365003], [-103.195290192563, 40.3727476199215], [-103.19517689165, 40.3725929372335], [-103.195027542242, 40.3724823851477], [-103.194643738834, 40.3718194110183], [-103.193984883862, 40.3713583209696], [-103.193903386004, 40.3713298433933], [-103.193608642471, 40.3710410659914]]]]}, "properties": {"OBJECTID": 4, "areasymbol": "CO121", "spatialver": 8, "musym": "27", "mukey": 94987, "TaxCl": "Fine-loamy, mixed, superactive, mesic Pachic Argiustolls", "TaxOrder": "Mollisols", "SubOrd": "Ustolls", "GrGrp": "Argiustolls", "SubGrp": "Pachic Argiustolls", "PartSz": "fine-loamy", "Sand": 85, "Silt": 7, "Clay": 8, "BRdep": null, "BD": 1.53, "CaCO3": 0, "CEC": 7.5, "EC": 1, "ECEC": null, "MoiReg": "Ustic", "MoiSub": "Aridic (torric)", "OrderSsa": "Order 2", "OM": 2, "ParMat": "eolian deposits", "pH": 7, "SAR": 0, "SurfTex": "Loamy sand", "Temp": "mesic", "EcoID": "R067BY024CO", "EcoName": "Sandy Plains", "muname": "Haxtun loamy sand, 0 to 3 percent slopes", "Sand_DCP_0_6_in": 85, "Silt_DCP_0_6_in": 7, "Clay_DCP_0_6_in": 8, "SurfText_DCP_SL": "Loamy sand", "ParMatNm_DCP": "eolian deposits", "Taxpartsiz_DCP": "fine-loamy", "TaxClName_DCP": "Fine-loamy, mixed, superactive, mesic Pachic Argiustolls", "OrgMatter_DCP_0_6_in": 2, "pHwater_DCP_0_6_in": 7, "BdSurf_DCP_0_6_in": 1.53, "SAR_DCP_0_6_in": 0, "CaC03_DCP_0_6_in": 0, "CEC7_DCP_0_6_in": 7.5, "EC_DCP_0_6_in": 1, "ECEC_DCP_0_6_in": null, "EcoSiteID_DCP": "R067BY024CO", "EcoSiteNm_DCP": "Sandy Plains", "TempRegime_DCP": "mesic", "MoistRegim_DCP": "Ustic", "MoistSubcl_DCP": "Aridic (torric)", "TaxOrder_DCP": "Mollisols", "TaxSuborer_DCP": "Ustolls", "TaxGrtgrp_DCP": "Argiustolls", "Taxsubgrp_DCP": "Pachic Argiustolls", "Dep2BedRS_DCP": null, "Sand_AllDepth": 50.86, "Silt_AllDepth": 30.85, "Clay_AllDepth": 18.29, "pH_AllDepth": 7, "OM_AllDepth": 0.9734999999999999, "BD_AllDepth": 1.4134999999999998, "CaCO3_AllDepth": 5.9, "EC_AllDepth": 1, "SAR_AllDepth": 0, "Ksat_AllDepth": 11.88, "AWC_AllDepth": 0.1405, "CEC_AllDepth": 12.880999999999998, "BaseSat_AllDepth": 101.55267448179492, "DrainageCl": "Well drained", "Shape__Area": 473984.3837890625, "Shape__Length": 11793.918442067976, "station": "Eastern Colorado RC", "station_svc": "ECRC Soils"}}, {"type": "Feature", "id": 5, "geometry": {"type": "MultiPolygon", "coordinates": [[[[-103.195860571565, 40.4145483095136], [-103.195268691387, 40.4145516643062], [-103.195281695399, 40.414547005898], [-103.195366873654, 40.4144579988458], [-103.195449851037, 40.414441633179], [-103.195673709409, 40.4144628980122], [-103.195859831353, 40.4145471905654], [-103.195860571565, 40.4145483095136]]], [[[-103.19514205139, 40.4071680689315], [-103.198602810124, 40.4071741930398], [-103.198585248958, 40.4063010118783], [-103.198681079436, 40.4064293836996], [-103.199253981805, 40.407015342944], [-103.199354592219, 40.407232525605], [-103.19904778521, 40.4072276348046], [-103.198882263432, 40.4072881008051], [-103.198701422684, 40.4074210598749], [-103.198567965372, 40.4075629554646], [-103.198395677484, 40.4078395621496], [-103.198106797255, 40.4085194121192], [-103.197908142016, 40.4088771981698], [-103.197679239604, 40.4090889909872], [-103.197618482049, 40.4091246832583], [-103.197476992002, 40.4091399099759], [-103.197290114575, 40.4090834169965], [-103.197133473543, 40.4087834824022], [-103.197007598012, 40.4086465204402], [-103.196752420776, 40.4084802221568], [-103.196320879096, 40.408302488065], [-103.195938115039, 40.4080530388687], [-103.19574709009, 40.4077076135247], [-103.195599055816, 40.4075164082555], [-103.19514205139, 40.4071680689315]]]]}, "properties": {"OBJECTID": 5, "areasymbol": "CO121", "spatialver": 8, "musym": "30", "mukey": 94991, "TaxCl": "Coarse-loamy, mixed, superactive, mesic Aridic Argiustolls", "TaxOrder": "Mollisols", "SubOrd": "Ustolls", "GrGrp": "Argiustolls", "SubGrp": "Aridic Argiustolls", "PartSz": "coarse-loamy", "Sand": 76.5, "Silt": 16.4, "Clay": 7.1, "BRdep": null, "BD": 1.57, "CaCO3": 0, "CEC": 6.7, "EC": 0.1, "ECEC": null, "MoiReg": "Ustic", "MoiSub": "Aridic (torric)", "OrderSsa": "Order 2", "OM": 2.8, "ParMat": "wind reworked eolian sands", "pH": 7, "SAR": 0, "SurfTex": "Loamy sand", "Temp": "mesic", "EcoID": "R072XY111KS", "EcoName": "Sandy Plains", "muname": "Julesburg loamy sand, 0 to 3 percent slopes", "Sand_DCP_0_6_in": 76.5, "Silt_DCP_0_6_in": 16.4, "Clay_DCP_0_6_in": 7.1, "SurfText_DCP_SL": "Loamy sand", "ParMatNm_DCP": "wind reworked eolian sands", "Taxpartsiz_DCP": "coarse-loamy", "TaxClName_DCP": "Coarse-loamy, mixed, superactive, mesic Aridic Argiustolls", "OrgMatter_DCP_0_6_in": 2.8, "pHwater_DCP_0_6_in": 7, "BdSurf_DCP_0_6_in": 1.57, "SAR_DCP_0_6_in": 0, "CaC03_DCP_0_6_in": 0, "CEC7_DCP_0_6_in": 6.7, "EC_DCP_0_6_in": 0.1, "ECEC_DCP_0_6_in": null, "EcoSiteID_DCP": "R072XY111KS", "EcoSiteNm_DCP": "Sandy Plains", "TempRegime_DCP": "mesic", "MoistRegim_DCP": "Ustic", "MoistSubcl_DCP": "Aridic (torric)", "TaxOrder_DCP": "Mollisols", "TaxSuborer_DCP": "Ustolls", "TaxGrtgrp_DCP": "Argiustolls", "Taxsubgrp_DCP": "Aridic Argiustolls", "Dep2BedRS_DCP": null, "Sand_AllDepth": 82.3152709359606, "Silt_AllDepth": 10.886699507389162, "Clay_AllDepth": 6.798029556650246, "pH_AllDepth": 7, "OM_AllDepth": 1.1379310344827587, "BD_AllDepth": 1.5954679802955665, "CaCO3_AllDepth": 0, "EC_AllDepth": 0.1, "SAR_AllDepth": 0, "Ksat_AllDepth": 121.82556650246306, "AWC_AllDepth": 0.07280788177339902, "CEC_AllDepth": 6.219211822660099, "BaseSat_AllDepth": 98.78811881188119, "DrainageCl": "Well drained", "Shape__Area": 41062.927734375, "Shape__Length": 1215.8392773217042, "station": "Eastern Colorado RC", "station_svc": "ECRC Soils"}}, {"type": "Feature", "id": 6, "geometry": {"type": "Polygon", "coordinates": [[[-103.179250387788, 40.3895494318284], [-103.17983436369, 40.390369351905], [-103.180148573715, 40.3909333836487], [-103.18043402777, 40.3913065739742], [-103.180702709379, 40.3917970979827], [-103.180909299437, 40.3920261661014], [-103.18102087289, 40.3922346751912], [-103.181329692125, 40.3925913169654], [-103.181727634118, 40.3929085053625], [-103.179304943374, 40.3929176780768], [-103.179250387788, 40.3895494318284]]]}, "properties": {"OBJECTID": 6, "areasymbol": "CO121", "spatialver": 8, "musym": "31", "mukey": 94992, "TaxCl": "Coarse-loamy, mixed, superactive, mesic Aridic Argiustolls", "TaxOrder": "Mollisols", "SubOrd": "Ustolls", "GrGrp": "Argiustolls", "SubGrp": "Aridic Argiustolls", "PartSz": "coarse-loamy", "Sand": 78, "Silt": 16, "Clay": 6, "BRdep": null, "BD": 1.58, "CaCO3": 0, "CEC": 5.9, "EC": 0.1, "ECEC": null, "MoiReg": "Ustic", "MoiSub": "Aridic (torric)", "OrderSsa": "Order 2", "OM": 3, "ParMat": "wind reworked eolian sands", "pH": 7, "SAR": 0, "SurfTex": "Loamy sand", "Temp": "mesic", "EcoID": "R072XY111KS", "EcoName": "Sandy Plains", "muname": "Julesburg loamy sand, 3 to 9 percent slopes", "Sand_DCP_0_6_in": 78, "Silt_DCP_0_6_in": 16, "Clay_DCP_0_6_in": 6, "SurfText_DCP_SL": "Loamy sand", "ParMatNm_DCP": "wind reworked eolian sands", "Taxpartsiz_DCP": "coarse-loamy", "TaxClName_DCP": "Coarse-loamy, mixed, superactive, mesic Aridic Argiustolls", "OrgMatter_DCP_0_6_in": 3, "pHwater_DCP_0_6_in": 7, "BdSurf_DCP_0_6_in": 1.58, "SAR_DCP_0_6_in": 0, "CaC03_DCP_0_6_in": 0, "CEC7_DCP_0_6_in": 5.9, "EC_DCP_0_6_in": 0.1, "ECEC_DCP_0_6_in": null, "EcoSiteID_DCP": "R072XY111KS", "EcoSiteNm_DCP": "Sandy Plains", "TempRegime_DCP": "mesic", "MoistRegim_DCP": "Ustic", "MoistSubcl_DCP": "Aridic (torric)", "TaxOrder_DCP": "Mollisols", "TaxSuborer_DCP": "Ustolls", "TaxGrtgrp_DCP": "Argiustolls", "Taxsubgrp_DCP": "Aridic Argiustolls", "Dep2BedRS_DCP": null, "Sand_AllDepth": 85.72906403940887, "Silt_AllDepth": 8.921182266009852, "Clay_AllDepth": 5.349753694581281, "pH_AllDepth": 7, "OM_AllDepth": 1.104679802955665, "BD_AllDepth": 1.6082758620689652, "CaCO3_AllDepth": 0, "EC_AllDepth": 0.1, "SAR_AllDepth": 0, "Ksat_AllDepth": 144.1645566502463, "AWC_AllDepth": 0.06339901477832513, "CEC_AllDepth": 5.010837438423645, "BaseSat_AllDepth": 98.36806920959495, "DrainageCl": "Well drained", "Shape__Area": 35206.79736328125, "Shape__Length": 1010.6566659344992, "station": "Eastern Colorado RC", "station_svc": "ECRC Soils"}}, {"type": "Feature", "id": 7, "geometry": {"type": "Polygon", "coordinates": [[[-103.198551813663, 40.4145330176763], [-103.19823119326, 40.414534842465], [-103.197843395044, 40.4144064026617], [-103.197737195313, 40.4144052926026], [-103.197210697216, 40.4142437128042], [-103.19696471244, 40.4142040166272], [-103.196329199292, 40.4141668202915], [-103.196189659488, 40.4140834547093], [-103.196077433858, 40.4138928933781], [-103.196048097575, 40.4136850758216], [-103.196126922047, 40.4133797789276], [-103.196133082693, 40.4131457665568], [-103.195845161865, 40.4120063997614], [-103.195855768273, 40.4115921873521], [-103.195962053344, 40.4115941886884], [-103.196614890502, 40.4118739080174], [-103.197118060249, 40.412017121823], [-103.197880537686, 40.4121195921147], [-103.198141225188, 40.4120689236648], [-103.198238140831, 40.4119899876718], [-103.198323841905, 40.4118472334439], [-103.198379099075, 40.4115683457283], [-103.198500622269, 40.4114262349202], [-103.198653968281, 40.4114103322583], [-103.198794077617, 40.4114757554434], [-103.199221658625, 40.412239207507], [-103.199285971711, 40.4124745738805], [-103.199330838068, 40.4125293130394], [-103.19934714249, 40.4128085996314], [-103.199320249625, 40.4129435251521], [-103.199107975029, 40.4133907210072], [-103.199092620126, 40.4139582936309], [-103.198884820936, 40.4142610969304], [-103.19870244317, 40.4144380109547], [-103.198551813663, 40.4145330176763]]]}, "properties": {"OBJECTID": 7, "areasymbol": "CO121", "spatialver": 8, "musym": "35", "mukey": 94996, "TaxCl": "Coarse-loamy, mixed, superactive, mesic Haplustollic Natrargids", "TaxOrder": "Aridisols", "SubOrd": "Argids", "GrGrp": "Natrargids", "SubGrp": "Haplustollic Natrargids", "PartSz": "coarse-loamy", "Sand": 94.1, "Silt": 1.4, "Clay": 4.5, "BRdep": null, "BD": 1.48, "CaCO3": 0, "CEC": 6.5, "EC": 1, "ECEC": null, "MoiReg": "Aridic (torric)", "MoiSub": "Ustic", "OrderSsa": null, "OM": 1.5, "ParMat": "various rock alluvium", "pH": 7.2, "SAR": 3, "SurfTex": "Sand", "Temp": "mesic", "EcoID": "R067BY033CO", "EcoName": "Salt Flat", "muname": "Keyner variant-Ipage variant complex", "Sand_DCP_0_6_in": 94.1, "Silt_DCP_0_6_in": 1.4, "Clay_DCP_0_6_in": 4.5, "SurfText_DCP_SL": "Sand", "ParMatNm_DCP": "various rock alluvium", "Taxpartsiz_DCP": "coarse-loamy", "TaxClName_DCP": "Coarse-loamy, mixed, superactive, mesic Haplustollic Natrargids", "OrgMatter_DCP_0_6_in": 1.5, "pHwater_DCP_0_6_in": 7.2, "BdSurf_DCP_0_6_in": 1.48, "SAR_DCP_0_6_in": 3, "CaC03_DCP_0_6_in": 0, "CEC7_DCP_0_6_in": 6.5, "EC_DCP_0_6_in": 1, "ECEC_DCP_0_6_in": null, "EcoSiteID_DCP": "R067BY033CO", "EcoSiteNm_DCP": "Salt Flat", "TempRegime_DCP": "mesic", "MoistRegim_DCP": "Aridic (torric)", "MoistSubcl_DCP": "Ustic", "TaxOrder_DCP": "Aridisols", "TaxSuborer_DCP": "Argids", "TaxGrtgrp_DCP": "Natrargids", "Taxsubgrp_DCP": "Haplustollic Natrargids", "Dep2BedRS_DCP": null, "Sand_AllDepth": 71.00394736842105, "Silt_AllDepth": 15.950000000000001, "Clay_AllDepth": 13.046052631578947, "pH_AllDepth": 7.2, "OM_AllDepth": 0.587171052631579, "BD_AllDepth": 1.392171052631579, "CaCO3_AllDepth": 5.565789473684211, "EC_AllDepth": 4, "SAR_AllDepth": 30, "Ksat_AllDepth": 42.828947368421055, "AWC_AllDepth": 0.10671052631578946, "CEC_AllDepth": 8.05921052631579, "BaseSat_AllDepth": null, "DrainageCl": "Moderately well drained", "Shape__Area": 73087.46215820312, "Shape__Length": 1173.4889581426405, "station": "Eastern Colorado RC", "station_svc": "ECRC Soils"}}, {"type": "Feature", "id": 8, "geometry": {"type": "MultiPolygon", "coordinates": [[[[-103.172255395317, 40.404014605852], [-103.172393400799, 40.403692540409], [-103.17239819421, 40.4035033738793], [-103.172267241401, 40.4026997318831], [-103.172231042888, 40.4013929598728], [-103.172008657753, 40.4004978283654], [-103.171931928153, 40.4002801690485], [-103.171873966156, 40.4002252714774], [-103.171824295609, 40.3999093899774], [-103.171852680575, 40.3997296274599], [-103.171933823598, 40.399766198979], [-103.172102278375, 40.4000663803546], [-103.17234176384, 40.4003499942778], [-103.173161252856, 40.4010205218527], [-103.173367436875, 40.4012218741987], [-103.173412017568, 40.4013213974574], [-103.173368611872, 40.4016004911311], [-103.17341838303, 40.4028169690787], [-103.173545695865, 40.4033594100045], [-103.17372264062, 40.4037674310076], [-103.173830379165, 40.4041390986286], [-103.173863071553, 40.4046887066777], [-103.173913073579, 40.4050314256788], [-103.174163390031, 40.4057656204626], [-103.174135010455, 40.4059453853311], [-103.173949564942, 40.4062934238502], [-103.173881151047, 40.4066437657643], [-103.173889715585, 40.4067524976666], [-103.174070045192, 40.407052004901], [-103.174305715511, 40.4072482007889], [-103.172980840604, 40.4072493075459], [-103.172972848293, 40.4071161230913], [-103.172757708969, 40.4059144057874], [-103.172755642844, 40.4055268863276], [-103.172488668932, 40.4049467210362], [-103.172396055321, 40.4044766127099], [-103.172339445288, 40.4043759818392], [-103.172342883141, 40.4042325492919], [-103.172255395317, 40.404014605852]]], [[[-103.165100996799, 40.4030853987398], [-103.16515004122, 40.4031270606511], [-103.165320215372, 40.4033734402247], [-103.165396058335, 40.4036180102293], [-103.165429879007, 40.4036830072927], [-103.165093178761, 40.403685519176], [-103.165100996799, 40.4030853987398]]]]}, "properties": {"OBJECTID": 8, "areasymbol": "CO121", "spatialver": 8, "musym": "40", "mukey": 95002, "TaxCl": "Coarse-loamy, mixed, superactive, mesic Aridic Argiustolls", "TaxOrder": "Mollisols", "SubOrd": "Ustolls", "GrGrp": "Argiustolls", "SubGrp": "Aridic Argiustolls", "PartSz": "coarse-loamy", "Sand": 66, "Silt": 19, "Clay": 15, "BRdep": null, "BD": 1.46, "CaCO3": 0, "CEC": 13, "EC": 1, "ECEC": null, "MoiReg": "Ustic", "MoiSub": "Aridic (torric)", "OrderSsa": "Order 2", "OM": 1.5, "ParMat": "eolian deposits", "pH": 7.2, "SAR": 0, "SurfTex": "Sandy loam", "Temp": "mesic", "EcoID": "R072XY111KS", "EcoName": "Sandy Plains", "muname": "Manter sandy loam, 5 to 9 percent slopes", "Sand_DCP_0_6_in": 66, "Silt_DCP_0_6_in": 19, "Clay_DCP_0_6_in": 15, "SurfText_DCP_SL": "Sandy loam", "ParMatNm_DCP": "eolian deposits", "Taxpartsiz_DCP": "coarse-loamy", "TaxClName_DCP": "Coarse-loamy, mixed, superactive, mesic Aridic Argiustolls", "OrgMatter_DCP_0_6_in": 1.5, "pHwater_DCP_0_6_in": 7.2, "BdSurf_DCP_0_6_in": 1.46, "SAR_DCP_0_6_in": 0, "CaC03_DCP_0_6_in": 0, "CEC7_DCP_0_6_in": 13, "EC_DCP_0_6_in": 1, "ECEC_DCP_0_6_in": null, "EcoSiteID_DCP": "R072XY111KS", "EcoSiteNm_DCP": "Sandy Plains", "TempRegime_DCP": "mesic", "MoistRegim_DCP": "Ustic", "MoistSubcl_DCP": "Aridic (torric)", "TaxOrder_DCP": "Mollisols", "TaxSuborer_DCP": "Ustolls", "TaxGrtgrp_DCP": "Argiustolls", "Taxsubgrp_DCP": "Aridic Argiustolls", "Dep2BedRS_DCP": null, "Sand_AllDepth": 72.225, "Silt_AllDepth": 15.935, "Clay_AllDepth": 11.84, "pH_AllDepth": 7.2, "OM_AllDepth": 0.534, "BD_AllDepth": 1.52975, "CaCO3_AllDepth": 6.055, "EC_AllDepth": 1, "SAR_AllDepth": 0, "Ksat_AllDepth": 26.38, "AWC_AllDepth": 0.1424, "CEC_AllDepth": 8.99, "BaseSat_AllDepth": 132.5305895439377, "DrainageCl": "Well drained", "Shape__Area": 79888.32543945312, "Shape__Length": 2034.8903528360108, "station": "Eastern Colorado RC", "station_svc": "ECRC Soils"}}, {"type": "Feature", "id": 9, "geometry": {"type": "MultiPolygon", "coordinates": [[[[-103.179391078335, 40.414066781854], [-103.179443354894, 40.4140464224571], [-103.179552435523, 40.4139578593165], [-103.180126246089, 40.4136432350916], [-103.180423605516, 40.4135305377553], [-103.180849984577, 40.4134561607341], [-103.181168758044, 40.4134613123563], [-103.181426385884, 40.4135102233378], [-103.181659588532, 40.4136124499169], [-103.182190597069, 40.4140083888683], [-103.182778333319, 40.4145367739505], [-103.179392431198, 40.414509927392], [-103.179391078335, 40.414066781854]]], [[[-103.169772541703, 40.399948919456], [-103.169678213209, 40.399947115479], [-103.169527978062, 40.3998634367497], [-103.169216960649, 40.3995794041563], [-103.16897729103, 40.3993056436235], [-103.168660878336, 40.3987784148288], [-103.168652902194, 40.3986517455456], [-103.168561759126, 40.3985512831533], [-103.168217277672, 40.3982306542194], [-103.168054502044, 40.3981288872651], [-103.167803482211, 40.3978369703565], [-103.167703182615, 40.3976099046016], [-103.167641303065, 40.3973027738382], [-103.167563433503, 40.3971209875434], [-103.167544073012, 40.3969403562577], [-103.167487012025, 40.3968943579031], [-103.167411749374, 40.3966318528003], [-103.167249501057, 40.3963706834805], [-103.169053368453, 40.3963777841524], [-103.169539519617, 40.3967921524514], [-103.169738109278, 40.3968945693002], [-103.169770427069, 40.3969670374234], [-103.169945429666, 40.3970600513053], [-103.170233399902, 40.3972809330192], [-103.170680131194, 40.3977649478503], [-103.17168670964, 40.3993120304607], [-103.171866522715, 40.3996303659126], [-103.171852680575, 40.3997296274599], [-103.171430591868, 40.3996327452306], [-103.171010849559, 40.3999144106049], [-103.170785048131, 40.3999916901849], [-103.170584830723, 40.3999797840798], [-103.170257072306, 40.3998847020847], [-103.170128111062, 40.3998821777458], [-103.169772541703, 40.399948919456]]]]}, "properties": {"OBJECTID": 9, "areasymbol": "CO121", "spatialver": 8, "musym": "41", "mukey": 95003, "TaxCl": "Coarse-loamy, mixed, superactive, mesic Aridic Argiustolls", "TaxOrder": "Mollisols", "SubOrd": "Ustolls", "GrGrp": "Argiustolls", "SubGrp": "Aridic Argiustolls", "PartSz": "coarse-loamy", "Sand": 65.9, "Silt": 19.1, "Clay": 15, "BRdep": null, "BD": 1.43, "CaCO3": 0, "CEC": 10, "EC": 0, "ECEC": null, "MoiReg": "Ustic", "MoiSub": "Aridic (torric)", "OrderSsa": null, "OM": 1.5, "ParMat": "wind-sorted alluvium", "pH": 7.2, "SAR": 0, "SurfTex": "Sandy loam", "Temp": "mesic", "EcoID": "R067BY015CO", "EcoName": "Deep Sand", "muname": "Manter-Ascalon sandy loams, 3 to 9 percent slopes", "Sand_DCP_0_6_in": 65.9, "Silt_DCP_0_6_in": 19.1, "Clay_DCP_0_6_in": 15, "SurfText_DCP_SL": "Sandy loam", "ParMatNm_DCP": "wind-sorted alluvium", "Taxpartsiz_DCP": "coarse-loamy", "TaxClName_DCP": "Coarse-loamy, mixed, superactive, mesic Aridic Argiustolls", "OrgMatter_DCP_0_6_in": 1.5, "pHwater_DCP_0_6_in": 7.2, "BdSurf_DCP_0_6_in": 1.43, "SAR_DCP_0_6_in": 0, "CaC03_DCP_0_6_in": 0, "CEC7_DCP_0_6_in": 10, "EC_DCP_0_6_in": 0, "ECEC_DCP_0_6_in": null, "EcoSiteID_DCP": "R067BY015CO", "EcoSiteNm_DCP": "Deep Sand", "TempRegime_DCP": "mesic", "MoistRegim_DCP": "Ustic", "MoistSubcl_DCP": "Aridic (torric)", "TaxOrder_DCP": "Mollisols", "TaxSuborer_DCP": "Ustolls", "TaxGrtgrp_DCP": "Argiustolls", "Taxsubgrp_DCP": "Aridic Argiustolls", "Dep2BedRS_DCP": null, "Sand_AllDepth": 74.5657894736842, "Silt_AllDepth": 13.368421052631579, "Clay_AllDepth": 12.06578947368421, "pH_AllDepth": 7.2, "OM_AllDepth": 0.6332236842105263, "BD_AllDepth": 1.4540131578947368, "CaCO3_AllDepth": 5.868421052631579, "EC_AllDepth": 1, "SAR_AllDepth": 0, "Ksat_AllDepth": 52.01315789473684, "AWC_AllDepth": 0.11394736842105263, "CEC_AllDepth": 7.838815789473684, "BaseSat_AllDepth": null, "DrainageCl": "Well drained", "Shape__Area": 108456.79443359375, "Shape__Length": 1958.697932458755, "station": "Eastern Colorado RC", "station_svc": "ECRC Soils"}}, {"type": "Feature", "id": 10, "geometry": {"type": "MultiPolygon", "coordinates": [[[[-103.169795464913, 40.4066819423742], [-103.169827241917, 40.4039669897376], [-103.169896243311, 40.4040680090819], [-103.170490973843, 40.4047432620026], [-103.170580799982, 40.4049252650818], [-103.170657239426, 40.4051518936819], [-103.170663107221, 40.4053404543013], [-103.170714917555, 40.405630254391], [-103.170875371937, 40.4057679605734], [-103.171016511641, 40.4057966493259], [-103.171076761647, 40.4057439910223], [-103.17111506581, 40.4056272261269], [-103.171186099193, 40.4056106585715], [-103.171262281719, 40.4058820636183], [-103.171295506808, 40.4063779263754], [-103.171281288274, 40.4068997595242], [-103.171328828017, 40.4072506667092], [-103.170133737211, 40.4072516352926], [-103.169924151272, 40.4069508607533], [-103.169795464913, 40.4066819423742]]], [[[-103.169772541703, 40.399948919456], [-103.170128111062, 40.3998821777458], [-103.170257072306, 40.3998847020847], [-103.170584830723, 40.3999797840798], [-103.170785048131, 40.3999916901849], [-103.171010849559, 40.3999144106049], [-103.171430591868, 40.3996327452306], [-103.171852680575, 40.3997296274599], [-103.171824295609, 40.3999093899774], [-103.171873966156, 40.4002252714774], [-103.171931928153, 40.4002801690485], [-103.172008657753, 40.4004978283654], [-103.172231042888, 40.4013929598728], [-103.172267241401, 40.4026997318831], [-103.17239819421, 40.4035033738793], [-103.172393400799, 40.403692540409], [-103.172255395317, 40.404014605852], [-103.172079505184, 40.4039485016134], [-103.171781883449, 40.4040701467699], [-103.171616894373, 40.4040768320893], [-103.171558352064, 40.4040398716294], [-103.171481361054, 40.4038669881263], [-103.171399607177, 40.4038125449616], [-103.171305879655, 40.4038286108576], [-103.171244736723, 40.4038723689594], [-103.171156478145, 40.4040967136083], [-103.1711084596, 40.4041406206609], [-103.171003051284, 40.4041116917816], [-103.170808778028, 40.4038747460754], [-103.170770760427, 40.4035680495428], [-103.170673045283, 40.4032602680485], [-103.170460009814, 40.4028605588723], [-103.170273921108, 40.4023259308848], [-103.170040394168, 40.4018172726051], [-103.169909153898, 40.4009867906788], [-103.169888459409, 40.4004732090982], [-103.169772541703, 40.399948919456]]], [[[-103.165100996799, 40.4030853987398], [-103.165127815103, 40.4010265582725], [-103.165246354093, 40.4012998110548], [-103.165351144368, 40.4017611716162], [-103.165440083869, 40.4019700842681], [-103.165975753764, 40.4026630299313], [-103.166338420713, 40.4031643650151], [-103.166544618206, 40.4034015362277], [-103.166776118547, 40.4035584910985], [-103.166899942325, 40.4036720307997], [-103.165429879007, 40.4036830072927], [-103.165396058335, 40.4036180102293], [-103.165320215372, 40.4033734402247], [-103.16515004122, 40.4031270606511], [-103.165100996799, 40.4030853987398]]], [[[-103.168501645663, 40.4025142887253], [-103.168472076718, 40.4022796270064], [-103.168565739561, 40.4022984808868], [-103.168646105541, 40.4023628512412], [-103.168897841331, 40.4026735270528], [-103.169173313306, 40.4029121331254], [-103.169332628624, 40.4031215237905], [-103.169578962844, 40.4036034950581], [-103.169611910354, 40.4036517325601], [-103.168910242574, 40.4036569909628], [-103.168734495273, 40.4030399976729], [-103.168624848706, 40.4027319969129], [-103.168501645663, 40.4025142887253]]], [[[-103.180485976444, 40.385665873364], [-103.182836440843, 40.3856504784859], [-103.182926652359, 40.3857602720329], [-103.183434771823, 40.3861557001598], [-103.183468373306, 40.3862289872451], [-103.183474109049, 40.3864632108856], [-103.18308329429, 40.3865105150506], [-103.182700314636, 40.3867301511638], [-103.182326140269, 40.3870844649071], [-103.18210477562, 40.3874417223929], [-103.181918452454, 40.3873663805164], [-103.181723037439, 40.3871653267979], [-103.181208361171, 40.3865983821718], [-103.180924016536, 40.3862242358725], [-103.18076240243, 40.3860866108248], [-103.180569009522, 40.3858227758395], [-103.180485976444, 40.385665873364]]]]}, "properties": {"OBJECTID": 10, "areasymbol": "CO121", "spatialver": 8, "musym": "42", "mukey": 95004, "TaxCl": "Coarse-loamy, mixed, superactive, mesic Aridic Argiustolls", "TaxOrder": "Mollisols", "SubOrd": "Ustolls", "GrGrp": "Argiustolls", "SubGrp": "Aridic Argiustolls", "PartSz": "coarse-loamy", "Sand": 65.9, "Silt": 19.1, "Clay": 15, "BRdep": null, "BD": 1.43, "CaCO3": 0, "CEC": 10, "EC": 0, "ECEC": null, "MoiReg": "Ustic", "MoiSub": "Aridic (torric)", "OrderSsa": null, "OM": 1.5, "ParMat": "calcareous loamy eolian sands", "pH": 7.2, "SAR": 0, "SurfTex": "Sandy loam", "Temp": "mesic", "EcoID": "R067BY024CO", "EcoName": "Sandy Plains", "muname": "Manter-Julesburg sandy loams, 2 to 5 percent slopes", "Sand_DCP_0_6_in": 65.9, "Silt_DCP_0_6_in": 19.1, "Clay_DCP_0_6_in": 15, "SurfText_DCP_SL": "Sandy loam", "ParMatNm_DCP": "calcareous loamy eolian sands", "Taxpartsiz_DCP": "coarse-loamy", "TaxClName_DCP": "Coarse-loamy, mixed, superactive, mesic Aridic Argiustolls", "OrgMatter_DCP_0_6_in": 1.5, "pHwater_DCP_0_6_in": 7.2, "BdSurf_DCP_0_6_in": 1.43, "SAR_DCP_0_6_in": 0, "CaC03_DCP_0_6_in": 0, "CEC7_DCP_0_6_in": 10, "EC_DCP_0_6_in": 0, "ECEC_DCP_0_6_in": null, "EcoSiteID_DCP": "R067BY024CO", "EcoSiteNm_DCP": "Sandy Plains", "TempRegime_DCP": "mesic", "MoistRegim_DCP": "Ustic", "MoistSubcl_DCP": "Aridic (torric)", "TaxOrder_DCP": "Mollisols", "TaxSuborer_DCP": "Ustolls", "TaxGrtgrp_DCP": "Argiustolls", "Taxsubgrp_DCP": "Aridic Argiustolls", "Dep2BedRS_DCP": null, "Sand_AllDepth": 72.02105263157895, "Silt_AllDepth": 15.45263157894737, "Clay_AllDepth": 12.526315789473685, "pH_AllDepth": 7.2, "OM_AllDepth": 0.6743421052631579, "BD_AllDepth": 1.4464473684210528, "CaCO3_AllDepth": 4.947368421052632, "EC_AllDepth": 1, "SAR_AllDepth": 0, "Ksat_AllDepth": 44.44736842105263, "AWC_AllDepth": 0.11894736842105262, "CEC_AllDepth": 8.519736842105264, "BaseSat_AllDepth": null, "DrainageCl": "Well drained", "Shape__Area": 158407.66577148438, "Shape__Length": 4114.700086546354, "station": "Eastern Colorado RC", "station_svc": "ECRC Soils"}}, {"type": "Feature", "id": 11, "geometry": {"type": "MultiPolygon", "coordinates": [[[[-103.167013119271, 40.3963697503158], [-103.167249501057, 40.3963706834805], [-103.167411749374, 40.3966318528003], [-103.167487012025, 40.3968943579031], [-103.167323488999, 40.3968561942137], [-103.167184885239, 40.396745891972], [-103.167013119271, 40.3963697503158]]], [[[-103.169053368453, 40.3963777841524], [-103.169618526446, 40.3963800034971], [-103.169752534425, 40.3967773696802], [-103.169738109278, 40.3968945693002], [-103.169539519617, 40.3967921524514], [-103.169053368453, 40.3963777841524]]]]}, "properties": {"OBJECTID": 11, "areasymbol": "CO121", "spatialver": 8, "musym": "46", "mukey": 95008, "TaxCl": "Fine-silty, mixed, superactive, mesic Aridic Argiustolls", "TaxOrder": "Mollisols", "SubOrd": "Ustolls", "GrGrp": "Argiustolls", "SubGrp": "Aridic Argiustolls", "PartSz": "fine-silty", "Sand": 54.3, "Silt": 33.1, "Clay": 12.6, "BRdep": null, "BD": 1.4, "CaCO3": 0, "CEC": 10.1, "EC": 0, "ECEC": null, "MoiReg": "Ustic", "MoiSub": "Aridic (torric)", "OrderSsa": null, "OM": 1.5, "ParMat": "calcareous silty loess", "pH": 7.2, "SAR": 0, "SurfTex": "Very fine sandy loam", "Temp": "mesic", "EcoID": "R067BY002CO", "EcoName": "Loamy Plains", "muname": "Norka-Colby very fine sandy loams, 3 to 9 percent slopes", "Sand_DCP_0_6_in": 54.3, "Silt_DCP_0_6_in": 33.1, "Clay_DCP_0_6_in": 12.6, "SurfText_DCP_SL": "Very fine sandy loam", "ParMatNm_DCP": "calcareous silty loess", "Taxpartsiz_DCP": "fine-silty", "TaxClName_DCP": "Fine-silty, mixed, superactive, mesic Aridic Argiustolls", "OrgMatter_DCP_0_6_in": 1.5, "pHwater_DCP_0_6_in": 7.2, "BdSurf_DCP_0_6_in": 1.4, "SAR_DCP_0_6_in": 0, "CaC03_DCP_0_6_in": 0, "CEC7_DCP_0_6_in": 10.1, "EC_DCP_0_6_in": 0, "ECEC_DCP_0_6_in": null, "EcoSiteID_DCP": "R067BY002CO", "EcoSiteNm_DCP": "Loamy Plains", "TempRegime_DCP": "mesic", "MoistRegim_DCP": "Ustic", "MoistSubcl_DCP": "Aridic (torric)", "TaxOrder_DCP": "Mollisols", "TaxSuborer_DCP": "Ustolls", "TaxGrtgrp_DCP": "Argiustolls", "Taxsubgrp_DCP": "Aridic Argiustolls", "Dep2BedRS_DCP": null, "Sand_AllDepth": 14.875, "Silt_AllDepth": 63.016447368421055, "Clay_AllDepth": 22.10855263157895, "pH_AllDepth": 7.2, "OM_AllDepth": 0.9276315789473685, "BD_AllDepth": 1.2852631578947367, "CaCO3_AllDepth": 7.631578947368421, "EC_AllDepth": 0, "SAR_AllDepth": 0, "Ksat_AllDepth": 10.473684210526315, "AWC_AllDepth": 0.17828947368421053, "CEC_AllDepth": 11.049342105263158, "BaseSat_AllDepth": null, "DrainageCl": "Well drained", "Shape__Area": 2789.28369140625, "Shape__Length": 346.4886942138144, "station": "Eastern Colorado RC", "station_svc": "ECRC Soils"}}, {"type": "Feature", "id": 12, "geometry": {"type": "MultiPolygon", "coordinates": [[[[-103.167790401842, 40.4022323824877], [-103.167804355374, 40.4017195191208], [-103.167715120327, 40.4015195767965], [-103.167657754811, 40.4010322492259], [-103.167864214613, 40.4003598514444], [-103.167862491644, 40.3999991735717], [-103.167763344586, 40.3997362331702], [-103.167552643838, 40.3988144724112], [-103.167365428644, 40.3983157162136], [-103.167241937242, 40.3976566782654], [-103.167143401937, 40.3974116077135], [-103.166974078489, 40.397102518747], [-103.166848862322, 40.3969475909594], [-103.166555796842, 40.3963679441904], [-103.167013119271, 40.3963697503158], [-103.167184885239, 40.396745891972], [-103.167323488999, 40.3968561942137], [-103.167487012025, 40.3968943579031], [-103.167544073012, 40.3969403562577], [-103.167563433503, 40.3971209875434], [-103.167641303065, 40.3973027738382], [-103.167703182615, 40.3976099046016], [-103.167803482211, 40.3978369703565], [-103.168054502044, 40.3981288872651], [-103.168217277672, 40.3982306542194], [-103.168561759126, 40.3985512831533], [-103.168652902194, 40.3986517455456], [-103.168660878336, 40.3987784148288], [-103.168505237128, 40.3988660306091], [-103.168396194229, 40.3989903926644], [-103.168232563405, 40.399365828731], [-103.168149121593, 40.3998513034998], [-103.168184074143, 40.4007436504481], [-103.168332298859, 40.4013404103146], [-103.168339724333, 40.4015208252535], [-103.168385745025, 40.4015755069654], [-103.168418658399, 40.4020803382743], [-103.168472076718, 40.4022796270064], [-103.168501645663, 40.4025142887253], [-103.168337122812, 40.4024663343], [-103.168059050215, 40.4023084444842], [-103.167790401842, 40.4022323824877]]], [[[-103.165147075881, 40.3993679528862], [-103.165156462378, 40.3984086331399], [-103.165407461549, 40.3988252177819], [-103.165709390706, 40.3994338461291], [-103.165796300015, 40.3997055380927], [-103.16586532746, 40.3997875628556], [-103.166339905628, 40.4009396417097], [-103.166531666297, 40.401294011354], [-103.166679004376, 40.4014673796418], [-103.166689231696, 40.4015572172532], [-103.166345300909, 40.4016331356707], [-103.166254129993, 40.4014968651355], [-103.166179067666, 40.4012244997325], [-103.16594711188, 40.4006718800619], [-103.165800821236, 40.4004259380001], [-103.165589534786, 40.399936602198], [-103.165488684522, 40.3997632812759], [-103.165147075881, 40.3993679528862]]]]}, "properties": {"OBJECTID": 12, "areasymbol": "CO121", "spatialver": 8, "musym": "50", "mukey": 95013, "TaxCl": "Fine, smectitic, mesic Aridic Argiustolls", "TaxOrder": "Mollisols", "SubOrd": "Ustolls", "GrGrp": "Argiustolls", "SubGrp": "Aridic Argiustolls", "PartSz": "fine", "Sand": 41.5, "Silt": 26.5, "Clay": 31.9, "BRdep": null, "BD": 1.4, "CaCO3": 0, "CEC": 25.1, "EC": 0.1, "ECEC": null, "MoiReg": "Ustic", "MoiSub": "Aridic (torric)", "OrderSsa": "Order 2", "OM": 1.5, "ParMat": "alluvium", "pH": 7.3, "SAR": 0, "SurfTex": "Clay loam", "Temp": "mesic", "EcoID": "R067BY042CO", "EcoName": "Clayey Plains", "muname": "Nunn clay loam, 0 to 2 percent slopes", "Sand_DCP_0_6_in": 41.5, "Silt_DCP_0_6_in": 26.5, "Clay_DCP_0_6_in": 31.9, "SurfText_DCP_SL": "Clay loam", "ParMatNm_DCP": "alluvium", "Taxpartsiz_DCP": "fine", "TaxClName_DCP": "Fine, smectitic, mesic Aridic Argiustolls", "OrgMatter_DCP_0_6_in": 1.5, "pHwater_DCP_0_6_in": 7.3, "BdSurf_DCP_0_6_in": 1.4, "SAR_DCP_0_6_in": 0, "CaC03_DCP_0_6_in": 0, "CEC7_DCP_0_6_in": 25.1, "EC_DCP_0_6_in": 0.1, "ECEC_DCP_0_6_in": null, "EcoSiteID_DCP": "R067BY042CO", "EcoSiteNm_DCP": "Clayey Plains", "TempRegime_DCP": "mesic", "MoistRegim_DCP": "Ustic", "MoistSubcl_DCP": "Aridic (torric)", "TaxOrder_DCP": "Mollisols", "TaxSuborer_DCP": "Ustolls", "TaxGrtgrp_DCP": "Argiustolls", "Taxsubgrp_DCP": "Aridic Argiustolls", "Dep2BedRS_DCP": null, "Sand_AllDepth": 41.34975369458128, "Silt_AllDepth": 28.9064039408867, "Clay_AllDepth": 29.74384236453202, "pH_AllDepth": 7.2, "OM_AllDepth": 0.7561576354679803, "BD_AllDepth": 1.4657142857142855, "CaCO3_AllDepth": 2.394088669950739, "EC_AllDepth": 0.1, "SAR_AllDepth": 0, "Ksat_AllDepth": 4.515418719211823, "AWC_AllDepth": 0.14812807881773402, "CEC_AllDepth": 22.429064039408868, "BaseSat_AllDepth": 221.91034679668795, "DrainageCl": "Well drained", "Shape__Area": 43367.556396484375, "Shape__Length": 2310.186010315011, "station": "Eastern Colorado RC", "station_svc": "ECRC Soils"}}, {"type": "Feature", "id": 13, "geometry": {"type": "MultiPolygon", "coordinates": [[[[-103.208282488788, 40.4074161430952], [-103.208389907533, 40.4073822578], [-103.208557604132, 40.4072491399591], [-103.208645269823, 40.4070435968058], [-103.208641724172, 40.4067376206339], [-103.208531662584, 40.406474429518], [-103.20850395315, 40.4061769950869], [-103.208447858751, 40.4060584421783], [-103.208507576056, 40.4056002412572], [-103.208607179458, 40.4053949133315], [-103.208678967426, 40.4053505282641], [-103.208938005621, 40.4053545395164], [-103.209465838614, 40.4054354177752], [-103.209890196466, 40.4054595331379], [-103.210217418588, 40.4055366421814], [-103.211338249263, 40.405941755125], [-103.212136176916, 40.406088666476], [-103.21260254538, 40.4062291229221], [-103.212601693777, 40.4071966934726], [-103.21426347195, 40.4072041452772], [-103.214319202532, 40.4072844788797], [-103.214247438819, 40.4077881366845], [-103.214141746636, 40.4082274828092], [-103.214079629931, 40.4083438348356], [-103.213855785033, 40.4083226022696], [-103.21365530352, 40.4083555404125], [-103.213390667023, 40.4085318064684], [-103.213121871327, 40.4089142175344], [-103.213038958623, 40.4093549475772], [-103.213057017456, 40.4095804182913], [-103.21324898294, 40.4098989110691], [-103.213562635112, 40.4100654192547], [-103.213892719266, 40.410052830248], [-103.213920736821, 40.4103412960906], [-103.21405941065, 40.4108750095298], [-103.214108563768, 40.4112544798166], [-103.214115417913, 40.4118754045675], [-103.213959326649, 40.4119819050838], [-103.213733818072, 40.4120502934464], [-103.212673682069, 40.4120338526403], [-103.212460965502, 40.4120755459477], [-103.212363017695, 40.4121912565902], [-103.212369702957, 40.4123985767221], [-103.212595938271, 40.412725857517], [-103.213093607634, 40.4130850828454], [-103.213674164547, 40.4134270402447], [-103.213952950408, 40.4135668911155], [-103.214479197874, 40.413737369516], [-103.21544189272, 40.4138506800187], [-103.215996140673, 40.4138503469298], [-103.216530755947, 40.4137150525199], [-103.216922206713, 40.4135654780467], [-103.216920402896, 40.4144869759425], [-103.215978649577, 40.4144857373013], [-103.212616635455, 40.4144812498772], [-103.212564367879, 40.4143919616324], [-103.212467308506, 40.414057302872], [-103.212353052683, 40.4139295379095], [-103.212087014815, 40.413727180535], [-103.2117658141, 40.4133802549677], [-103.211427655888, 40.4128068999626], [-103.211226541961, 40.4123626933061], [-103.211034342914, 40.4120889745017], [-103.210708179906, 40.4114809140572], [-103.210125147235, 40.4107962014108], [-103.209899691658, 40.410441121188], [-103.209722475612, 40.4099973400949], [-103.209694191257, 40.4097178434747], [-103.209730214599, 40.4092493546855], [-103.209641512253, 40.4090323939956], [-103.209175219246, 40.4083938357544], [-103.208461633517, 40.4077613346313], [-103.208325220748, 40.4075793269084], [-103.208282488788, 40.4074161430952]]], [[[-103.212594209014, 40.4029248958538], [-103.212604856745, 40.4035977625942], [-103.212603941362, 40.4046410397361], [-103.212344484552, 40.404425906355], [-103.211217324348, 40.4038403226923], [-103.211125263201, 40.4037667968809], [-103.210701533271, 40.4033012868278], [-103.210054227938, 40.4023812173512], [-103.209929907391, 40.4021537592112], [-103.209559443965, 40.4018964873217], [-103.209352781144, 40.4017032721231], [-103.209082455617, 40.400798382046], [-103.208843435479, 40.4004619823864], [-103.208417510067, 40.4001040250443], [-103.20790749426, 40.3997983155961], [-103.207733858, 40.3996605096358], [-103.207538336085, 40.3994594946734], [-103.207265742312, 40.3990856202699], [-103.207069985039, 40.3989293808135], [-103.206570257636, 40.3986427754264], [-103.20580352488, 40.3982612890827], [-103.205629610142, 40.3981324494806], [-103.205266932415, 40.3975864520814], [-103.205214838213, 40.397342334949], [-103.205248696614, 40.3969464915585], [-103.205092047497, 40.3966465692423], [-103.204997327337, 40.3962401586451], [-103.20485114988, 40.3959494862127], [-103.204855333335, 40.3958140648261], [-103.20561804613, 40.3950247940135], [-103.205797509761, 40.394937559781], [-103.205950820739, 40.3949216484341], [-103.206406987935, 40.395037062227], [-103.206638833228, 40.3951849743435], [-103.206958504112, 40.3955767533141], [-103.207036950392, 40.3957396880662], [-103.207066026163, 40.3959564692564], [-103.20705017, 40.3965419750935], [-103.207094361722, 40.396696121848], [-103.207335307848, 40.3969339336206], [-103.207649262751, 40.397092376505], [-103.207973076665, 40.3973129249422], [-103.208106714538, 40.3975855100398], [-103.208096180893, 40.397999719031], [-103.208149992674, 40.3981900216148], [-103.20831168673, 40.3983276130353], [-103.208439749659, 40.3983919221954], [-103.209140028643, 40.3986464799107], [-103.209312197056, 40.398793318933], [-103.209458918891, 40.3990302421626], [-103.209555658464, 40.3993738683671], [-103.209679882892, 40.3996004369851], [-103.209711526946, 40.3997364999709], [-103.210038716728, 40.4002728758724], [-103.2105648546, 40.4009026364294], [-103.211380684779, 40.4016626737663], [-103.212227469105, 40.4026223719547], [-103.212538054428, 40.4028884300296], [-103.212594209014, 40.4029248958538]]], [[[-103.21088798849, 40.3975833700936], [-103.210962892713, 40.3974403267084], [-103.211253215636, 40.3962464835163], [-103.211385205101, 40.3961494204506], [-103.21147981387, 40.3961422260274], [-103.211597162592, 40.3961713327872], [-103.211875785858, 40.3963102979794], [-103.212209368052, 40.3966036882949], [-103.212619566658, 40.3971594869906], [-103.212815910532, 40.3977570462152], [-103.21289498204, 40.3978671217239], [-103.2130053787, 40.3981571462253], [-103.213057784617, 40.398392290935], [-103.213068885099, 40.3988786778053], [-103.21317701531, 40.3992404521511], [-103.213183985338, 40.3994388011177], [-103.21328159448, 40.3997555180644], [-103.213309915666, 40.4000091806079], [-103.212548111067, 40.4000121550807], [-103.212561489677, 40.4008575000025], [-103.212544977744, 40.4008611660556], [-103.2122612242, 40.400883640551], [-103.212026648926, 40.4008621237854], [-103.211464821886, 40.4007276953231], [-103.210953318469, 40.4004310331557], [-103.210690460637, 40.4001300181197], [-103.210636072138, 40.3999576547542], [-103.210650570048, 40.3994178804321], [-103.210619827903, 40.3988314534756], [-103.210635320248, 40.3986783740404], [-103.210709042288, 40.3985353986569], [-103.210813936768, 40.3981587730632], [-103.21088798849, 40.3975833700936]]], [[[-103.19842637112, 40.3984008738768], [-103.198415151163, 40.3978429468589], [-103.198473673708, 40.3978414363145], [-103.198592929554, 40.3978068839674], [-103.198762713838, 40.3976118885663], [-103.198853160712, 40.3973157750227], [-103.198837147344, 40.3970275229029], [-103.198761484044, 40.3967740064761], [-103.198380679212, 40.3961286027322], [-103.198367217957, 40.3954591224396], [-103.19841320092, 40.3952728390414], [-103.198557102944, 40.3951401946307], [-103.198794267162, 40.3951168247167], [-103.198993048165, 40.3951735305584], [-103.199235389374, 40.3953665140988], [-103.199573277193, 40.3959390058304], [-103.199860783, 40.3966379135585], [-103.199944964125, 40.39699927031], [-103.199990720712, 40.3970629089219], [-103.200190273368, 40.3979763220605], [-103.20022924498, 40.3987511754596], [-103.200370033443, 40.399177342362], [-103.200643685431, 40.3995502756102], [-103.200884904645, 40.3997791326457], [-103.201044110367, 40.3999983417043], [-103.20141177105, 40.4003462166889], [-103.201456960801, 40.4004277932716], [-103.201267535752, 40.4004520260407], [-103.200962184912, 40.4004022955976], [-103.2003562461, 40.4001494759784], [-103.199938969667, 40.3999002188998], [-103.199465907855, 40.3995234360713], [-103.198825998353, 40.3987926929688], [-103.19842637112, 40.3984008738768]]], [[[-103.196057847889, 40.3859211189584], [-103.196224064963, 40.3859152248757], [-103.19630028432, 40.3856906506325], [-103.196395263195, 40.3847550836324], [-103.196484404817, 40.3845405155406], [-103.196655788102, 40.3842908222833], [-103.196861835577, 40.3840776458727], [-103.197511829567, 40.3835294071191], [-103.197834624792, 40.3833632883365], [-103.19813134911, 40.3832693789838], [-103.198453776923, 40.3835714889553], [-103.198848505642, 40.383775475903], [-103.199152731791, 40.3838619746398], [-103.199646207818, 40.3838875463196], [-103.200092595954, 40.3839659356954], [-103.200570845536, 40.3841356097895], [-103.200848635165, 40.3843023938219], [-103.201184155025, 40.3845688376811], [-103.201319650614, 40.3847777571483], [-103.201373719313, 40.3849590923132], [-103.201313492663, 40.3854361123629], [-103.201074691715, 40.3855491058046], [-103.200779103765, 40.3856071471436], [-103.200015524096, 40.385514621733], [-103.199512578928, 40.3854072301866], [-103.199229544036, 40.3854126282327], [-103.198969149385, 40.3854534396101], [-103.198729774413, 40.3855843657957], [-103.198509792271, 40.385860111003], [-103.19814878002, 40.386178811119], [-103.198037856048, 40.3863310595653], [-103.197998944623, 40.3864648790604], [-103.198003104721, 40.3867538038409], [-103.198047997129, 40.3868443494255], [-103.19807708368, 40.3870969405213], [-103.198045056944, 40.3873933008507], [-103.197830411693, 40.3879579035297], [-103.197762417311, 40.3882992858925], [-103.197729531785, 40.3886225525638], [-103.197798262786, 40.3891378741753], [-103.197932370478, 40.3894274491194], [-103.198252870506, 40.3897574251695], [-103.198714210202, 40.3901250286618], [-103.199247660361, 40.3904750886743], [-103.19941864659, 40.3906578152084], [-103.199733341705, 40.39124863607], [-103.200000004801, 40.3918475668592], [-103.200129076538, 40.3922994670442], [-103.200066994867, 40.3924516181848], [-103.199718993814, 40.3926988557857], [-103.199541811904, 40.3927143311538], [-103.199365924466, 40.3926482650797], [-103.199133816865, 40.39250930875], [-103.198848017857, 40.3921809355358], [-103.198640931031, 40.3920065327969], [-103.197793033692, 40.3915517481649], [-103.197274042817, 40.3911560951469], [-103.196635241835, 40.3908129271483], [-103.196273105791, 40.3906724248531], [-103.196120570958, 40.3906605294156], [-103.195977736132, 40.3906856797862], [-103.195799741247, 40.3907638628338], [-103.195690717213, 40.3908524393892], [-103.19550737825, 40.3911019174322], [-103.195384494109, 40.3913246748979], [-103.195229904828, 40.3917999072456], [-103.19508180318, 40.3920679669037], [-103.195059215043, 40.3924461509166], [-103.195134861274, 40.3926996699548], [-103.195215034117, 40.3928565184148], [-103.193562223826, 40.3928629729127], [-103.19208814414, 40.3928687103958], [-103.191941141132, 40.3927571988421], [-103.191118545741, 40.3922221492152], [-103.190473144837, 40.3916716313641], [-103.190142453422, 40.3912876068609], [-103.189916351956, 40.3909244843417], [-103.189649488536, 40.3903345001492], [-103.189587658394, 40.3895681175377], [-103.189707421787, 40.389125317518], [-103.189807160835, 40.388850170682], [-103.189893270643, 40.3882391914734], [-103.189775233812, 40.387399915982], [-103.189730548914, 40.3872995086461], [-103.189631514146, 40.3866131322815], [-103.189555410672, 40.3863784384053], [-103.189527697645, 40.3860801132543], [-103.189619119192, 40.3857579928088], [-103.189763825208, 40.3856333709329], [-103.190010855622, 40.3856372068241], [-103.190197181484, 40.3857125362656], [-103.190359062389, 40.3858053741046], [-103.190774343664, 40.3861541380349], [-103.191612112498, 40.3865450820894], [-103.192015558468, 40.3868945182133], [-103.192322848771, 40.387259277931], [-103.192830915234, 40.3881139323878], [-103.192933443551, 40.3882325278449], [-103.193164093187, 40.3884163394772], [-103.193432559201, 40.3885380140669], [-103.193914702082, 40.388545455621], [-103.194152666699, 40.3884593809562], [-103.194380318657, 40.3883183893229], [-103.194549272897, 40.3881861136931], [-103.19492444619, 40.3877949978439], [-103.195241491299, 40.3873946610991], [-103.195769607261, 40.3865830162448], [-103.196043755119, 40.386029351305], [-103.196057847889, 40.3859211189584]]], [[[-103.191218810304, 40.3880437318308], [-103.190823338678, 40.3882811150492], [-103.190582218279, 40.3884658392967], [-103.190093737784, 40.3889860398649], [-103.19004430529, 40.3890747987065], [-103.190034167802, 40.3891514708321], [-103.190052066734, 40.3891871565695], [-103.190266245759, 40.3892904443536], [-103.1909452733, 40.3894540928938], [-103.191295129373, 40.3895675551191], [-103.19167777665, 40.3898170160273], [-103.191783940449, 40.389818129913], [-103.191915943388, 40.3897210870019], [-103.192015286279, 40.3895247421896], [-103.192144298727, 40.3891028965715], [-103.192150184488, 40.3888778574277], [-103.191973458024, 40.3884608958165], [-103.19188789529, 40.3881443802719], [-103.191690443794, 40.3880061228199], [-103.191443979318, 40.3879843542502], [-103.191218810304, 40.3880437318308]]], [[[-103.183474109049, 40.3864632108856], [-103.183468373306, 40.3862289872451], [-103.183585605247, 40.3862572306721], [-103.183932361235, 40.3864702592316], [-103.184201002421, 40.3865820945765], [-103.18439955076, 40.3866486811479], [-103.184505799, 40.3866506907525], [-103.184578731421, 40.3865704461107], [-103.184583779055, 40.3863723124052], [-103.184437740837, 40.3861174263794], [-103.184322142932, 40.3860344817621], [-103.184300568992, 40.3859623002037], [-103.184688758874, 40.3859599032966], [-103.184891147511, 40.3858991471783], [-103.185035666677, 40.3857843889693], [-103.185038790119, 40.3856499269826], [-103.185261119559, 40.3857160526091], [-103.185432183942, 40.385935495619], [-103.18571987031, 40.3861653103402], [-103.185799120583, 40.3863013512099], [-103.185893520942, 40.3867176323748], [-103.186100310426, 40.3869368305869], [-103.186332823168, 40.3870211767714], [-103.186534154487, 40.3869971827556], [-103.186643147979, 40.3868728074442], [-103.186649912293, 40.3866208621123], [-103.186539676431, 40.3863666243181], [-103.1863806351, 40.3861482891325], [-103.185680361505, 40.3856317882685], [-103.188221219337, 40.3856150310455], [-103.188265177497, 40.38571871296], [-103.188282829392, 40.3859173453497], [-103.188244041037, 40.3865014564158], [-103.1881910593, 40.3867085860841], [-103.187961337624, 40.3869472651581], [-103.18760871923, 40.3869243699963], [-103.187453950287, 40.3869492952807], [-103.187157197222, 40.3870431803445], [-103.186894906227, 40.3871834452563], [-103.186567189134, 40.3875020043178], [-103.18633476802, 40.3878321464892], [-103.186260147664, 40.3880020133743], [-103.185882341409, 40.3884738213915], [-103.185737531188, 40.3885975485294], [-103.185547846526, 40.3886307248523], [-103.185337355085, 40.3885639247118], [-103.184899106584, 40.3882236124438], [-103.183970012324, 40.3868673896722], [-103.183774788649, 40.386656481451], [-103.183474109049, 40.3864632108856]]], [[[-103.212287979622, 40.3816153513378], [-103.212294982888, 40.3812371571436], [-103.212247448535, 40.3809793550667], [-103.212270795749, 40.3807273521074], [-103.212228302741, 40.3803663090399], [-103.212252946224, 40.3797856751115], [-103.212198140907, 40.3796679475393], [-103.211494006353, 40.3787377283194], [-103.211207636915, 40.3782799347718], [-103.212290988978, 40.3782819514693], [-103.213245954719, 40.3782837211263], [-103.214080399787, 40.3788773173139], [-103.214602707242, 40.3791643845667], [-103.215010528907, 40.3793326576516], [-103.215159973536, 40.3794789940788], [-103.215131991015, 40.3796497948969], [-103.215164769641, 40.3797499802872], [-103.215400156991, 40.3802038462134], [-103.21556125816, 40.380359364069], [-103.215748165231, 40.3804167187363], [-103.215740086682, 40.3807135080872], [-103.215653872669, 40.3812976635947], [-103.215853458562, 40.3817508895502], [-103.215944536054, 40.382356246032], [-103.216001615905, 40.3824022221561], [-103.215889087543, 40.3826441052245], [-103.215895495226, 40.3828603900462], [-103.215950644598, 40.3830049533833], [-103.216107874925, 40.3832869223337], [-103.216597281584, 40.3839429204582], [-103.216814390015, 40.3843051076009], [-103.21682640049, 40.3850291434968], [-103.21670381998, 40.3852421088837], [-103.216643658008, 40.3857540522349], [-103.216543061968, 40.3859961504364], [-103.2164227515, 40.3861023997271], [-103.216304283477, 40.386109172361], [-103.216011769563, 40.3860327868912], [-103.215790454321, 40.3859299491337], [-103.215502478696, 40.3857100620296], [-103.215240698842, 40.3853722944373], [-103.214369188388, 40.3840255104654], [-103.214257390356, 40.3837803335095], [-103.214086332261, 40.3835618195577], [-103.213624106826, 40.3832211809362], [-103.213114845604, 40.3828984480777], [-103.212779573678, 40.3826230664149], [-103.212653907455, 40.3824762632956], [-103.212326780554, 40.3819399009615], [-103.212287979622, 40.3816153513378]]], [[[-103.188625098295, 40.3847402126867], [-103.188590295765, 40.3832059339864], [-103.188743712744, 40.3832573248563], [-103.188905585565, 40.3833501626579], [-103.18903140001, 40.3834871309241], [-103.189140530944, 40.3838130475887], [-103.189133004859, 40.3840927886172], [-103.188974412685, 40.384729378852], [-103.18890234624, 40.3847827207423], [-103.188678333358, 40.3848062201458], [-103.188625098295, 40.3847402126867]]], [[[-103.188544779926, 40.3809661166993], [-103.188539472679, 40.3809653448147], [-103.188482441337, 40.378450956928], [-103.184523105942, 40.3784431638865], [-103.184611013279, 40.3783101181627], [-103.185193529419, 40.3777067016622], [-103.185257928743, 40.3774828097035], [-103.18520015629, 40.3771933599652], [-103.185143962178, 40.3771204640691], [-103.184635931647, 40.3768199381497], [-103.184532159164, 40.3767005130268], [-103.184476504939, 40.3765738720171], [-103.184495247389, 40.376357950928], [-103.184638421777, 40.3759818637471], [-103.184982753212, 40.3753794734529], [-103.185272985405, 40.3749968048387], [-103.185258933958, 40.3748337774724], [-103.185308074499, 40.3747539916452], [-103.185806274765, 40.3746262602144], [-103.187126747927, 40.3745483944559], [-103.187694544272, 40.3744847311466], [-103.188306977006, 40.3744856639303], [-103.188932938367, 40.3743963014196], [-103.189015011146, 40.3744068446937], [-103.189549867168, 40.3742528405963], [-103.189717651802, 40.3741564466211], [-103.189778916904, 40.3740670138686], [-103.189786491499, 40.3737523578697], [-103.189595052427, 40.3734606747436], [-103.189404398483, 40.3730704718978], [-103.189018713104, 40.3725418749438], [-103.188931461537, 40.3722791715777], [-103.188743487267, 40.3713839090301], [-103.188594569949, 40.3710683083561], [-103.189696890837, 40.3710623376903], [-103.189691694982, 40.3711472738518], [-103.189766439305, 40.3714276984821], [-103.189847113407, 40.3715188922531], [-103.189979201687, 40.3718363352416], [-103.189987448221, 40.3719889500829], [-103.190043733063, 40.3720627330189], [-103.190084433932, 40.3723245064683], [-103.190401135884, 40.3728068980107], [-103.19051140139, 40.373096937361], [-103.190575560865, 40.373331413342], [-103.190677580735, 40.3734688372373], [-103.190708928345, 40.3736496779322], [-103.190787276709, 40.3737768130766], [-103.191051673355, 40.3740240535294], [-103.191175312081, 40.3742694637731], [-103.19131247674, 40.3744245812884], [-103.191485122158, 40.3745535052566], [-103.191682979692, 40.3746371271545], [-103.191917591797, 40.3746953784123], [-103.192599504726, 40.3747236649991], [-103.193426885442, 40.3746469737133], [-103.194792140519, 40.3746586830958], [-103.195120348093, 40.3746999560866], [-103.195202749655, 40.3747373343701], [-103.195270600307, 40.3748194087079], [-103.195544257685, 40.375040150534], [-103.19561081117, 40.3752037652606], [-103.19555744136, 40.3755129780037], [-103.195381827909, 40.3758031959549], [-103.195249609374, 40.3759450178908], [-103.194899465839, 40.3762057949106], [-103.19404841721, 40.3766383572964], [-103.193616229642, 40.3769243959514], [-103.193579734685, 40.3770231599248], [-103.193584764353, 40.3773917095449], [-103.193693138007, 40.3777454168225], [-103.193980669865, 40.378398665931], [-103.193949422866, 40.3790333767871], [-103.194013194268, 40.3793582933229], [-103.194150129857, 40.3795581837521], [-103.194602557366, 40.3799800159288], [-103.195039288613, 40.3802935226435], [-103.195479855666, 40.3805387725084], [-103.195722710711, 40.3807138242327], [-103.195802831452, 40.38082295111], [-103.195825444742, 40.3809407286702], [-103.195767734274, 40.3810299613812], [-103.195396424634, 40.3811639262135], [-103.195097231745, 40.3808792850977], [-103.194749088759, 40.3806762152348], [-103.19396290029, 40.3801230040219], [-103.193729217942, 40.3800387408963], [-103.19327144905, 40.3799770953154], [-103.193059673916, 40.3799918475594], [-103.192774408508, 40.3801047878618], [-103.19254420264, 40.3803264936604], [-103.19237052416, 40.380647931147], [-103.192288896945, 40.3810787145902], [-103.192122944874, 40.381535786355], [-103.19203698239, 40.3816875019714], [-103.191892158694, 40.3817754287585], [-103.191693747798, 40.3817455514279], [-103.191484664017, 40.3815981106923], [-103.191280114033, 40.3813420891534], [-103.191009929542, 40.3808606264026], [-103.190663711645, 40.3805938743118], [-103.190529403629, 40.3803490694433], [-103.190403304417, 40.3802210714768], [-103.190183764247, 40.3800643776676], [-103.189786786146, 40.3799321138849], [-103.189303715305, 40.3799148645969], [-103.18910272804, 40.3799657016375], [-103.188947153308, 40.3800533425798], [-103.188727724528, 40.3803111324615], [-103.188613957389, 40.3805888659298], [-103.188608634871, 40.3807959665631], [-103.188544779926, 40.3809661166993]]], [[[-103.215227235791, 40.3782873671945], [-103.216081765391, 40.3782889295018], [-103.216075083722, 40.3783855078064], [-103.21598012461, 40.3784831473531], [-103.215664023631, 40.3786677335506], [-103.215319144224, 40.3783562051709], [-103.215227235791, 40.3782873671945]]], [[[-103.190885066413, 40.3710558906847], [-103.192107239628, 40.3710492465725], [-103.192633957812, 40.3716886620284], [-103.192916300102, 40.3721255581919], [-103.193015984352, 40.3723696469639], [-103.192986036318, 40.3726041131567], [-103.192925544665, 40.3726657497428], [-103.192701569511, 40.3726892567949], [-103.19252602523, 40.3726142132332], [-103.192330373958, 40.3724579541087], [-103.192090419573, 40.3721932109512], [-103.191974548579, 40.3721192433743], [-103.191297815336, 40.3714335609816], [-103.190885066413, 40.3710558906847]]]]}, "properties": {"OBJECTID": 13, "areasymbol": "CO121", "spatialver": 8, "musym": "52", "mukey": 95015, "TaxCl": "Loamy, mixed, superactive, mesic Arenic Ustollic Haplargids", "TaxOrder": "Aridisols", "SubOrd": "Argids", "GrGrp": "Haplargids", "SubGrp": "Arenic Ustollic Haplargids", "PartSz": "loamy", "Sand": 96.8, "Silt": 0.7, "Clay": 2.5, "BRdep": null, "BD": 1.53, "CaCO3": 0, "CEC": 3, "EC": 0, "ECEC": null, "MoiReg": "Aridic (torric)", "MoiSub": "Ustic", "OrderSsa": null, "OM": 0.75, "ParMat": "eolian sands", "pH": 7.2, "SAR": 0, "SurfTex": "Fine sand", "Temp": "mesic", "EcoID": "R067BY015CO", "EcoName": "Deep Sand", "muname": "Osgood-Valent complex", "Sand_DCP_0_6_in": 96.8, "Silt_DCP_0_6_in": 0.7, "Clay_DCP_0_6_in": 2.5, "SurfText_DCP_SL": "Fine sand", "ParMatNm_DCP": "eolian sands", "Taxpartsiz_DCP": "loamy", "TaxClName_DCP": "Loamy, mixed, superactive, mesic Arenic Ustollic Haplargids", "OrgMatter_DCP_0_6_in": 0.75, "pHwater_DCP_0_6_in": 7.2, "BdSurf_DCP_0_6_in": 1.53, "SAR_DCP_0_6_in": 0, "CaC03_DCP_0_6_in": 0, "CEC7_DCP_0_6_in": 3, "EC_DCP_0_6_in": 0, "ECEC_DCP_0_6_in": null, "EcoSiteID_DCP": "R067BY015CO", "EcoSiteNm_DCP": "Deep Sand", "TempRegime_DCP": "mesic", "MoistRegim_DCP": "Aridic (torric)", "MoistSubcl_DCP": "Ustic", "TaxOrder_DCP": "Aridisols", "TaxSuborer_DCP": "Argids", "TaxGrtgrp_DCP": "Haplargids", "Taxsubgrp_DCP": "Arenic Ustollic Haplargids", "Dep2BedRS_DCP": null, "Sand_AllDepth": 82.47236842105262, "Silt_AllDepth": 10.92236842105263, "Clay_AllDepth": 6.605263157894737, "pH_AllDepth": 7.2, "OM_AllDepth": 0.4407894736842105, "BD_AllDepth": 1.5043421052631578, "CaCO3_AllDepth": 0, "EC_AllDepth": 1, "SAR_AllDepth": 0, "Ksat_AllDepth": 94.27631578947368, "AWC_AllDepth": 0.08282894736842106, "CEC_AllDepth": 4.796052631578948, "BaseSat_AllDepth": null, "DrainageCl": "Well drained", "Shape__Area": 1893354.6459960938, "Shape__Length": 23557.52185410735, "station": "Eastern Colorado RC", "station_svc": "ECRC Soils"}}, {"type": "Feature", "id": 14, "geometry": {"type": "Polygon", "coordinates": [[[-103.187853444568, 40.3896579121851], [-103.187734106976, 40.3896915641932], [-103.187507972273, 40.3902021887955], [-103.187019350742, 40.390851298837], [-103.186905311413, 40.3911738095431], [-103.186922960614, 40.3913724415813], [-103.187013959054, 40.3915185575446], [-103.187243455253, 40.391738253955], [-103.188031925442, 40.3922188699379], [-103.188413426468, 40.3925042164158], [-103.188588603339, 40.3925515368632], [-103.188878908296, 40.3927006264324], [-103.189509843629, 40.3928787007033], [-103.188809799104, 40.3928814025058], [-103.187187293479, 40.3928876503809], [-103.187004268028, 40.3927339437267], [-103.186662890254, 40.3923147112514], [-103.186459726371, 40.3919780283704], [-103.186243099437, 40.3912714839211], [-103.186239075883, 40.3909834481302], [-103.18619419695, 40.3908928978473], [-103.185925447068, 40.3907801761014], [-103.185821776992, 40.3906974479588], [-103.185817181211, 40.3904273487224], [-103.185992635661, 40.3900521070748], [-103.186481458414, 40.389393142191], [-103.186662814796, 40.3892064581693], [-103.186867598341, 40.3890748383909], [-103.187009534851, 40.3890407967575], [-103.187198074161, 40.3890434918718], [-103.187338092768, 40.3890731210174], [-103.187559376568, 40.389176009397], [-103.187767485677, 40.3893136643951], [-103.187824967075, 40.3893873818329], [-103.187853444568, 40.3896579121851]]]}, "properties": {"OBJECTID": 14, "areasymbol": "CO121", "spatialver": 8, "musym": "53", "mukey": 95016, "TaxCl": "Coarse-loamy, mixed, superactive, mesic Pachic Haplustolls", "TaxOrder": "Mollisols", "SubOrd": "Ustolls", "GrGrp": "Haplustolls", "SubGrp": "Pachic Haplustolls", "PartSz": "coarse-loamy", "Sand": 65.7, "Silt": 19.8, "Clay": 14.5, "BRdep": null, "BD": 1.43, "CaCO3": 0, "CEC": 10, "EC": 0, "ECEC": null, "MoiReg": "Ustic", "MoiSub": null, "OrderSsa": null, "OM": 2, "ParMat": "mixed alluvium", "pH": 7.2, "SAR": 0, "SurfTex": "Fine sandy loam", "Temp": "mesic", "EcoID": "R067BY036CO", "EcoName": "Overflow", "muname": "Paoli fine sandy loam", "Sand_DCP_0_6_in": 65.7, "Silt_DCP_0_6_in": 19.8, "Clay_DCP_0_6_in": 14.5, "SurfText_DCP_SL": "Fine sandy loam", "ParMatNm_DCP": "mixed alluvium", "Taxpartsiz_DCP": "coarse-loamy", "TaxClName_DCP": "Coarse-loamy, mixed, superactive, mesic Pachic Haplustolls", "OrgMatter_DCP_0_6_in": 2, "pHwater_DCP_0_6_in": 7.2, "BdSurf_DCP_0_6_in": 1.43, "SAR_DCP_0_6_in": 0, "CaC03_DCP_0_6_in": 0, "CEC7_DCP_0_6_in": 10, "EC_DCP_0_6_in": 0, "ECEC_DCP_0_6_in": null, "EcoSiteID_DCP": "R067BY036CO", "EcoSiteNm_DCP": "Overflow", "TempRegime_DCP": "mesic", "MoistRegim_DCP": "Ustic", "MoistSubcl_DCP": null, "TaxOrder_DCP": "Mollisols", "TaxSuborer_DCP": "Ustolls", "TaxGrtgrp_DCP": "Haplustolls", "Taxsubgrp_DCP": "Pachic Haplustolls", "Dep2BedRS_DCP": null, "Sand_AllDepth": 66.62302631578947, "Silt_AllDepth": 19.557894736842105, "Clay_AllDepth": 13.819078947368421, "pH_AllDepth": 7.2, "OM_AllDepth": 1.6414473684210527, "BD_AllDepth": 1.4201315789473683, "CaCO3_AllDepth": 1.381578947368421, "EC_AllDepth": 0, "SAR_AllDepth": 0, "Ksat_AllDepth": 28, "AWC_AllDepth": 0.12960526315789472, "CEC_AllDepth": 10, "BaseSat_AllDepth": null, "DrainageCl": "Well drained", "Shape__Area": 45468.092041015625, "Shape__Length": 1306.8377040086577, "station": "Eastern Colorado RC", "station_svc": "ECRC Soils"}}, {"type": "Feature", "id": 15, "geometry": {"type": "MultiPolygon", "coordinates": [[[[-103.169827241917, 40.4039669897376], [-103.169830951061, 40.4036500908055], [-103.169611910354, 40.4036517325601], [-103.169578962844, 40.4036034950581], [-103.169332628624, 40.4031215237905], [-103.169173313306, 40.4029121331254], [-103.168897841331, 40.4026735270528], [-103.168646105541, 40.4023628512412], [-103.168565739561, 40.4022984808868], [-103.168472076718, 40.4022796270064], [-103.168418658399, 40.4020803382743], [-103.168385745025, 40.4015755069654], [-103.168339724333, 40.4015208252535], [-103.168332298859, 40.4013404103146], [-103.168184074143, 40.4007436504481], [-103.168149121593, 40.3998513034998], [-103.168232563405, 40.399365828731], [-103.168396194229, 40.3989903926644], [-103.168505237128, 40.3988660306091], [-103.168660878336, 40.3987784148288], [-103.16897729103, 40.3993056436235], [-103.169216960649, 40.3995794041563], [-103.169527978062, 40.3998634367497], [-103.169678213209, 40.399947115479], [-103.169772541703, 40.399948919456], [-103.169888459409, 40.4004732090982], [-103.169909153898, 40.4009867906788], [-103.170040394168, 40.4018172726051], [-103.170273921108, 40.4023259308848], [-103.170460009814, 40.4028605588723], [-103.170673045283, 40.4032602680485], [-103.170770760427, 40.4035680495428], [-103.170808778028, 40.4038747460754], [-103.171003051284, 40.4041116917816], [-103.1711084596, 40.4041406206609], [-103.171075278528, 40.4049240419978], [-103.171186099193, 40.4056106585715], [-103.17111506581, 40.4056272261269], [-103.171076761647, 40.4057439910223], [-103.171016511641, 40.4057966493259], [-103.170875371937, 40.4057679605734], [-103.170714917555, 40.405630254391], [-103.170663107221, 40.4053404543013], [-103.170657239426, 40.4051518936819], [-103.170580799982, 40.4049252650818], [-103.170490973843, 40.4047432620026], [-103.169896243311, 40.4040680090819], [-103.169827241917, 40.4039669897376]]], [[[-103.165127815103, 40.4010265582725], [-103.165140002547, 40.4000908006973], [-103.165147075881, 40.3993679528862], [-103.165488684522, 40.3997632812759], [-103.165589534786, 40.399936602198], [-103.165800821236, 40.4004259380001], [-103.16594711188, 40.4006718800619], [-103.166179067666, 40.4012244997325], [-103.166254129993, 40.4014968651355], [-103.166345300909, 40.4016331356707], [-103.16642364029, 40.4022105884171], [-103.166555706112, 40.4025638684797], [-103.166679282854, 40.402773501022], [-103.166828968231, 40.4029109264225], [-103.167108987478, 40.4034554468372], [-103.167263966628, 40.4036693102764], [-103.166899942325, 40.4036720307997], [-103.166776118547, 40.4035584910985], [-103.166544618206, 40.4034015362277], [-103.166338420713, 40.4031643650151], [-103.165975753764, 40.4026630299313], [-103.165440083869, 40.4019700842681], [-103.165351144368, 40.4017611716162], [-103.165246354093, 40.4012998110548], [-103.165127815103, 40.4010265582725]]], [[[-103.166689231696, 40.4015572172532], [-103.166679004376, 40.4014673796418], [-103.166531666297, 40.401294011354], [-103.166339905628, 40.4009396417097], [-103.16586532746, 40.3997875628556], [-103.165796300015, 40.3997055380927], [-103.165709390706, 40.3994338461291], [-103.165407461549, 40.3988252177819], [-103.165156462378, 40.3984086331399], [-103.165176481334, 40.3963624868181], [-103.166555796842, 40.3963679441904], [-103.166848862322, 40.3969475909594], [-103.166974078489, 40.397102518747], [-103.167143401937, 40.3974116077135], [-103.167241937242, 40.3976566782654], [-103.167365428644, 40.3983157162136], [-103.167552643838, 40.3988144724112], [-103.167763344586, 40.3997362331702], [-103.167862491644, 40.3999991735717], [-103.167864214613, 40.4003598514444], [-103.167657754811, 40.4010322492259], [-103.167715120327, 40.4015195767965], [-103.167804355374, 40.4017195191208], [-103.167790401842, 40.4022323824877], [-103.167716563919, 40.4023395235107], [-103.167563810795, 40.4023374521233], [-103.167481391266, 40.4023000549505], [-103.167158168444, 40.4020605758738], [-103.166859291762, 40.4017668967116], [-103.166769885137, 40.4016126199612], [-103.166689231696, 40.4015572172532]]]]}, "properties": {"OBJECTID": 15, "areasymbol": "CO121", "spatialver": 8, "musym": "62", "mukey": 95026, "TaxCl": "Fine, smectitic, mesic Ustollic Haplargids", "TaxOrder": "Aridisols", "SubOrd": "Argids", "GrGrp": "Haplargids", "SubGrp": "Ustollic Haplargids", "PartSz": "fine", "Sand": 32.3, "Silt": 32.3, "Clay": 35.4, "BRdep": 91, "BD": 1.33, "CaCO3": 1, "CEC": 28.8, "EC": 0, "ECEC": null, "MoiReg": "Aridic (torric)", "MoiSub": "Ustic", "OrderSsa": null, "OM": 1.3, "ParMat": "calcareous clayey shale", "pH": 7.7, "SAR": 0, "SurfTex": "Clay loam", "Temp": "mesic", "EcoID": "R067BY042CO", "EcoName": "Clayey Plains", "muname": "Renohill clay loam, 5 to 9 percent slopes", "Sand_DCP_0_6_in": 32.3, "Silt_DCP_0_6_in": 32.3, "Clay_DCP_0_6_in": 35.4, "SurfText_DCP_SL": "Clay loam", "ParMatNm_DCP": "calcareous clayey shale", "Taxpartsiz_DCP": "fine", "TaxClName_DCP": "Fine, smectitic, mesic Ustollic Haplargids", "OrgMatter_DCP_0_6_in": 1.3, "pHwater_DCP_0_6_in": 7.7, "BdSurf_DCP_0_6_in": 1.33, "SAR_DCP_0_6_in": 0, "CaC03_DCP_0_6_in": 1, "CEC7_DCP_0_6_in": 28.8, "EC_DCP_0_6_in": 0, "ECEC_DCP_0_6_in": null, "EcoSiteID_DCP": "R067BY042CO", "EcoSiteNm_DCP": "Clayey Plains", "TempRegime_DCP": "mesic", "MoistRegim_DCP": "Aridic (torric)", "MoistSubcl_DCP": "Ustic", "TaxOrder_DCP": "Aridisols", "TaxSuborer_DCP": "Argids", "TaxGrtgrp_DCP": "Haplargids", "Taxsubgrp_DCP": "Ustollic Haplargids", "Dep2BedRS_DCP": 91, "Sand_AllDepth": 27.897802197802196, "Silt_AllDepth": 31.107692307692304, "Clay_AllDepth": 40.994505494505496, "pH_AllDepth": 7.6, "OM_AllDepth": 0.5357142857142857, "BD_AllDepth": 1.2915384615384615, "CaCO3_AllDepth": 5.428571428571429, "EC_AllDepth": 1, "SAR_AllDepth": 0, "Ksat_AllDepth": 1.104313725490196, "AWC_AllDepth": 0.17461538461538462, "CEC_AllDepth": 29.642857142857142, "BaseSat_AllDepth": null, "DrainageCl": "Well drained", "Shape__Area": 199165.35083007812, "Shape__Length": 4324.1127510325805, "station": "Eastern Colorado RC", "station_svc": "ECRC Soils"}}, {"type": "Feature", "id": 16, "geometry": {"type": "Polygon", "coordinates": [[[-103.179388646595, 40.4132697725589], [-103.179393555888, 40.4132802399836], [-103.179391859869, 40.4133698607429], [-103.179388983464, 40.4133799677021], [-103.179388646595, 40.4132697725589]]]}, "properties": {"OBJECTID": 16, "areasymbol": "CO121", "spatialver": 8, "musym": "68", "mukey": 95032, "TaxCl": "Fine-loamy, mixed, superactive, mesic Pachic Haplustolls", "TaxOrder": "Mollisols", "SubOrd": "Ustolls", "GrGrp": "Haplustolls", "SubGrp": "Pachic Haplustolls", "PartSz": "fine-loamy", "Sand": 41.6, "Silt": 37.4, "Clay": 21, "BRdep": null, "BD": 1.33, "CaCO3": 0, "CEC": 16.7, "EC": 0, "ECEC": null, "MoiReg": "Ustic", "MoiSub": null, "OrderSsa": null, "OM": 3.5, "ParMat": "alluvium", "pH": 7, "SAR": 0, "SurfTex": "Loam", "Temp": "mesic", "EcoID": "R067BY036CO", "EcoName": "Overflow", "muname": "Table Mountain loam", "Sand_DCP_0_6_in": 41.6, "Silt_DCP_0_6_in": 37.4, "Clay_DCP_0_6_in": 21, "SurfText_DCP_SL": "Loam", "ParMatNm_DCP": "alluvium", "Taxpartsiz_DCP": "fine-loamy", "TaxClName_DCP": "Fine-loamy, mixed, superactive, mesic Pachic Haplustolls", "OrgMatter_DCP_0_6_in": 3.5, "pHwater_DCP_0_6_in": 7, "BdSurf_DCP_0_6_in": 1.33, "SAR_DCP_0_6_in": 0, "CaC03_DCP_0_6_in": 0, "CEC7_DCP_0_6_in": 16.7, "EC_DCP_0_6_in": 0, "ECEC_DCP_0_6_in": null, "EcoSiteID_DCP": "R067BY036CO", "EcoSiteNm_DCP": "Overflow", "TempRegime_DCP": "mesic", "MoistRegim_DCP": "Ustic", "MoistSubcl_DCP": null, "TaxOrder_DCP": "Mollisols", "TaxSuborer_DCP": "Ustolls", "TaxGrtgrp_DCP": "Haplustolls", "Taxsubgrp_DCP": "Pachic Haplustolls", "Dep2BedRS_DCP": null, "Sand_AllDepth": 40.46315789473684, "Silt_AllDepth": 37.58947368421053, "Clay_AllDepth": 21.94736842105263, "pH_AllDepth": 7, "OM_AllDepth": 1.4835526315789473, "BD_AllDepth": 1.33, "CaCO3_AllDepth": 4.5394736842105265, "EC_AllDepth": 0, "SAR_AllDepth": 0, "Ksat_AllDepth": 14.157894736842104, "AWC_AllDepth": 0.16, "CEC_AllDepth": 14.078947368421053, "BaseSat_AllDepth": null, "DrainageCl": "Well drained", "Shape__Area": 3.665771484375, "Shape__Length": 24.56984651076147, "station": "Eastern Colorado RC", "station_svc": "ECRC Soils"}}, {"type": "Feature", "id": 17, "geometry": {"type": "MultiPolygon", "coordinates": [[[[-103.179391078335, 40.414066781854], [-103.179388983464, 40.4133799677021], [-103.179391859869, 40.4133698607429], [-103.179393555888, 40.4132802399836], [-103.179388646595, 40.4132697725589], [-103.179381342394, 40.4108768788771], [-103.179378430056, 40.4099223504079], [-103.179714284089, 40.410123287615], [-103.180231044448, 40.4106265773909], [-103.180745596748, 40.4112025029309], [-103.180901057394, 40.411574141808], [-103.180968927809, 40.4116562252948], [-103.18107838573, 40.4120089940955], [-103.181215114706, 40.4121829544695], [-103.181307445347, 40.4122475315079], [-103.181563917056, 40.4123323206672], [-103.181847724498, 40.4123099136042], [-103.181919537619, 40.4122655447246], [-103.181981420762, 40.4121581760053], [-103.181998221055, 40.4119701146401], [-103.181864910168, 40.4116527226176], [-103.181502343831, 40.4111066522529], [-103.181161107991, 40.4106775403598], [-103.181038304698, 40.4104052080004], [-103.180801343499, 40.4100408903545], [-103.180701559536, 40.4097958956663], [-103.180703675967, 40.4088235443031], [-103.180650504685, 40.4086152904226], [-103.180572713276, 40.4084702088557], [-103.180479492404, 40.4083967284588], [-103.180363607936, 40.4083585548736], [-103.1802446135, 40.4083841206716], [-103.180147969149, 40.408454073614], [-103.179891602543, 40.4088195838745], [-103.179769724515, 40.4089348384082], [-103.179557286425, 40.4089675060673], [-103.179375445852, 40.4089447654548], [-103.179370254488, 40.4072438291668], [-103.184178075618, 40.4072004740973], [-103.186155972736, 40.4071825805979], [-103.186357354361, 40.4076237002456], [-103.186316578034, 40.4078220792333], [-103.18607008571, 40.4082497092828], [-103.186062832712, 40.4085204860226], [-103.186251226495, 40.4089466451158], [-103.186594441324, 40.4093478783703], [-103.186892534675, 40.4096326125749], [-103.187128030722, 40.4096630760367], [-103.187459174888, 40.409613790845], [-103.187709158065, 40.4095279428413], [-103.1879002971, 40.4094141106874], [-103.18801047008, 40.4092538568228], [-103.188027164371, 40.4090649049693], [-103.188131046449, 40.4087241703068], [-103.188265008614, 40.4085634578777], [-103.188407360145, 40.4085213348851], [-103.188584298612, 40.4085148435833], [-103.18902992857, 40.408584371617], [-103.189848657611, 40.4088314015465], [-103.190162626888, 40.4089898889349], [-103.190427439454, 40.4092281661818], [-103.190483701839, 40.4093368692848], [-103.19049028649, 40.4095083809888], [-103.190327895341, 40.4098479741866], [-103.190039154351, 40.410069426122], [-103.189429880094, 40.4103744794841], [-103.189272645275, 40.4105526314963], [-103.189207329669, 40.410767629016], [-103.189213660995, 40.4109839192737], [-103.188964108111, 40.4115111017206], [-103.1888580575, 40.4119602865329], [-103.188867237384, 40.4124646849732], [-103.188929634363, 40.4127995370107], [-103.189049030346, 40.4131794889018], [-103.189373831508, 40.4137876735262], [-103.18953303274, 40.4140068985214], [-103.189740773539, 40.4141991899414], [-103.1900774127, 40.4143930935783], [-103.190517127252, 40.4145784882775], [-103.189086349058, 40.4145865274645], [-103.188088129436, 40.4145786770486], [-103.187868975541, 40.4140890864223], [-103.1875745563, 40.4136519528814], [-103.18736893283, 40.4129725227362], [-103.187080233162, 40.4127338080091], [-103.186998781119, 40.4127062138335], [-103.18679814779, 40.4127024129989], [-103.186607662729, 40.412799196393], [-103.186485252, 40.4129682020997], [-103.186442085256, 40.4132374414481], [-103.186495600592, 40.4134725327962], [-103.186640553645, 40.4137632964544], [-103.186902787147, 40.4140823022394], [-103.187162852117, 40.4145097550356], [-103.187183595115, 40.41457155641], [-103.184239386535, 40.4145483279804], [-103.182778333319, 40.4145367739505], [-103.182190597069, 40.4140083888683], [-103.181659588532, 40.4136124499169], [-103.181426385884, 40.4135102233378], [-103.181168758044, 40.4134613123563], [-103.180849984577, 40.4134561607341], [-103.180423605516, 40.4135305377553], [-103.180126246089, 40.4136432350916], [-103.179552435523, 40.4139578593165], [-103.179443354894, 40.4140464224571], [-103.179391078335, 40.414066781854]]], [[[-103.213892719266, 40.410052830248], [-103.213973449064, 40.4096847404697], [-103.214079629931, 40.4083438348356], [-103.214141746636, 40.4082274828092], [-103.214247438819, 40.4077881366845], [-103.214319202532, 40.4072844788797], [-103.21426347195, 40.4072041452772], [-103.216126302067, 40.4072124712691], [-103.216257416572, 40.4072130561132], [-103.2169346376, 40.4072160733615], [-103.216934635804, 40.4072164167436], [-103.21692751935, 40.4108514993877], [-103.216922206713, 40.4135654780467], [-103.216530755947, 40.4137150525199], [-103.215996140673, 40.4138503469298], [-103.21544189272, 40.4138506800187], [-103.214479197874, 40.413737369516], [-103.213952950408, 40.4135668911155], [-103.213674164547, 40.4134270402447], [-103.213093607634, 40.4130850828454], [-103.212595938271, 40.412725857517], [-103.212369702957, 40.4123985767221], [-103.212363017695, 40.4121912565902], [-103.212460965502, 40.4120755459477], [-103.212673682069, 40.4120338526403], [-103.213733818072, 40.4120502934464], [-103.213959326649, 40.4119819050838], [-103.214115417913, 40.4118754045675], [-103.214108563768, 40.4112544798166], [-103.21405941065, 40.4108750095298], [-103.213920736821, 40.4103412960906], [-103.213892719266, 40.410052830248]]], [[[-103.202228638782, 40.4068358716466], [-103.202184300635, 40.406727388867], [-103.201872311245, 40.4065061502983], [-103.199858826469, 40.4055466627593], [-103.199290054554, 40.4052138288313], [-103.199037209344, 40.4050115930035], [-103.198765454597, 40.4045749826284], [-103.198688067431, 40.4043752786285], [-103.198605841938, 40.4039153301009], [-103.198602536138, 40.4035994953306], [-103.198528622756, 40.4034855484877], [-103.198515832543, 40.4028495884018], [-103.198542508015, 40.4027694376263], [-103.198662106119, 40.4026910003612], [-103.199404748754, 40.4018196580026], [-103.199584675017, 40.401677796823], [-103.19990640484, 40.4015475463333], [-103.200106721063, 40.4015602956387], [-103.200269986273, 40.401607387394], [-103.200935635204, 40.4018612789683], [-103.201213779667, 40.4020190959521], [-103.201491397717, 40.4022306565568], [-103.201801085623, 40.4025236475676], [-103.202621830484, 40.4035806808063], [-103.202759736253, 40.4037187407383], [-103.202838753862, 40.403863740883], [-103.203308155039, 40.4043571073349], [-103.203614857844, 40.4047854482405], [-103.203713288046, 40.4050752671369], [-103.20431972183, 40.4061928634155], [-103.204542465392, 40.4067101478096], [-103.204573442897, 40.4068632602837], [-103.204954437273, 40.4075899587], [-103.205160693157, 40.4082505280519], [-103.205229009136, 40.4083603278445], [-103.205215358337, 40.4084139266752], [-103.205108509124, 40.4084298724541], [-103.204521659512, 40.4083666659414], [-103.203785570087, 40.4081123289829], [-103.203541463688, 40.4079731651613], [-103.203161002013, 40.4076877946344], [-103.202596054225, 40.4071927144795], [-103.202310181556, 40.406864345158], [-103.202228638782, 40.4068358716466]]], [[[-103.175457366485, 40.4049929204724], [-103.176055236629, 40.4050833840729], [-103.176422855092, 40.405017730305], [-103.176670527802, 40.4050036552802], [-103.176977324031, 40.40500859823], [-103.177187477705, 40.4050834928368], [-103.177387101328, 40.4050775176611], [-103.177495395032, 40.4050167527968], [-103.177641603031, 40.4048473002726], [-103.17780944336, 40.4047151125194], [-103.177896647316, 40.4045633365908], [-103.177929508588, 40.404203374191], [-103.177817760861, 40.4035436715053], [-103.177693918218, 40.4033081008283], [-103.177194270765, 40.4026426937633], [-103.177105584589, 40.4024248211084], [-103.177087671284, 40.4022351536909], [-103.177110036639, 40.4018301326809], [-103.177162863866, 40.4016328634049], [-103.177448453567, 40.4010606896196], [-103.177538795338, 40.4007744510868], [-103.177569093716, 40.4005310152438], [-103.177644324028, 40.4003432162351], [-103.177688866991, 40.4000282471955], [-103.177688016287, 40.3996057449599], [-103.177516326676, 40.3989897372853], [-103.176603305971, 40.3970121422522], [-103.176507504239, 40.396640695254], [-103.176509387108, 40.3963894733385], [-103.179332881877, 40.3963991737332], [-103.179361702527, 40.3999903000904], [-103.179365977609, 40.4036170655359], [-103.179370254488, 40.4072438291668], [-103.178213470541, 40.4072448470003], [-103.178213160622, 40.4072435911251], [-103.1781216726, 40.4071162954666], [-103.177984185446, 40.4069701299], [-103.177903229272, 40.4069237040385], [-103.177820831303, 40.4069221198224], [-103.177697058728, 40.4071368512245], [-103.177689794052, 40.4072453046149], [-103.175613649989, 40.4072470926638], [-103.175401370002, 40.4070640964954], [-103.175276695519, 40.4068912385447], [-103.17515478605, 40.4065919953162], [-103.175136269077, 40.4063844568734], [-103.175352913079, 40.4058018822515], [-103.175420543644, 40.4054793362673], [-103.175457366485, 40.4049929204724]]], [[[-103.201456960801, 40.4004277932716], [-103.20141177105, 40.4003462166889], [-103.201044110367, 40.3999983417043], [-103.200884904645, 40.3997791326457], [-103.200643685431, 40.3995502756102], [-103.200370033443, 40.399177342362], [-103.20022924498, 40.3987511754596], [-103.200190273368, 40.3979763220605], [-103.199990720712, 40.3970629089219], [-103.199944964125, 40.39699927031], [-103.199860783, 40.3966379135585], [-103.199573277193, 40.3959390058304], [-103.199235389374, 40.3953665140988], [-103.198993048165, 40.3951735305584], [-103.198794267162, 40.3951168247167], [-103.198557102944, 40.3951401946307], [-103.19841320092, 40.3952728390414], [-103.198367217957, 40.3954591224396], [-103.198314644954, 40.3928443490092], [-103.195215034117, 40.3928565184148], [-103.195134861274, 40.3926996699548], [-103.195059215043, 40.3924461509166], [-103.19508180318, 40.3920679669037], [-103.195229904828, 40.3917999072456], [-103.195384494109, 40.3913246748979], [-103.19550737825, 40.3911019174322], [-103.195690717213, 40.3908524393892], [-103.195799741247, 40.3907638628338], [-103.195977736132, 40.3906856797862], [-103.196120570958, 40.3906605294156], [-103.196273105791, 40.3906724248531], [-103.196635241835, 40.3908129271483], [-103.197274042817, 40.3911560951469], [-103.197793033692, 40.3915517481649], [-103.198640931031, 40.3920065327969], [-103.198848017857, 40.3921809355358], [-103.199133816865, 40.39250930875], [-103.199365924466, 40.3926482650797], [-103.199541811904, 40.3927143311538], [-103.199718993814, 40.3926988557857], [-103.200066994867, 40.3924516181848], [-103.200129076538, 40.3922994670442], [-103.200000004801, 40.3918475668592], [-103.199733341705, 40.39124863607], [-103.19941864659, 40.3906578152084], [-103.199247660361, 40.3904750886743], [-103.198714210202, 40.3901250286618], [-103.198252870506, 40.3897574251695], [-103.197932370478, 40.3894274491194], [-103.197798262786, 40.3891378741753], [-103.197729531785, 40.3886225525638], [-103.197762417311, 40.3882992858925], [-103.197830411693, 40.3879579035297], [-103.198045056944, 40.3873933008507], [-103.19807708368, 40.3870969405213], [-103.198047997129, 40.3868443494255], [-103.198003104721, 40.3867538038409], [-103.197998944623, 40.3864648790604], [-103.198037856048, 40.3863310595653], [-103.19814878002, 40.386178811119], [-103.198509792271, 40.385860111003], [-103.198729774413, 40.3855843657957], [-103.198969149385, 40.3854534396101], [-103.199229544036, 40.3854126282327], [-103.199512578928, 40.3854072301866], [-103.200015524096, 40.385514621733], [-103.200779103765, 40.3856071471436], [-103.201074691715, 40.3855491058046], [-103.201313492663, 40.3854361123629], [-103.201427397245, 40.3855728533227], [-103.201482519667, 40.3857174238393], [-103.20142876448, 40.3859872723727], [-103.201439679909, 40.3868971135154], [-103.20153779121, 40.3871958989567], [-103.201816675885, 40.3877860700689], [-103.202132385198, 40.388304311491], [-103.202626739777, 40.388798036916], [-103.203081103156, 40.3894265384373], [-103.203332898235, 40.3897013373945], [-103.203760923909, 40.3899866699085], [-103.203972007339, 40.3900355021604], [-103.204430330492, 40.3900782832919], [-103.204652210774, 40.3901632030082], [-103.204939977092, 40.3903929738835], [-103.205488118299, 40.3910411851098], [-103.205927860698, 40.391371500137], [-103.206090913007, 40.3914284417568], [-103.206267521792, 40.391430895257], [-103.206398744095, 40.39136163276], [-103.206928592908, 40.3909097255975], [-103.207378469202, 40.3904211991436], [-103.207939528183, 40.3897007209248], [-103.208374277746, 40.3892748265672], [-103.208639991322, 40.3890627004599], [-103.208770563245, 40.3885512174195], [-103.208789470985, 40.3882905162392], [-103.208668874853, 40.3879464653585], [-103.208476704553, 40.3876369374609], [-103.208249056188, 40.3873536086806], [-103.207288678996, 40.3862580469717], [-103.207168945247, 40.3858870880475], [-103.206883854112, 40.3854951309067], [-103.206731491755, 40.3850606821066], [-103.206773573334, 40.384781648513], [-103.206897027906, 40.3845767511276], [-103.207209576047, 40.3843565817963], [-103.207436334181, 40.3842424730606], [-103.207767154954, 40.3842029938919], [-103.208320798342, 40.3842107732661], [-103.208589228424, 40.3842966077107], [-103.208865945464, 40.3845350565255], [-103.209426162723, 40.3851377960391], [-103.210096323891, 40.3860851917051], [-103.210404977836, 40.3864507303645], [-103.211290274735, 40.3872748222879], [-103.211644133702, 40.3877219300466], [-103.21188477979, 40.3879687005811], [-103.212403593698, 40.3884090703321], [-103.212655898122, 40.3886650219058], [-103.213031610404, 40.3891395265469], [-103.213304246398, 40.3895491950926], [-103.213800005942, 40.3899264175757], [-103.214133332117, 40.3902645783237], [-103.214230650205, 40.3905902610407], [-103.214194918816, 40.3914732335166], [-103.21439544794, 40.3923946315902], [-103.214414564089, 40.39297187554], [-103.214371284157, 40.3932858985439], [-103.214361609302, 40.3940966580458], [-103.214307896336, 40.3943665140561], [-103.214373092466, 40.3945749639034], [-103.214600982477, 40.3948484248561], [-103.214866958361, 40.3950507739986], [-103.215087925955, 40.3951616920163], [-103.215484559102, 40.3953127044229], [-103.21582396238, 40.3953810447289], [-103.216342251671, 40.3953800705015], [-103.216449273361, 40.3953542575758], [-103.216523597272, 40.3952291492379], [-103.216530256484, 40.394977200959], [-103.216275913782, 40.3939013125544], [-103.216262239627, 40.3934956468657], [-103.216344071658, 40.3930916850573], [-103.216344088726, 40.3926682266016], [-103.216049214039, 40.3917450609156], [-103.215668191814, 40.3910184042315], [-103.215415867627, 40.3907624581807], [-103.215160994022, 40.3905872293632], [-103.214954722866, 40.3903859471582], [-103.214486892843, 40.3898021181468], [-103.214113296092, 40.3892191708116], [-103.213430386932, 40.3878759211461], [-103.213211324665, 40.3872420647307], [-103.212900225506, 40.3865346857733], [-103.212727410306, 40.3859456361202], [-103.21267893901, 40.3855491242793], [-103.212708349853, 40.3853334776011], [-103.212832547331, 40.3851007786528], [-103.213011360581, 40.3849956663808], [-103.213153326735, 40.384997402333], [-103.213512670815, 40.3851926251698], [-103.213894805154, 40.3854599550315], [-103.214078937329, 40.3856428067048], [-103.214443751251, 40.3860803281065], [-103.214783984572, 40.3865810264812], [-103.215176912169, 40.3873078966278], [-103.215408211286, 40.3879329943557], [-103.216029736767, 40.3889520802923], [-103.216297855133, 40.3895052422607], [-103.216649155698, 40.3899972476898], [-103.216805605389, 40.3903419312418], [-103.216859094675, 40.390584438523], [-103.216867064528, 40.3922252075022], [-103.216869269892, 40.3926788710109], [-103.216869668744, 40.3927612211074], [-103.217067576584, 40.3927603179963], [-103.217066936085, 40.392770750981], [-103.217025200357, 40.3963772895204], [-103.217011015959, 40.3976030920766], [-103.216818502502, 40.3974585005533], [-103.216125951724, 40.3968803536979], [-103.215632348136, 40.3963955799557], [-103.215358112243, 40.3960764246585], [-103.214688613133, 40.3955256044539], [-103.214457367914, 40.3953955760401], [-103.213497321302, 40.3947055768022], [-103.213242203355, 40.3945751212595], [-103.212657827703, 40.3943587290133], [-103.212079133895, 40.3939629597598], [-103.211637082825, 40.3937751396933], [-103.211253298281, 40.3935625043737], [-103.210862365843, 40.3932321022572], [-103.21061687514, 40.3931377968454], [-103.210497631871, 40.3931723597986], [-103.210303253512, 40.3933947409645], [-103.210180695459, 40.3936085446861], [-103.21016288007, 40.3937975652418], [-103.21028192571, 40.3942321259884], [-103.210308737726, 40.394520656897], [-103.210365020772, 40.394629349544], [-103.210416984718, 40.3949191307507], [-103.210483453761, 40.3950460424046], [-103.210508179889, 40.3954788279413], [-103.210594922111, 40.3957236510263], [-103.210579426173, 40.3963359949192], [-103.210662524828, 40.3967332190621], [-103.210683365743, 40.3972924592258], [-103.210704117724, 40.3973915429262], [-103.210795366794, 40.3975277820919], [-103.21088798849, 40.3975833700936], [-103.210813936768, 40.3981587730632], [-103.210709042288, 40.3985353986569], [-103.210635320248, 40.3986783740404], [-103.210619827903, 40.3988314534756], [-103.210650570048, 40.3994178804321], [-103.210636072138, 40.3999576547542], [-103.210690460637, 40.4001300181197], [-103.210953318469, 40.4004310331557], [-103.211464821886, 40.4007276953231], [-103.212026648926, 40.4008621237854], [-103.2122612242, 40.400883640551], [-103.212544977744, 40.4008611660556], [-103.212561489677, 40.4008575000025], [-103.212594209014, 40.4029248958538], [-103.212538054428, 40.4028884300296], [-103.212227469105, 40.4026223719547], [-103.211380684779, 40.4016626737663], [-103.2105648546, 40.4009026364294], [-103.210038716728, 40.4002728758724], [-103.209711526946, 40.3997364999709], [-103.209679882892, 40.3996004369851], [-103.209555658464, 40.3993738683671], [-103.209458918891, 40.3990302421626], [-103.209312197056, 40.398793318933], [-103.209140028643, 40.3986464799107], [-103.208439749659, 40.3983919221954], [-103.20831168673, 40.3983276130353], [-103.208149992674, 40.3981900216148], [-103.208096180893, 40.397999719031], [-103.208106714538, 40.3975855100398], [-103.207973076665, 40.3973129249422], [-103.207649262751, 40.397092376505], [-103.207335307848, 40.3969339336206], [-103.207094361722, 40.396696121848], [-103.20705017, 40.3965419750935], [-103.207066026163, 40.3959564692564], [-103.207036950392, 40.3957396880662], [-103.206958504112, 40.3955767533141], [-103.206638833228, 40.3951849743435], [-103.206406987935, 40.395037062227], [-103.205950820739, 40.3949216484341], [-103.205797509761, 40.394937559781], [-103.20561804613, 40.3950247940135], [-103.204855333335, 40.3958140648261], [-103.20485114988, 40.3959494862127], [-103.204997327337, 40.3962401586451], [-103.205092047497, 40.3966465692423], [-103.205248696614, 40.3969464915585], [-103.205214838213, 40.397342334949], [-103.205266932415, 40.3975864520814], [-103.205629610142, 40.3981324494806], [-103.20580352488, 40.3982612890827], [-103.206570257636, 40.3986427754264], [-103.207069985039, 40.3989293808135], [-103.207265742312, 40.3990856202699], [-103.207538336085, 40.3994594946734], [-103.207733858, 40.3996605096358], [-103.20790749426, 40.3997983155961], [-103.208417510067, 40.4001040250443], [-103.208843435479, 40.4004619823864], [-103.209082455617, 40.400798382046], [-103.209352781144, 40.4017032721231], [-103.209559443965, 40.4018964873217], [-103.209929907391, 40.4021537592112], [-103.210054227938, 40.4023812173512], [-103.210701533271, 40.4033012868278], [-103.211125263201, 40.4037667968809], [-103.211217324348, 40.4038403226923], [-103.212344484552, 40.404425906355], [-103.212603941362, 40.4046410397361], [-103.21260254538, 40.4062291229221], [-103.212136176916, 40.406088666476], [-103.211338249263, 40.405941755125], [-103.210217418588, 40.4055366421814], [-103.209890196466, 40.4054595331379], [-103.209465838614, 40.4054354177752], [-103.208938005621, 40.4053545395164], [-103.208678967426, 40.4053505282641], [-103.208607179458, 40.4053949133315], [-103.208507576056, 40.4056002412572], [-103.208447858751, 40.4060584421783], [-103.20850395315, 40.4061769950869], [-103.208531662584, 40.406474429518], [-103.208641724172, 40.4067376206339], [-103.208645269823, 40.4070435968058], [-103.208557604132, 40.4072491399591], [-103.208389907533, 40.4073822578], [-103.208282488788, 40.4074161430952], [-103.208199895885, 40.4074244389637], [-103.208047276609, 40.4073767486505], [-103.207782982371, 40.4071205713329], [-103.207455208684, 40.4066021238145], [-103.207366140723, 40.406393240587], [-103.206771004153, 40.4057530778506], [-103.206659286969, 40.4055087823812], [-103.206627930376, 40.4053637488417], [-103.206627957325, 40.4049044808594], [-103.20678648482, 40.4043036680793], [-103.20681808845, 40.4035203051922], [-103.206698687077, 40.4027169130853], [-103.206623274408, 40.4024544306847], [-103.206500672338, 40.4021731549177], [-103.206261569555, 40.4018358605068], [-103.206043634674, 40.4016253795156], [-103.204979355641, 40.400906346262], [-103.204673185538, 40.4004242653825], [-103.204619097974, 40.4002429287598], [-103.204371817828, 40.3998246310022], [-103.204093631144, 40.3996310137603], [-103.203953389755, 40.3996112629547], [-103.203882085979, 40.3996368163408], [-103.203699277022, 40.3998325638634], [-103.203376657868, 40.4004489982278], [-103.20309784955, 40.4007325838595], [-103.202858565307, 40.400900218163], [-103.202527622364, 40.4009038753206], [-103.202176836533, 40.4008173499007], [-103.201815209834, 40.4006589260439], [-103.201456960801, 40.4004277932716]]], [[[-103.216985692451, 40.3997911927095], [-103.216983355933, 40.3999930994341], [-103.216983344255, 40.3999947686419], [-103.215998289444, 40.3999986440771], [-103.215696150979, 40.3999998316774], [-103.215717666529, 40.3998741614299], [-103.215884906783, 40.3997956687994], [-103.21674435466, 40.3998092181534], [-103.216985692451, 40.3997911927095]]], [[[-103.198380679212, 40.3961286027322], [-103.198761484044, 40.3967740064761], [-103.198837147344, 40.3970275229029], [-103.198853160712, 40.3973157750227], [-103.198762713838, 40.3976118885663], [-103.198592929554, 40.3978068839674], [-103.198473673708, 40.3978414363145], [-103.198415151163, 40.3978429468589], [-103.198386675466, 40.3964268142746], [-103.198380679212, 40.3961286027322]]], [[[-103.187853444568, 40.3896579121851], [-103.188005311953, 40.3896868657489], [-103.188168095666, 40.389788607147], [-103.18857991124, 40.3902091956981], [-103.188706151487, 40.3903738936201], [-103.188760352238, 40.390509569522], [-103.188753721773, 40.3907982128524], [-103.188530280219, 40.3912173733499], [-103.188512693901, 40.3913974220072], [-103.188528950712, 40.3916767046041], [-103.188637034211, 40.3920393892956], [-103.188663795921, 40.3923637320169], [-103.188588603339, 40.3925515368632], [-103.188413426468, 40.3925042164158], [-103.188031925442, 40.3922188699379], [-103.187243455253, 40.391738253955], [-103.187013959054, 40.3915185575446], [-103.186922960614, 40.3913724415813], [-103.186905311413, 40.3911738095431], [-103.187019350742, 40.390851298837], [-103.187507972273, 40.3902021887955], [-103.187734106976, 40.3896915641932], [-103.187853444568, 40.3896579121851]]], [[[-103.183753141048, 40.3856444618992], [-103.183916257137, 40.3856433903678], [-103.185033493652, 40.3856360456562], [-103.185038790119, 40.3856499269826], [-103.185035666677, 40.3857843889693], [-103.184891147511, 40.3858991471783], [-103.184688758874, 40.3859599032966], [-103.184300568992, 40.3859623002037], [-103.183951281552, 40.3857950727845], [-103.183753141048, 40.3856444618992]]], [[[-103.195396424634, 40.3811639262135], [-103.195767734274, 40.3810299613812], [-103.195825444742, 40.3809407286702], [-103.195802831452, 40.38082295111], [-103.195722710711, 40.3807138242327], [-103.195479855666, 40.3805387725084], [-103.195039288613, 40.3802935226435], [-103.194602557366, 40.3799800159288], [-103.194150129857, 40.3795581837521], [-103.194013194268, 40.3793582933229], [-103.193949422866, 40.3790333767871], [-103.193980669865, 40.378398665931], [-103.193693138007, 40.3777454168225], [-103.193584764353, 40.3773917095449], [-103.193579734685, 40.3770231599248], [-103.193616229642, 40.3769243959514], [-103.19404841721, 40.3766383572964], [-103.194899465839, 40.3762057949106], [-103.195249609374, 40.3759450178908], [-103.195381827909, 40.3758031959549], [-103.19555744136, 40.3755129780037], [-103.19561081117, 40.3752037652606], [-103.195544257685, 40.375040150534], [-103.195270600307, 40.3748194087079], [-103.195202749655, 40.3747373343701], [-103.195120348093, 40.3746999560866], [-103.194792140519, 40.3746586830958], [-103.193426885442, 40.3746469737133], [-103.192599504726, 40.3747236649991], [-103.191917591797, 40.3746953784123], [-103.191682979692, 40.3746371271545], [-103.191485122158, 40.3745535052566], [-103.19131247674, 40.3744245812884], [-103.191175312081, 40.3742694637731], [-103.191051673355, 40.3740240535294], [-103.190787276709, 40.3737768130766], [-103.190708928345, 40.3736496779322], [-103.190677580735, 40.3734688372373], [-103.190575560865, 40.373331413342], [-103.19051140139, 40.373096937361], [-103.190401135884, 40.3728068980107], [-103.190084433932, 40.3723245064683], [-103.190043733063, 40.3720627330189], [-103.189987448221, 40.3719889500829], [-103.189979201687, 40.3718363352416], [-103.189847113407, 40.3715188922531], [-103.189766439305, 40.3714276984821], [-103.189691694982, 40.3711472738518], [-103.189696890837, 40.3710623376903], [-103.190885066413, 40.3710558906847], [-103.191297815336, 40.3714335609816], [-103.191974548579, 40.3721192433743], [-103.192090419573, 40.3721932109512], [-103.192330373958, 40.3724579541087], [-103.19252602523, 40.3726142132332], [-103.192701569511, 40.3726892567949], [-103.192925544665, 40.3726657497428], [-103.192986036318, 40.3726041131567], [-103.193015984352, 40.3723696469639], [-103.192916300102, 40.3721255581919], [-103.192633957812, 40.3716886620284], [-103.192107239628, 40.3710492465725], [-103.193248161124, 40.3710430322602], [-103.193608642471, 40.3710410659914], [-103.193903386004, 40.3713298433933], [-103.193984883862, 40.3713583209696], [-103.194643738834, 40.3718194110183], [-103.195027542242, 40.3724823851477], [-103.19517689165, 40.3725929372335], [-103.195290192563, 40.3727476199215], [-103.19541742994, 40.3728397365003], [-103.196059971507, 40.3735166063181], [-103.196325201789, 40.3737011219445], [-103.196559440195, 40.3737674427107], [-103.197067636914, 40.3737035535064], [-103.197377597908, 40.3735641276229], [-103.19770116209, 40.3733352971554], [-103.19799803463, 40.3730129857359], [-103.197964473571, 40.3746355627093], [-103.197889623247, 40.3782543103236], [-103.202690076394, 40.3782637218092], [-103.204548593699, 40.3782673124484], [-103.204528694219, 40.3783691374753], [-103.204305758417, 40.3787802435844], [-103.204284601295, 40.3791485002873], [-103.204230532597, 40.3793915111495], [-103.204169475005, 40.3794710909823], [-103.204025570286, 40.37956793242], [-103.203704232129, 40.3796892240423], [-103.2033851721, 40.379738765175], [-103.203090419584, 40.3797340975145], [-103.203019132876, 40.3797596522849], [-103.20298146472, 40.3798584873758], [-103.203065401503, 40.3802646136273], [-103.203221150509, 40.3805914416301], [-103.203351453836, 40.3810083513659], [-103.203652777528, 40.3816437869314], [-103.203923336617, 40.3821162546573], [-103.204043615644, 40.382469278854], [-103.204088993142, 40.3829653400559], [-103.204011661671, 40.3832257915605], [-103.20390123357, 40.3833592189795], [-103.203759226093, 40.3833923889871], [-103.203465732116, 40.3833885468097], [-103.203394969127, 40.3833603562371], [-103.203002088242, 40.3830569048266], [-103.20252497952, 40.3828513651342], [-103.202328421848, 40.3827220259491], [-103.201910923531, 40.3820215949593], [-103.201719426967, 40.3812348599749], [-103.201564824212, 40.3808721547355], [-103.201314255333, 40.3805265632407], [-103.201130211192, 40.3803794996241], [-103.20104812943, 40.3803689641276], [-103.200870407632, 40.3804023778501], [-103.200691260209, 40.380480635106], [-103.200224901625, 40.3807704368204], [-103.200019925841, 40.3809468524271], [-103.199733767507, 40.3810509076242], [-103.198628765147, 40.3818712986195], [-103.198201654857, 40.3824319021228], [-103.198064050024, 40.3827092149131], [-103.198044336495, 40.3829977117094], [-103.19813134911, 40.3832693789838], [-103.197834624792, 40.3833632883365], [-103.197511829567, 40.3835294071191], [-103.196861835577, 40.3840776458727], [-103.196655788102, 40.3842908222833], [-103.196484404817, 40.3845405155406], [-103.196395263195, 40.3847550836324], [-103.19630028432, 40.3856906506325], [-103.196224064963, 40.3859152248757], [-103.196057847889, 40.3859211189584], [-103.195988841106, 40.385874918751], [-103.195956175667, 40.3857756189887], [-103.195831201147, 40.3856117521307], [-103.195543638746, 40.3853362953446], [-103.195247093193, 40.3849718256006], [-103.194498340217, 40.3843296417732], [-103.194328970955, 40.384056400179], [-103.194255338746, 40.3837401013767], [-103.194262361775, 40.3834791872417], [-103.194375539619, 40.3832193847222], [-103.194718024118, 40.3827289706764], [-103.195214452907, 40.3822056110348], [-103.195449960632, 40.3817767973318], [-103.195469200748, 40.3815071296903], [-103.195396424634, 40.3811639262135]]], [[[-103.216001615905, 40.3824022221561], [-103.216215660183, 40.3823156798036], [-103.216451928781, 40.3823191840074], [-103.216784630626, 40.3825112053369], [-103.216814390015, 40.3843051076009], [-103.216597281584, 40.3839429204582], [-103.216107874925, 40.3832869223337], [-103.215950644598, 40.3830049533833], [-103.215895495226, 40.3828603900462], [-103.215889087543, 40.3826441052245], [-103.216001615905, 40.3824022221561]]], [[[-103.210640529578, 40.3806530750157], [-103.210677522202, 40.3805005605449], [-103.210654883758, 40.3803827849523], [-103.210414246653, 40.3802300146248], [-103.210148710943, 40.3801726673258], [-103.209643749058, 40.3802453758423], [-103.209224894285, 40.3802388592322], [-103.208996096975, 40.3801677725068], [-103.208768371356, 40.3799659185622], [-103.208658535244, 40.3797752366937], [-103.20859656766, 40.3794099355329], [-103.208597051851, 40.3792380207304], [-103.208681228485, 40.3789512110939], [-103.208778651676, 40.3783359862082], [-103.208777327559, 40.3782753730802], [-103.211207636915, 40.3782799347718], [-103.211494006353, 40.3787377283194], [-103.212198140907, 40.3796679475393], [-103.212252946224, 40.3797856751115], [-103.212228302741, 40.3803663090399], [-103.212270795749, 40.3807273521074], [-103.212247448535, 40.3809793550667], [-103.212294982888, 40.3812371571436], [-103.212287979622, 40.3816153513378], [-103.211806450291, 40.3815900436152], [-103.211431736934, 40.3814664199341], [-103.211074495811, 40.3812093002897], [-103.210925055673, 40.3810629594094], [-103.210722094809, 40.3807173504173], [-103.210640529578, 40.3806530750157]]], [[[-103.188539472679, 40.3809653448147], [-103.188544779926, 40.3809661166993], [-103.188540247925, 40.3809995424429], [-103.188539472679, 40.3809653448147]]], [[[-103.215159973536, 40.3794789940788], [-103.21549246787, 40.3793856828735], [-103.215695328122, 40.3792711325478], [-103.215751148536, 40.3789751949738], [-103.215664023631, 40.3786677335506], [-103.21598012461, 40.3784831473531], [-103.216075083722, 40.3783855078064], [-103.216081765391, 40.3782889295018], [-103.216714612339, 40.3782900825844], [-103.216744703206, 40.3801041322989], [-103.216396408405, 40.3800528950449], [-103.216153401544, 40.3800533576345], [-103.215958355736, 40.3801038989514], [-103.215841814599, 40.3801884480341], [-103.215748165231, 40.3804167187363], [-103.21556125816, 40.380359364069], [-103.215400156991, 40.3802038462134], [-103.215164769641, 40.3797499802872], [-103.215131991015, 40.3796497948969], [-103.215159973536, 40.3794789940788]]], [[[-103.188594569949, 40.3710683083561], [-103.188743487267, 40.3713839090301], [-103.188931461537, 40.3722791715777], [-103.189018713104, 40.3725418749438], [-103.189404398483, 40.3730704718978], [-103.189595052427, 40.3734606747436], [-103.189786491499, 40.3737523578697], [-103.189778916904, 40.3740670138686], [-103.189717651802, 40.3741564466211], [-103.189549867168, 40.3742528405963], [-103.189015011146, 40.3744068446937], [-103.188932938367, 40.3743963014196], [-103.188306977006, 40.3744856639303], [-103.187694544272, 40.3744847311466], [-103.187126747927, 40.3745483944559], [-103.185806274765, 40.3746262602144], [-103.185308074499, 40.3747539916452], [-103.185258933958, 40.3748337774724], [-103.185272985405, 40.3749968048387], [-103.184982753212, 40.3753794734529], [-103.184638421777, 40.3759818637471], [-103.184495247389, 40.376357950928], [-103.184476504939, 40.3765738720171], [-103.184532159164, 40.3767005130268], [-103.184635931647, 40.3768199381497], [-103.185143962178, 40.3771204640691], [-103.18520015629, 40.3771933599652], [-103.185257928743, 40.3774828097035], [-103.185193529419, 40.3777067016622], [-103.184611013279, 40.3783101181627], [-103.184523105942, 40.3784431638865], [-103.183695876143, 40.3784415180957], [-103.178909313645, 40.3784318814934], [-103.178891990533, 40.3747761908455], [-103.178874670116, 40.3711204989607], [-103.18366583648, 40.3710948752117], [-103.188457001048, 40.3710690522939], [-103.188594569949, 40.3710683083561]]], [[[-103.197527168301, 40.3710196259245], [-103.198039317607, 40.3710168137417], [-103.198030020942, 40.3714663358076], [-103.197527168301, 40.3710196259245]]]]}, "properties": {"OBJECTID": 17, "areasymbol": "CO121", "spatialver": 8, "musym": "70", "mukey": 95035, "TaxCl": "Mixed, mesic Ustic Torripsamments", "TaxOrder": "Entisols", "SubOrd": "Psamments", "GrGrp": "Torripsamments", "SubGrp": "Ustic Torripsamments", "PartSz": "not used", "Sand": 95.6, "Silt": 1.5, "Clay": 2.9, "BRdep": null, "BD": 1.63, "CaCO3": 0, "CEC": 2.6, "EC": 0.1, "ECEC": null, "MoiReg": "Aridic (torric)", "MoiSub": "Ustic", "OrderSsa": "Order 2", "OM": 0.85, "ParMat": "noncalcareous eolian sands", "pH": 6.7, "SAR": 0, "SurfTex": "Sand", "Temp": "mesic", "EcoID": "R067BY015CO", "EcoName": "Deep Sand", "muname": "Valent sand, 3 to 9 percent slopes", "Sand_DCP_0_6_in": 95.6, "Silt_DCP_0_6_in": 1.5, "Clay_DCP_0_6_in": 2.9, "SurfText_DCP_SL": "Sand", "ParMatNm_DCP": "noncalcareous eolian sands", "Taxpartsiz_DCP": "not used", "TaxClName_DCP": "Mixed, mesic Ustic Torripsamments", "OrgMatter_DCP_0_6_in": 0.85, "pHwater_DCP_0_6_in": 6.7, "BdSurf_DCP_0_6_in": 1.63, "SAR_DCP_0_6_in": 0, "CaC03_DCP_0_6_in": 0, "CEC7_DCP_0_6_in": 2.6, "EC_DCP_0_6_in": 0.1, "ECEC_DCP_0_6_in": null, "EcoSiteID_DCP": "R067BY015CO", "EcoSiteNm_DCP": "Deep Sand", "TempRegime_DCP": "mesic", "MoistRegim_DCP": "Aridic (torric)", "MoistSubcl_DCP": "Ustic", "TaxOrder_DCP": "Entisols", "TaxSuborer_DCP": "Psamments", "TaxGrtgrp_DCP": "Torripsamments", "Taxsubgrp_DCP": "Ustic Torripsamments", "Dep2BedRS_DCP": null, "Sand_AllDepth": 96.43596059113301, "Silt_AllDepth": 1.5, "Clay_AllDepth": 2.064039408866995, "pH_AllDepth": 6.6, "OM_AllDepth": 0.20738916256157638, "BD_AllDepth": 1.6291625615763545, "CaCO3_AllDepth": 0, "EC_AllDepth": 0.1, "SAR_AllDepth": 0, "Ksat_AllDepth": 211.5, "AWC_AllDepth": 0.039999999999999994, "CEC_AllDepth": 1.7098522167487686, "BaseSat_AllDepth": 189.9164505906079, "DrainageCl": "Excessively drained", "Shape__Area": 4504321.727783203, "Shape__Length": 42227.819961596724, "station": "Eastern Colorado RC", "station_svc": "ECRC Soils"}}, {"type": "Feature", "id": 18, "geometry": {"type": "MultiPolygon", "coordinates": [[[[-103.186155972736, 40.4071825805979], [-103.18898589046, 40.4071569199475], [-103.193794349393, 40.4071656556784], [-103.19514205139, 40.4071680689315], [-103.195599055816, 40.4075164082555], [-103.19574709009, 40.4077076135247], [-103.195938115039, 40.4080530388687], [-103.196320879096, 40.408302488065], [-103.196752420776, 40.4084802221568], [-103.197007598012, 40.4086465204402], [-103.197133473543, 40.4087834824022], [-103.197290114575, 40.4090834169965], [-103.197476992002, 40.4091399099759], [-103.197618482049, 40.4091246832583], [-103.197679239604, 40.4090889909872], [-103.197908142016, 40.4088771981698], [-103.198106797255, 40.4085194121192], [-103.198395677484, 40.4078395621496], [-103.198567965372, 40.4075629554646], [-103.198701422684, 40.4074210598749], [-103.198882263432, 40.4072881008051], [-103.19904778521, 40.4072276348046], [-103.199354592219, 40.407232525605], [-103.199494979135, 40.4072889804644], [-103.199667432313, 40.407426865204], [-103.199951672744, 40.4078099426297], [-103.200206698165, 40.4084346126837], [-103.20084673433, 40.4096255133011], [-103.201020469404, 40.4101769322375], [-103.201300866842, 40.4107222686984], [-103.201507953668, 40.4113559396542], [-103.201564191798, 40.4114288299607], [-103.20172922579, 40.4118822669467], [-103.202407484372, 40.4129554973612], [-103.202654840876, 40.4134096100773], [-103.202816272624, 40.4135561781925], [-103.202898109146, 40.4135756834673], [-103.202954014001, 40.4141168120347], [-103.203029995305, 40.4143613614683], [-103.203115585887, 40.4145050856812], [-103.201992389948, 40.414511995669], [-103.201840601614, 40.4143163900082], [-103.201748535077, 40.4142428564903], [-103.20113621643, 40.4133502863279], [-103.201056379557, 40.4132679983494], [-103.200973075188, 40.413257529555], [-103.200841325573, 40.4133456134732], [-103.200789981465, 40.4134980501419], [-103.200798432815, 40.4140651615562], [-103.20075789005, 40.4142536869446], [-103.200709971218, 40.4142984970329], [-103.200670569313, 40.4144511469887], [-103.200621320076, 40.4145204171942], [-103.198741930415, 40.4145319349774], [-103.198551813663, 40.4145330176763], [-103.19870244317, 40.4144380109547], [-103.198884820936, 40.4142610969304], [-103.199092620126, 40.4139582936309], [-103.199107975029, 40.4133907210072], [-103.199320249625, 40.4129435251521], [-103.19934714249, 40.4128085996314], [-103.199330838068, 40.4125293130394], [-103.199285971711, 40.4124745738805], [-103.199221658625, 40.412239207507], [-103.198794077617, 40.4114757554434], [-103.198653968281, 40.4114103322583], [-103.198500622269, 40.4114262349202], [-103.198379099075, 40.4115683457283], [-103.198323841905, 40.4118472334439], [-103.198238140831, 40.4119899876718], [-103.198141225188, 40.4120689236648], [-103.197880537686, 40.4121195921147], [-103.197118060249, 40.412017121823], [-103.196614890502, 40.4118739080174], [-103.195962053344, 40.4115941886884], [-103.195855768273, 40.4115921873521], [-103.195845161865, 40.4120063997614], [-103.196133082693, 40.4131457665568], [-103.196126922047, 40.4133797789276], [-103.196048097575, 40.4136850758216], [-103.196077433858, 40.4138928933781], [-103.196189659488, 40.4140834547093], [-103.196329199292, 40.4141668202915], [-103.19696471244, 40.4142040166272], [-103.197210697216, 40.4142437128042], [-103.197737195313, 40.4144052926026], [-103.197843395044, 40.4144064026617], [-103.19823119326, 40.414534842465], [-103.195860571565, 40.4145483095136], [-103.195859831353, 40.4145471905654], [-103.195673709409, 40.4144628980122], [-103.195449851037, 40.414441633179], [-103.195366873654, 40.4144579988458], [-103.195281695399, 40.414547005898], [-103.195268691387, 40.4145516643062], [-103.195173460086, 40.4145522039456], [-103.194908685249, 40.4144062159419], [-103.194721706312, 40.4143488293497], [-103.194143987177, 40.4143763688192], [-103.194014959457, 40.4143380604667], [-103.193876852466, 40.4142098487294], [-103.193798898462, 40.4140280773131], [-103.193814274925, 40.4139206655807], [-103.193897983536, 40.4138406962431], [-103.194424575956, 40.4135430180451], [-103.194865366689, 40.4133871992692], [-103.194926751267, 40.4132986523602], [-103.194946770224, 40.4130011837948], [-103.194872779587, 40.4126580409583], [-103.194761004911, 40.4124128423975], [-103.194591122711, 40.4121942305248], [-103.194464102726, 40.4120931419835], [-103.194254678484, 40.4119904794531], [-103.193693085905, 40.4118470015742], [-103.192891445515, 40.4118523769816], [-103.192406242972, 40.4118988117548], [-103.192114796256, 40.4117864945268], [-103.191950562663, 40.4117654087352], [-103.191809154362, 40.4117815192436], [-103.191592986467, 40.4119308028867], [-103.191495580344, 40.412028561377], [-103.191491943964, 40.4121460463394], [-103.191661319514, 40.4124542140019], [-103.19179807544, 40.4126281622813], [-103.191886729277, 40.4128451360019], [-103.19196954676, 40.413252234968], [-103.192026101995, 40.4133519688838], [-103.192232660611, 40.4135443216802], [-103.192464251681, 40.4137012310121], [-103.192566529368, 40.4138287994272], [-103.192599006161, 40.4139379601916], [-103.192591401023, 40.4142168175679], [-103.192409708672, 40.4144124823382], [-103.192032374032, 40.4145699559591], [-103.190517127252, 40.4145784882775], [-103.1900774127, 40.4143930935783], [-103.189740773539, 40.4141991899414], [-103.18953303274, 40.4140068985214], [-103.189373831508, 40.4137876735262], [-103.189049030346, 40.4131794889018], [-103.188929634363, 40.4127995370107], [-103.188867237384, 40.4124646849732], [-103.1888580575, 40.4119602865329], [-103.188964108111, 40.4115111017206], [-103.189213660995, 40.4109839192737], [-103.189207329669, 40.410767629016], [-103.189272645275, 40.4105526314963], [-103.189429880094, 40.4103744794841], [-103.190039154351, 40.410069426122], [-103.190327895341, 40.4098479741866], [-103.19049028649, 40.4095083809888], [-103.190483701839, 40.4093368692848], [-103.190427439454, 40.4092281661818], [-103.190162626888, 40.4089898889349], [-103.189848657611, 40.4088314015465], [-103.18902992857, 40.408584371617], [-103.188584298612, 40.4085148435833], [-103.188407360145, 40.4085213348851], [-103.188265008614, 40.4085634578777], [-103.188131046449, 40.4087241703068], [-103.188027164371, 40.4090649049693], [-103.18801047008, 40.4092538568228], [-103.1879002971, 40.4094141106874], [-103.187709158065, 40.4095279428413], [-103.187459174888, 40.409613790845], [-103.187128030722, 40.4096630760367], [-103.186892534675, 40.4096326125749], [-103.186594441324, 40.4093478783703], [-103.186251226495, 40.4089466451158], [-103.186062832712, 40.4085204860226], [-103.18607008571, 40.4082497092828], [-103.186316578034, 40.4078220792333], [-103.186357354361, 40.4076237002456], [-103.186155972736, 40.4071825805979]]], [[[-103.21088798849, 40.3975833700936], [-103.210795366794, 40.3975277820919], [-103.210704117724, 40.3973915429262], [-103.210683365743, 40.3972924592258], [-103.210662524828, 40.3967332190621], [-103.210579426173, 40.3963359949192], [-103.210594922111, 40.3957236510263], [-103.210508179889, 40.3954788279413], [-103.210483453761, 40.3950460424046], [-103.210416984718, 40.3949191307507], [-103.210365020772, 40.394629349544], [-103.210308737726, 40.394520656897], [-103.21028192571, 40.3942321259884], [-103.21016288007, 40.3937975652418], [-103.210180695459, 40.3936085446861], [-103.210303253512, 40.3933947409645], [-103.210497631871, 40.3931723597986], [-103.21061687514, 40.3931377968454], [-103.210862365843, 40.3932321022572], [-103.211253298281, 40.3935625043737], [-103.211637082825, 40.3937751396933], [-103.212079133895, 40.3939629597598], [-103.212657827703, 40.3943587290133], [-103.213242203355, 40.3945751212595], [-103.213497321302, 40.3947055768022], [-103.214457367914, 40.3953955760401], [-103.214688613133, 40.3955256044539], [-103.215358112243, 40.3960764246585], [-103.215632348136, 40.3963955799557], [-103.216125951724, 40.3968803536979], [-103.216818502502, 40.3974585005533], [-103.217011015959, 40.3976030920766], [-103.216985692451, 40.3997911927095], [-103.21674435466, 40.3998092181534], [-103.215884906783, 40.3997956687994], [-103.215717666529, 40.3998741614299], [-103.215696150979, 40.3999998316774], [-103.213309915666, 40.4000091806079], [-103.21328159448, 40.3997555180644], [-103.213183985338, 40.3994388011177], [-103.21317701531, 40.3992404521511], [-103.213068885099, 40.3988786778053], [-103.213057784617, 40.398392290935], [-103.2130053787, 40.3981571462253], [-103.21289498204, 40.3978671217239], [-103.212815910532, 40.3977570462152], [-103.212619566658, 40.3971594869906], [-103.212209368052, 40.3966036882949], [-103.211875785858, 40.3963102979794], [-103.211597162592, 40.3961713327872], [-103.21147981387, 40.3961422260274], [-103.211385205101, 40.3961494204506], [-103.211253215636, 40.3962464835163], [-103.210962892713, 40.3974403267084], [-103.21088798849, 40.3975833700936]]], [[[-103.201313492663, 40.3854361123629], [-103.201373719313, 40.3849590923132], [-103.201319650614, 40.3847777571483], [-103.201184155025, 40.3845688376811], [-103.200848635165, 40.3843023938219], [-103.200570845536, 40.3841356097895], [-103.200092595954, 40.3839659356954], [-103.199646207818, 40.3838875463196], [-103.199152731791, 40.3838619746398], [-103.198848505642, 40.383775475903], [-103.198453776923, 40.3835714889553], [-103.19813134911, 40.3832693789838], [-103.198044336495, 40.3829977117094], [-103.198064050024, 40.3827092149131], [-103.198201654857, 40.3824319021228], [-103.198628765147, 40.3818712986195], [-103.199733767507, 40.3810509076242], [-103.200019925841, 40.3809468524271], [-103.200224901625, 40.3807704368204], [-103.200691260209, 40.380480635106], [-103.200870407632, 40.3804023778501], [-103.20104812943, 40.3803689641276], [-103.201130211192, 40.3803794996241], [-103.201314255333, 40.3805265632407], [-103.201564824212, 40.3808721547355], [-103.201719426967, 40.3812348599749], [-103.201910923531, 40.3820215949593], [-103.202328421848, 40.3827220259491], [-103.20252497952, 40.3828513651342], [-103.203002088242, 40.3830569048266], [-103.203394969127, 40.3833603562371], [-103.203465732116, 40.3833885468097], [-103.203759226093, 40.3833923889871], [-103.20390123357, 40.3833592189795], [-103.204011661671, 40.3832257915605], [-103.204088993142, 40.3829653400559], [-103.204043615644, 40.382469278854], [-103.203923336617, 40.3821162546573], [-103.203652777528, 40.3816437869314], [-103.203351453836, 40.3810083513659], [-103.203221150509, 40.3805914416301], [-103.203065401503, 40.3802646136273], [-103.20298146472, 40.3798584873758], [-103.203019132876, 40.3797596522849], [-103.203090419584, 40.3797340975145], [-103.2033851721, 40.379738765175], [-103.203704232129, 40.3796892240423], [-103.204025570286, 40.37956793242], [-103.204169475005, 40.3794710909823], [-103.204230532597, 40.3793915111495], [-103.204284601295, 40.3791485002873], [-103.204305758417, 40.3787802435844], [-103.204528694219, 40.3783691374753], [-103.204548593699, 40.3782673124484], [-103.205529030272, 40.378269195019], [-103.205711453851, 40.378648979807], [-103.205997516065, 40.3789683661931], [-103.206224037942, 40.3793233790716], [-103.206728539891, 40.3798353037645], [-103.207053216187, 40.3800298360439], [-103.207484613238, 40.3802075298143], [-103.207879066174, 40.3804204563853], [-103.208271667682, 40.3807328613848], [-103.208440753077, 40.3809792455795], [-103.208579659569, 40.3815397935518], [-103.208693571337, 40.3816765287354], [-103.208879101291, 40.3818145453096], [-103.209041565204, 40.3818894198705], [-103.209182341988, 40.3818912277528], [-103.209503534618, 40.3818155888461], [-103.210206841824, 40.3814656637938], [-103.210425059674, 40.3812437112933], [-103.210540163507, 40.3809211147159], [-103.210543522307, 40.3807776835238], [-103.210640529578, 40.3806530750157], [-103.210722094809, 40.3807173504173], [-103.210925055673, 40.3810629594094], [-103.211074495811, 40.3812093002897], [-103.211431736934, 40.3814664199341], [-103.211806450291, 40.3815900436152], [-103.212287979622, 40.3816153513378], [-103.212326780554, 40.3819399009615], [-103.212653907455, 40.3824762632956], [-103.212779573678, 40.3826230664149], [-103.213114845604, 40.3828984480777], [-103.213624106826, 40.3832211809362], [-103.214086332261, 40.3835618195577], [-103.214257390356, 40.3837803335095], [-103.214369188388, 40.3840255104654], [-103.215240698842, 40.3853722944373], [-103.215502478696, 40.3857100620296], [-103.215790454321, 40.3859299491337], [-103.216011769563, 40.3860327868912], [-103.216304283477, 40.386109172361], [-103.2164227515, 40.3861023997271], [-103.216543061968, 40.3859961504364], [-103.216643658008, 40.3857540522349], [-103.21670381998, 40.3852421088837], [-103.21682640049, 40.3850291434968], [-103.216834473649, 40.3855158102729], [-103.216852069849, 40.3891384879133], [-103.216859094675, 40.390584438523], [-103.216805605389, 40.3903419312418], [-103.216649155698, 40.3899972476898], [-103.216297855133, 40.3895052422607], [-103.216029736767, 40.3889520802923], [-103.215408211286, 40.3879329943557], [-103.215176912169, 40.3873078966278], [-103.214783984572, 40.3865810264812], [-103.214443751251, 40.3860803281065], [-103.214078937329, 40.3856428067048], [-103.213894805154, 40.3854599550315], [-103.213512670815, 40.3851926251698], [-103.213153326735, 40.384997402333], [-103.213011360581, 40.3849956663808], [-103.212832547331, 40.3851007786528], [-103.212708349853, 40.3853334776011], [-103.21267893901, 40.3855491242793], [-103.212727410306, 40.3859456361202], [-103.212900225506, 40.3865346857733], [-103.213211324665, 40.3872420647307], [-103.213430386932, 40.3878759211461], [-103.214113296092, 40.3892191708116], [-103.214486892843, 40.3898021181468], [-103.214954722866, 40.3903859471582], [-103.215160994022, 40.3905872293632], [-103.215415867627, 40.3907624581807], [-103.215668191814, 40.3910184042315], [-103.216049214039, 40.3917450609156], [-103.216344088726, 40.3926682266016], [-103.216344071658, 40.3930916850573], [-103.216262239627, 40.3934956468657], [-103.216275913782, 40.3939013125544], [-103.216530256484, 40.394977200959], [-103.216523597272, 40.3952291492379], [-103.216449273361, 40.3953542575758], [-103.216342251671, 40.3953800705015], [-103.21582396238, 40.3953810447289], [-103.215484559102, 40.3953127044229], [-103.215087925955, 40.3951616920163], [-103.214866958361, 40.3950507739986], [-103.214600982477, 40.3948484248561], [-103.214373092466, 40.3945749639034], [-103.214307896336, 40.3943665140561], [-103.214361609302, 40.3940966580458], [-103.214371284157, 40.3932858985439], [-103.214414564089, 40.39297187554], [-103.21439544794, 40.3923946315902], [-103.214194918816, 40.3914732335166], [-103.214230650205, 40.3905902610407], [-103.214133332117, 40.3902645783237], [-103.213800005942, 40.3899264175757], [-103.213304246398, 40.3895491950926], [-103.213031610404, 40.3891395265469], [-103.212655898122, 40.3886650219058], [-103.212403593698, 40.3884090703321], [-103.21188477979, 40.3879687005811], [-103.211644133702, 40.3877219300466], [-103.211290274735, 40.3872748222879], [-103.210404977836, 40.3864507303645], [-103.210096323891, 40.3860851917051], [-103.209426162723, 40.3851377960391], [-103.208865945464, 40.3845350565255], [-103.208589228424, 40.3842966077107], [-103.208320798342, 40.3842107732661], [-103.207767154954, 40.3842029938919], [-103.207436334181, 40.3842424730606], [-103.207209576047, 40.3843565817963], [-103.206897027906, 40.3845767511276], [-103.206773573334, 40.384781648513], [-103.206731491755, 40.3850606821066], [-103.206883854112, 40.3854951309067], [-103.207168945247, 40.3858870880475], [-103.207288678996, 40.3862580469717], [-103.208249056188, 40.3873536086806], [-103.208476704553, 40.3876369374609], [-103.208668874853, 40.3879464653585], [-103.208789470985, 40.3882905162392], [-103.208770563245, 40.3885512174195], [-103.208639991322, 40.3890627004599], [-103.208374277746, 40.3892748265672], [-103.207939528183, 40.3897007209248], [-103.207378469202, 40.3904211991436], [-103.206928592908, 40.3909097255975], [-103.206398744095, 40.39136163276], [-103.206267521792, 40.391430895257], [-103.206090913007, 40.3914284417568], [-103.205927860698, 40.391371500137], [-103.205488118299, 40.3910411851098], [-103.204939977092, 40.3903929738835], [-103.204652210774, 40.3901632030082], [-103.204430330492, 40.3900782832919], [-103.203972007339, 40.3900355021604], [-103.203760923909, 40.3899866699085], [-103.203332898235, 40.3897013373945], [-103.203081103156, 40.3894265384373], [-103.202626739777, 40.388798036916], [-103.202132385198, 40.388304311491], [-103.201816675885, 40.3877860700689], [-103.20153779121, 40.3871958989567], [-103.201439679909, 40.3868971135154], [-103.20142876448, 40.3859872723727], [-103.201482519667, 40.3857174238393], [-103.201427397245, 40.3855728533227], [-103.201313492663, 40.3854361123629]]], [[[-103.187961337624, 40.3869472651581], [-103.1881910593, 40.3867085860841], [-103.188244041037, 40.3865014564158], [-103.188282829392, 40.3859173453497], [-103.188265177497, 40.38571871296], [-103.188221219337, 40.3856150310455], [-103.188644880096, 40.3856122317883], [-103.188625098295, 40.3847402126867], [-103.188678333358, 40.3848062201458], [-103.18890234624, 40.3847827207423], [-103.188974412685, 40.384729378852], [-103.189133004859, 40.3840927886172], [-103.189140530944, 40.3838130475887], [-103.18903140001, 40.3834871309241], [-103.188905585565, 40.3833501626579], [-103.188743712744, 40.3832573248563], [-103.188590295765, 40.3832059339864], [-103.188563657123, 40.3820315957715], [-103.188540247925, 40.3809995424429], [-103.188544779926, 40.3809661166993], [-103.188608634871, 40.3807959665631], [-103.188613957389, 40.3805888659298], [-103.188727724528, 40.3803111324615], [-103.188947153308, 40.3800533425798], [-103.18910272804, 40.3799657016375], [-103.189303715305, 40.3799148645969], [-103.189786786146, 40.3799321138849], [-103.190183764247, 40.3800643776676], [-103.190403304417, 40.3802210714768], [-103.190529403629, 40.3803490694433], [-103.190663711645, 40.3805938743118], [-103.191009929542, 40.3808606264026], [-103.191280114033, 40.3813420891534], [-103.191484664017, 40.3815981106923], [-103.191693747798, 40.3817455514279], [-103.191892158694, 40.3817754287585], [-103.19203698239, 40.3816875019714], [-103.192122944874, 40.381535786355], [-103.192288896945, 40.3810787145902], [-103.19237052416, 40.380647931147], [-103.19254420264, 40.3803264936604], [-103.192774408508, 40.3801047878618], [-103.193059673916, 40.3799918475594], [-103.19327144905, 40.3799770953154], [-103.193729217942, 40.3800387408963], [-103.19396290029, 40.3801230040219], [-103.194749088759, 40.3806762152348], [-103.195097231745, 40.3808792850977], [-103.195396424634, 40.3811639262135], [-103.195469200748, 40.3815071296903], [-103.195449960632, 40.3817767973318], [-103.195214452907, 40.3822056110348], [-103.194718024118, 40.3827289706764], [-103.194375539619, 40.3832193847222], [-103.194262361775, 40.3834791872417], [-103.194255338746, 40.3837401013767], [-103.194328970955, 40.384056400179], [-103.194498340217, 40.3843296417732], [-103.195247093193, 40.3849718256006], [-103.195543638746, 40.3853362953446], [-103.195831201147, 40.3856117521307], [-103.195956175667, 40.3857756189887], [-103.195988841106, 40.385874918751], [-103.196057847889, 40.3859211189584], [-103.196043755119, 40.386029351305], [-103.195769607261, 40.3865830162448], [-103.195241491299, 40.3873946610991], [-103.19492444619, 40.3877949978439], [-103.194549272897, 40.3881861136931], [-103.194380318657, 40.3883183893229], [-103.194152666699, 40.3884593809562], [-103.193914702082, 40.388545455621], [-103.193432559201, 40.3885380140669], [-103.193164093187, 40.3884163394772], [-103.192933443551, 40.3882325278449], [-103.192830915234, 40.3881139323878], [-103.192322848771, 40.387259277931], [-103.192015558468, 40.3868945182133], [-103.191612112498, 40.3865450820894], [-103.190774343664, 40.3861541380349], [-103.190359062389, 40.3858053741046], [-103.190197181484, 40.3857125362656], [-103.190010855622, 40.3856372068241], [-103.189763825208, 40.3856333709329], [-103.189619119192, 40.3857579928088], [-103.189527697645, 40.3860801132543], [-103.189555410672, 40.3863784384053], [-103.189631514146, 40.3866131322815], [-103.189730548914, 40.3872995086461], [-103.189775233812, 40.387399915982], [-103.189893270643, 40.3882391914734], [-103.189807160835, 40.388850170682], [-103.189707421787, 40.389125317518], [-103.189587658394, 40.3895681175377], [-103.189649488536, 40.3903345001492], [-103.189916351956, 40.3909244843417], [-103.190142453422, 40.3912876068609], [-103.190473144837, 40.3916716313641], [-103.191118545741, 40.3922221492152], [-103.191941141132, 40.3927571988421], [-103.19208814414, 40.3928687103958], [-103.190543645519, 40.3928747017069], [-103.190328933793, 40.3926869880732], [-103.189756467107, 40.3920562174435], [-103.189216899421, 40.3910663722846], [-103.189008870263, 40.3905043716701], [-103.188924141165, 40.3901251388183], [-103.188911521632, 40.3897283724263], [-103.188832441141, 40.3891688771762], [-103.188830861903, 40.388763425191], [-103.188663079066, 40.3879860654933], [-103.18859599288, 40.3878761914149], [-103.188578302357, 40.3876417523669], [-103.188399591515, 40.3872875667694], [-103.188135154445, 40.3870403202499], [-103.187961337624, 40.3869472651581]]], [[[-103.216001615905, 40.3824022221561], [-103.215944536054, 40.382356246032], [-103.215853458562, 40.3817508895502], [-103.215653872669, 40.3812976635947], [-103.215740086682, 40.3807135080872], [-103.215748165231, 40.3804167187363], [-103.215841814599, 40.3801884480341], [-103.215958355736, 40.3801038989514], [-103.216153401544, 40.3800533576345], [-103.216396408405, 40.3800528950449], [-103.216744703206, 40.3801041322989], [-103.216774540749, 40.3819029728278], [-103.216784630626, 40.3825112053369], [-103.216451928781, 40.3823191840074], [-103.216215660183, 40.3823156798036], [-103.216001615905, 40.3824022221561]]]]}, "properties": {"OBJECTID": 18, "areasymbol": "CO121", "spatialver": 8, "musym": "71", "mukey": 95036, "TaxCl": "Mixed, mesic Ustic Torripsamments", "TaxOrder": "Entisols", "SubOrd": "Psamments", "GrGrp": "Torripsamments", "SubGrp": "Ustic Torripsamments", "PartSz": "not used", "Sand": 95.7, "Silt": 1.7, "Clay": 2.7, "BRdep": null, "BD": 1.63, "CaCO3": 0, "CEC": 2.3, "EC": 0.1, "ECEC": null, "MoiReg": "Aridic (torric)", "MoiSub": "Ustic", "OrderSsa": "Order 2", "OM": 0.63, "ParMat": "noncalcareous eolian sands", "pH": 6.8, "SAR": 0, "SurfTex": "Sand", "Temp": "mesic", "EcoID": "R067BY015CO", "EcoName": "Deep Sand", "muname": "Valent sand, rolling", "Sand_DCP_0_6_in": 95.7, "Silt_DCP_0_6_in": 1.7, "Clay_DCP_0_6_in": 2.7, "SurfText_DCP_SL": "Sand", "ParMatNm_DCP": "noncalcareous eolian sands", "Taxpartsiz_DCP": "not used", "TaxClName_DCP": "Mixed, mesic Ustic Torripsamments", "OrgMatter_DCP_0_6_in": 0.63, "pHwater_DCP_0_6_in": 6.8, "BdSurf_DCP_0_6_in": 1.63, "SAR_DCP_0_6_in": 0, "CaC03_DCP_0_6_in": 0, "CEC7_DCP_0_6_in": 2.3, "EC_DCP_0_6_in": 0.1, "ECEC_DCP_0_6_in": null, "EcoSiteID_DCP": "R067BY015CO", "EcoSiteNm_DCP": "Deep Sand", "TempRegime_DCP": "mesic", "MoistRegim_DCP": "Aridic (torric)", "MoistSubcl_DCP": "Ustic", "TaxOrder_DCP": "Entisols", "TaxSuborer_DCP": "Psamments", "TaxGrtgrp_DCP": "Torripsamments", "Taxsubgrp_DCP": "Ustic Torripsamments", "Dep2BedRS_DCP": null, "Sand_AllDepth": 95.97536945812809, "Silt_AllDepth": 1.9753694581280787, "Clay_AllDepth": 2.0492610837438425, "pH_AllDepth": 6.6, "OM_AllDepth": 0.1394088669950739, "BD_AllDepth": 1.6204926108374387, "CaCO3_AllDepth": 0, "EC_AllDepth": 0.1, "SAR_AllDepth": 0, "Ksat_AllDepth": 211.5, "AWC_AllDepth": 0.039999999999999994, "CEC_AllDepth": 1.6541871921182267, "BaseSat_AllDepth": 100, "DrainageCl": "Excessively drained", "Shape__Area": 2513240.5615234375, "Shape__Length": 24558.413535457545, "station": "Eastern Colorado RC", "station_svc": "ECRC Soils"}}, {"type": "Feature", "id": 19, "geometry": {"type": "MultiPolygon", "coordinates": [[[[-103.199354592219, 40.407232525605], [-103.199253981805, 40.407015342944], [-103.198681079436, 40.4064293836996], [-103.198585248958, 40.4063010118783], [-103.198530758051, 40.4035917366658], [-103.198528622756, 40.4034855484877], [-103.198602536138, 40.4035994953306], [-103.198605841938, 40.4039153301009], [-103.198688067431, 40.4043752786285], [-103.198765454597, 40.4045749826284], [-103.199037209344, 40.4050115930035], [-103.199290054554, 40.4052138288313], [-103.199858826469, 40.4055466627593], [-103.201872311245, 40.4065061502983], [-103.202184300635, 40.406727388867], [-103.202228638782, 40.4068358716466], [-103.202226206145, 40.4069532883788], [-103.202315411547, 40.4071165095677], [-103.202368072586, 40.4073426909606], [-103.202647809762, 40.4079050715726], [-103.202728820733, 40.4084116420617], [-103.202674963138, 40.4086806048308], [-103.202590085819, 40.4087606473337], [-103.202437226693, 40.4087577279685], [-103.201980932834, 40.4086064905826], [-103.201580769308, 40.4086096172107], [-103.201245643808, 40.4087845022644], [-103.20114801131, 40.4089270441058], [-103.201131925178, 40.4090980595797], [-103.201393335824, 40.4098682931297], [-103.201555613785, 40.4099879549316], [-103.202012921842, 40.4100666210413], [-103.20233135305, 40.4100448787553], [-103.202732139109, 40.4100596209932], [-103.202965451352, 40.410162696868], [-103.203044145567, 40.410280858141], [-103.203068833068, 40.4107136503919], [-103.202967016217, 40.4109916155273], [-103.20296468419, 40.4115226384864], [-103.20281919125, 40.4120877864308], [-103.202781167361, 40.4126548645882], [-103.202819462541, 40.4129982502501], [-103.202917615164, 40.4132970402515], [-103.202920823947, 40.4134230876106], [-103.202898109146, 40.4135756834673], [-103.202816272624, 40.4135561781925], [-103.202654840876, 40.4134096100773], [-103.202407484372, 40.4129554973612], [-103.20172922579, 40.4118822669467], [-103.201564191798, 40.4114288299607], [-103.201507953668, 40.4113559396542], [-103.201300866842, 40.4107222686984], [-103.201020469404, 40.4101769322375], [-103.20084673433, 40.4096255133011], [-103.200206698165, 40.4084346126837], [-103.199951672744, 40.4078099426297], [-103.199667432313, 40.407426865204], [-103.199494979135, 40.4072889804644], [-103.199354592219, 40.407232525605]]], [[[-103.198513896674, 40.4027533331694], [-103.198542508015, 40.4027694376263], [-103.198515832543, 40.4028495884018], [-103.198513896674, 40.4027533331694]]], [[[-103.183539211754, 40.3906080118481], [-103.183388656808, 40.390497512585], [-103.183251478674, 40.3903423848662], [-103.182903447078, 40.3897149325692], [-103.182828998301, 40.3894255333344], [-103.182594525435, 40.3889079998068], [-103.182541167304, 40.3887096088703], [-103.182484678544, 40.388645679782], [-103.182442592473, 40.3884645515972], [-103.182172726883, 40.3879740997905], [-103.182119279819, 40.3877748186623], [-103.18210477562, 40.3874417223929], [-103.182326140269, 40.3870844649071], [-103.182700314636, 40.3867301511638], [-103.18308329429, 40.3865105150506], [-103.183474109049, 40.3864632108856], [-103.183774788649, 40.386656481451], [-103.183970012324, 40.3868673896722], [-103.184899106584, 40.3882236124438], [-103.185337355085, 40.3885639247118], [-103.185547846526, 40.3886307248523], [-103.18560072855, 40.3888479428786], [-103.185579760075, 40.3892072292753], [-103.185415471684, 40.3896104829682], [-103.185230663077, 40.3899047898884], [-103.185103816468, 40.390253988953], [-103.184932666745, 40.3904946984783], [-103.184728487766, 40.3906441853301], [-103.184230172515, 40.3907719130757], [-103.183818333584, 40.3907290995435], [-103.183539211754, 40.3906080118481]]]]}, "properties": {"OBJECTID": 19, "areasymbol": "CO121", "spatialver": 8, "musym": "72", "mukey": 95037, "TaxCl": "Coarse-loamy, mixed, superactive, mesic Aridic Haplustalfs", "TaxOrder": "Alfisols", "SubOrd": "Ustalfs", "GrGrp": "Haplustalfs", "SubGrp": "Aridic Haplustalfs", "PartSz": "coarse-loamy", "Sand": 78, "Silt": 17, "Clay": 5, "BRdep": null, "BD": 1.64, "CaCO3": 0, "CEC": 4.8, "EC": 0.1, "ECEC": null, "MoiReg": "Ustic", "MoiSub": "Aridic (torric)", "OrderSsa": "Order 2", "OM": 1, "ParMat": "eolian sands", "pH": 7.2, "SAR": 0, "SurfTex": "Loamy sand", "Temp": "mesic", "EcoID": "R067BY015CO", "EcoName": "Deep Sand", "muname": "Vona loamy sand, 3 to 9 percent slopes", "Sand_DCP_0_6_in": 78, "Silt_DCP_0_6_in": 17, "Clay_DCP_0_6_in": 5, "SurfText_DCP_SL": "Loamy sand", "ParMatNm_DCP": "eolian sands", "Taxpartsiz_DCP": "coarse-loamy", "TaxClName_DCP": "Coarse-loamy, mixed, superactive, mesic Aridic Haplustalfs", "OrgMatter_DCP_0_6_in": 1, "pHwater_DCP_0_6_in": 7.2, "BdSurf_DCP_0_6_in": 1.64, "SAR_DCP_0_6_in": 0, "CaC03_DCP_0_6_in": 0, "CEC7_DCP_0_6_in": 4.8, "EC_DCP_0_6_in": 0.1, "ECEC_DCP_0_6_in": null, "EcoSiteID_DCP": "R067BY015CO", "EcoSiteNm_DCP": "Deep Sand", "TempRegime_DCP": "mesic", "MoistRegim_DCP": "Ustic", "MoistSubcl_DCP": "Aridic (torric)", "TaxOrder_DCP": "Alfisols", "TaxSuborer_DCP": "Ustalfs", "TaxGrtgrp_DCP": "Haplustalfs", "Taxsubgrp_DCP": "Aridic Haplustalfs", "Dep2BedRS_DCP": null, "Sand_AllDepth": 72.79802955665025, "Silt_AllDepth": 19.571428571428573, "Clay_AllDepth": 7.630541871921182, "pH_AllDepth": 7.2, "OM_AllDepth": 0.31354679802955665, "BD_AllDepth": 1.592857142857143, "CaCO3_AllDepth": 3.7438423645320196, "EC_AllDepth": 0.1, "SAR_AllDepth": 0, "Ksat_AllDepth": 61.703349753694575, "AWC_AllDepth": 0.10330049261083743, "CEC_AllDepth": 5.078325123152709, "BaseSat_AllDepth": 193.99553787952277, "DrainageCl": "Well drained", "Shape__Area": 217601.45092773438, "Shape__Length": 3954.986665527214, "station": "Eastern Colorado RC", "station_svc": "ECRC Soils"}}, {"type": "Feature", "id": 20, "geometry": {"type": "Polygon", "coordinates": [[[-103.179250387788, 40.3895494318284], [-103.179246283386, 40.3892960179307], [-103.179245468614, 40.3892457476158], [-103.179449688915, 40.3893187426022], [-103.179687129815, 40.3892864403548], [-103.179747846047, 40.3892149499136], [-103.179775341681, 40.3890620921949], [-103.179943172129, 40.3889657105131], [-103.180028882187, 40.3888229704018], [-103.179987665685, 40.3886149358586], [-103.179906984396, 40.3885237344365], [-103.179584070594, 40.388275320385], [-103.179227030693, 40.3881072126406], [-103.179187629686, 40.3856743559752], [-103.180485976444, 40.385665873364], [-103.180569009522, 40.3858227758395], [-103.18076240243, 40.3860866108248], [-103.180924016536, 40.3862242358725], [-103.181208361171, 40.3865983821718], [-103.181723037439, 40.3871653267979], [-103.181918452454, 40.3873663805164], [-103.18210477562, 40.3874417223929], [-103.182119279819, 40.3877748186623], [-103.182172726883, 40.3879740997905], [-103.182442592473, 40.3884645515972], [-103.182484678544, 40.388645679782], [-103.182541167304, 40.3887096088703], [-103.182594525435, 40.3889079998068], [-103.182828998301, 40.3894255333344], [-103.182903447078, 40.3897149325692], [-103.183251478674, 40.3903423848662], [-103.183388656808, 40.390497512585], [-103.183539211754, 40.3906080118481], [-103.18323107434, 40.3906837339323], [-103.183086796821, 40.3907537134793], [-103.18281434588, 40.3912544311627], [-103.182832306796, 40.3914799029822], [-103.182998522073, 40.391887625156], [-103.183224360332, 40.39222481273], [-103.183790656491, 40.3929006544705], [-103.181727634118, 40.3929085053625], [-103.181329692125, 40.3925913169654], [-103.18102087289, 40.3922346751912], [-103.180909299437, 40.3920261661014], [-103.180702709379, 40.3917970979827], [-103.18043402777, 40.3913065739742], [-103.180148573715, 40.3909333836487], [-103.17983436369, 40.390369351905], [-103.179250387788, 40.3895494318284]]]}, "properties": {"OBJECTID": 20, "areasymbol": "CO121", "spatialver": 8, "musym": "8", "mukey": 95045, "TaxCl": "Fine, smectitic, mesic Aridic Natrustolls", "TaxOrder": "Mollisols", "SubOrd": "Ustolls", "GrGrp": "Natrustolls", "SubGrp": "Aridic Natrustolls", "PartSz": "fine", "Sand": 65.4, "Silt": 19.6, "Clay": 15, "BRdep": null, "BD": 1.43, "CaCO3": 3, "CEC": 15, "EC": 4, "ECEC": null, "MoiReg": "Ustic", "MoiSub": "Aridic (torric)", "OrderSsa": null, "OM": 2, "ParMat": "calcareous alluvium", "pH": 8.2, "SAR": 3, "SurfTex": "Fine sandy loam", "Temp": "mesic", "EcoID": "R067BY033CO", "EcoName": "Salt Flat", "muname": "Beckton fine sandy loam", "Sand_DCP_0_6_in": 65.4, "Silt_DCP_0_6_in": 19.6, "Clay_DCP_0_6_in": 15, "SurfText_DCP_SL": "Fine sandy loam", "ParMatNm_DCP": "calcareous alluvium", "Taxpartsiz_DCP": "fine", "TaxClName_DCP": "Fine, smectitic, mesic Aridic Natrustolls", "OrgMatter_DCP_0_6_in": 2, "pHwater_DCP_0_6_in": 8.2, "BdSurf_DCP_0_6_in": 1.43, "SAR_DCP_0_6_in": 3, "CaC03_DCP_0_6_in": 3, "CEC7_DCP_0_6_in": 15, "EC_DCP_0_6_in": 4, "ECEC_DCP_0_6_in": null, "EcoSiteID_DCP": "R067BY033CO", "EcoSiteNm_DCP": "Salt Flat", "TempRegime_DCP": "mesic", "MoistRegim_DCP": "Ustic", "MoistSubcl_DCP": "Aridic (torric)", "TaxOrder_DCP": "Mollisols", "TaxSuborer_DCP": "Ustolls", "TaxGrtgrp_DCP": "Natrustolls", "Taxsubgrp_DCP": "Aridic Natrustolls", "Dep2BedRS_DCP": null, "Sand_AllDepth": 41.68289473684211, "Silt_AllDepth": 33.17894736842105, "Clay_AllDepth": 25.138157894736842, "pH_AllDepth": 8.2, "OM_AllDepth": 0.6546052631578947, "BD_AllDepth": 1.3457894736842106, "CaCO3_AllDepth": 7.0131578947368425, "EC_AllDepth": 10, "SAR_AllDepth": 19, "Ksat_AllDepth": 10.210526315789474, "AWC_AllDepth": 0.13868421052631577, "CEC_AllDepth": 17.532894736842106, "BaseSat_AllDepth": null, "DrainageCl": "Moderately well drained", "Shape__Area": 177683.19653320312, "Shape__Length": 2158.818278054566, "station": "Eastern Colorado RC", "station_svc": "ECRC Soils"}}, {"type": "Feature", "id": 1, "geometry": {"type": "MultiPolygon", "coordinates": [[[[-108.746780079879, 37.5415971429184], [-108.746762585189, 37.5435825453511], [-108.746656024335, 37.5435603832146], [-108.746544263134, 37.5435541537406], [-108.745761233142, 37.543646567998], [-108.745534125563, 37.5436533900684], [-108.745311315525, 37.5436183423696], [-108.745096008216, 37.5435599950299], [-108.744900112602, 37.5434671889186], [-108.744815727559, 37.5434058506518], [-108.744750041847, 37.5433326374094], [-108.744716711655, 37.5432398089347], [-108.744751893275, 37.5431631730755], [-108.744985325892, 37.5429594039587], [-108.745038014778, 37.5428773203553], [-108.745041736498, 37.5426986538355], [-108.744987886988, 37.5419732244764], [-108.744988982933, 37.5418794704799], [-108.745019178903, 37.5418006579124], [-108.745112469844, 37.5417467096334], [-108.745228487263, 37.5417308827081], [-108.745676792404, 37.5417898896282], [-108.745789071933, 37.5417924638167], [-108.746243767688, 37.5417616575985], [-108.746572389386, 37.5417018187092], [-108.746765787683, 37.5416067060458], [-108.746780079879, 37.5415971429184]]], [[[-108.744035310766, 37.5385747407656], [-108.743940401062, 37.5383056248318], [-108.743877966353, 37.5382311685753], [-108.743250398804, 37.5378417014569], [-108.743093942824, 37.5377168259409], [-108.74305571861, 37.5376290159071], [-108.743040715847, 37.5374487212601], [-108.743068393839, 37.5370883571784], [-108.743082482117, 37.5370469695266], [-108.744614453732, 37.5370543641999], [-108.744559142663, 37.537215805244], [-108.744440310822, 37.5373687849471], [-108.744204388076, 37.5375647138486], [-108.744155097516, 37.5376464393043], [-108.74419528365, 37.5377322434214], [-108.744299505291, 37.5377482727823], [-108.744530114503, 37.5377284759547], [-108.744858387654, 37.5376533694843], [-108.74506398148, 37.5375821856987], [-108.745110700163, 37.5374989286774], [-108.745133424844, 37.5373101577591], [-108.745174114035, 37.5372320384411], [-108.745339537896, 37.5371218686084], [-108.74547666303, 37.5370585170699], [-108.746820003705, 37.5370649750314], [-108.746806263075, 37.5386251361876], [-108.74562396877, 37.5395823343067], [-108.745478300658, 37.5397201356959], [-108.745301637076, 37.5399521392686], [-108.745278785732, 37.5400400819036], [-108.745294522419, 37.5401311628208], [-108.745349339414, 37.5402082213399], [-108.74551140178, 37.5403388060117], [-108.745609560691, 37.5403797844033], [-108.745834420685, 37.5403867029325], [-108.746062864058, 37.5403743353398], [-108.74617373952, 37.5403554488116], [-108.746278007874, 37.5403183495732], [-108.746363736796, 37.5402606955651], [-108.7464721374, 37.5401007099286], [-108.746507864297, 37.5399204704068], [-108.746537089188, 37.5395491381085], [-108.746611366387, 37.5393918484454], [-108.746759477018, 37.539268194282], [-108.746800788741, 37.539246553696], [-108.746784351368, 37.5411124077137], [-108.746751405655, 37.5411031102067], [-108.746643621296, 37.5411198717882], [-108.746265606631, 37.5413208744247], [-108.746069393912, 37.5414063780024], [-108.745956010353, 37.5414174234213], [-108.745728273056, 37.5414072078157], [-108.745512604624, 37.5413534009969], [-108.745306856288, 37.5412769398459], [-108.745026889143, 37.5411245636342], [-108.744769146319, 37.5409473367268], [-108.744444655075, 37.5405772589061], [-108.744294681338, 37.5403364540095], [-108.744224464524, 37.5400701380701], [-108.744229166306, 37.539890469027], [-108.744396190067, 37.5395559406093], [-108.744566734325, 37.5393218808011], [-108.744714973415, 37.5391856115612], [-108.745379911779, 37.5386968724439], [-108.745444163779, 37.5386216729236], [-108.7454753991, 37.5385355464397], [-108.745445402556, 37.538448671214], [-108.745322335159, 37.5382968704718], [-108.745214996364, 37.538269465543], [-108.744882748168, 37.538321580701], [-108.744664275196, 37.5383716130135], [-108.744035310766, 37.5385747407656]]], [[[-108.737812779608, 37.5397191512943], [-108.73780977115, 37.5393930543783], [-108.737832884802, 37.5372479325677], [-108.737997087853, 37.5372957103786], [-108.738093062061, 37.5373441256896], [-108.738172232384, 37.5374087185666], [-108.738293998122, 37.5375597617807], [-108.738365325254, 37.5378259606057], [-108.738352807231, 37.5379137141345], [-108.738227158974, 37.5382609818589], [-108.738210266155, 37.5383500961101], [-108.738207934128, 37.5387104889974], [-108.738224605063, 37.5389806427292], [-108.738274543308, 37.5391563578087], [-108.738477461951, 37.5395770675347], [-108.738643684415, 37.5397585423056], [-108.738355919893, 37.5399013942916], [-108.738051331723, 37.5399334705972], [-108.737812779608, 37.5397191512943]]]]}, "properties": {"OBJECTID": 1, "areasymbol": "CO671", "spatialver": 5, "musym": "116", "mukey": 57563, "TaxCl": "Fine-silty, mixed, superactive, mesic Aridic Haplustalfs", "TaxOrder": "Alfisols", "SubOrd": "Ustalfs", "GrGrp": "Haplustalfs", "SubGrp": "Aridic Haplustalfs", "PartSz": "fine-silty", "Sand": 36.5, "Silt": 41.5, "Clay": 22, "BRdep": 76, "BD": 1.35, "CaCO3": 1, "CEC": 18.2, "EC": 0, "ECEC": null, "MoiReg": "Ustic", "MoiSub": "Aridic (torric)", "OrderSsa": "Order 3", "OM": 1.25, "ParMat": "eolian deposits derived from sandstone", "pH": 7.2, "SAR": 0, "SurfTex": "Loam", "Temp": "mesic", "EcoID": "R036XY284CO", "EcoName": "Loamy Foothills", "muname": "Sharps-Cahona complex, 6 to 12 percent slopes", "Sand_DCP_0_6_in": 36.5, "Silt_DCP_0_6_in": 41.5, "Clay_DCP_0_6_in": 22, "SurfText_DCP_SL": "Loam", "ParMatNm_DCP": "eolian deposits derived from sandstone", "Taxpartsiz_DCP": "fine-silty", "TaxClName_DCP": "Fine-silty, mixed, superactive, mesic Aridic Haplustalfs", "OrgMatter_DCP_0_6_in": 1.25, "pHwater_DCP_0_6_in": 7.2, "BdSurf_DCP_0_6_in": 1.35, "SAR_DCP_0_6_in": 0, "CaC03_DCP_0_6_in": 1, "CEC7_DCP_0_6_in": 18.2, "EC_DCP_0_6_in": 0, "ECEC_DCP_0_6_in": null, "EcoSiteID_DCP": "R036XY284CO", "EcoSiteNm_DCP": "Loamy Foothills", "TempRegime_DCP": "mesic", "MoistRegim_DCP": "Ustic", "MoistSubcl_DCP": "Aridic (torric)", "TaxOrder_DCP": "Alfisols", "TaxSuborer_DCP": "Ustalfs", "TaxGrtgrp_DCP": "Haplustalfs", "Taxsubgrp_DCP": "Aridic Haplustalfs", "Dep2BedRS_DCP": 76, "Sand_AllDepth": 33.13947368421053, "Silt_AllDepth": 41.946052631578944, "Clay_AllDepth": 24.914473684210527, "pH_AllDepth": 7.2, "OM_AllDepth": 0.7171052631578947, "BD_AllDepth": 1.3151315789473685, "CaCO3_AllDepth": 7.355263157894737, "EC_AllDepth": 1, "SAR_AllDepth": 0, "Ksat_AllDepth": 5.457156862745098, "AWC_AllDepth": 0.14960526315789474, "CEC_AllDepth": 19.785526315789475, "BaseSat_AllDepth": null, "DrainageCl": "Well drained", "Shape__Area": 133237.73614501953, "Shape__Length": 3639.9850420320004, "station": "Southwest Colorado RC", "station_svc": "SWCRC Soils"}}, {"type": "Feature", "id": 2, "geometry": {"type": "MultiPolygon", "coordinates": [[[[-108.737827313451, 37.5428292426928], [-108.738783706615, 37.5436873964206], [-108.738969798016, 37.5437902487318], [-108.739034238663, 37.5437294406551], [-108.73905012447, 37.5435476949165], [-108.739026772764, 37.5434592165209], [-108.738478872306, 37.5425697350341], [-108.738308045977, 37.5422347798742], [-108.738252415108, 37.541966026168], [-108.738258416752, 37.5417871231234], [-108.738292537462, 37.5417042974549], [-108.738411606458, 37.5415458990372], [-108.738537157697, 37.5416587276989], [-108.738575221112, 37.5420193688502], [-108.738650748766, 37.5421896869568], [-108.738711068841, 37.5422652675086], [-108.738800500619, 37.542322476218], [-108.739111717458, 37.5424355594116], [-108.739299676456, 37.5425292101411], [-108.739374630985, 37.5425960478899], [-108.739499282112, 37.542750386256], [-108.73957903634, 37.5429184590372], [-108.739655023033, 37.5433651410238], [-108.739688564329, 37.5434525454332], [-108.739743684955, 37.5435313754857], [-108.739821729688, 37.5435960855123], [-108.73991704094, 37.5436472710033], [-108.740139158377, 37.5437256343171], [-108.740120861492, 37.5442394376325], [-108.739633971913, 37.5442345351537], [-108.739198925905, 37.5442291333811], [-108.738413406682, 37.5442138119746], [-108.737830864491, 37.5442124779131], [-108.737827313451, 37.5428292426928]]], [[[-108.744035310766, 37.5385747407656], [-108.744664275196, 37.5383716130135], [-108.744882748168, 37.538321580701], [-108.745214996364, 37.538269465543], [-108.745322335159, 37.5382968704718], [-108.745445402556, 37.538448671214], [-108.7454753991, 37.5385355464397], [-108.745444163779, 37.5386216729236], [-108.745379911779, 37.5386968724439], [-108.744714973415, 37.5391856115612], [-108.744566734325, 37.5393218808011], [-108.744396190067, 37.5395559406093], [-108.744229166306, 37.539890469027], [-108.744224464524, 37.5400701380701], [-108.744294681338, 37.5403364540095], [-108.744444655075, 37.5405772589061], [-108.744769146319, 37.5409473367268], [-108.745026889143, 37.5411245636342], [-108.745306856288, 37.5412769398459], [-108.745512604624, 37.5413534009969], [-108.745728273056, 37.5414072078157], [-108.745956010353, 37.5414174234213], [-108.746069393912, 37.5414063780024], [-108.746265606631, 37.5413208744247], [-108.746643621296, 37.5411198717882], [-108.746751405655, 37.5411031102067], [-108.746784351368, 37.5411124077137], [-108.746780079879, 37.5415971429184], [-108.746765787683, 37.5416067060458], [-108.746572389386, 37.5417018187092], [-108.746243767688, 37.5417616575985], [-108.745789071933, 37.5417924638167], [-108.745676792404, 37.5417898896282], [-108.745228487263, 37.5417308827081], [-108.745112469844, 37.5417467096334], [-108.745019178903, 37.5418006579124], [-108.744988982933, 37.5418794704799], [-108.744987886988, 37.5419732244764], [-108.745041736498, 37.5426986538355], [-108.745038014778, 37.5428773203553], [-108.744985325892, 37.5429594039587], [-108.744751893275, 37.5431631730755], [-108.744716711655, 37.5432398089347], [-108.744750041847, 37.5433326374094], [-108.744815727559, 37.5434058506518], [-108.744900112602, 37.5434671889186], [-108.745096008216, 37.5435599950299], [-108.745311315525, 37.5436183423696], [-108.745534125563, 37.5436533900684], [-108.745761233142, 37.543646567998], [-108.746544263134, 37.5435541537406], [-108.746656024335, 37.5435603832146], [-108.746762585189, 37.5435825453511], [-108.746756994075, 37.5442169110144], [-108.743704296855, 37.5442387040057], [-108.743703747087, 37.5442370002822], [-108.743700925478, 37.5441472598679], [-108.743866302627, 37.5436229286432], [-108.743949337502, 37.5432693367329], [-108.744090672141, 37.5424657214539], [-108.744119632029, 37.5421061223895], [-108.744066705089, 37.5418397864167], [-108.743793377392, 37.5411518863127], [-108.743724446067, 37.5408863368619], [-108.743746745846, 37.5407084141905], [-108.743877443533, 37.5401769308169], [-108.74381475011, 37.539820684912], [-108.743837186432, 37.539369936507], [-108.743887999636, 37.5391034739415], [-108.744035310766, 37.5385747407656]]], [[[-108.746806263075, 37.5386251361876], [-108.746800788741, 37.539246553696], [-108.746759477018, 37.539268194282], [-108.746611366387, 37.5393918484454], [-108.746537089188, 37.5395491381085], [-108.746507864297, 37.5399204704068], [-108.7464721374, 37.5401007099286], [-108.746363736796, 37.5402606955651], [-108.746278007874, 37.5403183495732], [-108.74617373952, 37.5403554488116], [-108.746062864058, 37.5403743353398], [-108.745834420685, 37.5403867029325], [-108.745609560691, 37.5403797844033], [-108.74551140178, 37.5403388060117], [-108.745349339414, 37.5402082213399], [-108.745294522419, 37.5401311628208], [-108.745278785732, 37.5400400819036], [-108.745301637076, 37.5399521392686], [-108.745478300658, 37.5397201356959], [-108.74562396877, 37.5395823343067], [-108.746806263075, 37.5386251361876]]], [[[-108.738207934128, 37.5387104889974], [-108.738210266155, 37.5383500961101], [-108.738227158974, 37.5382609818589], [-108.738352807231, 37.5379137141345], [-108.738365325254, 37.5378259606057], [-108.738293998122, 37.5375597617807], [-108.738172232384, 37.5374087185666], [-108.738093062061, 37.5373441256896], [-108.737997087853, 37.5372957103786], [-108.737832884802, 37.5372479325677], [-108.737835324627, 37.5370214924102], [-108.738562315915, 37.5370250355292], [-108.738697250955, 37.5371310348312], [-108.738833647555, 37.5372733319633], [-108.738990050534, 37.5376116046153], [-108.739321295312, 37.5379809819874], [-108.739436423398, 37.5381336239071], [-108.73951375487, 37.5383010503405], [-108.739633220921, 37.5387458538451], [-108.739705044821, 37.5389147605084], [-108.739813839785, 37.5390707704474], [-108.740137627648, 37.5394436330219], [-108.740227416956, 37.5396097473006], [-108.740234088743, 37.5397017825164], [-108.740190824083, 37.5397783692232], [-108.740073127712, 37.5397844629631], [-108.739961194933, 37.5397638382692], [-108.739775570656, 37.5396636415663], [-108.739511663592, 37.5394906550956], [-108.738758176494, 37.5389460586842], [-108.738374568919, 37.5387541636701], [-108.738207934128, 37.5387104889974]]]]}, "properties": {"OBJECTID": 2, "areasymbol": "CO671", "spatialver": 5, "musym": "143", "mukey": 57593, "TaxCl": "Fine-silty, mixed, superactive, mesic Aridic Haplustalfs", "TaxOrder": "Alfisols", "SubOrd": "Ustalfs", "GrGrp": "Haplustalfs", "SubGrp": "Aridic Haplustalfs", "PartSz": "fine-silty", "Sand": 37.5, "Silt": 42.8, "Clay": 19.7, "BRdep": null, "BD": 1.35, "CaCO3": 0, "CEC": 16.3, "EC": 0, "ECEC": null, "MoiReg": "Ustic", "MoiSub": "Aridic (torric)", "OrderSsa": "Order 3", "OM": 1.02, "ParMat": "eolian deposits derived from sandstone", "pH": 7.2, "SAR": 0, "SurfTex": "Loam", "Temp": "mesic", "EcoID": "R036XY284CO", "EcoName": "Loamy Foothills", "muname": "Wetherill loam, 1 to 3 percent slopes", "Sand_DCP_0_6_in": 37.5, "Silt_DCP_0_6_in": 42.8, "Clay_DCP_0_6_in": 19.7, "SurfText_DCP_SL": "Loam", "ParMatNm_DCP": "eolian deposits derived from sandstone", "Taxpartsiz_DCP": "fine-silty", "TaxClName_DCP": "Fine-silty, mixed, superactive, mesic Aridic Haplustalfs", "OrgMatter_DCP_0_6_in": 1.02, "pHwater_DCP_0_6_in": 7.2, "BdSurf_DCP_0_6_in": 1.35, "SAR_DCP_0_6_in": 0, "CaC03_DCP_0_6_in": 0, "CEC7_DCP_0_6_in": 16.3, "EC_DCP_0_6_in": 0, "ECEC_DCP_0_6_in": null, "EcoSiteID_DCP": "R036XY284CO", "EcoSiteNm_DCP": "Loamy Foothills", "TempRegime_DCP": "mesic", "MoistRegim_DCP": "Ustic", "MoistSubcl_DCP": "Aridic (torric)", "TaxOrder_DCP": "Alfisols", "TaxSuborer_DCP": "Ustalfs", "TaxGrtgrp_DCP": "Haplustalfs", "Taxsubgrp_DCP": "Aridic Haplustalfs", "Dep2BedRS_DCP": null, "Sand_AllDepth": 29.248684210526317, "Silt_AllDepth": 44.03421052631579, "Clay_AllDepth": 26.717105263157894, "pH_AllDepth": 7.2, "OM_AllDepth": 0.6776315789473685, "BD_AllDepth": 1.4359210526315789, "CaCO3_AllDepth": 6.973684210526316, "EC_AllDepth": 1, "SAR_AllDepth": 2, "Ksat_AllDepth": 4.407500000000001, "AWC_AllDepth": 0.18394736842105264, "CEC_AllDepth": 21.123684210526314, "BaseSat_AllDepth": null, "DrainageCl": "Well drained", "Shape__Area": 138843.19207763672, "Shape__Length": 4743.534789293291, "station": "Southwest Colorado RC", "station_svc": "SWCRC Soils"}}, {"type": "Feature", "id": 3, "geometry": {"type": "MultiPolygon", "coordinates": [[[[-108.738643684415, 37.5397585423056], [-108.738477461951, 37.5395770675347], [-108.738274543308, 37.5391563578087], [-108.738224605063, 37.5389806427292], [-108.738207934128, 37.5387104889974], [-108.738374568919, 37.5387541636701], [-108.738758176494, 37.5389460586842], [-108.739511663592, 37.5394906550956], [-108.739775570656, 37.5396636415663], [-108.739961194933, 37.5397638382692], [-108.740073127712, 37.5397844629631], [-108.740190824083, 37.5397783692232], [-108.740234088743, 37.5397017825164], [-108.740227416956, 37.5396097473006], [-108.740137627648, 37.5394436330219], [-108.739813839785, 37.5390707704474], [-108.739705044821, 37.5389147605084], [-108.739633220921, 37.5387458538451], [-108.73951375487, 37.5383010503405], [-108.739436423398, 37.5381336239071], [-108.739321295312, 37.5379809819874], [-108.738990050534, 37.5376116046153], [-108.738833647555, 37.5372733319633], [-108.738697250955, 37.5371310348312], [-108.738562315915, 37.5370250355292], [-108.743082482117, 37.5370469695266], [-108.743068393839, 37.5370883571784], [-108.743040715847, 37.5374487212601], [-108.74305571861, 37.5376290159071], [-108.743093942824, 37.5377168259409], [-108.743250398804, 37.5378417014569], [-108.743877966353, 37.5382311685753], [-108.743940401062, 37.5383056248318], [-108.744035310766, 37.5385747407656], [-108.743887999636, 37.5391034739415], [-108.743837186432, 37.539369936507], [-108.74381475011, 37.539820684912], [-108.743877443533, 37.5401769308169], [-108.743746745846, 37.5407084141905], [-108.743724446067, 37.5408863368619], [-108.743793377392, 37.5411518863127], [-108.744066705089, 37.5418397864167], [-108.744119632029, 37.5421061223895], [-108.744090672141, 37.5424657214539], [-108.743949337502, 37.5432693367329], [-108.743866302627, 37.5436229286432], [-108.743700925478, 37.5441472598679], [-108.743703747087, 37.5442370002822], [-108.743704296855, 37.5442387040057], [-108.741483867187, 37.5442545054696], [-108.741607996393, 37.5440787169336], [-108.74168204542, 37.5439133519397], [-108.741694159202, 37.5437365041753], [-108.741641269991, 37.5433702237632], [-108.741648700855, 37.5431929687172], [-108.741685082624, 37.5431099031509], [-108.741867947277, 37.5428736507299], [-108.74190448176, 37.5427914715876], [-108.74191515644, 37.5426129736711], [-108.741885956702, 37.5424305727657], [-108.741822539236, 37.5421635406309], [-108.741752668273, 37.5419926284227], [-108.741689098992, 37.5419182905251], [-108.741606676768, 37.5418549437739], [-108.74151204105, 37.5418009862745], [-108.741408617113, 37.5417695639355], [-108.741293272532, 37.5417826143757], [-108.74119762531, 37.5418296043462], [-108.741119383846, 37.5418972689685], [-108.741066079613, 37.5419758143287], [-108.7410375599, 37.5420643528917], [-108.741005313974, 37.5426052689972], [-108.740964985008, 37.5428724249097], [-108.740803504751, 37.5433126077284], [-108.740730069273, 37.5433680613197], [-108.740613348473, 37.5433731518939], [-108.740499145651, 37.5433527668024], [-108.740401723358, 37.5433027043558], [-108.740351284752, 37.5432242821915], [-108.74032423019, 37.5431343931184], [-108.740267642616, 37.5426865701112], [-108.740273334341, 37.5425058959418], [-108.740321286411, 37.5422361374763], [-108.740419510899, 37.5420772316209], [-108.7408387241, 37.5415405739965], [-108.741035907, 37.5412136787368], [-108.741151388124, 37.5409611159838], [-108.741158916006, 37.5408711871428], [-108.741136816552, 37.5406898390189], [-108.741072609467, 37.5405183308033], [-108.741003534412, 37.5404454737221], [-108.740835906085, 37.5403226725001], [-108.740788604395, 37.5403024439921], [-108.740737597155, 37.5402808058432], [-108.740624532498, 37.5402603016648], [-108.740512803637, 37.5402675692307], [-108.740290314297, 37.540314413423], [-108.740188763347, 37.5403539209365], [-108.739842212175, 37.540590302432], [-108.739655144306, 37.5406820372744], [-108.739425017489, 37.5406846642108], [-108.739337700345, 37.5406263330948], [-108.739297825028, 37.540542296661], [-108.739295622359, 37.5401823813194], [-108.73924035441, 37.5401026680372], [-108.739013086033, 37.5399015125335], [-108.738921329415, 37.5398508515736], [-108.738643684415, 37.5397585423056]]], [[[-108.744614453732, 37.5370543641999], [-108.74547666303, 37.5370585170699], [-108.745339537896, 37.5371218686084], [-108.745174114035, 37.5372320384411], [-108.745133424844, 37.5373101577591], [-108.745110700163, 37.5374989286774], [-108.74506398148, 37.5375821856987], [-108.744858387654, 37.5376533694843], [-108.744530114503, 37.5377284759547], [-108.744299505291, 37.5377482727823], [-108.74419528365, 37.5377322434214], [-108.744155097516, 37.5376464393043], [-108.744204388076, 37.5375647138486], [-108.744440310822, 37.5373687849471], [-108.744559142663, 37.537215805244], [-108.744614453732, 37.5370543641999]]]]}, "properties": {"OBJECTID": 3, "areasymbol": "CO671", "spatialver": 5, "musym": "144", "mukey": 57594, "TaxCl": "Fine-silty, mixed, superactive, mesic Aridic Haplustalfs", "TaxOrder": "Alfisols", "SubOrd": "Ustalfs", "GrGrp": "Haplustalfs", "SubGrp": "Aridic Haplustalfs", "PartSz": "fine-silty", "Sand": 37.3, "Silt": 43, "Clay": 19.7, "BRdep": null, "BD": 1.41, "CaCO3": 0, "CEC": 16.3, "EC": 0, "ECEC": null, "MoiReg": "Ustic", "MoiSub": "Aridic (torric)", "OrderSsa": "Order 3", "OM": 1.02, "ParMat": "eolian deposits derived from sandstone", "pH": 7.4, "SAR": 0, "SurfTex": "Loam", "Temp": "mesic", "EcoID": "R036XY284CO", "EcoName": "Loamy Foothills", "muname": "Wetherill loam, 3 to 6 percent slopes", "Sand_DCP_0_6_in": 37.3, "Silt_DCP_0_6_in": 43, "Clay_DCP_0_6_in": 19.7, "SurfText_DCP_SL": "Loam", "ParMatNm_DCP": "eolian deposits derived from sandstone", "Taxpartsiz_DCP": "fine-silty", "TaxClName_DCP": "Fine-silty, mixed, superactive, mesic Aridic Haplustalfs", "OrgMatter_DCP_0_6_in": 1.02, "pHwater_DCP_0_6_in": 7.4, "BdSurf_DCP_0_6_in": 1.41, "SAR_DCP_0_6_in": 0, "CaC03_DCP_0_6_in": 0, "CEC7_DCP_0_6_in": 16.3, "EC_DCP_0_6_in": 0, "ECEC_DCP_0_6_in": null, "EcoSiteID_DCP": "R036XY284CO", "EcoSiteNm_DCP": "Loamy Foothills", "TempRegime_DCP": "mesic", "MoistRegim_DCP": "Ustic", "MoistSubcl_DCP": "Aridic (torric)", "TaxOrder_DCP": "Alfisols", "TaxSuborer_DCP": "Ustalfs", "TaxGrtgrp_DCP": "Haplustalfs", "Taxsubgrp_DCP": "Aridic Haplustalfs", "Dep2BedRS_DCP": null, "Sand_AllDepth": 32.723684210526315, "Silt_AllDepth": 42.31578947368421, "Clay_AllDepth": 24.960526315789473, "pH_AllDepth": 7.4, "OM_AllDepth": 0.6776315789473685, "BD_AllDepth": 1.4811842105263158, "CaCO3_AllDepth": 9.421052631578947, "EC_AllDepth": 1, "SAR_AllDepth": 2, "Ksat_AllDepth": 10, "AWC_AllDepth": 0.15052631578947367, "CEC_AllDepth": 19.607894736842105, "BaseSat_AllDepth": 269.70876392430546, "DrainageCl": "Well drained", "Shape__Area": 256099.6068725586, "Shape__Length": 3623.3174651426, "station": "Southwest Colorado RC", "station_svc": "SWCRC Soils"}}, {"type": "Feature", "id": 4, "geometry": {"type": "Polygon", "coordinates": [[[-108.740139158377, 37.5437256343171], [-108.73991704094, 37.5436472710033], [-108.739821729688, 37.5435960855123], [-108.739743684955, 37.5435313754857], [-108.739688564329, 37.5434525454332], [-108.739655023033, 37.5433651410238], [-108.73957903634, 37.5429184590372], [-108.739499282112, 37.542750386256], [-108.739374630985, 37.5425960478899], [-108.739299676456, 37.5425292101411], [-108.739111717458, 37.5424355594116], [-108.738800500619, 37.542322476218], [-108.738711068841, 37.5422652675086], [-108.738650748766, 37.5421896869568], [-108.738575221112, 37.5420193688502], [-108.738537157697, 37.5416587276989], [-108.738411606458, 37.5415458990372], [-108.738496984139, 37.5413793446054], [-108.73849037703, 37.5412008675258], [-108.738442673794, 37.5409312795619], [-108.738344932599, 37.5406723629108], [-108.738158043494, 37.5403445043815], [-108.738051331723, 37.5399334705972], [-108.738355919893, 37.5399013942916], [-108.738643684415, 37.5397585423056], [-108.738921329415, 37.5398508515736], [-108.739013086033, 37.5399015125335], [-108.73924035441, 37.5401026680372], [-108.739295622359, 37.5401823813194], [-108.739297825028, 37.540542296661], [-108.739337700345, 37.5406263330948], [-108.739425017489, 37.5406846642108], [-108.739655144306, 37.5406820372744], [-108.739842212175, 37.540590302432], [-108.740188763347, 37.5403539209365], [-108.740290314297, 37.540314413423], [-108.740512803637, 37.5402675692307], [-108.740624532498, 37.5402603016648], [-108.740737597155, 37.5402808058432], [-108.740788604395, 37.5403024439921], [-108.740835906085, 37.5403226725001], [-108.741003534412, 37.5404454737221], [-108.741072609467, 37.5405183308033], [-108.741136816552, 37.5406898390189], [-108.741158916006, 37.5408711871428], [-108.741151388124, 37.5409611159838], [-108.741035907, 37.5412136787368], [-108.7408387241, 37.5415405739965], [-108.740419510899, 37.5420772316209], [-108.740321286411, 37.5422361374763], [-108.740273334341, 37.5425058959418], [-108.740267642616, 37.5426865701112], [-108.74032423019, 37.5431343931184], [-108.740351284752, 37.5432242821915], [-108.740401723358, 37.5433027043558], [-108.740499145651, 37.5433527668024], [-108.740613348473, 37.5433731518939], [-108.740730069273, 37.5433680613197], [-108.740803504751, 37.5433126077284], [-108.740964985008, 37.5428724249097], [-108.741005313974, 37.5426052689972], [-108.7410375599, 37.5420643528917], [-108.741066079613, 37.5419758143287], [-108.741119383846, 37.5418972689685], [-108.74119762531, 37.5418296043462], [-108.741293272532, 37.5417826143757], [-108.741408617113, 37.5417695639355], [-108.74151204105, 37.5418009862745], [-108.741606676768, 37.5418549437739], [-108.741689098992, 37.5419182905251], [-108.741752668273, 37.5419926284227], [-108.741822539236, 37.5421635406309], [-108.741885956702, 37.5424305727657], [-108.74191515644, 37.5426129736711], [-108.74190448176, 37.5427914715876], [-108.741867947277, 37.5428736507299], [-108.741685082624, 37.5431099031509], [-108.741648700855, 37.5431929687172], [-108.741641269991, 37.5433702237632], [-108.741694159202, 37.5437365041753], [-108.74168204542, 37.5439133519397], [-108.741607996393, 37.5440787169336], [-108.741483867187, 37.5442545054696], [-108.741219857715, 37.544256380847], [-108.74123390557, 37.5435479734123], [-108.740861966211, 37.5435473658498], [-108.740145499585, 37.5435475681333], [-108.740139158377, 37.5437256343171]]]}, "properties": {"OBJECTID": 4, "areasymbol": "CO671", "spatialver": 5, "musym": "145", "mukey": 57595, "TaxCl": "Fine-silty, mixed, superactive, mesic Aridic Haplustalfs", "TaxOrder": "Alfisols", "SubOrd": "Ustalfs", "GrGrp": "Haplustalfs", "SubGrp": "Aridic Haplustalfs", "PartSz": "fine-silty", "Sand": 37.5, "Silt": 42.8, "Clay": 19.7, "BRdep": null, "BD": 1.35, "CaCO3": 0, "CEC": 16.3, "EC": 0, "ECEC": null, "MoiReg": "Ustic", "MoiSub": "Aridic (torric)", "OrderSsa": "Order 3", "OM": 1.02, "ParMat": "eolian deposits derived from sandstone", "pH": 7.2, "SAR": 0, "SurfTex": "Loam", "Temp": "mesic", "EcoID": "R036XY284CO", "EcoName": "Loamy Foothills", "muname": "Wetherill loam, 6 to 12 percent slopes", "Sand_DCP_0_6_in": 37.5, "Silt_DCP_0_6_in": 42.8, "Clay_DCP_0_6_in": 19.7, "SurfText_DCP_SL": "Loam", "ParMatNm_DCP": "eolian deposits derived from sandstone", "Taxpartsiz_DCP": "fine-silty", "TaxClName_DCP": "Fine-silty, mixed, superactive, mesic Aridic Haplustalfs", "OrgMatter_DCP_0_6_in": 1.02, "pHwater_DCP_0_6_in": 7.2, "BdSurf_DCP_0_6_in": 1.35, "SAR_DCP_0_6_in": 0, "CaC03_DCP_0_6_in": 0, "CEC7_DCP_0_6_in": 16.3, "EC_DCP_0_6_in": 0, "ECEC_DCP_0_6_in": null, "EcoSiteID_DCP": "R036XY284CO", "EcoSiteNm_DCP": "Loamy Foothills", "TempRegime_DCP": "mesic", "MoistRegim_DCP": "Ustic", "MoistSubcl_DCP": "Aridic (torric)", "TaxOrder_DCP": "Alfisols", "TaxSuborer_DCP": "Ustalfs", "TaxGrtgrp_DCP": "Haplustalfs", "Taxsubgrp_DCP": "Aridic Haplustalfs", "Dep2BedRS_DCP": null, "Sand_AllDepth": 29.248684210526317, "Silt_AllDepth": 44.03421052631579, "Clay_AllDepth": 26.717105263157894, "pH_AllDepth": 7.2, "OM_AllDepth": 0.6776315789473685, "BD_AllDepth": 1.4359210526315789, "CaCO3_AllDepth": 6.973684210526316, "EC_AllDepth": 1, "SAR_AllDepth": 2, "Ksat_AllDepth": 4.407500000000001, "AWC_AllDepth": 0.18394736842105264, "CEC_AllDepth": 21.123684210526314, "BaseSat_AllDepth": null, "DrainageCl": "Well drained", "Shape__Area": 77814.39837646484, "Shape__Length": 1943.959208601622, "station": "Southwest Colorado RC", "station_svc": "SWCRC Soils"}}, {"type": "Feature", "id": 5, "geometry": {"type": "Polygon", "coordinates": [[[-108.737827313451, 37.5428292426928], [-108.737821851694, 37.540702322663], [-108.737812779608, 37.5397191512943], [-108.738051331723, 37.5399334705972], [-108.738158043494, 37.5403445043815], [-108.738344932599, 37.5406723629108], [-108.738442673794, 37.5409312795619], [-108.73849037703, 37.5412008675258], [-108.738496984139, 37.5413793446054], [-108.738411606458, 37.5415458990372], [-108.738292537462, 37.5417042974549], [-108.738258416752, 37.5417871231234], [-108.738252415108, 37.541966026168], [-108.738308045977, 37.5422347798742], [-108.738478872306, 37.5425697350341], [-108.739026772764, 37.5434592165209], [-108.73905012447, 37.5435476949165], [-108.739034238663, 37.5437294406551], [-108.738969798016, 37.5437902487318], [-108.738783706615, 37.5436873964206], [-108.737827313451, 37.5428292426928]]]}, "properties": {"OBJECTID": 5, "areasymbol": "CO671", "spatialver": 5, "musym": "21", "mukey": 57616, "TaxCl": "Fine-silty, mixed, superactive, mesic Calcidic Haplustalfs", "TaxOrder": "Alfisols", "SubOrd": "Ustalfs", "GrGrp": "Haplustalfs", "SubGrp": "Calcidic Haplustalfs", "PartSz": "fine-silty", "Sand": 40.2, "Silt": 43.2, "Clay": 16.6, "BRdep": null, "BD": 1.35, "CaCO3": 2, "CEC": 14, "EC": 0, "ECEC": null, "MoiReg": "Ustic", "MoiSub": "Aridic (torric)", "OrderSsa": "Order 3", "OM": 1.18, "ParMat": "eolian deposits derived from sandstone", "pH": 7.3, "SAR": 0, "SurfTex": "Loam", "Temp": "mesic", "EcoID": "R036XY284CO", "EcoName": "Loamy Foothills", "muname": "Cahona-Sharps-Wetherill complex, 2 to 6 percent slopes", "Sand_DCP_0_6_in": 40.2, "Silt_DCP_0_6_in": 43.2, "Clay_DCP_0_6_in": 16.6, "SurfText_DCP_SL": "Loam", "ParMatNm_DCP": "eolian deposits derived from sandstone", "Taxpartsiz_DCP": "fine-silty", "TaxClName_DCP": "Fine-silty, mixed, superactive, mesic Calcidic Haplustalfs", "OrgMatter_DCP_0_6_in": 1.18, "pHwater_DCP_0_6_in": 7.3, "BdSurf_DCP_0_6_in": 1.35, "SAR_DCP_0_6_in": 0, "CaC03_DCP_0_6_in": 2, "CEC7_DCP_0_6_in": 14, "EC_DCP_0_6_in": 0, "ECEC_DCP_0_6_in": null, "EcoSiteID_DCP": "R036XY284CO", "EcoSiteNm_DCP": "Loamy Foothills", "TempRegime_DCP": "mesic", "MoistRegim_DCP": "Ustic", "MoistSubcl_DCP": "Aridic (torric)", "TaxOrder_DCP": "Alfisols", "TaxSuborer_DCP": "Ustalfs", "TaxGrtgrp_DCP": "Haplustalfs", "Taxsubgrp_DCP": "Calcidic Haplustalfs", "Dep2BedRS_DCP": null, "Sand_AllDepth": 32.11513157894737, "Silt_AllDepth": 44.516447368421055, "Clay_AllDepth": 23.36842105263158, "pH_AllDepth": 7.2, "OM_AllDepth": 0.5032894736842105, "BD_AllDepth": 1.380328947368421, "CaCO3_AllDepth": 20.86842105263158, "EC_AllDepth": 1, "SAR_AllDepth": 2, "Ksat_AllDepth": 7.039407894736843, "AWC_AllDepth": 0.18414473684210528, "CEC_AllDepth": 18.448684210526313, "BaseSat_AllDepth": null, "DrainageCl": "Well drained", "Shape__Area": 20106.58135986328, "Shape__Length": 981.2316217671956, "station": "Southwest Colorado RC", "station_svc": "SWCRC Soils"}}, {"type": "Feature", "id": 1, "geometry": {"type": "MultiPolygon", "coordinates": [[[[-106.144097071402, 37.7085767746966], [-106.144734859982, 37.7081143313263], [-106.145380695671, 37.7078109419541], [-106.146319195293, 37.7076257890625], [-106.146679892236, 37.7076441249931], [-106.147109561826, 37.7077284901148], [-106.147538900836, 37.7077016066847], [-106.148337992705, 37.7074742402905], [-106.148694323836, 37.7072766706575], [-106.148914013127, 37.707185462409], [-106.148916173575, 37.7087237230852], [-106.148302007094, 37.7087613701679], [-106.147908165012, 37.7088202865739], [-106.147584064535, 37.7088670957355], [-106.146919710077, 37.7088516867014], [-106.14591916831, 37.7086193668042], [-106.145641951807, 37.7086218755241], [-106.145035185646, 37.7087488145094], [-106.144814047373, 37.7087403573657], [-106.144097071402, 37.7085767746966]]], [[[-106.142679247813, 37.7071355307919], [-106.142169846453, 37.7069402536902], [-106.141987672605, 37.7067293263808], [-106.142738709098, 37.7060770723765], [-106.143464033113, 37.7055310511208], [-106.14420341666, 37.7050287180766], [-106.144586297499, 37.7047060064405], [-106.144660704954, 37.704663291261], [-106.14891046029, 37.7046542615187], [-106.148912176072, 37.7058771678841], [-106.148714568269, 37.7060509786571], [-106.148238579746, 37.7064084010483], [-106.147798402562, 37.7066327139719], [-106.146862690413, 37.7069719921975], [-106.146365897806, 37.7070861648585], [-106.145924201571, 37.7071571488544], [-106.145577942351, 37.7071600385588], [-106.14525680901, 37.7069436686115], [-106.144918065096, 37.7065071224138], [-106.144791718848, 37.7064090911445], [-106.144584372409, 37.7064003793008], [-106.144197697985, 37.7064694549968], [-106.143867017349, 37.7065939777185], [-106.142679247813, 37.7071355307919]]], [[[-106.14194558294, 37.7046689791808], [-106.142571520945, 37.7046676735819], [-106.142262755609, 37.7048937067442], [-106.141691827737, 37.7055156705324], [-106.141205873304, 37.7063118059888], [-106.141150567626, 37.7063451367496], [-106.140987819846, 37.7066692050903], [-106.140941192791, 37.706237880272], [-106.141034525054, 37.7059617809232], [-106.141318939758, 37.7055844847993], [-106.141656056823, 37.7049874231023], [-106.141847016194, 37.7048099595667], [-106.14194558294, 37.7046689791808]]]]}, "properties": {"OBJECTID": 1, "areasymbol": "CO631", "spatialver": 6, "musym": "Dn", "mukey": 498648, "TaxCl": "Sandy-skeletal, mixed, frigid Typic Torriorthents", "TaxOrder": "Entisols", "SubOrd": "Orthents", "GrGrp": "Torriorthents", "SubGrp": "Typic Torriorthents", "PartSz": "sandy-skeletal", "Sand": 66.8, "Silt": 19.2, "Clay": 14, "BRdep": null, "BD": 1.45, "CaCO3": 3, "CEC": 10, "EC": 1, "ECEC": null, "MoiReg": "Aridic (torric)", "MoiSub": "Typic", "OrderSsa": null, "OM": 0.75, "ParMat": "cobbly alluvium", "pH": 8.2, "SAR": 0, "SurfTex": "Cobbly sandy loam", "Temp": "frigid", "EcoID": "R051XY281CO", "EcoName": "Mountain Outwash", "muname": "Dunul cobbly sandy loam", "Sand_DCP_0_6_in": 66.8, "Silt_DCP_0_6_in": 19.2, "Clay_DCP_0_6_in": 14, "SurfText_DCP_SL": "Cobbly sandy loam", "ParMatNm_DCP": "cobbly alluvium", "Taxpartsiz_DCP": "sandy-skeletal", "TaxClName_DCP": "Sandy-skeletal, mixed, frigid Typic Torriorthents", "OrgMatter_DCP_0_6_in": 0.75, "pHwater_DCP_0_6_in": 8.2, "BdSurf_DCP_0_6_in": 1.45, "SAR_DCP_0_6_in": 0, "CaC03_DCP_0_6_in": 3, "CEC7_DCP_0_6_in": 10, "EC_DCP_0_6_in": 1, "ECEC_DCP_0_6_in": null, "EcoSiteID_DCP": "R051XY281CO", "EcoSiteNm_DCP": "Mountain Outwash", "TempRegime_DCP": "frigid", "MoistRegim_DCP": "Aridic (torric)", "MoistSubcl_DCP": "Typic", "TaxOrder_DCP": "Entisols", "TaxSuborer_DCP": "Orthents", "TaxGrtgrp_DCP": "Torriorthents", "Taxsubgrp_DCP": "Typic Torriorthents", "Dep2BedRS_DCP": null, "Sand_AllDepth": 80.33552631578948, "Silt_AllDepth": 10.259868421052632, "Clay_AllDepth": 9.404605263157896, "pH_AllDepth": 8.2, "OM_AllDepth": 0.33223684210526316, "BD_AllDepth": 1.575328947368421, "CaCO3_AllDepth": 5.506578947368421, "EC_AllDepth": 2, "SAR_AllDepth": 0, "Ksat_AllDepth": 368.5749342105263, "AWC_AllDepth": 0.0549342105263158, "CEC_AllDepth": 3.7335526315789473, "BaseSat_AllDepth": null, "DrainageCl": "Excessively drained", "Shape__Area": 169572.45190429688, "Shape__Length": 3211.8188214232378, "station": "San Luis Valley RC", "station_svc": "SLVRC Soils"}}, {"type": "Feature", "id": 2, "geometry": {"type": "MultiPolygon", "coordinates": [[[[-106.14535992213, 37.7118899597592], [-106.145552983559, 37.7117682629739], [-106.146330837459, 37.7110679841516], [-106.146701953961, 37.7108772642394], [-106.146975305912, 37.7106875288191], [-106.147469674864, 37.710429979565], [-106.148130080328, 37.7101486908801], [-106.148917874086, 37.709934136189], [-106.148920604964, 37.7118779894992], [-106.14535992213, 37.7118899597592]]], [[[-106.139692415968, 37.7119087821434], [-106.139684792865, 37.7118686330242], [-106.139696311063, 37.7116926882926], [-106.139763095415, 37.7115166180675], [-106.139992228694, 37.7111726553607], [-106.140183207829, 37.7109951952649], [-106.140938931731, 37.7106027982301], [-106.141599645318, 37.7103654906636], [-106.142094315205, 37.7101519116405], [-106.142354986538, 37.7099955503866], [-106.142834565627, 37.7096387522123], [-106.142970269625, 37.7094614135224], [-106.143392910797, 37.7090842389738], [-106.144097071402, 37.7085767746966], [-106.144814047373, 37.7087403573657], [-106.145035185646, 37.7087488145094], [-106.145641951807, 37.7086218755241], [-106.14591916831, 37.7086193668042], [-106.146919710077, 37.7088516867014], [-106.147584064535, 37.7088670957355], [-106.147908165012, 37.7088202865739], [-106.147834648685, 37.708930519917], [-106.147836035684, 37.7090075784762], [-106.14775344817, 37.7090853668247], [-106.14714974257, 37.7094103754917], [-106.146382641505, 37.7099123469536], [-106.145891328621, 37.7103679524203], [-106.144904655046, 37.7110488716037], [-106.144577699723, 37.7113597338052], [-106.143759587824, 37.7118953045891], [-106.139722719736, 37.7119086890477], [-106.139692415968, 37.7119087821434]]], [[[-106.130511402898, 37.7062587921524], [-106.130512603047, 37.7046946654317], [-106.134804329469, 37.70468493492], [-106.134804278265, 37.7046901964042], [-106.13488088839, 37.7055265132044], [-106.13576504353, 37.7055298812836], [-106.135975433461, 37.7046822519396], [-106.139722160086, 37.7046735917757], [-106.14194558294, 37.7046689791808], [-106.141847016194, 37.7048099595667], [-106.141656056823, 37.7049874231023], [-106.141318939758, 37.7055844847993], [-106.141034525054, 37.7059617809232], [-106.140941192791, 37.706237880272], [-106.140987819846, 37.7066692050903], [-106.140993666082, 37.7069630494419], [-106.141064785703, 37.7070280046811], [-106.141244847611, 37.7070811743212], [-106.141520634895, 37.7070348252764], [-106.141987672605, 37.7067293263808], [-106.142169846453, 37.7069402536902], [-106.142679247813, 37.7071355307919], [-106.142300942094, 37.7073241474288], [-106.141391954824, 37.7076737126371], [-106.141090257432, 37.7078415735394], [-106.140667974689, 37.7082967795377], [-106.139956472153, 37.7087761189953], [-106.138399600137, 37.7092972781152], [-106.137463647239, 37.7096688017096], [-106.137147584888, 37.7097490120542], [-106.136580777588, 37.7097980933655], [-106.135694138606, 37.7097742445556], [-106.135527044777, 37.709731650269], [-106.134310108739, 37.7097766203402], [-106.133866287989, 37.7097149280873], [-106.133364737006, 37.7095431882908], [-106.132586905564, 37.7093639767347], [-106.132309175225, 37.7092453551755], [-106.13218224058, 37.7090926228781], [-106.132124033343, 37.7089287759019], [-106.132121659994, 37.7087521973666], [-106.132188738094, 37.7086200782004], [-106.132625416341, 37.7082525427103], [-106.133315079035, 37.7080918344187], [-106.134201495235, 37.7081058456826], [-106.134477940086, 37.7080809942541], [-106.134698963375, 37.7080132042794], [-106.134847418959, 37.7077693059756], [-106.134788926057, 37.7075615144831], [-106.134785128879, 37.7073410826487], [-106.134568936729, 37.7068153228961], [-106.134303424375, 37.706609541445], [-106.134011872557, 37.7065243833235], [-106.133401635306, 37.7064415746996], [-106.133289814816, 37.706398854124], [-106.132015373126, 37.7063014367631], [-106.131515219024, 37.7062067476848], [-106.1312360406, 37.7060774781919], [-106.130959047777, 37.706014428956], [-106.130793013061, 37.7060381432302], [-106.130511402898, 37.7062587921524]]]]}, "properties": {"OBJECTID": 2, "areasymbol": "CO631", "spatialver": 6, "musym": "No", "mukey": 498668, "TaxCl": "Loamy-skeletal, mixed (calcareous), frigid Aquic Ustorthents", "TaxOrder": "Entisols", "SubOrd": "Orthents", "GrGrp": "Ustorthents", "SubGrp": "Aquic Ustorthents", "PartSz": "loamy-skeletal", "Sand": 66.4, "Silt": 19.3, "Clay": 14.3, "BRdep": null, "BD": 1.35, "CaCO3": 5, "CEC": 10, "EC": 5, "ECEC": null, "MoiReg": "Ustic", "MoiSub": null, "OrderSsa": null, "OM": 0.58, "ParMat": "gravelly alluvium", "pH": 7.9, "SAR": 0, "SurfTex": "Gravelly sandy loam", "Temp": "frigid", "EcoID": "R051XY281CO", "EcoName": "Mountain Outwash", "muname": "Norte gravelly sandy loam", "Sand_DCP_0_6_in": 66.4, "Silt_DCP_0_6_in": 19.3, "Clay_DCP_0_6_in": 14.3, "SurfText_DCP_SL": "Gravelly sandy loam", "ParMatNm_DCP": "gravelly alluvium", "Taxpartsiz_DCP": "loamy-skeletal", "TaxClName_DCP": "Loamy-skeletal, mixed (calcareous), frigid Aquic Ustorthents", "OrgMatter_DCP_0_6_in": 0.58, "pHwater_DCP_0_6_in": 7.9, "BdSurf_DCP_0_6_in": 1.35, "SAR_DCP_0_6_in": 0, "CaC03_DCP_0_6_in": 5, "CEC7_DCP_0_6_in": 10, "EC_DCP_0_6_in": 5, "ECEC_DCP_0_6_in": null, "EcoSiteID_DCP": "R051XY281CO", "EcoSiteNm_DCP": "Mountain Outwash", "TempRegime_DCP": "frigid", "MoistRegim_DCP": "Ustic", "MoistSubcl_DCP": null, "TaxOrder_DCP": "Entisols", "TaxSuborer_DCP": "Orthents", "TaxGrtgrp_DCP": "Ustorthents", "Taxsubgrp_DCP": "Aquic Ustorthents", "Dep2BedRS_DCP": null, "Sand_AllDepth": 73.20131578947368, "Silt_AllDepth": 17.667105263157897, "Clay_AllDepth": 9.131578947368421, "pH_AllDepth": 7.9, "OM_AllDepth": 0.28289473684210525, "BD_AllDepth": 1.35, "CaCO3_AllDepth": 6.671052631578948, "EC_AllDepth": 5, "SAR_AllDepth": 0, "Ksat_AllDepth": 227.67894736842103, "AWC_AllDepth": 0.0606578947368421, "CEC_AllDepth": 6.25, "BaseSat_AllDepth": null, "DrainageCl": "Moderately well drained", "Shape__Area": 569092.8283691406, "Shape__Length": 6347.942651353856, "station": "San Luis Valley RC", "station_svc": "SLVRC Soils"}}, {"type": "Feature", "id": 3, "geometry": {"type": "MultiPolygon", "coordinates": [[[[-106.136581014743, 37.711918280744], [-106.136790760582, 37.7117870477242], [-106.136954055437, 37.7116092110303], [-106.137160039131, 37.7115408777874], [-106.13754812391, 37.711548881212], [-106.13814514874, 37.7116525184474], [-106.138466446472, 37.7118365874792], [-106.138499437101, 37.7119124334835], [-106.136581014743, 37.711918280744]]], [[[-106.130508965768, 37.7094371708886], [-106.130816997181, 37.7094245144284], [-106.131039951848, 37.7095216825006], [-106.131166116636, 37.7096520454013], [-106.131209890642, 37.7097946629409], [-106.131184288656, 37.7099269114876], [-106.130912055108, 37.7102591937232], [-106.130886453122, 37.7103914428622], [-106.131014156724, 37.7105665464112], [-106.131222883874, 37.7106523366448], [-106.131443702347, 37.710650078148], [-106.132434241373, 37.7102229033601], [-106.133208132804, 37.7101386263585], [-106.134537906224, 37.7102359064909], [-106.135426975149, 37.7104031369122], [-106.136201635538, 37.7103412099494], [-106.136935980435, 37.7104217315496], [-106.137475869717, 37.7103946358959], [-106.137806046398, 37.7103249135961], [-106.138082055566, 37.7102130484962], [-106.138246396957, 37.7101015250604], [-106.139181903392, 37.7097183656224], [-106.139897759164, 37.7094800553007], [-106.140395470747, 37.7094645440566], [-106.140521490009, 37.7095518386469], [-106.140509974505, 37.7097277841976], [-106.140140594447, 37.7099730767916], [-106.139920667102, 37.7100739872519], [-106.139383862634, 37.7102659479288], [-106.13899793471, 37.7103573755361], [-106.138501790687, 37.7105602982278], [-106.138063425405, 37.7108400552901], [-106.137763689934, 37.7111396515431], [-106.137543755403, 37.7112405582829], [-106.13707291243, 37.711267275556], [-106.136408259731, 37.7112078615011], [-106.135799312461, 37.7112353278221], [-106.135688130674, 37.7112140918633], [-106.134212174407, 37.7115032072437], [-106.134047500639, 37.7116039841489], [-106.133924139493, 37.7117372080394], [-106.133925513017, 37.711814265812], [-106.133871095772, 37.7119264859536], [-106.130507051458, 37.7119365857651], [-106.130508965768, 37.7094371708886]]]]}, "properties": {"OBJECTID": 3, "areasymbol": "CO631", "spatialver": 6, "musym": "Qa", "mukey": 498672, "TaxCl": "Sandy-skeletal, mixed, frigid Typic Ustorthents", "TaxOrder": "Entisols", "SubOrd": "Orthents", "GrGrp": "Ustorthents", "SubGrp": "Typic Ustorthents", "PartSz": "sandy-skeletal", "Sand": 65.3, "Silt": 23.2, "Clay": 11.5, "BRdep": null, "BD": 1.43, "CaCO3": 3, "CEC": 6, "EC": 1, "ECEC": null, "MoiReg": "Ustic", "MoiSub": "Typic", "OrderSsa": null, "OM": 0.25, "ParMat": "gravelly alluvium", "pH": 8.2, "SAR": 3, "SurfTex": "Gravelly sandy loam", "Temp": "frigid", "EcoID": "R051XY281CO", "EcoName": "Mountain Outwash", "muname": "Quamon gravelly sandy loam", "Sand_DCP_0_6_in": 65.3, "Silt_DCP_0_6_in": 23.2, "Clay_DCP_0_6_in": 11.5, "SurfText_DCP_SL": "Gravelly sandy loam", "ParMatNm_DCP": "gravelly alluvium", "Taxpartsiz_DCP": "sandy-skeletal", "TaxClName_DCP": "Sandy-skeletal, mixed, frigid Typic Ustorthents", "OrgMatter_DCP_0_6_in": 0.25, "pHwater_DCP_0_6_in": 8.2, "BdSurf_DCP_0_6_in": 1.43, "SAR_DCP_0_6_in": 3, "CaC03_DCP_0_6_in": 3, "CEC7_DCP_0_6_in": 6, "EC_DCP_0_6_in": 1, "ECEC_DCP_0_6_in": null, "EcoSiteID_DCP": "R051XY281CO", "EcoSiteNm_DCP": "Mountain Outwash", "TempRegime_DCP": "frigid", "MoistRegim_DCP": "Ustic", "MoistSubcl_DCP": "Typic", "TaxOrder_DCP": "Entisols", "TaxSuborer_DCP": "Orthents", "TaxGrtgrp_DCP": "Ustorthents", "Taxsubgrp_DCP": "Typic Ustorthents", "Dep2BedRS_DCP": null, "Sand_AllDepth": 78.80986842105263, "Silt_AllDepth": 12.976315789473682, "Clay_AllDepth": 8.213815789473685, "pH_AllDepth": 8.2, "OM_AllDepth": 0.25, "BD_AllDepth": 1.4446052631578947, "CaCO3_AllDepth": 3, "EC_AllDepth": 1, "SAR_AllDepth": 3, "Ksat_AllDepth": 316.5644078947368, "AWC_AllDepth": 0.060789473684210525, "CEC_AllDepth": 6, "BaseSat_AllDepth": null, "DrainageCl": "Moderately well drained", "Shape__Area": 114937.06103515625, "Shape__Length": 2699.8591230913466, "station": "San Luis Valley RC", "station_svc": "SLVRC Soils"}}, {"type": "Feature", "id": 4, "geometry": {"type": "MultiPolygon", "coordinates": [[[[-106.143759587824, 37.7118953045891], [-106.144577699723, 37.7113597338052], [-106.144904655046, 37.7110488716037], [-106.145891328621, 37.7103679524203], [-106.146382641505, 37.7099123469536], [-106.14714974257, 37.7094103754917], [-106.14775344817, 37.7090853668247], [-106.147836035684, 37.7090075784762], [-106.147834648685, 37.708930519917], [-106.147908165012, 37.7088202865739], [-106.148302007094, 37.7087613701679], [-106.148916173575, 37.7087237230852], [-106.148917874086, 37.709934136189], [-106.148130080328, 37.7101486908801], [-106.147469674864, 37.710429979565], [-106.146975305912, 37.7106875288191], [-106.146701953961, 37.7108772642394], [-106.146330837459, 37.7110679841516], [-106.145552983559, 37.7117682629739], [-106.14535992213, 37.7118899597592], [-106.144333301372, 37.7118933907975], [-106.143759587824, 37.7118953045891]]], [[[-106.138499437101, 37.7119124334835], [-106.138466446472, 37.7118365874792], [-106.13814514874, 37.7116525184474], [-106.13754812391, 37.711548881212], [-106.137160039131, 37.7115408777874], [-106.136954055437, 37.7116092110303], [-106.136790760582, 37.7117870477242], [-106.136581014743, 37.711918280744], [-106.133871095772, 37.7119264859536], [-106.133925513017, 37.711814265812], [-106.133924139493, 37.7117372080394], [-106.134047500639, 37.7116039841489], [-106.134212174407, 37.7115032072437], [-106.135688130674, 37.7112140918633], [-106.135799312461, 37.7112353278221], [-106.136408259731, 37.7112078615011], [-106.13707291243, 37.711267275556], [-106.137543755403, 37.7112405582829], [-106.137763689934, 37.7111396515431], [-106.138063425405, 37.7108400552901], [-106.138501790687, 37.7105602982278], [-106.13899793471, 37.7103573755361], [-106.139383862634, 37.7102659479288], [-106.139920667102, 37.7100739872519], [-106.140140594447, 37.7099730767916], [-106.140509974505, 37.7097277841976], [-106.140521490009, 37.7095518386469], [-106.140395470747, 37.7094645440566], [-106.139897759164, 37.7094800553007], [-106.139181903392, 37.7097183656224], [-106.138246396957, 37.7101015250604], [-106.138082055566, 37.7102130484962], [-106.137806046398, 37.7103249135961], [-106.137475869717, 37.7103946358959], [-106.136935980435, 37.7104217315496], [-106.136201635538, 37.7103412099494], [-106.135426975149, 37.7104031369122], [-106.134537906224, 37.7102359064909], [-106.133208132804, 37.7101386263585], [-106.132434241373, 37.7102229033601], [-106.131443702347, 37.710650078148], [-106.131222883874, 37.7106523366448], [-106.131014156724, 37.7105665464112], [-106.130886453122, 37.7103914428622], [-106.130912055108, 37.7102591937232], [-106.131184288656, 37.7099269114876], [-106.131209890642, 37.7097946629409], [-106.131166116636, 37.7096520454013], [-106.131039951848, 37.7095216825006], [-106.130816997181, 37.7094245144284], [-106.130508965768, 37.7094371708886], [-106.130511402898, 37.7062587921524], [-106.130793013061, 37.7060381432302], [-106.130959047777, 37.706014428956], [-106.1312360406, 37.7060774781919], [-106.131515219024, 37.7062067476848], [-106.132015373126, 37.7063014367631], [-106.133289814816, 37.706398854124], [-106.133401635306, 37.7064415746996], [-106.134011872557, 37.7065243833235], [-106.134303424375, 37.706609541445], [-106.134568936729, 37.7068153228961], [-106.134785128879, 37.7073410826487], [-106.134788926057, 37.7075615144831], [-106.134847418959, 37.7077693059756], [-106.134698963375, 37.7080132042794], [-106.134477940086, 37.7080809942541], [-106.134201495235, 37.7081058456826], [-106.133315079035, 37.7080918344187], [-106.132625416341, 37.7082525427103], [-106.132188738094, 37.7086200782004], [-106.132121659994, 37.7087521973666], [-106.132124033343, 37.7089287759019], [-106.13218224058, 37.7090926228781], [-106.132309175225, 37.7092453551755], [-106.132586905564, 37.7093639767347], [-106.133364737006, 37.7095431882908], [-106.133866287989, 37.7097149280873], [-106.134310108739, 37.7097766203402], [-106.135527044777, 37.709731650269], [-106.135694138606, 37.7097742445556], [-106.136580777588, 37.7097980933655], [-106.137147584888, 37.7097490120542], [-106.137463647239, 37.7096688017096], [-106.138399600137, 37.7092972781152], [-106.139956472153, 37.7087761189953], [-106.140667974689, 37.7082967795377], [-106.141090257432, 37.7078415735394], [-106.141391954824, 37.7076737126371], [-106.142300942094, 37.7073241474288], [-106.142679247813, 37.7071355307919], [-106.143867017349, 37.7065939777185], [-106.144197697985, 37.7064694549968], [-106.144584372409, 37.7064003793008], [-106.144791718848, 37.7064090911445], [-106.144918065096, 37.7065071224138], [-106.14525680901, 37.7069436686115], [-106.145577942351, 37.7071600385588], [-106.145924201571, 37.7071571488544], [-106.146365897806, 37.7070861648585], [-106.146862690413, 37.7069719921975], [-106.147798402562, 37.7066327139719], [-106.148238579746, 37.7064084010483], [-106.148714568269, 37.7060509786571], [-106.148912176072, 37.7058771678841], [-106.148914013127, 37.707185462409], [-106.148694323836, 37.7072766706575], [-106.148337992705, 37.7074742402905], [-106.147538900836, 37.7077016066847], [-106.147109561826, 37.7077284901148], [-106.146679892236, 37.7076441249931], [-106.146319195293, 37.7076257890625], [-106.145380695671, 37.7078109419541], [-106.144734859982, 37.7081143313263], [-106.144097071402, 37.7085767746966], [-106.143392910797, 37.7090842389738], [-106.142970269625, 37.7094614135224], [-106.142834565627, 37.7096387522123], [-106.142354986538, 37.7099955503866], [-106.142094315205, 37.7101519116405], [-106.141599645318, 37.7103654906636], [-106.140938931731, 37.7106027982301], [-106.140183207829, 37.7109951952649], [-106.139992228694, 37.7111726553607], [-106.139763095415, 37.7115166180675], [-106.139696311063, 37.7116926882926], [-106.139684792865, 37.7118686330242], [-106.139692415968, 37.7119087821434], [-106.138499437101, 37.7119124334835]]], [[[-106.140987819846, 37.7066692050903], [-106.141150567626, 37.7063451367496], [-106.141205873304, 37.7063118059888], [-106.141691827737, 37.7055156705324], [-106.142262755609, 37.7048937067442], [-106.142571520945, 37.7046676735819], [-106.144660704954, 37.704663291261], [-106.144586297499, 37.7047060064405], [-106.14420341666, 37.7050287180766], [-106.143464033113, 37.7055310511208], [-106.142738709098, 37.7060770723765], [-106.141987672605, 37.7067293263808], [-106.141520634895, 37.7070348252764], [-106.141244847611, 37.7070811743212], [-106.141064785703, 37.7070280046811], [-106.140993666082, 37.7069630494419], [-106.140987819846, 37.7066692050903]]]]}, "properties": {"OBJECTID": 4, "areasymbol": "CO631", "spatialver": 6, "musym": "Sa", "mukey": 498674, "TaxCl": "Fine-loamy over sandy or sandy-skeletal, mixed, frigid Typic Haplargids", "TaxOrder": "Aridisols", "SubOrd": "Argids", "GrGrp": "Haplargids", "SubGrp": "Typic Haplargids", "PartSz": "fine-loamy over sandy or sandy-skeletal", "Sand": 65.9, "Silt": 19.1, "Clay": 15, "BRdep": null, "BD": 1.45, "CaCO3": 0, "CEC": 10, "EC": 4, "ECEC": null, "MoiReg": "Aridic (torric)", "MoiSub": "Typic", "OrderSsa": null, "OM": 0.75, "ParMat": "alluvium", "pH": 8.2, "SAR": 0, "SurfTex": "Sandy loam", "Temp": "frigid", "EcoID": "R051XY263CO", "EcoName": "Salt Flats", "muname": "San Arcacio sandy loam", "Sand_DCP_0_6_in": 65.9, "Silt_DCP_0_6_in": 19.1, "Clay_DCP_0_6_in": 15, "SurfText_DCP_SL": "Sandy loam", "ParMatNm_DCP": "alluvium", "Taxpartsiz_DCP": "fine-loamy over sandy or sandy-skeletal", "TaxClName_DCP": "Fine-loamy over sandy or sandy-skeletal, mixed, frigid Typic Haplargids", "OrgMatter_DCP_0_6_in": 0.75, "pHwater_DCP_0_6_in": 8.2, "BdSurf_DCP_0_6_in": 1.45, "SAR_DCP_0_6_in": 0, "CaC03_DCP_0_6_in": 0, "CEC7_DCP_0_6_in": 10, "EC_DCP_0_6_in": 4, "ECEC_DCP_0_6_in": null, "EcoSiteID_DCP": "R051XY263CO", "EcoSiteNm_DCP": "Salt Flats", "TempRegime_DCP": "frigid", "MoistRegim_DCP": "Aridic (torric)", "MoistSubcl_DCP": "Typic", "TaxOrder_DCP": "Aridisols", "TaxSuborer_DCP": "Argids", "TaxGrtgrp_DCP": "Haplargids", "Taxsubgrp_DCP": "Typic Haplargids", "Dep2BedRS_DCP": null, "Sand_AllDepth": 80.98157894736842, "Silt_AllDepth": 8.505263157894737, "Clay_AllDepth": 10.513157894736842, "pH_AllDepth": 7.9, "OM_AllDepth": 0.3157894736842105, "BD_AllDepth": 1.5223684210526316, "CaCO3_AllDepth": 6.947368421052632, "EC_AllDepth": 4, "SAR_AllDepth": 0, "Ksat_AllDepth": 251.30289473684206, "AWC_AllDepth": 0.0881578947368421, "CEC_AllDepth": 6.671052631578948, "BaseSat_AllDepth": null, "DrainageCl": "Moderately well drained", "Shape__Area": 440302.3107910156, "Shape__Length": 8512.553802993552, "station": "San Luis Valley RC", "station_svc": "SLVRC Soils"}}, {"type": "Feature", "id": 1, "geometry": {"type": "Polygon", "coordinates": [[[-103.69699080314, 38.0368791913674], [-103.697150312493, 38.0368793569285], [-103.697150523597, 38.0370671729947], [-103.697124880289, 38.037049643374], [-103.69699080314, 38.0368791913674]]]}, "properties": {"OBJECTID": 1, "areasymbol": "CO089", "spatialver": 12, "musym": "RdB", "mukey": 2611154, "TaxCl": "Fine-silty, mixed, superactive, mesic Aridic Calciustolls", "TaxOrder": "Mollisols", "SubOrd": "Ustolls", "GrGrp": "Calciustolls", "SubGrp": "Aridic Calciustolls", "PartSz": "fine-silty", "Sand": 28, "Silt": 38, "Clay": 34, "BRdep": null, "BD": 1.38, "CaCO3": 2, "CEC": 26.6, "EC": 0.1, "ECEC": null, "MoiReg": "Aridic (torric)", "MoiSub": "Ustic", "OrderSsa": "Order 2", "OM": 1.75, "ParMat": "clayey alluvium from irrigation water  over silty alluvium", "pH": 7.8, "SAR": 0, "SurfTex": "Clay loam", "Temp": "mesic", "EcoID": "R069XY006CO", "EcoName": "Loamy Plains", "muname": "Rocky Ford silty clay loam, 1 to 3 percent slopes", "Sand_DCP_0_6_in": 28, "Silt_DCP_0_6_in": 38, "Clay_DCP_0_6_in": 34, "SurfText_DCP_SL": "Clay loam", "ParMatNm_DCP": "clayey alluvium from irrigation water  over silty alluvium", "Taxpartsiz_DCP": "fine-silty", "TaxClName_DCP": "Fine-silty, mixed, superactive, mesic Aridic Calciustolls", "OrgMatter_DCP_0_6_in": 1.75, "pHwater_DCP_0_6_in": 7.8, "BdSurf_DCP_0_6_in": 1.38, "SAR_DCP_0_6_in": 0, "CaC03_DCP_0_6_in": 2, "CEC7_DCP_0_6_in": 26.6, "EC_DCP_0_6_in": 0.1, "ECEC_DCP_0_6_in": null, "EcoSiteID_DCP": "R069XY006CO", "EcoSiteNm_DCP": "Loamy Plains", "TempRegime_DCP": "mesic", "MoistRegim_DCP": "Aridic (torric)", "MoistSubcl_DCP": "Ustic", "TaxOrder_DCP": "Mollisols", "TaxSuborer_DCP": "Ustolls", "TaxGrtgrp_DCP": "Calciustolls", "Taxsubgrp_DCP": "Aridic Calciustolls", "Dep2BedRS_DCP": null, "Sand_AllDepth": 45.55, "Silt_AllDepth": 32.75, "Clay_AllDepth": 21.7, "pH_AllDepth": 7.6, "OM_AllDepth": 0.88375, "BD_AllDepth": 1.4682, "CaCO3_AllDepth": 10.83, "EC_AllDepth": 1, "SAR_AllDepth": 2, "Ksat_AllDepth": 12.785, "AWC_AllDepth": 0.1505, "CEC_AllDepth": 16.441999999999997, "BaseSat_AllDepth": 233.5908040384382, "DrainageCl": "Well drained", "Shape__Area": 155.7314453125, "Shape__Length": 60.093518320307126, "station": "Arkansas Valley RC", "station_svc": "AVRC Soils"}}, {"type": "Feature", "id": 2, "geometry": {"type": "MultiPolygon", "coordinates": [[[[-103.685576842377, 38.0385763376055], [-103.683354632248, 38.0376777574302], [-103.683355321256, 38.0367999781315], [-103.692442954453, 38.036873698843], [-103.692452507138, 38.0404921310377], [-103.691971585067, 38.0404873158533], [-103.691855708684, 38.040383526833], [-103.691656205436, 38.0402636011607], [-103.691474058537, 38.0401882325706], [-103.691172547097, 38.0401302201617], [-103.690521530824, 38.0400959830766], [-103.689783439952, 38.040012616783], [-103.689330774389, 38.0399327786795], [-103.688856296832, 38.0397988126846], [-103.688578588052, 38.0397034921559], [-103.687237344044, 38.03919347297], [-103.686562298735, 38.0389181488353], [-103.686185811207, 38.0387941235876], [-103.685634873545, 38.0385799176038], [-103.685576842377, 38.0385763376055]]], [[[-103.69699080314, 38.0368791913674], [-103.697124880289, 38.037049643374], [-103.697150523597, 38.0370671729947], [-103.697151481201, 38.0379168189696], [-103.697214904057, 38.0379532376367], [-103.697330307926, 38.0380053341141], [-103.697408716478, 38.0380546811528], [-103.697477432207, 38.0381050342434], [-103.697522215021, 38.038152267164], [-103.697592820805, 38.0382444653356], [-103.698012805659, 38.0388370063105], [-103.698170278531, 38.0389985696145], [-103.698307637226, 38.0390658795342], [-103.698421728657, 38.0391017181836], [-103.698562810869, 38.0391418067928], [-103.699323666847, 38.0393518283807], [-103.699680326761, 38.0394348876636], [-103.699805672286, 38.0394778089239], [-103.699924043291, 38.0395307688823], [-103.699958501767, 38.0395510833372], [-103.699955004625, 38.040505671708], [-103.698554633505, 38.0405094390971], [-103.697154404319, 38.0405131895063], [-103.695279192723, 38.0405051481647], [-103.693503827074, 38.0404972313406], [-103.692660850707, 38.0404936033266], [-103.692650874017, 38.0368746115516], [-103.69699080314, 38.0368791913674]]]]}, "properties": {"OBJECTID": 2, "areasymbol": "CO089", "spatialver": 12, "musym": "RfA", "mukey": 2611155, "TaxCl": "Fine-silty, mixed, superactive, mesic Aridic Calciustolls", "TaxOrder": "Mollisols", "SubOrd": "Ustolls", "GrGrp": "Calciustolls", "SubGrp": "Aridic Calciustolls", "PartSz": "fine-silty", "Sand": 5, "Silt": 61, "Clay": 34, "BRdep": null, "BD": 1.43, "CaCO3": 1, "CEC": 26.3, "EC": 0.8, "ECEC": null, "MoiReg": "Aridic (torric)", "MoiSub": "Ustic", "OrderSsa": "Order 2", "OM": 1.25, "ParMat": "clayey alluvium from irrigation water  over silty alluvium", "pH": 7.6, "SAR": 0.5, "SurfTex": "Silty clay loam", "Temp": "mesic", "EcoID": "R069XY006CO", "EcoName": "Loamy Plains", "muname": "Rocky Ford silty clay loam, 0 to 1 percent slopes, very rarely flooded", "Sand_DCP_0_6_in": 5, "Silt_DCP_0_6_in": 61, "Clay_DCP_0_6_in": 34, "SurfText_DCP_SL": "Silty clay loam", "ParMatNm_DCP": "clayey alluvium from irrigation water  over silty alluvium", "Taxpartsiz_DCP": "fine-silty", "TaxClName_DCP": "Fine-silty, mixed, superactive, mesic Aridic Calciustolls", "OrgMatter_DCP_0_6_in": 1.25, "pHwater_DCP_0_6_in": 7.6, "BdSurf_DCP_0_6_in": 1.43, "SAR_DCP_0_6_in": 0.5, "CaC03_DCP_0_6_in": 1, "CEC7_DCP_0_6_in": 26.3, "EC_DCP_0_6_in": 0.8, "ECEC_DCP_0_6_in": null, "EcoSiteID_DCP": "R069XY006CO", "EcoSiteNm_DCP": "Loamy Plains", "TempRegime_DCP": "mesic", "MoistRegim_DCP": "Aridic (torric)", "MoistSubcl_DCP": "Ustic", "TaxOrder_DCP": "Mollisols", "TaxSuborer_DCP": "Ustolls", "TaxGrtgrp_DCP": "Calciustolls", "Taxsubgrp_DCP": "Aridic Calciustolls", "Dep2BedRS_DCP": null, "Sand_AllDepth": 18.825, "Silt_AllDepth": 55.095, "Clay_AllDepth": 26.08, "pH_AllDepth": 7.6, "OM_AllDepth": 0.6675, "BD_AllDepth": 1.42815, "CaCO3_AllDepth": 10.66, "EC_AllDepth": 1.5, "SAR_AllDepth": 3, "Ksat_AllDepth": 6.47, "AWC_AllDepth": 0.1977, "CEC_AllDepth": 19.449, "BaseSat_AllDepth": 209.17013728212245, "DrainageCl": "Well drained", "Shape__Area": 419235.10400390625, "Shape__Length": 4136.122862277412, "station": "Arkansas Valley RC", "station_svc": "AVRC Soils"}}, {"type": "Feature", "id": 3, "geometry": {"type": "Polygon", "coordinates": [[[-103.685576842377, 38.0385763376055], [-103.685634873545, 38.0385799176038], [-103.686185811207, 38.0387941235876], [-103.686562298735, 38.0389181488353], [-103.687237344044, 38.03919347297], [-103.688578588052, 38.0397034921559], [-103.688856296832, 38.0397988126846], [-103.689330774389, 38.0399327786795], [-103.689783439952, 38.040012616783], [-103.690521530824, 38.0400959830766], [-103.691172547097, 38.0401302201617], [-103.691474058537, 38.0401882325706], [-103.691656205436, 38.0402636011607], [-103.691855708684, 38.040383526833], [-103.691971585067, 38.0404873158533], [-103.690260846915, 38.0404701690966], [-103.685576842377, 38.0385763376055]]]}, "properties": {"OBJECTID": 3, "areasymbol": "CO089", "spatialver": 12, "musym": "RfB", "mukey": 2611156, "TaxCl": "Fine-silty, mixed, superactive, mesic Aridic Calciustolls", "TaxOrder": "Mollisols", "SubOrd": "Ustolls", "GrGrp": "Calciustolls", "SubGrp": "Aridic Calciustolls", "PartSz": "fine-silty", "Sand": 5, "Silt": 61, "Clay": 34, "BRdep": null, "BD": 1.43, "CaCO3": 1, "CEC": 26.3, "EC": 0.8, "ECEC": null, "MoiReg": "Aridic (torric)", "MoiSub": "Ustic", "OrderSsa": "Order 2", "OM": 1.25, "ParMat": "clayey alluvium from irrigation water  over silty alluvium", "pH": 7.6, "SAR": 0.5, "SurfTex": "Silty clay loam", "Temp": "mesic", "EcoID": "R069XY006CO", "EcoName": "Loamy Plains", "muname": "Rocky Ford silty clay loam, 1 to 3 percent slopes, very rarely flooded", "Sand_DCP_0_6_in": 5, "Silt_DCP_0_6_in": 61, "Clay_DCP_0_6_in": 34, "SurfText_DCP_SL": "Silty clay loam", "ParMatNm_DCP": "clayey alluvium from irrigation water  over silty alluvium", "Taxpartsiz_DCP": "fine-silty", "TaxClName_DCP": "Fine-silty, mixed, superactive, mesic Aridic Calciustolls", "OrgMatter_DCP_0_6_in": 1.25, "pHwater_DCP_0_6_in": 7.6, "BdSurf_DCP_0_6_in": 1.43, "SAR_DCP_0_6_in": 0.5, "CaC03_DCP_0_6_in": 1, "CEC7_DCP_0_6_in": 26.3, "EC_DCP_0_6_in": 0.8, "ECEC_DCP_0_6_in": null, "EcoSiteID_DCP": "R069XY006CO", "EcoSiteNm_DCP": "Loamy Plains", "TempRegime_DCP": "mesic", "MoistRegim_DCP": "Aridic (torric)", "MoistSubcl_DCP": "Ustic", "TaxOrder_DCP": "Mollisols", "TaxSuborer_DCP": "Ustolls", "TaxGrtgrp_DCP": "Calciustolls", "Taxsubgrp_DCP": "Aridic Calciustolls", "Dep2BedRS_DCP": null, "Sand_AllDepth": 18.825, "Silt_AllDepth": 55.095, "Clay_AllDepth": 26.08, "pH_AllDepth": 7.6, "OM_AllDepth": 0.6675, "BD_AllDepth": 1.42815, "CaCO3_AllDepth": 10.66, "EC_AllDepth": 1.5, "SAR_AllDepth": 3, "Ksat_AllDepth": 6.47, "AWC_AllDepth": 0.1977, "CEC_AllDepth": 19.449, "BaseSat_AllDepth": 209.17013728212245, "DrainageCl": "Well drained", "Shape__Area": 10001.409912109375, "Shape__Length": 1220.7210786945232, "station": "Arkansas Valley RC", "station_svc": "AVRC Soils"}}, {"type": "Feature", "id": 1, "geometry": {"type": "Polygon", "coordinates": [[[-102.295353063081, 37.3832457097679], [-102.295399105332, 37.3831567745128], [-102.295518532756, 37.3828402520884], [-102.295669832406, 37.3821044396258], [-102.295398588801, 37.3816543848255], [-102.295245455689, 37.3814490080002], [-102.295245180805, 37.3803237750821], [-102.295245038871, 37.378883692216], [-102.295244761292, 37.3752220882918], [-102.296226567795, 37.3752215657384], [-102.296369434959, 37.3753421084183], [-102.296473720381, 37.3758714822193], [-102.296607956532, 37.3762284892907], [-102.296696851117, 37.3763741146732], [-102.296888255155, 37.3765698604636], [-102.29724237643, 37.3772159311642], [-102.297451192513, 37.3774957305295], [-102.297835701997, 37.377826323287], [-102.298446940869, 37.3782166781922], [-102.298710270317, 37.3783442973612], [-102.299273351405, 37.3785573964331], [-102.299489595657, 37.3786686788443], [-102.299680955677, 37.3788098729885], [-102.299748290695, 37.3788828798709], [-102.299245823431, 37.3788829798079], [-102.299247657791, 37.3803500430179], [-102.299247948845, 37.3805830555308], [-102.298817230921, 37.3809393570528], [-102.298703195185, 37.3810767430023], [-102.298587622433, 37.3812633946744], [-102.298393087766, 37.3816911381518], [-102.298315171492, 37.3819715232738], [-102.298306267391, 37.3822572658721], [-102.298341397806, 37.3825754160815], [-102.297962711202, 37.3827029792949], [-102.296978340008, 37.3830346476306], [-102.296773472021, 37.3831036738445], [-102.295681253587, 37.3834698208608], [-102.295681423368, 37.3832451380186], [-102.295353063081, 37.3832457097679]], [[-102.297485708481, 37.3796277310354], [-102.297330000798, 37.3796644353869], [-102.297154103479, 37.3797460102247], [-102.296933800638, 37.3799237923531], [-102.296688266817, 37.3800465417601], [-102.29626951535, 37.3803634071899], [-102.296069379688, 37.3805499756929], [-102.295966790286, 37.3806876600182], [-102.295919873075, 37.3808081425181], [-102.295895324814, 37.3809364075639], [-102.295897610128, 37.3810981560203], [-102.295954500435, 37.3812570695756], [-102.296110034743, 37.3814743547255], [-102.296356480355, 37.3817396835799], [-102.296667918179, 37.3820168385482], [-102.296868917122, 37.3821503808267], [-102.297090252127, 37.3822542500514], [-102.297246317339, 37.3822890708178], [-102.297400726957, 37.3822908881613], [-102.297535591929, 37.3822373800116], [-102.297652569647, 37.3821481337694], [-102.29797334995, 37.3818077366379], [-102.298115859585, 37.3815883866876], [-102.298151637686, 37.3814309200168], [-102.29815771928, 37.3811927214256], [-102.298087391075, 37.3806597961015], [-102.297929339687, 37.3798738709199], [-102.297878345024, 37.3797575778004], [-102.297735061041, 37.3796308761648], [-102.297641179907, 37.3796151840663], [-102.297485708481, 37.3796277310354]]]}, "properties": {"OBJECTID": 1, "areasymbol": "CO009", "spatialver": 12, "musym": "BaA", "mukey": 2766504, "TaxCl": "Fine, smectitic, mesic Aridic Haplustalfs", "TaxOrder": "Alfisols", "SubOrd": "Ustalfs", "GrGrp": "Haplustalfs", "SubGrp": "Aridic Haplustalfs", "PartSz": "fine", "Sand": 13.6, "Silt": 55.3, "Clay": 31.1, "BRdep": null, "BD": 1.23, "CaCO3": 0, "CEC": 24.5, "EC": 0.1, "ECEC": null, "MoiReg": "Ustic", "MoiSub": "Aridic (torric)", "OrderSsa": "Order 2", "OM": 1.5, "ParMat": "loess", "pH": 7.3, "SAR": 0, "SurfTex": "Silt loam", "Temp": "mesic", "EcoID": "R067BY002CO", "EcoName": "Loamy Plains", "muname": "Baca silt loam, 0 to 3 percent slopes", "Sand_DCP_0_6_in": 13.6, "Silt_DCP_0_6_in": 55.3, "Clay_DCP_0_6_in": 31.1, "SurfText_DCP_SL": "Silt loam", "ParMatNm_DCP": "loess", "Taxpartsiz_DCP": "fine", "TaxClName_DCP": "Fine, smectitic, mesic Aridic Haplustalfs", "OrgMatter_DCP_0_6_in": 1.5, "pHwater_DCP_0_6_in": 7.3, "BdSurf_DCP_0_6_in": 1.23, "SAR_DCP_0_6_in": 0, "CaC03_DCP_0_6_in": 0, "CEC7_DCP_0_6_in": 24.5, "EC_DCP_0_6_in": 0.1, "ECEC_DCP_0_6_in": null, "EcoSiteID_DCP": "R067BY002CO", "EcoSiteNm_DCP": "Loamy Plains", "TempRegime_DCP": "mesic", "MoistRegim_DCP": "Ustic", "MoistSubcl_DCP": "Aridic (torric)", "TaxOrder_DCP": "Alfisols", "TaxSuborer_DCP": "Ustalfs", "TaxGrtgrp_DCP": "Haplustalfs", "Taxsubgrp_DCP": "Aridic Haplustalfs", "Dep2BedRS_DCP": null, "Sand_AllDepth": 14.34, "Silt_AllDepth": 53.86, "Clay_AllDepth": 31.8, "pH_AllDepth": 7.2, "OM_AllDepth": 0.52625, "BD_AllDepth": 1.27625, "CaCO3_AllDepth": 8.89, "EC_AllDepth": 2, "SAR_AllDepth": 5, "Ksat_AllDepth": 5.05575, "AWC_AllDepth": 0.20085, "CEC_AllDepth": 21.109, "BaseSat_AllDepth": 249.68970581268653, "DrainageCl": "Well drained", "Shape__Area": 178528.81909179688, "Shape__Length": 3092.4787889030995, "station": "Plainsman RC", "station_svc": "PRC Soils"}}, {"type": "Feature", "id": 2, "geometry": {"type": "Polygon", "coordinates": [[[-102.297485708481, 37.3796277310354], [-102.297641179907, 37.3796151840663], [-102.297735061041, 37.3796308761648], [-102.297878345024, 37.3797575778004], [-102.297929339687, 37.3798738709199], [-102.298087391075, 37.3806597961015], [-102.29815771928, 37.3811927214256], [-102.298151637686, 37.3814309200168], [-102.298115859585, 37.3815883866876], [-102.29797334995, 37.3818077366379], [-102.297652569647, 37.3821481337694], [-102.297535591929, 37.3822373800116], [-102.297400726957, 37.3822908881613], [-102.297246317339, 37.3822890708178], [-102.297090252127, 37.3822542500514], [-102.296868917122, 37.3821503808267], [-102.296667918179, 37.3820168385482], [-102.296356480355, 37.3817396835799], [-102.296110034743, 37.3814743547255], [-102.295954500435, 37.3812570695756], [-102.295897610128, 37.3810981560203], [-102.295895324814, 37.3809364075639], [-102.295919873075, 37.3808081425181], [-102.295966790286, 37.3806876600182], [-102.296069379688, 37.3805499756929], [-102.29626951535, 37.3803634071899], [-102.296688266817, 37.3800465417601], [-102.296933800638, 37.3799237923531], [-102.297154103479, 37.3797460102247], [-102.297330000798, 37.3796644353869], [-102.297485708481, 37.3796277310354]]]}, "properties": {"OBJECTID": 2, "areasymbol": "CO009", "spatialver": 12, "musym": "Ca", "mukey": 2808264, "TaxCl": "Fine, smectitic, mesic Torrertic Haplustalfs", "TaxOrder": "Alfisols", "SubOrd": "Ustalfs", "GrGrp": "Haplustalfs", "SubGrp": "Torrertic Haplustalfs", "PartSz": "fine", "Sand": 35, "Silt": 38, "Clay": 27, "BRdep": null, "BD": 1.42, "CaCO3": 0, "CEC": 21.7, "EC": 0.1, "ECEC": null, "MoiReg": "Ustic", "MoiSub": "Aridic (torric)", "OrderSsa": "Order 2", "OM": 1.5, "ParMat": "loess", "pH": 7.8, "SAR": 0, "SurfTex": "Clay loam", "Temp": "mesic", "EcoID": "R067BY042CO", "EcoName": "Clayey Plains", "muname": "Campo clay loam, 0 to 2 percent slopes", "Sand_DCP_0_6_in": 35, "Silt_DCP_0_6_in": 38, "Clay_DCP_0_6_in": 27, "SurfText_DCP_SL": "Clay loam", "ParMatNm_DCP": "loess", "Taxpartsiz_DCP": "fine", "TaxClName_DCP": "Fine, smectitic, mesic Torrertic Haplustalfs", "OrgMatter_DCP_0_6_in": 1.5, "pHwater_DCP_0_6_in": 7.8, "BdSurf_DCP_0_6_in": 1.42, "SAR_DCP_0_6_in": 0, "CaC03_DCP_0_6_in": 0, "CEC7_DCP_0_6_in": 21.7, "EC_DCP_0_6_in": 0.1, "ECEC_DCP_0_6_in": null, "EcoSiteID_DCP": "R067BY042CO", "EcoSiteNm_DCP": "Clayey Plains", "TempRegime_DCP": "mesic", "MoistRegim_DCP": "Ustic", "MoistSubcl_DCP": "Aridic (torric)", "TaxOrder_DCP": "Alfisols", "TaxSuborer_DCP": "Ustalfs", "TaxGrtgrp_DCP": "Haplustalfs", "Taxsubgrp_DCP": "Torrertic Haplustalfs", "Dep2BedRS_DCP": null, "Sand_AllDepth": 9.04, "Silt_AllDepth": 55.72, "Clay_AllDepth": 35.24, "pH_AllDepth": 7.2, "OM_AllDepth": 0.54975, "BD_AllDepth": 1.4429999999999998, "CaCO3_AllDepth": 7.575, "EC_AllDepth": 1, "SAR_AllDepth": 3, "Ksat_AllDepth": 2.0106249999999997, "AWC_AllDepth": 0.19135, "CEC_AllDepth": 25.511, "BaseSat_AllDepth": 179.41868213711732, "DrainageCl": "Well drained", "Shape__Area": 41970.98193359375, "Shape__Length": 775.8956858555244, "station": "Plainsman RC", "station_svc": "PRC Soils"}}, {"type": "Feature", "id": 3, "geometry": {"type": "MultiPolygon", "coordinates": [[[[-102.309930923511, 37.4406823013196], [-102.309992990809, 37.4406507394108], [-102.310312024787, 37.4405161031238], [-102.310552187582, 37.4404356471904], [-102.310703992085, 37.4404053947043], [-102.31111453834, 37.4403652629777], [-102.311737828111, 37.4403391030944], [-102.312044837241, 37.4403589043516], [-102.312724716384, 37.4405006049393], [-102.312833940743, 37.4404671999177], [-102.312859299285, 37.4404158010189], [-102.312861742703, 37.4403369761815], [-102.312830571162, 37.4402125031672], [-102.312759473101, 37.4401026273777], [-102.312539561028, 37.4398699275987], [-102.312475471622, 37.4396273320788], [-102.312480808513, 37.4395018536162], [-102.312600555737, 37.4391888837092], [-102.312907513663, 37.4386166661034], [-102.312960593317, 37.4384609804629], [-102.312983013469, 37.4382943707698], [-102.312957328839, 37.4380461994854], [-102.31286652174, 37.4378121495025], [-102.312686701478, 37.4375129744482], [-102.312391529449, 37.4371616730844], [-102.312317331301, 37.4370152927498], [-102.3123025621, 37.4368550886922], [-102.312330597621, 37.436687292797], [-102.312408201282, 37.4364838286063], [-102.312518282634, 37.436299243911], [-102.31272901123, 37.4360611312641], [-102.312979956503, 37.4358522250838], [-102.313286521865, 37.4356922931552], [-102.313573874059, 37.4356022210909], [-102.313779325053, 37.4355709609036], [-102.31409019065, 37.4355556785369], [-102.315440725933, 37.4355703481824], [-102.315956657147, 37.4355595902524], [-102.316216142704, 37.4355317731286], [-102.316463341103, 37.435453620779], [-102.316694535118, 37.4352949212917], [-102.31702334097, 37.4350202473468], [-102.317222814574, 37.434824742653], [-102.317392611434, 37.4346164735695], [-102.317502906584, 37.4344345563159], [-102.317559691789, 37.4342822523295], [-102.317661569725, 37.4333701338629], [-102.317774991911, 37.4330100884325], [-102.317977746162, 37.4325845773802], [-102.318252286584, 37.4321830510005], [-102.318479755286, 37.431953891822], [-102.31871487943, 37.4318012418152], [-102.318858090649, 37.4317508584564], [-102.319065579022, 37.4317033847481], [-102.319272914681, 37.4316809611288], [-102.319423175879, 37.4316865486659], [-102.319575028891, 37.4317242475891], [-102.319813771449, 37.4318155505374], [-102.319947637494, 37.4318836986516], [-102.320062452967, 37.4319698297613], [-102.320140839061, 37.4320712738131], [-102.320215883421, 37.4322274428286], [-102.320266412758, 37.4323911499502], [-102.320295160643, 37.4325944462224], [-102.320286491003, 37.4328014797515], [-102.320246708212, 37.4330056637064], [-102.320090024958, 37.4335289387221], [-102.319923404541, 37.4339624078133], [-102.319745406961, 37.4343025694843], [-102.319274512784, 37.4348958667782], [-102.319189041678, 37.43504698187], [-102.319134002799, 37.4352063502445], [-102.319110759789, 37.435416825342], [-102.319158406432, 37.4355735280556], [-102.319330591014, 37.4357827681221], [-102.319561903606, 37.4359477913382], [-102.319799066028, 37.4360338107776], [-102.320055738959, 37.4360803594539], [-102.320580168235, 37.4361290565326], [-102.320940593887, 37.4361049144949], [-102.321228696175, 37.4360237276881], [-102.321604003317, 37.4358923870491], [-102.322939772992, 37.4353309214611], [-102.32350807419, 37.4351295999032], [-102.324065366535, 37.4350272220054], [-102.324479365913, 37.4350414138428], [-102.324683672453, 37.4350236105618], [-102.325674693875, 37.4348583713171], [-102.326665103543, 37.4348469748788], [-102.328048799237, 37.435009122701], [-102.328120289862, 37.4350125715125], [-102.328118531859, 37.438141312864], [-102.328116527717, 37.4417625591976], [-102.324441908861, 37.4417625057049], [-102.32510380463, 37.4412412190015], [-102.325590707684, 37.4408089318349], [-102.325914649158, 37.4404370087838], [-102.32600755023, 37.4402926547824], [-102.326093999601, 37.4400994519765], [-102.326233044434, 37.4395708271038], [-102.326217637429, 37.4394035030559], [-102.326050739432, 37.4388407478356], [-102.325957841954, 37.4386497395688], [-102.325832838687, 37.4384711381172], [-102.325653039985, 37.4382667736363], [-102.325302020592, 37.4379049971081], [-102.325055358487, 37.4376942815013], [-102.324853629213, 37.43756796883], [-102.32462958489, 37.4374616006247], [-102.324341940743, 37.4373603350656], [-102.32409672223, 37.4373006778237], [-102.32362738124, 37.4372679054795], [-102.323370929294, 37.4372776931035], [-102.323217391042, 37.4373008975138], [-102.322543120082, 37.4375202584368], [-102.32204871879, 37.4377436601344], [-102.321853202265, 37.4378781537617], [-102.321607207608, 37.4380912925487], [-102.320790424317, 37.4388930985976], [-102.320447266981, 37.4392007259879], [-102.31967419661, 37.4397507390353], [-102.319419388581, 37.4399544939109], [-102.319226662224, 37.4401487548442], [-102.318689387937, 37.4407553420775], [-102.318419386702, 37.4410090705346], [-102.318196222727, 37.4411816639941], [-102.31781844432, 37.4413918184463], [-102.317023579922, 37.4416997001758], [-102.316885345369, 37.4417623487927], [-102.314476000895, 37.4417622817484], [-102.309929152034, 37.4417621704835], [-102.309930923511, 37.4406823013196]]], [[[-102.300921459914, 37.4312490160669], [-102.300939478322, 37.4312617348666], [-102.301074652314, 37.4314398320745], [-102.301083109952, 37.4315663812153], [-102.301012494286, 37.4316773616503], [-102.300921547949, 37.431742536721], [-102.300921459914, 37.4312490160669]]], [[[-102.300921036807, 37.4288399850899], [-102.301190347238, 37.4288430817859], [-102.301494718016, 37.4288862956979], [-102.302198146494, 37.4290375584605], [-102.302453956144, 37.4290609352046], [-102.303230277518, 37.4290876761364], [-102.303592701022, 37.4291412835223], [-102.303882187614, 37.4292246128702], [-102.304012844877, 37.4292956274664], [-102.304121639841, 37.4293919225806], [-102.304188920961, 37.4294975289788], [-102.304181457758, 37.429584662955], [-102.304133396992, 37.429664962916], [-102.303838824139, 37.4298314042079], [-102.303643542973, 37.4299014673331], [-102.303441972701, 37.4299378738525], [-102.302981240266, 37.4299788022749], [-102.301372078216, 37.4300409271191], [-102.3009212542, 37.4300754524711], [-102.300921036807, 37.4288399850899]]]]}, "properties": {"OBJECTID": 3, "areasymbol": "CO009", "spatialver": 12, "musym": "RcA", "mukey": 94211, "TaxCl": "Fine, smectitic, mesic Aridic Argiustolls", "TaxOrder": "Mollisols", "SubOrd": "Ustolls", "GrGrp": "Argiustolls", "SubGrp": "Aridic Argiustolls", "PartSz": "fine", "Sand": 29, "Silt": 53, "Clay": 18, "BRdep": null, "BD": 1.2, "CaCO3": 1, "CEC": 14.7, "EC": 1, "ECEC": null, "MoiReg": "Ustic", "MoiSub": "Aridic (torric)", "OrderSsa": "Order 2", "OM": 1.7, "ParMat": "loess", "pH": 7.2, "SAR": 0, "SurfTex": "Silt loam", "Temp": "mesic", "EcoID": "R072XY100KS", "EcoName": "Loamy Tableland", "muname": "Richfield silt loam, 0 to 1 percent slopes", "Sand_DCP_0_6_in": 29, "Silt_DCP_0_6_in": 53, "Clay_DCP_0_6_in": 18, "SurfText_DCP_SL": "Silt loam", "ParMatNm_DCP": "loess", "Taxpartsiz_DCP": "fine", "TaxClName_DCP": "Fine, smectitic, mesic Aridic Argiustolls", "OrgMatter_DCP_0_6_in": 1.7, "pHwater_DCP_0_6_in": 7.2, "BdSurf_DCP_0_6_in": 1.2, "SAR_DCP_0_6_in": 0, "CaC03_DCP_0_6_in": 1, "CEC7_DCP_0_6_in": 14.7, "EC_DCP_0_6_in": 1, "ECEC_DCP_0_6_in": null, "EcoSiteID_DCP": "R072XY100KS", "EcoSiteNm_DCP": "Loamy Tableland", "TempRegime_DCP": "mesic", "MoistRegim_DCP": "Ustic", "MoistSubcl_DCP": "Aridic (torric)", "TaxOrder_DCP": "Mollisols", "TaxSuborer_DCP": "Ustolls", "TaxGrtgrp_DCP": "Argiustolls", "Taxsubgrp_DCP": "Aridic Argiustolls", "Dep2BedRS_DCP": null, "Sand_AllDepth": 20.43, "Silt_AllDepth": 51.75, "Clay_AllDepth": 27.82, "pH_AllDepth": 7.2, "OM_AllDepth": 0.759, "BD_AllDepth": 1.1767999999999998, "CaCO3_AllDepth": 8.02, "EC_AllDepth": 1, "SAR_AllDepth": 0, "Ksat_AllDepth": 5.28, "AWC_AllDepth": 0.21420000000000003, "CEC_AllDepth": 18.95, "BaseSat_AllDepth": 98.15303430079156, "DrainageCl": "Well drained", "Shape__Area": 862414.4445800781, "Shape__Length": 7177.207062047103, "station": "Plainsman RC", "station_svc": "PRC Soils"}}, {"type": "Feature", "id": 4, "geometry": {"type": "MultiPolygon", "coordinates": [[[[-102.324441908861, 37.4417625057049], [-102.323569677059, 37.4417624764621], [-102.319022852452, 37.4417623659104], [-102.316885345369, 37.4417623487927], [-102.317023579922, 37.4416997001758], [-102.31781844432, 37.4413918184463], [-102.318196222727, 37.4411816639941], [-102.318419386702, 37.4410090705346], [-102.318689387937, 37.4407553420775], [-102.319226662224, 37.4401487548442], [-102.319419388581, 37.4399544939109], [-102.31967419661, 37.4397507390353], [-102.320447266981, 37.4392007259879], [-102.320790424317, 37.4388930985976], [-102.321607207608, 37.4380912925487], [-102.321853202265, 37.4378781537617], [-102.32204871879, 37.4377436601344], [-102.322543120082, 37.4375202584368], [-102.323217391042, 37.4373008975138], [-102.323370929294, 37.4372776931035], [-102.32362738124, 37.4372679054795], [-102.32409672223, 37.4373006778237], [-102.324341940743, 37.4373603350656], [-102.32462958489, 37.4374616006247], [-102.324853629213, 37.43756796883], [-102.325055358487, 37.4376942815013], [-102.325302020592, 37.4379049971081], [-102.325653039985, 37.4382667736363], [-102.325832838687, 37.4384711381172], [-102.325957841954, 37.4386497395688], [-102.326050739432, 37.4388407478356], [-102.326217637429, 37.4394035030559], [-102.326233044434, 37.4395708271038], [-102.326093999601, 37.4400994519765], [-102.32600755023, 37.4402926547824], [-102.325914649158, 37.4404370087838], [-102.325590707684, 37.4408089318349], [-102.32510380463, 37.4412412190015], [-102.324441908861, 37.4417625057049]]], [[[-102.325674693875, 37.4348583713171], [-102.32548427978, 37.4344757005515], [-102.325473128993, 37.4339826301846], [-102.325400730171, 37.4337368955473], [-102.325318008808, 37.4335847056982], [-102.325041537906, 37.4332923744341], [-102.324310790762, 37.4326472236414], [-102.32394895206, 37.4322922686032], [-102.323766441344, 37.4320826785207], [-102.323661489373, 37.4318976621058], [-102.323618546309, 37.4316217737267], [-102.32364625664, 37.4312894394435], [-102.323721782498, 37.4308741258023], [-102.323868789998, 37.4305194762274], [-102.323900971244, 37.4303604017588], [-102.323874039752, 37.4301114016499], [-102.323736388206, 37.4297975236125], [-102.323611026512, 37.4296144668362], [-102.323445824534, 37.4294603154417], [-102.32324829219, 37.4293293114029], [-102.322607359506, 37.4289728012031], [-102.322384638401, 37.4288010755683], [-102.322182333307, 37.4286139787253], [-102.321877211538, 37.4282802086381], [-102.321775531231, 37.4281334756513], [-102.321710733055, 37.427976773769], [-102.321658009134, 37.4276933463024], [-102.32164334773, 37.4272727044869], [-102.323581692026, 37.4272741283834], [-102.328124601775, 37.4272775433094], [-102.328122569786, 37.4308987916925], [-102.328120565645, 37.4345200660541], [-102.328120289862, 37.4350125715125], [-102.328048799237, 37.435009122701], [-102.326665103543, 37.4348469748788], [-102.325674693875, 37.4348583713171]]]]}, "properties": {"OBJECTID": 4, "areasymbol": "CO009", "spatialver": 12, "musym": "UnA", "mukey": 94217, "TaxCl": "Fine-silty, mixed, superactive, mesic Aridic Haplustolls", "TaxOrder": "Mollisols", "SubOrd": "Ustolls", "GrGrp": "Haplustolls", "SubGrp": "Aridic Haplustolls", "PartSz": "fine-silty", "Sand": 11.3, "Silt": 67.7, "Clay": 21, "BRdep": null, "BD": 1.23, "CaCO3": 1, "CEC": 15, "EC": 0, "ECEC": null, "MoiReg": "Ustic", "MoiSub": "Aridic (torric)", "OrderSsa": "Order 2", "OM": 2, "ParMat": "loess", "pH": 7.2, "SAR": 0, "SurfTex": "Silt loam", "Temp": "mesic", "EcoID": "R072XY100KS", "EcoName": "Loamy Tableland", "muname": "Ulysses and norka silt loams, 0 to 1 percent slopes", "Sand_DCP_0_6_in": 11.3, "Silt_DCP_0_6_in": 67.7, "Clay_DCP_0_6_in": 21, "SurfText_DCP_SL": "Silt loam", "ParMatNm_DCP": "loess", "Taxpartsiz_DCP": "fine-silty", "TaxClName_DCP": "Fine-silty, mixed, superactive, mesic Aridic Haplustolls", "OrgMatter_DCP_0_6_in": 2, "pHwater_DCP_0_6_in": 7.2, "BdSurf_DCP_0_6_in": 1.23, "SAR_DCP_0_6_in": 0, "CaC03_DCP_0_6_in": 1, "CEC7_DCP_0_6_in": 15, "EC_DCP_0_6_in": 0, "ECEC_DCP_0_6_in": null, "EcoSiteID_DCP": "R072XY100KS", "EcoSiteNm_DCP": "Loamy Tableland", "TempRegime_DCP": "mesic", "MoistRegim_DCP": "Ustic", "MoistSubcl_DCP": "Aridic (torric)", "TaxOrder_DCP": "Mollisols", "TaxSuborer_DCP": "Ustolls", "TaxGrtgrp_DCP": "Haplustolls", "Taxsubgrp_DCP": "Aridic Haplustolls", "Dep2BedRS_DCP": null, "Sand_AllDepth": 30.205263157894734, "Silt_AllDepth": 46.80131578947369, "Clay_AllDepth": 22.99342105263158, "pH_AllDepth": 7.2, "OM_AllDepth": 0.6973684210526315, "BD_AllDepth": 1.274078947368421, "CaCO3_AllDepth": 5.407894736842105, "EC_AllDepth": 1, "SAR_AllDepth": 0, "Ksat_AllDepth": 8.526315789473685, "AWC_AllDepth": 0.17276315789473684, "CEC_AllDepth": 13.19078947368421, "BaseSat_AllDepth": null, "DrainageCl": "Well drained", "Shape__Area": 573803.3381347656, "Shape__Length": 4769.784892208832, "station": "Plainsman RC", "station_svc": "PRC Soils"}}, {"type": "Feature", "id": 5, "geometry": {"type": "MultiPolygon", "coordinates": [[[[-102.300921547949, 37.431742536721], [-102.301012494286, 37.4316773616503], [-102.301083109952, 37.4315663812153], [-102.301074652314, 37.4314398320745], [-102.300939478322, 37.4312617348666], [-102.300921459914, 37.4312490160669], [-102.300921396133, 37.4308844335745], [-102.3009212542, 37.4300754524711], [-102.301372078216, 37.4300409271191], [-102.302981240266, 37.4299788022749], [-102.303441972701, 37.4299378738525], [-102.303643542973, 37.4299014673331], [-102.303838824139, 37.4298314042079], [-102.304133396992, 37.429664962916], [-102.304181457758, 37.429584662955], [-102.304188920961, 37.4294975289788], [-102.304121639841, 37.4293919225806], [-102.304012844877, 37.4292956274664], [-102.303882187614, 37.4292246128702], [-102.303592701022, 37.4291412835223], [-102.303230277518, 37.4290876761364], [-102.302453956144, 37.4290609352046], [-102.302198146494, 37.4290375584605], [-102.301494718016, 37.4288862956979], [-102.301190347238, 37.4288430817859], [-102.300921036807, 37.4288399850899], [-102.300920756533, 37.4272647724699], [-102.305459526845, 37.4272643822537], [-102.309952991525, 37.4272639107128], [-102.314495901274, 37.4272673263526], [-102.319038783175, 37.4272707405655], [-102.32164334773, 37.4272727044869], [-102.321658009134, 37.4276933463024], [-102.321710733055, 37.427976773769], [-102.321775531231, 37.4281334756513], [-102.321877211538, 37.4282802086381], [-102.322182333307, 37.4286139787253], [-102.322384638401, 37.4288010755683], [-102.322607359506, 37.4289728012031], [-102.32324829219, 37.4293293114029], [-102.323445824534, 37.4294603154417], [-102.323611026512, 37.4296144668362], [-102.323736388206, 37.4297975236125], [-102.323874039752, 37.4301114016499], [-102.323900971244, 37.4303604017588], [-102.323868789998, 37.4305194762274], [-102.323721782498, 37.4308741258023], [-102.32364625664, 37.4312894394435], [-102.323618546309, 37.4316217737267], [-102.323661489373, 37.4318976621058], [-102.323766441344, 37.4320826785207], [-102.32394895206, 37.4322922686032], [-102.324310790762, 37.4326472236414], [-102.325041537906, 37.4332923744341], [-102.325318008808, 37.4335847056982], [-102.325400730171, 37.4337368955473], [-102.325473128993, 37.4339826301846], [-102.32548427978, 37.4344757005515], [-102.325674693875, 37.4348583713171], [-102.324683672453, 37.4350236105618], [-102.324479365913, 37.4350414138428], [-102.324065366535, 37.4350272220054], [-102.32350807419, 37.4351295999032], [-102.322939772992, 37.4353309214611], [-102.321604003317, 37.4358923870491], [-102.321228696175, 37.4360237276881], [-102.320940593887, 37.4361049144949], [-102.320580168235, 37.4361290565326], [-102.320055738959, 37.4360803594539], [-102.319799066028, 37.4360338107776], [-102.319561903606, 37.4359477913382], [-102.319330591014, 37.4357827681221], [-102.319158406432, 37.4355735280556], [-102.319110759789, 37.435416825342], [-102.319134002799, 37.4352063502445], [-102.319189041678, 37.43504698187], [-102.319274512784, 37.4348958667782], [-102.319745406961, 37.4343025694843], [-102.319923404541, 37.4339624078133], [-102.320090024958, 37.4335289387221], [-102.320246708212, 37.4330056637064], [-102.320286491003, 37.4328014797515], [-102.320295160643, 37.4325944462224], [-102.320266412758, 37.4323911499502], [-102.320215883421, 37.4322274428286], [-102.320140839061, 37.4320712738131], [-102.320062452967, 37.4319698297613], [-102.319947637494, 37.4318836986516], [-102.319813771449, 37.4318155505374], [-102.319575028891, 37.4317242475891], [-102.319423175879, 37.4316865486659], [-102.319272914681, 37.4316809611288], [-102.319065579022, 37.4317033847481], [-102.318858090649, 37.4317508584564], [-102.31871487943, 37.4318012418152], [-102.318479755286, 37.431953891822], [-102.318252286584, 37.4321830510005], [-102.317977746162, 37.4325845773802], [-102.317774991911, 37.4330100884325], [-102.317661569725, 37.4333701338629], [-102.317559691789, 37.4342822523295], [-102.317502906584, 37.4344345563159], [-102.317392611434, 37.4346164735695], [-102.317222814574, 37.434824742653], [-102.31702334097, 37.4350202473468], [-102.316694535118, 37.4352949212917], [-102.316463341103, 37.435453620779], [-102.316216142704, 37.4355317731286], [-102.315956657147, 37.4355595902524], [-102.315440725933, 37.4355703481824], [-102.31409019065, 37.4355556785369], [-102.313779325053, 37.4355709609036], [-102.313573874059, 37.4356022210909], [-102.313286521865, 37.4356922931552], [-102.312979956503, 37.4358522250838], [-102.31272901123, 37.4360611312641], [-102.312518282634, 37.436299243911], [-102.312408201282, 37.4364838286063], [-102.312330597621, 37.436687292797], [-102.3123025621, 37.4368550886922], [-102.312317331301, 37.4370152927498], [-102.312391529449, 37.4371616730844], [-102.312686701478, 37.4375129744482], [-102.31286652174, 37.4378121495025], [-102.312957328839, 37.4380461994854], [-102.312983013469, 37.4382943707698], [-102.312960593317, 37.4384609804629], [-102.312907513663, 37.4386166661034], [-102.312600555737, 37.4391888837092], [-102.312480808513, 37.4395018536162], [-102.312475471622, 37.4396273320788], [-102.312539561028, 37.4398699275987], [-102.312759473101, 37.4401026273777], [-102.312830571162, 37.4402125031672], [-102.312861742703, 37.4403369761815], [-102.312859299285, 37.4404158010189], [-102.312833940743, 37.4404671999177], [-102.312724716384, 37.4405006049393], [-102.312044837241, 37.4403589043516], [-102.311737828111, 37.4403391030944], [-102.31111453834, 37.4403652629777], [-102.310703992085, 37.4404053947043], [-102.310552187582, 37.4404356471904], [-102.310312024787, 37.4405161031238], [-102.309992990809, 37.4406507394108], [-102.309930923511, 37.4406823013196], [-102.309935097084, 37.4381376195444], [-102.309941070881, 37.4345130399903], [-102.305457053783, 37.4345086795506], [-102.300922034836, 37.4345040979857], [-102.300921547949, 37.431742536721]]], [[[-102.295245455689, 37.3814490080002], [-102.295398588801, 37.3816543848255], [-102.295669832406, 37.3821044396258], [-102.295518532756, 37.3828402520884], [-102.295399105332, 37.3831567745128], [-102.295353063081, 37.3832457097679], [-102.295245892271, 37.383245896782], [-102.295245455689, 37.3814490080002]]], [[[-102.299247948845, 37.3805830555308], [-102.299248323443, 37.3808822367396], [-102.299248839076, 37.3812952471533], [-102.299272637244, 37.3812872810012], [-102.29927285823, 37.381374848668], [-102.299273842783, 37.382160554685], [-102.299273729595, 37.3821607024425], [-102.299273854461, 37.3822613024321], [-102.298341397806, 37.3825754160815], [-102.298306267391, 37.3822572658721], [-102.298315171492, 37.3819715232738], [-102.298393087766, 37.3816911381518], [-102.298587622433, 37.3812633946744], [-102.298703195185, 37.3810767430023], [-102.298817230921, 37.3809393570528], [-102.299247948845, 37.3805830555308]]], [[[-102.296226567795, 37.3752215657384], [-102.296458555022, 37.3752214408111], [-102.296369434959, 37.3753421084183], [-102.296226567795, 37.3752215657384]]]]}, "properties": {"OBJECTID": 5, "areasymbol": "CO009", "spatialver": 12, "musym": "WIA", "mukey": 94223, "TaxCl": "Fine-silty, mixed, superactive, mesic Aridic Haplustalfs", "TaxOrder": "Alfisols", "SubOrd": "Ustalfs", "GrGrp": "Haplustalfs", "SubGrp": "Aridic Haplustalfs", "PartSz": "fine-silty", "Sand": 33, "Silt": 44.8, "Clay": 22.2, "BRdep": null, "BD": 1.32, "CaCO3": 5, "CEC": 12.8, "EC": 0, "ECEC": null, "MoiReg": "Ustic", "MoiSub": "Aridic (torric)", "OrderSsa": null, "OM": 0.68, "ParMat": "loess", "pH": 7.9, "SAR": 0, "SurfTex": "Loam", "Temp": "mesic", "EcoID": "R067BY002CO", "EcoName": "Loamy Plains", "muname": "Wiley loam, 0 to 1 percent slopes", "Sand_DCP_0_6_in": 33, "Silt_DCP_0_6_in": 44.8, "Clay_DCP_0_6_in": 22.2, "SurfText_DCP_SL": "Loam", "ParMatNm_DCP": "loess", "Taxpartsiz_DCP": "fine-silty", "TaxClName_DCP": "Fine-silty, mixed, superactive, mesic Aridic Haplustalfs", "OrgMatter_DCP_0_6_in": 0.68, "pHwater_DCP_0_6_in": 7.9, "BdSurf_DCP_0_6_in": 1.32, "SAR_DCP_0_6_in": 0, "CaC03_DCP_0_6_in": 5, "CEC7_DCP_0_6_in": 12.8, "EC_DCP_0_6_in": 0, "ECEC_DCP_0_6_in": null, "EcoSiteID_DCP": "R067BY002CO", "EcoSiteNm_DCP": "Loamy Plains", "TempRegime_DCP": "mesic", "MoistRegim_DCP": "Ustic", "MoistSubcl_DCP": "Aridic (torric)", "TaxOrder_DCP": "Alfisols", "TaxSuborer_DCP": "Ustalfs", "TaxGrtgrp_DCP": "Haplustalfs", "Taxsubgrp_DCP": "Aridic Haplustalfs", "Dep2BedRS_DCP": null, "Sand_AllDepth": 11.10657894736842, "Silt_AllDepth": 62.288157894736834, "Clay_AllDepth": 26.605263157894736, "pH_AllDepth": 7.9, "OM_AllDepth": 0.29276315789473684, "BD_AllDepth": 1.2760526315789473, "CaCO3_AllDepth": 9.243421052631579, "EC_AllDepth": 1, "SAR_AllDepth": 0, "Ksat_AllDepth": 9, "AWC_AllDepth": 0.18907894736842107, "CEC_AllDepth": 12.911184210526315, "BaseSat_AllDepth": null, "DrainageCl": "Well drained", "Shape__Area": 1813156.2690429688, "Shape__Length": 9393.0857811569, "station": "Plainsman RC", "station_svc": "PRC Soils"}}, {"type": "Feature", "id": 6, "geometry": {"type": "Polygon", "coordinates": [[[-102.296369434959, 37.3753421084183], [-102.296458555022, 37.3752214408111], [-102.299870627762, 37.3752195554786], [-102.299874460874, 37.3788828548866], [-102.299748290695, 37.3788828798709], [-102.299680955677, 37.3788098729885], [-102.299489595657, 37.3786686788443], [-102.299273351405, 37.3785573964331], [-102.298710270317, 37.3783442973612], [-102.298446940869, 37.3782166781922], [-102.297835701997, 37.377826323287], [-102.297451192513, 37.3774957305295], [-102.29724237643, 37.3772159311642], [-102.296888255155, 37.3765698604636], [-102.296696851117, 37.3763741146732], [-102.296607956532, 37.3762284892907], [-102.296473720381, 37.3758714822193], [-102.296369434959, 37.3753421084183]]]}, "properties": {"OBJECTID": 6, "areasymbol": "CO009", "spatialver": 12, "musym": "Ws2", "mukey": 94228, "TaxCl": "Fine-silty, mixed, superactive, mesic Aridic Haplustalfs", "TaxOrder": "Alfisols", "SubOrd": "Ustalfs", "GrGrp": "Haplustalfs", "SubGrp": "Aridic Haplustalfs", "PartSz": "fine-silty", "Sand": 27, "Silt": 49, "Clay": 24, "BRdep": null, "BD": 1.3, "CaCO3": 6, "CEC": 13.3, "EC": 0, "ECEC": null, "MoiReg": "Ustic", "MoiSub": "Aridic (torric)", "OrderSsa": null, "OM": 0.58, "ParMat": "loess", "pH": 8, "SAR": 0, "SurfTex": "Loam", "Temp": "mesic", "EcoID": "R067BY002CO", "EcoName": "Loamy Plains", "muname": "Wiley soils, eroded", "Sand_DCP_0_6_in": 27, "Silt_DCP_0_6_in": 49, "Clay_DCP_0_6_in": 24, "SurfText_DCP_SL": "Loam", "ParMatNm_DCP": "loess", "Taxpartsiz_DCP": "fine-silty", "TaxClName_DCP": "Fine-silty, mixed, superactive, mesic Aridic Haplustalfs", "OrgMatter_DCP_0_6_in": 0.58, "pHwater_DCP_0_6_in": 8, "BdSurf_DCP_0_6_in": 1.3, "SAR_DCP_0_6_in": 0, "CaC03_DCP_0_6_in": 6, "CEC7_DCP_0_6_in": 13.3, "EC_DCP_0_6_in": 0, "ECEC_DCP_0_6_in": null, "EcoSiteID_DCP": "R067BY002CO", "EcoSiteNm_DCP": "Loamy Plains", "TempRegime_DCP": "mesic", "MoistRegim_DCP": "Ustic", "MoistSubcl_DCP": "Aridic (torric)", "TaxOrder_DCP": "Alfisols", "TaxSuborer_DCP": "Ustalfs", "TaxGrtgrp_DCP": "Haplustalfs", "Taxsubgrp_DCP": "Aridic Haplustalfs", "Dep2BedRS_DCP": null, "Sand_AllDepth": 10.488815789473684, "Silt_AllDepth": 62.659210526315796, "Clay_AllDepth": 26.851973684210527, "pH_AllDepth": 7.9, "OM_AllDepth": 0.28289473684210525, "BD_AllDepth": 1.273092105263158, "CaCO3_AllDepth": 9.263157894736842, "EC_AllDepth": 1, "SAR_AllDepth": 0, "Ksat_AllDepth": 9, "AWC_AllDepth": 0.19006578947368422, "CEC_AllDepth": 13.009868421052632, "BaseSat_AllDepth": null, "DrainageCl": "Well drained", "Shape__Area": 87553.01000976562, "Shape__Length": 1254.484324170536, "station": "Plainsman RC", "station_svc": "PRC Soils"}}]}