{
"type": "FeatureCollection",
"name": "county_fine",
"crs": { "type": "name", "properties": { "name": "urn:ogc:def:crs:OGC:1.3:CRS84" } },
"xy_coordinate_resolution": 0.0001,
"features": [
{ "type": "Feature", "properties": { "id": "Larimer" }, "geometry": { "type": "Polygon", "coordinates": [ [ [ -105.0567, 40.3493 ], [ -105.0551, 40.3352 ], [ -105.0551, 40.2618 ], [ -105.1084, 40.2613 ], [ -105.1302, 40.2616 ], [ -105.1311, 40.2611 ], [ -105.1948, 40.2611 ], [ -105.1954, 40.2614 ], [ -105.1977, 40.2611 ], [ -105.2894, 40.2628 ], [ -105.3362, 40.2617 ], [ -105.3547, 40.2618 ], [ -105.3752, 40.2613 ], [ -105.391, 40.2579 ], [ -105.4043, 40.2578 ], [ -105.4628, 40.2594 ], [ -105.4953, 40.2597 ], [ -105.5005, 40.2603 ], [ -105.5516, 40.2615 ], [ -105.6533, 40.2605 ], [ -105.6542, 40.2613 ], [ -105.6557, 40.2617 ], [ -105.6581, 40.2633 ], [ -105.6607, 40.2642 ], [ -105.6626, 40.2642 ], [ -105.6659, 40.2671 ], [ -105.6721, 40.2681 ], [ -105.6756, 40.2673 ], [ -105.6782, 40.2681 ], [ -105.6789, 40.2699 ], [ -105.6824, 40.2728 ], [ -105.6803, 40.2747 ], [ -105.6815, 40.279 ], [ -105.6801, 40.2785 ], [ -105.6793, 40.2789 ], [ -105.6807, 40.2826 ], [ -105.6806, 40.2845 ], [ -105.6856, 40.2867 ], [ -105.6865, 40.2883 ], [ -105.6854, 40.2901 ], [ -105.6837, 40.2912 ], [ -105.6812, 40.2919 ], [ -105.6848, 40.2924 ], [ -105.6866, 40.293 ], [ -105.6874, 40.2937 ], [ -105.6882, 40.2977 ], [ -105.6858, 40.3029 ], [ -105.6893, 40.3035 ], [ -105.691, 40.3049 ], [ -105.6913, 40.3062 ], [ -105.6901, 40.3086 ], [ -105.6919, 40.3094 ], [ -105.6948, 40.3093 ], [ -105.6971, 40.3109 ], [ -105.7004, 40.3105 ], [ -105.7021, 40.3121 ], [ -105.7015, 40.3144 ], [ -105.7002, 40.3164 ], [ -105.6976, 40.3183 ], [ -105.6987, 40.3208 ], [ -105.702, 40.3217 ], [ -105.7024, 40.3226 ], [ -105.7017, 40.3243 ], [ -105.7131, 40.3256 ], [ -105.7214, 40.332 ], [ -105.7265, 40.3335 ], [ -105.7291, 40.3353 ], [ -105.7288, 40.3379 ], [ -105.7299, 40.3396 ], [ -105.7331, 40.3408 ], [ -105.7343, 40.3417 ], [ -105.7364, 40.3449 ], [ -105.7363, 40.3466 ], [ -105.7396, 40.3471 ], [ -105.7416, 40.3482 ], [ -105.7423, 40.3493 ], [ -105.7478, 40.3475 ], [ -105.7524, 40.3491 ], [ -105.7533, 40.3514 ], [ -105.7562, 40.3514 ], [ -105.7589, 40.3529 ], [ -105.7598, 40.3558 ], [ -105.763, 40.3571 ], [ -105.7643, 40.3591 ], [ -105.7677, 40.3598 ], [ -105.7683, 40.3605 ], [ -105.7691, 40.3645 ], [ -105.7726, 40.3644 ], [ -105.7741, 40.3652 ], [ -105.7742, 40.3668 ], [ -105.7764, 40.3695 ], [ -105.782, 40.3738 ], [ -105.7821, 40.3752 ], [ -105.7815, 40.3756 ], [ -105.7818, 40.377 ], [ -105.785, 40.3797 ], [ -105.7872, 40.3809 ], [ -105.7886, 40.3843 ], [ -105.7907, 40.3863 ], [ -105.7912, 40.3879 ], [ -105.7905, 40.3896 ], [ -105.7917, 40.3943 ], [ -105.791, 40.3986 ], [ -105.7917, 40.3997 ], [ -105.7938, 40.4008 ], [ -105.7942, 40.4019 ], [ -105.7973, 40.405 ], [ -105.8004, 40.4072 ], [ -105.8012, 40.4084 ], [ -105.8013, 40.4102 ], [ -105.802, 40.4109 ], [ -105.8083, 40.415 ], [ -105.8111, 40.4194 ], [ -105.8153, 40.4215 ], [ -105.8164, 40.424 ], [ -105.8173, 40.4243 ], [ -105.8172, 40.4265 ], [ -105.8145, 40.4285 ], [ -105.8143, 40.4295 ], [ -105.8146, 40.4321 ], [ -105.8164, 40.4355 ], [ -105.816, 40.4372 ], [ -105.813, 40.4392 ], [ -105.8117, 40.4429 ], [ -105.8104, 40.4432 ], [ -105.8078, 40.445 ], [ -105.8058, 40.4473 ], [ -105.8076, 40.4523 ], [ -105.8051, 40.4592 ], [ -105.8045, 40.4642 ], [ -105.8057, 40.4665 ], [ -105.811, 40.4709 ], [ -105.8089, 40.4711 ], [ -105.8079, 40.4722 ], [ -105.8071, 40.4724 ], [ -105.8067, 40.4731 ], [ -105.8073, 40.4745 ], [ -105.8111, 40.4758 ], [ -105.8154, 40.4753 ], [ -105.8201, 40.476 ], [ -105.8247, 40.4776 ], [ -105.828, 40.4783 ], [ -105.8306, 40.4796 ], [ -105.8346, 40.4799 ], [ -105.8378, 40.483 ], [ -105.8394, 40.483 ], [ -105.8411, 40.4836 ], [ -105.8431, 40.483 ], [ -105.847, 40.4828 ], [ -105.8473, 40.4839 ], [ -105.8549, 40.4863 ], [ -105.8558, 40.4877 ], [ -105.8561, 40.4904 ], [ -105.8552, 40.4944 ], [ -105.8527, 40.4967 ], [ -105.8518, 40.4985 ], [ -105.8523, 40.5066 ], [ -105.8547, 40.5078 ], [ -105.8571, 40.5079 ], [ -105.8582, 40.5096 ], [ -105.8606, 40.5115 ], [ -105.8619, 40.5144 ], [ -105.8664, 40.5173 ], [ -105.8675, 40.5197 ], [ -105.8691, 40.5207 ], [ -105.8718, 40.5217 ], [ -105.878, 40.5225 ], [ -105.879, 40.5232 ], [ -105.8801, 40.5233 ], [ -105.882, 40.5229 ], [ -105.8839, 40.5218 ], [ -105.8911, 40.521 ], [ -105.8946, 40.5202 ], [ -105.8991, 40.5182 ], [ -105.9045, 40.5141 ], [ -105.9079, 40.5155 ], [ -105.9083, 40.5161 ], [ -105.9108, 40.5202 ], [ -105.9112, 40.5222 ], [ -105.9098, 40.5235 ], [ -105.9071, 40.5278 ], [ -105.9059, 40.5305 ], [ -105.9051, 40.5353 ], [ -105.9071, 40.5406 ], [ -105.907, 40.5429 ], [ -105.9096, 40.545 ], [ -105.9095, 40.5479 ], [ -105.9118, 40.5527 ], [ -105.9099, 40.5588 ], [ -105.9098, 40.5621 ], [ -105.9109, 40.5664 ], [ -105.9124, 40.5681 ], [ -105.9132, 40.5683 ], [ -105.9147, 40.5706 ], [ -105.9184, 40.5707 ], [ -105.9212, 40.5726 ], [ -105.9223, 40.5742 ], [ -105.9222, 40.5753 ], [ -105.925, 40.5809 ], [ -105.9245, 40.5833 ], [ -105.9266, 40.5892 ], [ -105.9265, 40.5906 ], [ -105.9277, 40.5917 ], [ -105.928, 40.593 ], [ -105.9276, 40.5955 ], [ -105.9281, 40.6001 ], [ -105.929, 40.6012 ], [ -105.929, 40.6038 ], [ -105.9299, 40.6058 ], [ -105.9302, 40.6062 ], [ -105.9347, 40.6064 ], [ -105.9387, 40.6088 ], [ -105.9421, 40.6091 ], [ -105.9445, 40.6121 ], [ -105.9447, 40.6142 ], [ -105.947, 40.6167 ], [ -105.945, 40.6219 ], [ -105.9455, 40.6227 ], [ -105.9472, 40.6237 ], [ -105.9493, 40.6273 ], [ -105.9481, 40.636 ], [ -105.9485, 40.6423 ], [ -105.9511, 40.6435 ], [ -105.9506, 40.6446 ], [ -105.9511, 40.6459 ], [ -105.9544, 40.6474 ], [ -105.9548, 40.6502 ], [ -105.9567, 40.655 ], [ -105.9558, 40.6589 ], [ -105.9578, 40.6609 ], [ -105.9586, 40.663 ], [ -105.9623, 40.6666 ], [ -105.965, 40.6682 ], [ -105.9651, 40.6714 ], [ -105.9665, 40.6735 ], [ -105.9667, 40.6757 ], [ -105.9677, 40.6771 ], [ -105.9694, 40.6777 ], [ -105.9714, 40.6808 ], [ -105.9718, 40.6828 ], [ -105.9699, 40.6854 ], [ -105.9704, 40.6868 ], [ -105.973, 40.6886 ], [ -105.974, 40.6901 ], [ -105.9723, 40.6938 ], [ -105.9726, 40.6956 ], [ -105.9771, 40.7026 ], [ -105.9805, 40.7038 ], [ -105.9824, 40.7067 ], [ -105.986, 40.7076 ], [ -105.9887, 40.7096 ], [ -105.9901, 40.7183 ], [ -105.9881, 40.7214 ], [ -105.9888, 40.7231 ], [ -105.9909, 40.7248 ], [ -105.9906, 40.7272 ], [ -105.9944, 40.7311 ], [ -105.9948, 40.7321 ], [ -105.9976, 40.7338 ], [ -106.0006, 40.7343 ], [ -106.004, 40.7368 ], [ -106.006, 40.7376 ], [ -106.0065, 40.7386 ], [ -106.0074, 40.7389 ], [ -106.0085, 40.7402 ], [ -106.0095, 40.7402 ], [ -106.0105, 40.7408 ], [ -106.0104, 40.7424 ], [ -106.0122, 40.7434 ], [ -106.0127, 40.7455 ], [ -106.014, 40.7466 ], [ -106.0146, 40.7494 ], [ -106.0154, 40.7503 ], [ -106.0148, 40.7514 ], [ -106.0153, 40.7528 ], [ -106.0223, 40.7547 ], [ -106.0219, 40.7561 ], [ -106.0207, 40.7572 ], [ -106.0207, 40.7584 ], [ -106.0239, 40.7613 ], [ -106.0235, 40.7643 ], [ -106.0244, 40.7655 ], [ -106.0243, 40.7663 ], [ -106.0266, 40.768 ], [ -106.0245, 40.7713 ], [ -106.0292, 40.7734 ], [ -106.0296, 40.7751 ], [ -106.0289, 40.7775 ], [ -106.0296, 40.7779 ], [ -106.031, 40.7779 ], [ -106.0297, 40.7816 ], [ -106.0312, 40.7823 ], [ -106.032, 40.7838 ], [ -106.0346, 40.7853 ], [ -106.0397, 40.7858 ], [ -106.0428, 40.7901 ], [ -106.0443, 40.7906 ], [ -106.0454, 40.7919 ], [ -106.0461, 40.7955 ], [ -106.0458, 40.7968 ], [ -106.0449, 40.7977 ], [ -106.0467, 40.8008 ], [ -106.0467, 40.803 ], [ -106.0487, 40.8051 ], [ -106.0496, 40.8055 ], [ -106.0517, 40.8054 ], [ -106.0523, 40.8059 ], [ -106.0515, 40.8091 ], [ -106.0533, 40.8104 ], [ -106.0538, 40.8127 ], [ -106.0546, 40.8133 ], [ -106.0564, 40.8135 ], [ -106.0578, 40.8144 ], [ -106.0577, 40.8171 ], [ -106.0625, 40.8195 ], [ -106.0648, 40.8216 ], [ -106.0713, 40.8223 ], [ -106.0731, 40.8246 ], [ -106.0753, 40.8256 ], [ -106.0769, 40.8284 ], [ -106.0778, 40.8285 ], [ -106.0796, 40.8302 ], [ -106.0819, 40.8312 ], [ -106.0832, 40.8312 ], [ -106.0879, 40.8334 ], [ -106.0883, 40.8358 ], [ -106.0905, 40.8372 ], [ -106.0925, 40.8398 ], [ -106.0925, 40.8407 ], [ -106.0955, 40.8416 ], [ -106.0988, 40.8417 ], [ -106.0997, 40.8421 ], [ -106.1013, 40.8436 ], [ -106.1001, 40.847 ], [ -106.099, 40.848 ], [ -106.0985, 40.8497 ], [ -106.1024, 40.8523 ], [ -106.1042, 40.852 ], [ -106.1081, 40.8522 ], [ -106.1056, 40.8554 ], [ -106.1043, 40.8593 ], [ -106.1047, 40.8603 ], [ -106.1078, 40.8614 ], [ -106.1084, 40.8633 ], [ -106.1132, 40.8643 ], [ -106.1165, 40.8664 ], [ -106.119, 40.8658 ], [ -106.1208, 40.8676 ], [ -106.1232, 40.8675 ], [ -106.1246, 40.8688 ], [ -106.1269, 40.8696 ], [ -106.1277, 40.8718 ], [ -106.1307, 40.8739 ], [ -106.1324, 40.8766 ], [ -106.13, 40.8782 ], [ -106.1283, 40.882 ], [ -106.1276, 40.8849 ], [ -106.1282, 40.887 ], [ -106.129, 40.8879 ], [ -106.129, 40.8893 ], [ -106.1314, 40.8929 ], [ -106.1307, 40.8955 ], [ -106.1313, 40.8966 ], [ -106.1341, 40.8987 ], [ -106.1367, 40.8996 ], [ -106.1369, 40.902 ], [ -106.1393, 40.9024 ], [ -106.1441, 40.9049 ], [ -106.1479, 40.9046 ], [ -106.1501, 40.9064 ], [ -106.1522, 40.9068 ], [ -106.1546, 40.9094 ], [ -106.1586, 40.9106 ], [ -106.1596, 40.9128 ], [ -106.1589, 40.9138 ], [ -106.1592, 40.9147 ], [ -106.1612, 40.9151 ], [ -106.163, 40.9167 ], [ -106.1682, 40.9184 ], [ -106.1695, 40.92 ], [ -106.169, 40.9222 ], [ -106.1694, 40.9235 ], [ -106.1734, 40.9248 ], [ -106.1772, 40.9295 ], [ -106.1799, 40.9315 ], [ -106.1853, 40.934 ], [ -106.1862, 40.9367 ], [ -106.1876, 40.9377 ], [ -106.1872, 40.9408 ], [ -106.1893, 40.9459 ], [ -106.188, 40.9497 ], [ -106.1856, 40.9522 ], [ -106.1844, 40.9546 ], [ -106.1845, 40.9556 ], [ -106.1868, 40.9574 ], [ -106.1874, 40.9587 ], [ -106.1868, 40.9599 ], [ -106.1853, 40.961 ], [ -106.1855, 40.9619 ], [ -106.1848, 40.9638 ], [ -106.1869, 40.9643 ], [ -106.1877, 40.9649 ], [ -106.1868, 40.9681 ], [ -106.1867, 40.9702 ], [ -106.1871, 40.9712 ], [ -106.1894, 40.9725 ], [ -106.1902, 40.9745 ], [ -106.19, 40.9786 ], [ -106.191, 40.9811 ], [ -106.1923, 40.9826 ], [ -106.1906, 40.9839 ], [ -106.1911, 40.986 ], [ -106.1949, 40.9869 ], [ -106.1954, 40.9882 ], [ -106.1949, 40.9911 ], [ -106.1924, 40.9937 ], [ -106.1918, 40.9959 ], [ -106.1906, 40.9976 ], [ -106.0612, 40.997 ], [ -105.7294, 40.9968 ], [ -104.9434, 40.9982 ], [ -104.9431, 40.9109 ], [ -104.9436, 40.8579 ], [ -104.9435, 40.6965 ], [ -104.9431, 40.6965 ], [ -104.9431, 40.6933 ], [ -104.9439, 40.635 ], [ -104.9442, 40.4359 ], [ -104.9456, 40.3491 ], [ -105.0567, 40.3493 ] ] ] } },
{ "type": "Feature", "properties": { "id": "Las Animas" }, "geometry": { "type": "Polygon", "coordinates": [ [ [ -104.1432, 37.7583 ], [ -104.0593, 37.7342 ], [ -104.0582, 37.644 ], [ -103.9886, 37.6439 ], [ -103.8571, 37.6448 ], [ -103.7505, 37.6436 ], [ -103.6255, 37.644 ], [ -103.5005, 37.6429 ], [ -103.4853, 37.6435 ], [ -103.4518, 37.6438 ], [ -103.3616, 37.6433 ], [ -103.2676, 37.6441 ], [ -103.2055, 37.6441 ], [ -103.1752, 37.6435 ], [ -103.0759, 37.6434 ], [ -103.075, 37.4558 ], [ -103.0752, 37.4157 ], [ -103.0747, 37.3818 ], [ -103.0825, 37.3816 ], [ -103.0835, 37.2943 ], [ -103.0867, 37.1764 ], [ -103.0863, 37.1434 ], [ -103.087, 37.1351 ], [ -103.0873, 37.1027 ], [ -103.0861, 37.0003 ], [ -103.2523, 36.9996 ], [ -103.5991, 36.9986 ], [ -103.6743, 36.9983 ], [ -103.6857, 36.9989 ], [ -103.7017, 36.9982 ], [ -103.8178, 36.9973 ], [ -104.2505, 36.9946 ], [ -104.3388, 36.9935 ], [ -104.5633, 36.9938 ], [ -104.6246, 36.9944 ], [ -104.6255, 36.9936 ], [ -104.645, 36.9934 ], [ -105.0006, 36.9933 ], [ -105.0292, 36.9927 ], [ -105.1208, 36.9954 ], [ -105.155, 36.9953 ], [ -105.1551, 37.125 ], [ -105.1542, 37.2931 ], [ -105.152, 37.293 ], [ -105.1505, 37.2938 ], [ -105.1481, 37.2964 ], [ -105.1448, 37.2958 ], [ -105.1414, 37.2965 ], [ -105.1378, 37.2982 ], [ -105.1344, 37.2992 ], [ -105.1317, 37.3012 ], [ -105.1302, 37.2979 ], [ -105.1281, 37.2968 ], [ -105.1256, 37.2963 ], [ -105.1199, 37.296 ], [ -105.1154, 37.2963 ], [ -105.1113, 37.2992 ], [ -105.1051, 37.3009 ], [ -105.0986, 37.3036 ], [ -105.0949, 37.3082 ], [ -105.0948, 37.3095 ], [ -105.0962, 37.3118 ], [ -105.0942, 37.3147 ], [ -105.0922, 37.3154 ], [ -105.0842, 37.315 ], [ -105.0788, 37.3164 ], [ -105.0746, 37.3168 ], [ -105.074, 37.3176 ], [ -105.0735, 37.3201 ], [ -105.068, 37.326 ], [ -105.0558, 37.3295 ], [ -105.0545, 37.3303 ], [ -105.0506, 37.331 ], [ -105.0469, 37.3334 ], [ -105.0459, 37.3354 ], [ -105.0406, 37.3381 ], [ -105.0397, 37.3395 ], [ -105.0379, 37.3403 ], [ -105.0367, 37.3416 ], [ -105.0303, 37.3395 ], [ -105.0277, 37.3394 ], [ -105.0247, 37.3403 ], [ -105.0235, 37.3416 ], [ -105.0233, 37.3426 ], [ -105.0248, 37.35 ], [ -105.0236, 37.3546 ], [ -105.0236, 37.3568 ], [ -105.0215, 37.3562 ], [ -105.0203, 37.3563 ], [ -105.0177, 37.357 ], [ -105.0161, 37.3584 ], [ -105.0133, 37.3583 ], [ -105.0117, 37.3588 ], [ -105.0073, 37.3623 ], [ -105.0048, 37.3632 ], [ -105.0037, 37.3658 ], [ -105.0023, 37.3669 ], [ -105.0018, 37.3681 ], [ -104.9955, 37.3756 ], [ -104.9899, 37.376 ], [ -104.9883, 37.3756 ], [ -104.9868, 37.3743 ], [ -104.9835, 37.3734 ], [ -104.98, 37.3742 ], [ -104.9758, 37.3767 ], [ -104.9712, 37.3762 ], [ -104.9624, 37.3819 ], [ -104.9547, 37.3888 ], [ -104.9526, 37.3897 ], [ -104.9483, 37.3907 ], [ -104.9474, 37.3914 ], [ -104.9406, 37.3893 ], [ -104.938, 37.3894 ], [ -104.9367, 37.3904 ], [ -104.9326, 37.3954 ], [ -104.9306, 37.3962 ], [ -104.9256, 37.3971 ], [ -104.9222, 37.3943 ], [ -104.916, 37.3935 ], [ -104.9111, 37.3939 ], [ -104.9092, 37.3933 ], [ -104.9079, 37.3923 ], [ -104.9061, 37.3901 ], [ -104.9029, 37.3902 ], [ -104.901, 37.3894 ], [ -104.8987, 37.3892 ], [ -104.8929, 37.3894 ], [ -104.8869, 37.3879 ], [ -104.8843, 37.3858 ], [ -104.8835, 37.3858 ], [ -104.8784, 37.3879 ], [ -104.8772, 37.3878 ], [ -104.8755, 37.3883 ], [ -104.8747, 37.3881 ], [ -104.873, 37.3904 ], [ -104.8716, 37.3912 ], [ -104.8674, 37.3916 ], [ -104.865, 37.3908 ], [ -104.864, 37.3909 ], [ -104.8623, 37.392 ], [ -104.8599, 37.3925 ], [ -104.8588, 37.3936 ], [ -104.85, 37.3957 ], [ -104.8472, 37.3957 ], [ -104.8444, 37.3965 ], [ -104.8419, 37.398 ], [ -104.8383, 37.3987 ], [ -104.8353, 37.3978 ], [ -104.8348, 37.3953 ], [ -104.8328, 37.3958 ], [ -104.8315, 37.3954 ], [ -104.8267, 37.3957 ], [ -104.8253, 37.396 ], [ -104.8243, 37.3976 ], [ -104.8232, 37.3981 ], [ -104.8221, 37.3982 ], [ -104.8197, 37.3972 ], [ -104.8181, 37.3971 ], [ -104.8173, 37.3975 ], [ -104.8169, 37.3995 ], [ -104.8155, 37.4004 ], [ -104.8125, 37.4003 ], [ -104.811, 37.3986 ], [ -104.8085, 37.3997 ], [ -104.8072, 37.4022 ], [ -104.8037, 37.4029 ], [ -104.8029, 37.4019 ], [ -104.8, 37.4 ], [ -104.7976, 37.4012 ], [ -104.7936, 37.4012 ], [ -104.7931, 37.4015 ], [ -104.7919, 37.4014 ], [ -104.7908, 37.4005 ], [ -104.7874, 37.4001 ], [ -104.7844, 37.4009 ], [ -104.783, 37.4005 ], [ -104.7807, 37.403 ], [ -104.7793, 37.4038 ], [ -104.7768, 37.4041 ], [ -104.775, 37.4037 ], [ -104.7728, 37.4065 ], [ -104.7719, 37.4065 ], [ -104.7699, 37.4049 ], [ -104.769, 37.4048 ], [ -104.7659, 37.4056 ], [ -104.7608, 37.4055 ], [ -104.7584, 37.407 ], [ -104.7574, 37.4071 ], [ -104.7553, 37.407 ], [ -104.7536, 37.4063 ], [ -104.7521, 37.4068 ], [ -104.7489, 37.407 ], [ -104.7484, 37.4074 ], [ -104.7494, 37.4097 ], [ -104.7491, 37.4104 ], [ -104.7496, 37.4133 ], [ -104.7491, 37.414 ], [ -104.7457, 37.4168 ], [ -104.7432, 37.4179 ], [ -104.7423, 37.4187 ], [ -104.7424, 37.4198 ], [ -104.7401, 37.4216 ], [ -104.7371, 37.423 ], [ -104.7368, 37.4249 ], [ -104.7334, 37.4254 ], [ -104.7322, 37.4267 ], [ -104.7306, 37.4272 ], [ -104.7279, 37.4265 ], [ -104.7259, 37.4269 ], [ -104.7251, 37.43 ], [ -104.7238, 37.4295 ], [ -104.7212, 37.4294 ], [ -104.7204, 37.4312 ], [ -104.7181, 37.4318 ], [ -104.7158, 37.4347 ], [ -104.7125, 37.4367 ], [ -104.7115, 37.4365 ], [ -104.7114, 37.4375 ], [ -104.7085, 37.4366 ], [ -104.7057, 37.4377 ], [ -104.7024, 37.4382 ], [ -104.7019, 37.4388 ], [ -104.6999, 37.4392 ], [ -104.6996, 37.4401 ], [ -104.6983, 37.4399 ], [ -104.6978, 37.439 ], [ -104.6969, 37.4389 ], [ -104.6959, 37.4398 ], [ -104.6951, 37.4399 ], [ -104.6958, 37.4414 ], [ -104.6959, 37.4428 ], [ -104.6973, 37.4448 ], [ -104.6983, 37.4454 ], [ -104.6983, 37.4481 ], [ -104.6993, 37.4496 ], [ -104.7007, 37.4502 ], [ -104.7003, 37.4508 ], [ -104.7005, 37.4535 ], [ -104.6995, 37.4545 ], [ -104.6995, 37.4573 ], [ -104.6985, 37.4577 ], [ -104.6984, 37.459 ], [ -104.7, 37.4637 ], [ -104.6989, 37.4648 ], [ -104.6997, 37.4659 ], [ -104.6989, 37.4679 ], [ -104.6999, 37.4698 ], [ -104.6972, 37.4718 ], [ -104.6962, 37.4735 ], [ -104.6959, 37.4754 ], [ -104.694, 37.4758 ], [ -104.6918, 37.479 ], [ -104.6934, 37.4818 ], [ -104.695, 37.4823 ], [ -104.6961, 37.4843 ], [ -104.6961, 37.4854 ], [ -104.6957, 37.4859 ], [ -104.6918, 37.4866 ], [ -104.692, 37.4878 ], [ -104.6909, 37.4892 ], [ -104.691, 37.4901 ], [ -104.6921, 37.4912 ], [ -104.6908, 37.492 ], [ -104.6906, 37.4936 ], [ -104.6897, 37.4944 ], [ -104.6857, 37.496 ], [ -104.681, 37.496 ], [ -104.6665, 37.4948 ], [ -104.6492, 37.4953 ], [ -104.6277, 37.5109 ], [ -104.6203, 37.5301 ], [ -104.5487, 37.5747 ], [ -104.5484, 37.6094 ], [ -104.4549, 37.7408 ], [ -104.4567, 37.7479 ], [ -104.3755, 37.7986 ], [ -104.3511, 37.8175 ], [ -104.1432, 37.7583 ] ] ] } },
{ "type": "Feature", "properties": { "id": "Fremont" }, "geometry": { "type": "Polygon", "coordinates": [ [ [ -105.3689, 38.2594 ], [ -105.5359, 38.2633 ], [ -105.5476, 38.2643 ], [ -105.5562, 38.264 ], [ -105.5919, 38.2649 ], [ -105.7969, 38.265 ], [ -105.797, 38.2666 ], [ -105.7977, 38.2668 ], [ -105.8, 38.2699 ], [ -105.8047, 38.271 ], [ -105.8066, 38.2709 ], [ -105.8109, 38.2725 ], [ -105.8146, 38.2727 ], [ -105.8179, 38.2739 ], [ -105.8194, 38.2736 ], [ -105.8215, 38.2761 ], [ -105.8271, 38.2786 ], [ -105.8285, 38.2816 ], [ -105.8317, 38.2862 ], [ -105.8372, 38.2884 ], [ -105.8408, 38.2925 ], [ -105.8428, 38.2932 ], [ -105.8462, 38.2902 ], [ -105.8466, 38.2903 ], [ -105.8494, 38.2924 ], [ -105.8502, 38.2945 ], [ -105.8532, 38.2964 ], [ -105.8583, 38.2984 ], [ -105.8616, 38.3034 ], [ -105.8668, 38.3057 ], [ -105.8685, 38.3078 ], [ -105.8686, 38.3087 ], [ -105.872, 38.3108 ], [ -105.8739, 38.3151 ], [ -105.8764, 38.316 ], [ -105.8769, 38.3171 ], [ -105.8767, 38.3188 ], [ -105.8776, 38.3191 ], [ -105.8798, 38.3212 ], [ -105.88, 38.3232 ], [ -105.8814, 38.3249 ], [ -105.8822, 38.3275 ], [ -105.8851, 38.3289 ], [ -105.8859, 38.3306 ], [ -105.8872, 38.3319 ], [ -105.8869, 38.3325 ], [ -105.8888, 38.3344 ], [ -105.8889, 38.3373 ], [ -105.8883, 38.3379 ], [ -105.8888, 38.3408 ], [ -105.8896, 38.3414 ], [ -105.8908, 38.3414 ], [ -105.8926, 38.3433 ], [ -105.8936, 38.3466 ], [ -105.8954, 38.3474 ], [ -105.8976, 38.3501 ], [ -105.9012, 38.3515 ], [ -105.902, 38.3525 ], [ -105.9063, 38.3533 ], [ -105.9084, 38.3545 ], [ -105.9102, 38.3564 ], [ -105.9108, 38.3592 ], [ -105.9125, 38.3615 ], [ -105.918, 38.3634 ], [ -105.9199, 38.3672 ], [ -105.9207, 38.3676 ], [ -105.9235, 38.3678 ], [ -105.9246, 38.3687 ], [ -105.927, 38.3687 ], [ -105.9314, 38.3698 ], [ -105.9358, 38.3732 ], [ -105.9385, 38.3741 ], [ -105.9404, 38.377 ], [ -105.9446, 38.3786 ], [ -105.9454, 38.3827 ], [ -105.9471, 38.3855 ], [ -105.9476, 38.3905 ], [ -105.95, 38.3923 ], [ -105.9507, 38.3937 ], [ -105.9557, 38.3944 ], [ -105.9595, 38.3971 ], [ -105.9599, 38.398 ], [ -105.9598, 38.4013 ], [ -105.9607, 38.4031 ], [ -105.9626, 38.4041 ], [ -105.9647, 38.4063 ], [ -105.9695, 38.4097 ], [ -105.9702, 38.41 ], [ -105.9734, 38.4095 ], [ -105.9769, 38.413 ], [ -105.9792, 38.4141 ], [ -105.9804, 38.4173 ], [ -105.984, 38.42 ], [ -105.9873, 38.4188 ], [ -105.992, 38.4196 ], [ -105.9939, 38.4194 ], [ -105.9968, 38.4203 ], [ -106.0007, 38.4253 ], [ -106.0003, 38.4278 ], [ -106.0016, 38.4311 ], [ -106.0075, 38.4332 ], [ -106.0087, 38.4355 ], [ -106.011, 38.4372 ], [ -106.0128, 38.4401 ], [ -106.0127, 38.4441 ], [ -106.0117, 38.4459 ], [ -105.938, 38.5035 ], [ -105.9087, 38.5056 ], [ -105.9069, 38.5063 ], [ -105.9051, 38.5117 ], [ -105.9057, 38.5129 ], [ -105.9079, 38.5149 ], [ -105.9087, 38.5177 ], [ -105.9083, 38.5225 ], [ -105.9044, 38.5262 ], [ -105.9044, 38.5276 ], [ -105.9034, 38.5285 ], [ -105.9039, 38.5314 ], [ -105.9057, 38.5324 ], [ -105.9046, 38.5342 ], [ -105.905, 38.5367 ], [ -105.9035, 38.5413 ], [ -105.9038, 38.548 ], [ -105.9034, 38.5486 ], [ -105.8971, 38.5508 ], [ -105.8935, 38.5509 ], [ -105.8925, 38.5521 ], [ -105.8921, 38.5539 ], [ -105.8934, 38.558 ], [ -105.8929, 38.5591 ], [ -105.8906, 38.5611 ], [ -105.8854, 38.5613 ], [ -105.8849, 38.5617 ], [ -105.8842, 38.5655 ], [ -105.8859, 38.5682 ], [ -105.8855, 38.5698 ], [ -105.888, 38.5712 ], [ -105.8885, 38.572 ], [ -105.8925, 38.5733 ], [ -105.8913, 38.5749 ], [ -105.8905, 38.5774 ], [ -105.891, 38.5791 ], [ -105.8906, 38.5826 ], [ -105.8911, 38.584 ], [ -105.8895, 38.5875 ], [ -105.886, 38.5895 ], [ -105.8838, 38.5922 ], [ -105.8822, 38.5931 ], [ -105.8806, 38.5949 ], [ -105.878, 38.6006 ], [ -105.8792, 38.6073 ], [ -105.8812, 38.6093 ], [ -105.8856, 38.615 ], [ -105.8857, 38.6175 ], [ -105.8849, 38.6187 ], [ -105.886, 38.6206 ], [ -105.8944, 38.6237 ], [ -105.8963, 38.6227 ], [ -105.8997, 38.622 ], [ -105.9006, 38.6247 ], [ -105.9026, 38.6253 ], [ -105.9031, 38.6247 ], [ -105.9043, 38.6248 ], [ -105.905, 38.6261 ], [ -105.9067, 38.6271 ], [ -105.9082, 38.6269 ], [ -105.912, 38.6291 ], [ -105.9139, 38.6293 ], [ -105.9157, 38.63 ], [ -105.9177, 38.6333 ], [ -105.9173, 38.6345 ], [ -105.9155, 38.6356 ], [ -105.9136, 38.6381 ], [ -105.9111, 38.6392 ], [ -105.9106, 38.6417 ], [ -105.9132, 38.6456 ], [ -105.9112, 38.647 ], [ -105.911, 38.6484 ], [ -105.9088, 38.6499 ], [ -105.9077, 38.6519 ], [ -105.9092, 38.6536 ], [ -105.9129, 38.6538 ], [ -105.9134, 38.6557 ], [ -105.9171, 38.6596 ], [ -105.9209, 38.6598 ], [ -105.9197, 38.6628 ], [ -105.9202, 38.6643 ], [ -105.9255, 38.6664 ], [ -105.9258, 38.6694 ], [ -105.9241, 38.6704 ], [ -105.9242, 38.6718 ], [ -105.925, 38.6726 ], [ -105.9223, 38.6751 ], [ -105.9226, 38.677 ], [ -105.9255, 38.6782 ], [ -105.9262, 38.6799 ], [ -105.9308, 38.6808 ], [ -105.9323, 38.6819 ], [ -105.9367, 38.6826 ], [ -105.9395, 38.6837 ], [ -105.9422, 38.684 ], [ -105.9443, 38.6849 ], [ -105.9454, 38.6881 ], [ -105.9453, 38.6902 ], [ -105.9475, 38.6904 ], [ -105.9483, 38.691 ], [ -105.9549, 38.6902 ], [ -105.9575, 38.6906 ], [ -105.9589, 38.6916 ], [ -105.9625, 38.6912 ], [ -105.9648, 38.6924 ], [ -105.9697, 38.6936 ], [ -105.9445, 38.6931 ], [ -105.8984, 38.6938 ], [ -105.8889, 38.6952 ], [ -105.8816, 38.6941 ], [ -105.8509, 38.6939 ], [ -105.8138, 38.6945 ], [ -105.6674, 38.6948 ], [ -105.5804, 38.6959 ], [ -105.5315, 38.6959 ], [ -105.5005, 38.6966 ], [ -105.4982, 38.6971 ], [ -105.4484, 38.6976 ], [ -105.3755, 38.6975 ], [ -105.2505, 38.6965 ], [ -105.2378, 38.6969 ], [ -105.2399, 38.6771 ], [ -105.2404, 38.6476 ], [ -105.093, 38.6478 ], [ -105.0715, 38.6486 ], [ -105.0576, 38.6517 ], [ -105.0539, 38.6531 ], [ -105.0357, 38.6514 ], [ -105.0005, 38.6512 ], [ -104.9424, 38.6499 ], [ -104.941, 38.4582 ], [ -104.9404, 38.2583 ], [ -105.0745, 38.2581 ], [ -105.1255, 38.2575 ], [ -105.2629, 38.259 ], [ -105.304, 38.2582 ], [ -105.3689, 38.2594 ] ] ] } },
{ "type": "Feature", "properties": { "id": "Gunnison" }, "geometry": { "type": "Polygon", "coordinates": [ [ [ -106.7997, 38.9797 ], [ -106.8002, 38.9822 ], [ -106.7974, 38.9833 ], [ -106.7966, 38.9842 ], [ -106.7946, 38.9848 ], [ -106.7907, 38.9841 ], [ -106.7877, 38.9843 ], [ -106.784, 38.9869 ], [ -106.7822, 38.9907 ], [ -106.7836, 38.994 ], [ -106.7837, 38.9958 ], [ -106.7821, 38.9989 ], [ -106.7825, 38.9993 ], [ -106.7801, 38.9998 ], [ -106.78, 39.0004 ], [ -106.7781, 39.0013 ], [ -106.775, 39.0061 ], [ -106.7736, 39.0068 ], [ -106.7697, 39.0074 ], [ -106.7686, 39.0082 ], [ -106.7682, 39.0102 ], [ -106.7653, 39.0121 ], [ -106.7616, 39.0162 ], [ -106.7619, 39.0193 ], [ -106.7574, 39.0197 ], [ -106.7558, 39.0206 ], [ -106.7545, 39.0226 ], [ -106.7513, 39.0258 ], [ -106.747, 39.027 ], [ -106.7451, 39.0269 ], [ -106.745, 39.0296 ], [ -106.7466, 39.0355 ], [ -106.7472, 39.04 ], [ -106.7494, 39.0425 ], [ -106.7466, 39.0427 ], [ -106.7421, 39.044 ], [ -106.7407, 39.0459 ], [ -106.739, 39.0461 ], [ -106.7371, 39.045 ], [ -106.7358, 39.0448 ], [ -106.7346, 39.0449 ], [ -106.7321, 39.0464 ], [ -106.7295, 39.0465 ], [ -106.7227, 39.0452 ], [ -106.7172, 39.0483 ], [ -106.7133, 39.0486 ], [ -106.7103, 39.0476 ], [ -106.7079, 39.0535 ], [ -106.7057, 39.0548 ], [ -106.703, 39.0559 ], [ -106.7021, 39.0555 ], [ -106.695, 39.0557 ], [ -106.693, 39.0551 ], [ -106.6908, 39.0513 ], [ -106.6872, 39.0491 ], [ -106.6862, 39.0479 ], [ -106.6853, 39.0454 ], [ -106.6845, 39.0451 ], [ -106.6815, 39.0455 ], [ -106.6791, 39.0452 ], [ -106.6741, 39.0458 ], [ -106.6732, 39.0447 ], [ -106.6709, 39.0438 ], [ -106.6681, 39.0437 ], [ -106.6669, 39.0426 ], [ -106.6641, 39.0419 ], [ -106.6629, 39.0419 ], [ -106.6589, 39.0436 ], [ -106.6555, 39.0444 ], [ -106.6519, 39.0408 ], [ -106.6522, 39.0389 ], [ -106.6503, 39.037 ], [ -106.6482, 39.036 ], [ -106.6468, 39.0333 ], [ -106.6465, 39.0308 ], [ -106.6499, 39.0274 ], [ -106.6501, 39.0263 ], [ -106.6484, 39.0222 ], [ -106.6383, 39.0192 ], [ -106.6379, 39.0147 ], [ -106.6332, 39.0121 ], [ -106.63, 39.0122 ], [ -106.6297, 39.0105 ], [ -106.6277, 39.0076 ], [ -106.6264, 39.0075 ], [ -106.6261, 39.0067 ], [ -106.6247, 39.0061 ], [ -106.6242, 39.0036 ], [ -106.6193, 39.0026 ], [ -106.6176, 39.0017 ], [ -106.6157, 39.0 ], [ -106.6147, 39.0 ], [ -106.614, 38.9989 ], [ -106.6135, 38.9963 ], [ -106.6127, 38.9957 ], [ -106.6116, 38.9954 ], [ -106.6035, 38.9966 ], [ -106.6016, 38.9979 ], [ -106.5992, 38.998 ], [ -106.595, 38.9911 ], [ -106.5904, 38.9913 ], [ -106.5862, 38.9928 ], [ -106.5828, 38.9915 ], [ -106.5803, 38.9919 ], [ -106.5772, 38.9904 ], [ -106.5747, 38.9928 ], [ -106.5698, 38.9945 ], [ -106.5661, 38.9938 ], [ -106.5599, 38.9985 ], [ -106.5562, 38.9981 ], [ -106.5542, 38.9987 ], [ -106.5522, 38.9935 ], [ -106.5507, 38.9917 ], [ -106.5468, 38.9911 ], [ -106.5443, 38.9891 ], [ -106.5422, 38.9883 ], [ -106.5342, 38.9823 ], [ -106.532, 38.9814 ], [ -106.5284, 38.9807 ], [ -106.5263, 38.9766 ], [ -106.5244, 38.9711 ], [ -106.5219, 38.9687 ], [ -106.5235, 38.9648 ], [ -106.5258, 38.9631 ], [ -106.5285, 38.9599 ], [ -106.5267, 38.9554 ], [ -106.5213, 38.9537 ], [ -106.5199, 38.954 ], [ -106.5157, 38.9487 ], [ -106.5081, 38.9459 ], [ -106.5072, 38.9461 ], [ -106.5053, 38.9444 ], [ -106.5059, 38.9409 ], [ -106.5044, 38.9368 ], [ -106.5027, 38.9364 ], [ -106.5012, 38.935 ], [ -106.4988, 38.9347 ], [ -106.4963, 38.9335 ], [ -106.4939, 38.9311 ], [ -106.4907, 38.9297 ], [ -106.4899, 38.9263 ], [ -106.4857, 38.9221 ], [ -106.4821, 38.9209 ], [ -106.4809, 38.9186 ], [ -106.4749, 38.9161 ], [ -106.4722, 38.9159 ], [ -106.47, 38.9131 ], [ -106.469, 38.9124 ], [ -106.4675, 38.9123 ], [ -106.465, 38.9104 ], [ -106.4619, 38.9113 ], [ -106.4578, 38.9101 ], [ -106.4538, 38.9128 ], [ -106.45, 38.913 ], [ -106.448, 38.9144 ], [ -106.4461, 38.9139 ], [ -106.4422, 38.9156 ], [ -106.4372, 38.9149 ], [ -106.437, 38.9163 ], [ -106.4349, 38.9182 ], [ -106.4343, 38.92 ], [ -106.4303, 38.9249 ], [ -106.4274, 38.9259 ], [ -106.425, 38.9261 ], [ -106.4229, 38.9275 ], [ -106.4212, 38.9281 ], [ -106.4194, 38.9277 ], [ -106.4182, 38.9266 ], [ -106.4172, 38.9209 ], [ -106.4156, 38.9185 ], [ -106.4143, 38.9181 ], [ -106.4132, 38.9163 ], [ -106.4121, 38.9157 ], [ -106.4076, 38.9148 ], [ -106.4061, 38.913 ], [ -106.405, 38.9127 ], [ -106.4032, 38.9109 ], [ -106.4021, 38.9106 ], [ -106.3995, 38.9119 ], [ -106.394, 38.9122 ], [ -106.3931, 38.9137 ], [ -106.3932, 38.9164 ], [ -106.3923, 38.9188 ], [ -106.3869, 38.9211 ], [ -106.3863, 38.923 ], [ -106.3835, 38.923 ], [ -106.383, 38.9239 ], [ -106.3808, 38.9257 ], [ -106.3804, 38.9249 ], [ -106.377, 38.9227 ], [ -106.3772, 38.918 ], [ -106.3757, 38.913 ], [ -106.3762, 38.9095 ], [ -106.3734, 38.9066 ], [ -106.3722, 38.9064 ], [ -106.3675, 38.9069 ], [ -106.3658, 38.9099 ], [ -106.3642, 38.9109 ], [ -106.3615, 38.9123 ], [ -106.3571, 38.9129 ], [ -106.3515, 38.9099 ], [ -106.3473, 38.9085 ], [ -106.3467, 38.9076 ], [ -106.3452, 38.9071 ], [ -106.3381, 38.9087 ], [ -106.335, 38.9117 ], [ -106.3311, 38.9117 ], [ -106.3261, 38.911 ], [ -106.3241, 38.9048 ], [ -106.3247, 38.9029 ], [ -106.3229, 38.898 ], [ -106.3209, 38.8959 ], [ -106.3206, 38.8947 ], [ -106.3213, 38.8926 ], [ -106.3247, 38.8905 ], [ -106.326, 38.8889 ], [ -106.3267, 38.8873 ], [ -106.3264, 38.8841 ], [ -106.3275, 38.8823 ], [ -106.3305, 38.8818 ], [ -106.3325, 38.8807 ], [ -106.3341, 38.8813 ], [ -106.3368, 38.875 ], [ -106.3358, 38.872 ], [ -106.3401, 38.8712 ], [ -106.3427, 38.8694 ], [ -106.347, 38.8672 ], [ -106.3477, 38.866 ], [ -106.3489, 38.8651 ], [ -106.3493, 38.8641 ], [ -106.3488, 38.8567 ], [ -106.3493, 38.8549 ], [ -106.3522, 38.8556 ], [ -106.3569, 38.8553 ], [ -106.3606, 38.8538 ], [ -106.3627, 38.8534 ], [ -106.364, 38.8535 ], [ -106.365, 38.853 ], [ -106.3654, 38.8476 ], [ -106.3645, 38.8462 ], [ -106.3664, 38.8447 ], [ -106.3701, 38.8405 ], [ -106.3704, 38.8385 ], [ -106.3742, 38.8375 ], [ -106.376, 38.8364 ], [ -106.3788, 38.8361 ], [ -106.3791, 38.835 ], [ -106.3817, 38.8329 ], [ -106.3831, 38.8311 ], [ -106.3836, 38.8247 ], [ -106.3913, 38.8228 ], [ -106.3957, 38.8225 ], [ -106.3975, 38.8231 ], [ -106.3994, 38.8255 ], [ -106.4035, 38.8266 ], [ -106.4053, 38.8284 ], [ -106.4071, 38.8293 ], [ -106.4119, 38.8257 ], [ -106.4162, 38.8241 ], [ -106.415, 38.8153 ], [ -106.416, 38.8138 ], [ -106.4206, 38.8116 ], [ -106.4227, 38.8084 ], [ -106.4223, 38.8067 ], [ -106.4207, 38.8041 ], [ -106.4185, 38.8029 ], [ -106.4179, 38.8007 ], [ -106.4146, 38.7991 ], [ -106.4149, 38.7977 ], [ -106.4144, 38.7952 ], [ -106.4129, 38.7912 ], [ -106.4131, 38.79 ], [ -106.4155, 38.7887 ], [ -106.4168, 38.7873 ], [ -106.4166, 38.7852 ], [ -106.4147, 38.7802 ], [ -106.4138, 38.7791 ], [ -106.4149, 38.775 ], [ -106.4155, 38.7744 ], [ -106.4155, 38.7724 ], [ -106.4165, 38.7708 ], [ -106.4176, 38.7703 ], [ -106.4179, 38.7686 ], [ -106.4193, 38.7662 ], [ -106.4171, 38.7644 ], [ -106.4163, 38.7617 ], [ -106.4161, 38.7592 ], [ -106.4151, 38.7572 ], [ -106.4173, 38.7554 ], [ -106.4195, 38.7526 ], [ -106.42, 38.751 ], [ -106.4196, 38.75 ], [ -106.4184, 38.7492 ], [ -106.418, 38.742 ], [ -106.4187, 38.7396 ], [ -106.4201, 38.7388 ], [ -106.4185, 38.7353 ], [ -106.4168, 38.7338 ], [ -106.4167, 38.7278 ], [ -106.4174, 38.7257 ], [ -106.4235, 38.7208 ], [ -106.4228, 38.7189 ], [ -106.4232, 38.7162 ], [ -106.4253, 38.7103 ], [ -106.4295, 38.7098 ], [ -106.4317, 38.7087 ], [ -106.4346, 38.7093 ], [ -106.4381, 38.7086 ], [ -106.4435, 38.7092 ], [ -106.4447, 38.708 ], [ -106.4446, 38.7069 ], [ -106.4455, 38.7055 ], [ -106.4483, 38.7049 ], [ -106.4494, 38.7029 ], [ -106.4501, 38.7027 ], [ -106.4521, 38.6988 ], [ -106.4511, 38.6954 ], [ -106.4484, 38.6929 ], [ -106.446, 38.689 ], [ -106.4402, 38.6869 ], [ -106.4379, 38.6825 ], [ -106.4371, 38.6781 ], [ -106.4381, 38.6766 ], [ -106.4362, 38.6737 ], [ -106.4359, 38.6711 ], [ -106.4341, 38.6689 ], [ -106.4322, 38.6679 ], [ -106.4311, 38.6651 ], [ -106.4313, 38.6633 ], [ -106.4291, 38.6576 ], [ -106.4302, 38.6535 ], [ -106.4295, 38.6512 ], [ -106.4271, 38.6507 ], [ -106.424, 38.6488 ], [ -106.4218, 38.6468 ], [ -106.4202, 38.6467 ], [ -106.4177, 38.6445 ], [ -106.4172, 38.6449 ], [ -106.4147, 38.6454 ], [ -106.4118, 38.647 ], [ -106.4079, 38.6477 ], [ -106.4069, 38.647 ], [ -106.4042, 38.6467 ], [ -106.4017, 38.6458 ], [ -106.4015, 38.6431 ], [ -106.4022, 38.6422 ], [ -106.4012, 38.6397 ], [ -106.3985, 38.6397 ], [ -106.3973, 38.6403 ], [ -106.3928, 38.6401 ], [ -106.3902, 38.641 ], [ -106.389, 38.6409 ], [ -106.388, 38.64 ], [ -106.3866, 38.6397 ], [ -106.3858, 38.6386 ], [ -106.3832, 38.6389 ], [ -106.3799, 38.6385 ], [ -106.3804, 38.6371 ], [ -106.3842, 38.6338 ], [ -106.3852, 38.6324 ], [ -106.3863, 38.6278 ], [ -106.3854, 38.625 ], [ -106.3842, 38.6239 ], [ -106.3826, 38.6234 ], [ -106.3821, 38.6217 ], [ -106.3801, 38.6204 ], [ -106.3784, 38.6202 ], [ -106.3756, 38.6212 ], [ -106.3745, 38.6209 ], [ -106.3691, 38.6187 ], [ -106.3653, 38.6159 ], [ -106.3642, 38.6145 ], [ -106.3636, 38.6102 ], [ -106.3647, 38.6059 ], [ -106.3621, 38.6023 ], [ -106.3598, 38.6006 ], [ -106.3593, 38.5994 ], [ -106.3612, 38.5959 ], [ -106.361, 38.5945 ], [ -106.3582, 38.5927 ], [ -106.3572, 38.591 ], [ -106.356, 38.5901 ], [ -106.3554, 38.5879 ], [ -106.3513, 38.5835 ], [ -106.3534, 38.5815 ], [ -106.352, 38.5788 ], [ -106.3517, 38.5769 ], [ -106.3474, 38.5726 ], [ -106.3446, 38.5686 ], [ -106.3469, 38.5651 ], [ -106.3467, 38.5628 ], [ -106.3474, 38.5602 ], [ -106.3466, 38.5589 ], [ -106.3501, 38.5556 ], [ -106.3508, 38.5538 ], [ -106.3505, 38.5527 ], [ -106.3535, 38.55 ], [ -106.3536, 38.5471 ], [ -106.3554, 38.5426 ], [ -106.3537, 38.5392 ], [ -106.3545, 38.5361 ], [ -106.3542, 38.5334 ], [ -106.3504, 38.5315 ], [ -106.3471, 38.5288 ], [ -106.3464, 38.5263 ], [ -106.3441, 38.5226 ], [ -106.3426, 38.5215 ], [ -106.3437, 38.5175 ], [ -106.345, 38.5167 ], [ -106.3458, 38.515 ], [ -106.3481, 38.5125 ], [ -106.3481, 38.5119 ], [ -106.3473, 38.5115 ], [ -106.3455, 38.5082 ], [ -106.3442, 38.5046 ], [ -106.3428, 38.5029 ], [ -106.3393, 38.5012 ], [ -106.3382, 38.4982 ], [ -106.3363, 38.4967 ], [ -106.3304, 38.4937 ], [ -106.3272, 38.4976 ], [ -106.3258, 38.497 ], [ -106.323, 38.4969 ], [ -106.3201, 38.4977 ], [ -106.3199, 38.4969 ], [ -106.3177, 38.4949 ], [ -106.3155, 38.4945 ], [ -106.3115, 38.4949 ], [ -106.3107, 38.4914 ], [ -106.3092, 38.4898 ], [ -106.3093, 38.488 ], [ -106.3068, 38.4841 ], [ -106.3065, 38.4823 ], [ -106.3041, 38.4801 ], [ -106.3045, 38.4787 ], [ -106.304, 38.4778 ], [ -106.3011, 38.4761 ], [ -106.2956, 38.4756 ], [ -106.293, 38.4748 ], [ -106.2903, 38.4733 ], [ -106.2907, 38.4723 ], [ -106.2894, 38.4705 ], [ -106.2899, 38.466 ], [ -106.2885, 38.4614 ], [ -106.2846, 38.4581 ], [ -106.2835, 38.4565 ], [ -106.2806, 38.4543 ], [ -106.2772, 38.4543 ], [ -106.2727, 38.4552 ], [ -106.2718, 38.4524 ], [ -106.2722, 38.4488 ], [ -106.2741, 38.4469 ], [ -106.2705, 38.4455 ], [ -106.2661, 38.4417 ], [ -106.2613, 38.4424 ], [ -106.2531, 38.441 ], [ -106.2492, 38.4393 ], [ -106.2454, 38.4392 ], [ -106.2481, 38.436 ], [ -106.2495, 38.4332 ], [ -106.2484, 38.4286 ], [ -106.2486, 38.426 ], [ -106.2469, 38.4228 ], [ -106.5006, 38.4244 ], [ -106.6256, 38.4244 ], [ -107.0006, 38.4256 ], [ -107.0011, 38.1471 ], [ -107.1054, 38.1469 ], [ -107.3295, 38.1471 ], [ -107.5686, 38.1473 ], [ -107.5682, 38.1477 ], [ -107.5686, 38.1488 ], [ -107.5647, 38.1498 ], [ -107.5644, 38.1503 ], [ -107.5632, 38.1529 ], [ -107.5631, 38.1562 ], [ -107.5622, 38.1588 ], [ -107.5643, 38.1667 ], [ -107.5663, 38.1687 ], [ -107.5665, 38.1707 ], [ -107.568, 38.1715 ], [ -107.5666, 38.1766 ], [ -107.568, 38.1795 ], [ -107.568, 38.1808 ], [ -107.5703, 38.1814 ], [ -107.5708, 38.184 ], [ -107.5723, 38.1874 ], [ -107.5721, 38.1901 ], [ -107.5726, 38.1941 ], [ -107.5735, 38.1948 ], [ -107.5733, 38.1962 ], [ -107.5743, 38.1968 ], [ -107.5744, 38.1984 ], [ -107.5755, 38.2 ], [ -107.5758, 38.2027 ], [ -107.5751, 38.2056 ], [ -107.5756, 38.2098 ], [ -107.5774, 38.2104 ], [ -107.5787, 38.212 ], [ -107.581, 38.2127 ], [ -107.5799, 38.2148 ], [ -107.5809, 38.2181 ], [ -107.5795, 38.2203 ], [ -107.579, 38.2227 ], [ -107.5804, 38.225 ], [ -107.5799, 38.2279 ], [ -107.5802, 38.2308 ], [ -107.5811, 38.2307 ], [ -107.5821, 38.2311 ], [ -107.5827, 38.2346 ], [ -107.5849, 38.2363 ], [ -107.5875, 38.2402 ], [ -107.5866, 38.243 ], [ -107.5886, 38.2468 ], [ -107.5887, 38.2493 ], [ -107.5907, 38.252 ], [ -107.594, 38.2535 ], [ -107.5974, 38.2534 ], [ -107.6002, 38.2539 ], [ -107.6021, 38.2555 ], [ -107.607, 38.2579 ], [ -107.6116, 38.2608 ], [ -107.6127, 38.2622 ], [ -107.6127, 38.2636 ], [ -107.6154, 38.269 ], [ -107.6147, 38.2701 ], [ -107.6171, 38.2725 ], [ -107.6171, 38.2754 ], [ -107.6199, 38.2753 ], [ -107.6232, 38.279 ], [ -107.6245, 38.2797 ], [ -107.6263, 38.2856 ], [ -107.6292, 38.2879 ], [ -107.6296, 38.2887 ], [ -107.629, 38.2909 ], [ -107.63, 38.2917 ], [ -107.6296, 38.2942 ], [ -107.6312, 38.2952 ], [ -107.6317, 38.2973 ], [ -107.635, 38.3019 ], [ -107.5, 38.3019 ], [ -107.5006, 38.4332 ], [ -107.5006, 39.2179 ], [ -107.4976, 39.2175 ], [ -107.4945, 39.2184 ], [ -107.4923, 39.222 ], [ -107.4878, 39.2256 ], [ -107.4869, 39.2268 ], [ -107.4858, 39.2291 ], [ -107.4858, 39.2313 ], [ -107.4849, 39.2325 ], [ -107.4844, 39.2352 ], [ -107.4839, 39.2355 ], [ -107.4829, 39.2356 ], [ -107.4809, 39.234 ], [ -107.4787, 39.2336 ], [ -107.4779, 39.2308 ], [ -107.4752, 39.2292 ], [ -107.4713, 39.2292 ], [ -107.469, 39.2284 ], [ -107.4657, 39.2286 ], [ -107.4639, 39.2284 ], [ -107.4608, 39.2303 ], [ -107.4578, 39.2294 ], [ -107.4511, 39.2307 ], [ -107.4498, 39.2323 ], [ -107.4442, 39.2343 ], [ -107.4428, 39.2365 ], [ -107.4395, 39.2369 ], [ -107.4358, 39.2391 ], [ -107.4303, 39.2405 ], [ -107.4292, 39.2422 ], [ -107.4306, 39.2474 ], [ -107.4304, 39.249 ], [ -107.4294, 39.2506 ], [ -107.4301, 39.2525 ], [ -107.4299, 39.2553 ], [ -107.4305, 39.2565 ], [ -107.4296, 39.2573 ], [ -107.4246, 39.2576 ], [ -107.4244, 39.2565 ], [ -107.4216, 39.2555 ], [ -107.4162, 39.2558 ], [ -107.4148, 39.2556 ], [ -107.4126, 39.2544 ], [ -107.4093, 39.2544 ], [ -107.4072, 39.2534 ], [ -107.4033, 39.2539 ], [ -107.4003, 39.2529 ], [ -107.3979, 39.2537 ], [ -107.3945, 39.2563 ], [ -107.3922, 39.255 ], [ -107.3918, 39.2523 ], [ -107.3904, 39.2506 ], [ -107.3864, 39.2503 ], [ -107.3843, 39.2478 ], [ -107.3797, 39.2473 ], [ -107.3764, 39.246 ], [ -107.3753, 39.2419 ], [ -107.3738, 39.2406 ], [ -107.3719, 39.2398 ], [ -107.3714, 39.2389 ], [ -107.3761, 39.2367 ], [ -107.3793, 39.2311 ], [ -107.378, 39.2288 ], [ -107.3785, 39.2262 ], [ -107.378, 39.2244 ], [ -107.3768, 39.2234 ], [ -107.3768, 39.2201 ], [ -107.378, 39.2149 ], [ -107.3806, 39.2102 ], [ -107.3795, 39.2086 ], [ -107.3784, 39.2081 ], [ -107.3785, 39.2063 ], [ -107.3771, 39.2041 ], [ -107.3777, 39.2008 ], [ -107.3768, 39.199 ], [ -107.3756, 39.1979 ], [ -107.373, 39.1967 ], [ -107.3701, 39.1938 ], [ -107.3669, 39.192 ], [ -107.3651, 39.1882 ], [ -107.3635, 39.1863 ], [ -107.362, 39.1854 ], [ -107.3597, 39.1848 ], [ -107.3577, 39.1798 ], [ -107.3541, 39.1761 ], [ -107.3534, 39.173 ], [ -107.3482, 39.1703 ], [ -107.3435, 39.1686 ], [ -107.3416, 39.1684 ], [ -107.3369, 39.169 ], [ -107.3361, 39.1677 ], [ -107.3334, 39.1662 ], [ -107.3283, 39.1653 ], [ -107.3242, 39.1658 ], [ -107.3187, 39.1653 ], [ -107.3158, 39.1638 ], [ -107.3113, 39.1595 ], [ -107.3076, 39.1571 ], [ -107.3052, 39.1567 ], [ -107.3043, 39.1556 ], [ -107.2999, 39.1565 ], [ -107.2963, 39.1543 ], [ -107.2957, 39.1536 ], [ -107.2954, 39.1494 ], [ -107.2938, 39.1447 ], [ -107.2921, 39.1439 ], [ -107.2907, 39.1417 ], [ -107.2882, 39.1398 ], [ -107.2877, 39.1379 ], [ -107.2864, 39.1366 ], [ -107.2859, 39.1348 ], [ -107.2861, 39.1327 ], [ -107.2835, 39.1279 ], [ -107.2837, 39.127 ], [ -107.2848, 39.1264 ], [ -107.2854, 39.1251 ], [ -107.2826, 39.1239 ], [ -107.283, 39.1226 ], [ -107.2815, 39.1196 ], [ -107.2825, 39.1187 ], [ -107.0663, 39.1188 ], [ -107.0632, 39.1164 ], [ -107.0629, 39.1154 ], [ -107.0602, 39.112 ], [ -107.0532, 39.1106 ], [ -107.0517, 39.1091 ], [ -107.0508, 39.1068 ], [ -107.0462, 39.1019 ], [ -107.0448, 39.1008 ], [ -107.0407, 39.0991 ], [ -107.0363, 39.0949 ], [ -107.0317, 39.0935 ], [ -107.0301, 39.0934 ], [ -107.0293, 39.0919 ], [ -107.0281, 39.0915 ], [ -107.02, 39.0895 ], [ -107.0153, 39.0857 ], [ -107.0125, 39.0844 ], [ -107.0109, 39.083 ], [ -107.0043, 39.0745 ], [ -107.0031, 39.0743 ], [ -106.997, 39.0693 ], [ -106.989, 39.0707 ], [ -106.9868, 39.0672 ], [ -106.9863, 39.0643 ], [ -106.9864, 39.0625 ], [ -106.9882, 39.0614 ], [ -106.99, 39.061 ], [ -106.9908, 39.06 ], [ -106.9911, 39.0585 ], [ -106.9893, 39.0555 ], [ -106.9898, 39.052 ], [ -106.9932, 39.0513 ], [ -106.9968, 39.0493 ], [ -106.9978, 39.0481 ], [ -106.9977, 39.0462 ], [ -106.9997, 39.0428 ], [ -107.0016, 39.0423 ], [ -106.9961, 39.0342 ], [ -106.9914, 39.0327 ], [ -106.988, 39.0308 ], [ -106.982, 39.0303 ], [ -106.9795, 39.0308 ], [ -106.9738, 39.0289 ], [ -106.9711, 39.029 ], [ -106.9681, 39.0299 ], [ -106.9673, 39.0309 ], [ -106.9643, 39.0296 ], [ -106.9639, 39.0285 ], [ -106.9652, 39.0233 ], [ -106.9641, 39.0211 ], [ -106.965, 39.0189 ], [ -106.9647, 39.0175 ], [ -106.9581, 39.0155 ], [ -106.9552, 39.0166 ], [ -106.951, 39.0166 ], [ -106.9483, 39.0147 ], [ -106.9446, 39.0144 ], [ -106.9378, 39.0083 ], [ -106.9358, 39.0074 ], [ -106.9351, 39.0061 ], [ -106.9284, 39.0046 ], [ -106.9179, 38.9992 ], [ -106.9116, 39.0 ], [ -106.9111, 39.0006 ], [ -106.9098, 39.0002 ], [ -106.9084, 38.9956 ], [ -106.9076, 38.9951 ], [ -106.9082, 38.9926 ], [ -106.9064, 38.9921 ], [ -106.9037, 38.992 ], [ -106.9003, 38.9925 ], [ -106.8959, 38.9901 ], [ -106.8931, 38.9895 ], [ -106.8912, 38.991 ], [ -106.8869, 38.991 ], [ -106.8844, 38.9904 ], [ -106.8837, 38.9914 ], [ -106.8816, 38.9928 ], [ -106.8796, 38.9935 ], [ -106.879, 38.9942 ], [ -106.878, 38.9943 ], [ -106.8776, 38.9965 ], [ -106.8768, 38.9973 ], [ -106.8766, 39.0 ], [ -106.8787, 39.0029 ], [ -106.8787, 39.004 ], [ -106.8781, 39.0059 ], [ -106.8773, 39.0065 ], [ -106.8765, 39.0069 ], [ -106.8747, 39.007 ], [ -106.8705, 39.0066 ], [ -106.869, 39.0073 ], [ -106.8678, 39.0069 ], [ -106.8652, 39.0084 ], [ -106.8617, 39.0094 ], [ -106.8608, 39.0093 ], [ -106.8598, 39.0083 ], [ -106.8591, 39.0065 ], [ -106.8595, 39.0057 ], [ -106.8583, 39.0029 ], [ -106.8568, 39.0011 ], [ -106.8565, 38.999 ], [ -106.8548, 38.9969 ], [ -106.8525, 38.9955 ], [ -106.8497, 38.9915 ], [ -106.849, 38.9893 ], [ -106.8469, 38.987 ], [ -106.8455, 38.9862 ], [ -106.8439, 38.9857 ], [ -106.8408, 38.9856 ], [ -106.8397, 38.9846 ], [ -106.8359, 38.9836 ], [ -106.8354, 38.982 ], [ -106.8343, 38.9808 ], [ -106.8321, 38.9808 ], [ -106.8314, 38.9797 ], [ -106.8272, 38.9777 ], [ -106.8258, 38.9781 ], [ -106.8236, 38.9795 ], [ -106.8194, 38.9801 ], [ -106.8169, 38.9814 ], [ -106.8153, 38.9804 ], [ -106.8124, 38.9797 ], [ -106.8107, 38.9787 ], [ -106.8083, 38.979 ], [ -106.8047, 38.9785 ], [ -106.8042, 38.9781 ], [ -106.8019, 38.9783 ], [ -106.7997, 38.9797 ] ] ] } },
{ "type": "Feature", "properties": { "id": "Conejos" }, "geometry": { "type": "Polygon", "coordinates": [ [ [ -106.1489, 37.4011 ], [ -106.0393, 37.4009 ], [ -106.0389, 37.357 ], [ -105.9835, 37.3562 ], [ -105.9473, 37.3566 ], [ -105.9293, 37.3562 ], [ -105.8053, 37.3562 ], [ -105.7433, 37.3568 ], [ -105.7501, 37.3512 ], [ -105.7497, 37.3492 ], [ -105.7475, 37.3495 ], [ -105.7475, 37.3485 ], [ -105.7525, 37.3456 ], [ -105.7532, 37.3445 ], [ -105.7526, 37.3423 ], [ -105.7504, 37.3413 ], [ -105.7494, 37.339 ], [ -105.7495, 37.3379 ], [ -105.7508, 37.3356 ], [ -105.7508, 37.3339 ], [ -105.7468, 37.3311 ], [ -105.7476, 37.3296 ], [ -105.7476, 37.327 ], [ -105.7458, 37.3239 ], [ -105.7434, 37.3219 ], [ -105.7396, 37.321 ], [ -105.7383, 37.32 ], [ -105.7385, 37.3186 ], [ -105.7416, 37.3174 ], [ -105.7426, 37.3163 ], [ -105.7408, 37.3143 ], [ -105.738, 37.3142 ], [ -105.7372, 37.3136 ], [ -105.738, 37.3112 ], [ -105.7362, 37.3087 ], [ -105.7366, 37.3081 ], [ -105.7382, 37.3075 ], [ -105.7382, 37.3064 ], [ -105.7367, 37.3057 ], [ -105.7358, 37.3038 ], [ -105.7346, 37.3027 ], [ -105.7334, 37.3026 ], [ -105.7322, 37.3031 ], [ -105.731, 37.3049 ], [ -105.7292, 37.3049 ], [ -105.7279, 37.3011 ], [ -105.7278, 37.2989 ], [ -105.7265, 37.2964 ], [ -105.7255, 37.2954 ], [ -105.7224, 37.2947 ], [ -105.7223, 37.2925 ], [ -105.7207, 37.2913 ], [ -105.7201, 37.2902 ], [ -105.7205, 37.2885 ], [ -105.7199, 37.2864 ], [ -105.7203, 37.2856 ], [ -105.7219, 37.2852 ], [ -105.7242, 37.2864 ], [ -105.7262, 37.2865 ], [ -105.7278, 37.2856 ], [ -105.7284, 37.284 ], [ -105.7278, 37.2829 ], [ -105.7253, 37.2811 ], [ -105.7254, 37.2801 ], [ -105.7235, 37.2767 ], [ -105.7238, 37.2747 ], [ -105.7297, 37.2713 ], [ -105.7329, 37.2664 ], [ -105.7341, 37.2661 ], [ -105.7363, 37.2664 ], [ -105.7377, 37.2655 ], [ -105.7388, 37.2636 ], [ -105.7367, 37.2601 ], [ -105.7376, 37.2577 ], [ -105.7409, 37.2554 ], [ -105.7428, 37.2553 ], [ -105.7455, 37.251 ], [ -105.7462, 37.2489 ], [ -105.746, 37.2476 ], [ -105.7441, 37.2463 ], [ -105.7438, 37.2438 ], [ -105.7412, 37.2414 ], [ -105.7408, 37.2403 ], [ -105.7412, 37.2344 ], [ -105.7461, 37.2313 ], [ -105.7467, 37.2304 ], [ -105.7461, 37.2268 ], [ -105.7435, 37.2228 ], [ -105.7437, 37.2213 ], [ -105.7456, 37.2189 ], [ -105.7457, 37.2179 ], [ -105.7441, 37.2149 ], [ -105.7411, 37.2133 ], [ -105.7396, 37.2121 ], [ -105.7398, 37.2101 ], [ -105.7384, 37.2078 ], [ -105.7386, 37.2059 ], [ -105.7379, 37.2043 ], [ -105.7393, 37.2028 ], [ -105.7393, 37.2021 ], [ -105.7384, 37.2009 ], [ -105.7365, 37.2003 ], [ -105.736, 37.1996 ], [ -105.7366, 37.1969 ], [ -105.7383, 37.1958 ], [ -105.739, 37.1947 ], [ -105.7389, 37.1913 ], [ -105.7376, 37.1897 ], [ -105.7344, 37.1896 ], [ -105.7331, 37.1886 ], [ -105.7323, 37.1846 ], [ -105.7297, 37.1803 ], [ -105.7308, 37.1761 ], [ -105.7351, 37.1729 ], [ -105.7369, 37.1708 ], [ -105.7368, 37.1686 ], [ -105.738, 37.1656 ], [ -105.7369, 37.1637 ], [ -105.7356, 37.1632 ], [ -105.7342, 37.161 ], [ -105.7322, 37.1594 ], [ -105.7314, 37.1562 ], [ -105.7321, 37.1533 ], [ -105.7341, 37.1499 ], [ -105.7405, 37.1451 ], [ -105.744, 37.1436 ], [ -105.7488, 37.1354 ], [ -105.7482, 37.1334 ], [ -105.7478, 37.1283 ], [ -105.7487, 37.1225 ], [ -105.7499, 37.1198 ], [ -105.7497, 37.1142 ], [ -105.7489, 37.1115 ], [ -105.7449, 37.1056 ], [ -105.741, 37.1035 ], [ -105.7408, 37.1017 ], [ -105.7426, 37.0988 ], [ -105.7473, 37.0936 ], [ -105.7485, 37.0908 ], [ -105.7485, 37.0889 ], [ -105.753, 37.0848 ], [ -105.7565, 37.0786 ], [ -105.7602, 37.0766 ], [ -105.7608, 37.0744 ], [ -105.7632, 37.0729 ], [ -105.7667, 37.0663 ], [ -105.7703, 37.0645 ], [ -105.7708, 37.0627 ], [ -105.7702, 37.0612 ], [ -105.7676, 37.0604 ], [ -105.7641, 37.056 ], [ -105.7679, 37.0512 ], [ -105.7669, 37.0492 ], [ -105.7672, 37.0481 ], [ -105.7701, 37.0473 ], [ -105.7714, 37.0457 ], [ -105.7704, 37.0444 ], [ -105.7705, 37.0415 ], [ -105.7675, 37.0416 ], [ -105.7664, 37.0409 ], [ -105.7665, 37.0401 ], [ -105.7688, 37.0376 ], [ -105.7689, 37.0368 ], [ -105.7658, 37.035 ], [ -105.7639, 37.0306 ], [ -105.761, 37.0261 ], [ -105.757, 37.0262 ], [ -105.7525, 37.028 ], [ -105.7496, 37.0266 ], [ -105.749, 37.0236 ], [ -105.7507, 37.0216 ], [ -105.7506, 37.0205 ], [ -105.7492, 37.018 ], [ -105.7471, 37.0183 ], [ -105.7451, 37.0174 ], [ -105.7465, 37.0156 ], [ -105.7462, 37.0143 ], [ -105.7415, 37.0137 ], [ -105.7396, 37.0129 ], [ -105.7379, 37.0139 ], [ -105.7352, 37.0146 ], [ -105.7335, 37.0148 ], [ -105.7325, 37.0141 ], [ -105.7315, 37.0141 ], [ -105.7283, 37.015 ], [ -105.7268, 37.0146 ], [ -105.7249, 37.0133 ], [ -105.7238, 37.0105 ], [ -105.7261, 37.009 ], [ -105.7267, 37.0068 ], [ -105.7229, 37.0039 ], [ -105.7234, 37.0021 ], [ -105.7228, 37.0008 ], [ -105.7194, 37.0001 ], [ -105.7181, 36.9994 ], [ -105.7196, 36.9967 ], [ -105.7185, 36.9958 ], [ -105.9691, 36.9956 ], [ -106.2015, 36.9941 ], [ -106.4762, 36.9938 ], [ -106.4891, 37.0151 ], [ -106.5892, 37.1402 ], [ -106.5974, 37.195 ], [ -106.6784, 37.2286 ], [ -106.6787, 37.25 ], [ -106.6781, 37.3634 ], [ -106.6784, 37.4037 ], [ -106.6468, 37.4033 ], [ -106.6144, 37.4022 ], [ -106.5885, 37.4027 ], [ -106.488, 37.4016 ], [ -106.488, 37.3993 ], [ -106.3502, 37.4013 ], [ -106.2448, 37.4009 ], [ -106.1489, 37.4011 ] ] ] } },
{ "type": "Feature", "properties": { "id": "Eagle" }, "geometry": { "type": "Polygon", "coordinates": [ [ [ -107.1136, 39.4901 ], [ -107.1139, 39.5086 ], [ -107.1134, 39.6972 ], [ -107.1137, 39.9191 ], [ -106.8761, 39.9188 ], [ -106.713, 39.9206 ], [ -106.6533, 39.92 ], [ -106.6266, 39.9187 ], [ -106.6266, 39.9248 ], [ -106.6188, 39.9252 ], [ -106.5621, 39.9248 ], [ -106.4863, 39.9253 ], [ -106.4345, 39.9249 ], [ -106.4344, 39.9234 ], [ -106.4392, 39.9199 ], [ -106.4403, 39.9183 ], [ -106.4392, 39.9156 ], [ -106.4329, 39.9126 ], [ -106.4304, 39.9089 ], [ -106.4301, 39.9072 ], [ -106.4308, 39.9016 ], [ -106.4292, 39.8984 ], [ -106.4287, 39.8951 ], [ -106.4295, 39.8871 ], [ -106.4281, 39.8822 ], [ -106.434, 39.8774 ], [ -106.4338, 39.875 ], [ -106.4344, 39.873 ], [ -106.4329, 39.8653 ], [ -106.4271, 39.8577 ], [ -106.4236, 39.8501 ], [ -106.4235, 39.8481 ], [ -106.4256, 39.8455 ], [ -106.4237, 39.8414 ], [ -106.4206, 39.84 ], [ -106.4187, 39.8363 ], [ -106.4151, 39.8314 ], [ -106.412, 39.8287 ], [ -106.4122, 39.8268 ], [ -106.4111, 39.8255 ], [ -106.4107, 39.8237 ], [ -106.4112, 39.8221 ], [ -106.4107, 39.8204 ], [ -106.4095, 39.8192 ], [ -106.4072, 39.8128 ], [ -106.4062, 39.8112 ], [ -106.4019, 39.8075 ], [ -106.4011, 39.8056 ], [ -106.4013, 39.7999 ], [ -106.4007, 39.7987 ], [ -106.3964, 39.7958 ], [ -106.3958, 39.7927 ], [ -106.3966, 39.7917 ], [ -106.3969, 39.7901 ], [ -106.3943, 39.7906 ], [ -106.389, 39.7877 ], [ -106.3886, 39.7865 ], [ -106.3889, 39.7842 ], [ -106.391, 39.7769 ], [ -106.387, 39.7705 ], [ -106.3859, 39.7696 ], [ -106.3855, 39.7672 ], [ -106.3799, 39.7643 ], [ -106.3792, 39.763 ], [ -106.3742, 39.7622 ], [ -106.3734, 39.7595 ], [ -106.3705, 39.7566 ], [ -106.3637, 39.7521 ], [ -106.3617, 39.752 ], [ -106.3611, 39.7527 ], [ -106.3591, 39.7532 ], [ -106.3544, 39.7524 ], [ -106.3507, 39.7569 ], [ -106.3435, 39.759 ], [ -106.3433, 39.7553 ], [ -106.3421, 39.753 ], [ -106.3389, 39.7507 ], [ -106.3354, 39.7494 ], [ -106.333, 39.7441 ], [ -106.3314, 39.7425 ], [ -106.3308, 39.7393 ], [ -106.3294, 39.7378 ], [ -106.328, 39.7376 ], [ -106.327, 39.7366 ], [ -106.3254, 39.7332 ], [ -106.3221, 39.7325 ], [ -106.3205, 39.7317 ], [ -106.3185, 39.7287 ], [ -106.312, 39.7252 ], [ -106.309, 39.7249 ], [ -106.3002, 39.7207 ], [ -106.2983, 39.7206 ], [ -106.2971, 39.718 ], [ -106.2952, 39.7164 ], [ -106.2952, 39.7147 ], [ -106.2939, 39.7123 ], [ -106.2942, 39.7093 ], [ -106.2928, 39.7065 ], [ -106.2913, 39.7054 ], [ -106.2909, 39.7041 ], [ -106.2893, 39.7032 ], [ -106.2873, 39.703 ], [ -106.2855, 39.702 ], [ -106.2774, 39.6995 ], [ -106.2759, 39.7 ], [ -106.2721, 39.7043 ], [ -106.269, 39.7026 ], [ -106.2641, 39.7013 ], [ -106.2628, 39.6988 ], [ -106.2628, 39.6967 ], [ -106.2643, 39.694 ], [ -106.2645, 39.6912 ], [ -106.2659, 39.6895 ], [ -106.2656, 39.6885 ], [ -106.264, 39.6871 ], [ -106.2612, 39.6858 ], [ -106.2613, 39.6827 ], [ -106.2596, 39.6808 ], [ -106.2582, 39.6798 ], [ -106.2575, 39.6802 ], [ -106.2556, 39.68 ], [ -106.2523, 39.679 ], [ -106.2506, 39.6802 ], [ -106.2469, 39.6807 ], [ -106.2428, 39.6809 ], [ -106.2404, 39.6802 ], [ -106.2387, 39.6803 ], [ -106.2391, 39.6725 ], [ -106.2393, 39.6709 ], [ -106.2405, 39.6693 ], [ -106.2404, 39.6681 ], [ -106.2399, 39.667 ], [ -106.2348, 39.662 ], [ -106.2316, 39.6621 ], [ -106.2278, 39.6608 ], [ -106.2265, 39.6609 ], [ -106.2242, 39.6626 ], [ -106.2225, 39.663 ], [ -106.22, 39.6626 ], [ -106.2184, 39.6608 ], [ -106.2192, 39.6574 ], [ -106.219, 39.6563 ], [ -106.2172, 39.6546 ], [ -106.2092, 39.6543 ], [ -106.2077, 39.6553 ], [ -106.2067, 39.6544 ], [ -106.2022, 39.654 ], [ -106.198, 39.6523 ], [ -106.1971, 39.6515 ], [ -106.1944, 39.6511 ], [ -106.1933, 39.6518 ], [ -106.1915, 39.6519 ], [ -106.1892, 39.6533 ], [ -106.1838, 39.6522 ], [ -106.1842, 39.6506 ], [ -106.1835, 39.6486 ], [ -106.1821, 39.6477 ], [ -106.1793, 39.6425 ], [ -106.1793, 39.6385 ], [ -106.1765, 39.6357 ], [ -106.1762, 39.6333 ], [ -106.1775, 39.6317 ], [ -106.1762, 39.6239 ], [ -106.1764, 39.6197 ], [ -106.1759, 39.6161 ], [ -106.1761, 39.6142 ], [ -106.178, 39.6118 ], [ -106.1776, 39.6091 ], [ -106.184, 39.6042 ], [ -106.1849, 39.6023 ], [ -106.1859, 39.6033 ], [ -106.1903, 39.604 ], [ -106.194, 39.6055 ], [ -106.2004, 39.6064 ], [ -106.2021, 39.6058 ], [ -106.2057, 39.6039 ], [ -106.2061, 39.602 ], [ -106.2086, 39.6 ], [ -106.2112, 39.5932 ], [ -106.2117, 39.5898 ], [ -106.2109, 39.5868 ], [ -106.214, 39.582 ], [ -106.2136, 39.5793 ], [ -106.2149, 39.5748 ], [ -106.2116, 39.5734 ], [ -106.2103, 39.5717 ], [ -106.2092, 39.5626 ], [ -106.2057, 39.5582 ], [ -106.2038, 39.5578 ], [ -106.1978, 39.5578 ], [ -106.1965, 39.5573 ], [ -106.1963, 39.5569 ], [ -106.1976, 39.5551 ], [ -106.1972, 39.5526 ], [ -106.1981, 39.5503 ], [ -106.202, 39.55 ], [ -106.2043, 39.5489 ], [ -106.2079, 39.5482 ], [ -106.2099, 39.5469 ], [ -106.2107, 39.5452 ], [ -106.2101, 39.5425 ], [ -106.2118, 39.5397 ], [ -106.2104, 39.5349 ], [ -106.211, 39.5339 ], [ -106.2113, 39.5301 ], [ -106.2126, 39.531 ], [ -106.2144, 39.5311 ], [ -106.2173, 39.532 ], [ -106.2224, 39.5313 ], [ -106.2249, 39.5314 ], [ -106.2282, 39.5364 ], [ -106.2289, 39.5384 ], [ -106.2349, 39.5435 ], [ -106.2357, 39.5466 ], [ -106.235, 39.5479 ], [ -106.2367, 39.5486 ], [ -106.2409, 39.5463 ], [ -106.2434, 39.5441 ], [ -106.2452, 39.5438 ], [ -106.2483, 39.5443 ], [ -106.2499, 39.5421 ], [ -106.2506, 39.5385 ], [ -106.254, 39.5353 ], [ -106.2559, 39.5318 ], [ -106.2544, 39.5274 ], [ -106.2554, 39.5241 ], [ -106.2558, 39.5199 ], [ -106.2537, 39.5179 ], [ -106.2506, 39.5171 ], [ -106.2484, 39.5157 ], [ -106.2464, 39.5128 ], [ -106.2495, 39.504 ], [ -106.2511, 39.5021 ], [ -106.2537, 39.5003 ], [ -106.2569, 39.4997 ], [ -106.2596, 39.495 ], [ -106.2592, 39.4942 ], [ -106.2566, 39.4933 ], [ -106.2524, 39.4929 ], [ -106.2473, 39.4913 ], [ -106.2455, 39.4894 ], [ -106.2494, 39.484 ], [ -106.2501, 39.482 ], [ -106.2494, 39.4805 ], [ -106.2503, 39.4774 ], [ -106.2515, 39.4767 ], [ -106.2517, 39.4743 ], [ -106.2504, 39.4709 ], [ -106.2504, 39.4689 ], [ -106.2515, 39.4675 ], [ -106.2516, 39.465 ], [ -106.2499, 39.4633 ], [ -106.2451, 39.4615 ], [ -106.2431, 39.4594 ], [ -106.2422, 39.4577 ], [ -106.2385, 39.4552 ], [ -106.2381, 39.4542 ], [ -106.2389, 39.4514 ], [ -106.236, 39.446 ], [ -106.2334, 39.4435 ], [ -106.2319, 39.441 ], [ -106.2302, 39.4409 ], [ -106.2284, 39.4398 ], [ -106.225, 39.4366 ], [ -106.2233, 39.4338 ], [ -106.2232, 39.4331 ], [ -106.2254, 39.4318 ], [ -106.2257, 39.4302 ], [ -106.2269, 39.4286 ], [ -106.2327, 39.4262 ], [ -106.2301, 39.4223 ], [ -106.23, 39.4199 ], [ -106.2309, 39.4186 ], [ -106.2303, 39.4181 ], [ -106.2304, 39.417 ], [ -106.2298, 39.416 ], [ -106.2282, 39.4144 ], [ -106.2222, 39.413 ], [ -106.2209, 39.4123 ], [ -106.219, 39.4123 ], [ -106.217, 39.4102 ], [ -106.2179, 39.4083 ], [ -106.2142, 39.406 ], [ -106.213, 39.4057 ], [ -106.2128, 39.404 ], [ -106.2115, 39.4036 ], [ -106.2012, 39.3959 ], [ -106.201, 39.3948 ], [ -106.2031, 39.3896 ], [ -106.2082, 39.3863 ], [ -106.2104, 39.3841 ], [ -106.2105, 39.3828 ], [ -106.2072, 39.3805 ], [ -106.2067, 39.3796 ], [ -106.2256, 39.3796 ], [ -106.2268, 39.3771 ], [ -106.2269, 39.3742 ], [ -106.2296, 39.3732 ], [ -106.2339, 39.3729 ], [ -106.2365, 39.3703 ], [ -106.2395, 39.3657 ], [ -106.245, 39.3641 ], [ -106.2502, 39.3607 ], [ -106.251, 39.3576 ], [ -106.2525, 39.3591 ], [ -106.2591, 39.362 ], [ -106.26, 39.3608 ], [ -106.2638, 39.3588 ], [ -106.2666, 39.3588 ], [ -106.271, 39.3581 ], [ -106.2726, 39.3564 ], [ -106.2747, 39.3557 ], [ -106.2797, 39.3523 ], [ -106.2819, 39.3515 ], [ -106.2838, 39.3495 ], [ -106.2857, 39.3521 ], [ -106.2923, 39.3518 ], [ -106.2953, 39.3529 ], [ -106.2963, 39.3573 ], [ -106.3026, 39.3611 ], [ -106.3116, 39.3622 ], [ -106.3134, 39.3622 ], [ -106.3212, 39.3593 ], [ -106.3238, 39.359 ], [ -106.328, 39.3592 ], [ -106.3329, 39.3582 ], [ -106.3348, 39.359 ], [ -106.3393, 39.3591 ], [ -106.3441, 39.3577 ], [ -106.3452, 39.3568 ], [ -106.3499, 39.3549 ], [ -106.3506, 39.354 ], [ -106.3517, 39.3537 ], [ -106.3556, 39.3549 ], [ -106.358, 39.3551 ], [ -106.3626, 39.3572 ], [ -106.3631, 39.3592 ], [ -106.3645, 39.36 ], [ -106.3662, 39.3606 ], [ -106.3696, 39.3603 ], [ -106.3708, 39.3606 ], [ -106.372, 39.3637 ], [ -106.3747, 39.3657 ], [ -106.3764, 39.3685 ], [ -106.3782, 39.3694 ], [ -106.3786, 39.3715 ], [ -106.3806, 39.3762 ], [ -106.3867, 39.3767 ], [ -106.3885, 39.3777 ], [ -106.3903, 39.3781 ], [ -106.3917, 39.3794 ], [ -106.393, 39.3792 ], [ -106.3938, 39.3796 ], [ -106.3976, 39.3798 ], [ -106.4001, 39.381 ], [ -106.4039, 39.3798 ], [ -106.4051, 39.3789 ], [ -106.4075, 39.3757 ], [ -106.4082, 39.3737 ], [ -106.4119, 39.3713 ], [ -106.4148, 39.3675 ], [ -106.4173, 39.3673 ], [ -106.4216, 39.3638 ], [ -106.4265, 39.3619 ], [ -106.4894, 39.3618 ], [ -106.5006, 39.3623 ], [ -106.6727, 39.3621 ], [ -106.6854, 39.3624 ], [ -106.7128, 39.362 ], [ -106.7242, 39.3626 ], [ -106.7401, 39.3622 ], [ -106.8464, 39.3643 ], [ -107.023, 39.3662 ], [ -107.1134, 39.3661 ], [ -107.1136, 39.4901 ] ] ] } },
{ "type": "Feature", "properties": { "id": "Otero" }, "geometry": { "type": "Polygon", "coordinates": [ [ [ -103.803, 38.1125 ], [ -103.7507, 38.1132 ], [ -103.6737, 38.1129 ], [ -103.6192, 38.1134 ], [ -103.6193, 38.1715 ], [ -103.6011, 38.1717 ], [ -103.5832, 38.1728 ], [ -103.5094, 38.1725 ], [ -103.5101, 38.2652 ], [ -103.4373, 38.265 ], [ -103.3999, 38.2654 ], [ -103.3986, 38.1145 ], [ -103.399, 37.9906 ], [ -103.3983, 37.9818 ], [ -103.3981, 37.9606 ], [ -103.3991, 37.9401 ], [ -103.3998, 37.8996 ], [ -103.3999, 37.8228 ], [ -103.4037, 37.8228 ], [ -103.4034, 37.75 ], [ -103.4038, 37.7017 ], [ -103.4044, 37.6869 ], [ -103.4039, 37.6732 ], [ -103.4043, 37.6436 ], [ -103.4518, 37.6438 ], [ -103.4853, 37.6435 ], [ -103.5005, 37.6429 ], [ -103.6255, 37.644 ], [ -103.7505, 37.6436 ], [ -103.8571, 37.6448 ], [ -103.9886, 37.6439 ], [ -104.0582, 37.644 ], [ -104.0593, 37.7342 ], [ -104.0611, 37.7347 ], [ -104.0617, 37.75 ], [ -104.0621, 37.7921 ], [ -104.0619, 37.8227 ], [ -104.0602, 37.8227 ], [ -104.0601, 37.823 ], [ -104.0594, 37.875 ], [ -104.0594, 38.0543 ], [ -104.0582, 38.1465 ], [ -104.056, 38.146 ], [ -104.0504, 38.1465 ], [ -104.0492, 38.1463 ], [ -104.0479, 38.1452 ], [ -104.047, 38.1414 ], [ -104.0373, 38.1415 ], [ -104.0331, 38.1406 ], [ -104.0272, 38.1405 ], [ -104.0222, 38.141 ], [ -104.0151, 38.1428 ], [ -104.0102, 38.1457 ], [ -104.0078, 38.1455 ], [ -104.0051, 38.1435 ], [ -104.0021, 38.1428 ], [ -104.0009, 38.1434 ], [ -103.9992, 38.1458 ], [ -103.9983, 38.1463 ], [ -103.9947, 38.1467 ], [ -103.9912, 38.1454 ], [ -103.9842, 38.1409 ], [ -103.9807, 38.1406 ], [ -103.9778, 38.1411 ], [ -103.975, 38.1403 ], [ -103.9741, 38.1386 ], [ -103.977, 38.1343 ], [ -103.9764, 38.133 ], [ -103.9744, 38.1321 ], [ -103.9668, 38.1317 ], [ -103.9602, 38.1304 ], [ -103.9549, 38.1308 ], [ -103.9525, 38.1305 ], [ -103.9446, 38.1267 ], [ -103.934, 38.1244 ], [ -103.9301, 38.125 ], [ -103.929, 38.1273 ], [ -103.9259, 38.1296 ], [ -103.9234, 38.1304 ], [ -103.9202, 38.1293 ], [ -103.9199, 38.1275 ], [ -103.9187, 38.1255 ], [ -103.9163, 38.1247 ], [ -103.9135, 38.1251 ], [ -103.911, 38.1266 ], [ -103.9109, 38.1279 ], [ -103.9117, 38.1299 ], [ -103.9135, 38.1316 ], [ -103.9128, 38.1341 ], [ -103.9061, 38.1349 ], [ -103.9021, 38.134 ], [ -103.9002, 38.133 ], [ -103.8985, 38.1311 ], [ -103.899, 38.1285 ], [ -103.9006, 38.1268 ], [ -103.9007, 38.1254 ], [ -103.8957, 38.1247 ], [ -103.8887, 38.1254 ], [ -103.8837, 38.1246 ], [ -103.878, 38.1246 ], [ -103.8732, 38.1263 ], [ -103.8687, 38.1288 ], [ -103.8663, 38.1288 ], [ -103.8635, 38.1281 ], [ -103.8583, 38.1254 ], [ -103.8503, 38.125 ], [ -103.8462, 38.1234 ], [ -103.8417, 38.1173 ], [ -103.8377, 38.1142 ], [ -103.8356, 38.1133 ], [ -103.8287, 38.1144 ], [ -103.8259, 38.1131 ], [ -103.8219, 38.1135 ], [ -103.8138, 38.1174 ], [ -103.8119, 38.1178 ], [ -103.8098, 38.1175 ], [ -103.8073, 38.1164 ], [ -103.803, 38.1125 ] ] ] } },
{ "type": "Feature", "properties": { "id": "La Plata" }, "geometry": { "type": "Polygon", "coordinates": [ [ [ -107.4821, 37.2147 ], [ -107.4821, 37.1235 ], [ -107.4814, 37.0939 ], [ -107.4817, 37.0 ], [ -108.2494, 36.999 ], [ -108.2506, 36.9996 ], [ -108.3792, 36.9995 ], [ -108.3811, 37.0015 ], [ -108.3796, 37.0042 ], [ -108.3763, 37.0069 ], [ -108.377, 37.0073 ], [ -108.3773, 37.0089 ], [ -108.3767, 37.0118 ], [ -108.3748, 37.0137 ], [ -108.3751, 37.0156 ], [ -108.3741, 37.0166 ], [ -108.3743, 37.0179 ], [ -108.3732, 37.0187 ], [ -108.3728, 37.02 ], [ -108.3717, 37.0206 ], [ -108.3733, 37.0247 ], [ -108.3725, 37.0258 ], [ -108.3721, 37.0289 ], [ -108.3687, 37.0289 ], [ -108.3618, 37.0268 ], [ -108.3602, 37.0268 ], [ -108.3586, 37.0258 ], [ -108.3554, 37.0256 ], [ -108.3564, 37.0284 ], [ -108.355, 37.0312 ], [ -108.3531, 37.0326 ], [ -108.3529, 37.0333 ], [ -108.3551, 37.0356 ], [ -108.3544, 37.0388 ], [ -108.3525, 37.0394 ], [ -108.3507, 37.0407 ], [ -108.3499, 37.0426 ], [ -108.3472, 37.0459 ], [ -108.3468, 37.0481 ], [ -108.343, 37.0488 ], [ -108.3412, 37.051 ], [ -108.3374, 37.0523 ], [ -108.3344, 37.0549 ], [ -108.3347, 37.0598 ], [ -108.3334, 37.0608 ], [ -108.3345, 37.0628 ], [ -108.3343, 37.0646 ], [ -108.3335, 37.0656 ], [ -108.3332, 37.0674 ], [ -108.3305, 37.0679 ], [ -108.3283, 37.0691 ], [ -108.3277, 37.0713 ], [ -108.3302, 37.0746 ], [ -108.3283, 37.0757 ], [ -108.3268, 37.0754 ], [ -108.3257, 37.0762 ], [ -108.3259, 37.078 ], [ -108.3268, 37.0792 ], [ -108.325, 37.08 ], [ -108.3241, 37.0813 ], [ -108.3251, 37.0834 ], [ -108.3236, 37.0852 ], [ -108.3233, 37.0878 ], [ -108.3222, 37.0892 ], [ -108.3231, 37.0907 ], [ -108.3221, 37.0934 ], [ -108.3206, 37.0954 ], [ -108.3211, 37.0971 ], [ -108.3173, 37.0975 ], [ -108.3163, 37.0998 ], [ -108.3167, 37.1017 ], [ -108.3161, 37.103 ], [ -108.3146, 37.104 ], [ -108.3106, 37.1046 ], [ -108.3101, 37.1054 ], [ -108.3103, 37.1073 ], [ -108.3113, 37.1094 ], [ -108.31, 37.1105 ], [ -108.3097, 37.1123 ], [ -108.3114, 37.1142 ], [ -108.3118, 37.1168 ], [ -108.3096, 37.1193 ], [ -108.3112, 37.1238 ], [ -108.3097, 37.125 ], [ -108.3103, 37.1293 ], [ -108.3072, 37.1318 ], [ -108.3041, 37.1354 ], [ -108.3015, 37.1364 ], [ -108.3009, 37.1388 ], [ -108.2942, 37.1444 ], [ -108.2905, 37.146 ], [ -108.2902, 37.147 ], [ -108.2912, 37.1493 ], [ -108.2902, 37.1522 ], [ -108.2902, 37.1542 ], [ -108.2919, 37.156 ], [ -108.2961, 37.1584 ], [ -108.2936, 37.1636 ], [ -108.2964, 37.1681 ], [ -108.2974, 37.1712 ], [ -108.2954, 37.1753 ], [ -108.2946, 37.1802 ], [ -108.2946, 37.1819 ], [ -108.2959, 37.1869 ], [ -108.2957, 37.1901 ], [ -108.2929, 37.1943 ], [ -108.2926, 37.1983 ], [ -108.2933, 37.2 ], [ -108.2929, 37.2025 ], [ -108.2949, 37.2056 ], [ -108.2972, 37.2076 ], [ -108.2975, 37.2084 ], [ -108.2973, 37.2132 ], [ -108.2938, 37.2165 ], [ -108.2938, 37.2174 ], [ -108.2915, 37.2203 ], [ -108.2915, 37.2225 ], [ -108.2904, 37.2236 ], [ -108.2884, 37.2237 ], [ -108.2863, 37.2248 ], [ -108.2817, 37.2286 ], [ -108.2797, 37.2286 ], [ -108.2796, 37.2273 ], [ -108.2788, 37.2272 ], [ -108.2756, 37.2292 ], [ -108.2716, 37.2291 ], [ -108.2696, 37.2297 ], [ -108.2677, 37.232 ], [ -108.2675, 37.2331 ], [ -108.2663, 37.2338 ], [ -108.2647, 37.2339 ], [ -108.2614, 37.235 ], [ -108.2613, 37.2368 ], [ -108.2601, 37.2393 ], [ -108.2577, 37.2404 ], [ -108.2563, 37.2422 ], [ -108.2562, 37.2434 ], [ -108.2506, 37.2463 ], [ -108.2496, 37.2497 ], [ -108.2483, 37.2494 ], [ -108.2473, 37.2499 ], [ -108.2466, 37.2549 ], [ -108.2425, 37.2614 ], [ -108.2399, 37.2618 ], [ -108.2386, 37.2627 ], [ -108.2374, 37.267 ], [ -108.2372, 37.2704 ], [ -108.2353, 37.2726 ], [ -108.2345, 37.2753 ], [ -108.2287, 37.277 ], [ -108.2273, 37.2782 ], [ -108.2269, 37.2805 ], [ -108.228, 37.2819 ], [ -108.2257, 37.2863 ], [ -108.2243, 37.2869 ], [ -108.2219, 37.2874 ], [ -108.2202, 37.287 ], [ -108.2197, 37.2874 ], [ -108.2197, 37.2908 ], [ -108.219, 37.2922 ], [ -108.2194, 37.2938 ], [ -108.218, 37.2972 ], [ -108.2138, 37.2981 ], [ -108.2125, 37.3002 ], [ -108.2131, 37.3033 ], [ -108.2161, 37.3055 ], [ -108.2165, 37.3062 ], [ -108.2165, 37.3116 ], [ -108.2136, 37.3132 ], [ -108.2138, 37.3145 ], [ -108.2123, 37.3169 ], [ -108.2114, 37.3205 ], [ -108.2105, 37.3217 ], [ -108.2052, 37.3245 ], [ -108.203, 37.3263 ], [ -108.2031, 37.3269 ], [ -108.2047, 37.3281 ], [ -108.2048, 37.3295 ], [ -108.2067, 37.3322 ], [ -108.2079, 37.3331 ], [ -108.2077, 37.3351 ], [ -108.2058, 37.3386 ], [ -108.2048, 37.3441 ], [ -108.204, 37.3461 ], [ -108.202, 37.3487 ], [ -108.1982, 37.3515 ], [ -108.1978, 37.3549 ], [ -108.1957, 37.3561 ], [ -108.1916, 37.3597 ], [ -108.1879, 37.3605 ], [ -108.1836, 37.3631 ], [ -108.1783, 37.3643 ], [ -108.173, 37.3664 ], [ -108.1666, 37.3652 ], [ -108.1638, 37.3621 ], [ -108.1617, 37.3622 ], [ -108.1581, 37.3639 ], [ -108.1532, 37.3626 ], [ -108.1516, 37.3628 ], [ -108.147, 37.3654 ], [ -108.1456, 37.3674 ], [ -108.1422, 37.3697 ], [ -108.1405, 37.3728 ], [ -108.1337, 37.3737 ], [ -108.1323, 37.3747 ], [ -108.1205, 37.3747 ], [ -108.1177, 37.3763 ], [ -108.1163, 37.3785 ], [ -108.1136, 37.3803 ], [ -108.1092, 37.3815 ], [ -108.1062, 37.3818 ], [ -108.1058, 37.3825 ], [ -108.1063, 37.3846 ], [ -108.1056, 37.389 ], [ -108.1075, 37.3921 ], [ -108.1076, 37.3943 ], [ -108.1065, 37.4002 ], [ -108.1057, 37.4019 ], [ -108.1053, 37.4056 ], [ -108.1034, 37.4089 ], [ -108.1013, 37.4103 ], [ -108.0995, 37.4126 ], [ -108.0992, 37.4154 ], [ -108.0978, 37.4175 ], [ -108.0948, 37.4195 ], [ -108.0895, 37.4212 ], [ -108.0875, 37.4251 ], [ -108.0873, 37.4278 ], [ -108.0829, 37.4279 ], [ -108.08, 37.4292 ], [ -108.0811, 37.4324 ], [ -108.078, 37.4389 ], [ -108.0734, 37.439 ], [ -108.0693, 37.4379 ], [ -108.0654, 37.4385 ], [ -108.0621, 37.4375 ], [ -108.0589, 37.4376 ], [ -108.0574, 37.4381 ], [ -108.053, 37.4375 ], [ -108.0484, 37.4426 ], [ -108.0441, 37.443 ], [ -108.0433, 37.4443 ], [ -108.0424, 37.4484 ], [ -108.0384, 37.4519 ], [ -108.0392, 37.4559 ], [ -108.0375, 37.4591 ], [ -108.0348, 37.4606 ], [ -108.0331, 37.4649 ], [ -108.0364, 37.4712 ], [ -108.0347, 37.475 ], [ -108.0345, 37.4768 ], [ -108.0326, 37.4788 ], [ -108.0337, 37.4801 ], [ -108.0338, 37.4845 ], [ -108.0359, 37.4857 ], [ -108.0366, 37.4882 ], [ -108.0366, 37.4911 ], [ -108.0346, 37.4972 ], [ -108.0367, 37.5 ], [ -108.038, 37.5028 ], [ -108.0373, 37.5053 ], [ -108.0357, 37.5072 ], [ -108.0341, 37.5084 ], [ -108.0315, 37.5091 ], [ -108.0332, 37.5104 ], [ -108.0345, 37.5131 ], [ -108.0337, 37.5163 ], [ -108.0321, 37.518 ], [ -108.0346, 37.5223 ], [ -108.0337, 37.5267 ], [ -108.0349, 37.532 ], [ -108.0343, 37.5329 ], [ -108.0289, 37.5363 ], [ -108.0254, 37.5397 ], [ -108.0255, 37.5411 ], [ -108.0241, 37.5429 ], [ -108.024, 37.5459 ], [ -108.0215, 37.5487 ], [ -108.0219, 37.5513 ], [ -108.0203, 37.5538 ], [ -108.0205, 37.5564 ], [ -108.0197, 37.5585 ], [ -108.0212, 37.5594 ], [ -108.0217, 37.5628 ], [ -108.0183, 37.5671 ], [ -108.0208, 37.5714 ], [ -108.0195, 37.574 ], [ -108.0202, 37.5783 ], [ -108.0197, 37.5809 ], [ -108.0205, 37.5825 ], [ -108.0197, 37.5849 ], [ -108.023, 37.591 ], [ -108.0224, 37.5914 ], [ -108.0168, 37.5921 ], [ -108.0167, 37.5958 ], [ -108.0158, 37.5963 ], [ -108.0148, 37.5958 ], [ -108.0139, 37.5965 ], [ -108.0141, 37.599 ], [ -108.0151, 37.5995 ], [ -108.0155, 37.6009 ], [ -108.0142, 37.6038 ], [ -108.0132, 37.6048 ], [ -108.0118, 37.6049 ], [ -108.0098, 37.6058 ], [ -108.0048, 37.606 ], [ -108.0044, 37.6077 ], [ -108.0007, 37.6112 ], [ -108.0002, 37.6143 ], [ -107.9996, 37.6148 ], [ -107.9968, 37.6144 ], [ -107.9949, 37.6149 ], [ -107.9932, 37.6159 ], [ -107.9917, 37.6197 ], [ -107.9897, 37.6207 ], [ -107.9892, 37.6222 ], [ -107.9872, 37.625 ], [ -107.9838, 37.6262 ], [ -107.9799, 37.6289 ], [ -107.9721, 37.6298 ], [ -107.9724, 37.6316 ], [ -107.9721, 37.6343 ], [ -107.9699, 37.6372 ], [ -107.9705, 37.6385 ], [ -107.9701, 37.6396 ], [ -107.7589, 37.6403 ], [ -107.7506, 37.6403 ], [ -107.7432, 37.6395 ], [ -107.4822, 37.6395 ], [ -107.4821, 37.2147 ] ] ] } },
{ "type": "Feature", "properties": { "id": "Summit" }, "geometry": { "type": "Polygon", "coordinates": [ [ [ -106.1776, 39.6091 ], [ -106.178, 39.6118 ], [ -106.1761, 39.6142 ], [ -106.1759, 39.6161 ], [ -106.1764, 39.6197 ], [ -106.1762, 39.6239 ], [ -106.1775, 39.6317 ], [ -106.1761, 39.634 ], [ -106.1765, 39.6357 ], [ -106.1793, 39.6385 ], [ -106.1793, 39.6425 ], [ -106.1821, 39.6477 ], [ -106.1835, 39.6486 ], [ -106.1842, 39.6506 ], [ -106.1838, 39.6522 ], [ -106.1892, 39.6533 ], [ -106.1915, 39.6519 ], [ -106.1933, 39.6518 ], [ -106.1944, 39.6511 ], [ -106.1971, 39.6515 ], [ -106.198, 39.6523 ], [ -106.2022, 39.654 ], [ -106.2067, 39.6544 ], [ -106.2077, 39.6553 ], [ -106.2092, 39.6543 ], [ -106.2172, 39.6546 ], [ -106.219, 39.6563 ], [ -106.2192, 39.6574 ], [ -106.2184, 39.6608 ], [ -106.22, 39.6626 ], [ -106.2225, 39.663 ], [ -106.2242, 39.6626 ], [ -106.2265, 39.6609 ], [ -106.2278, 39.6608 ], [ -106.2316, 39.6621 ], [ -106.2348, 39.662 ], [ -106.2399, 39.667 ], [ -106.2404, 39.6681 ], [ -106.2405, 39.6693 ], [ -106.2393, 39.6709 ], [ -106.2391, 39.6725 ], [ -106.2387, 39.6803 ], [ -106.2404, 39.6802 ], [ -106.2428, 39.6809 ], [ -106.2469, 39.6807 ], [ -106.2506, 39.6802 ], [ -106.2523, 39.679 ], [ -106.2556, 39.68 ], [ -106.2575, 39.6802 ], [ -106.2582, 39.6798 ], [ -106.2596, 39.6808 ], [ -106.2613, 39.6827 ], [ -106.2612, 39.6858 ], [ -106.264, 39.6871 ], [ -106.2656, 39.6885 ], [ -106.2659, 39.6895 ], [ -106.2645, 39.6912 ], [ -106.2643, 39.694 ], [ -106.2628, 39.6967 ], [ -106.2628, 39.6988 ], [ -106.2641, 39.7013 ], [ -106.269, 39.7026 ], [ -106.2721, 39.7043 ], [ -106.2759, 39.7 ], [ -106.2774, 39.6995 ], [ -106.2855, 39.702 ], [ -106.2873, 39.703 ], [ -106.2893, 39.7032 ], [ -106.2909, 39.7041 ], [ -106.2913, 39.7054 ], [ -106.2928, 39.7065 ], [ -106.2942, 39.7093 ], [ -106.2939, 39.7123 ], [ -106.2952, 39.7147 ], [ -106.2952, 39.7164 ], [ -106.2971, 39.718 ], [ -106.2983, 39.7206 ], [ -106.3002, 39.7207 ], [ -106.309, 39.7249 ], [ -106.312, 39.7252 ], [ -106.3185, 39.7287 ], [ -106.3205, 39.7317 ], [ -106.3221, 39.7325 ], [ -106.3254, 39.7332 ], [ -106.327, 39.7366 ], [ -106.328, 39.7376 ], [ -106.3294, 39.7378 ], [ -106.3308, 39.7393 ], [ -106.3314, 39.7425 ], [ -106.333, 39.7441 ], [ -106.3354, 39.7494 ], [ -106.3389, 39.7507 ], [ -106.3421, 39.753 ], [ -106.3433, 39.7553 ], [ -106.3435, 39.759 ], [ -106.3507, 39.7569 ], [ -106.3544, 39.7524 ], [ -106.3591, 39.7532 ], [ -106.3611, 39.7527 ], [ -106.3617, 39.752 ], [ -106.3637, 39.7521 ], [ -106.3705, 39.7566 ], [ -106.3734, 39.7595 ], [ -106.3742, 39.7622 ], [ -106.3792, 39.763 ], [ -106.3799, 39.7643 ], [ -106.3855, 39.7672 ], [ -106.3859, 39.7696 ], [ -106.387, 39.7705 ], [ -106.391, 39.7769 ], [ -106.3889, 39.7842 ], [ -106.3886, 39.7865 ], [ -106.389, 39.7877 ], [ -106.3943, 39.7906 ], [ -106.3969, 39.7901 ], [ -106.3966, 39.7917 ], [ -106.3958, 39.7927 ], [ -106.3964, 39.7958 ], [ -106.4007, 39.7987 ], [ -106.4013, 39.7999 ], [ -106.4011, 39.8056 ], [ -106.4019, 39.8075 ], [ -106.4062, 39.8112 ], [ -106.4072, 39.8128 ], [ -106.4095, 39.8192 ], [ -106.4107, 39.8204 ], [ -106.4112, 39.8221 ], [ -106.4107, 39.8237 ], [ -106.4111, 39.8255 ], [ -106.4122, 39.8268 ], [ -106.412, 39.8287 ], [ -106.4151, 39.8314 ], [ -106.4187, 39.8363 ], [ -106.4206, 39.84 ], [ -106.4237, 39.8414 ], [ -106.4256, 39.8455 ], [ -106.4235, 39.8481 ], [ -106.4236, 39.8501 ], [ -106.4271, 39.8577 ], [ -106.4329, 39.8653 ], [ -106.4344, 39.873 ], [ -106.4338, 39.875 ], [ -106.434, 39.8774 ], [ -106.4281, 39.8822 ], [ -106.4295, 39.8871 ], [ -106.4287, 39.8951 ], [ -106.4292, 39.8984 ], [ -106.4308, 39.9016 ], [ -106.4301, 39.9072 ], [ -106.4304, 39.9089 ], [ -106.4329, 39.9126 ], [ -106.4392, 39.9156 ], [ -106.4403, 39.9183 ], [ -106.4392, 39.9199 ], [ -106.4344, 39.9234 ], [ -106.4345, 39.9249 ], [ -106.3953, 39.9246 ], [ -106.3954, 39.914 ], [ -106.3811, 39.914 ], [ -106.3756, 39.9136 ], [ -106.2946, 39.914 ], [ -106.2948, 39.9189 ], [ -106.2898, 39.9189 ], [ -106.252, 39.9147 ], [ -106.2506, 39.913 ], [ -106.2469, 39.9127 ], [ -106.2411, 39.9073 ], [ -106.2393, 39.9068 ], [ -106.2348, 39.9027 ], [ -106.2317, 39.9008 ], [ -106.2319, 39.8999 ], [ -106.23, 39.898 ], [ -106.2284, 39.8935 ], [ -106.2241, 39.89 ], [ -106.2231, 39.8883 ], [ -106.2208, 39.8877 ], [ -106.2194, 39.8853 ], [ -106.2193, 39.8836 ], [ -106.2169, 39.8806 ], [ -106.2142, 39.8788 ], [ -106.208, 39.8784 ], [ -106.2065, 39.8777 ], [ -106.2064, 39.875 ], [ -106.2032, 39.8713 ], [ -106.2028, 39.8698 ], [ -106.2014, 39.8685 ], [ -106.2015, 39.8655 ], [ -106.2006, 39.864 ], [ -106.1954, 39.8611 ], [ -106.1931, 39.8588 ], [ -106.1857, 39.8554 ], [ -106.1833, 39.8535 ], [ -106.1804, 39.8525 ], [ -106.1777, 39.8493 ], [ -106.174, 39.8477 ], [ -106.1725, 39.8479 ], [ -106.1725, 39.8464 ], [ -106.1711, 39.8453 ], [ -106.1689, 39.845 ], [ -106.1676, 39.8455 ], [ -106.1651, 39.8438 ], [ -106.1601, 39.8434 ], [ -106.1531, 39.8412 ], [ -106.1495, 39.8396 ], [ -106.1434, 39.8393 ], [ -106.1394, 39.843 ], [ -106.1379, 39.8435 ], [ -106.1315, 39.8442 ], [ -106.1283, 39.8436 ], [ -106.1256, 39.8421 ], [ -106.125, 39.8421 ], [ -106.1218, 39.839 ], [ -106.1207, 39.8374 ], [ -106.1203, 39.8357 ], [ -106.117, 39.832 ], [ -106.1146, 39.8304 ], [ -106.1124, 39.8297 ], [ -106.1063, 39.824 ], [ -106.1047, 39.8218 ], [ -106.0999, 39.8198 ], [ -106.099, 39.8184 ], [ -106.092, 39.8129 ], [ -106.09, 39.8093 ], [ -106.0841, 39.8067 ], [ -106.0837, 39.806 ], [ -106.0839, 39.8033 ], [ -106.0824, 39.8007 ], [ -106.0822, 39.7963 ], [ -106.078, 39.7935 ], [ -106.0792, 39.7923 ], [ -106.0812, 39.7874 ], [ -106.079, 39.7854 ], [ -106.0777, 39.7829 ], [ -106.0746, 39.7801 ], [ -106.071, 39.7727 ], [ -106.071, 39.7697 ], [ -106.0701, 39.7673 ], [ -106.0675, 39.7639 ], [ -106.0656, 39.7626 ], [ -106.0648, 39.7603 ], [ -106.0658, 39.7573 ], [ -106.0659, 39.7538 ], [ -106.0641, 39.7522 ], [ -106.0619, 39.7514 ], [ -106.0619, 39.7511 ], [ -106.0632, 39.751 ], [ -106.0636, 39.7494 ], [ -106.0649, 39.7481 ], [ -106.0637, 39.7454 ], [ -106.0609, 39.7414 ], [ -106.0597, 39.7406 ], [ -106.0595, 39.7394 ], [ -106.0603, 39.738 ], [ -106.0598, 39.7359 ], [ -106.0602, 39.7345 ], [ -106.058, 39.7288 ], [ -106.0585, 39.7247 ], [ -106.0566, 39.723 ], [ -106.056, 39.7214 ], [ -106.0513, 39.7215 ], [ -106.0486, 39.7211 ], [ -106.0479, 39.72 ], [ -106.0447, 39.7189 ], [ -106.0441, 39.7177 ], [ -106.0416, 39.716 ], [ -106.0381, 39.7121 ], [ -106.0379, 39.7076 ], [ -106.0368, 39.7055 ], [ -106.0343, 39.703 ], [ -106.0336, 39.6968 ], [ -106.0319, 39.6942 ], [ -106.0263, 39.6908 ], [ -106.0267, 39.6895 ], [ -106.0238, 39.6884 ], [ -106.0212, 39.6884 ], [ -106.0194, 39.6875 ], [ -106.0156, 39.6871 ], [ -106.013, 39.6863 ], [ -106.0097, 39.6876 ], [ -106.0065, 39.688 ], [ -106.0046, 39.6873 ], [ -106.0029, 39.6858 ], [ -105.9963, 39.6841 ], [ -105.991, 39.6875 ], [ -105.9886, 39.687 ], [ -105.9854, 39.6874 ], [ -105.981, 39.6898 ], [ -105.9782, 39.6898 ], [ -105.9724, 39.6917 ], [ -105.9704, 39.6906 ], [ -105.9619, 39.6908 ], [ -105.951, 39.6951 ], [ -105.9456, 39.6889 ], [ -105.9406, 39.6906 ], [ -105.9365, 39.6926 ], [ -105.9328, 39.6947 ], [ -105.9301, 39.6975 ], [ -105.9267, 39.6987 ], [ -105.9251, 39.6984 ], [ -105.9246, 39.699 ], [ -105.92, 39.6939 ], [ -105.9205, 39.6925 ], [ -105.9196, 39.6903 ], [ -105.9213, 39.6843 ], [ -105.927, 39.6767 ], [ -105.9267, 39.6736 ], [ -105.9223, 39.6701 ], [ -105.92, 39.6694 ], [ -105.9108, 39.6623 ], [ -105.9037, 39.6644 ], [ -105.8968, 39.6647 ], [ -105.8939, 39.6594 ], [ -105.8882, 39.6584 ], [ -105.8849, 39.6571 ], [ -105.8796, 39.6636 ], [ -105.873, 39.666 ], [ -105.8648, 39.6672 ], [ -105.863, 39.665 ], [ -105.862, 39.6623 ], [ -105.86, 39.6592 ], [ -105.8586, 39.6582 ], [ -105.8566, 39.6576 ], [ -105.8563, 39.654 ], [ -105.8543, 39.6491 ], [ -105.8487, 39.6442 ], [ -105.8461, 39.6441 ], [ -105.8415, 39.6462 ], [ -105.8395, 39.6456 ], [ -105.8389, 39.6446 ], [ -105.8349, 39.642 ], [ -105.8287, 39.6419 ], [ -105.826, 39.6409 ], [ -105.8212, 39.6427 ], [ -105.8202, 39.6405 ], [ -105.8192, 39.6397 ], [ -105.8186, 39.6349 ], [ -105.8172, 39.6336 ], [ -105.8109, 39.6353 ], [ -105.8062, 39.6349 ], [ -105.8007, 39.6356 ], [ -105.7983, 39.6364 ], [ -105.7935, 39.6364 ], [ -105.7918, 39.6353 ], [ -105.7908, 39.634 ], [ -105.788, 39.6324 ], [ -105.7846, 39.6311 ], [ -105.7827, 39.629 ], [ -105.7829, 39.6276 ], [ -105.7823, 39.6268 ], [ -105.7827, 39.618 ], [ -105.7761, 39.6111 ], [ -105.7762, 39.6083 ], [ -105.7757, 39.6065 ], [ -105.776, 39.6051 ], [ -105.7776, 39.6044 ], [ -105.7827, 39.6001 ], [ -105.7908, 39.5982 ], [ -105.7932, 39.5967 ], [ -105.7944, 39.5948 ], [ -105.7953, 39.5942 ], [ -105.8002, 39.5934 ], [ -105.8014, 39.5912 ], [ -105.8032, 39.5898 ], [ -105.8081, 39.5834 ], [ -105.8134, 39.5822 ], [ -105.8138, 39.5824 ], [ -105.8178, 39.5808 ], [ -105.8199, 39.5822 ], [ -105.8206, 39.5809 ], [ -105.8216, 39.5804 ], [ -105.8265, 39.5802 ], [ -105.8273, 39.5793 ], [ -105.8324, 39.5776 ], [ -105.8337, 39.5761 ], [ -105.8384, 39.573 ], [ -105.8384, 39.5715 ], [ -105.8366, 39.5688 ], [ -105.83, 39.5659 ], [ -105.8285, 39.5635 ], [ -105.8289, 39.5615 ], [ -105.8261, 39.5574 ], [ -105.8258, 39.5557 ], [ -105.8223, 39.553 ], [ -105.8187, 39.5521 ], [ -105.8158, 39.552 ], [ -105.8163, 39.5482 ], [ -105.8189, 39.5458 ], [ -105.8189, 39.5429 ], [ -105.8176, 39.5383 ], [ -105.8193, 39.5376 ], [ -105.8212, 39.5325 ], [ -105.8228, 39.5308 ], [ -105.8229, 39.5299 ], [ -105.828, 39.5319 ], [ -105.83, 39.532 ], [ -105.8369, 39.529 ], [ -105.8398, 39.5273 ], [ -105.8443, 39.526 ], [ -105.8454, 39.5238 ], [ -105.8472, 39.5248 ], [ -105.8528, 39.5267 ], [ -105.8546, 39.5279 ], [ -105.8577, 39.5321 ], [ -105.8595, 39.5315 ], [ -105.8629, 39.5273 ], [ -105.8633, 39.5246 ], [ -105.8647, 39.5221 ], [ -105.8681, 39.5195 ], [ -105.8669, 39.5167 ], [ -105.8599, 39.5121 ], [ -105.8595, 39.5092 ], [ -105.857, 39.5071 ], [ -105.8548, 39.5064 ], [ -105.8539, 39.5045 ], [ -105.8574, 39.5053 ], [ -105.8604, 39.5047 ], [ -105.8641, 39.5016 ], [ -105.8642, 39.5 ], [ -105.8666, 39.4967 ], [ -105.8666, 39.4944 ], [ -105.8675, 39.4941 ], [ -105.8711, 39.495 ], [ -105.8724, 39.4948 ], [ -105.8747, 39.4935 ], [ -105.8785, 39.4894 ], [ -105.8792, 39.4868 ], [ -105.8791, 39.4838 ], [ -105.8847, 39.4841 ], [ -105.8892, 39.4833 ], [ -105.8922, 39.484 ], [ -105.8922, 39.481 ], [ -105.8927, 39.48 ], [ -105.8947, 39.4775 ], [ -105.8973, 39.4771 ], [ -105.8969, 39.4752 ], [ -105.8985, 39.4734 ], [ -105.8991, 39.4715 ], [ -105.9005, 39.4709 ], [ -105.9016, 39.4696 ], [ -105.9013, 39.4672 ], [ -105.9018, 39.4642 ], [ -105.906, 39.4597 ], [ -105.9086, 39.4593 ], [ -105.9109, 39.458 ], [ -105.9116, 39.4567 ], [ -105.9148, 39.4584 ], [ -105.9171, 39.458 ], [ -105.9267, 39.4594 ], [ -105.9298, 39.4593 ], [ -105.9347, 39.4579 ], [ -105.9387, 39.4585 ], [ -105.9409, 39.4561 ], [ -105.9422, 39.4528 ], [ -105.9425, 39.4505 ], [ -105.9419, 39.4482 ], [ -105.9437, 39.4462 ], [ -105.9442, 39.4409 ], [ -105.9473, 39.4405 ], [ -105.9545, 39.4384 ], [ -105.9564, 39.4384 ], [ -105.9588, 39.4399 ], [ -105.9618, 39.4401 ], [ -105.966, 39.4388 ], [ -105.9668, 39.438 ], [ -105.9645, 39.4328 ], [ -105.9607, 39.429 ], [ -105.9566, 39.428 ], [ -105.9548, 39.4262 ], [ -105.9553, 39.422 ], [ -105.9539, 39.4205 ], [ -105.9537, 39.4184 ], [ -105.9519, 39.4143 ], [ -105.9769, 39.4086 ], [ -105.9782, 39.4071 ], [ -105.9807, 39.4067 ], [ -105.9819, 39.406 ], [ -105.9836, 39.4024 ], [ -105.985, 39.4017 ], [ -105.9869, 39.4015 ], [ -105.9902, 39.4022 ], [ -105.9929, 39.4019 ], [ -105.9941, 39.3978 ], [ -105.9966, 39.3944 ], [ -105.9995, 39.3938 ], [ -106.0033, 39.3918 ], [ -106.005, 39.3893 ], [ -106.0084, 39.3874 ], [ -106.0139, 39.3869 ], [ -106.0164, 39.3844 ], [ -106.0184, 39.3814 ], [ -106.0175, 39.3792 ], [ -106.0168, 39.375 ], [ -106.0175, 39.3734 ], [ -106.0174, 39.3661 ], [ -106.0198, 39.3635 ], [ -106.022, 39.3617 ], [ -106.0243, 39.3611 ], [ -106.0267, 39.3613 ], [ -106.0322, 39.3589 ], [ -106.0439, 39.3574 ], [ -106.0561, 39.3584 ], [ -106.0583, 39.3601 ], [ -106.0685, 39.3644 ], [ -106.0742, 39.3686 ], [ -106.0783, 39.3695 ], [ -106.0802, 39.3704 ], [ -106.0813, 39.3691 ], [ -106.0844, 39.3693 ], [ -106.0856, 39.3697 ], [ -106.0943, 39.3765 ], [ -106.0972, 39.378 ], [ -106.106, 39.3779 ], [ -106.1148, 39.3765 ], [ -106.1185, 39.3765 ], [ -106.1203, 39.3766 ], [ -106.1274, 39.3789 ], [ -106.1295, 39.3788 ], [ -106.1314, 39.3795 ], [ -106.1364, 39.3797 ], [ -106.2067, 39.3796 ], [ -106.2072, 39.3805 ], [ -106.2105, 39.3828 ], [ -106.2104, 39.3841 ], [ -106.2082, 39.3863 ], [ -106.2031, 39.3896 ], [ -106.201, 39.3948 ], [ -106.2012, 39.3959 ], [ -106.2115, 39.4036 ], [ -106.2128, 39.404 ], [ -106.213, 39.4057 ], [ -106.2142, 39.406 ], [ -106.2179, 39.4083 ], [ -106.217, 39.4102 ], [ -106.219, 39.4123 ], [ -106.2209, 39.4123 ], [ -106.2222, 39.413 ], [ -106.2282, 39.4144 ], [ -106.2304, 39.417 ], [ -106.2303, 39.4181 ], [ -106.2309, 39.4186 ], [ -106.23, 39.4199 ], [ -106.2301, 39.4223 ], [ -106.2327, 39.4262 ], [ -106.2269, 39.4286 ], [ -106.2257, 39.4302 ], [ -106.2254, 39.4318 ], [ -106.2232, 39.4331 ], [ -106.2233, 39.4338 ], [ -106.225, 39.4366 ], [ -106.2284, 39.4398 ], [ -106.2302, 39.4409 ], [ -106.2319, 39.441 ], [ -106.2334, 39.4435 ], [ -106.236, 39.446 ], [ -106.2389, 39.4514 ], [ -106.2381, 39.4542 ], [ -106.2385, 39.4552 ], [ -106.2422, 39.4577 ], [ -106.2431, 39.4594 ], [ -106.2451, 39.4615 ], [ -106.2499, 39.4633 ], [ -106.2516, 39.465 ], [ -106.2515, 39.4675 ], [ -106.2504, 39.4689 ], [ -106.2504, 39.4709 ], [ -106.2517, 39.4743 ], [ -106.2515, 39.4767 ], [ -106.2503, 39.4774 ], [ -106.2494, 39.4805 ], [ -106.2501, 39.482 ], [ -106.2494, 39.484 ], [ -106.2464, 39.4879 ], [ -106.2456, 39.4897 ], [ -106.2473, 39.4913 ], [ -106.2524, 39.4929 ], [ -106.2566, 39.4933 ], [ -106.2592, 39.4942 ], [ -106.2596, 39.495 ], [ -106.2569, 39.4997 ], [ -106.2537, 39.5003 ], [ -106.2511, 39.5021 ], [ -106.2495, 39.504 ], [ -106.2464, 39.5128 ], [ -106.2484, 39.5157 ], [ -106.2506, 39.5171 ], [ -106.2537, 39.5179 ], [ -106.2558, 39.5199 ], [ -106.2554, 39.5241 ], [ -106.2544, 39.5274 ], [ -106.2558, 39.5322 ], [ -106.254, 39.5353 ], [ -106.2506, 39.5385 ], [ -106.2499, 39.5421 ], [ -106.2483, 39.5443 ], [ -106.2452, 39.5438 ], [ -106.2434, 39.5441 ], [ -106.2409, 39.5463 ], [ -106.2367, 39.5486 ], [ -106.235, 39.5479 ], [ -106.2357, 39.5466 ], [ -106.2349, 39.5435 ], [ -106.2289, 39.5384 ], [ -106.2282, 39.5364 ], [ -106.2249, 39.5314 ], [ -106.2224, 39.5313 ], [ -106.2173, 39.532 ], [ -106.2144, 39.5311 ], [ -106.2126, 39.531 ], [ -106.2113, 39.53 ], [ -106.2104, 39.5349 ], [ -106.2118, 39.5397 ], [ -106.2101, 39.5425 ], [ -106.2107, 39.5452 ], [ -106.2099, 39.5469 ], [ -106.2079, 39.5482 ], [ -106.2043, 39.5489 ], [ -106.202, 39.55 ], [ -106.1981, 39.5503 ], [ -106.1972, 39.5526 ], [ -106.1976, 39.5551 ], [ -106.1963, 39.5569 ], [ -106.1965, 39.5573 ], [ -106.1978, 39.5578 ], [ -106.2038, 39.5578 ], [ -106.2057, 39.5582 ], [ -106.2092, 39.5626 ], [ -106.2103, 39.5717 ], [ -106.2116, 39.5734 ], [ -106.2149, 39.5748 ], [ -106.2136, 39.5793 ], [ -106.214, 39.582 ], [ -106.2109, 39.5868 ], [ -106.2116, 39.5914 ], [ -106.209, 39.5994 ], [ -106.2061, 39.602 ], [ -106.2057, 39.6039 ], [ -106.2004, 39.6064 ], [ -106.194, 39.6055 ], [ -106.1903, 39.604 ], [ -106.1859, 39.6033 ], [ -106.1848, 39.6023 ], [ -106.184, 39.6042 ], [ -106.1776, 39.6091 ] ] ] } },
{ "type": "Feature", "properties": { "id": "Custer" }, "geometry": { "type": "Polygon", "coordinates": [ [ [ -105.5603, 37.9519 ], [ -105.5672, 37.9571 ], [ -105.5707, 37.9583 ], [ -105.5733, 37.9616 ], [ -105.574, 37.9618 ], [ -105.5756, 37.964 ], [ -105.5777, 37.9655 ], [ -105.5813, 37.9662 ], [ -105.5826, 37.9659 ], [ -105.5845, 37.9679 ], [ -105.5842, 37.9691 ], [ -105.5851, 37.9705 ], [ -105.584, 37.973 ], [ -105.5815, 37.9752 ], [ -105.5819, 37.978 ], [ -105.5832, 37.98 ], [ -105.5859, 37.9797 ], [ -105.5882, 37.9867 ], [ -105.5899, 37.9874 ], [ -105.5921, 37.9921 ], [ -105.5937, 37.9928 ], [ -105.5957, 37.9951 ], [ -105.5959, 37.9964 ], [ -105.5984, 37.997 ], [ -105.6002, 38.0 ], [ -105.6006, 38.0023 ], [ -105.6039, 38.0037 ], [ -105.6046, 38.005 ], [ -105.6044, 38.0062 ], [ -105.6049, 38.0074 ], [ -105.6044, 38.0087 ], [ -105.5989, 38.0112 ], [ -105.597, 38.0132 ], [ -105.5983, 38.0163 ], [ -105.598, 38.02 ], [ -105.5987, 38.0226 ], [ -105.6008, 38.0237 ], [ -105.6031, 38.0271 ], [ -105.6032, 38.031 ], [ -105.6094, 38.0323 ], [ -105.6086, 38.0337 ], [ -105.6089, 38.035 ], [ -105.6132, 38.0381 ], [ -105.615, 38.0437 ], [ -105.618, 38.0473 ], [ -105.6176, 38.0498 ], [ -105.6178, 38.0533 ], [ -105.6199, 38.0536 ], [ -105.6256, 38.0557 ], [ -105.6282, 38.0574 ], [ -105.6267, 38.0591 ], [ -105.626, 38.0612 ], [ -105.6272, 38.0673 ], [ -105.6321, 38.0684 ], [ -105.6342, 38.0694 ], [ -105.6362, 38.0714 ], [ -105.6373, 38.0728 ], [ -105.6365, 38.0756 ], [ -105.6369, 38.0762 ], [ -105.6394, 38.0785 ], [ -105.6412, 38.0789 ], [ -105.6453, 38.0824 ], [ -105.6467, 38.0852 ], [ -105.6501, 38.087 ], [ -105.652, 38.0888 ], [ -105.6522, 38.0897 ], [ -105.6536, 38.0909 ], [ -105.6553, 38.0913 ], [ -105.6559, 38.0923 ], [ -105.6551, 38.0936 ], [ -105.6556, 38.0955 ], [ -105.6588, 38.0973 ], [ -105.6614, 38.1005 ], [ -105.6615, 38.1031 ], [ -105.6622, 38.1043 ], [ -105.6615, 38.1064 ], [ -105.6622, 38.1068 ], [ -105.6612, 38.1098 ], [ -105.6613, 38.1115 ], [ -105.6598, 38.1124 ], [ -105.6599, 38.1132 ], [ -105.6585, 38.1152 ], [ -105.6577, 38.1175 ], [ -105.6627, 38.1192 ], [ -105.6635, 38.122 ], [ -105.665, 38.1243 ], [ -105.667, 38.1263 ], [ -105.6702, 38.1286 ], [ -105.6697, 38.1309 ], [ -105.6721, 38.1341 ], [ -105.6734, 38.1374 ], [ -105.6725, 38.1402 ], [ -105.6743, 38.1413 ], [ -105.6763, 38.1459 ], [ -105.6753, 38.147 ], [ -105.6727, 38.1483 ], [ -105.6728, 38.1489 ], [ -105.6711, 38.1511 ], [ -105.6702, 38.1531 ], [ -105.6717, 38.1543 ], [ -105.6728, 38.1568 ], [ -105.673, 38.1591 ], [ -105.6774, 38.1595 ], [ -105.6808, 38.1605 ], [ -105.6862, 38.1653 ], [ -105.6868, 38.1668 ], [ -105.6913, 38.1665 ], [ -105.6932, 38.1657 ], [ -105.6961, 38.1665 ], [ -105.6992, 38.168 ], [ -105.7007, 38.1696 ], [ -105.7011, 38.172 ], [ -105.7022, 38.1742 ], [ -105.7043, 38.1755 ], [ -105.7068, 38.1782 ], [ -105.7081, 38.1804 ], [ -105.7083, 38.1819 ], [ -105.7129, 38.1832 ], [ -105.716, 38.1852 ], [ -105.7173, 38.1881 ], [ -105.7213, 38.1916 ], [ -105.722, 38.1934 ], [ -105.727, 38.1997 ], [ -105.7311, 38.2009 ], [ -105.7326, 38.2007 ], [ -105.733, 38.201 ], [ -105.7342, 38.2051 ], [ -105.7358, 38.2072 ], [ -105.7363, 38.2092 ], [ -105.7407, 38.2103 ], [ -105.7444, 38.2137 ], [ -105.7448, 38.2146 ], [ -105.7506, 38.2142 ], [ -105.756, 38.2181 ], [ -105.7565, 38.219 ], [ -105.7559, 38.222 ], [ -105.7565, 38.225 ], [ -105.7594, 38.2286 ], [ -105.7666, 38.2313 ], [ -105.7686, 38.234 ], [ -105.7755, 38.2358 ], [ -105.7808, 38.2391 ], [ -105.7839, 38.2396 ], [ -105.7879, 38.2421 ], [ -105.7898, 38.2444 ], [ -105.7892, 38.2463 ], [ -105.7891, 38.2518 ], [ -105.7922, 38.2548 ], [ -105.7927, 38.2563 ], [ -105.7957, 38.2601 ], [ -105.7969, 38.265 ], [ -105.5919, 38.2649 ], [ -105.5562, 38.264 ], [ -105.5476, 38.2643 ], [ -105.5359, 38.2633 ], [ -105.4273, 38.261 ], [ -105.3919, 38.2598 ], [ -105.304, 38.2582 ], [ -105.2629, 38.259 ], [ -105.1255, 38.2575 ], [ -105.0492, 38.258 ], [ -105.0487, 38.2397 ], [ -105.0483, 38.1278 ], [ -105.0507, 38.1138 ], [ -105.0495, 38.0399 ], [ -105.0502, 38.0 ], [ -105.0499, 37.9155 ], [ -105.0543, 37.9175 ], [ -105.0572, 37.9159 ], [ -105.0615, 37.9161 ], [ -105.0642, 37.9179 ], [ -105.0658, 37.9208 ], [ -105.0651, 37.9215 ], [ -105.065, 37.9232 ], [ -105.0663, 37.925 ], [ -105.0661, 37.9262 ], [ -105.0637, 37.9293 ], [ -105.0636, 37.935 ], [ -105.0643, 37.9366 ], [ -105.066, 37.9374 ], [ -105.0664, 37.9385 ], [ -105.0655, 37.9418 ], [ -105.0661, 37.9442 ], [ -105.0705, 37.9458 ], [ -105.0722, 37.9478 ], [ -105.0742, 37.9485 ], [ -105.0778, 37.953 ], [ -105.0818, 37.9543 ], [ -105.0841, 37.9556 ], [ -105.0855, 37.9511 ], [ -105.088, 37.9486 ], [ -105.0903, 37.9476 ], [ -105.0938, 37.9473 ], [ -105.0991, 37.9449 ], [ -105.1031, 37.9449 ], [ -105.1085, 37.9434 ], [ -105.113, 37.9454 ], [ -105.1172, 37.9491 ], [ -105.1207, 37.9496 ], [ -105.1226, 37.9492 ], [ -105.126, 37.9512 ], [ -105.1261, 37.952 ], [ -105.125, 37.9532 ], [ -105.1256, 37.9546 ], [ -105.1269, 37.9551 ], [ -105.1271, 37.9565 ], [ -105.1262, 37.9578 ], [ -105.1264, 37.9608 ], [ -105.1276, 37.9612 ], [ -105.1279, 37.9626 ], [ -105.1334, 37.963 ], [ -105.1356, 37.9653 ], [ -105.1359, 37.9664 ], [ -105.1332, 37.9704 ], [ -105.1313, 37.9712 ], [ -105.1313, 37.9735 ], [ -105.1324, 37.9746 ], [ -105.1405, 37.9798 ], [ -105.1421, 37.9798 ], [ -105.1416, 37.982 ], [ -105.1394, 37.9848 ], [ -105.1412, 37.9869 ], [ -105.142, 37.9868 ], [ -105.1439, 37.9878 ], [ -105.1465, 37.9866 ], [ -105.148, 37.9868 ], [ -105.1507, 37.9908 ], [ -105.1525, 37.9921 ], [ -105.1523, 37.9944 ], [ -105.1532, 38.0008 ], [ -105.1519, 38.0033 ], [ -105.1504, 38.0045 ], [ -105.1479, 38.0054 ], [ -105.148, 38.0062 ], [ -105.1573, 38.013 ], [ -105.1584, 38.0131 ], [ -105.1598, 38.0142 ], [ -105.1611, 38.0159 ], [ -105.1658, 38.0168 ], [ -105.1669, 38.0181 ], [ -105.1687, 38.0189 ], [ -105.1717, 38.018 ], [ -105.1733, 38.0171 ], [ -105.1767, 38.0164 ], [ -105.1789, 38.0165 ], [ -105.181, 38.0156 ], [ -105.1818, 38.0147 ], [ -105.1853, 38.0134 ], [ -105.1854, 38.0127 ], [ -105.1877, 38.0106 ], [ -105.1946, 38.0076 ], [ -105.1976, 38.0044 ], [ -105.1989, 38.0038 ], [ -105.2, 38.0008 ], [ -105.1971, 37.9924 ], [ -105.1988, 37.9902 ], [ -105.2019, 37.9904 ], [ -105.2061, 37.9897 ], [ -105.2059, 37.9833 ], [ -105.2067, 37.9823 ], [ -105.2077, 37.9817 ], [ -105.2092, 37.9822 ], [ -105.214, 37.9808 ], [ -105.2142, 37.9803 ], [ -105.2131, 37.9773 ], [ -105.2146, 37.9769 ], [ -105.2165, 37.9754 ], [ -105.2164, 37.9725 ], [ -105.2154, 37.9705 ], [ -105.2166, 37.9694 ], [ -105.2181, 37.9699 ], [ -105.2231, 37.9688 ], [ -105.2247, 37.9667 ], [ -105.2246, 37.965 ], [ -105.2263, 37.9639 ], [ -105.2269, 37.9646 ], [ -105.2286, 37.9647 ], [ -105.2294, 37.9652 ], [ -105.2317, 37.9649 ], [ -105.2331, 37.9637 ], [ -105.2344, 37.964 ], [ -105.2358, 37.9628 ], [ -105.2386, 37.9628 ], [ -105.2399, 37.9604 ], [ -105.2387, 37.9594 ], [ -105.2376, 37.9576 ], [ -105.2381, 37.9569 ], [ -105.2418, 37.9538 ], [ -105.2447, 37.9537 ], [ -105.2467, 37.9521 ], [ -105.2486, 37.9521 ], [ -105.2497, 37.9515 ], [ -105.25, 37.9504 ], [ -105.2554, 37.9429 ], [ -105.2568, 37.9426 ], [ -105.2575, 37.9381 ], [ -105.2615, 37.9372 ], [ -105.2632, 37.9325 ], [ -105.2639, 37.9321 ], [ -105.2638, 37.9288 ], [ -105.2618, 37.9256 ], [ -105.2635, 37.9232 ], [ -105.2643, 37.9229 ], [ -105.2648, 37.9214 ], [ -105.2681, 37.9183 ], [ -105.2679, 37.9174 ], [ -105.2689, 37.9163 ], [ -105.2699, 37.9137 ], [ -105.2714, 37.9128 ], [ -105.2721, 37.9116 ], [ -105.2734, 37.9107 ], [ -105.2738, 37.9077 ], [ -105.2762, 37.9059 ], [ -105.277, 37.9041 ], [ -105.2779, 37.9044 ], [ -105.2789, 37.9036 ], [ -105.2805, 37.9012 ], [ -105.2845, 37.8995 ], [ -105.2867, 37.9002 ], [ -105.2894, 37.9029 ], [ -105.291, 37.9039 ], [ -105.2908, 37.9054 ], [ -105.2924, 37.9086 ], [ -105.2948, 37.9082 ], [ -105.2967, 37.9088 ], [ -105.2974, 37.9093 ], [ -105.298, 37.9113 ], [ -105.3003, 37.9125 ], [ -105.3011, 37.9146 ], [ -105.3007, 37.9159 ], [ -105.3017, 37.9181 ], [ -105.3004, 37.9216 ], [ -105.3005, 37.9231 ], [ -105.3036, 37.9262 ], [ -105.3044, 37.9284 ], [ -105.3063, 37.931 ], [ -105.3066, 37.9323 ], [ -105.3103, 37.9335 ], [ -105.3111, 37.9359 ], [ -105.3138, 37.9369 ], [ -105.3145, 37.9384 ], [ -105.3171, 37.9389 ], [ -105.3245, 37.9384 ], [ -105.3317, 37.9358 ], [ -105.3367, 37.9327 ], [ -105.3398, 37.9295 ], [ -105.3421, 37.9284 ], [ -105.3472, 37.9248 ], [ -105.3508, 37.9249 ], [ -105.3561, 37.9229 ], [ -105.3638, 37.9221 ], [ -105.3678, 37.9198 ], [ -105.3771, 37.9161 ], [ -105.3784, 37.9138 ], [ -105.3816, 37.9127 ], [ -105.3838, 37.9105 ], [ -105.385, 37.9102 ], [ -105.3879, 37.9081 ], [ -105.3896, 37.9065 ], [ -105.3903, 37.9052 ], [ -105.3941, 37.9029 ], [ -105.3948, 37.9014 ], [ -105.4007, 37.8981 ], [ -105.4034, 37.8958 ], [ -105.4087, 37.8944 ], [ -105.4136, 37.8905 ], [ -105.4155, 37.8908 ], [ -105.4187, 37.8897 ], [ -105.4216, 37.8907 ], [ -105.4242, 37.8902 ], [ -105.4269, 37.8916 ], [ -105.4278, 37.8913 ], [ -105.4299, 37.8938 ], [ -105.4317, 37.8944 ], [ -105.432, 37.8952 ], [ -105.4373, 37.896 ], [ -105.4403, 37.8975 ], [ -105.4524, 37.8957 ], [ -105.4592, 37.8972 ], [ -105.467, 37.8955 ], [ -105.4711, 37.8953 ], [ -105.473, 37.8957 ], [ -105.4733, 37.8966 ], [ -105.4761, 37.8994 ], [ -105.4771, 37.8993 ], [ -105.4789, 37.9005 ], [ -105.479, 37.9026 ], [ -105.4784, 37.9033 ], [ -105.4826, 37.905 ], [ -105.4856, 37.9081 ], [ -105.4881, 37.9098 ], [ -105.4911, 37.9152 ], [ -105.4941, 37.9171 ], [ -105.4972, 37.9203 ], [ -105.4981, 37.9205 ], [ -105.5031, 37.9237 ], [ -105.507, 37.931 ], [ -105.5084, 37.9361 ], [ -105.5111, 37.9391 ], [ -105.5146, 37.9399 ], [ -105.5157, 37.942 ], [ -105.5236, 37.948 ], [ -105.5255, 37.9484 ], [ -105.5271, 37.9495 ], [ -105.5304, 37.9534 ], [ -105.5333, 37.9552 ], [ -105.5377, 37.955 ], [ -105.5427, 37.9565 ], [ -105.5462, 37.956 ], [ -105.5501, 37.9539 ], [ -105.5518, 37.9506 ], [ -105.5564, 37.951 ], [ -105.5603, 37.9519 ] ] ] } },
{ "type": "Feature", "properties": { "id": "Pitkin" }, "geometry": { "type": "Polygon", "coordinates": [ [ [ -106.9154, 38.9995 ], [ -106.9179, 38.9992 ], [ -106.9284, 39.0046 ], [ -106.9351, 39.0061 ], [ -106.9358, 39.0074 ], [ -106.9378, 39.0083 ], [ -106.9446, 39.0144 ], [ -106.9483, 39.0147 ], [ -106.951, 39.0166 ], [ -106.9552, 39.0166 ], [ -106.9581, 39.0155 ], [ -106.9647, 39.0175 ], [ -106.965, 39.0189 ], [ -106.9641, 39.0211 ], [ -106.9652, 39.0233 ], [ -106.9639, 39.0285 ], [ -106.9643, 39.0296 ], [ -106.9669, 39.0308 ], [ -106.9673, 39.0309 ], [ -106.9681, 39.0299 ], [ -106.9711, 39.029 ], [ -106.9738, 39.0289 ], [ -106.9795, 39.0308 ], [ -106.982, 39.0303 ], [ -106.988, 39.0308 ], [ -106.9914, 39.0327 ], [ -106.9961, 39.0342 ], [ -107.0016, 39.0423 ], [ -106.9997, 39.0428 ], [ -106.9977, 39.0462 ], [ -106.9978, 39.0481 ], [ -106.9968, 39.0493 ], [ -106.9932, 39.0513 ], [ -106.9898, 39.052 ], [ -106.9893, 39.0555 ], [ -106.9911, 39.0585 ], [ -106.9908, 39.06 ], [ -106.99, 39.061 ], [ -106.9882, 39.0614 ], [ -106.9864, 39.0625 ], [ -106.9863, 39.0643 ], [ -106.9868, 39.0672 ], [ -106.989, 39.0707 ], [ -106.997, 39.0693 ], [ -107.0031, 39.0743 ], [ -107.0043, 39.0745 ], [ -107.0109, 39.083 ], [ -107.0125, 39.0844 ], [ -107.0153, 39.0857 ], [ -107.02, 39.0895 ], [ -107.0281, 39.0915 ], [ -107.0293, 39.0919 ], [ -107.0301, 39.0934 ], [ -107.0317, 39.0935 ], [ -107.0363, 39.0949 ], [ -107.0407, 39.0991 ], [ -107.0448, 39.1008 ], [ -107.0462, 39.1019 ], [ -107.0508, 39.1068 ], [ -107.0517, 39.1091 ], [ -107.0532, 39.1106 ], [ -107.0602, 39.112 ], [ -107.0629, 39.1154 ], [ -107.0632, 39.1164 ], [ -107.0663, 39.1188 ], [ -107.2825, 39.1187 ], [ -107.2815, 39.1196 ], [ -107.283, 39.1226 ], [ -107.2826, 39.1239 ], [ -107.2854, 39.1251 ], [ -107.2848, 39.1264 ], [ -107.2837, 39.127 ], [ -107.2835, 39.1279 ], [ -107.2861, 39.1327 ], [ -107.2859, 39.1348 ], [ -107.2864, 39.1366 ], [ -107.2877, 39.1379 ], [ -107.2882, 39.1398 ], [ -107.2907, 39.1417 ], [ -107.2921, 39.1439 ], [ -107.2938, 39.1447 ], [ -107.2954, 39.1494 ], [ -107.2957, 39.1536 ], [ -107.2963, 39.1543 ], [ -107.2999, 39.1565 ], [ -107.3043, 39.1556 ], [ -107.3052, 39.1567 ], [ -107.3076, 39.1571 ], [ -107.3113, 39.1595 ], [ -107.3158, 39.1638 ], [ -107.3187, 39.1653 ], [ -107.3242, 39.1658 ], [ -107.3283, 39.1653 ], [ -107.3334, 39.1662 ], [ -107.3361, 39.1677 ], [ -107.3369, 39.169 ], [ -107.3416, 39.1684 ], [ -107.3435, 39.1686 ], [ -107.3482, 39.1703 ], [ -107.3534, 39.173 ], [ -107.3541, 39.1761 ], [ -107.3577, 39.1798 ], [ -107.3597, 39.1848 ], [ -107.362, 39.1854 ], [ -107.3635, 39.1863 ], [ -107.3651, 39.1882 ], [ -107.3669, 39.192 ], [ -107.3701, 39.1938 ], [ -107.373, 39.1967 ], [ -107.3756, 39.1979 ], [ -107.3772, 39.1996 ], [ -107.3777, 39.2008 ], [ -107.3771, 39.2041 ], [ -107.3785, 39.2063 ], [ -107.3784, 39.2081 ], [ -107.3795, 39.2086 ], [ -107.3806, 39.2102 ], [ -107.378, 39.2149 ], [ -107.3768, 39.2201 ], [ -107.3768, 39.2234 ], [ -107.378, 39.2244 ], [ -107.3785, 39.2262 ], [ -107.378, 39.2288 ], [ -107.3793, 39.2311 ], [ -107.3761, 39.2367 ], [ -107.3714, 39.2389 ], [ -107.3719, 39.2398 ], [ -107.3738, 39.2406 ], [ -107.3753, 39.2419 ], [ -107.3764, 39.246 ], [ -107.3797, 39.2473 ], [ -107.3843, 39.2478 ], [ -107.3864, 39.2503 ], [ -107.3904, 39.2506 ], [ -107.3918, 39.2523 ], [ -107.3922, 39.255 ], [ -107.3943, 39.2559 ], [ -107.3946, 39.2567 ], [ -107.3937, 39.259 ], [ -107.3914, 39.2606 ], [ -107.3915, 39.2639 ], [ -107.3844, 39.2674 ], [ -107.3809, 39.2682 ], [ -107.3792, 39.2691 ], [ -107.3775, 39.2722 ], [ -107.3784, 39.2748 ], [ -107.3798, 39.2757 ], [ -107.3822, 39.2751 ], [ -107.3883, 39.2783 ], [ -107.3941, 39.2794 ], [ -107.394, 39.2816 ], [ -107.3957, 39.2823 ], [ -107.397, 39.2836 ], [ -107.3961, 39.2895 ], [ -107.3965, 39.2907 ], [ -107.3977, 39.2918 ], [ -107.3967, 39.2939 ], [ -107.3981, 39.295 ], [ -107.4038, 39.2928 ], [ -107.4068, 39.293 ], [ -107.4086, 39.2941 ], [ -107.4126, 39.2919 ], [ -107.415, 39.2938 ], [ -107.4186, 39.2948 ], [ -107.4212, 39.2969 ], [ -107.4312, 39.299 ], [ -107.4347, 39.2986 ], [ -107.4353, 39.2992 ], [ -107.4375, 39.2996 ], [ -107.4379, 39.301 ], [ -107.4397, 39.3025 ], [ -107.4378, 39.3058 ], [ -107.4377, 39.3067 ], [ -107.4388, 39.309 ], [ -107.4406, 39.3084 ], [ -107.4449, 39.3088 ], [ -107.4472, 39.3058 ], [ -107.4486, 39.3057 ], [ -107.4501, 39.3044 ], [ -107.4517, 39.3045 ], [ -107.4545, 39.3065 ], [ -107.4565, 39.3069 ], [ -107.4569, 39.3092 ], [ -107.4592, 39.3097 ], [ -107.4617, 39.3133 ], [ -107.4652, 39.3143 ], [ -107.4633, 39.3172 ], [ -107.4641, 39.3187 ], [ -107.4641, 39.3203 ], [ -107.466, 39.3221 ], [ -107.4634, 39.3243 ], [ -107.4625, 39.3257 ], [ -107.4625, 39.3272 ], [ -107.4577, 39.329 ], [ -107.4555, 39.3294 ], [ -107.4535, 39.3288 ], [ -107.4508, 39.33 ], [ -107.45, 39.3327 ], [ -107.4455, 39.3353 ], [ -107.4429, 39.3391 ], [ -107.4385, 39.341 ], [ -107.4383, 39.3422 ], [ -107.4389, 39.3433 ], [ -107.4368, 39.3464 ], [ -107.4356, 39.3469 ], [ -107.4331, 39.347 ], [ -107.4305, 39.3482 ], [ -107.4304, 39.3538 ], [ -107.4288, 39.3562 ], [ -107.4291, 39.3592 ], [ -107.4285, 39.3625 ], [ -107.4309, 39.3662 ], [ -107.3189, 39.3659 ], [ -107.023, 39.3662 ], [ -106.8464, 39.3643 ], [ -106.7401, 39.3622 ], [ -106.7242, 39.3626 ], [ -106.7128, 39.362 ], [ -106.6854, 39.3624 ], [ -106.6727, 39.3621 ], [ -106.5006, 39.3623 ], [ -106.4894, 39.3618 ], [ -106.4265, 39.3619 ], [ -106.4282, 39.3609 ], [ -106.429, 39.36 ], [ -106.4294, 39.358 ], [ -106.4335, 39.3542 ], [ -106.4337, 39.3511 ], [ -106.4351, 39.3473 ], [ -106.4352, 39.3425 ], [ -106.4347, 39.3404 ], [ -106.4338, 39.3393 ], [ -106.4335, 39.3375 ], [ -106.4323, 39.336 ], [ -106.4285, 39.3351 ], [ -106.429, 39.3349 ], [ -106.4295, 39.3337 ], [ -106.4287, 39.3326 ], [ -106.4287, 39.3282 ], [ -106.4269, 39.3234 ], [ -106.428, 39.3224 ], [ -106.428, 39.3215 ], [ -106.4304, 39.3194 ], [ -106.4325, 39.3164 ], [ -106.4345, 39.3171 ], [ -106.4382, 39.3169 ], [ -106.4398, 39.3173 ], [ -106.4425, 39.3153 ], [ -106.4441, 39.3152 ], [ -106.4458, 39.3155 ], [ -106.4485, 39.3167 ], [ -106.4507, 39.3167 ], [ -106.4524, 39.3157 ], [ -106.4527, 39.3143 ], [ -106.4542, 39.3123 ], [ -106.4559, 39.3121 ], [ -106.4597, 39.313 ], [ -106.4625, 39.3122 ], [ -106.4634, 39.3115 ], [ -106.4659, 39.3115 ], [ -106.4667, 39.3107 ], [ -106.467, 39.3092 ], [ -106.4681, 39.3083 ], [ -106.4683, 39.3073 ], [ -106.4687, 39.3079 ], [ -106.4714, 39.308 ], [ -106.4734, 39.3088 ], [ -106.4762, 39.3125 ], [ -106.4762, 39.3147 ], [ -106.4841, 39.3129 ], [ -106.4864, 39.3115 ], [ -106.4874, 39.309 ], [ -106.4881, 39.309 ], [ -106.4918, 39.3066 ], [ -106.4926, 39.3057 ], [ -106.4925, 39.304 ], [ -106.4942, 39.3031 ], [ -106.4962, 39.3028 ], [ -106.4999, 39.3015 ], [ -106.5027, 39.2981 ], [ -106.5036, 39.2936 ], [ -106.5029, 39.29 ], [ -106.5046, 39.2872 ], [ -106.504, 39.2848 ], [ -106.4999, 39.2817 ], [ -106.4985, 39.2793 ], [ -106.4936, 39.278 ], [ -106.4911, 39.274 ], [ -106.4898, 39.2731 ], [ -106.483, 39.2724 ], [ -106.4837, 39.2717 ], [ -106.4834, 39.2689 ], [ -106.4841, 39.2654 ], [ -106.4833, 39.2643 ], [ -106.4828, 39.2615 ], [ -106.4811, 39.2599 ], [ -106.4812, 39.2592 ], [ -106.483, 39.258 ], [ -106.4831, 39.2551 ], [ -106.4862, 39.2539 ], [ -106.4862, 39.2528 ], [ -106.4883, 39.2493 ], [ -106.4968, 39.2433 ], [ -106.4976, 39.242 ], [ -106.4974, 39.2409 ], [ -106.4987, 39.2349 ], [ -106.4973, 39.233 ], [ -106.4951, 39.2319 ], [ -106.4927, 39.2294 ], [ -106.4897, 39.228 ], [ -106.4922, 39.2257 ], [ -106.4913, 39.2228 ], [ -106.4918, 39.2208 ], [ -106.4934, 39.2201 ], [ -106.4939, 39.2193 ], [ -106.4929, 39.2159 ], [ -106.495, 39.2085 ], [ -106.4938, 39.2064 ], [ -106.4946, 39.2001 ], [ -106.4936, 39.1983 ], [ -106.4958, 39.1944 ], [ -106.4982, 39.1927 ], [ -106.4996, 39.1838 ], [ -106.5026, 39.1804 ], [ -106.5048, 39.179 ], [ -106.5067, 39.1788 ], [ -106.5082, 39.178 ], [ -106.51, 39.1747 ], [ -106.5087, 39.17 ], [ -106.509, 39.1689 ], [ -106.5084, 39.1678 ], [ -106.5091, 39.1659 ], [ -106.5111, 39.1635 ], [ -106.5135, 39.1625 ], [ -106.5164, 39.1603 ], [ -106.5189, 39.1597 ], [ -106.5193, 39.1586 ], [ -106.5209, 39.1574 ], [ -106.524, 39.1588 ], [ -106.5274, 39.161 ], [ -106.5313, 39.1612 ], [ -106.5326, 39.1625 ], [ -106.5351, 39.1631 ], [ -106.5358, 39.1626 ], [ -106.5361, 39.1594 ], [ -106.5381, 39.158 ], [ -106.5414, 39.1583 ], [ -106.5429, 39.1589 ], [ -106.545, 39.1589 ], [ -106.5517, 39.1615 ], [ -106.5564, 39.1579 ], [ -106.5572, 39.1567 ], [ -106.5613, 39.1557 ], [ -106.5626, 39.1519 ], [ -106.5622, 39.1507 ], [ -106.5607, 39.1495 ], [ -106.561, 39.1478 ], [ -106.5605, 39.1458 ], [ -106.5587, 39.1438 ], [ -106.5596, 39.1409 ], [ -106.5595, 39.1397 ], [ -106.5631, 39.1347 ], [ -106.5642, 39.1342 ], [ -106.5647, 39.1329 ], [ -106.5637, 39.1312 ], [ -106.5604, 39.1284 ], [ -106.5602, 39.1271 ], [ -106.5591, 39.1258 ], [ -106.5593, 39.1247 ], [ -106.5583, 39.1242 ], [ -106.5582, 39.1202 ], [ -106.5639, 39.1157 ], [ -106.565, 39.114 ], [ -106.5647, 39.1091 ], [ -106.5635, 39.1082 ], [ -106.5633, 39.1073 ], [ -106.564, 39.106 ], [ -106.567, 39.1051 ], [ -106.5684, 39.1052 ], [ -106.5691, 39.1048 ], [ -106.5689, 39.104 ], [ -106.5702, 39.1035 ], [ -106.5706, 39.1042 ], [ -106.5747, 39.1043 ], [ -106.5766, 39.104 ], [ -106.5803, 39.1022 ], [ -106.5838, 39.0979 ], [ -106.5862, 39.094 ], [ -106.5863, 39.0877 ], [ -106.5849, 39.0848 ], [ -106.5832, 39.083 ], [ -106.5801, 39.0818 ], [ -106.5771, 39.0794 ], [ -106.5795, 39.0775 ], [ -106.5795, 39.0756 ], [ -106.5776, 39.0728 ], [ -106.5769, 39.0634 ], [ -106.5779, 39.0591 ], [ -106.5776, 39.0532 ], [ -106.5807, 39.0487 ], [ -106.5842, 39.0472 ], [ -106.5891, 39.0456 ], [ -106.595, 39.0454 ], [ -106.5972, 39.0448 ], [ -106.5978, 39.0392 ], [ -106.5989, 39.0368 ], [ -106.5995, 39.0338 ], [ -106.5979, 39.0317 ], [ -106.5944, 39.03 ], [ -106.5926, 39.0276 ], [ -106.5917, 39.0249 ], [ -106.5949, 39.0208 ], [ -106.5952, 39.0103 ], [ -106.5945, 39.0042 ], [ -106.5954, 39.0021 ], [ -106.5992, 38.998 ], [ -106.6016, 38.9979 ], [ -106.6035, 38.9966 ], [ -106.6116, 38.9954 ], [ -106.6127, 38.9957 ], [ -106.6135, 38.9963 ], [ -106.614, 38.9989 ], [ -106.6147, 39.0 ], [ -106.6157, 39.0 ], [ -106.6176, 39.0017 ], [ -106.6193, 39.0026 ], [ -106.6242, 39.0036 ], [ -106.6247, 39.0061 ], [ -106.6261, 39.0067 ], [ -106.6264, 39.0075 ], [ -106.6277, 39.0076 ], [ -106.6297, 39.0105 ], [ -106.63, 39.0122 ], [ -106.6332, 39.0121 ], [ -106.6379, 39.0147 ], [ -106.6383, 39.0192 ], [ -106.6484, 39.0222 ], [ -106.6501, 39.0263 ], [ -106.6499, 39.0274 ], [ -106.6465, 39.0308 ], [ -106.6468, 39.0333 ], [ -106.6482, 39.036 ], [ -106.6503, 39.037 ], [ -106.6522, 39.0389 ], [ -106.6519, 39.0408 ], [ -106.6555, 39.0444 ], [ -106.6589, 39.0436 ], [ -106.6629, 39.0419 ], [ -106.6641, 39.0419 ], [ -106.6669, 39.0426 ], [ -106.6681, 39.0437 ], [ -106.6709, 39.0438 ], [ -106.6732, 39.0447 ], [ -106.6741, 39.0458 ], [ -106.6791, 39.0452 ], [ -106.6815, 39.0455 ], [ -106.6845, 39.0451 ], [ -106.6853, 39.0454 ], [ -106.6862, 39.0479 ], [ -106.6872, 39.0491 ], [ -106.6908, 39.0513 ], [ -106.693, 39.0551 ], [ -106.695, 39.0557 ], [ -106.7021, 39.0555 ], [ -106.703, 39.0559 ], [ -106.7079, 39.0535 ], [ -106.7103, 39.0476 ], [ -106.7133, 39.0486 ], [ -106.7172, 39.0483 ], [ -106.7227, 39.0452 ], [ -106.7295, 39.0465 ], [ -106.7321, 39.0464 ], [ -106.7346, 39.0449 ], [ -106.7358, 39.0448 ], [ -106.7371, 39.045 ], [ -106.739, 39.0461 ], [ -106.7407, 39.0459 ], [ -106.7421, 39.044 ], [ -106.7466, 39.0427 ], [ -106.7494, 39.0425 ], [ -106.7472, 39.04 ], [ -106.7466, 39.0355 ], [ -106.745, 39.0296 ], [ -106.7451, 39.0269 ], [ -106.747, 39.027 ], [ -106.7513, 39.0258 ], [ -106.7545, 39.0226 ], [ -106.7558, 39.0206 ], [ -106.7574, 39.0197 ], [ -106.7619, 39.0193 ], [ -106.7616, 39.0162 ], [ -106.7653, 39.0121 ], [ -106.7682, 39.0102 ], [ -106.7686, 39.0082 ], [ -106.7697, 39.0074 ], [ -106.7736, 39.0068 ], [ -106.775, 39.0061 ], [ -106.7781, 39.0013 ], [ -106.78, 39.0004 ], [ -106.7801, 38.9998 ], [ -106.7825, 38.9993 ], [ -106.7821, 38.9989 ], [ -106.7837, 38.9958 ], [ -106.7836, 38.994 ], [ -106.7822, 38.9907 ], [ -106.784, 38.9869 ], [ -106.7877, 38.9843 ], [ -106.7907, 38.9841 ], [ -106.7946, 38.9848 ], [ -106.7966, 38.9842 ], [ -106.7974, 38.9833 ], [ -106.8002, 38.9822 ], [ -106.7997, 38.9797 ], [ -106.8019, 38.9783 ], [ -106.8042, 38.9781 ], [ -106.8047, 38.9785 ], [ -106.8083, 38.979 ], [ -106.8107, 38.9787 ], [ -106.8124, 38.9797 ], [ -106.8153, 38.9804 ], [ -106.8169, 38.9814 ], [ -106.8194, 38.9801 ], [ -106.8236, 38.9795 ], [ -106.8258, 38.9781 ], [ -106.8272, 38.9777 ], [ -106.8314, 38.9797 ], [ -106.8321, 38.9808 ], [ -106.8343, 38.9808 ], [ -106.8354, 38.982 ], [ -106.8359, 38.9836 ], [ -106.8397, 38.9846 ], [ -106.8408, 38.9856 ], [ -106.8439, 38.9857 ], [ -106.8455, 38.9862 ], [ -106.8469, 38.987 ], [ -106.849, 38.9893 ], [ -106.8497, 38.9915 ], [ -106.8525, 38.9955 ], [ -106.8548, 38.9969 ], [ -106.8565, 38.999 ], [ -106.8568, 39.0011 ], [ -106.8583, 39.0029 ], [ -106.8595, 39.0057 ], [ -106.8591, 39.0065 ], [ -106.8598, 39.0083 ], [ -106.8608, 39.0093 ], [ -106.8617, 39.0094 ], [ -106.8652, 39.0084 ], [ -106.8678, 39.0069 ], [ -106.869, 39.0073 ], [ -106.8705, 39.0066 ], [ -106.8765, 39.0069 ], [ -106.8781, 39.0059 ], [ -106.8787, 39.0029 ], [ -106.8766, 39.0 ], [ -106.8768, 38.9973 ], [ -106.8776, 38.9965 ], [ -106.878, 38.9943 ], [ -106.879, 38.9942 ], [ -106.8796, 38.9935 ], [ -106.8816, 38.9928 ], [ -106.8837, 38.9914 ], [ -106.8844, 38.9904 ], [ -106.8869, 38.991 ], [ -106.8912, 38.991 ], [ -106.8931, 38.9895 ], [ -106.8959, 38.9901 ], [ -106.9003, 38.9925 ], [ -106.9037, 38.992 ], [ -106.9064, 38.9921 ], [ -106.9082, 38.9926 ], [ -106.9076, 38.9951 ], [ -106.9084, 38.9956 ], [ -106.9098, 39.0002 ], [ -106.9111, 39.0006 ], [ -106.9116, 39.0 ], [ -106.9154, 38.9995 ] ] ] } },
{ "type": "Feature", "properties": { "id": "Crowley" }, "geometry": { "type": "Polygon", "coordinates": [ [ [ -103.7053, 38.5223 ], [ -103.613, 38.5225 ], [ -103.613, 38.5179 ], [ -103.5047, 38.5164 ], [ -103.5067, 38.4079 ], [ -103.507, 38.3423 ], [ -103.5017, 38.3423 ], [ -103.5016, 38.274 ], [ -103.5018, 38.265 ], [ -103.5101, 38.2652 ], [ -103.5094, 38.1725 ], [ -103.5832, 38.1728 ], [ -103.6011, 38.1717 ], [ -103.6193, 38.1715 ], [ -103.6192, 38.1134 ], [ -103.6737, 38.1129 ], [ -103.7507, 38.1132 ], [ -103.803, 38.1125 ], [ -103.8073, 38.1164 ], [ -103.8098, 38.1175 ], [ -103.8119, 38.1178 ], [ -103.8138, 38.1174 ], [ -103.8219, 38.1135 ], [ -103.8259, 38.1131 ], [ -103.8287, 38.1144 ], [ -103.8356, 38.1133 ], [ -103.8377, 38.1142 ], [ -103.8417, 38.1173 ], [ -103.8462, 38.1234 ], [ -103.8503, 38.125 ], [ -103.8583, 38.1254 ], [ -103.8635, 38.1281 ], [ -103.8663, 38.1288 ], [ -103.8687, 38.1288 ], [ -103.8732, 38.1263 ], [ -103.878, 38.1246 ], [ -103.8837, 38.1246 ], [ -103.8887, 38.1254 ], [ -103.8957, 38.1247 ], [ -103.9007, 38.1254 ], [ -103.9006, 38.1268 ], [ -103.899, 38.1285 ], [ -103.8985, 38.1311 ], [ -103.9002, 38.133 ], [ -103.9021, 38.134 ], [ -103.9061, 38.1349 ], [ -103.9128, 38.1341 ], [ -103.9135, 38.1316 ], [ -103.9117, 38.1299 ], [ -103.9109, 38.1279 ], [ -103.911, 38.1266 ], [ -103.9135, 38.1251 ], [ -103.9163, 38.1247 ], [ -103.9187, 38.1255 ], [ -103.9199, 38.1275 ], [ -103.9202, 38.1293 ], [ -103.9234, 38.1304 ], [ -103.9259, 38.1296 ], [ -103.929, 38.1273 ], [ -103.9301, 38.125 ], [ -103.934, 38.1244 ], [ -103.9446, 38.1267 ], [ -103.9525, 38.1305 ], [ -103.9549, 38.1308 ], [ -103.9602, 38.1304 ], [ -103.9668, 38.1317 ], [ -103.9744, 38.1321 ], [ -103.9764, 38.133 ], [ -103.977, 38.1343 ], [ -103.9741, 38.1386 ], [ -103.975, 38.1403 ], [ -103.9778, 38.1411 ], [ -103.9807, 38.1406 ], [ -103.9842, 38.1409 ], [ -103.9912, 38.1454 ], [ -103.9947, 38.1467 ], [ -103.9983, 38.1463 ], [ -103.9992, 38.1458 ], [ -104.0009, 38.1434 ], [ -104.0021, 38.1428 ], [ -104.0051, 38.1435 ], [ -104.0078, 38.1455 ], [ -104.0102, 38.1457 ], [ -104.0151, 38.1428 ], [ -104.0222, 38.141 ], [ -104.0272, 38.1405 ], [ -104.0331, 38.1406 ], [ -104.0373, 38.1415 ], [ -104.047, 38.1414 ], [ -104.0479, 38.1452 ], [ -104.0492, 38.1463 ], [ -104.0504, 38.1465 ], [ -104.056, 38.146 ], [ -104.0582, 38.1465 ], [ -104.0584, 38.2608 ], [ -104.0579, 38.2616 ], [ -104.0547, 38.2619 ], [ -104.0564, 38.4357 ], [ -104.0539, 38.5224 ], [ -104.0362, 38.5222 ], [ -103.9623, 38.5232 ], [ -103.9105, 38.5233 ], [ -103.9063, 38.5229 ], [ -103.8755, 38.5228 ], [ -103.8726, 38.5221 ], [ -103.7792, 38.5218 ], [ -103.7509, 38.5222 ], [ -103.7155, 38.5216 ], [ -103.7053, 38.5223 ] ] ] } },
{ "type": "Feature", "properties": { "id": "Cheyenne" }, "geometry": { "type": "Polygon", "coordinates": [ [ [ -102.5769, 39.0407 ], [ -102.5028, 39.0416 ], [ -102.4473, 39.0429 ], [ -102.4204, 39.0442 ], [ -102.3755, 39.0448 ], [ -102.3677, 39.0456 ], [ -102.0466, 39.047 ], [ -102.0454, 38.8569 ], [ -102.0448, 38.6153 ], [ -102.0627, 38.6151 ], [ -102.065, 38.6157 ], [ -102.0707, 38.6151 ], [ -102.1253, 38.6149 ], [ -102.1707, 38.6153 ], [ -102.2175, 38.615 ], [ -102.417, 38.6151 ], [ -102.4562, 38.6148 ], [ -102.5102, 38.6137 ], [ -102.6205, 38.6129 ], [ -102.6255, 38.6133 ], [ -102.7915, 38.6144 ], [ -103.0542, 38.6151 ], [ -103.1729, 38.6124 ], [ -103.1725, 38.6901 ], [ -103.1642, 38.6901 ], [ -103.163, 39.0376 ], [ -103.1254, 39.0386 ], [ -103.1156, 39.0385 ], [ -103.0514, 39.0396 ], [ -102.8579, 39.0393 ], [ -102.7241, 39.0402 ], [ -102.7158, 39.0387 ], [ -102.5769, 39.0407 ] ] ] } },
{ "type": "Feature", "properties": { "id": "Bent" }, "geometry": { "type": "Polygon", "coordinates": [ [ [ -103.3986, 38.0408 ], [ -103.3986, 38.1145 ], [ -103.3999, 38.2654 ], [ -103.14, 38.266 ], [ -103.1255, 38.2665 ], [ -103.0005, 38.2664 ], [ -103.0005, 38.2667 ], [ -102.8423, 38.2671 ], [ -102.8326, 38.2665 ], [ -102.8229, 38.2665 ], [ -102.8219, 38.2666 ], [ -102.8217, 38.267 ], [ -102.799, 38.2678 ], [ -102.7614, 38.2667 ], [ -102.7423, 38.267 ], [ -102.7419, 38.25 ], [ -102.7424, 38.2354 ], [ -102.7424, 38.1719 ], [ -102.7415, 38.086 ], [ -102.7405, 37.8241 ], [ -102.7407, 37.8236 ], [ -102.748, 37.8232 ], [ -102.7476, 37.6436 ], [ -102.8206, 37.6436 ], [ -102.8524, 37.6442 ], [ -102.8754, 37.6439 ], [ -103.003, 37.6436 ], [ -103.0212, 37.6437 ], [ -103.024, 37.6444 ], [ -103.0261, 37.6438 ], [ -103.0564, 37.6435 ], [ -103.1176, 37.6433 ], [ -103.1315, 37.6437 ], [ -103.1752, 37.6435 ], [ -103.2055, 37.6441 ], [ -103.3081, 37.6439 ], [ -103.3616, 37.6433 ], [ -103.4043, 37.6436 ], [ -103.4039, 37.6732 ], [ -103.4044, 37.6869 ], [ -103.4038, 37.7017 ], [ -103.4034, 37.75 ], [ -103.4037, 37.8228 ], [ -103.3999, 37.8228 ], [ -103.3998, 37.8996 ], [ -103.3991, 37.9401 ], [ -103.3981, 37.9606 ], [ -103.3983, 37.9818 ], [ -103.399, 37.9906 ], [ -103.3986, 38.0408 ] ] ] } },
{ "type": "Feature", "properties": { "id": "Adams" }, "geometry": { "type": "Polygon", "coordinates": [ [ [ -104.5825, 39.7396 ], [ -104.6246, 39.7401 ], [ -104.6324, 39.7395 ], [ -104.6407, 39.7399 ], [ -104.6528, 39.7398 ], [ -104.6603, 39.7405 ], [ -104.6783, 39.74 ], [ -104.7106, 39.7401 ], [ -104.7267, 39.7403 ], [ -104.7313, 39.7408 ], [ -104.7364, 39.7403 ], [ -104.8846, 39.7402 ], [ -104.8847, 39.7475 ], [ -104.8801, 39.7474 ], [ -104.8802, 39.7548 ], [ -104.8469, 39.7549 ], [ -104.8469, 39.7554 ], [ -104.8481, 39.7558 ], [ -104.8482, 39.7565 ], [ -104.8564, 39.7584 ], [ -104.8564, 39.7687 ], [ -104.8376, 39.7673 ], [ -104.833, 39.7662 ], [ -104.833, 39.7692 ], [ -104.8283, 39.7692 ], [ -104.8282, 39.7732 ], [ -104.7817, 39.7734 ], [ -104.7818, 39.7765 ], [ -104.7721, 39.7767 ], [ -104.7722, 39.7715 ], [ -104.7632, 39.7715 ], [ -104.7631, 39.7695 ], [ -104.7346, 39.7692 ], [ -104.7344, 39.7984 ], [ -104.7626, 39.7984 ], [ -104.7629, 39.8128 ], [ -104.7625, 39.823 ], [ -104.7171, 39.8232 ], [ -104.6663, 39.8229 ], [ -104.6662, 39.814 ], [ -104.6555, 39.814 ], [ -104.6555, 39.8225 ], [ -104.6397, 39.8226 ], [ -104.6396, 39.8269 ], [ -104.6199, 39.8266 ], [ -104.6198, 39.8738 ], [ -104.6058, 39.8738 ], [ -104.6059, 39.8822 ], [ -104.6003, 39.8823 ], [ -104.6004, 39.8995 ], [ -104.634, 39.8993 ], [ -104.6339, 39.9062 ], [ -104.6802, 39.9066 ], [ -104.6803, 39.9142 ], [ -104.6929, 39.9142 ], [ -104.6926, 39.9066 ], [ -104.7054, 39.9064 ], [ -104.7056, 39.8985 ], [ -104.7315, 39.8986 ], [ -104.7321, 39.8451 ], [ -104.7621, 39.8454 ], [ -104.7622, 39.8419 ], [ -104.7909, 39.842 ], [ -104.7909, 39.7983 ], [ -104.8293, 39.7981 ], [ -104.866, 39.7984 ], [ -104.8661, 39.813 ], [ -104.8846, 39.813 ], [ -104.8847, 39.7983 ], [ -104.8969, 39.7984 ], [ -104.8969, 39.8012 ], [ -104.9004, 39.8011 ], [ -104.9005, 39.7984 ], [ -104.9036, 39.7984 ], [ -104.9034, 39.7883 ], [ -104.9038, 39.7855 ], [ -104.9032, 39.7836 ], [ -104.927, 39.7838 ], [ -104.927, 39.7911 ], [ -104.9405, 39.7911 ], [ -104.9405, 39.7948 ], [ -104.9556, 39.7947 ], [ -104.9606, 39.791 ], [ -104.9689, 39.791 ], [ -104.9678, 39.7917 ], [ -104.9666, 39.7938 ], [ -104.9688, 39.7938 ], [ -104.9687, 39.7984 ], [ -104.9731, 39.7983 ], [ -104.9732, 39.7963 ], [ -104.9722, 39.7963 ], [ -104.9722, 39.7956 ], [ -104.9748, 39.7956 ], [ -104.9748, 39.7942 ], [ -104.9732, 39.7941 ], [ -104.9732, 39.7925 ], [ -104.9761, 39.7923 ], [ -104.976, 39.791 ], [ -104.9781, 39.791 ], [ -104.9783, 39.7918 ], [ -104.9783, 39.791 ], [ -104.9852, 39.791 ], [ -104.9852, 39.7916 ], [ -104.9858, 39.7916 ], [ -104.9858, 39.7919 ], [ -104.9864, 39.7919 ], [ -104.9864, 39.791 ], [ -104.9904, 39.7911 ], [ -104.9908, 39.7921 ], [ -104.9933, 39.7921 ], [ -104.9934, 39.7912 ], [ -105.0208, 39.7911 ], [ -105.0207, 39.7932 ], [ -105.0218, 39.793 ], [ -105.0213, 39.794 ], [ -105.0231, 39.7934 ], [ -105.0247, 39.7941 ], [ -105.0251, 39.794 ], [ -105.0252, 39.7909 ], [ -105.03, 39.7911 ], [ -105.03, 39.7919 ], [ -105.032, 39.792 ], [ -105.0346, 39.7919 ], [ -105.0346, 39.7911 ], [ -105.0532, 39.7911 ], [ -105.0528, 39.8018 ], [ -105.0533, 39.8211 ], [ -105.0528, 39.8525 ], [ -105.0533, 39.856 ], [ -105.0529, 39.8607 ], [ -105.0532, 39.8691 ], [ -105.053, 39.9142 ], [ -105.0343, 39.9142 ], [ -105.0344, 39.9213 ], [ -105.0231, 39.9212 ], [ -105.0231, 39.919 ], [ -105.0211, 39.919 ], [ -105.0211, 39.9213 ], [ -105.0152, 39.9213 ], [ -105.0157, 39.9431 ], [ -104.9971, 39.9432 ], [ -104.9971, 39.946 ], [ -105.007, 39.946 ], [ -105.007, 39.9498 ], [ -105.0109, 39.9498 ], [ -105.0109, 39.9512 ], [ -105.0123, 39.9503 ], [ -105.0164, 39.9514 ], [ -105.0167, 39.9519 ], [ -105.0169, 39.9536 ], [ -105.0157, 39.9557 ], [ -105.0157, 39.9703 ], [ -105.013, 39.9703 ], [ -105.013, 39.9723 ], [ -105.0157, 39.9723 ], [ -105.0158, 39.9812 ], [ -104.9973, 39.9814 ], [ -104.9973, 39.9784 ], [ -104.9995, 39.9784 ], [ -104.9995, 39.9776 ], [ -104.9984, 39.9776 ], [ -104.9984, 39.9758 ], [ -104.9972, 39.9758 ], [ -104.9972, 39.9682 ], [ -104.9881, 39.9681 ], [ -104.9881, 39.972 ], [ -104.9971, 39.9721 ], [ -104.9971, 39.974 ], [ -104.9947, 39.974 ], [ -104.9947, 39.9759 ], [ -104.9881, 39.976 ], [ -104.9881, 39.9842 ], [ -104.9875, 39.9874 ], [ -104.9809, 40.0003 ], [ -104.7885, 40.0004 ], [ -104.4234, 40.0006 ], [ -104.1693, 40.0008 ], [ -103.7057, 40.0014 ], [ -103.7062, 39.9589 ], [ -103.7065, 39.7399 ], [ -103.8661, 39.7402 ], [ -103.9193, 39.7407 ], [ -103.9655, 39.7405 ], [ -103.9723, 39.7404 ], [ -103.9743, 39.74 ], [ -103.9776, 39.7403 ], [ -104.4049, 39.738 ], [ -104.5074, 39.7382 ], [ -104.5825, 39.7396 ] ] ] } },
{ "type": "Feature", "properties": { "id": "Elbert" }, "geometry": { "type": "Polygon", "coordinates": [ [ [ -104.1938, 39.5652 ], [ -103.8755, 39.5666 ], [ -103.7144, 39.5663 ], [ -103.7143, 39.5 ], [ -103.7153, 39.3946 ], [ -103.7148, 39.3445 ], [ -103.7155, 39.3023 ], [ -103.7149, 39.2852 ], [ -103.7152, 39.1285 ], [ -103.7212, 39.1283 ], [ -103.7208, 39.0987 ], [ -103.722, 39.0841 ], [ -103.721, 39.0552 ], [ -103.7209, 39.0111 ], [ -103.7215, 38.9973 ], [ -103.7194, 38.875 ], [ -103.7197, 38.8668 ], [ -103.7504, 38.8664 ], [ -103.8616, 38.8668 ], [ -103.8797, 38.8675 ], [ -103.9807, 38.8688 ], [ -104.0555, 38.8689 ], [ -104.0531, 38.956 ], [ -104.0535, 39.0438 ], [ -104.0516, 39.1284 ], [ -104.0886, 39.1283 ], [ -104.125, 39.1289 ], [ -104.1742, 39.1284 ], [ -104.1809, 39.1287 ], [ -104.292, 39.1287 ], [ -104.4422, 39.1293 ], [ -104.4635, 39.1298 ], [ -104.5498, 39.1294 ], [ -104.6125, 39.1294 ], [ -104.6219, 39.1298 ], [ -104.6281, 39.1294 ], [ -104.6629, 39.1295 ], [ -104.6633, 39.3499 ], [ -104.6628, 39.4491 ], [ -104.6606, 39.5659 ], [ -104.6044, 39.5659 ], [ -104.4983, 39.5641 ], [ -104.4275, 39.5636 ], [ -104.1938, 39.5652 ] ] ] } },
{ "type": "Feature", "properties": { "id": "Yuma" }, "geometry": { "type": "Polygon", "coordinates": [ [ [ -102.8018, 39.6816 ], [ -102.8012, 39.7135 ], [ -102.8019, 39.7205 ], [ -102.8011, 39.75 ], [ -102.8004, 39.8299 ], [ -102.8038, 40.0026 ], [ -102.7933, 40.0025 ], [ -102.7942, 40.1183 ], [ -102.7942, 40.1676 ], [ -102.7932, 40.2393 ], [ -102.7936, 40.3513 ], [ -102.7802, 40.3511 ], [ -102.78, 40.4384 ], [ -102.5588, 40.4386 ], [ -102.4547, 40.4393 ], [ -102.4163, 40.4399 ], [ -102.4157, 40.4396 ], [ -102.2505, 40.4395 ], [ -102.0515, 40.44 ], [ -102.0515, 40.2292 ], [ -102.052, 40.2015 ], [ -102.0517, 39.8477 ], [ -102.0498, 39.5741 ], [ -102.3135, 39.5711 ], [ -102.3821, 39.5707 ], [ -102.5516, 39.5707 ], [ -102.5725, 39.5693 ], [ -102.718, 39.568 ], [ -102.8029, 39.5678 ], [ -102.8018, 39.6816 ] ] ] } },
{ "type": "Feature", "properties": { "id": "Lake" }, "geometry": { "type": "Polygon", "coordinates": [ [ [ -106.4831, 39.2552 ], [ -106.483, 39.258 ], [ -106.4812, 39.2592 ], [ -106.4811, 39.2599 ], [ -106.4828, 39.2615 ], [ -106.4833, 39.2643 ], [ -106.4841, 39.2654 ], [ -106.4834, 39.2689 ], [ -106.4837, 39.2717 ], [ -106.483, 39.2724 ], [ -106.4898, 39.2731 ], [ -106.4911, 39.274 ], [ -106.4936, 39.278 ], [ -106.4985, 39.2793 ], [ -106.4999, 39.2817 ], [ -106.504, 39.2848 ], [ -106.5046, 39.2874 ], [ -106.5029, 39.29 ], [ -106.5036, 39.2951 ], [ -106.5016, 39.2998 ], [ -106.4999, 39.3015 ], [ -106.4962, 39.3028 ], [ -106.4942, 39.3031 ], [ -106.4925, 39.304 ], [ -106.4926, 39.3057 ], [ -106.4918, 39.3066 ], [ -106.4881, 39.309 ], [ -106.4874, 39.309 ], [ -106.4864, 39.3115 ], [ -106.4851, 39.3126 ], [ -106.4788, 39.3142 ], [ -106.4762, 39.3147 ], [ -106.4762, 39.3125 ], [ -106.4734, 39.3088 ], [ -106.4714, 39.308 ], [ -106.4687, 39.3079 ], [ -106.4683, 39.3073 ], [ -106.4681, 39.3083 ], [ -106.467, 39.3092 ], [ -106.4667, 39.3107 ], [ -106.4659, 39.3115 ], [ -106.4634, 39.3115 ], [ -106.4625, 39.3122 ], [ -106.4597, 39.313 ], [ -106.4559, 39.3121 ], [ -106.4542, 39.3123 ], [ -106.4527, 39.3143 ], [ -106.4524, 39.3157 ], [ -106.4507, 39.3167 ], [ -106.4485, 39.3167 ], [ -106.4458, 39.3155 ], [ -106.4441, 39.3152 ], [ -106.4425, 39.3153 ], [ -106.4398, 39.3173 ], [ -106.4382, 39.3169 ], [ -106.4345, 39.3171 ], [ -106.4325, 39.3164 ], [ -106.4304, 39.3194 ], [ -106.428, 39.3215 ], [ -106.428, 39.3224 ], [ -106.4269, 39.3234 ], [ -106.4287, 39.3282 ], [ -106.4287, 39.3326 ], [ -106.4295, 39.3337 ], [ -106.429, 39.3349 ], [ -106.4285, 39.3351 ], [ -106.4323, 39.336 ], [ -106.4335, 39.3375 ], [ -106.4338, 39.3393 ], [ -106.4349, 39.3411 ], [ -106.4352, 39.3466 ], [ -106.4337, 39.3511 ], [ -106.4335, 39.3542 ], [ -106.4294, 39.358 ], [ -106.429, 39.36 ], [ -106.4282, 39.3609 ], [ -106.4241, 39.363 ], [ -106.4216, 39.3638 ], [ -106.4173, 39.3673 ], [ -106.4148, 39.3675 ], [ -106.4119, 39.3713 ], [ -106.4082, 39.3737 ], [ -106.4075, 39.3757 ], [ -106.4051, 39.3789 ], [ -106.4039, 39.3798 ], [ -106.4001, 39.381 ], [ -106.3976, 39.3798 ], [ -106.3938, 39.3796 ], [ -106.393, 39.3792 ], [ -106.3917, 39.3794 ], [ -106.3903, 39.3781 ], [ -106.3885, 39.3777 ], [ -106.3867, 39.3767 ], [ -106.3806, 39.3762 ], [ -106.3786, 39.3715 ], [ -106.3782, 39.3694 ], [ -106.3764, 39.3685 ], [ -106.3747, 39.3657 ], [ -106.372, 39.3637 ], [ -106.3708, 39.3606 ], [ -106.3696, 39.3603 ], [ -106.3662, 39.3606 ], [ -106.3645, 39.36 ], [ -106.3631, 39.3592 ], [ -106.3626, 39.3572 ], [ -106.358, 39.3551 ], [ -106.3556, 39.3549 ], [ -106.3517, 39.3537 ], [ -106.3506, 39.354 ], [ -106.3499, 39.3549 ], [ -106.3452, 39.3568 ], [ -106.3441, 39.3577 ], [ -106.3393, 39.3591 ], [ -106.3348, 39.359 ], [ -106.3329, 39.3582 ], [ -106.328, 39.3592 ], [ -106.3238, 39.359 ], [ -106.3212, 39.3593 ], [ -106.3134, 39.3622 ], [ -106.3116, 39.3622 ], [ -106.3026, 39.3611 ], [ -106.2963, 39.3573 ], [ -106.2953, 39.3529 ], [ -106.2923, 39.3518 ], [ -106.2857, 39.3521 ], [ -106.2838, 39.3495 ], [ -106.2819, 39.3515 ], [ -106.2797, 39.3523 ], [ -106.2747, 39.3557 ], [ -106.2726, 39.3564 ], [ -106.271, 39.3581 ], [ -106.2666, 39.3588 ], [ -106.2638, 39.3588 ], [ -106.26, 39.3608 ], [ -106.2591, 39.362 ], [ -106.2525, 39.3591 ], [ -106.251, 39.3576 ], [ -106.2502, 39.3607 ], [ -106.245, 39.3641 ], [ -106.2395, 39.3657 ], [ -106.2365, 39.3703 ], [ -106.2339, 39.3729 ], [ -106.2296, 39.3732 ], [ -106.2269, 39.3742 ], [ -106.2268, 39.3771 ], [ -106.2256, 39.3796 ], [ -106.1355, 39.3795 ], [ -106.1366, 39.3788 ], [ -106.1378, 39.3768 ], [ -106.1387, 39.372 ], [ -106.1413, 39.3709 ], [ -106.1416, 39.37 ], [ -106.1444, 39.3681 ], [ -106.1488, 39.3683 ], [ -106.1529, 39.3628 ], [ -106.1507, 39.3597 ], [ -106.1484, 39.3586 ], [ -106.1472, 39.3536 ], [ -106.147, 39.3493 ], [ -106.1446, 39.3469 ], [ -106.1444, 39.3448 ], [ -106.1434, 39.3431 ], [ -106.1399, 39.3396 ], [ -106.1422, 39.3369 ], [ -106.1432, 39.3344 ], [ -106.1465, 39.3299 ], [ -106.1472, 39.3276 ], [ -106.15, 39.3254 ], [ -106.1512, 39.3207 ], [ -106.1536, 39.3204 ], [ -106.1623, 39.3216 ], [ -106.1629, 39.3213 ], [ -106.1678, 39.3216 ], [ -106.1695, 39.3222 ], [ -106.1742, 39.3183 ], [ -106.1751, 39.3144 ], [ -106.1764, 39.3121 ], [ -106.183, 39.3109 ], [ -106.184, 39.3094 ], [ -106.1831, 39.3011 ], [ -106.1809, 39.2988 ], [ -106.1826, 39.2931 ], [ -106.1819, 39.29 ], [ -106.1855, 39.2858 ], [ -106.1849, 39.2834 ], [ -106.1867, 39.2791 ], [ -106.1857, 39.2758 ], [ -106.1857, 39.2733 ], [ -106.1841, 39.2689 ], [ -106.1815, 39.2654 ], [ -106.1816, 39.2633 ], [ -106.1804, 39.2599 ], [ -106.1816, 39.257 ], [ -106.1816, 39.2536 ], [ -106.181, 39.2524 ], [ -106.1817, 39.2506 ], [ -106.1808, 39.2479 ], [ -106.1851, 39.2427 ], [ -106.184, 39.2405 ], [ -106.1828, 39.2396 ], [ -106.1799, 39.2394 ], [ -106.1729, 39.2368 ], [ -106.1695, 39.2338 ], [ -106.1683, 39.2307 ], [ -106.1689, 39.2288 ], [ -106.1699, 39.2281 ], [ -106.1697, 39.2256 ], [ -106.1702, 39.223 ], [ -106.1782, 39.2191 ], [ -106.1772, 39.2181 ], [ -106.1784, 39.213 ], [ -106.1821, 39.2099 ], [ -106.1847, 39.2093 ], [ -106.1835, 39.2067 ], [ -106.1813, 39.2048 ], [ -106.1803, 39.2025 ], [ -106.1795, 39.2 ], [ -106.1798, 39.1949 ], [ -106.1793, 39.1935 ], [ -106.1822, 39.1897 ], [ -106.1843, 39.1884 ], [ -106.1855, 39.1866 ], [ -106.1833, 39.1824 ], [ -106.1828, 39.1804 ], [ -106.1784, 39.1746 ], [ -106.1782, 39.1675 ], [ -106.1786, 39.166 ], [ -106.1794, 39.165 ], [ -106.1769, 39.1603 ], [ -106.1765, 39.1579 ], [ -106.1753, 39.1563 ], [ -106.1755, 39.1529 ], [ -106.1743, 39.1494 ], [ -106.1748, 39.148 ], [ -106.1735, 39.1448 ], [ -106.1735, 39.1436 ], [ -106.1748, 39.1414 ], [ -106.1729, 39.1388 ], [ -106.1738, 39.1371 ], [ -106.1784, 39.1348 ], [ -106.1805, 39.1329 ], [ -106.1819, 39.1315 ], [ -106.1823, 39.1303 ], [ -106.1844, 39.1293 ], [ -106.1858, 39.1292 ], [ -106.1858, 39.1268 ], [ -106.1876, 39.1246 ], [ -106.1887, 39.121 ], [ -106.1893, 39.1206 ], [ -106.1911, 39.1211 ], [ -106.1995, 39.1155 ], [ -106.2035, 39.1141 ], [ -106.2038, 39.1136 ], [ -106.2034, 39.112 ], [ -106.2039, 39.1113 ], [ -106.2063, 39.1104 ], [ -106.2074, 39.1095 ], [ -106.2077, 39.1081 ], [ -106.2102, 39.1039 ], [ -106.2095, 39.1031 ], [ -106.207, 39.1034 ], [ -106.2034, 39.1027 ], [ -106.1999, 39.1044 ], [ -106.1958, 39.1045 ], [ -106.1941, 39.104 ], [ -106.1929, 39.1031 ], [ -106.1904, 39.1028 ], [ -106.1879, 39.1037 ], [ -106.1786, 39.1033 ], [ -106.1762, 39.0996 ], [ -106.173, 39.0973 ], [ -106.172, 39.096 ], [ -106.1699, 39.0907 ], [ -106.1699, 39.0887 ], [ -106.1693, 39.0878 ], [ -106.1697, 39.0864 ], [ -106.1716, 39.0859 ], [ -106.1728, 39.084 ], [ -106.1757, 39.0829 ], [ -106.1803, 39.0772 ], [ -106.1836, 39.0765 ], [ -106.1861, 39.075 ], [ -106.1868, 39.0731 ], [ -106.1865, 39.0716 ], [ -106.1916, 39.068 ], [ -106.1905, 39.064 ], [ -106.1917, 39.0592 ], [ -106.1909, 39.0575 ], [ -106.191, 39.0561 ], [ -106.2316, 39.0565 ], [ -106.3891, 39.0563 ], [ -106.578, 39.0579 ], [ -106.5769, 39.0634 ], [ -106.5776, 39.0728 ], [ -106.5795, 39.0756 ], [ -106.5795, 39.0775 ], [ -106.5771, 39.0794 ], [ -106.5801, 39.0818 ], [ -106.5832, 39.083 ], [ -106.5849, 39.0848 ], [ -106.5863, 39.0877 ], [ -106.5862, 39.094 ], [ -106.5838, 39.0979 ], [ -106.5803, 39.1022 ], [ -106.5766, 39.104 ], [ -106.5747, 39.1043 ], [ -106.5706, 39.1042 ], [ -106.5702, 39.1035 ], [ -106.5689, 39.104 ], [ -106.5691, 39.1048 ], [ -106.5684, 39.1052 ], [ -106.567, 39.1051 ], [ -106.564, 39.106 ], [ -106.5633, 39.1073 ], [ -106.5635, 39.1082 ], [ -106.5647, 39.1091 ], [ -106.565, 39.114 ], [ -106.5639, 39.1157 ], [ -106.5582, 39.1202 ], [ -106.5583, 39.1242 ], [ -106.5593, 39.1247 ], [ -106.5591, 39.1258 ], [ -106.5602, 39.1271 ], [ -106.5604, 39.1284 ], [ -106.5637, 39.1312 ], [ -106.5647, 39.1329 ], [ -106.5642, 39.1342 ], [ -106.5631, 39.1347 ], [ -106.5595, 39.1397 ], [ -106.5596, 39.1409 ], [ -106.5587, 39.1438 ], [ -106.5605, 39.1458 ], [ -106.561, 39.1478 ], [ -106.5607, 39.1495 ], [ -106.5622, 39.1507 ], [ -106.5626, 39.1519 ], [ -106.5613, 39.1557 ], [ -106.5572, 39.1567 ], [ -106.5564, 39.1579 ], [ -106.5517, 39.1615 ], [ -106.545, 39.1589 ], [ -106.5429, 39.1589 ], [ -106.5414, 39.1583 ], [ -106.5381, 39.158 ], [ -106.5361, 39.1594 ], [ -106.5358, 39.1626 ], [ -106.5351, 39.1631 ], [ -106.5326, 39.1625 ], [ -106.5313, 39.1612 ], [ -106.5274, 39.161 ], [ -106.524, 39.1588 ], [ -106.5209, 39.1574 ], [ -106.5193, 39.1586 ], [ -106.5189, 39.1597 ], [ -106.5164, 39.1603 ], [ -106.5135, 39.1625 ], [ -106.5111, 39.1635 ], [ -106.5091, 39.1659 ], [ -106.5085, 39.1681 ], [ -106.509, 39.1689 ], [ -106.5087, 39.17 ], [ -106.51, 39.1747 ], [ -106.5082, 39.178 ], [ -106.5067, 39.1788 ], [ -106.5048, 39.179 ], [ -106.5026, 39.1804 ], [ -106.4996, 39.1838 ], [ -106.4982, 39.1927 ], [ -106.4958, 39.1944 ], [ -106.4936, 39.1983 ], [ -106.4946, 39.2001 ], [ -106.4938, 39.2064 ], [ -106.495, 39.2085 ], [ -106.4929, 39.2159 ], [ -106.4939, 39.2193 ], [ -106.4934, 39.2201 ], [ -106.4918, 39.2208 ], [ -106.4913, 39.2228 ], [ -106.4922, 39.2257 ], [ -106.4897, 39.228 ], [ -106.4927, 39.2294 ], [ -106.4951, 39.2319 ], [ -106.4973, 39.233 ], [ -106.4987, 39.2349 ], [ -106.4974, 39.2409 ], [ -106.4976, 39.242 ], [ -106.4968, 39.2433 ], [ -106.4887, 39.2488 ], [ -106.4862, 39.2528 ], [ -106.4862, 39.2539 ], [ -106.4831, 39.2552 ] ] ] } },
{ "type": "Feature", "properties": { "id": "Delta" }, "geometry": { "type": "Polygon", "coordinates": [ [ [ -107.8486, 38.6681 ], [ -108.3787, 38.6681 ], [ -108.379, 38.8291 ], [ -108.177, 38.8953 ], [ -108.1758, 38.8975 ], [ -108.1742, 38.8982 ], [ -108.1705, 38.8983 ], [ -108.1686, 38.9008 ], [ -108.1663, 38.9022 ], [ -108.1632, 38.9021 ], [ -108.1594, 38.9011 ], [ -108.1555, 38.9015 ], [ -108.1525, 38.9013 ], [ -108.1507, 38.9027 ], [ -108.1491, 38.9056 ], [ -108.147, 38.9075 ], [ -108.1448, 38.9075 ], [ -108.1411, 38.9065 ], [ -108.1403, 38.9088 ], [ -108.1418, 38.9119 ], [ -108.1442, 38.9149 ], [ -108.1448, 38.9169 ], [ -108.1444, 38.9185 ], [ -108.1404, 38.9209 ], [ -108.1409, 38.9242 ], [ -108.1405, 38.9252 ], [ -108.1391, 38.9259 ], [ -108.1377, 38.9261 ], [ -108.1334, 38.924 ], [ -108.1326, 38.9229 ], [ -108.1307, 38.9223 ], [ -108.1274, 38.9238 ], [ -108.1256, 38.9241 ], [ -108.1218, 38.9264 ], [ -108.1189, 38.929 ], [ -108.1175, 38.9319 ], [ -108.1096, 38.9389 ], [ -108.1023, 38.9492 ], [ -108.0976, 38.9536 ], [ -108.0955, 38.9545 ], [ -108.0956, 38.9568 ], [ -108.0934, 38.9575 ], [ -108.0915, 38.9594 ], [ -108.0898, 38.9602 ], [ -108.0888, 38.9622 ], [ -108.0873, 38.9632 ], [ -108.0875, 38.9648 ], [ -108.0869, 38.9678 ], [ -108.0904, 38.9716 ], [ -108.092, 38.9762 ], [ -108.0941, 38.9785 ], [ -108.0947, 38.98 ], [ -108.0934, 38.9806 ], [ -108.0898, 38.9811 ], [ -108.0869, 38.983 ], [ -108.0857, 38.9852 ], [ -108.0829, 38.9873 ], [ -108.0817, 38.9894 ], [ -108.0797, 38.9911 ], [ -108.0762, 38.9926 ], [ -108.073, 38.995 ], [ -108.07, 38.9966 ], [ -108.0663, 39.0009 ], [ -108.0645, 39.0042 ], [ -108.0631, 39.005 ], [ -108.0614, 39.0053 ], [ -108.0597, 39.0067 ], [ -108.056, 39.0106 ], [ -108.0538, 39.0141 ], [ -108.0504, 39.0151 ], [ -108.0495, 39.0147 ], [ -108.0478, 39.0115 ], [ -108.0468, 39.0122 ], [ -108.0445, 39.0121 ], [ -108.0433, 39.0139 ], [ -108.0383, 39.0157 ], [ -108.0361, 39.0172 ], [ -108.0358, 39.0206 ], [ -108.0329, 39.0246 ], [ -108.032, 39.0274 ], [ -108.0308, 39.0284 ], [ -108.0281, 39.0297 ], [ -108.0258, 39.0298 ], [ -108.023, 39.0309 ], [ -108.0207, 39.0333 ], [ -108.0194, 39.0335 ], [ -108.0159, 39.0361 ], [ -108.0131, 39.0373 ], [ -108.0095, 39.0397 ], [ -108.0043, 39.0419 ], [ -108.0023, 39.0432 ], [ -108.0006, 39.0454 ], [ -107.9872, 39.0529 ], [ -107.9838, 39.0582 ], [ -107.9822, 39.0599 ], [ -107.9726, 39.0612 ], [ -107.9643, 39.0597 ], [ -107.9592, 39.0603 ], [ -107.9512, 39.0597 ], [ -107.9495, 39.0603 ], [ -107.9418, 39.0608 ], [ -107.9369, 39.0621 ], [ -107.9278, 39.0625 ], [ -107.9175, 39.064 ], [ -107.9139, 39.0627 ], [ -107.911, 39.0624 ], [ -107.9095, 39.0615 ], [ -107.909, 39.0605 ], [ -107.9074, 39.0605 ], [ -107.8997, 39.0659 ], [ -107.8956, 39.0662 ], [ -107.8931, 39.0658 ], [ -107.8909, 39.0663 ], [ -107.8869, 39.0674 ], [ -107.8855, 39.0687 ], [ -107.8831, 39.0696 ], [ -107.8809, 39.071 ], [ -107.8752, 39.0709 ], [ -107.8748, 39.0724 ], [ -107.8726, 39.0738 ], [ -107.8703, 39.075 ], [ -107.8691, 39.0743 ], [ -107.8676, 39.0744 ], [ -107.8665, 39.0762 ], [ -107.8652, 39.0766 ], [ -107.8626, 39.0789 ], [ -107.8614, 39.0776 ], [ -107.8603, 39.0792 ], [ -107.8586, 39.0802 ], [ -107.8572, 39.0794 ], [ -107.8558, 39.0768 ], [ -107.8548, 39.0768 ], [ -107.8534, 39.0783 ], [ -107.8521, 39.0785 ], [ -107.8489, 39.0778 ], [ -107.8473, 39.0781 ], [ -107.8459, 39.0773 ], [ -107.8418, 39.0767 ], [ -107.84, 39.0772 ], [ -107.836, 39.0756 ], [ -107.8321, 39.0734 ], [ -107.8297, 39.0728 ], [ -107.8282, 39.0718 ], [ -107.8258, 39.0716 ], [ -107.8224, 39.0704 ], [ -107.8197, 39.0709 ], [ -107.819, 39.0696 ], [ -107.8135, 39.0673 ], [ -107.8021, 39.0648 ], [ -107.8013, 39.0636 ], [ -107.7942, 39.0617 ], [ -107.791, 39.0592 ], [ -107.7889, 39.0563 ], [ -107.7863, 39.0562 ], [ -107.7837, 39.0539 ], [ -107.7801, 39.0526 ], [ -107.7767, 39.0483 ], [ -107.774, 39.0471 ], [ -107.7711, 39.0437 ], [ -107.7672, 39.044 ], [ -107.7655, 39.0433 ], [ -107.7635, 39.0469 ], [ -107.7615, 39.0476 ], [ -107.7587, 39.0479 ], [ -107.7578, 39.0493 ], [ -107.7562, 39.0497 ], [ -107.7564, 39.0523 ], [ -107.7556, 39.0539 ], [ -107.7527, 39.0544 ], [ -107.7506, 39.054 ], [ -107.7474, 39.0559 ], [ -107.7456, 39.0576 ], [ -107.7436, 39.0579 ], [ -107.7425, 39.0593 ], [ -107.7449, 39.0597 ], [ -107.7441, 39.0602 ], [ -107.7447, 39.0607 ], [ -107.7444, 39.0622 ], [ -107.7425, 39.0638 ], [ -107.738, 39.0662 ], [ -107.737, 39.0655 ], [ -107.735, 39.0663 ], [ -107.7326, 39.063 ], [ -107.7322, 39.063 ], [ -107.7311, 39.0656 ], [ -107.7299, 39.0661 ], [ -107.7216, 39.0653 ], [ -107.7222, 39.0666 ], [ -107.7218, 39.0675 ], [ -107.7221, 39.0686 ], [ -107.7214, 39.0689 ], [ -107.7208, 39.07 ], [ -107.7187, 39.0717 ], [ -107.7176, 39.0739 ], [ -107.7163, 39.0743 ], [ -107.715, 39.076 ], [ -107.713, 39.0791 ], [ -107.7133, 39.0803 ], [ -107.7126, 39.0808 ], [ -107.7101, 39.0812 ], [ -107.7102, 39.0822 ], [ -107.7091, 39.0831 ], [ -107.7039, 39.085 ], [ -107.7, 39.0839 ], [ -107.6941, 39.0851 ], [ -107.6941, 39.0869 ], [ -107.6935, 39.0875 ], [ -107.6896, 39.0872 ], [ -107.6876, 39.088 ], [ -107.6853, 39.0909 ], [ -107.6829, 39.0927 ], [ -107.6808, 39.1003 ], [ -107.6763, 39.1004 ], [ -107.6738, 39.1011 ], [ -107.6732, 39.1044 ], [ -107.6714, 39.1076 ], [ -107.6699, 39.1086 ], [ -107.6646, 39.1094 ], [ -107.6603, 39.1118 ], [ -107.6598, 39.1125 ], [ -107.6618, 39.114 ], [ -107.6627, 39.1162 ], [ -107.6611, 39.1183 ], [ -107.6584, 39.1198 ], [ -107.6566, 39.1227 ], [ -107.6538, 39.124 ], [ -107.6536, 39.1266 ], [ -107.6513, 39.1309 ], [ -107.6479, 39.1313 ], [ -107.6456, 39.1344 ], [ -107.6414, 39.1381 ], [ -107.64, 39.1405 ], [ -107.6383, 39.1419 ], [ -107.6347, 39.1409 ], [ -107.6324, 39.1409 ], [ -107.6316, 39.143 ], [ -107.6308, 39.1438 ], [ -107.6301, 39.1466 ], [ -107.6289, 39.148 ], [ -107.6278, 39.149 ], [ -107.6262, 39.1492 ], [ -107.6246, 39.1502 ], [ -107.6213, 39.151 ], [ -107.6201, 39.1522 ], [ -107.6199, 39.1541 ], [ -107.6191, 39.1549 ], [ -107.6169, 39.1555 ], [ -107.6139, 39.1546 ], [ -107.6111, 39.1565 ], [ -107.6098, 39.1589 ], [ -107.6071, 39.1618 ], [ -107.6053, 39.1621 ], [ -107.601, 39.1641 ], [ -107.5933, 39.1649 ], [ -107.5928, 39.1659 ], [ -107.5894, 39.1679 ], [ -107.5882, 39.1694 ], [ -107.5847, 39.1718 ], [ -107.5836, 39.1737 ], [ -107.5813, 39.1745 ], [ -107.577, 39.1749 ], [ -107.573, 39.1763 ], [ -107.571, 39.1776 ], [ -107.5698, 39.1801 ], [ -107.5684, 39.1813 ], [ -107.5648, 39.1806 ], [ -107.5608, 39.1784 ], [ -107.5581, 39.1783 ], [ -107.5546, 39.1789 ], [ -107.549, 39.1812 ], [ -107.5428, 39.1822 ], [ -107.5417, 39.1846 ], [ -107.5434, 39.1854 ], [ -107.5438, 39.1862 ], [ -107.5428, 39.1917 ], [ -107.5436, 39.1939 ], [ -107.5423, 39.1957 ], [ -107.5376, 39.1979 ], [ -107.5333, 39.1989 ], [ -107.5274, 39.1989 ], [ -107.5233, 39.1978 ], [ -107.5261, 39.2007 ], [ -107.5289, 39.2023 ], [ -107.5288, 39.2029 ], [ -107.5275, 39.2039 ], [ -107.5245, 39.2047 ], [ -107.5237, 39.2055 ], [ -107.5203, 39.2065 ], [ -107.5138, 39.214 ], [ -107.5118, 39.2157 ], [ -107.5096, 39.2166 ], [ -107.5073, 39.2168 ], [ -107.5062, 39.2165 ], [ -107.5048, 39.2173 ], [ -107.5006, 39.2179 ], [ -107.5007, 38.6686 ], [ -107.7781, 38.668 ], [ -107.8486, 38.6681 ] ] ] } },
{ "type": "Feature", "properties": { "id": "Costilla" }, "geometry": { "type": "Polygon", "coordinates": [ [ [ -105.7384, 37.3068 ], [ -105.7379, 37.3077 ], [ -105.7367, 37.308 ], [ -105.7362, 37.3087 ], [ -105.738, 37.3112 ], [ -105.7372, 37.3136 ], [ -105.738, 37.3142 ], [ -105.7408, 37.3143 ], [ -105.7426, 37.3164 ], [ -105.7416, 37.3174 ], [ -105.7385, 37.3186 ], [ -105.7383, 37.32 ], [ -105.7396, 37.321 ], [ -105.7434, 37.3219 ], [ -105.7458, 37.3239 ], [ -105.7476, 37.327 ], [ -105.7476, 37.3296 ], [ -105.7468, 37.3311 ], [ -105.7508, 37.3339 ], [ -105.7508, 37.3356 ], [ -105.7495, 37.3379 ], [ -105.7494, 37.339 ], [ -105.7504, 37.3413 ], [ -105.7524, 37.3421 ], [ -105.7533, 37.3441 ], [ -105.7525, 37.3456 ], [ -105.7487, 37.3476 ], [ -105.7473, 37.3489 ], [ -105.7475, 37.3495 ], [ -105.7497, 37.3491 ], [ -105.7501, 37.3512 ], [ -105.6366, 37.4463 ], [ -105.622, 37.4592 ], [ -105.6034, 37.4741 ], [ -105.595, 37.4818 ], [ -105.588, 37.4873 ], [ -105.5006, 37.5601 ], [ -105.4963, 37.5639 ], [ -105.4973, 37.5669 ], [ -105.4961, 37.5701 ], [ -105.4907, 37.5755 ], [ -105.4883, 37.5769 ], [ -105.4855, 37.5779 ], [ -105.481, 37.5787 ], [ -105.4788, 37.5799 ], [ -105.4699, 37.5819 ], [ -105.4673, 37.5844 ], [ -105.4645, 37.5846 ], [ -105.4633, 37.586 ], [ -105.4613, 37.5868 ], [ -105.4603, 37.5867 ], [ -105.4545, 37.5905 ], [ -105.4549, 37.5911 ], [ -105.4545, 37.592 ], [ -105.4551, 37.5927 ], [ -105.4545, 37.5932 ], [ -105.4552, 37.5939 ], [ -105.4525, 37.5962 ], [ -105.4513, 37.5985 ], [ -105.4478, 37.6003 ], [ -105.4482, 37.6024 ], [ -105.4459, 37.6043 ], [ -105.445, 37.6079 ], [ -105.4423, 37.6119 ], [ -105.4399, 37.6122 ], [ -105.4376, 37.6135 ], [ -105.4316, 37.6134 ], [ -105.4285, 37.6139 ], [ -105.4235, 37.6168 ], [ -105.4209, 37.6167 ], [ -105.417, 37.6174 ], [ -105.4149, 37.6159 ], [ -105.4084, 37.618 ], [ -105.4033, 37.6157 ], [ -105.4003, 37.6134 ], [ -105.3999, 37.6142 ], [ -105.3961, 37.6168 ], [ -105.3944, 37.6175 ], [ -105.3934, 37.6171 ], [ -105.3914, 37.6184 ], [ -105.3897, 37.6212 ], [ -105.3898, 37.6218 ], [ -105.3866, 37.6264 ], [ -105.3846, 37.6276 ], [ -105.3808, 37.628 ], [ -105.3805, 37.6293 ], [ -105.3784, 37.6317 ], [ -105.3769, 37.6345 ], [ -105.3738, 37.6358 ], [ -105.3708, 37.6382 ], [ -105.3703, 37.6394 ], [ -105.3672, 37.6383 ], [ -105.364, 37.6385 ], [ -105.3605, 37.6364 ], [ -105.3568, 37.6367 ], [ -105.3548, 37.6361 ], [ -105.3545, 37.6372 ], [ -105.352, 37.6382 ], [ -105.3486, 37.6378 ], [ -105.347, 37.6412 ], [ -105.3454, 37.642 ], [ -105.3372, 37.6426 ], [ -105.3349, 37.6433 ], [ -105.3295, 37.643 ], [ -105.3275, 37.6443 ], [ -105.3223, 37.6462 ], [ -105.3183, 37.6488 ], [ -105.3153, 37.6483 ], [ -105.3134, 37.6497 ], [ -105.3108, 37.6506 ], [ -105.3098, 37.6505 ], [ -105.3094, 37.6527 ], [ -105.3085, 37.6538 ], [ -105.3032, 37.6531 ], [ -105.3018, 37.6536 ], [ -105.2972, 37.6583 ], [ -105.2962, 37.6579 ], [ -105.2954, 37.6568 ], [ -105.2956, 37.6544 ], [ -105.2952, 37.6535 ], [ -105.2908, 37.6515 ], [ -105.2897, 37.6504 ], [ -105.2885, 37.6505 ], [ -105.2876, 37.6512 ], [ -105.287, 37.651 ], [ -105.2849, 37.6459 ], [ -105.2833, 37.6453 ], [ -105.2821, 37.6453 ], [ -105.28, 37.6464 ], [ -105.2787, 37.6464 ], [ -105.276, 37.6452 ], [ -105.2727, 37.6408 ], [ -105.2708, 37.6411 ], [ -105.2674, 37.6402 ], [ -105.2669, 37.6384 ], [ -105.2659, 37.6382 ], [ -105.2635, 37.6391 ], [ -105.2601, 37.6392 ], [ -105.2579, 37.6406 ], [ -105.2553, 37.6403 ], [ -105.2537, 37.6371 ], [ -105.2545, 37.6333 ], [ -105.2533, 37.6312 ], [ -105.2522, 37.6303 ], [ -105.2506, 37.6298 ], [ -105.2488, 37.6296 ], [ -105.2458, 37.63 ], [ -105.2434, 37.6292 ], [ -105.2416, 37.6237 ], [ -105.2366, 37.6217 ], [ -105.236, 37.6208 ], [ -105.2261, 37.6204 ], [ -105.2212, 37.6212 ], [ -105.22, 37.6219 ], [ -105.2195, 37.6242 ], [ -105.2159, 37.6264 ], [ -105.2145, 37.6264 ], [ -105.2112, 37.623 ], [ -105.2015, 37.6192 ], [ -105.1945, 37.6197 ], [ -105.191, 37.6193 ], [ -105.1875, 37.6197 ], [ -105.1844, 37.616 ], [ -105.1866, 37.6157 ], [ -105.1897, 37.6144 ], [ -105.1926, 37.6119 ], [ -105.1929, 37.6105 ], [ -105.1956, 37.6089 ], [ -105.1948, 37.6074 ], [ -105.1963, 37.6027 ], [ -105.1953, 37.601 ], [ -105.1941, 37.601 ], [ -105.1942, 37.5996 ], [ -105.1934, 37.5981 ], [ -105.1932, 37.5922 ], [ -105.1967, 37.5928 ], [ -105.1988, 37.5941 ], [ -105.2023, 37.5948 ], [ -105.2038, 37.5944 ], [ -105.2057, 37.5908 ], [ -105.207, 37.5895 ], [ -105.2119, 37.5861 ], [ -105.2172, 37.5849 ], [ -105.2184, 37.5835 ], [ -105.2183, 37.5824 ], [ -105.2143, 37.5797 ], [ -105.2139, 37.5779 ], [ -105.2117, 37.5777 ], [ -105.2053, 37.5743 ], [ -105.2016, 37.574 ], [ -105.196, 37.5699 ], [ -105.1952, 37.5681 ], [ -105.1933, 37.5664 ], [ -105.1948, 37.5647 ], [ -105.1931, 37.5639 ], [ -105.1889, 37.5595 ], [ -105.184, 37.5558 ], [ -105.1834, 37.5538 ], [ -105.1839, 37.5526 ], [ -105.1826, 37.5521 ], [ -105.1803, 37.5499 ], [ -105.1784, 37.5463 ], [ -105.1827, 37.5468 ], [ -105.183, 37.5447 ], [ -105.1821, 37.5426 ], [ -105.1838, 37.5409 ], [ -105.1837, 37.5396 ], [ -105.183, 37.5382 ], [ -105.1777, 37.5341 ], [ -105.1771, 37.5305 ], [ -105.1775, 37.5297 ], [ -105.1767, 37.5269 ], [ -105.1756, 37.5255 ], [ -105.1747, 37.5252 ], [ -105.1736, 37.523 ], [ -105.1743, 37.5199 ], [ -105.1721, 37.519 ], [ -105.1716, 37.5181 ], [ -105.1725, 37.5156 ], [ -105.1716, 37.5146 ], [ -105.1713, 37.5132 ], [ -105.1741, 37.5093 ], [ -105.1734, 37.5058 ], [ -105.1743, 37.5025 ], [ -105.1733, 37.5014 ], [ -105.1726, 37.4988 ], [ -105.1777, 37.4914 ], [ -105.1757, 37.4895 ], [ -105.1745, 37.487 ], [ -105.1748, 37.4853 ], [ -105.1764, 37.4834 ], [ -105.1801, 37.4816 ], [ -105.1822, 37.4792 ], [ -105.1805, 37.4787 ], [ -105.1767, 37.4756 ], [ -105.1767, 37.4726 ], [ -105.1752, 37.466 ], [ -105.1735, 37.4611 ], [ -105.1755, 37.4565 ], [ -105.1714, 37.4554 ], [ -105.1688, 37.4562 ], [ -105.1639, 37.4545 ], [ -105.1625, 37.4548 ], [ -105.1586, 37.4573 ], [ -105.1567, 37.4573 ], [ -105.1557, 37.4565 ], [ -105.1544, 37.4536 ], [ -105.1522, 37.4516 ], [ -105.1496, 37.4432 ], [ -105.1468, 37.4411 ], [ -105.1459, 37.4386 ], [ -105.1465, 37.436 ], [ -105.1445, 37.4335 ], [ -105.144, 37.4317 ], [ -105.1451, 37.429 ], [ -105.1422, 37.4292 ], [ -105.141, 37.4286 ], [ -105.1415, 37.4237 ], [ -105.1407, 37.4218 ], [ -105.1405, 37.4181 ], [ -105.1394, 37.4156 ], [ -105.1371, 37.4131 ], [ -105.136, 37.4125 ], [ -105.1327, 37.4115 ], [ -105.1306, 37.4117 ], [ -105.1297, 37.4093 ], [ -105.1327, 37.4036 ], [ -105.1386, 37.4007 ], [ -105.1425, 37.4009 ], [ -105.145, 37.4002 ], [ -105.1513, 37.4002 ], [ -105.1552, 37.3996 ], [ -105.1573, 37.3984 ], [ -105.1614, 37.3932 ], [ -105.1626, 37.3903 ], [ -105.1668, 37.3884 ], [ -105.1672, 37.3858 ], [ -105.1653, 37.3812 ], [ -105.169, 37.375 ], [ -105.1684, 37.3737 ], [ -105.1668, 37.3723 ], [ -105.1657, 37.3698 ], [ -105.1665, 37.3656 ], [ -105.1689, 37.3615 ], [ -105.1687, 37.3602 ], [ -105.167, 37.3581 ], [ -105.168, 37.3547 ], [ -105.166, 37.3525 ], [ -105.1663, 37.349 ], [ -105.1659, 37.3473 ], [ -105.1641, 37.3452 ], [ -105.164, 37.343 ], [ -105.1657, 37.3415 ], [ -105.1679, 37.337 ], [ -105.1673, 37.3348 ], [ -105.1656, 37.3335 ], [ -105.1631, 37.3289 ], [ -105.1635, 37.3274 ], [ -105.1661, 37.325 ], [ -105.1669, 37.3227 ], [ -105.1654, 37.3168 ], [ -105.1669, 37.3138 ], [ -105.1649, 37.3085 ], [ -105.1648, 37.3044 ], [ -105.1634, 37.3004 ], [ -105.1653, 37.2952 ], [ -105.1655, 37.2912 ], [ -105.1646, 37.2891 ], [ -105.1602, 37.2911 ], [ -105.1579, 37.2929 ], [ -105.1542, 37.2931 ], [ -105.1551, 37.125 ], [ -105.155, 36.9953 ], [ -105.6276, 36.9957 ], [ -105.7185, 36.9958 ], [ -105.7193, 36.9962 ], [ -105.7196, 36.9967 ], [ -105.7181, 36.9994 ], [ -105.7194, 37.0001 ], [ -105.7228, 37.0008 ], [ -105.7234, 37.0021 ], [ -105.7229, 37.0039 ], [ -105.7267, 37.0069 ], [ -105.7261, 37.009 ], [ -105.7238, 37.0105 ], [ -105.7249, 37.0133 ], [ -105.7268, 37.0146 ], [ -105.7283, 37.015 ], [ -105.7315, 37.0141 ], [ -105.7325, 37.0141 ], [ -105.7335, 37.0148 ], [ -105.7352, 37.0146 ], [ -105.7379, 37.0139 ], [ -105.7396, 37.0129 ], [ -105.7415, 37.0137 ], [ -105.7462, 37.0143 ], [ -105.7465, 37.0156 ], [ -105.7451, 37.0174 ], [ -105.7471, 37.0183 ], [ -105.7492, 37.018 ], [ -105.7506, 37.0205 ], [ -105.7507, 37.0216 ], [ -105.749, 37.0236 ], [ -105.7496, 37.0266 ], [ -105.7525, 37.028 ], [ -105.757, 37.0262 ], [ -105.761, 37.0261 ], [ -105.7639, 37.0306 ], [ -105.7658, 37.035 ], [ -105.7689, 37.0368 ], [ -105.7688, 37.0376 ], [ -105.7665, 37.0401 ], [ -105.7664, 37.0409 ], [ -105.7675, 37.0416 ], [ -105.7705, 37.0415 ], [ -105.7704, 37.0444 ], [ -105.7714, 37.0457 ], [ -105.7701, 37.0473 ], [ -105.7672, 37.0481 ], [ -105.7669, 37.0492 ], [ -105.7679, 37.0512 ], [ -105.7641, 37.056 ], [ -105.7676, 37.0604 ], [ -105.7702, 37.0612 ], [ -105.7708, 37.0627 ], [ -105.7703, 37.0645 ], [ -105.7667, 37.0663 ], [ -105.7632, 37.0729 ], [ -105.7608, 37.0744 ], [ -105.7602, 37.0766 ], [ -105.7565, 37.0786 ], [ -105.753, 37.0848 ], [ -105.7485, 37.0889 ], [ -105.7485, 37.0908 ], [ -105.7473, 37.0936 ], [ -105.7426, 37.0988 ], [ -105.7408, 37.1017 ], [ -105.741, 37.1035 ], [ -105.7449, 37.1056 ], [ -105.7489, 37.1115 ], [ -105.7497, 37.1142 ], [ -105.7499, 37.1198 ], [ -105.7487, 37.1225 ], [ -105.7478, 37.1283 ], [ -105.7482, 37.1334 ], [ -105.7488, 37.1354 ], [ -105.744, 37.1436 ], [ -105.7405, 37.1451 ], [ -105.7341, 37.1499 ], [ -105.7321, 37.1533 ], [ -105.7314, 37.1562 ], [ -105.7322, 37.1594 ], [ -105.7342, 37.161 ], [ -105.7356, 37.1632 ], [ -105.7369, 37.1637 ], [ -105.738, 37.1656 ], [ -105.7368, 37.1686 ], [ -105.7369, 37.1708 ], [ -105.7351, 37.1729 ], [ -105.7308, 37.1761 ], [ -105.7297, 37.1803 ], [ -105.7323, 37.1846 ], [ -105.7331, 37.1886 ], [ -105.7344, 37.1896 ], [ -105.7376, 37.1897 ], [ -105.7389, 37.1913 ], [ -105.739, 37.1947 ], [ -105.7383, 37.1958 ], [ -105.7366, 37.1969 ], [ -105.736, 37.1996 ], [ -105.7365, 37.2003 ], [ -105.7384, 37.2009 ], [ -105.7393, 37.2021 ], [ -105.7393, 37.2028 ], [ -105.7379, 37.2043 ], [ -105.7386, 37.2059 ], [ -105.7384, 37.2078 ], [ -105.7398, 37.2101 ], [ -105.7396, 37.2121 ], [ -105.7411, 37.2133 ], [ -105.7441, 37.2149 ], [ -105.7457, 37.2179 ], [ -105.7456, 37.2189 ], [ -105.7437, 37.2213 ], [ -105.7435, 37.2228 ], [ -105.7461, 37.2268 ], [ -105.7467, 37.2304 ], [ -105.7461, 37.2313 ], [ -105.7412, 37.2344 ], [ -105.7408, 37.2403 ], [ -105.7412, 37.2414 ], [ -105.7438, 37.2438 ], [ -105.7441, 37.2463 ], [ -105.746, 37.2476 ], [ -105.7462, 37.2489 ], [ -105.7455, 37.251 ], [ -105.7428, 37.2553 ], [ -105.7409, 37.2554 ], [ -105.7376, 37.2577 ], [ -105.7367, 37.2601 ], [ -105.7388, 37.2636 ], [ -105.7377, 37.2655 ], [ -105.7363, 37.2664 ], [ -105.7341, 37.2661 ], [ -105.7329, 37.2664 ], [ -105.7297, 37.2713 ], [ -105.7238, 37.2747 ], [ -105.7235, 37.2767 ], [ -105.7254, 37.2801 ], [ -105.7253, 37.2811 ], [ -105.7278, 37.2829 ], [ -105.7284, 37.284 ], [ -105.7278, 37.2856 ], [ -105.7262, 37.2865 ], [ -105.7242, 37.2864 ], [ -105.7219, 37.2852 ], [ -105.7203, 37.2856 ], [ -105.7199, 37.2864 ], [ -105.7205, 37.2885 ], [ -105.7201, 37.2902 ], [ -105.7207, 37.2913 ], [ -105.7223, 37.2925 ], [ -105.7224, 37.2947 ], [ -105.7255, 37.2954 ], [ -105.7265, 37.2964 ], [ -105.7278, 37.2989 ], [ -105.7279, 37.3011 ], [ -105.7292, 37.3049 ], [ -105.731, 37.3049 ], [ -105.7322, 37.3031 ], [ -105.7334, 37.3026 ], [ -105.7346, 37.3027 ], [ -105.7358, 37.3038 ], [ -105.7367, 37.3057 ], [ -105.7384, 37.3068 ] ] ] } },
{ "type": "Feature", "properties": { "id": "Garfield" }, "geometry": { "type": "Polygon", "coordinates": [ [ [ -107.8841, 39.3662 ], [ -108.2022, 39.3662 ], [ -108.2487, 39.3666 ], [ -108.2584, 39.3662 ], [ -108.3677, 39.3661 ], [ -108.3756, 39.3666 ], [ -108.4082, 39.3665 ], [ -108.4096, 39.366 ], [ -108.466, 39.366 ], [ -108.5702, 39.3665 ], [ -108.8659, 39.3662 ], [ -108.9081, 39.3667 ], [ -108.9811, 39.3663 ], [ -109.0508, 39.3667 ], [ -109.0514, 39.5 ], [ -109.0512, 39.6605 ], [ -108.8957, 39.6605 ], [ -108.8957, 39.6503 ], [ -108.8757, 39.6502 ], [ -108.8582, 39.6511 ], [ -108.8512, 39.6503 ], [ -108.7154, 39.6498 ], [ -108.5546, 39.6502 ], [ -108.5547, 39.6936 ], [ -108.5173, 39.6942 ], [ -108.3506, 39.6942 ], [ -108.3113, 39.6947 ], [ -108.2926, 39.6943 ], [ -108.2179, 39.6939 ], [ -108.2179, 39.6951 ], [ -108.0603, 39.6953 ], [ -108.0327, 39.6945 ], [ -108.0134, 39.6952 ], [ -108.003, 39.6949 ], [ -108.0006, 39.6944 ], [ -107.9385, 39.6945 ], [ -107.9385, 39.825 ], [ -107.7872, 39.825 ], [ -107.6942, 39.8301 ], [ -107.6256, 39.8296 ], [ -107.5447, 39.8281 ], [ -107.4318, 39.8284 ], [ -107.4317, 39.9177 ], [ -107.3188, 39.915 ], [ -107.3193, 40.0 ], [ -107.3192, 40.0038 ], [ -107.3171, 40.0038 ], [ -107.317, 40.0908 ], [ -107.167, 40.091 ], [ -107.0374, 40.0915 ], [ -107.0374, 40.0031 ], [ -107.032, 40.0029 ], [ -107.0318, 39.9637 ], [ -107.0326, 39.9637 ], [ -107.0322, 39.9397 ], [ -107.034, 39.9189 ], [ -107.1137, 39.9191 ], [ -107.1134, 39.6972 ], [ -107.1139, 39.5086 ], [ -107.1134, 39.3661 ], [ -107.3189, 39.3659 ], [ -107.5507, 39.366 ], [ -107.8841, 39.3662 ] ] ] } },
{ "type": "Feature", "properties": { "id": "Morgan" }, "geometry": { "type": "Polygon", "coordinates": [ [ [ -103.9858, 40.5241 ], [ -103.9179, 40.5237 ], [ -103.8129, 40.524 ], [ -103.7505, 40.5233 ], [ -103.7243, 40.5224 ], [ -103.6959, 40.5219 ], [ -103.5818, 40.5234 ], [ -103.4672, 40.5233 ], [ -103.4659, 40.4584 ], [ -103.4652, 40.4575 ], [ -103.4654, 40.4363 ], [ -103.4645, 40.4062 ], [ -103.4646, 40.3499 ], [ -103.471, 40.3498 ], [ -103.4718, 40.25 ], [ -103.4726, 40.2386 ], [ -103.4723, 40.2272 ], [ -103.4735, 40.1667 ], [ -103.4721, 40.0885 ], [ -103.472, 40.0015 ], [ -103.6574, 40.0011 ], [ -104.1503, 40.0009 ], [ -104.1498, 40.1809 ], [ -104.1505, 40.3475 ], [ -104.1505, 40.3502 ], [ -104.1475, 40.3502 ], [ -104.1464, 40.4379 ], [ -104.1479, 40.5243 ], [ -103.9858, 40.5241 ] ] ] } },
{ "type": "Feature", "properties": { "id": "Prowers" }, "geometry": { "type": "Polygon", "coordinates": [ [ [ -102.7413, 38.0061 ], [ -102.7415, 38.086 ], [ -102.7424, 38.1719 ], [ -102.7424, 38.2354 ], [ -102.7419, 38.25 ], [ -102.7423, 38.267 ], [ -102.637, 38.2675 ], [ -102.573, 38.2672 ], [ -102.4853, 38.268 ], [ -102.4677, 38.2676 ], [ -102.3053, 38.268 ], [ -102.0445, 38.2687 ], [ -102.0448, 38.2613 ], [ -102.0443, 38.1874 ], [ -102.0445, 37.9846 ], [ -102.0416, 37.6967 ], [ -102.0416, 37.6443 ], [ -102.1563, 37.6444 ], [ -102.1833, 37.6441 ], [ -102.1998, 37.6444 ], [ -102.274, 37.644 ], [ -102.3632, 37.6444 ], [ -102.4617, 37.6437 ], [ -102.7476, 37.6436 ], [ -102.748, 37.8232 ], [ -102.7407, 37.8236 ], [ -102.7405, 37.8241 ], [ -102.7413, 38.0061 ] ] ] } },
{ "type": "Feature", "properties": { "id": "Montezuma" }, "geometry": { "type": "Polygon", "coordinates": [ [ [ -109.0458, 37.3268 ], [ -109.0458, 37.375 ], [ -109.0436, 37.4783 ], [ -109.0441, 37.4808 ], [ -109.0435, 37.4847 ], [ -109.0391, 37.4888 ], [ -109.0249, 37.5045 ], [ -109.0084, 37.5253 ], [ -108.9171, 37.6319 ], [ -108.8757, 37.6322 ], [ -108.6932, 37.6315 ], [ -108.6661, 37.6316 ], [ -108.6661, 37.6332 ], [ -108.6256, 37.6326 ], [ -108.4834, 37.6325 ], [ -108.4397, 37.6328 ], [ -108.4172, 37.6325 ], [ -108.4083, 37.6319 ], [ -108.3093, 37.6323 ], [ -108.2506, 37.6328 ], [ -108.1945, 37.634 ], [ -108.1611, 37.6353 ], [ -108.1256, 37.6381 ], [ -108.108, 37.6388 ], [ -107.9701, 37.6396 ], [ -107.9705, 37.6385 ], [ -107.9699, 37.6372 ], [ -107.9721, 37.6343 ], [ -107.9724, 37.6316 ], [ -107.9721, 37.6298 ], [ -107.9799, 37.6289 ], [ -107.9838, 37.6262 ], [ -107.9872, 37.625 ], [ -107.9892, 37.6222 ], [ -107.9897, 37.6207 ], [ -107.9917, 37.6197 ], [ -107.9932, 37.6159 ], [ -107.9949, 37.6149 ], [ -107.9968, 37.6144 ], [ -107.9996, 37.6148 ], [ -108.0002, 37.6143 ], [ -108.0007, 37.6112 ], [ -108.0044, 37.6077 ], [ -108.0048, 37.606 ], [ -108.0098, 37.6058 ], [ -108.0118, 37.6049 ], [ -108.0132, 37.6048 ], [ -108.0142, 37.6038 ], [ -108.0155, 37.6009 ], [ -108.0151, 37.5995 ], [ -108.0141, 37.599 ], [ -108.0139, 37.5965 ], [ -108.0148, 37.5958 ], [ -108.0158, 37.5963 ], [ -108.0167, 37.5958 ], [ -108.0168, 37.5921 ], [ -108.0224, 37.5914 ], [ -108.023, 37.591 ], [ -108.0197, 37.5849 ], [ -108.0205, 37.5825 ], [ -108.0197, 37.5809 ], [ -108.0202, 37.5783 ], [ -108.0195, 37.574 ], [ -108.0208, 37.5714 ], [ -108.0183, 37.5671 ], [ -108.0217, 37.5628 ], [ -108.0212, 37.5594 ], [ -108.0197, 37.5585 ], [ -108.0205, 37.5564 ], [ -108.0203, 37.5538 ], [ -108.0219, 37.5513 ], [ -108.0215, 37.5487 ], [ -108.024, 37.5459 ], [ -108.0241, 37.5429 ], [ -108.0255, 37.5411 ], [ -108.0254, 37.5397 ], [ -108.0289, 37.5363 ], [ -108.0343, 37.5329 ], [ -108.0349, 37.532 ], [ -108.0337, 37.5267 ], [ -108.0346, 37.5223 ], [ -108.0321, 37.518 ], [ -108.0337, 37.5163 ], [ -108.0345, 37.5131 ], [ -108.0332, 37.5104 ], [ -108.0315, 37.5091 ], [ -108.0341, 37.5084 ], [ -108.0357, 37.5072 ], [ -108.0373, 37.5053 ], [ -108.038, 37.5028 ], [ -108.0367, 37.5 ], [ -108.0346, 37.4972 ], [ -108.0366, 37.4911 ], [ -108.0366, 37.4882 ], [ -108.0359, 37.4857 ], [ -108.0338, 37.4845 ], [ -108.0337, 37.4801 ], [ -108.0326, 37.4788 ], [ -108.0345, 37.4768 ], [ -108.0347, 37.475 ], [ -108.0364, 37.4712 ], [ -108.0331, 37.4649 ], [ -108.0348, 37.4606 ], [ -108.0375, 37.4591 ], [ -108.0392, 37.4559 ], [ -108.0384, 37.4519 ], [ -108.0424, 37.4484 ], [ -108.0433, 37.4443 ], [ -108.0441, 37.443 ], [ -108.0484, 37.4426 ], [ -108.053, 37.4375 ], [ -108.0574, 37.4381 ], [ -108.0589, 37.4376 ], [ -108.0621, 37.4375 ], [ -108.0654, 37.4385 ], [ -108.0693, 37.4379 ], [ -108.0734, 37.439 ], [ -108.078, 37.4389 ], [ -108.0811, 37.4324 ], [ -108.08, 37.4292 ], [ -108.0829, 37.4279 ], [ -108.0873, 37.4278 ], [ -108.0875, 37.4251 ], [ -108.0895, 37.4212 ], [ -108.0948, 37.4195 ], [ -108.0978, 37.4175 ], [ -108.0992, 37.4154 ], [ -108.0995, 37.4126 ], [ -108.1013, 37.4103 ], [ -108.1034, 37.4089 ], [ -108.1053, 37.4056 ], [ -108.1057, 37.4019 ], [ -108.1065, 37.4002 ], [ -108.1076, 37.3943 ], [ -108.1075, 37.3921 ], [ -108.1056, 37.389 ], [ -108.1063, 37.3846 ], [ -108.1058, 37.3825 ], [ -108.1062, 37.3818 ], [ -108.1092, 37.3815 ], [ -108.1136, 37.3803 ], [ -108.1163, 37.3785 ], [ -108.1177, 37.3763 ], [ -108.1205, 37.3747 ], [ -108.1323, 37.3747 ], [ -108.1337, 37.3737 ], [ -108.1405, 37.3728 ], [ -108.1422, 37.3697 ], [ -108.1456, 37.3674 ], [ -108.147, 37.3654 ], [ -108.1516, 37.3628 ], [ -108.1532, 37.3626 ], [ -108.1581, 37.3639 ], [ -108.1617, 37.3622 ], [ -108.1638, 37.3621 ], [ -108.1666, 37.3652 ], [ -108.173, 37.3664 ], [ -108.1783, 37.3643 ], [ -108.1836, 37.3631 ], [ -108.1879, 37.3605 ], [ -108.1916, 37.3597 ], [ -108.1957, 37.3561 ], [ -108.1976, 37.3552 ], [ -108.1982, 37.3515 ], [ -108.202, 37.3487 ], [ -108.204, 37.3461 ], [ -108.2048, 37.3441 ], [ -108.2058, 37.3386 ], [ -108.2077, 37.3351 ], [ -108.2079, 37.3331 ], [ -108.2067, 37.3322 ], [ -108.2048, 37.3295 ], [ -108.2047, 37.3281 ], [ -108.2031, 37.3269 ], [ -108.203, 37.3263 ], [ -108.2052, 37.3245 ], [ -108.2105, 37.3217 ], [ -108.2114, 37.3205 ], [ -108.2123, 37.3169 ], [ -108.2138, 37.3145 ], [ -108.2136, 37.3132 ], [ -108.2165, 37.3116 ], [ -108.2165, 37.3062 ], [ -108.2161, 37.3055 ], [ -108.2131, 37.3033 ], [ -108.2125, 37.3002 ], [ -108.2138, 37.2981 ], [ -108.218, 37.2972 ], [ -108.2194, 37.2938 ], [ -108.219, 37.2922 ], [ -108.2197, 37.2908 ], [ -108.2197, 37.2874 ], [ -108.2202, 37.287 ], [ -108.2219, 37.2874 ], [ -108.2243, 37.2869 ], [ -108.2257, 37.2863 ], [ -108.228, 37.2819 ], [ -108.2269, 37.2805 ], [ -108.2273, 37.2782 ], [ -108.2287, 37.277 ], [ -108.2345, 37.2753 ], [ -108.2353, 37.2726 ], [ -108.2372, 37.2704 ], [ -108.2374, 37.267 ], [ -108.2386, 37.2627 ], [ -108.2399, 37.2618 ], [ -108.2425, 37.2614 ], [ -108.2466, 37.2549 ], [ -108.2473, 37.2499 ], [ -108.2483, 37.2494 ], [ -108.2496, 37.2497 ], [ -108.2506, 37.2463 ], [ -108.2562, 37.2434 ], [ -108.2563, 37.2422 ], [ -108.2577, 37.2404 ], [ -108.2601, 37.2393 ], [ -108.2613, 37.2368 ], [ -108.2614, 37.235 ], [ -108.2647, 37.2339 ], [ -108.2663, 37.2338 ], [ -108.2675, 37.2331 ], [ -108.2677, 37.232 ], [ -108.2696, 37.2297 ], [ -108.2716, 37.2291 ], [ -108.2756, 37.2292 ], [ -108.2788, 37.2272 ], [ -108.2796, 37.2273 ], [ -108.2797, 37.2286 ], [ -108.2817, 37.2286 ], [ -108.2863, 37.2248 ], [ -108.2884, 37.2237 ], [ -108.2904, 37.2236 ], [ -108.2915, 37.2225 ], [ -108.2915, 37.2203 ], [ -108.2938, 37.2174 ], [ -108.2938, 37.2165 ], [ -108.2973, 37.2132 ], [ -108.2975, 37.2084 ], [ -108.2972, 37.2076 ], [ -108.2949, 37.2056 ], [ -108.2929, 37.2025 ], [ -108.2933, 37.2 ], [ -108.2926, 37.1983 ], [ -108.2929, 37.1943 ], [ -108.2957, 37.1901 ], [ -108.2959, 37.1869 ], [ -108.2946, 37.1819 ], [ -108.2946, 37.1802 ], [ -108.2954, 37.1753 ], [ -108.2974, 37.1712 ], [ -108.2964, 37.1681 ], [ -108.2936, 37.1636 ], [ -108.2961, 37.1584 ], [ -108.2919, 37.156 ], [ -108.2902, 37.1542 ], [ -108.2902, 37.1522 ], [ -108.2912, 37.1493 ], [ -108.2902, 37.147 ], [ -108.2905, 37.146 ], [ -108.2942, 37.1444 ], [ -108.3009, 37.1388 ], [ -108.3015, 37.1364 ], [ -108.3041, 37.1354 ], [ -108.3072, 37.1318 ], [ -108.3103, 37.1293 ], [ -108.3097, 37.125 ], [ -108.3112, 37.1238 ], [ -108.3096, 37.1193 ], [ -108.3118, 37.1168 ], [ -108.3114, 37.1142 ], [ -108.3097, 37.1123 ], [ -108.31, 37.1105 ], [ -108.3113, 37.1094 ], [ -108.3103, 37.1073 ], [ -108.3101, 37.1054 ], [ -108.3106, 37.1046 ], [ -108.3146, 37.104 ], [ -108.3161, 37.103 ], [ -108.3167, 37.1017 ], [ -108.3163, 37.0998 ], [ -108.3173, 37.0975 ], [ -108.3211, 37.0971 ], [ -108.3206, 37.0954 ], [ -108.3221, 37.0934 ], [ -108.3231, 37.0907 ], [ -108.3222, 37.0892 ], [ -108.3233, 37.0878 ], [ -108.3236, 37.0852 ], [ -108.3251, 37.0834 ], [ -108.3241, 37.0813 ], [ -108.325, 37.08 ], [ -108.3268, 37.0792 ], [ -108.3259, 37.078 ], [ -108.3257, 37.0762 ], [ -108.3268, 37.0754 ], [ -108.3283, 37.0757 ], [ -108.3302, 37.0746 ], [ -108.3277, 37.0713 ], [ -108.3283, 37.0691 ], [ -108.3305, 37.0679 ], [ -108.3332, 37.0674 ], [ -108.3335, 37.0656 ], [ -108.3343, 37.0646 ], [ -108.3345, 37.0628 ], [ -108.3334, 37.0608 ], [ -108.3347, 37.0598 ], [ -108.3344, 37.0549 ], [ -108.3374, 37.0523 ], [ -108.3412, 37.051 ], [ -108.343, 37.0488 ], [ -108.3468, 37.0481 ], [ -108.3472, 37.0459 ], [ -108.3499, 37.0426 ], [ -108.3507, 37.0407 ], [ -108.3525, 37.0394 ], [ -108.3544, 37.0388 ], [ -108.3551, 37.0356 ], [ -108.3529, 37.0333 ], [ -108.3531, 37.0326 ], [ -108.355, 37.0312 ], [ -108.3564, 37.0284 ], [ -108.3554, 37.0256 ], [ -108.3586, 37.0258 ], [ -108.3602, 37.0268 ], [ -108.3618, 37.0268 ], [ -108.3687, 37.0289 ], [ -108.3721, 37.0289 ], [ -108.3725, 37.0258 ], [ -108.3733, 37.0247 ], [ -108.3717, 37.0206 ], [ -108.3728, 37.02 ], [ -108.3732, 37.0187 ], [ -108.3743, 37.0179 ], [ -108.3741, 37.0166 ], [ -108.3751, 37.0156 ], [ -108.3748, 37.0137 ], [ -108.3767, 37.0118 ], [ -108.3773, 37.0089 ], [ -108.377, 37.0073 ], [ -108.3763, 37.0069 ], [ -108.3796, 37.0042 ], [ -108.3811, 37.0015 ], [ -108.3792, 36.9995 ], [ -108.7378, 36.9989 ], [ -109.0452, 36.9991 ], [ -109.045, 37.0864 ], [ -109.046, 37.1773 ], [ -109.046, 37.2018 ], [ -109.0455, 37.2108 ], [ -109.0456, 37.2494 ], [ -109.046, 37.25 ], [ -109.0458, 37.3268 ] ] ] } },
{ "type": "Feature", "properties": { "id": "Mineral" }, "geometry": { "type": "Polygon", "coordinates": [ [ [ -106.8592, 37.9286 ], [ -106.8473, 37.9192 ], [ -106.834, 37.9189 ], [ -106.8299, 37.9179 ], [ -106.8245, 37.9187 ], [ -106.8184, 37.914 ], [ -106.8079, 37.9154 ], [ -106.8069, 37.9148 ], [ -106.801, 37.9137 ], [ -106.7954, 37.9096 ], [ -106.7785, 37.8949 ], [ -106.7731, 37.8856 ], [ -106.7558, 37.8806 ], [ -106.7506, 37.8815 ], [ -106.7367, 37.8879 ], [ -106.7229, 37.875 ], [ -106.7187, 37.8728 ], [ -106.7147, 37.8719 ], [ -106.7124, 37.872 ], [ -106.708, 37.8735 ], [ -106.7065, 37.875 ], [ -106.7045, 37.8758 ], [ -106.6993, 37.8764 ], [ -106.6972, 37.8761 ], [ -106.6935, 37.8735 ], [ -106.6945, 37.7607 ], [ -106.6947, 37.7513 ], [ -106.6952, 37.7513 ], [ -106.6953, 37.75 ], [ -106.6957, 37.7132 ], [ -106.6956, 37.6643 ], [ -106.7116, 37.6643 ], [ -106.7118, 37.6323 ], [ -106.7111, 37.6093 ], [ -106.7108, 37.522 ], [ -106.7108, 37.3962 ], [ -106.7505, 37.396 ], [ -106.8712, 37.3937 ], [ -106.8756, 37.394 ], [ -107.0006, 37.3931 ], [ -107.0453, 37.3923 ], [ -107.1287, 37.3924 ], [ -107.1287, 37.4733 ], [ -107.1256, 37.6005 ], [ -107.1237, 37.625 ], [ -107.1239, 37.675 ], [ -107.1451, 37.6755 ], [ -107.143, 37.7147 ], [ -107.1399, 37.7572 ], [ -107.1374, 37.8288 ], [ -107.1386, 37.8659 ], [ -107.1382, 37.875 ], [ -107.1382, 37.9388 ], [ -107.1357, 37.9385 ], [ -107.135, 37.9378 ], [ -107.1337, 37.9376 ], [ -107.1296, 37.9378 ], [ -107.122, 37.9409 ], [ -107.1107, 37.9433 ], [ -107.1084, 37.9446 ], [ -107.1061, 37.9471 ], [ -107.1047, 37.952 ], [ -107.1029, 37.9552 ], [ -107.1021, 37.9548 ], [ -107.1015, 37.9529 ], [ -107.1001, 37.9519 ], [ -107.0946, 37.9493 ], [ -107.0921, 37.9492 ], [ -107.0884, 37.9504 ], [ -107.0867, 37.9527 ], [ -107.0856, 37.9534 ], [ -107.0802, 37.9543 ], [ -107.0757, 37.9539 ], [ -107.0737, 37.9545 ], [ -107.072, 37.9554 ], [ -107.0706, 37.9568 ], [ -107.0678, 37.9613 ], [ -107.0654, 37.9598 ], [ -107.0614, 37.9597 ], [ -107.0605, 37.9591 ], [ -107.0594, 37.9557 ], [ -107.0564, 37.9523 ], [ -107.0552, 37.9522 ], [ -107.0529, 37.9531 ], [ -107.0512, 37.953 ], [ -107.0435, 37.9488 ], [ -107.0397, 37.9488 ], [ -107.0332, 37.9501 ], [ -107.0315, 37.9511 ], [ -107.0312, 37.9523 ], [ -107.0299, 37.9535 ], [ -107.0284, 37.9541 ], [ -107.0255, 37.9545 ], [ -107.0229, 37.9538 ], [ -107.0175, 37.949 ], [ -107.009, 37.9465 ], [ -107.0077, 37.9473 ], [ -107.0068, 37.9492 ], [ -107.0067, 37.9541 ], [ -107.0063, 37.9562 ], [ -107.0056, 37.9567 ], [ -107.0047, 37.9569 ], [ -107.0023, 37.956 ], [ -107.001, 37.9559 ], [ -106.9993, 37.957 ], [ -106.9977, 37.9573 ], [ -106.9969, 37.9604 ], [ -106.996, 37.9602 ], [ -106.9944, 37.9608 ], [ -106.9898, 37.961 ], [ -106.9883, 37.9621 ], [ -106.9876, 37.9637 ], [ -106.9874, 37.9692 ], [ -106.9869, 37.9694 ], [ -106.9858, 37.969 ], [ -106.9779, 37.9691 ], [ -106.9699, 37.9731 ], [ -106.968, 37.975 ], [ -106.964, 37.9725 ], [ -106.9625, 37.9723 ], [ -106.9619, 37.9689 ], [ -106.9625, 37.9678 ], [ -106.9622, 37.9675 ], [ -106.9614, 37.968 ], [ -106.9554, 37.965 ], [ -106.953, 37.9628 ], [ -106.9524, 37.9619 ], [ -106.9524, 37.9574 ], [ -106.9506, 37.9567 ], [ -106.9491, 37.9567 ], [ -106.9463, 37.954 ], [ -106.9445, 37.9537 ], [ -106.9415, 37.9543 ], [ -106.9374, 37.9566 ], [ -106.9354, 37.9588 ], [ -106.9353, 37.9604 ], [ -106.9338, 37.9609 ], [ -106.9301, 37.9633 ], [ -106.9224, 37.9656 ], [ -106.9207, 37.9664 ], [ -106.9203, 37.9674 ], [ -106.9167, 37.9664 ], [ -106.9116, 37.9665 ], [ -106.9087, 37.9641 ], [ -106.9052, 37.9639 ], [ -106.8978, 37.9679 ], [ -106.8946, 37.9671 ], [ -106.8896, 37.9619 ], [ -106.8828, 37.9615 ], [ -106.8814, 37.9622 ], [ -106.8804, 37.9612 ], [ -106.8792, 37.9611 ], [ -106.8793, 37.9599 ], [ -106.8783, 37.9585 ], [ -106.8791, 37.9564 ], [ -106.8799, 37.9499 ], [ -106.8771, 37.9486 ], [ -106.8744, 37.9427 ], [ -106.8698, 37.9415 ], [ -106.8687, 37.9379 ], [ -106.8663, 37.9341 ], [ -106.8642, 37.9332 ], [ -106.8592, 37.9286 ] ] ] } },
{ "type": "Feature", "properties": { "id": "Lincoln" }, "geometry": { "type": "Polygon", "coordinates": [ [ [ -103.1552, 39.287 ], [ -103.1553, 39.128 ], [ -103.1631, 39.128 ], [ -103.1632, 39.1257 ], [ -103.163, 39.0081 ], [ -103.1642, 38.6901 ], [ -103.1725, 38.6901 ], [ -103.1729, 38.5253 ], [ -103.2506, 38.5237 ], [ -103.3524, 38.5237 ], [ -103.3819, 38.5233 ], [ -103.4554, 38.5238 ], [ -103.5047, 38.5237 ], [ -103.5047, 38.5164 ], [ -103.613, 38.5179 ], [ -103.613, 38.5225 ], [ -103.7049, 38.5223 ], [ -103.7155, 38.5216 ], [ -103.7509, 38.5222 ], [ -103.7792, 38.5218 ], [ -103.8726, 38.5221 ], [ -103.8755, 38.5228 ], [ -103.9063, 38.5229 ], [ -103.9105, 38.5233 ], [ -103.9623, 38.5232 ], [ -104.0362, 38.5222 ], [ -104.0539, 38.5224 ], [ -104.0544, 38.5953 ], [ -104.0541, 38.6387 ], [ -104.053, 38.6943 ], [ -104.0519, 38.6943 ], [ -104.0546, 38.7824 ], [ -104.0555, 38.8689 ], [ -103.9807, 38.8688 ], [ -103.8797, 38.8675 ], [ -103.8616, 38.8668 ], [ -103.7504, 38.8664 ], [ -103.7197, 38.8668 ], [ -103.7194, 38.875 ], [ -103.7215, 38.9973 ], [ -103.7209, 39.0111 ], [ -103.721, 39.0552 ], [ -103.722, 39.0841 ], [ -103.7208, 39.0987 ], [ -103.7212, 39.1283 ], [ -103.7152, 39.1285 ], [ -103.7149, 39.2852 ], [ -103.7155, 39.3023 ], [ -103.7148, 39.3445 ], [ -103.7153, 39.3946 ], [ -103.7143, 39.5 ], [ -103.7144, 39.5663 ], [ -103.6608, 39.5664 ], [ -103.6586, 39.5659 ], [ -103.6582, 39.5663 ], [ -103.6388, 39.5662 ], [ -103.6344, 39.5657 ], [ -103.6293, 39.5662 ], [ -103.492, 39.566 ], [ -103.4912, 39.5657 ], [ -103.3136, 39.5666 ], [ -103.1546, 39.5659 ], [ -103.1552, 39.287 ] ] ] } },
{ "type": "Feature", "properties": { "id": "Jefferson" }, "geometry": { "type": "MultiPolygon", "coordinates": [ [ [ [ -105.0645, 39.6533 ], [ -105.0645, 39.6535 ], [ -105.064, 39.6535 ], [ -105.064, 39.6533 ], [ -105.0645, 39.6533 ] ] ], [ [ [ -105.0635, 39.6527 ], [ -105.0635, 39.653 ], [ -105.0626, 39.653 ], [ -105.0626, 39.6524 ], [ -105.0635, 39.6527 ] ] ], [ [ [ -105.0818, 39.6351 ], [ -105.0816, 39.6356 ], [ -105.0809, 39.6356 ], [ -105.0808, 39.6347 ], [ -105.0818, 39.6351 ] ] ], [ [ [ -105.0534, 39.6253 ], [ -105.0534, 39.6244 ], [ -105.0558, 39.6242 ], [ -105.0558, 39.626 ], [ -105.0533, 39.628 ], [ -105.0534, 39.6253 ] ] ], [ [ [ -105.0534, 39.6305 ], [ -105.0535, 39.6295 ], [ -105.057, 39.6317 ], [ -105.0593, 39.6343 ], [ -105.059, 39.6382 ], [ -105.0594, 39.6388 ], [ -105.0533, 39.6389 ], [ -105.0534, 39.6305 ] ] ], [ [ [ -105.2389, 39.9144 ], [ -105.2223, 39.9142 ], [ -105.2182, 39.9137 ], [ -105.2154, 39.9141 ], [ -105.2136, 39.9137 ], [ -105.2125, 39.9142 ], [ -105.1473, 39.9139 ], [ -105.1533, 39.9131 ], [ -105.1584, 39.9116 ], [ -105.1628, 39.9113 ], [ -105.1657, 39.9105 ], [ -105.1657, 39.9067 ], [ -105.1656, 39.8912 ], [ -105.1644, 39.8907 ], [ -105.1472, 39.8891 ], [ -105.1354, 39.8893 ], [ -105.1386, 39.8911 ], [ -105.1379, 39.891 ], [ -105.1379, 39.8922 ], [ -105.1337, 39.8921 ], [ -105.1321, 39.8928 ], [ -105.1314, 39.8926 ], [ -105.13, 39.89 ], [ -105.1288, 39.8899 ], [ -105.1289, 39.9003 ], [ -105.1471, 39.9001 ], [ -105.1472, 39.9139 ], [ -105.1089, 39.9144 ], [ -105.1077, 39.9134 ], [ -105.1082, 39.9127 ], [ -105.1073, 39.9123 ], [ -105.1066, 39.9131 ], [ -105.1058, 39.9127 ], [ -105.1068, 39.9116 ], [ -105.1013, 39.9089 ], [ -105.0998, 39.9086 ], [ -105.1002, 39.9017 ], [ -105.0962, 39.9007 ], [ -105.0961, 39.8998 ], [ -105.0904, 39.8998 ], [ -105.0905, 39.8989 ], [ -105.0841, 39.899 ], [ -105.0841, 39.8998 ], [ -105.0717, 39.8998 ], [ -105.0718, 39.907 ], [ -105.0621, 39.907 ], [ -105.0622, 39.9143 ], [ -105.0606, 39.9143 ], [ -105.0605, 39.9129 ], [ -105.0591, 39.9129 ], [ -105.0591, 39.9143 ], [ -105.0578, 39.9143 ], [ -105.0578, 39.9129 ], [ -105.0554, 39.9129 ], [ -105.0554, 39.9138 ], [ -105.0529, 39.9138 ], [ -105.0532, 39.8691 ], [ -105.0529, 39.8607 ], [ -105.0533, 39.856 ], [ -105.0528, 39.8525 ], [ -105.0533, 39.8211 ], [ -105.0528, 39.8018 ], [ -105.0532, 39.7911 ], [ -105.0615, 39.7911 ], [ -105.0619, 39.7901 ], [ -105.0633, 39.7901 ], [ -105.0633, 39.7911 ], [ -105.0645, 39.7911 ], [ -105.0646, 39.7897 ], [ -105.0651, 39.7897 ], [ -105.0651, 39.7893 ], [ -105.0651, 39.7881 ], [ -105.0629, 39.7881 ], [ -105.0625, 39.7876 ], [ -105.0627, 39.7838 ], [ -105.0532, 39.7838 ], [ -105.0532, 39.735 ], [ -105.0556, 39.7347 ], [ -105.0555, 39.7331 ], [ -105.055, 39.7331 ], [ -105.055, 39.7339 ], [ -105.0546, 39.7339 ], [ -105.0544, 39.7331 ], [ -105.0532, 39.7331 ], [ -105.0532, 39.6824 ], [ -105.058, 39.6823 ], [ -105.0582, 39.6787 ], [ -105.0607, 39.6783 ], [ -105.0632, 39.6797 ], [ -105.0629, 39.675 ], [ -105.0533, 39.675 ], [ -105.0533, 39.6678 ], [ -105.0722, 39.6678 ], [ -105.0722, 39.6695 ], [ -105.0749, 39.6707 ], [ -105.0761, 39.67 ], [ -105.076, 39.6696 ], [ -105.0769, 39.6697 ], [ -105.0769, 39.6693 ], [ -105.0792, 39.6694 ], [ -105.0792, 39.6697 ], [ -105.0814, 39.6701 ], [ -105.0815, 39.6686 ], [ -105.0815, 39.6621 ], [ -105.0798, 39.6622 ], [ -105.0779, 39.661 ], [ -105.0773, 39.6604 ], [ -105.0776, 39.6588 ], [ -105.0716, 39.66 ], [ -105.0714, 39.6593 ], [ -105.0708, 39.6592 ], [ -105.0707, 39.6566 ], [ -105.067, 39.6566 ], [ -105.0671, 39.653 ], [ -105.0701, 39.6504 ], [ -105.0709, 39.6505 ], [ -105.071, 39.6496 ], [ -105.0639, 39.6496 ], [ -105.0639, 39.6505 ], [ -105.0626, 39.6506 ], [ -105.0626, 39.6519 ], [ -105.0621, 39.6514 ], [ -105.0588, 39.6514 ], [ -105.0585, 39.653 ], [ -105.0572, 39.6529 ], [ -105.0573, 39.6521 ], [ -105.0551, 39.6521 ], [ -105.0545, 39.6518 ], [ -105.0573, 39.6517 ], [ -105.0573, 39.65 ], [ -105.0634, 39.6501 ], [ -105.0635, 39.646 ], [ -105.072, 39.6461 ], [ -105.0723, 39.6454 ], [ -105.0745, 39.6441 ], [ -105.0768, 39.6394 ], [ -105.0768, 39.6387 ], [ -105.074, 39.6387 ], [ -105.074, 39.6368 ], [ -105.0806, 39.6368 ], [ -105.0817, 39.6363 ], [ -105.0817, 39.6388 ], [ -105.0916, 39.6387 ], [ -105.0916, 39.6352 ], [ -105.1099, 39.6352 ], [ -105.1099, 39.627 ], [ -105.1086, 39.627 ], [ -105.1086, 39.6242 ], [ -105.0913, 39.6242 ], [ -105.0912, 39.6273 ], [ -105.0877, 39.6273 ], [ -105.0876, 39.6265 ], [ -105.0855, 39.6265 ], [ -105.0855, 39.6292 ], [ -105.0839, 39.6293 ], [ -105.0839, 39.6276 ], [ -105.0817, 39.6276 ], [ -105.0817, 39.6301 ], [ -105.0835, 39.6302 ], [ -105.0836, 39.6319 ], [ -105.0815, 39.6319 ], [ -105.0751, 39.6245 ], [ -105.0766, 39.6244 ], [ -105.065, 39.6202 ], [ -105.0651, 39.6186 ], [ -105.0853, 39.6183 ], [ -105.0861, 39.619 ], [ -105.0873, 39.6183 ], [ -105.097, 39.6184 ], [ -105.0969, 39.6144 ], [ -105.0593, 39.6143 ], [ -105.0589, 39.6146 ], [ -105.0586, 39.6179 ], [ -105.0564, 39.6199 ], [ -105.0576, 39.6209 ], [ -105.0572, 39.6216 ], [ -105.0534, 39.6214 ], [ -105.0541, 39.5661 ], [ -105.0487, 39.5661 ], [ -105.0514, 39.5633 ], [ -105.0573, 39.5623 ], [ -105.0583, 39.5604 ], [ -105.0607, 39.5599 ], [ -105.0606, 39.5579 ], [ -105.0611, 39.5569 ], [ -105.0643, 39.5553 ], [ -105.0639, 39.5547 ], [ -105.0657, 39.5533 ], [ -105.0667, 39.5505 ], [ -105.0703, 39.5479 ], [ -105.0714, 39.5464 ], [ -105.0741, 39.5443 ], [ -105.0746, 39.5417 ], [ -105.0764, 39.5401 ], [ -105.0777, 39.5367 ], [ -105.0766, 39.535 ], [ -105.0761, 39.5327 ], [ -105.0795, 39.5259 ], [ -105.0793, 39.5239 ], [ -105.0801, 39.5232 ], [ -105.079, 39.5191 ], [ -105.0779, 39.5175 ], [ -105.0788, 39.5131 ], [ -105.0784, 39.5115 ], [ -105.0792, 39.5104 ], [ -105.0811, 39.5097 ], [ -105.085, 39.506 ], [ -105.0848, 39.5012 ], [ -105.0864, 39.4994 ], [ -105.0861, 39.4979 ], [ -105.0873, 39.4966 ], [ -105.0861, 39.4949 ], [ -105.0868, 39.4934 ], [ -105.0885, 39.4924 ], [ -105.0925, 39.4884 ], [ -105.0987, 39.4854 ], [ -105.1004, 39.4855 ], [ -105.1028, 39.4847 ], [ -105.1046, 39.485 ], [ -105.1069, 39.4847 ], [ -105.1117, 39.4835 ], [ -105.114, 39.4844 ], [ -105.1151, 39.486 ], [ -105.1176, 39.4854 ], [ -105.1183, 39.4845 ], [ -105.1183, 39.483 ], [ -105.1176, 39.4826 ], [ -105.1159, 39.4825 ], [ -105.1163, 39.4815 ], [ -105.119, 39.4801 ], [ -105.121, 39.4815 ], [ -105.1218, 39.4813 ], [ -105.1238, 39.4798 ], [ -105.1281, 39.4776 ], [ -105.1288, 39.4758 ], [ -105.1304, 39.4737 ], [ -105.1349, 39.471 ], [ -105.1348, 39.4702 ], [ -105.1326, 39.4679 ], [ -105.1332, 39.4661 ], [ -105.1326, 39.4643 ], [ -105.133, 39.4625 ], [ -105.1325, 39.4612 ], [ -105.1304, 39.4595 ], [ -105.1275, 39.4585 ], [ -105.1267, 39.4572 ], [ -105.125, 39.4564 ], [ -105.1242, 39.455 ], [ -105.1231, 39.4508 ], [ -105.1231, 39.45 ], [ -105.1238, 39.4493 ], [ -105.1231, 39.448 ], [ -105.124, 39.4475 ], [ -105.1247, 39.4427 ], [ -105.1261, 39.4402 ], [ -105.1249, 39.4362 ], [ -105.1236, 39.4341 ], [ -105.1284, 39.4318 ], [ -105.1331, 39.4274 ], [ -105.1359, 39.4265 ], [ -105.1382, 39.4231 ], [ -105.1406, 39.4224 ], [ -105.1414, 39.4211 ], [ -105.1449, 39.419 ], [ -105.1494, 39.4176 ], [ -105.1518, 39.4157 ], [ -105.1551, 39.4141 ], [ -105.1563, 39.4138 ], [ -105.1603, 39.4142 ], [ -105.1619, 39.4132 ], [ -105.1626, 39.4119 ], [ -105.1661, 39.4086 ], [ -105.169, 39.4089 ], [ -105.171, 39.4078 ], [ -105.1708, 39.4072 ], [ -105.1713, 39.4066 ], [ -105.1694, 39.4033 ], [ -105.1697, 39.4021 ], [ -105.1682, 39.4002 ], [ -105.1672, 39.3998 ], [ -105.167, 39.398 ], [ -105.1676, 39.3957 ], [ -105.1673, 39.3943 ], [ -105.1666, 39.3939 ], [ -105.1655, 39.394 ], [ -105.164, 39.3915 ], [ -105.1667, 39.3908 ], [ -105.1679, 39.3898 ], [ -105.17, 39.3891 ], [ -105.1712, 39.3868 ], [ -105.173, 39.3857 ], [ -105.1735, 39.3834 ], [ -105.1733, 39.3823 ], [ -105.1719, 39.382 ], [ -105.1709, 39.3823 ], [ -105.1696, 39.3807 ], [ -105.173, 39.3777 ], [ -105.1725, 39.3766 ], [ -105.1703, 39.3753 ], [ -105.1702, 39.3745 ], [ -105.168, 39.3741 ], [ -105.1672, 39.3724 ], [ -105.1675, 39.3707 ], [ -105.1692, 39.3687 ], [ -105.1688, 39.3671 ], [ -105.1678, 39.3664 ], [ -105.1678, 39.3656 ], [ -105.1669, 39.3647 ], [ -105.1666, 39.3618 ], [ -105.1675, 39.3604 ], [ -105.1676, 39.3592 ], [ -105.1695, 39.3588 ], [ -105.1718, 39.3568 ], [ -105.1724, 39.3556 ], [ -105.1718, 39.3543 ], [ -105.1721, 39.353 ], [ -105.1752, 39.3505 ], [ -105.1774, 39.3494 ], [ -105.1765, 39.3469 ], [ -105.1773, 39.3445 ], [ -105.1795, 39.343 ], [ -105.1787, 39.341 ], [ -105.1792, 39.3399 ], [ -105.1801, 39.3392 ], [ -105.1821, 39.3386 ], [ -105.1842, 39.3353 ], [ -105.1878, 39.3342 ], [ -105.1874, 39.3333 ], [ -105.1856, 39.333 ], [ -105.1823, 39.3314 ], [ -105.1822, 39.3302 ], [ -105.183, 39.3293 ], [ -105.1882, 39.328 ], [ -105.1883, 39.3271 ], [ -105.186, 39.3263 ], [ -105.1855, 39.3244 ], [ -105.1859, 39.3235 ], [ -105.1878, 39.3229 ], [ -105.1888, 39.3212 ], [ -105.1892, 39.3195 ], [ -105.1887, 39.3171 ], [ -105.1905, 39.3159 ], [ -105.1929, 39.3129 ], [ -105.1963, 39.3117 ], [ -105.1985, 39.31 ], [ -105.1984, 39.3093 ], [ -105.1967, 39.3085 ], [ -105.1973, 39.306 ], [ -105.198, 39.3054 ], [ -105.1963, 39.3036 ], [ -105.196, 39.3021 ], [ -105.1972, 39.3017 ], [ -105.2002, 39.302 ], [ -105.2013, 39.3008 ], [ -105.2008, 39.2999 ], [ -105.2011, 39.2993 ], [ -105.205, 39.2998 ], [ -105.2068, 39.2992 ], [ -105.2077, 39.2982 ], [ -105.2072, 39.2962 ], [ -105.2052, 39.2949 ], [ -105.2029, 39.2948 ], [ -105.2025, 39.2936 ], [ -105.2035, 39.293 ], [ -105.2055, 39.294 ], [ -105.2068, 39.2938 ], [ -105.2068, 39.2929 ], [ -105.2055, 39.2917 ], [ -105.2067, 39.2906 ], [ -105.2078, 39.2915 ], [ -105.2086, 39.2912 ], [ -105.2087, 39.2904 ], [ -105.208, 39.2896 ], [ -105.2102, 39.2877 ], [ -105.2125, 39.2845 ], [ -105.2113, 39.2829 ], [ -105.2114, 39.2807 ], [ -105.2133, 39.2797 ], [ -105.2139, 39.2787 ], [ -105.2154, 39.2786 ], [ -105.2164, 39.2776 ], [ -105.2155, 39.2766 ], [ -105.2175, 39.2746 ], [ -105.2157, 39.2733 ], [ -105.2154, 39.2725 ], [ -105.2192, 39.2705 ], [ -105.2206, 39.2692 ], [ -105.2206, 39.2678 ], [ -105.2185, 39.2668 ], [ -105.2187, 39.2653 ], [ -105.2178, 39.2635 ], [ -105.2174, 39.2604 ], [ -105.2196, 39.2596 ], [ -105.2244, 39.2607 ], [ -105.2251, 39.2605 ], [ -105.2253, 39.2596 ], [ -105.2234, 39.2584 ], [ -105.2234, 39.2562 ], [ -105.2246, 39.2559 ], [ -105.227, 39.2564 ], [ -105.2278, 39.2539 ], [ -105.2315, 39.2539 ], [ -105.2344, 39.2553 ], [ -105.2348, 39.2546 ], [ -105.2344, 39.252 ], [ -105.2353, 39.2513 ], [ -105.2377, 39.2507 ], [ -105.2371, 39.2493 ], [ -105.235, 39.2495 ], [ -105.2339, 39.2469 ], [ -105.2344, 39.2456 ], [ -105.2356, 39.2443 ], [ -105.2395, 39.2436 ], [ -105.2406, 39.2441 ], [ -105.2468, 39.2404 ], [ -105.2485, 39.2408 ], [ -105.2497, 39.2421 ], [ -105.2523, 39.2436 ], [ -105.2535, 39.2433 ], [ -105.2535, 39.2414 ], [ -105.255, 39.2403 ], [ -105.2542, 39.2381 ], [ -105.2556, 39.2359 ], [ -105.2576, 39.2332 ], [ -105.2618, 39.2315 ], [ -105.2636, 39.2291 ], [ -105.2634, 39.2284 ], [ -105.2615, 39.2266 ], [ -105.2615, 39.2258 ], [ -105.2624, 39.2246 ], [ -105.2613, 39.2233 ], [ -105.2635, 39.221 ], [ -105.2629, 39.2195 ], [ -105.2606, 39.2169 ], [ -105.2615, 39.2145 ], [ -105.2601, 39.2126 ], [ -105.2599, 39.2106 ], [ -105.2621, 39.2099 ], [ -105.2632, 39.208 ], [ -105.2695, 39.2094 ], [ -105.2722, 39.2087 ], [ -105.2732, 39.2076 ], [ -105.2756, 39.2076 ], [ -105.2763, 39.2072 ], [ -105.2781, 39.2022 ], [ -105.2788, 39.2018 ], [ -105.2813, 39.2018 ], [ -105.2823, 39.201 ], [ -105.2851, 39.1946 ], [ -105.2847, 39.1921 ], [ -105.2859, 39.1896 ], [ -105.2864, 39.1863 ], [ -105.2893, 39.1839 ], [ -105.2873, 39.1813 ], [ -105.2875, 39.1791 ], [ -105.2895, 39.1775 ], [ -105.2947, 39.1748 ], [ -105.2948, 39.1745 ], [ -105.2935, 39.1737 ], [ -105.2938, 39.1731 ], [ -105.2994, 39.1725 ], [ -105.3, 39.1716 ], [ -105.3015, 39.1706 ], [ -105.302, 39.1692 ], [ -105.3002, 39.168 ], [ -105.3004, 39.1672 ], [ -105.3023, 39.1667 ], [ -105.3049, 39.1641 ], [ -105.3071, 39.1654 ], [ -105.308, 39.1653 ], [ -105.3086, 39.1642 ], [ -105.31, 39.1635 ], [ -105.3107, 39.1615 ], [ -105.3132, 39.1599 ], [ -105.3136, 39.1588 ], [ -105.3132, 39.1566 ], [ -105.3155, 39.1545 ], [ -105.3159, 39.1513 ], [ -105.3156, 39.1498 ], [ -105.3162, 39.1487 ], [ -105.3154, 39.147 ], [ -105.3156, 39.1458 ], [ -105.3163, 39.1455 ], [ -105.3201, 39.1458 ], [ -105.3216, 39.1462 ], [ -105.3232, 39.1454 ], [ -105.3221, 39.143 ], [ -105.3228, 39.1408 ], [ -105.3217, 39.1388 ], [ -105.322, 39.137 ], [ -105.3228, 39.1356 ], [ -105.3283, 39.13 ], [ -105.3292, 39.1297 ], [ -105.3979, 39.1296 ], [ -105.3979, 39.25 ], [ -105.3967, 39.2649 ], [ -105.3987, 39.3262 ], [ -105.3983, 39.3272 ], [ -105.3987, 39.3371 ], [ -105.3981, 39.3507 ], [ -105.3986, 39.3781 ], [ -105.3979, 39.3888 ], [ -105.398, 39.445 ], [ -105.3986, 39.4635 ], [ -105.3979, 39.467 ], [ -105.3992, 39.5816 ], [ -105.3983, 39.6366 ], [ -105.3985, 39.701 ], [ -105.3979, 39.7455 ], [ -105.3979, 39.8409 ], [ -105.3975, 39.8537 ], [ -105.398, 39.8722 ], [ -105.3978, 39.9129 ], [ -105.3395, 39.9138 ], [ -105.2826, 39.9137 ], [ -105.2389, 39.9144 ] ] ] ] } },
{ "type": "Feature", "properties": { "id": "Rio Blanco" }, "geometry": { "type": "Polygon", "coordinates": [ [ [ -108.2165, 40.2218 ], [ -108.1132, 40.2217 ], [ -107.9913, 40.2224 ], [ -107.9412, 40.2221 ], [ -107.8082, 40.2228 ], [ -107.7805, 40.2225 ], [ -107.7645, 40.2226 ], [ -107.7645, 40.2237 ], [ -107.7536, 40.2239 ], [ -107.7454, 40.2234 ], [ -107.6615, 40.2234 ], [ -107.654, 40.2235 ], [ -107.6539, 40.2243 ], [ -107.6442, 40.2242 ], [ -107.5006, 40.2205 ], [ -107.4956, 40.22 ], [ -107.4394, 40.2205 ], [ -107.4394, 40.2234 ], [ -107.3686, 40.2234 ], [ -107.0961, 40.2251 ], [ -107.0961, 40.2261 ], [ -107.0766, 40.2253 ], [ -107.0379, 40.2254 ], [ -107.0384, 40.1656 ], [ -107.0377, 40.1656 ], [ -107.0374, 40.0915 ], [ -107.167, 40.091 ], [ -107.317, 40.0908 ], [ -107.3171, 40.0038 ], [ -107.3192, 40.0038 ], [ -107.3193, 40.0 ], [ -107.3188, 39.915 ], [ -107.4317, 39.9177 ], [ -107.4318, 39.8284 ], [ -107.5447, 39.8281 ], [ -107.6256, 39.8296 ], [ -107.6942, 39.8301 ], [ -107.7872, 39.825 ], [ -107.9385, 39.825 ], [ -107.9385, 39.6945 ], [ -108.0006, 39.6944 ], [ -108.003, 39.6949 ], [ -108.0134, 39.6952 ], [ -108.0327, 39.6945 ], [ -108.0603, 39.6953 ], [ -108.2179, 39.6951 ], [ -108.2179, 39.6939 ], [ -108.2926, 39.6943 ], [ -108.3113, 39.6947 ], [ -108.3506, 39.6942 ], [ -108.5173, 39.6942 ], [ -108.5547, 39.6936 ], [ -108.5546, 39.6502 ], [ -108.7154, 39.6498 ], [ -108.8512, 39.6503 ], [ -108.8582, 39.6511 ], [ -108.8757, 39.6502 ], [ -108.8957, 39.6503 ], [ -108.8957, 39.6605 ], [ -109.0512, 39.6605 ], [ -109.0506, 39.8751 ], [ -109.0508, 40.2227 ], [ -108.6257, 40.2224 ], [ -108.2165, 40.2218 ] ] ] } },
{ "type": "Feature", "properties": { "id": "Sedgwick" }, "geometry": { "type": "Polygon", "coordinates": [ [ [ -102.6521, 40.8846 ], [ -102.6535, 41.0023 ], [ -102.3449, 41.0022 ], [ -102.0517, 41.0024 ], [ -102.0514, 40.7496 ], [ -102.0634, 40.7498 ], [ -102.1908, 40.7489 ], [ -102.262, 40.7489 ], [ -102.6513, 40.7494 ], [ -102.6521, 40.8846 ] ] ] } },
{ "type": "Feature", "properties": { "id": "San Miguel" }, "geometry": { "type": "Polygon", "coordinates": [ [ [ -108.3366, 37.8938 ], [ -108.3909, 37.8935 ], [ -108.5872, 37.8948 ], [ -108.6242, 37.8953 ], [ -108.8167, 37.8955 ], [ -108.8181, 37.8938 ], [ -108.8181, 37.8915 ], [ -108.8188, 37.8901 ], [ -108.8177, 37.8881 ], [ -108.8202, 37.8867 ], [ -108.8205, 37.886 ], [ -108.8199, 37.884 ], [ -108.8205, 37.8809 ], [ -109.0415, 37.8812 ], [ -109.0411, 37.9072 ], [ -109.0431, 37.9747 ], [ -109.0427, 38.0176 ], [ -109.0452, 38.0245 ], [ -109.0427, 38.0256 ], [ -109.0421, 38.153 ], [ -108.9796, 38.1537 ], [ -108.9067, 38.1533 ], [ -108.9067, 38.155 ], [ -108.8807, 38.154 ], [ -108.7783, 38.1533 ], [ -108.6256, 38.1533 ], [ -108.5396, 38.1526 ], [ -108.5216, 38.1533 ], [ -108.4148, 38.1533 ], [ -108.315, 38.1525 ], [ -108.2506, 38.1528 ], [ -108.1701, 38.1523 ], [ -108.1256, 38.1527 ], [ -108.113, 38.1522 ], [ -108.0113, 38.1527 ], [ -107.9658, 38.1523 ], [ -107.9655, 38.1449 ], [ -107.9517, 38.145 ], [ -107.9516, 38.1161 ], [ -107.8915, 38.116 ], [ -107.8915, 38.1014 ], [ -107.8925, 38.1013 ], [ -107.8921, 38.087 ], [ -107.8967, 38.0868 ], [ -107.8929, 38.0725 ], [ -107.8938, 38.0577 ], [ -107.892, 38.0578 ], [ -107.892, 38.0514 ], [ -107.8914, 38.0487 ], [ -107.888, 38.0454 ], [ -107.8885, 38.0448 ], [ -107.8918, 38.0436 ], [ -107.8929, 38.0427 ], [ -107.8933, 38.0416 ], [ -107.8932, 38.0392 ], [ -107.8966, 38.0348 ], [ -107.8967, 38.0316 ], [ -107.8988, 38.0294 ], [ -107.9002, 38.0262 ], [ -107.8992, 38.0257 ], [ -107.8952, 38.0257 ], [ -107.891, 38.025 ], [ -107.8908, 38.0235 ], [ -107.8914, 38.0225 ], [ -107.8893, 38.0176 ], [ -107.89, 38.0156 ], [ -107.891, 38.0146 ], [ -107.891, 38.0135 ], [ -107.8897, 38.0116 ], [ -107.8833, 38.0074 ], [ -107.8787, 38.0082 ], [ -107.875, 38.0069 ], [ -107.8736, 38.0068 ], [ -107.8724, 38.0073 ], [ -107.8697, 38.0073 ], [ -107.8659, 38.008 ], [ -107.8624, 38.0094 ], [ -107.859, 38.0084 ], [ -107.8558, 38.0087 ], [ -107.8501, 38.0083 ], [ -107.8491, 38.0086 ], [ -107.8445, 38.0059 ], [ -107.8423, 38.0058 ], [ -107.8414, 38.0029 ], [ -107.8415, 38.0011 ], [ -107.8437, 37.9991 ], [ -107.8477, 37.9975 ], [ -107.8494, 37.9944 ], [ -107.8487, 37.9925 ], [ -107.8431, 37.9917 ], [ -107.8377, 37.9925 ], [ -107.8327, 37.9907 ], [ -107.8298, 37.989 ], [ -107.826, 37.9887 ], [ -107.8248, 37.9882 ], [ -107.8219, 37.9886 ], [ -107.8214, 37.9892 ], [ -107.8195, 37.9897 ], [ -107.8169, 37.9892 ], [ -107.8156, 37.9894 ], [ -107.8143, 37.9907 ], [ -107.8111, 37.99 ], [ -107.8098, 37.9901 ], [ -107.8081, 37.9893 ], [ -107.8049, 37.9888 ], [ -107.802, 37.9869 ], [ -107.7996, 37.9883 ], [ -107.7955, 37.9885 ], [ -107.7933, 37.9864 ], [ -107.7933, 37.9853 ], [ -107.7917, 37.9824 ], [ -107.7889, 37.9806 ], [ -107.7868, 37.9785 ], [ -107.7871, 37.9772 ], [ -107.7892, 37.9753 ], [ -107.7854, 37.971 ], [ -107.7846, 37.9686 ], [ -107.7804, 37.9619 ], [ -107.7787, 37.9609 ], [ -107.7761, 37.962 ], [ -107.7713, 37.9617 ], [ -107.7693, 37.962 ], [ -107.7658, 37.961 ], [ -107.7636, 37.9592 ], [ -107.7609, 37.9596 ], [ -107.7589, 37.9584 ], [ -107.7558, 37.9546 ], [ -107.7489, 37.9531 ], [ -107.7443, 37.9458 ], [ -107.7439, 37.942 ], [ -107.7424, 37.9404 ], [ -107.7391, 37.9393 ], [ -107.7379, 37.9345 ], [ -107.7361, 37.9323 ], [ -107.7328, 37.93 ], [ -107.7333, 37.9269 ], [ -107.7356, 37.9249 ], [ -107.7333, 37.9221 ], [ -107.7332, 37.9203 ], [ -107.7375, 37.9177 ], [ -107.737, 37.9146 ], [ -107.735, 37.9109 ], [ -107.7364, 37.9095 ], [ -107.7367, 37.9077 ], [ -107.7405, 37.9028 ], [ -107.7413, 37.901 ], [ -107.7444, 37.8986 ], [ -107.749, 37.898 ], [ -107.7481, 37.8951 ], [ -107.7494, 37.8935 ], [ -107.7531, 37.891 ], [ -107.7562, 37.89 ], [ -107.7566, 37.8851 ], [ -107.7562, 37.8829 ], [ -107.7609, 37.8776 ], [ -107.7625, 37.8772 ], [ -107.7661, 37.8775 ], [ -107.7691, 37.8734 ], [ -107.7724, 37.8711 ], [ -107.7749, 37.8686 ], [ -107.7768, 37.8679 ], [ -107.7827, 37.8675 ], [ -107.7828, 37.8659 ], [ -107.7801, 37.8623 ], [ -107.7807, 37.8599 ], [ -107.7796, 37.8582 ], [ -107.7803, 37.8531 ], [ -107.7791, 37.8527 ], [ -107.7791, 37.8498 ], [ -107.78, 37.8487 ], [ -107.7827, 37.849 ], [ -107.7851, 37.8466 ], [ -107.7839, 37.8447 ], [ -107.7825, 37.8436 ], [ -107.7831, 37.8406 ], [ -107.785, 37.8401 ], [ -107.7879, 37.8383 ], [ -107.7902, 37.8374 ], [ -107.7899, 37.837 ], [ -107.7904, 37.8352 ], [ -107.7927, 37.8306 ], [ -107.7945, 37.8291 ], [ -107.7951, 37.8255 ], [ -107.7964, 37.8227 ], [ -107.7996, 37.823 ], [ -107.8036, 37.8243 ], [ -107.8044, 37.8251 ], [ -107.8087, 37.8241 ], [ -107.8098, 37.8234 ], [ -107.8107, 37.8214 ], [ -107.8172, 37.8193 ], [ -107.8184, 37.8175 ], [ -107.821, 37.815 ], [ -107.8285, 37.8119 ], [ -107.8292, 37.8107 ], [ -107.829, 37.8086 ], [ -107.8262, 37.8054 ], [ -107.8247, 37.8049 ], [ -107.8261, 37.8026 ], [ -107.8279, 37.8011 ], [ -107.8285, 37.7996 ], [ -107.8222, 37.7955 ], [ -107.8236, 37.7933 ], [ -107.8247, 37.7902 ], [ -107.8275, 37.7895 ], [ -107.8312, 37.7863 ], [ -107.8328, 37.7843 ], [ -107.8359, 37.7828 ], [ -107.8387, 37.7794 ], [ -107.8405, 37.7745 ], [ -107.8436, 37.7736 ], [ -107.8446, 37.7736 ], [ -107.8464, 37.7749 ], [ -107.8508, 37.7763 ], [ -107.8608, 37.7755 ], [ -107.8618, 37.7774 ], [ -107.8642, 37.7791 ], [ -107.8674, 37.7797 ], [ -107.8705, 37.7815 ], [ -107.87, 37.7843 ], [ -107.8738, 37.7865 ], [ -107.8802, 37.7861 ], [ -107.8825, 37.7851 ], [ -107.8863, 37.7855 ], [ -107.8899, 37.7886 ], [ -107.8909, 37.7909 ], [ -107.8887, 37.7961 ], [ -107.889, 37.7981 ], [ -107.8903, 37.7991 ], [ -107.8922, 37.8024 ], [ -107.8964, 37.8036 ], [ -107.9001, 37.8056 ], [ -107.9043, 37.8069 ], [ -107.906, 37.8108 ], [ -107.9097, 37.8111 ], [ -107.9108, 37.8124 ], [ -107.9136, 37.8141 ], [ -107.9181, 37.8187 ], [ -107.9178, 37.8199 ], [ -107.9192, 37.8207 ], [ -107.9213, 37.8237 ], [ -107.9259, 37.8233 ], [ -107.9339, 37.8235 ], [ -107.9381, 37.8227 ], [ -107.94, 37.8248 ], [ -107.9427, 37.8263 ], [ -107.9447, 37.8281 ], [ -107.947, 37.8285 ], [ -107.9473, 37.8299 ], [ -107.9468, 37.8313 ], [ -107.9482, 37.8338 ], [ -107.9508, 37.8358 ], [ -107.9549, 37.8344 ], [ -107.9587, 37.8346 ], [ -107.9619, 37.8328 ], [ -107.9633, 37.8329 ], [ -107.9659, 37.8318 ], [ -107.972, 37.8326 ], [ -107.9753, 37.8359 ], [ -107.9776, 37.8403 ], [ -107.9798, 37.843 ], [ -107.9842, 37.845 ], [ -107.9874, 37.8505 ], [ -107.988, 37.8546 ], [ -107.9895, 37.8568 ], [ -107.9921, 37.8564 ], [ -107.9955, 37.8566 ], [ -107.999, 37.8558 ], [ -108.0027, 37.8571 ], [ -108.0073, 37.8551 ], [ -108.0087, 37.8552 ], [ -108.0121, 37.8572 ], [ -108.0189, 37.8555 ], [ -108.0239, 37.8559 ], [ -108.0257, 37.8552 ], [ -108.0309, 37.8555 ], [ -108.0358, 37.8522 ], [ -108.0477, 37.8507 ], [ -108.0516, 37.8462 ], [ -108.0557, 37.8445 ], [ -108.0549, 37.8418 ], [ -108.0585, 37.841 ], [ -108.0598, 37.8426 ], [ -108.0603, 37.8449 ], [ -108.0617, 37.845 ], [ -108.0642, 37.8467 ], [ -108.0665, 37.851 ], [ -108.0683, 37.8515 ], [ -108.0698, 37.8508 ], [ -108.0721, 37.8478 ], [ -108.0756, 37.8467 ], [ -108.0793, 37.8444 ], [ -108.0814, 37.8442 ], [ -108.0846, 37.8416 ], [ -108.0867, 37.8418 ], [ -108.0909, 37.8399 ], [ -108.0933, 37.8408 ], [ -108.095, 37.8409 ], [ -108.0963, 37.8403 ], [ -108.095, 37.8424 ], [ -108.0953, 37.8443 ], [ -108.0961, 37.8459 ], [ -108.0983, 37.8484 ], [ -108.1001, 37.8494 ], [ -108.1016, 37.8496 ], [ -108.1046, 37.8514 ], [ -108.106, 37.8516 ], [ -108.1082, 37.8536 ], [ -108.1125, 37.8552 ], [ -108.1174, 37.8534 ], [ -108.1197, 37.8534 ], [ -108.121, 37.8538 ], [ -108.1229, 37.8521 ], [ -108.1251, 37.8521 ], [ -108.1247, 37.8486 ], [ -108.1266, 37.8453 ], [ -108.1284, 37.844 ], [ -108.1311, 37.843 ], [ -108.1323, 37.8415 ], [ -108.1374, 37.8379 ], [ -108.1377, 37.8371 ], [ -108.1401, 37.8349 ], [ -108.1403, 37.8324 ], [ -108.1415, 37.8325 ], [ -108.142, 37.833 ], [ -108.1436, 37.8355 ], [ -108.1445, 37.8383 ], [ -108.1459, 37.8379 ], [ -108.1472, 37.8389 ], [ -108.149, 37.8374 ], [ -108.15, 37.8343 ], [ -108.1527, 37.8351 ], [ -108.1604, 37.8338 ], [ -108.1622, 37.8347 ], [ -108.1639, 37.8349 ], [ -108.1662, 37.8333 ], [ -108.1674, 37.8316 ], [ -108.1691, 37.8311 ], [ -108.1752, 37.8325 ], [ -108.1783, 37.8312 ], [ -108.1832, 37.8265 ], [ -108.1888, 37.8256 ], [ -108.1924, 37.8244 ], [ -108.1991, 37.8242 ], [ -108.2055, 37.8218 ], [ -108.2091, 37.8209 ], [ -108.2105, 37.8215 ], [ -108.2094, 37.823 ], [ -108.2107, 37.8248 ], [ -108.211, 37.829 ], [ -108.2124, 37.832 ], [ -108.2146, 37.8331 ], [ -108.2153, 37.8343 ], [ -108.2184, 37.8349 ], [ -108.2184, 37.8358 ], [ -108.2171, 37.8368 ], [ -108.2173, 37.837 ], [ -108.2217, 37.8388 ], [ -108.2222, 37.8391 ], [ -108.222, 37.8397 ], [ -108.2236, 37.8409 ], [ -108.2237, 37.8419 ], [ -108.2258, 37.8425 ], [ -108.227, 37.8432 ], [ -108.2265, 37.8455 ], [ -108.2299, 37.8557 ], [ -108.2296, 37.861 ], [ -108.2318, 37.8621 ], [ -108.2319, 37.8651 ], [ -108.2329, 37.8671 ], [ -108.2351, 37.8693 ], [ -108.236, 37.8726 ], [ -108.2378, 37.8764 ], [ -108.2393, 37.8764 ], [ -108.2479, 37.8794 ], [ -108.2504, 37.8846 ], [ -108.2536, 37.8859 ], [ -108.2574, 37.8897 ], [ -108.2577, 37.891 ], [ -108.2565, 37.8946 ], [ -108.3366, 37.8938 ] ] ] } },
{ "type": "Feature", "properties": { "id": "Alamosa" }, "geometry": { "type": "Polygon", "coordinates": [ [ [ -106.0393, 37.577 ], [ -106.0384, 37.7484 ], [ -105.9279, 37.7488 ], [ -105.7368, 37.7513 ], [ -105.6256, 37.7519 ], [ -105.6173, 37.7523 ], [ -105.498, 37.751 ], [ -105.4573, 37.7515 ], [ -105.4565, 37.7509 ], [ -105.4571, 37.7499 ], [ -105.4572, 37.7467 ], [ -105.4543, 37.7445 ], [ -105.4537, 37.7424 ], [ -105.4527, 37.7413 ], [ -105.4528, 37.7404 ], [ -105.455, 37.7366 ], [ -105.4553, 37.7351 ], [ -105.4551, 37.7336 ], [ -105.4536, 37.732 ], [ -105.4532, 37.7309 ], [ -105.4544, 37.7261 ], [ -105.4542, 37.724 ], [ -105.4573, 37.7191 ], [ -105.459, 37.7188 ], [ -105.4596, 37.7179 ], [ -105.4624, 37.717 ], [ -105.4639, 37.7138 ], [ -105.4666, 37.7118 ], [ -105.4686, 37.7111 ], [ -105.4711, 37.7112 ], [ -105.4721, 37.7095 ], [ -105.4741, 37.7077 ], [ -105.4775, 37.7075 ], [ -105.4783, 37.7024 ], [ -105.4805, 37.6981 ], [ -105.4802, 37.6966 ], [ -105.4814, 37.6938 ], [ -105.4809, 37.6919 ], [ -105.4809, 37.6872 ], [ -105.4788, 37.6861 ], [ -105.4777, 37.6846 ], [ -105.4775, 37.6817 ], [ -105.4767, 37.6799 ], [ -105.4769, 37.6758 ], [ -105.4788, 37.6721 ], [ -105.4786, 37.6685 ], [ -105.4773, 37.6672 ], [ -105.4772, 37.6662 ], [ -105.4811, 37.6617 ], [ -105.4815, 37.6585 ], [ -105.487, 37.6535 ], [ -105.4869, 37.6497 ], [ -105.4878, 37.6445 ], [ -105.4902, 37.6404 ], [ -105.4904, 37.6387 ], [ -105.4924, 37.6348 ], [ -105.4918, 37.6338 ], [ -105.4918, 37.6319 ], [ -105.4925, 37.6296 ], [ -105.4922, 37.6264 ], [ -105.4915, 37.625 ], [ -105.4926, 37.6231 ], [ -105.4964, 37.6192 ], [ -105.4986, 37.6145 ], [ -105.4979, 37.6131 ], [ -105.4955, 37.6122 ], [ -105.4959, 37.6118 ], [ -105.4948, 37.6085 ], [ -105.493, 37.6053 ], [ -105.4935, 37.6044 ], [ -105.4933, 37.6009 ], [ -105.5013, 37.5986 ], [ -105.5017, 37.5981 ], [ -105.5015, 37.5968 ], [ -105.5009, 37.5961 ], [ -105.4956, 37.5924 ], [ -105.4946, 37.5924 ], [ -105.4941, 37.5891 ], [ -105.4947, 37.5855 ], [ -105.4943, 37.585 ], [ -105.4922, 37.5827 ], [ -105.4906, 37.5826 ], [ -105.4868, 37.58 ], [ -105.4859, 37.5793 ], [ -105.4855, 37.5779 ], [ -105.4883, 37.5769 ], [ -105.4907, 37.5755 ], [ -105.4961, 37.5701 ], [ -105.4973, 37.5669 ], [ -105.4963, 37.5639 ], [ -105.5006, 37.5601 ], [ -105.588, 37.4873 ], [ -105.595, 37.4818 ], [ -105.6034, 37.4741 ], [ -105.622, 37.4592 ], [ -105.6366, 37.4463 ], [ -105.7433, 37.3568 ], [ -105.8053, 37.3562 ], [ -105.9293, 37.3562 ], [ -105.9473, 37.3566 ], [ -105.9835, 37.3562 ], [ -106.0389, 37.357 ], [ -106.0394, 37.4135 ], [ -106.0393, 37.577 ] ] ] } },
{ "type": "Feature", "properties": { "id": "Phillips" }, "geometry": { "type": "Polygon", "coordinates": [ [ [ -102.3823, 40.7494 ], [ -102.1908, 40.7489 ], [ -102.0634, 40.7498 ], [ -102.0514, 40.7496 ], [ -102.0515, 40.44 ], [ -102.2505, 40.4395 ], [ -102.4157, 40.4396 ], [ -102.4163, 40.4399 ], [ -102.5348, 40.4387 ], [ -102.6648, 40.4385 ], [ -102.6656, 40.6117 ], [ -102.6647, 40.7052 ], [ -102.6509, 40.7053 ], [ -102.6513, 40.7494 ], [ -102.3823, 40.7494 ] ] ] } },
{ "type": "Feature", "properties": { "id": "Ouray" }, "geometry": { "type": "Polygon", "coordinates": [ [ [ -107.9557, 38.2265 ], [ -107.9654, 38.2265 ], [ -107.9654, 38.234 ], [ -107.9842, 38.2339 ], [ -107.9841, 38.2484 ], [ -108.0115, 38.2482 ], [ -108.0115, 38.2553 ], [ -108.0866, 38.2552 ], [ -108.0872, 38.2626 ], [ -108.0864, 38.2843 ], [ -108.1042, 38.2842 ], [ -108.1048, 38.3137 ], [ -108.1233, 38.3136 ], [ -108.1237, 38.3209 ], [ -108.1317, 38.3208 ], [ -108.1324, 38.3316 ], [ -108.1053, 38.3321 ], [ -108.0117, 38.332 ], [ -108.0006, 38.3325 ], [ -107.8756, 38.3328 ], [ -107.8666, 38.3322 ], [ -107.6357, 38.3321 ], [ -107.6354, 38.3309 ], [ -107.6336, 38.3299 ], [ -107.6323, 38.3269 ], [ -107.631, 38.3257 ], [ -107.6335, 38.3225 ], [ -107.6337, 38.3205 ], [ -107.6357, 38.3183 ], [ -107.6365, 38.3163 ], [ -107.6353, 38.3121 ], [ -107.633, 38.3095 ], [ -107.6352, 38.3023 ], [ -107.6317, 38.2973 ], [ -107.6312, 38.2952 ], [ -107.6296, 38.2942 ], [ -107.6301, 38.2923 ], [ -107.6298, 38.2913 ], [ -107.629, 38.2909 ], [ -107.6296, 38.2887 ], [ -107.6292, 38.2879 ], [ -107.6266, 38.286 ], [ -107.6245, 38.2797 ], [ -107.6232, 38.279 ], [ -107.6199, 38.2753 ], [ -107.6171, 38.2754 ], [ -107.6171, 38.2725 ], [ -107.6147, 38.2701 ], [ -107.6154, 38.269 ], [ -107.6127, 38.2636 ], [ -107.6127, 38.2622 ], [ -107.6116, 38.2608 ], [ -107.607, 38.2579 ], [ -107.6021, 38.2555 ], [ -107.6002, 38.2539 ], [ -107.5974, 38.2534 ], [ -107.594, 38.2535 ], [ -107.5907, 38.252 ], [ -107.5887, 38.2493 ], [ -107.5886, 38.2468 ], [ -107.5866, 38.243 ], [ -107.5875, 38.2402 ], [ -107.5849, 38.2363 ], [ -107.5827, 38.2346 ], [ -107.5821, 38.2311 ], [ -107.5811, 38.2307 ], [ -107.5802, 38.2308 ], [ -107.5799, 38.2279 ], [ -107.5804, 38.225 ], [ -107.579, 38.2227 ], [ -107.5795, 38.2203 ], [ -107.5809, 38.2181 ], [ -107.5799, 38.2148 ], [ -107.581, 38.2127 ], [ -107.5787, 38.212 ], [ -107.5774, 38.2104 ], [ -107.5756, 38.2098 ], [ -107.5751, 38.2056 ], [ -107.5758, 38.2027 ], [ -107.5755, 38.2 ], [ -107.5744, 38.1984 ], [ -107.5743, 38.1968 ], [ -107.5733, 38.1962 ], [ -107.5735, 38.1948 ], [ -107.5726, 38.1941 ], [ -107.5721, 38.1901 ], [ -107.5723, 38.1874 ], [ -107.5708, 38.184 ], [ -107.5703, 38.1814 ], [ -107.568, 38.1808 ], [ -107.568, 38.1795 ], [ -107.5666, 38.1766 ], [ -107.568, 38.1715 ], [ -107.5665, 38.1707 ], [ -107.5663, 38.1687 ], [ -107.5643, 38.1667 ], [ -107.5622, 38.1588 ], [ -107.5631, 38.1562 ], [ -107.5632, 38.1529 ], [ -107.5644, 38.1503 ], [ -107.5647, 38.1498 ], [ -107.5686, 38.1488 ], [ -107.5682, 38.1477 ], [ -107.5716, 38.1433 ], [ -107.5728, 38.1384 ], [ -107.5737, 38.1378 ], [ -107.5742, 38.136 ], [ -107.5735, 38.135 ], [ -107.57, 38.1347 ], [ -107.5692, 38.134 ], [ -107.5697, 38.1333 ], [ -107.5685, 38.131 ], [ -107.5647, 38.1279 ], [ -107.5633, 38.1237 ], [ -107.5642, 38.1191 ], [ -107.5639, 38.1171 ], [ -107.5618, 38.114 ], [ -107.5609, 38.1105 ], [ -107.5616, 38.1089 ], [ -107.5613, 38.1074 ], [ -107.562, 38.1069 ], [ -107.5625, 38.1048 ], [ -107.5623, 38.1015 ], [ -107.5631, 38.1004 ], [ -107.5654, 38.0989 ], [ -107.5651, 38.0979 ], [ -107.5598, 38.0917 ], [ -107.5604, 38.0906 ], [ -107.5599, 38.0878 ], [ -107.5574, 38.0857 ], [ -107.5563, 38.0829 ], [ -107.5541, 38.0795 ], [ -107.5503, 38.0782 ], [ -107.5483, 38.0787 ], [ -107.5444, 38.0807 ], [ -107.5415, 38.0797 ], [ -107.5374, 38.0794 ], [ -107.5333, 38.0801 ], [ -107.5301, 38.0765 ], [ -107.5291, 38.0768 ], [ -107.528, 38.0757 ], [ -107.5265, 38.0759 ], [ -107.5263, 38.0753 ], [ -107.5248, 38.0745 ], [ -107.5244, 38.0728 ], [ -107.5233, 38.072 ], [ -107.5221, 38.0717 ], [ -107.5205, 38.0704 ], [ -107.5168, 38.0697 ], [ -107.5153, 38.0678 ], [ -107.5145, 38.0643 ], [ -107.5109, 38.0609 ], [ -107.5114, 38.0602 ], [ -107.5159, 38.0579 ], [ -107.5188, 38.0583 ], [ -107.5223, 38.0572 ], [ -107.523, 38.0553 ], [ -107.5211, 38.0518 ], [ -107.5228, 38.0482 ], [ -107.5216, 38.0474 ], [ -107.5206, 38.0457 ], [ -107.5223, 38.0442 ], [ -107.5221, 38.042 ], [ -107.5253, 38.039 ], [ -107.527, 38.0399 ], [ -107.5311, 38.039 ], [ -107.5318, 38.037 ], [ -107.5375, 38.0323 ], [ -107.5367, 38.0305 ], [ -107.5369, 38.0287 ], [ -107.5389, 38.0282 ], [ -107.5399, 38.0271 ], [ -107.539, 38.0254 ], [ -107.5374, 38.0244 ], [ -107.5366, 38.0227 ], [ -107.5376, 38.0197 ], [ -107.5394, 38.0177 ], [ -107.5394, 38.0147 ], [ -107.5379, 38.0131 ], [ -107.538, 38.0089 ], [ -107.5434, 38.0058 ], [ -107.5467, 38.0004 ], [ -107.5499, 37.9983 ], [ -107.5543, 37.9995 ], [ -107.5565, 37.9992 ], [ -107.5598, 38.0011 ], [ -107.5615, 38.0028 ], [ -107.566, 38.0052 ], [ -107.5695, 38.0054 ], [ -107.5741, 38.0063 ], [ -107.5743, 38.0047 ], [ -107.5804, 38.0005 ], [ -107.5867, 37.9994 ], [ -107.5868, 37.9938 ], [ -107.5914, 37.9923 ], [ -107.5898, 37.9896 ], [ -107.5882, 37.9828 ], [ -107.5844, 37.9771 ], [ -107.5842, 37.976 ], [ -107.5882, 37.9703 ], [ -107.587, 37.9685 ], [ -107.583, 37.9679 ], [ -107.5803, 37.9685 ], [ -107.5758, 37.9673 ], [ -107.5727, 37.9672 ], [ -107.5707, 37.966 ], [ -107.569, 37.966 ], [ -107.5689, 37.965 ], [ -107.6416, 37.965 ], [ -107.6413, 37.9632 ], [ -107.6404, 37.962 ], [ -107.641, 37.9596 ], [ -107.6399, 37.9579 ], [ -107.642, 37.9554 ], [ -107.6429, 37.9531 ], [ -107.6427, 37.9496 ], [ -107.6409, 37.9472 ], [ -107.642, 37.9437 ], [ -107.6412, 37.9426 ], [ -107.6405, 37.9394 ], [ -107.6428, 37.9366 ], [ -107.6419, 37.9314 ], [ -107.64, 37.9295 ], [ -107.6393, 37.9259 ], [ -107.6382, 37.925 ], [ -107.6375, 37.9236 ], [ -107.6379, 37.9209 ], [ -107.6413, 37.9188 ], [ -107.6456, 37.9175 ], [ -107.6468, 37.9167 ], [ -107.6464, 37.9153 ], [ -107.6472, 37.9134 ], [ -107.6488, 37.913 ], [ -107.6495, 37.9109 ], [ -107.6506, 37.9096 ], [ -107.6516, 37.9097 ], [ -107.6527, 37.9089 ], [ -107.6567, 37.908 ], [ -107.6613, 37.9094 ], [ -107.6623, 37.9075 ], [ -107.6615, 37.9066 ], [ -107.6628, 37.9055 ], [ -107.6638, 37.9035 ], [ -107.6654, 37.9034 ], [ -107.6663, 37.903 ], [ -107.6716, 37.9029 ], [ -107.6737, 37.9035 ], [ -107.6761, 37.9036 ], [ -107.6785, 37.9045 ], [ -107.6806, 37.9041 ], [ -107.6833, 37.9009 ], [ -107.6848, 37.9009 ], [ -107.6886, 37.9018 ], [ -107.6895, 37.9012 ], [ -107.6896, 37.8998 ], [ -107.6905, 37.8982 ], [ -107.6924, 37.8975 ], [ -107.694, 37.8935 ], [ -107.6957, 37.8924 ], [ -107.6972, 37.8928 ], [ -107.7006, 37.892 ], [ -107.7013, 37.8922 ], [ -107.7017, 37.8929 ], [ -107.7051, 37.894 ], [ -107.7072, 37.8936 ], [ -107.7081, 37.8966 ], [ -107.7076, 37.8986 ], [ -107.7093, 37.8994 ], [ -107.7112, 37.8986 ], [ -107.7129, 37.8989 ], [ -107.7137, 37.8982 ], [ -107.7158, 37.8977 ], [ -107.7166, 37.8971 ], [ -107.7188, 37.8972 ], [ -107.7195, 37.8979 ], [ -107.7209, 37.8974 ], [ -107.7233, 37.8988 ], [ -107.7244, 37.8988 ], [ -107.7296, 37.9027 ], [ -107.7326, 37.9042 ], [ -107.7367, 37.9046 ], [ -107.7378, 37.905 ], [ -107.7383, 37.9054 ], [ -107.7367, 37.9077 ], [ -107.7364, 37.9095 ], [ -107.735, 37.9109 ], [ -107.737, 37.9146 ], [ -107.7375, 37.9177 ], [ -107.7332, 37.9203 ], [ -107.7333, 37.9221 ], [ -107.7356, 37.9249 ], [ -107.7333, 37.9269 ], [ -107.7328, 37.93 ], [ -107.7361, 37.9323 ], [ -107.7379, 37.9345 ], [ -107.7391, 37.9393 ], [ -107.7424, 37.9404 ], [ -107.7439, 37.942 ], [ -107.7443, 37.9458 ], [ -107.7489, 37.9531 ], [ -107.7558, 37.9546 ], [ -107.7589, 37.9584 ], [ -107.7609, 37.9596 ], [ -107.7636, 37.9592 ], [ -107.7658, 37.961 ], [ -107.7693, 37.962 ], [ -107.7713, 37.9617 ], [ -107.7761, 37.962 ], [ -107.7787, 37.9609 ], [ -107.7804, 37.9619 ], [ -107.7846, 37.9686 ], [ -107.7854, 37.971 ], [ -107.7892, 37.9753 ], [ -107.7871, 37.9772 ], [ -107.7868, 37.9785 ], [ -107.7889, 37.9806 ], [ -107.7917, 37.9824 ], [ -107.7933, 37.9853 ], [ -107.7933, 37.9864 ], [ -107.7955, 37.9885 ], [ -107.7996, 37.9883 ], [ -107.802, 37.9869 ], [ -107.8049, 37.9888 ], [ -107.8081, 37.9893 ], [ -107.8098, 37.9901 ], [ -107.8111, 37.99 ], [ -107.8143, 37.9907 ], [ -107.8156, 37.9894 ], [ -107.8169, 37.9892 ], [ -107.8195, 37.9897 ], [ -107.8214, 37.9892 ], [ -107.8219, 37.9886 ], [ -107.8248, 37.9882 ], [ -107.826, 37.9887 ], [ -107.8298, 37.989 ], [ -107.8327, 37.9907 ], [ -107.8377, 37.9925 ], [ -107.8431, 37.9917 ], [ -107.8487, 37.9925 ], [ -107.8494, 37.9944 ], [ -107.8477, 37.9975 ], [ -107.8437, 37.9991 ], [ -107.8415, 38.0011 ], [ -107.8414, 38.0029 ], [ -107.8423, 38.0058 ], [ -107.8445, 38.0059 ], [ -107.8491, 38.0086 ], [ -107.8501, 38.0083 ], [ -107.8558, 38.0087 ], [ -107.859, 38.0084 ], [ -107.8624, 38.0094 ], [ -107.8659, 38.008 ], [ -107.8697, 38.0073 ], [ -107.8724, 38.0073 ], [ -107.8736, 38.0068 ], [ -107.875, 38.0069 ], [ -107.8787, 38.0082 ], [ -107.8833, 38.0074 ], [ -107.8897, 38.0116 ], [ -107.891, 38.0135 ], [ -107.891, 38.0146 ], [ -107.89, 38.0156 ], [ -107.8893, 38.0176 ], [ -107.8914, 38.0225 ], [ -107.8908, 38.0235 ], [ -107.891, 38.025 ], [ -107.9001, 38.026 ], [ -107.8988, 38.0294 ], [ -107.8967, 38.0316 ], [ -107.8966, 38.0348 ], [ -107.8932, 38.0392 ], [ -107.8933, 38.0416 ], [ -107.8929, 38.0427 ], [ -107.8918, 38.0436 ], [ -107.8885, 38.0448 ], [ -107.888, 38.0454 ], [ -107.8914, 38.0487 ], [ -107.892, 38.0514 ], [ -107.892, 38.0578 ], [ -107.8938, 38.0577 ], [ -107.8929, 38.0725 ], [ -107.8967, 38.0868 ], [ -107.8921, 38.087 ], [ -107.8925, 38.1013 ], [ -107.8915, 38.1014 ], [ -107.8915, 38.116 ], [ -107.9516, 38.1161 ], [ -107.9517, 38.145 ], [ -107.9655, 38.1449 ], [ -107.9658, 38.1523 ], [ -107.947, 38.1525 ], [ -107.9477, 38.1738 ], [ -107.9381, 38.1739 ], [ -107.9376, 38.219 ], [ -107.947, 38.2189 ], [ -107.9471, 38.2265 ], [ -107.9557, 38.2265 ] ] ] } },
{ "type": "Feature", "properties": { "id": "Mesa" }, "geometry": { "type": "Polygon", "coordinates": [ [ [ -108.2304, 38.8778 ], [ -108.379, 38.8291 ], [ -108.3787, 38.5022 ], [ -108.3791, 38.5 ], [ -108.7196, 38.5 ], [ -109.06, 38.5 ], [ -109.0603, 38.5993 ], [ -109.0595, 38.72 ], [ -109.0574, 38.7953 ], [ -109.0542, 38.875 ], [ -109.0524, 39.0 ], [ -109.0508, 39.3667 ], [ -108.9811, 39.3663 ], [ -108.9081, 39.3667 ], [ -108.8659, 39.3662 ], [ -108.4096, 39.366 ], [ -108.4082, 39.3665 ], [ -108.3756, 39.3666 ], [ -108.3676, 39.3661 ], [ -108.2584, 39.3662 ], [ -108.2487, 39.3666 ], [ -108.2116, 39.3662 ], [ -107.9884, 39.3661 ], [ -107.7133, 39.3661 ], [ -107.4309, 39.3662 ], [ -107.4285, 39.3625 ], [ -107.4291, 39.3592 ], [ -107.4288, 39.3562 ], [ -107.4304, 39.3538 ], [ -107.4305, 39.3482 ], [ -107.4331, 39.347 ], [ -107.4356, 39.3469 ], [ -107.4368, 39.3464 ], [ -107.4389, 39.3433 ], [ -107.4383, 39.3422 ], [ -107.4385, 39.341 ], [ -107.4429, 39.3391 ], [ -107.4455, 39.3353 ], [ -107.45, 39.3327 ], [ -107.4508, 39.33 ], [ -107.4535, 39.3288 ], [ -107.4555, 39.3294 ], [ -107.4577, 39.329 ], [ -107.4625, 39.3272 ], [ -107.4625, 39.3257 ], [ -107.4634, 39.3243 ], [ -107.466, 39.3221 ], [ -107.4641, 39.3203 ], [ -107.4641, 39.3187 ], [ -107.4633, 39.3172 ], [ -107.4652, 39.3143 ], [ -107.4617, 39.3133 ], [ -107.4592, 39.3097 ], [ -107.4569, 39.3092 ], [ -107.4565, 39.3069 ], [ -107.4545, 39.3065 ], [ -107.4517, 39.3045 ], [ -107.4501, 39.3044 ], [ -107.4486, 39.3057 ], [ -107.4472, 39.3058 ], [ -107.4449, 39.3088 ], [ -107.4406, 39.3084 ], [ -107.4388, 39.309 ], [ -107.4377, 39.3067 ], [ -107.4378, 39.3058 ], [ -107.4397, 39.3025 ], [ -107.4379, 39.301 ], [ -107.4375, 39.2996 ], [ -107.4353, 39.2992 ], [ -107.4347, 39.2986 ], [ -107.4312, 39.299 ], [ -107.4212, 39.2969 ], [ -107.4186, 39.2948 ], [ -107.415, 39.2938 ], [ -107.4126, 39.2919 ], [ -107.4086, 39.2941 ], [ -107.4068, 39.293 ], [ -107.4049, 39.2927 ], [ -107.4028, 39.2932 ], [ -107.3985, 39.2951 ], [ -107.397, 39.2945 ], [ -107.3967, 39.2939 ], [ -107.3977, 39.2918 ], [ -107.3965, 39.2907 ], [ -107.3961, 39.2895 ], [ -107.397, 39.2836 ], [ -107.3957, 39.2823 ], [ -107.394, 39.2816 ], [ -107.3941, 39.2794 ], [ -107.3883, 39.2783 ], [ -107.3822, 39.2751 ], [ -107.3798, 39.2757 ], [ -107.3793, 39.2755 ], [ -107.3784, 39.2748 ], [ -107.3775, 39.2722 ], [ -107.3783, 39.2703 ], [ -107.3799, 39.2686 ], [ -107.3835, 39.2678 ], [ -107.3915, 39.2639 ], [ -107.3914, 39.2606 ], [ -107.3937, 39.259 ], [ -107.3945, 39.2563 ], [ -107.3979, 39.2537 ], [ -107.4003, 39.2529 ], [ -107.4033, 39.2539 ], [ -107.4072, 39.2534 ], [ -107.4093, 39.2544 ], [ -107.4126, 39.2544 ], [ -107.4148, 39.2556 ], [ -107.4162, 39.2558 ], [ -107.4181, 39.2558 ], [ -107.4197, 39.2553 ], [ -107.4219, 39.2556 ], [ -107.4244, 39.2565 ], [ -107.4246, 39.2576 ], [ -107.4296, 39.2573 ], [ -107.4305, 39.2565 ], [ -107.4299, 39.2553 ], [ -107.4301, 39.2525 ], [ -107.4294, 39.2506 ], [ -107.4304, 39.249 ], [ -107.4306, 39.2474 ], [ -107.4292, 39.2422 ], [ -107.4297, 39.241 ], [ -107.4313, 39.2401 ], [ -107.4358, 39.2391 ], [ -107.4395, 39.2369 ], [ -107.4428, 39.2365 ], [ -107.4442, 39.2343 ], [ -107.4498, 39.2323 ], [ -107.4511, 39.2307 ], [ -107.4526, 39.2303 ], [ -107.4586, 39.2294 ], [ -107.4608, 39.2303 ], [ -107.4639, 39.2284 ], [ -107.4657, 39.2286 ], [ -107.4693, 39.2284 ], [ -107.4713, 39.2292 ], [ -107.4747, 39.229 ], [ -107.4779, 39.2308 ], [ -107.4789, 39.2336 ], [ -107.4809, 39.234 ], [ -107.4829, 39.2356 ], [ -107.4842, 39.2354 ], [ -107.4869, 39.2268 ], [ -107.4878, 39.2256 ], [ -107.4923, 39.222 ], [ -107.4945, 39.2184 ], [ -107.4976, 39.2175 ], [ -107.501, 39.2179 ], [ -107.5024, 39.2174 ], [ -107.5048, 39.2173 ], [ -107.5062, 39.2165 ], [ -107.5073, 39.2168 ], [ -107.5107, 39.2162 ], [ -107.5138, 39.214 ], [ -107.5203, 39.2065 ], [ -107.5237, 39.2055 ], [ -107.5245, 39.2047 ], [ -107.5275, 39.2039 ], [ -107.5288, 39.2029 ], [ -107.5289, 39.2023 ], [ -107.5261, 39.2007 ], [ -107.5233, 39.1978 ], [ -107.5274, 39.1989 ], [ -107.5333, 39.1989 ], [ -107.5376, 39.1979 ], [ -107.5426, 39.1955 ], [ -107.5436, 39.1939 ], [ -107.5428, 39.1917 ], [ -107.5438, 39.1862 ], [ -107.5434, 39.1854 ], [ -107.5417, 39.1846 ], [ -107.5428, 39.1822 ], [ -107.549, 39.1812 ], [ -107.5546, 39.1789 ], [ -107.5581, 39.1783 ], [ -107.5608, 39.1784 ], [ -107.5648, 39.1806 ], [ -107.5684, 39.1813 ], [ -107.5698, 39.1801 ], [ -107.571, 39.1776 ], [ -107.573, 39.1763 ], [ -107.577, 39.1749 ], [ -107.5813, 39.1745 ], [ -107.5836, 39.1737 ], [ -107.5847, 39.1718 ], [ -107.5882, 39.1694 ], [ -107.5894, 39.1679 ], [ -107.5928, 39.1659 ], [ -107.5933, 39.1649 ], [ -107.601, 39.1641 ], [ -107.6053, 39.1621 ], [ -107.6071, 39.1618 ], [ -107.6098, 39.1589 ], [ -107.6111, 39.1565 ], [ -107.6139, 39.1546 ], [ -107.6169, 39.1555 ], [ -107.6191, 39.1549 ], [ -107.6199, 39.1541 ], [ -107.6201, 39.1522 ], [ -107.6213, 39.151 ], [ -107.6246, 39.1502 ], [ -107.6262, 39.1492 ], [ -107.6278, 39.149 ], [ -107.6289, 39.148 ], [ -107.6301, 39.1466 ], [ -107.6308, 39.1438 ], [ -107.6316, 39.143 ], [ -107.6324, 39.1409 ], [ -107.6347, 39.1409 ], [ -107.6383, 39.1419 ], [ -107.64, 39.1405 ], [ -107.6414, 39.1381 ], [ -107.6456, 39.1344 ], [ -107.6479, 39.1313 ], [ -107.6513, 39.1309 ], [ -107.6536, 39.1266 ], [ -107.6538, 39.124 ], [ -107.6566, 39.1227 ], [ -107.6584, 39.1198 ], [ -107.6611, 39.1183 ], [ -107.6627, 39.1162 ], [ -107.6618, 39.114 ], [ -107.6598, 39.1125 ], [ -107.6603, 39.1118 ], [ -107.6646, 39.1094 ], [ -107.6699, 39.1086 ], [ -107.6714, 39.1076 ], [ -107.6732, 39.1044 ], [ -107.6738, 39.1011 ], [ -107.6763, 39.1004 ], [ -107.6808, 39.1003 ], [ -107.6829, 39.0927 ], [ -107.6853, 39.0909 ], [ -107.6876, 39.088 ], [ -107.6896, 39.0872 ], [ -107.6935, 39.0875 ], [ -107.6941, 39.0869 ], [ -107.6941, 39.0851 ], [ -107.7, 39.0839 ], [ -107.7039, 39.085 ], [ -107.7091, 39.0831 ], [ -107.7102, 39.0822 ], [ -107.7101, 39.0812 ], [ -107.7126, 39.0808 ], [ -107.7133, 39.0803 ], [ -107.713, 39.0791 ], [ -107.715, 39.076 ], [ -107.7163, 39.0743 ], [ -107.7176, 39.0739 ], [ -107.7187, 39.0717 ], [ -107.7208, 39.07 ], [ -107.7214, 39.0689 ], [ -107.7221, 39.0686 ], [ -107.7218, 39.0675 ], [ -107.7222, 39.0666 ], [ -107.7216, 39.0653 ], [ -107.7299, 39.0661 ], [ -107.7311, 39.0656 ], [ -107.7322, 39.063 ], [ -107.7326, 39.063 ], [ -107.735, 39.0663 ], [ -107.737, 39.0655 ], [ -107.738, 39.0662 ], [ -107.7425, 39.0638 ], [ -107.7444, 39.0622 ], [ -107.7447, 39.0607 ], [ -107.7441, 39.0602 ], [ -107.7449, 39.0597 ], [ -107.7425, 39.0593 ], [ -107.7436, 39.0579 ], [ -107.7456, 39.0576 ], [ -107.7474, 39.0559 ], [ -107.7506, 39.054 ], [ -107.7527, 39.0544 ], [ -107.7556, 39.0539 ], [ -107.7564, 39.0523 ], [ -107.7562, 39.0497 ], [ -107.7578, 39.0493 ], [ -107.7587, 39.0479 ], [ -107.7615, 39.0476 ], [ -107.7635, 39.0469 ], [ -107.7655, 39.0433 ], [ -107.7672, 39.044 ], [ -107.7711, 39.0437 ], [ -107.774, 39.0471 ], [ -107.7767, 39.0483 ], [ -107.7801, 39.0526 ], [ -107.7837, 39.0539 ], [ -107.7863, 39.0562 ], [ -107.7889, 39.0563 ], [ -107.791, 39.0592 ], [ -107.7942, 39.0617 ], [ -107.8013, 39.0636 ], [ -107.8021, 39.0648 ], [ -107.8135, 39.0673 ], [ -107.819, 39.0696 ], [ -107.8197, 39.0709 ], [ -107.8224, 39.0704 ], [ -107.8258, 39.0716 ], [ -107.8282, 39.0718 ], [ -107.8297, 39.0728 ], [ -107.8321, 39.0734 ], [ -107.836, 39.0756 ], [ -107.84, 39.0772 ], [ -107.8418, 39.0767 ], [ -107.8459, 39.0773 ], [ -107.8473, 39.0781 ], [ -107.8489, 39.0778 ], [ -107.8521, 39.0785 ], [ -107.8534, 39.0783 ], [ -107.8548, 39.0768 ], [ -107.8558, 39.0768 ], [ -107.8572, 39.0794 ], [ -107.8586, 39.0802 ], [ -107.8603, 39.0792 ], [ -107.8614, 39.0776 ], [ -107.8626, 39.0789 ], [ -107.8652, 39.0766 ], [ -107.8665, 39.0762 ], [ -107.8676, 39.0744 ], [ -107.8691, 39.0743 ], [ -107.8703, 39.075 ], [ -107.8726, 39.0738 ], [ -107.8748, 39.0724 ], [ -107.8752, 39.0709 ], [ -107.8809, 39.071 ], [ -107.8831, 39.0696 ], [ -107.8855, 39.0687 ], [ -107.8869, 39.0674 ], [ -107.8909, 39.0663 ], [ -107.8931, 39.0658 ], [ -107.8956, 39.0662 ], [ -107.8997, 39.0659 ], [ -107.9074, 39.0605 ], [ -107.909, 39.0605 ], [ -107.9095, 39.0615 ], [ -107.911, 39.0624 ], [ -107.9139, 39.0627 ], [ -107.9175, 39.064 ], [ -107.9278, 39.0625 ], [ -107.9369, 39.0621 ], [ -107.9418, 39.0608 ], [ -107.9495, 39.0603 ], [ -107.9512, 39.0597 ], [ -107.9592, 39.0603 ], [ -107.9643, 39.0597 ], [ -107.9726, 39.0612 ], [ -107.9822, 39.0599 ], [ -107.9838, 39.0582 ], [ -107.9872, 39.0529 ], [ -108.0006, 39.0454 ], [ -108.0023, 39.0432 ], [ -108.0043, 39.0419 ], [ -108.0095, 39.0397 ], [ -108.0131, 39.0373 ], [ -108.0159, 39.0361 ], [ -108.0194, 39.0335 ], [ -108.0207, 39.0333 ], [ -108.023, 39.0309 ], [ -108.0258, 39.0298 ], [ -108.0281, 39.0297 ], [ -108.0308, 39.0284 ], [ -108.032, 39.0274 ], [ -108.0329, 39.0246 ], [ -108.0358, 39.0206 ], [ -108.0361, 39.0172 ], [ -108.0383, 39.0157 ], [ -108.0433, 39.0139 ], [ -108.0445, 39.0121 ], [ -108.0468, 39.0122 ], [ -108.0478, 39.0115 ], [ -108.0495, 39.0147 ], [ -108.0504, 39.0151 ], [ -108.0538, 39.0141 ], [ -108.056, 39.0106 ], [ -108.0597, 39.0067 ], [ -108.0614, 39.0053 ], [ -108.0631, 39.005 ], [ -108.0645, 39.0042 ], [ -108.0663, 39.0009 ], [ -108.07, 38.9966 ], [ -108.073, 38.995 ], [ -108.0762, 38.9926 ], [ -108.0797, 38.9911 ], [ -108.0817, 38.9894 ], [ -108.0829, 38.9873 ], [ -108.0857, 38.9852 ], [ -108.0869, 38.983 ], [ -108.0898, 38.9811 ], [ -108.0934, 38.9806 ], [ -108.0947, 38.98 ], [ -108.0941, 38.9785 ], [ -108.092, 38.9762 ], [ -108.0904, 38.9716 ], [ -108.0869, 38.9678 ], [ -108.0875, 38.9648 ], [ -108.0873, 38.9632 ], [ -108.0888, 38.9622 ], [ -108.0898, 38.9602 ], [ -108.0915, 38.9594 ], [ -108.0934, 38.9575 ], [ -108.0956, 38.9568 ], [ -108.0955, 38.9545 ], [ -108.0976, 38.9536 ], [ -108.1023, 38.9492 ], [ -108.1096, 38.9389 ], [ -108.1175, 38.9319 ], [ -108.1189, 38.929 ], [ -108.1218, 38.9264 ], [ -108.1256, 38.9241 ], [ -108.1274, 38.9238 ], [ -108.1307, 38.9223 ], [ -108.1326, 38.9229 ], [ -108.1334, 38.924 ], [ -108.1377, 38.9261 ], [ -108.1391, 38.9259 ], [ -108.1405, 38.9252 ], [ -108.1409, 38.9242 ], [ -108.1404, 38.9209 ], [ -108.1444, 38.9185 ], [ -108.1448, 38.9169 ], [ -108.1442, 38.9149 ], [ -108.1418, 38.9119 ], [ -108.1403, 38.9088 ], [ -108.1411, 38.9065 ], [ -108.1448, 38.9075 ], [ -108.147, 38.9075 ], [ -108.1491, 38.9056 ], [ -108.1507, 38.9027 ], [ -108.1525, 38.9013 ], [ -108.1555, 38.9015 ], [ -108.1594, 38.9011 ], [ -108.1632, 38.9021 ], [ -108.1663, 38.9022 ], [ -108.1686, 38.9008 ], [ -108.1705, 38.8983 ], [ -108.1742, 38.8982 ], [ -108.1758, 38.8975 ], [ -108.177, 38.8953 ], [ -108.2304, 38.8778 ] ] ] } },
{ "type": "Feature", "properties": { "id": "Saguache" }, "geometry": { "type": "Polygon", "coordinates": [ [ [ -106.6938, 37.8483 ], [ -106.6935, 37.8735 ], [ -106.6972, 37.8761 ], [ -106.7015, 37.8764 ], [ -106.7045, 37.8758 ], [ -106.7065, 37.875 ], [ -106.708, 37.8735 ], [ -106.7124, 37.872 ], [ -106.7147, 37.8719 ], [ -106.7187, 37.8728 ], [ -106.7229, 37.875 ], [ -106.7367, 37.8879 ], [ -106.7506, 37.8815 ], [ -106.7558, 37.8806 ], [ -106.7731, 37.8856 ], [ -106.7785, 37.8949 ], [ -106.7954, 37.9096 ], [ -106.801, 37.9137 ], [ -106.8069, 37.9148 ], [ -106.8079, 37.9154 ], [ -106.8184, 37.914 ], [ -106.8245, 37.9187 ], [ -106.8299, 37.9179 ], [ -106.834, 37.9189 ], [ -106.8473, 37.9192 ], [ -106.8592, 37.9286 ], [ -106.8642, 37.9332 ], [ -106.8663, 37.9341 ], [ -106.8687, 37.9379 ], [ -106.8698, 37.9415 ], [ -106.8744, 37.9427 ], [ -106.8771, 37.9486 ], [ -106.8799, 37.9499 ], [ -106.8791, 37.9564 ], [ -106.8783, 37.9585 ], [ -106.8793, 37.9599 ], [ -106.8792, 37.9611 ], [ -106.8804, 37.9612 ], [ -106.8814, 37.9622 ], [ -106.8828, 37.9615 ], [ -106.8896, 37.9619 ], [ -106.8946, 37.9671 ], [ -106.8978, 37.9679 ], [ -106.9052, 37.9639 ], [ -106.9087, 37.9641 ], [ -106.9116, 37.9665 ], [ -106.9167, 37.9664 ], [ -106.9203, 37.9674 ], [ -106.9207, 37.9664 ], [ -106.9224, 37.9656 ], [ -106.9301, 37.9633 ], [ -106.9338, 37.9609 ], [ -106.9353, 37.9604 ], [ -106.9354, 37.9588 ], [ -106.9374, 37.9566 ], [ -106.9415, 37.9543 ], [ -106.9445, 37.9537 ], [ -106.9463, 37.954 ], [ -106.9491, 37.9567 ], [ -106.9506, 37.9567 ], [ -106.9524, 37.9574 ], [ -106.9524, 37.9619 ], [ -106.953, 37.9628 ], [ -106.9554, 37.965 ], [ -106.9614, 37.968 ], [ -106.9622, 37.9675 ], [ -106.9625, 37.9678 ], [ -106.9619, 37.9689 ], [ -106.9625, 37.9723 ], [ -106.964, 37.9725 ], [ -106.968, 37.975 ], [ -106.9699, 37.9731 ], [ -106.9779, 37.9691 ], [ -106.9858, 37.969 ], [ -106.9869, 37.9694 ], [ -106.9874, 37.9692 ], [ -106.9876, 37.9637 ], [ -106.9883, 37.9621 ], [ -106.9898, 37.961 ], [ -106.9944, 37.9608 ], [ -106.996, 37.9602 ], [ -106.9969, 37.9604 ], [ -106.9977, 37.9573 ], [ -106.9993, 37.957 ], [ -107.0006, 37.956 ], [ -107.0015, 38.0 ], [ -107.0019, 38.0928 ], [ -107.0011, 38.1526 ], [ -107.0006, 38.4256 ], [ -106.6256, 38.4244 ], [ -106.5006, 38.4244 ], [ -106.1408, 38.4221 ], [ -106.0881, 38.4223 ], [ -106.0861, 38.4241 ], [ -106.0841, 38.4229 ], [ -106.0759, 38.4238 ], [ -106.0746, 38.425 ], [ -106.0743, 38.4265 ], [ -106.0721, 38.4274 ], [ -106.0712, 38.4292 ], [ -106.0694, 38.4302 ], [ -106.0692, 38.4312 ], [ -106.0701, 38.4323 ], [ -106.0664, 38.4338 ], [ -106.0626, 38.4392 ], [ -106.0605, 38.4411 ], [ -106.0581, 38.4442 ], [ -106.0589, 38.4481 ], [ -106.0622, 38.4503 ], [ -106.06, 38.4527 ], [ -106.0603, 38.455 ], [ -106.0586, 38.4569 ], [ -106.0557, 38.4549 ], [ -106.0521, 38.4542 ], [ -106.0509, 38.4544 ], [ -106.0438, 38.4574 ], [ -106.0428, 38.4583 ], [ -106.0416, 38.4573 ], [ -106.0309, 38.4535 ], [ -106.019, 38.4544 ], [ -106.0169, 38.4518 ], [ -106.0177, 38.4487 ], [ -106.016, 38.4476 ], [ -106.0108, 38.4466 ], [ -106.0125, 38.445 ], [ -106.0128, 38.4408 ], [ -106.0123, 38.4389 ], [ -106.011, 38.4372 ], [ -106.0087, 38.4355 ], [ -106.0075, 38.4332 ], [ -106.0016, 38.4311 ], [ -106.0003, 38.4278 ], [ -106.0007, 38.4253 ], [ -105.9968, 38.4203 ], [ -105.9939, 38.4194 ], [ -105.992, 38.4196 ], [ -105.9873, 38.4188 ], [ -105.984, 38.42 ], [ -105.9804, 38.4173 ], [ -105.9792, 38.4141 ], [ -105.9769, 38.413 ], [ -105.9734, 38.4095 ], [ -105.9702, 38.41 ], [ -105.9679, 38.4088 ], [ -105.9634, 38.4047 ], [ -105.9607, 38.4031 ], [ -105.9598, 38.4013 ], [ -105.9599, 38.398 ], [ -105.9595, 38.3971 ], [ -105.9557, 38.3944 ], [ -105.9507, 38.3937 ], [ -105.95, 38.3923 ], [ -105.9476, 38.3905 ], [ -105.9471, 38.3855 ], [ -105.9454, 38.3827 ], [ -105.9446, 38.3786 ], [ -105.9404, 38.377 ], [ -105.9385, 38.3741 ], [ -105.9358, 38.3732 ], [ -105.9314, 38.3698 ], [ -105.927, 38.3687 ], [ -105.9246, 38.3687 ], [ -105.9235, 38.3678 ], [ -105.9207, 38.3676 ], [ -105.9199, 38.3672 ], [ -105.918, 38.3634 ], [ -105.9125, 38.3615 ], [ -105.9108, 38.3592 ], [ -105.9102, 38.3564 ], [ -105.9084, 38.3545 ], [ -105.9063, 38.3533 ], [ -105.902, 38.3525 ], [ -105.9012, 38.3515 ], [ -105.8976, 38.3501 ], [ -105.8954, 38.3474 ], [ -105.8936, 38.3466 ], [ -105.8926, 38.3433 ], [ -105.8908, 38.3414 ], [ -105.8896, 38.3414 ], [ -105.8888, 38.3408 ], [ -105.8883, 38.3379 ], [ -105.8889, 38.3373 ], [ -105.8888, 38.3344 ], [ -105.8869, 38.3325 ], [ -105.8872, 38.3319 ], [ -105.8859, 38.3306 ], [ -105.8851, 38.3289 ], [ -105.8822, 38.3275 ], [ -105.8814, 38.3249 ], [ -105.88, 38.3232 ], [ -105.8798, 38.3212 ], [ -105.8776, 38.3191 ], [ -105.8767, 38.3188 ], [ -105.8769, 38.3171 ], [ -105.8764, 38.316 ], [ -105.8739, 38.3151 ], [ -105.872, 38.3108 ], [ -105.8686, 38.3087 ], [ -105.8685, 38.3078 ], [ -105.8668, 38.3057 ], [ -105.8616, 38.3034 ], [ -105.8583, 38.2984 ], [ -105.8532, 38.2964 ], [ -105.8502, 38.2945 ], [ -105.8494, 38.2924 ], [ -105.8466, 38.2903 ], [ -105.8462, 38.2902 ], [ -105.8428, 38.2932 ], [ -105.8408, 38.2925 ], [ -105.8372, 38.2884 ], [ -105.8317, 38.2862 ], [ -105.8285, 38.2816 ], [ -105.8271, 38.2786 ], [ -105.8215, 38.2761 ], [ -105.8194, 38.2736 ], [ -105.8179, 38.2739 ], [ -105.8146, 38.2727 ], [ -105.8109, 38.2725 ], [ -105.8066, 38.2709 ], [ -105.8047, 38.271 ], [ -105.8, 38.2699 ], [ -105.7977, 38.2668 ], [ -105.7969, 38.2663 ], [ -105.7967, 38.2637 ], [ -105.7957, 38.2601 ], [ -105.7927, 38.2563 ], [ -105.7922, 38.2548 ], [ -105.7891, 38.2518 ], [ -105.7892, 38.2463 ], [ -105.7898, 38.2444 ], [ -105.7879, 38.2421 ], [ -105.7839, 38.2396 ], [ -105.7808, 38.2391 ], [ -105.7755, 38.2358 ], [ -105.7686, 38.234 ], [ -105.7666, 38.2313 ], [ -105.7594, 38.2286 ], [ -105.7565, 38.225 ], [ -105.7559, 38.222 ], [ -105.7565, 38.219 ], [ -105.756, 38.2181 ], [ -105.7506, 38.2142 ], [ -105.7448, 38.2146 ], [ -105.7444, 38.2137 ], [ -105.7407, 38.2103 ], [ -105.7363, 38.2092 ], [ -105.7358, 38.2072 ], [ -105.7342, 38.2051 ], [ -105.733, 38.201 ], [ -105.7326, 38.2007 ], [ -105.7311, 38.2009 ], [ -105.727, 38.1997 ], [ -105.722, 38.1934 ], [ -105.7213, 38.1916 ], [ -105.7173, 38.1881 ], [ -105.716, 38.1852 ], [ -105.7129, 38.1832 ], [ -105.7083, 38.1819 ], [ -105.7081, 38.1804 ], [ -105.7068, 38.1782 ], [ -105.7043, 38.1755 ], [ -105.7022, 38.1742 ], [ -105.7011, 38.172 ], [ -105.7007, 38.1696 ], [ -105.6992, 38.168 ], [ -105.6961, 38.1665 ], [ -105.6932, 38.1657 ], [ -105.6913, 38.1665 ], [ -105.6868, 38.1668 ], [ -105.6862, 38.1653 ], [ -105.6808, 38.1605 ], [ -105.6774, 38.1595 ], [ -105.673, 38.1591 ], [ -105.6728, 38.1568 ], [ -105.6717, 38.1543 ], [ -105.6702, 38.1531 ], [ -105.6711, 38.1511 ], [ -105.6728, 38.1489 ], [ -105.6727, 38.1483 ], [ -105.6753, 38.147 ], [ -105.6763, 38.1459 ], [ -105.6743, 38.1413 ], [ -105.6725, 38.1402 ], [ -105.6734, 38.1374 ], [ -105.6721, 38.1341 ], [ -105.6697, 38.1309 ], [ -105.6702, 38.1286 ], [ -105.667, 38.1263 ], [ -105.665, 38.1243 ], [ -105.6635, 38.122 ], [ -105.6627, 38.1192 ], [ -105.6577, 38.1175 ], [ -105.6585, 38.1152 ], [ -105.6599, 38.1132 ], [ -105.6598, 38.1124 ], [ -105.6613, 38.1115 ], [ -105.6612, 38.1098 ], [ -105.6622, 38.1068 ], [ -105.6615, 38.1064 ], [ -105.6622, 38.1043 ], [ -105.6615, 38.1031 ], [ -105.6614, 38.1005 ], [ -105.6588, 38.0973 ], [ -105.6556, 38.0955 ], [ -105.6551, 38.0936 ], [ -105.6559, 38.0923 ], [ -105.6553, 38.0913 ], [ -105.6536, 38.0909 ], [ -105.6522, 38.0897 ], [ -105.652, 38.0888 ], [ -105.6501, 38.087 ], [ -105.6467, 38.0852 ], [ -105.6453, 38.0824 ], [ -105.6412, 38.0789 ], [ -105.6394, 38.0785 ], [ -105.6369, 38.0762 ], [ -105.6365, 38.0756 ], [ -105.6373, 38.0728 ], [ -105.6362, 38.0714 ], [ -105.6342, 38.0694 ], [ -105.6321, 38.0684 ], [ -105.6272, 38.0673 ], [ -105.626, 38.0612 ], [ -105.6267, 38.0591 ], [ -105.6282, 38.0574 ], [ -105.6256, 38.0557 ], [ -105.6199, 38.0536 ], [ -105.6178, 38.0533 ], [ -105.6176, 38.0498 ], [ -105.618, 38.0473 ], [ -105.615, 38.0437 ], [ -105.6132, 38.0381 ], [ -105.6089, 38.035 ], [ -105.6086, 38.0337 ], [ -105.6094, 38.0323 ], [ -105.6032, 38.031 ], [ -105.6031, 38.0271 ], [ -105.6008, 38.0237 ], [ -105.5987, 38.0226 ], [ -105.598, 38.02 ], [ -105.5983, 38.0163 ], [ -105.597, 38.0132 ], [ -105.5989, 38.0112 ], [ -105.6044, 38.0087 ], [ -105.6049, 38.0074 ], [ -105.6044, 38.0062 ], [ -105.6046, 38.005 ], [ -105.6039, 38.0037 ], [ -105.6006, 38.0023 ], [ -105.6002, 38.0 ], [ -105.5984, 37.997 ], [ -105.5959, 37.9964 ], [ -105.5957, 37.9951 ], [ -105.5937, 37.9928 ], [ -105.5921, 37.9921 ], [ -105.5899, 37.9874 ], [ -105.5882, 37.9867 ], [ -105.5859, 37.9797 ], [ -105.5832, 37.98 ], [ -105.5819, 37.978 ], [ -105.5815, 37.9752 ], [ -105.584, 37.973 ], [ -105.5851, 37.9705 ], [ -105.5842, 37.9691 ], [ -105.5845, 37.9679 ], [ -105.5826, 37.9659 ], [ -105.5813, 37.9662 ], [ -105.5777, 37.9655 ], [ -105.5756, 37.964 ], [ -105.574, 37.9618 ], [ -105.5733, 37.9616 ], [ -105.5707, 37.9583 ], [ -105.5672, 37.9571 ], [ -105.5603, 37.9519 ], [ -105.5564, 37.951 ], [ -105.5518, 37.9506 ], [ -105.5501, 37.9539 ], [ -105.5462, 37.956 ], [ -105.5427, 37.9565 ], [ -105.5377, 37.955 ], [ -105.5333, 37.9552 ], [ -105.5304, 37.9534 ], [ -105.5271, 37.9495 ], [ -105.5255, 37.9484 ], [ -105.5236, 37.948 ], [ -105.5157, 37.942 ], [ -105.5146, 37.9399 ], [ -105.5111, 37.9391 ], [ -105.5084, 37.9361 ], [ -105.507, 37.931 ], [ -105.5031, 37.9237 ], [ -105.4981, 37.9205 ], [ -105.4972, 37.9203 ], [ -105.4941, 37.9171 ], [ -105.4911, 37.9152 ], [ -105.4881, 37.9098 ], [ -105.4856, 37.9081 ], [ -105.4826, 37.905 ], [ -105.4784, 37.9033 ], [ -105.479, 37.9026 ], [ -105.4789, 37.9005 ], [ -105.4771, 37.8993 ], [ -105.4761, 37.8994 ], [ -105.4733, 37.8966 ], [ -105.4737, 37.8945 ], [ -105.4754, 37.8924 ], [ -105.4771, 37.888 ], [ -105.4762, 37.8833 ], [ -105.4776, 37.8804 ], [ -105.4785, 37.8799 ], [ -105.4719, 37.8797 ], [ -105.4692, 37.8788 ], [ -105.4653, 37.8795 ], [ -105.4645, 37.879 ], [ -105.4601, 37.8804 ], [ -105.4566, 37.8799 ], [ -105.4541, 37.8785 ], [ -105.4505, 37.8781 ], [ -105.4433, 37.8707 ], [ -105.4423, 37.8707 ], [ -105.4407, 37.8696 ], [ -105.4406, 37.8684 ], [ -105.4392, 37.8662 ], [ -105.4395, 37.8632 ], [ -105.4389, 37.8613 ], [ -105.4372, 37.8602 ], [ -105.4368, 37.8582 ], [ -105.4335, 37.8575 ], [ -105.4319, 37.8548 ], [ -105.4292, 37.8524 ], [ -105.4289, 37.8517 ], [ -105.4309, 37.8474 ], [ -105.4286, 37.8448 ], [ -105.4287, 37.8437 ], [ -105.431, 37.8388 ], [ -105.4307, 37.8378 ], [ -105.4326, 37.8351 ], [ -105.4324, 37.8332 ], [ -105.4356, 37.8285 ], [ -105.4341, 37.8245 ], [ -105.4346, 37.8219 ], [ -105.4367, 37.8192 ], [ -105.4355, 37.8146 ], [ -105.4347, 37.8137 ], [ -105.4359, 37.8118 ], [ -105.4352, 37.8048 ], [ -105.4369, 37.8036 ], [ -105.4422, 37.8024 ], [ -105.4453, 37.801 ], [ -105.4507, 37.7977 ], [ -105.4537, 37.7969 ], [ -105.4549, 37.7957 ], [ -105.4552, 37.7908 ], [ -105.4525, 37.7883 ], [ -105.4517, 37.7869 ], [ -105.4517, 37.7826 ], [ -105.4498, 37.7808 ], [ -105.4493, 37.7793 ], [ -105.4509, 37.7752 ], [ -105.4508, 37.7716 ], [ -105.4502, 37.7706 ], [ -105.4524, 37.7679 ], [ -105.4537, 37.7673 ], [ -105.4559, 37.7624 ], [ -105.4577, 37.7601 ], [ -105.4579, 37.7587 ], [ -105.4563, 37.7581 ], [ -105.4558, 37.7565 ], [ -105.4598, 37.7533 ], [ -105.4591, 37.7522 ], [ -105.4573, 37.7515 ], [ -105.498, 37.751 ], [ -105.6173, 37.7523 ], [ -105.6256, 37.7519 ], [ -105.7368, 37.7513 ], [ -105.9279, 37.7488 ], [ -106.04, 37.7483 ], [ -106.2424, 37.7481 ], [ -106.4867, 37.7481 ], [ -106.5323, 37.7484 ], [ -106.5864, 37.7478 ], [ -106.5865, 37.7762 ], [ -106.5872, 37.7909 ], [ -106.5871, 37.8344 ], [ -106.6938, 37.8352 ], [ -106.6938, 37.8483 ] ] ] } },
{ "type": "Feature", "properties": { "id": "Douglas" }, "geometry": { "type": "Polygon", "coordinates": [ [ [ -104.8724, 39.566 ], [ -104.6606, 39.5659 ], [ -104.6628, 39.4491 ], [ -104.6633, 39.3499 ], [ -104.6629, 39.1295 ], [ -105.125, 39.1295 ], [ -105.3292, 39.1297 ], [ -105.3274, 39.1309 ], [ -105.3228, 39.1356 ], [ -105.322, 39.137 ], [ -105.3217, 39.1388 ], [ -105.3228, 39.1408 ], [ -105.3221, 39.143 ], [ -105.3233, 39.145 ], [ -105.3231, 39.1456 ], [ -105.3216, 39.1462 ], [ -105.3201, 39.1458 ], [ -105.3163, 39.1455 ], [ -105.3156, 39.1458 ], [ -105.3154, 39.147 ], [ -105.3162, 39.1487 ], [ -105.3156, 39.1498 ], [ -105.3159, 39.1513 ], [ -105.3155, 39.1545 ], [ -105.3132, 39.1566 ], [ -105.3136, 39.1588 ], [ -105.3132, 39.1599 ], [ -105.3107, 39.1615 ], [ -105.31, 39.1635 ], [ -105.3086, 39.1642 ], [ -105.308, 39.1653 ], [ -105.3071, 39.1654 ], [ -105.3049, 39.1641 ], [ -105.3023, 39.1667 ], [ -105.3004, 39.1672 ], [ -105.3002, 39.168 ], [ -105.302, 39.1692 ], [ -105.3015, 39.1706 ], [ -105.3, 39.1716 ], [ -105.2994, 39.1725 ], [ -105.2938, 39.1731 ], [ -105.2935, 39.1737 ], [ -105.2948, 39.1745 ], [ -105.2947, 39.1748 ], [ -105.2895, 39.1775 ], [ -105.2875, 39.1791 ], [ -105.2873, 39.1813 ], [ -105.2893, 39.1839 ], [ -105.2864, 39.1863 ], [ -105.2859, 39.1896 ], [ -105.2847, 39.1921 ], [ -105.2851, 39.1946 ], [ -105.2823, 39.201 ], [ -105.2813, 39.2018 ], [ -105.2788, 39.2018 ], [ -105.2781, 39.2022 ], [ -105.2763, 39.2072 ], [ -105.2756, 39.2076 ], [ -105.2732, 39.2076 ], [ -105.2722, 39.2087 ], [ -105.2695, 39.2094 ], [ -105.2632, 39.208 ], [ -105.2621, 39.2099 ], [ -105.2599, 39.2106 ], [ -105.2601, 39.2126 ], [ -105.2615, 39.2145 ], [ -105.2606, 39.2169 ], [ -105.2629, 39.2195 ], [ -105.2635, 39.221 ], [ -105.2613, 39.2233 ], [ -105.2624, 39.2246 ], [ -105.2615, 39.2258 ], [ -105.2615, 39.2266 ], [ -105.2634, 39.2284 ], [ -105.2636, 39.2291 ], [ -105.2618, 39.2315 ], [ -105.2576, 39.2332 ], [ -105.2556, 39.2359 ], [ -105.2542, 39.2381 ], [ -105.255, 39.2403 ], [ -105.2535, 39.2414 ], [ -105.2535, 39.2433 ], [ -105.2523, 39.2436 ], [ -105.2497, 39.2421 ], [ -105.2485, 39.2408 ], [ -105.2468, 39.2404 ], [ -105.2406, 39.2441 ], [ -105.2395, 39.2436 ], [ -105.2356, 39.2443 ], [ -105.2344, 39.2456 ], [ -105.2339, 39.2469 ], [ -105.235, 39.2495 ], [ -105.2371, 39.2493 ], [ -105.2377, 39.2507 ], [ -105.2353, 39.2513 ], [ -105.2344, 39.252 ], [ -105.2348, 39.2546 ], [ -105.2344, 39.2553 ], [ -105.2315, 39.2539 ], [ -105.2278, 39.2539 ], [ -105.227, 39.2564 ], [ -105.2246, 39.2559 ], [ -105.2234, 39.2562 ], [ -105.2234, 39.2584 ], [ -105.2253, 39.2596 ], [ -105.2251, 39.2605 ], [ -105.2244, 39.2607 ], [ -105.2196, 39.2596 ], [ -105.2174, 39.2604 ], [ -105.2178, 39.2635 ], [ -105.2187, 39.2653 ], [ -105.2185, 39.2668 ], [ -105.2206, 39.2678 ], [ -105.2206, 39.2692 ], [ -105.2192, 39.2705 ], [ -105.2154, 39.2725 ], [ -105.2157, 39.2733 ], [ -105.2175, 39.2746 ], [ -105.2155, 39.2766 ], [ -105.2164, 39.2776 ], [ -105.2154, 39.2786 ], [ -105.2139, 39.2787 ], [ -105.2133, 39.2797 ], [ -105.2114, 39.2807 ], [ -105.2113, 39.2829 ], [ -105.2125, 39.2845 ], [ -105.2102, 39.2877 ], [ -105.208, 39.2896 ], [ -105.2087, 39.2904 ], [ -105.2086, 39.2912 ], [ -105.2078, 39.2915 ], [ -105.2067, 39.2906 ], [ -105.2055, 39.2917 ], [ -105.2068, 39.2929 ], [ -105.2068, 39.2938 ], [ -105.2055, 39.294 ], [ -105.2035, 39.293 ], [ -105.2025, 39.2936 ], [ -105.2029, 39.2948 ], [ -105.2052, 39.2949 ], [ -105.2072, 39.2962 ], [ -105.2077, 39.2982 ], [ -105.2068, 39.2992 ], [ -105.205, 39.2998 ], [ -105.2011, 39.2993 ], [ -105.2008, 39.2999 ], [ -105.2013, 39.3008 ], [ -105.2002, 39.302 ], [ -105.1972, 39.3017 ], [ -105.196, 39.3021 ], [ -105.1963, 39.3036 ], [ -105.198, 39.3054 ], [ -105.1973, 39.306 ], [ -105.1967, 39.3085 ], [ -105.1984, 39.3093 ], [ -105.1985, 39.31 ], [ -105.1963, 39.3117 ], [ -105.1929, 39.3129 ], [ -105.1905, 39.3159 ], [ -105.1887, 39.3171 ], [ -105.1892, 39.3195 ], [ -105.1888, 39.3212 ], [ -105.1878, 39.3229 ], [ -105.1859, 39.3235 ], [ -105.1855, 39.3244 ], [ -105.186, 39.3263 ], [ -105.1883, 39.3271 ], [ -105.1882, 39.328 ], [ -105.183, 39.3293 ], [ -105.1822, 39.3302 ], [ -105.1823, 39.3314 ], [ -105.1856, 39.333 ], [ -105.1874, 39.3333 ], [ -105.1878, 39.3342 ], [ -105.1842, 39.3353 ], [ -105.1821, 39.3386 ], [ -105.1801, 39.3392 ], [ -105.1792, 39.3399 ], [ -105.1787, 39.341 ], [ -105.1795, 39.343 ], [ -105.1773, 39.3445 ], [ -105.1765, 39.3469 ], [ -105.1774, 39.3494 ], [ -105.1752, 39.3505 ], [ -105.1721, 39.353 ], [ -105.1718, 39.3543 ], [ -105.1724, 39.3556 ], [ -105.1718, 39.3568 ], [ -105.1695, 39.3588 ], [ -105.1676, 39.3592 ], [ -105.1675, 39.3604 ], [ -105.1666, 39.3618 ], [ -105.1669, 39.3647 ], [ -105.1678, 39.3656 ], [ -105.1678, 39.3664 ], [ -105.1688, 39.3671 ], [ -105.1692, 39.3687 ], [ -105.1675, 39.3707 ], [ -105.1672, 39.3724 ], [ -105.168, 39.3741 ], [ -105.1702, 39.3745 ], [ -105.1703, 39.3753 ], [ -105.1725, 39.3766 ], [ -105.173, 39.3777 ], [ -105.1696, 39.3807 ], [ -105.1709, 39.3823 ], [ -105.1719, 39.382 ], [ -105.1733, 39.3823 ], [ -105.1735, 39.3834 ], [ -105.173, 39.3857 ], [ -105.1712, 39.3868 ], [ -105.17, 39.3891 ], [ -105.1679, 39.3898 ], [ -105.1667, 39.3908 ], [ -105.164, 39.3915 ], [ -105.1655, 39.394 ], [ -105.1666, 39.3939 ], [ -105.1673, 39.3943 ], [ -105.1676, 39.3957 ], [ -105.167, 39.398 ], [ -105.1672, 39.3998 ], [ -105.1682, 39.4002 ], [ -105.1697, 39.4021 ], [ -105.1694, 39.4033 ], [ -105.1713, 39.4066 ], [ -105.1708, 39.4072 ], [ -105.171, 39.4078 ], [ -105.169, 39.4089 ], [ -105.1661, 39.4086 ], [ -105.1626, 39.4119 ], [ -105.1619, 39.4132 ], [ -105.1603, 39.4142 ], [ -105.1563, 39.4138 ], [ -105.1551, 39.4141 ], [ -105.1518, 39.4157 ], [ -105.1494, 39.4176 ], [ -105.1449, 39.419 ], [ -105.1414, 39.4211 ], [ -105.1406, 39.4224 ], [ -105.1382, 39.4231 ], [ -105.1359, 39.4265 ], [ -105.1331, 39.4274 ], [ -105.1284, 39.4318 ], [ -105.1236, 39.4341 ], [ -105.1249, 39.4362 ], [ -105.1261, 39.4402 ], [ -105.1247, 39.4427 ], [ -105.124, 39.4475 ], [ -105.1231, 39.448 ], [ -105.1238, 39.4493 ], [ -105.1231, 39.45 ], [ -105.1231, 39.4508 ], [ -105.1242, 39.455 ], [ -105.125, 39.4564 ], [ -105.1267, 39.4572 ], [ -105.1275, 39.4585 ], [ -105.1304, 39.4595 ], [ -105.1325, 39.4612 ], [ -105.133, 39.4625 ], [ -105.1326, 39.4643 ], [ -105.1332, 39.4661 ], [ -105.1326, 39.4679 ], [ -105.1348, 39.4702 ], [ -105.1349, 39.471 ], [ -105.1304, 39.4737 ], [ -105.1288, 39.4758 ], [ -105.1281, 39.4776 ], [ -105.1238, 39.4798 ], [ -105.1218, 39.4813 ], [ -105.121, 39.4815 ], [ -105.119, 39.4801 ], [ -105.1163, 39.4815 ], [ -105.1159, 39.4825 ], [ -105.1176, 39.4826 ], [ -105.1183, 39.483 ], [ -105.1183, 39.4845 ], [ -105.1176, 39.4854 ], [ -105.1151, 39.486 ], [ -105.114, 39.4844 ], [ -105.1117, 39.4835 ], [ -105.1069, 39.4847 ], [ -105.1046, 39.485 ], [ -105.1028, 39.4847 ], [ -105.1004, 39.4855 ], [ -105.0987, 39.4854 ], [ -105.0925, 39.4884 ], [ -105.0885, 39.4924 ], [ -105.0868, 39.4934 ], [ -105.0861, 39.4949 ], [ -105.0873, 39.4966 ], [ -105.0861, 39.4979 ], [ -105.0864, 39.4994 ], [ -105.0848, 39.5012 ], [ -105.085, 39.506 ], [ -105.0811, 39.5097 ], [ -105.0792, 39.5104 ], [ -105.0784, 39.5115 ], [ -105.0788, 39.5131 ], [ -105.0779, 39.5175 ], [ -105.079, 39.5191 ], [ -105.0801, 39.5232 ], [ -105.0793, 39.5239 ], [ -105.0795, 39.5259 ], [ -105.0761, 39.5327 ], [ -105.0766, 39.535 ], [ -105.0777, 39.5367 ], [ -105.0764, 39.5401 ], [ -105.0746, 39.5417 ], [ -105.0741, 39.5443 ], [ -105.0714, 39.5464 ], [ -105.0703, 39.5479 ], [ -105.0667, 39.5505 ], [ -105.0657, 39.5533 ], [ -105.0639, 39.5547 ], [ -105.0643, 39.5553 ], [ -105.0611, 39.5569 ], [ -105.0606, 39.5579 ], [ -105.0607, 39.5599 ], [ -105.0583, 39.5604 ], [ -105.0573, 39.5623 ], [ -105.0514, 39.5633 ], [ -105.0487, 39.5661 ], [ -104.8724, 39.566 ] ] ] } },
{ "type": "Feature", "properties": { "id": "Dolores" }, "geometry": { "type": "Polygon", "coordinates": [ [ [ -108.8205, 37.8809 ], [ -108.8199, 37.884 ], [ -108.8205, 37.886 ], [ -108.8202, 37.8867 ], [ -108.8177, 37.8881 ], [ -108.8188, 37.8901 ], [ -108.8181, 37.8915 ], [ -108.8181, 37.8938 ], [ -108.8167, 37.8955 ], [ -108.6242, 37.8953 ], [ -108.5872, 37.8948 ], [ -108.3909, 37.8935 ], [ -108.2565, 37.8946 ], [ -108.2577, 37.891 ], [ -108.2574, 37.8897 ], [ -108.2536, 37.8859 ], [ -108.2504, 37.8846 ], [ -108.2479, 37.8794 ], [ -108.2393, 37.8764 ], [ -108.2378, 37.8764 ], [ -108.236, 37.8726 ], [ -108.2351, 37.8693 ], [ -108.2329, 37.8671 ], [ -108.2319, 37.8651 ], [ -108.2318, 37.8621 ], [ -108.2296, 37.861 ], [ -108.2299, 37.8557 ], [ -108.2265, 37.8455 ], [ -108.227, 37.8432 ], [ -108.2258, 37.8425 ], [ -108.2237, 37.8419 ], [ -108.2236, 37.8409 ], [ -108.222, 37.8397 ], [ -108.2222, 37.8391 ], [ -108.2217, 37.8388 ], [ -108.2173, 37.837 ], [ -108.2171, 37.8368 ], [ -108.2184, 37.8358 ], [ -108.2184, 37.8349 ], [ -108.2153, 37.8343 ], [ -108.2146, 37.8331 ], [ -108.2124, 37.832 ], [ -108.211, 37.829 ], [ -108.2107, 37.8248 ], [ -108.2094, 37.823 ], [ -108.2105, 37.8218 ], [ -108.2102, 37.8211 ], [ -108.2091, 37.8209 ], [ -108.2055, 37.8218 ], [ -108.1991, 37.8242 ], [ -108.1924, 37.8244 ], [ -108.1888, 37.8256 ], [ -108.1832, 37.8265 ], [ -108.1783, 37.8312 ], [ -108.1752, 37.8325 ], [ -108.1691, 37.8311 ], [ -108.1674, 37.8316 ], [ -108.1662, 37.8333 ], [ -108.1639, 37.8349 ], [ -108.1622, 37.8347 ], [ -108.1604, 37.8338 ], [ -108.1527, 37.8351 ], [ -108.15, 37.8343 ], [ -108.149, 37.8374 ], [ -108.1472, 37.8389 ], [ -108.1459, 37.8379 ], [ -108.1445, 37.8383 ], [ -108.1436, 37.8355 ], [ -108.142, 37.833 ], [ -108.1415, 37.8325 ], [ -108.1403, 37.8324 ], [ -108.1401, 37.8349 ], [ -108.1377, 37.8371 ], [ -108.1374, 37.8379 ], [ -108.1323, 37.8415 ], [ -108.1311, 37.843 ], [ -108.1284, 37.844 ], [ -108.1266, 37.8453 ], [ -108.1247, 37.8486 ], [ -108.1251, 37.8521 ], [ -108.1229, 37.8521 ], [ -108.121, 37.8538 ], [ -108.1197, 37.8534 ], [ -108.1174, 37.8534 ], [ -108.1125, 37.8552 ], [ -108.1082, 37.8536 ], [ -108.106, 37.8516 ], [ -108.1046, 37.8514 ], [ -108.1016, 37.8496 ], [ -108.1001, 37.8494 ], [ -108.0983, 37.8484 ], [ -108.0961, 37.8459 ], [ -108.0953, 37.8443 ], [ -108.095, 37.8424 ], [ -108.0963, 37.8403 ], [ -108.095, 37.8409 ], [ -108.0933, 37.8408 ], [ -108.0909, 37.8399 ], [ -108.0867, 37.8418 ], [ -108.0846, 37.8416 ], [ -108.0814, 37.8442 ], [ -108.0793, 37.8444 ], [ -108.0756, 37.8467 ], [ -108.0721, 37.8478 ], [ -108.0698, 37.8508 ], [ -108.0683, 37.8515 ], [ -108.0665, 37.851 ], [ -108.0642, 37.8467 ], [ -108.0617, 37.845 ], [ -108.0603, 37.8449 ], [ -108.0598, 37.8426 ], [ -108.0585, 37.841 ], [ -108.0549, 37.8418 ], [ -108.0557, 37.8445 ], [ -108.0516, 37.8462 ], [ -108.0477, 37.8507 ], [ -108.0358, 37.8522 ], [ -108.0309, 37.8555 ], [ -108.0257, 37.8552 ], [ -108.0239, 37.8559 ], [ -108.0189, 37.8555 ], [ -108.0121, 37.8572 ], [ -108.0087, 37.8552 ], [ -108.0073, 37.8551 ], [ -108.0027, 37.8571 ], [ -107.999, 37.8558 ], [ -107.9955, 37.8566 ], [ -107.9921, 37.8564 ], [ -107.9895, 37.8568 ], [ -107.988, 37.8546 ], [ -107.9874, 37.8505 ], [ -107.9842, 37.845 ], [ -107.9798, 37.843 ], [ -107.9776, 37.8403 ], [ -107.9753, 37.8359 ], [ -107.972, 37.8326 ], [ -107.9659, 37.8318 ], [ -107.9633, 37.8329 ], [ -107.9619, 37.8328 ], [ -107.9587, 37.8346 ], [ -107.9549, 37.8344 ], [ -107.9508, 37.8358 ], [ -107.9482, 37.8338 ], [ -107.9468, 37.8313 ], [ -107.9473, 37.8299 ], [ -107.947, 37.8285 ], [ -107.9447, 37.8281 ], [ -107.9427, 37.8263 ], [ -107.94, 37.8248 ], [ -107.9381, 37.8227 ], [ -107.9339, 37.8235 ], [ -107.9259, 37.8233 ], [ -107.9213, 37.8237 ], [ -107.9192, 37.8207 ], [ -107.9178, 37.8199 ], [ -107.9181, 37.8187 ], [ -107.9136, 37.8141 ], [ -107.9108, 37.8124 ], [ -107.9097, 37.8111 ], [ -107.906, 37.8108 ], [ -107.9043, 37.8069 ], [ -107.9001, 37.8056 ], [ -107.8964, 37.8036 ], [ -107.8925, 37.8027 ], [ -107.8903, 37.7991 ], [ -107.889, 37.7981 ], [ -107.8887, 37.7961 ], [ -107.8909, 37.7909 ], [ -107.8899, 37.7886 ], [ -107.8863, 37.7855 ], [ -107.8825, 37.7851 ], [ -107.8802, 37.7861 ], [ -107.8738, 37.7865 ], [ -107.87, 37.7843 ], [ -107.8705, 37.7815 ], [ -107.8674, 37.7797 ], [ -107.8642, 37.7791 ], [ -107.8614, 37.7769 ], [ -107.8608, 37.7755 ], [ -107.8632, 37.7727 ], [ -107.8654, 37.7715 ], [ -107.8649, 37.7691 ], [ -107.8661, 37.768 ], [ -107.8686, 37.7669 ], [ -107.8705, 37.7628 ], [ -107.8657, 37.7617 ], [ -107.8632, 37.7602 ], [ -107.8628, 37.7574 ], [ -107.8631, 37.7568 ], [ -107.8619, 37.756 ], [ -107.8643, 37.7534 ], [ -107.8648, 37.7513 ], [ -107.8646, 37.7506 ], [ -107.866, 37.748 ], [ -107.8661, 37.7468 ], [ -107.8697, 37.7457 ], [ -107.8702, 37.7445 ], [ -107.8717, 37.7435 ], [ -107.8756, 37.7389 ], [ -107.8745, 37.7289 ], [ -107.8756, 37.7271 ], [ -107.8756, 37.7258 ], [ -107.873, 37.7224 ], [ -107.8737, 37.7201 ], [ -107.8772, 37.7163 ], [ -107.8779, 37.716 ], [ -107.8816, 37.7184 ], [ -107.8855, 37.7179 ], [ -107.8894, 37.7184 ], [ -107.8942, 37.7175 ], [ -107.895, 37.7179 ], [ -107.8952, 37.7186 ], [ -107.8967, 37.7192 ], [ -107.899, 37.7192 ], [ -107.9004, 37.7185 ], [ -107.9013, 37.719 ], [ -107.903, 37.7188 ], [ -107.907, 37.7177 ], [ -107.9089, 37.7162 ], [ -107.9103, 37.7164 ], [ -107.9103, 37.7145 ], [ -107.911, 37.7126 ], [ -107.9149, 37.7123 ], [ -107.917, 37.711 ], [ -107.9218, 37.7102 ], [ -107.9265, 37.7104 ], [ -107.9299, 37.7092 ], [ -107.9313, 37.708 ], [ -107.9324, 37.7062 ], [ -107.9347, 37.7052 ], [ -107.9363, 37.7031 ], [ -107.9372, 37.7026 ], [ -107.9414, 37.7027 ], [ -107.9419, 37.7037 ], [ -107.9433, 37.7047 ], [ -107.9439, 37.706 ], [ -107.9453, 37.7064 ], [ -107.9475, 37.7063 ], [ -107.9492, 37.7068 ], [ -107.9496, 37.7064 ], [ -107.9526, 37.7068 ], [ -107.9543, 37.7065 ], [ -107.957, 37.7053 ], [ -107.9581, 37.7032 ], [ -107.9636, 37.7005 ], [ -107.9644, 37.6993 ], [ -107.9689, 37.6965 ], [ -107.9693, 37.6925 ], [ -107.9709, 37.69 ], [ -107.9703, 37.6877 ], [ -107.9718, 37.6869 ], [ -107.9751, 37.6836 ], [ -107.972, 37.6819 ], [ -107.9694, 37.6792 ], [ -107.9688, 37.6756 ], [ -107.9658, 37.6715 ], [ -107.9655, 37.6706 ], [ -107.9659, 37.6695 ], [ -107.9644, 37.6676 ], [ -107.9645, 37.6644 ], [ -107.9616, 37.6617 ], [ -107.9617, 37.6581 ], [ -107.9571, 37.6489 ], [ -107.9586, 37.6473 ], [ -107.9601, 37.6426 ], [ -107.9622, 37.6414 ], [ -107.9652, 37.6415 ], [ -107.9672, 37.641 ], [ -107.9701, 37.6396 ], [ -108.108, 37.6388 ], [ -108.1256, 37.6381 ], [ -108.1611, 37.6353 ], [ -108.1945, 37.634 ], [ -108.2506, 37.6328 ], [ -108.3093, 37.6323 ], [ -108.4083, 37.6319 ], [ -108.4172, 37.6325 ], [ -108.4397, 37.6328 ], [ -108.4834, 37.6325 ], [ -108.6256, 37.6326 ], [ -108.6661, 37.6332 ], [ -108.6661, 37.6316 ], [ -108.6932, 37.6315 ], [ -108.8757, 37.6322 ], [ -108.9171, 37.6319 ], [ -109.0084, 37.5253 ], [ -109.0249, 37.5045 ], [ -109.0391, 37.4888 ], [ -109.0435, 37.4847 ], [ -109.0419, 37.5306 ], [ -109.0423, 37.6661 ], [ -109.0417, 37.7257 ], [ -109.0421, 37.7499 ], [ -109.0415, 37.8001 ], [ -109.042, 37.8421 ], [ -109.0415, 37.8812 ], [ -108.8205, 37.8809 ] ] ] } },
{ "type": "Feature", "properties": { "id": "Rio Grande" }, "geometry": { "type": "Polygon", "coordinates": [ [ [ -106.2226, 37.7481 ], [ -106.0384, 37.7484 ], [ -106.0393, 37.5748 ], [ -106.0393, 37.4009 ], [ -106.2448, 37.4009 ], [ -106.3502, 37.4013 ], [ -106.488, 37.3993 ], [ -106.488, 37.4016 ], [ -106.5885, 37.4027 ], [ -106.6144, 37.4022 ], [ -106.6468, 37.4033 ], [ -106.7108, 37.4042 ], [ -106.7108, 37.522 ], [ -106.7111, 37.6093 ], [ -106.7118, 37.6323 ], [ -106.7116, 37.6643 ], [ -106.6956, 37.6643 ], [ -106.6957, 37.7154 ], [ -106.6953, 37.75 ], [ -106.6952, 37.7513 ], [ -106.6947, 37.7513 ], [ -106.6945, 37.7607 ], [ -106.6938, 37.8352 ], [ -106.5871, 37.8344 ], [ -106.5872, 37.7909 ], [ -106.5865, 37.7762 ], [ -106.5864, 37.7478 ], [ -106.5323, 37.7484 ], [ -106.4867, 37.7481 ], [ -106.2226, 37.7481 ] ] ] } },
{ "type": "Feature", "properties": { "id": "Pueblo" }, "geometry": { "type": "Polygon", "coordinates": [ [ [ -104.9407, 38.3375 ], [ -104.9415, 38.5196 ], [ -104.9329, 38.5203 ], [ -104.8261, 38.5198 ], [ -104.7961, 38.5202 ], [ -104.6843, 38.5194 ], [ -104.6051, 38.5203 ], [ -104.5005, 38.5199 ], [ -104.2516, 38.5213 ], [ -104.1653, 38.5223 ], [ -104.1502, 38.5217 ], [ -104.1243, 38.5217 ], [ -104.0902, 38.522 ], [ -104.0835, 38.5224 ], [ -104.0539, 38.5224 ], [ -104.0564, 38.4357 ], [ -104.0547, 38.2619 ], [ -104.0582, 38.2614 ], [ -104.0585, 38.2576 ], [ -104.058, 38.1415 ], [ -104.059, 38.1037 ], [ -104.0594, 38.0543 ], [ -104.0594, 37.875 ], [ -104.0601, 37.823 ], [ -104.0602, 37.8227 ], [ -104.0619, 37.8227 ], [ -104.0621, 37.7921 ], [ -104.0617, 37.75 ], [ -104.0611, 37.7347 ], [ -104.6464, 37.9005 ], [ -104.947, 37.8851 ], [ -105.0137, 37.8813 ], [ -105.0138, 37.8835 ], [ -105.0158, 37.8855 ], [ -105.0217, 37.8875 ], [ -105.0336, 37.8936 ], [ -105.0348, 37.8946 ], [ -105.0346, 37.8961 ], [ -105.0316, 37.9041 ], [ -105.033, 37.9053 ], [ -105.036, 37.9041 ], [ -105.0387, 37.9044 ], [ -105.0398, 37.9081 ], [ -105.0439, 37.9095 ], [ -105.0446, 37.9103 ], [ -105.0446, 37.9117 ], [ -105.0499, 37.9155 ], [ -105.0502, 38.0 ], [ -105.0495, 38.0399 ], [ -105.0507, 38.1138 ], [ -105.0483, 38.1278 ], [ -105.0487, 38.2397 ], [ -105.0492, 38.258 ], [ -104.9404, 38.2583 ], [ -104.9407, 38.3375 ] ] ] } },
{ "type": "Feature", "properties": { "id": "Kit Carson" }, "geometry": { "type": "Polygon", "coordinates": [ [ [ -102.7393, 39.568 ], [ -102.5725, 39.5693 ], [ -102.5516, 39.5707 ], [ -102.3821, 39.5707 ], [ -102.3135, 39.5711 ], [ -102.0498, 39.5741 ], [ -102.0492, 39.375 ], [ -102.0466, 39.047 ], [ -102.3677, 39.0456 ], [ -102.3755, 39.0448 ], [ -102.4204, 39.0442 ], [ -102.4473, 39.0429 ], [ -102.5118, 39.0414 ], [ -102.7158, 39.0387 ], [ -102.7241, 39.0402 ], [ -102.8579, 39.0393 ], [ -103.0514, 39.0396 ], [ -103.1156, 39.0385 ], [ -103.1254, 39.0386 ], [ -103.163, 39.0376 ], [ -103.1631, 39.128 ], [ -103.1553, 39.128 ], [ -103.1551, 39.1335 ], [ -103.1552, 39.389 ], [ -103.1542, 39.5659 ], [ -103.0339, 39.5677 ], [ -103.0236, 39.5675 ], [ -102.9349, 39.5686 ], [ -102.8797, 39.5682 ], [ -102.8648, 39.5685 ], [ -102.794, 39.5677 ], [ -102.7393, 39.568 ] ] ] } },
{ "type": "Feature", "properties": { "id": "Baca" }, "geometry": { "type": "Polygon", "coordinates": [ [ [ -102.2702, 36.9943 ], [ -102.6981, 36.9951 ], [ -102.7521, 36.9983 ], [ -102.8151, 36.9998 ], [ -102.987, 36.9985 ], [ -103.0022, 37.0001 ], [ -103.0861, 37.0003 ], [ -103.0873, 37.1027 ], [ -103.087, 37.1351 ], [ -103.0863, 37.1434 ], [ -103.0867, 37.1764 ], [ -103.0835, 37.2943 ], [ -103.0825, 37.3816 ], [ -103.0747, 37.3818 ], [ -103.0752, 37.4157 ], [ -103.075, 37.4558 ], [ -103.0759, 37.6434 ], [ -103.0261, 37.6438 ], [ -103.024, 37.6444 ], [ -103.0212, 37.6437 ], [ -103.003, 37.6436 ], [ -102.8754, 37.6439 ], [ -102.8524, 37.6442 ], [ -102.8206, 37.6436 ], [ -102.7661, 37.6434 ], [ -102.6205, 37.6435 ], [ -102.4617, 37.6437 ], [ -102.3632, 37.6444 ], [ -102.274, 37.644 ], [ -102.1998, 37.6444 ], [ -102.1833, 37.6441 ], [ -102.1563, 37.6444 ], [ -102.0416, 37.6443 ], [ -102.0418, 37.4564 ], [ -102.0409, 37.4527 ], [ -102.0416, 37.4503 ], [ -102.0415, 37.375 ], [ -102.0421, 37.3528 ], [ -102.0417, 37.0344 ], [ -102.0421, 36.993 ], [ -102.1976, 36.9937 ], [ -102.2702, 36.9943 ] ] ] } },
{ "type": "Feature", "properties": { "id": "Grand" }, "geometry": { "type": "Polygon", "coordinates": [ [ [ -106.0898, 40.3501 ], [ -106.0874, 40.3504 ], [ -106.0857, 40.3472 ], [ -106.0765, 40.35 ], [ -106.0717, 40.3523 ], [ -106.0658, 40.3544 ], [ -106.0644, 40.3566 ], [ -106.0632, 40.3572 ], [ -106.0579, 40.357 ], [ -106.056, 40.3577 ], [ -106.0546, 40.3576 ], [ -106.0518, 40.3593 ], [ -106.0505, 40.3595 ], [ -106.047, 40.3619 ], [ -106.0434, 40.3629 ], [ -106.0417, 40.3646 ], [ -106.0409, 40.3648 ], [ -106.0397, 40.3666 ], [ -106.036, 40.3691 ], [ -106.0312, 40.3683 ], [ -106.0298, 40.3684 ], [ -106.0274, 40.3709 ], [ -106.026, 40.3709 ], [ -106.0246, 40.3718 ], [ -106.0186, 40.3733 ], [ -106.0146, 40.3729 ], [ -106.0135, 40.3721 ], [ -106.0133, 40.3711 ], [ -106.0139, 40.3706 ], [ -106.0116, 40.3703 ], [ -106.0121, 40.3688 ], [ -106.0131, 40.368 ], [ -106.0125, 40.3655 ], [ -106.0111, 40.364 ], [ -106.0109, 40.3619 ], [ -106.0078, 40.3625 ], [ -106.006, 40.3622 ], [ -106.0049, 40.3625 ], [ -105.9983, 40.3625 ], [ -105.9967, 40.3638 ], [ -105.9944, 40.3646 ], [ -105.9922, 40.3642 ], [ -105.9867, 40.3646 ], [ -105.9839, 40.3631 ], [ -105.9813, 40.3596 ], [ -105.9783, 40.358 ], [ -105.9759, 40.3582 ], [ -105.9731, 40.3547 ], [ -105.9723, 40.3516 ], [ -105.9706, 40.3501 ], [ -105.9694, 40.3495 ], [ -105.9662, 40.3495 ], [ -105.9624, 40.348 ], [ -105.9597, 40.3481 ], [ -105.9593, 40.3487 ], [ -105.9597, 40.3494 ], [ -105.9576, 40.3517 ], [ -105.9574, 40.353 ], [ -105.9554, 40.3548 ], [ -105.9543, 40.3603 ], [ -105.9512, 40.3618 ], [ -105.9498, 40.3629 ], [ -105.9426, 40.3643 ], [ -105.9402, 40.3658 ], [ -105.9385, 40.3662 ], [ -105.939, 40.3669 ], [ -105.9387, 40.3687 ], [ -105.9373, 40.3719 ], [ -105.9467, 40.3772 ], [ -105.9472, 40.3781 ], [ -105.9459, 40.3814 ], [ -105.9466, 40.385 ], [ -105.9439, 40.3845 ], [ -105.9425, 40.3849 ], [ -105.9405, 40.3845 ], [ -105.9363, 40.3862 ], [ -105.9351, 40.3877 ], [ -105.9318, 40.3891 ], [ -105.9308, 40.3902 ], [ -105.9275, 40.391 ], [ -105.9244, 40.3932 ], [ -105.9235, 40.3965 ], [ -105.9221, 40.3981 ], [ -105.9206, 40.4018 ], [ -105.9192, 40.4013 ], [ -105.9166, 40.4019 ], [ -105.9136, 40.4016 ], [ -105.9108, 40.4005 ], [ -105.9092, 40.4008 ], [ -105.9078, 40.4005 ], [ -105.9051, 40.3988 ], [ -105.9033, 40.4008 ], [ -105.9032, 40.4027 ], [ -105.9017, 40.4065 ], [ -105.9023, 40.4103 ], [ -105.9021, 40.4129 ], [ -105.899, 40.4152 ], [ -105.8977, 40.4177 ], [ -105.8981, 40.419 ], [ -105.8978, 40.4236 ], [ -105.8985, 40.4243 ], [ -105.8986, 40.4268 ], [ -105.9013, 40.4289 ], [ -105.9033, 40.4317 ], [ -105.9033, 40.4328 ], [ -105.9018, 40.4348 ], [ -105.9022, 40.4357 ], [ -105.9014, 40.4379 ], [ -105.9007, 40.4383 ], [ -105.8998, 40.4408 ], [ -105.8988, 40.4462 ], [ -105.8971, 40.4485 ], [ -105.8989, 40.4503 ], [ -105.8998, 40.4545 ], [ -105.8983, 40.4574 ], [ -105.8984, 40.4635 ], [ -105.8993, 40.4656 ], [ -105.8972, 40.4692 ], [ -105.8943, 40.4695 ], [ -105.8922, 40.4741 ], [ -105.8924, 40.4753 ], [ -105.8918, 40.4767 ], [ -105.8887, 40.4764 ], [ -105.886, 40.4773 ], [ -105.8815, 40.4759 ], [ -105.8775, 40.4777 ], [ -105.8741, 40.4784 ], [ -105.8723, 40.4783 ], [ -105.8711, 40.4801 ], [ -105.8692, 40.481 ], [ -105.8656, 40.4814 ], [ -105.8625, 40.4802 ], [ -105.8606, 40.482 ], [ -105.8572, 40.4833 ], [ -105.8549, 40.4863 ], [ -105.8473, 40.4839 ], [ -105.847, 40.4828 ], [ -105.8431, 40.483 ], [ -105.8411, 40.4836 ], [ -105.8394, 40.483 ], [ -105.8378, 40.483 ], [ -105.8346, 40.4799 ], [ -105.8306, 40.4796 ], [ -105.828, 40.4783 ], [ -105.8247, 40.4776 ], [ -105.8201, 40.476 ], [ -105.8154, 40.4753 ], [ -105.8111, 40.4758 ], [ -105.8085, 40.4751 ], [ -105.8068, 40.4739 ], [ -105.8067, 40.4731 ], [ -105.8083, 40.4714 ], [ -105.811, 40.4709 ], [ -105.8057, 40.4665 ], [ -105.8045, 40.4642 ], [ -105.8051, 40.4592 ], [ -105.8076, 40.4523 ], [ -105.8058, 40.4473 ], [ -105.8078, 40.445 ], [ -105.8104, 40.4432 ], [ -105.8117, 40.4429 ], [ -105.813, 40.4392 ], [ -105.816, 40.4372 ], [ -105.8164, 40.4355 ], [ -105.8146, 40.4321 ], [ -105.8143, 40.4295 ], [ -105.8145, 40.4285 ], [ -105.8172, 40.4265 ], [ -105.8173, 40.4243 ], [ -105.8164, 40.424 ], [ -105.8153, 40.4215 ], [ -105.8111, 40.4194 ], [ -105.8083, 40.415 ], [ -105.802, 40.4109 ], [ -105.8013, 40.4102 ], [ -105.8012, 40.4084 ], [ -105.8004, 40.4072 ], [ -105.7973, 40.405 ], [ -105.7942, 40.4019 ], [ -105.7938, 40.4008 ], [ -105.7917, 40.3997 ], [ -105.791, 40.3986 ], [ -105.7917, 40.3943 ], [ -105.7905, 40.3896 ], [ -105.7912, 40.3879 ], [ -105.7907, 40.3863 ], [ -105.7886, 40.3843 ], [ -105.7872, 40.3809 ], [ -105.785, 40.3797 ], [ -105.7818, 40.377 ], [ -105.7815, 40.3756 ], [ -105.7821, 40.3752 ], [ -105.782, 40.3738 ], [ -105.7764, 40.3695 ], [ -105.7742, 40.3668 ], [ -105.7742, 40.3653 ], [ -105.7735, 40.3648 ], [ -105.7726, 40.3644 ], [ -105.7691, 40.3645 ], [ -105.7683, 40.3605 ], [ -105.7677, 40.3598 ], [ -105.7657, 40.3592 ], [ -105.7644, 40.3593 ], [ -105.763, 40.3571 ], [ -105.7602, 40.3562 ], [ -105.7593, 40.3533 ], [ -105.7571, 40.3517 ], [ -105.7552, 40.3513 ], [ -105.7533, 40.3514 ], [ -105.7524, 40.3491 ], [ -105.7478, 40.3475 ], [ -105.7423, 40.3493 ], [ -105.7416, 40.3482 ], [ -105.7396, 40.3471 ], [ -105.7363, 40.3466 ], [ -105.7364, 40.3449 ], [ -105.7354, 40.343 ], [ -105.7331, 40.3408 ], [ -105.7299, 40.3396 ], [ -105.7288, 40.3379 ], [ -105.7291, 40.3353 ], [ -105.7274, 40.334 ], [ -105.7245, 40.3327 ], [ -105.7214, 40.332 ], [ -105.7131, 40.3256 ], [ -105.7017, 40.3243 ], [ -105.7024, 40.3226 ], [ -105.702, 40.3217 ], [ -105.6987, 40.3208 ], [ -105.6976, 40.3183 ], [ -105.7002, 40.3164 ], [ -105.7015, 40.3144 ], [ -105.7021, 40.3121 ], [ -105.7004, 40.3105 ], [ -105.6971, 40.3109 ], [ -105.6948, 40.3093 ], [ -105.6919, 40.3094 ], [ -105.6901, 40.3086 ], [ -105.6913, 40.3062 ], [ -105.691, 40.3049 ], [ -105.6893, 40.3035 ], [ -105.6858, 40.3029 ], [ -105.6882, 40.2977 ], [ -105.6874, 40.2937 ], [ -105.6866, 40.293 ], [ -105.6848, 40.2924 ], [ -105.6812, 40.2919 ], [ -105.6837, 40.2912 ], [ -105.6854, 40.2901 ], [ -105.6865, 40.2883 ], [ -105.6856, 40.2867 ], [ -105.6806, 40.2845 ], [ -105.6807, 40.2826 ], [ -105.6793, 40.2789 ], [ -105.6801, 40.2785 ], [ -105.6815, 40.279 ], [ -105.6803, 40.2747 ], [ -105.6824, 40.2728 ], [ -105.6789, 40.2699 ], [ -105.6782, 40.2681 ], [ -105.6756, 40.2673 ], [ -105.6721, 40.2681 ], [ -105.6679, 40.2677 ], [ -105.6652, 40.2669 ], [ -105.6644, 40.2656 ], [ -105.6624, 40.2641 ], [ -105.6607, 40.2642 ], [ -105.6542, 40.2613 ], [ -105.6514, 40.2581 ], [ -105.6508, 40.2537 ], [ -105.6474, 40.2514 ], [ -105.644, 40.2499 ], [ -105.6471, 40.2491 ], [ -105.6589, 40.2494 ], [ -105.66, 40.2488 ], [ -105.6603, 40.2448 ], [ -105.6621, 40.2432 ], [ -105.6621, 40.2425 ], [ -105.6654, 40.2373 ], [ -105.6645, 40.2351 ], [ -105.6644, 40.2332 ], [ -105.6661, 40.2315 ], [ -105.6674, 40.231 ], [ -105.6673, 40.2298 ], [ -105.6684, 40.2281 ], [ -105.6678, 40.2267 ], [ -105.669, 40.2242 ], [ -105.6686, 40.2233 ], [ -105.6632, 40.22 ], [ -105.6645, 40.2198 ], [ -105.6686, 40.2203 ], [ -105.6703, 40.2194 ], [ -105.6713, 40.2171 ], [ -105.6709, 40.2146 ], [ -105.6702, 40.2136 ], [ -105.6711, 40.2122 ], [ -105.6712, 40.2097 ], [ -105.6706, 40.2078 ], [ -105.6738, 40.2041 ], [ -105.6776, 40.2023 ], [ -105.6764, 40.1995 ], [ -105.6776, 40.1972 ], [ -105.6776, 40.189 ], [ -105.6767, 40.1874 ], [ -105.6755, 40.1864 ], [ -105.6738, 40.1857 ], [ -105.6709, 40.1856 ], [ -105.6704, 40.1846 ], [ -105.6703, 40.1834 ], [ -105.6719, 40.1817 ], [ -105.6718, 40.18 ], [ -105.6708, 40.1785 ], [ -105.6683, 40.177 ], [ -105.6691, 40.1763 ], [ -105.6697, 40.1743 ], [ -105.6686, 40.1736 ], [ -105.6681, 40.1709 ], [ -105.6669, 40.1699 ], [ -105.6692, 40.169 ], [ -105.6696, 40.1675 ], [ -105.6715, 40.1662 ], [ -105.6715, 40.1654 ], [ -105.6706, 40.1627 ], [ -105.6675, 40.1612 ], [ -105.668, 40.1599 ], [ -105.6677, 40.1583 ], [ -105.6647, 40.1567 ], [ -105.6613, 40.1565 ], [ -105.6606, 40.155 ], [ -105.6571, 40.1532 ], [ -105.656, 40.1513 ], [ -105.6487, 40.1505 ], [ -105.6473, 40.151 ], [ -105.6473, 40.1492 ], [ -105.6463, 40.1486 ], [ -105.6357, 40.146 ], [ -105.6351, 40.1442 ], [ -105.6355, 40.1404 ], [ -105.6336, 40.1389 ], [ -105.6297, 40.1378 ], [ -105.6293, 40.1368 ], [ -105.63, 40.1346 ], [ -105.63, 40.1304 ], [ -105.6287, 40.1288 ], [ -105.6261, 40.1273 ], [ -105.6282, 40.125 ], [ -105.6288, 40.1235 ], [ -105.6276, 40.1221 ], [ -105.6282, 40.1204 ], [ -105.6266, 40.1187 ], [ -105.6277, 40.1184 ], [ -105.6291, 40.117 ], [ -105.63, 40.1142 ], [ -105.6316, 40.1135 ], [ -105.6347, 40.1132 ], [ -105.636, 40.1093 ], [ -105.6357, 40.1083 ], [ -105.6367, 40.107 ], [ -105.6361, 40.1047 ], [ -105.6366, 40.1025 ], [ -105.636, 40.1014 ], [ -105.632, 40.0972 ], [ -105.6333, 40.0955 ], [ -105.6343, 40.0956 ], [ -105.6347, 40.0951 ], [ -105.6343, 40.0902 ], [ -105.6337, 40.0886 ], [ -105.6352, 40.0872 ], [ -105.635, 40.0852 ], [ -105.636, 40.0846 ], [ -105.6356, 40.0829 ], [ -105.6343, 40.0815 ], [ -105.6326, 40.0814 ], [ -105.6348, 40.0796 ], [ -105.6347, 40.077 ], [ -105.6354, 40.0749 ], [ -105.637, 40.0746 ], [ -105.6388, 40.0734 ], [ -105.6411, 40.073 ], [ -105.6409, 40.0702 ], [ -105.6389, 40.067 ], [ -105.6418, 40.0679 ], [ -105.6431, 40.0668 ], [ -105.6467, 40.0652 ], [ -105.6494, 40.06 ], [ -105.6511, 40.0584 ], [ -105.6488, 40.0543 ], [ -105.6465, 40.0535 ], [ -105.6456, 40.0527 ], [ -105.6445, 40.0499 ], [ -105.6436, 40.0497 ], [ -105.6423, 40.0481 ], [ -105.6407, 40.0471 ], [ -105.6385, 40.0467 ], [ -105.6375, 40.0458 ], [ -105.6376, 40.0449 ], [ -105.6386, 40.0438 ], [ -105.6384, 40.0429 ], [ -105.6391, 40.0405 ], [ -105.6388, 40.0388 ], [ -105.6402, 40.0373 ], [ -105.6406, 40.035 ], [ -105.6412, 40.0342 ], [ -105.6439, 40.0333 ], [ -105.6496, 40.0277 ], [ -105.6528, 40.0238 ], [ -105.6529, 40.0219 ], [ -105.6519, 40.0209 ], [ -105.6588, 40.0191 ], [ -105.6602, 40.0183 ], [ -105.6616, 40.0165 ], [ -105.6671, 40.0163 ], [ -105.6701, 40.0169 ], [ -105.6753, 40.016 ], [ -105.678, 40.0145 ], [ -105.6807, 40.014 ], [ -105.6849, 40.0146 ], [ -105.6878, 40.016 ], [ -105.6889, 40.016 ], [ -105.6898, 40.0151 ], [ -105.6898, 40.0117 ], [ -105.6893, 40.011 ], [ -105.69, 40.0091 ], [ -105.6885, 40.0069 ], [ -105.6898, 40.006 ], [ -105.6911, 40.0038 ], [ -105.6904, 40.0014 ], [ -105.6912, 39.9995 ], [ -105.6912, 39.9973 ], [ -105.6906, 39.9963 ], [ -105.689, 39.9954 ], [ -105.685, 39.9945 ], [ -105.6832, 39.9946 ], [ -105.6832, 39.9929 ], [ -105.686, 39.9897 ], [ -105.686, 39.9875 ], [ -105.6875, 39.9854 ], [ -105.685, 39.9829 ], [ -105.6855, 39.9806 ], [ -105.6849, 39.9794 ], [ -105.6884, 39.9754 ], [ -105.6903, 39.9699 ], [ -105.6886, 39.9671 ], [ -105.6893, 39.9641 ], [ -105.6883, 39.9629 ], [ -105.6882, 39.9598 ], [ -105.6851, 39.9587 ], [ -105.6884, 39.9565 ], [ -105.6891, 39.9537 ], [ -105.6912, 39.953 ], [ -105.6944, 39.9502 ], [ -105.6938, 39.9487 ], [ -105.6928, 39.9482 ], [ -105.6918, 39.9464 ], [ -105.6935, 39.944 ], [ -105.6937, 39.9424 ], [ -105.6932, 39.9412 ], [ -105.6903, 39.9395 ], [ -105.6899, 39.9388 ], [ -105.6866, 39.9375 ], [ -105.6829, 39.9338 ], [ -105.6789, 39.9329 ], [ -105.6751, 39.9333 ], [ -105.678, 39.9305 ], [ -105.6766, 39.9286 ], [ -105.6789, 39.9277 ], [ -105.6801, 39.9265 ], [ -105.6802, 39.9253 ], [ -105.6823, 39.9219 ], [ -105.6828, 39.9182 ], [ -105.6822, 39.9175 ], [ -105.686, 39.9156 ], [ -105.6865, 39.9128 ], [ -105.6879, 39.9117 ], [ -105.6886, 39.9075 ], [ -105.6872, 39.9042 ], [ -105.6903, 39.9019 ], [ -105.6918, 39.8984 ], [ -105.6911, 39.8973 ], [ -105.6972, 39.8946 ], [ -105.6997, 39.8915 ], [ -105.6997, 39.8895 ], [ -105.699, 39.8879 ], [ -105.6994, 39.8856 ], [ -105.6977, 39.8843 ], [ -105.6984, 39.8828 ], [ -105.6984, 39.881 ], [ -105.7008, 39.8789 ], [ -105.6992, 39.8741 ], [ -105.6969, 39.8717 ], [ -105.6978, 39.868 ], [ -105.6962, 39.8646 ], [ -105.6965, 39.8636 ], [ -105.6961, 39.8615 ], [ -105.6936, 39.8582 ], [ -105.6937, 39.8573 ], [ -105.6924, 39.8545 ], [ -105.6903, 39.852 ], [ -105.6913, 39.8513 ], [ -105.6935, 39.8479 ], [ -105.6938, 39.8455 ], [ -105.6957, 39.8395 ], [ -105.6963, 39.8389 ], [ -105.7033, 39.8367 ], [ -105.7081, 39.8367 ], [ -105.7134, 39.8382 ], [ -105.717, 39.8355 ], [ -105.719, 39.8319 ], [ -105.7192, 39.8275 ], [ -105.7227, 39.8258 ], [ -105.7239, 39.8246 ], [ -105.7245, 39.8229 ], [ -105.7239, 39.8193 ], [ -105.7244, 39.8182 ], [ -105.7252, 39.8173 ], [ -105.7314, 39.8143 ], [ -105.7335, 39.8125 ], [ -105.7353, 39.8093 ], [ -105.7361, 39.8059 ], [ -105.7359, 39.805 ], [ -105.74, 39.8048 ], [ -105.7445, 39.8034 ], [ -105.7471, 39.8013 ], [ -105.7497, 39.8009 ], [ -105.7506, 39.8013 ], [ -105.7542, 39.7992 ], [ -105.761, 39.7971 ], [ -105.7639, 39.795 ], [ -105.766, 39.7949 ], [ -105.7678, 39.7953 ], [ -105.7781, 39.7985 ], [ -105.7797, 39.799 ], [ -105.7847, 39.8024 ], [ -105.7909, 39.8031 ], [ -105.7937, 39.8019 ], [ -105.7958, 39.8029 ], [ -105.799, 39.8034 ], [ -105.8007, 39.8023 ], [ -105.8019, 39.7993 ], [ -105.8066, 39.7986 ], [ -105.8083, 39.7973 ], [ -105.8097, 39.795 ], [ -105.8099, 39.7924 ], [ -105.8105, 39.7915 ], [ -105.8142, 39.7903 ], [ -105.8192, 39.7898 ], [ -105.8208, 39.7888 ], [ -105.823, 39.7856 ], [ -105.83, 39.7882 ], [ -105.8334, 39.7879 ], [ -105.8386, 39.7881 ], [ -105.8441, 39.7895 ], [ -105.8478, 39.7892 ], [ -105.8515, 39.7878 ], [ -105.8509, 39.7891 ], [ -105.8534, 39.7923 ], [ -105.8549, 39.7962 ], [ -105.8558, 39.7955 ], [ -105.8607, 39.7971 ], [ -105.8622, 39.7967 ], [ -105.8723, 39.7967 ], [ -105.8744, 39.7987 ], [ -105.8756, 39.7993 ], [ -105.8874, 39.797 ], [ -105.8879, 39.795 ], [ -105.8877, 39.789 ], [ -105.8907, 39.7864 ], [ -105.8923, 39.7841 ], [ -105.8927, 39.7826 ], [ -105.8921, 39.7808 ], [ -105.89, 39.7786 ], [ -105.8896, 39.7737 ], [ -105.8875, 39.7705 ], [ -105.8867, 39.766 ], [ -105.8851, 39.7642 ], [ -105.8828, 39.7634 ], [ -105.8805, 39.7593 ], [ -105.8821, 39.7558 ], [ -105.8841, 39.7537 ], [ -105.8848, 39.7517 ], [ -105.885, 39.75 ], [ -105.8832, 39.7476 ], [ -105.8823, 39.7456 ], [ -105.8833, 39.7438 ], [ -105.8824, 39.7403 ], [ -105.8837, 39.737 ], [ -105.8894, 39.7315 ], [ -105.8918, 39.7304 ], [ -105.9, 39.7288 ], [ -105.9047, 39.7288 ], [ -105.9067, 39.7275 ], [ -105.9083, 39.7262 ], [ -105.9075, 39.724 ], [ -105.9105, 39.7207 ], [ -105.912, 39.7162 ], [ -105.9118, 39.7153 ], [ -105.9168, 39.7136 ], [ -105.9181, 39.7121 ], [ -105.9214, 39.7099 ], [ -105.9219, 39.7081 ], [ -105.9245, 39.7034 ], [ -105.9241, 39.7016 ], [ -105.9251, 39.6984 ], [ -105.9267, 39.6987 ], [ -105.9301, 39.6975 ], [ -105.9328, 39.6947 ], [ -105.9365, 39.6926 ], [ -105.9406, 39.6906 ], [ -105.9456, 39.6889 ], [ -105.951, 39.6951 ], [ -105.9619, 39.6908 ], [ -105.9704, 39.6906 ], [ -105.9724, 39.6917 ], [ -105.9782, 39.6898 ], [ -105.981, 39.6898 ], [ -105.9854, 39.6874 ], [ -105.9886, 39.687 ], [ -105.991, 39.6875 ], [ -105.9963, 39.6841 ], [ -106.0029, 39.6858 ], [ -106.0046, 39.6873 ], [ -106.0065, 39.688 ], [ -106.0097, 39.6876 ], [ -106.013, 39.6863 ], [ -106.0156, 39.6871 ], [ -106.0194, 39.6875 ], [ -106.0212, 39.6884 ], [ -106.0238, 39.6884 ], [ -106.0267, 39.6895 ], [ -106.0263, 39.6908 ], [ -106.0319, 39.6942 ], [ -106.0336, 39.6968 ], [ -106.0343, 39.703 ], [ -106.0368, 39.7055 ], [ -106.0379, 39.7076 ], [ -106.0381, 39.7121 ], [ -106.0416, 39.716 ], [ -106.0441, 39.7177 ], [ -106.0447, 39.7189 ], [ -106.0479, 39.72 ], [ -106.0486, 39.7211 ], [ -106.0513, 39.7215 ], [ -106.056, 39.7214 ], [ -106.0566, 39.723 ], [ -106.0585, 39.7247 ], [ -106.058, 39.7288 ], [ -106.0602, 39.7345 ], [ -106.0598, 39.7359 ], [ -106.0603, 39.738 ], [ -106.0595, 39.7394 ], [ -106.0597, 39.7406 ], [ -106.0609, 39.7414 ], [ -106.0637, 39.7454 ], [ -106.0649, 39.7481 ], [ -106.0636, 39.7494 ], [ -106.0632, 39.751 ], [ -106.0619, 39.7511 ], [ -106.0619, 39.7514 ], [ -106.0641, 39.7522 ], [ -106.0659, 39.7538 ], [ -106.0658, 39.7573 ], [ -106.0648, 39.7603 ], [ -106.0656, 39.7626 ], [ -106.0675, 39.7639 ], [ -106.0701, 39.7673 ], [ -106.071, 39.7697 ], [ -106.071, 39.7727 ], [ -106.0746, 39.7801 ], [ -106.0777, 39.7829 ], [ -106.079, 39.7854 ], [ -106.0812, 39.7874 ], [ -106.0792, 39.7923 ], [ -106.078, 39.7935 ], [ -106.0822, 39.7963 ], [ -106.0824, 39.8007 ], [ -106.0839, 39.8033 ], [ -106.0837, 39.806 ], [ -106.0841, 39.8067 ], [ -106.09, 39.8093 ], [ -106.092, 39.8129 ], [ -106.099, 39.8184 ], [ -106.0999, 39.8198 ], [ -106.1047, 39.8218 ], [ -106.1063, 39.824 ], [ -106.1124, 39.8297 ], [ -106.1146, 39.8304 ], [ -106.117, 39.832 ], [ -106.1203, 39.8357 ], [ -106.1207, 39.8374 ], [ -106.1218, 39.839 ], [ -106.125, 39.8421 ], [ -106.1256, 39.8421 ], [ -106.1283, 39.8436 ], [ -106.1315, 39.8442 ], [ -106.1379, 39.8435 ], [ -106.1394, 39.843 ], [ -106.1434, 39.8393 ], [ -106.1495, 39.8396 ], [ -106.1531, 39.8412 ], [ -106.1601, 39.8434 ], [ -106.1651, 39.8438 ], [ -106.1676, 39.8455 ], [ -106.1689, 39.845 ], [ -106.1711, 39.8453 ], [ -106.1725, 39.8464 ], [ -106.1725, 39.8479 ], [ -106.174, 39.8477 ], [ -106.1777, 39.8493 ], [ -106.1804, 39.8525 ], [ -106.1833, 39.8535 ], [ -106.1857, 39.8554 ], [ -106.1931, 39.8588 ], [ -106.1954, 39.8611 ], [ -106.2006, 39.864 ], [ -106.2015, 39.8655 ], [ -106.2014, 39.8685 ], [ -106.2028, 39.8698 ], [ -106.2032, 39.8713 ], [ -106.2064, 39.875 ], [ -106.2065, 39.8777 ], [ -106.208, 39.8784 ], [ -106.2142, 39.8788 ], [ -106.2169, 39.8806 ], [ -106.2193, 39.8836 ], [ -106.2194, 39.8853 ], [ -106.2208, 39.8877 ], [ -106.2231, 39.8883 ], [ -106.2241, 39.89 ], [ -106.2284, 39.8935 ], [ -106.23, 39.898 ], [ -106.2319, 39.8999 ], [ -106.2317, 39.9008 ], [ -106.2348, 39.9027 ], [ -106.2393, 39.9068 ], [ -106.2411, 39.9073 ], [ -106.2469, 39.9127 ], [ -106.2506, 39.913 ], [ -106.252, 39.9147 ], [ -106.2898, 39.9189 ], [ -106.2948, 39.9189 ], [ -106.2946, 39.914 ], [ -106.3756, 39.9136 ], [ -106.3811, 39.914 ], [ -106.3954, 39.914 ], [ -106.3953, 39.9246 ], [ -106.4863, 39.9253 ], [ -106.5621, 39.9248 ], [ -106.6152, 39.9253 ], [ -106.6266, 39.9248 ], [ -106.6261, 40.0 ], [ -106.6265, 40.0019 ], [ -106.637, 40.0021 ], [ -106.637, 40.179 ], [ -106.6331, 40.179 ], [ -106.6323, 40.3416 ], [ -106.6528, 40.3416 ], [ -106.6522, 40.4452 ], [ -106.6519, 40.4421 ], [ -106.6503, 40.4398 ], [ -106.6434, 40.436 ], [ -106.6386, 40.4322 ], [ -106.6361, 40.432 ], [ -106.6325, 40.4326 ], [ -106.6281, 40.4311 ], [ -106.6264, 40.431 ], [ -106.6235, 40.4317 ], [ -106.6222, 40.4298 ], [ -106.6237, 40.4296 ], [ -106.6265, 40.427 ], [ -106.6288, 40.4222 ], [ -106.6292, 40.4189 ], [ -106.6284, 40.4176 ], [ -106.6271, 40.4173 ], [ -106.6252, 40.415 ], [ -106.6239, 40.4109 ], [ -106.621, 40.408 ], [ -106.6195, 40.4052 ], [ -106.618, 40.3989 ], [ -106.6183, 40.3953 ], [ -106.6176, 40.3932 ], [ -106.6141, 40.3899 ], [ -106.612, 40.3868 ], [ -106.6117, 40.3832 ], [ -106.6123, 40.3794 ], [ -106.6094, 40.3783 ], [ -106.6082, 40.3797 ], [ -106.6037, 40.3783 ], [ -106.6028, 40.3777 ], [ -106.6025, 40.3761 ], [ -106.601, 40.3758 ], [ -106.5965, 40.3789 ], [ -106.5967, 40.381 ], [ -106.5945, 40.3814 ], [ -106.5946, 40.3832 ], [ -106.5925, 40.3811 ], [ -106.5911, 40.3806 ], [ -106.5894, 40.3818 ], [ -106.5877, 40.3814 ], [ -106.5854, 40.3823 ], [ -106.5836, 40.381 ], [ -106.5815, 40.3807 ], [ -106.5804, 40.3798 ], [ -106.5766, 40.3786 ], [ -106.5694, 40.3786 ], [ -106.5647, 40.3775 ], [ -106.5625, 40.3784 ], [ -106.5593, 40.3781 ], [ -106.5567, 40.3773 ], [ -106.5554, 40.3742 ], [ -106.5556, 40.3726 ], [ -106.5535, 40.3699 ], [ -106.5507, 40.3704 ], [ -106.5467, 40.3703 ], [ -106.5444, 40.372 ], [ -106.5399, 40.3713 ], [ -106.5385, 40.3704 ], [ -106.5383, 40.3686 ], [ -106.5349, 40.3651 ], [ -106.5342, 40.3658 ], [ -106.5313, 40.3666 ], [ -106.5297, 40.3691 ], [ -106.5293, 40.3728 ], [ -106.5276, 40.3746 ], [ -106.5268, 40.3772 ], [ -106.5275, 40.3775 ], [ -106.5265, 40.3803 ], [ -106.5271, 40.3812 ], [ -106.527, 40.3832 ], [ -106.5253, 40.3858 ], [ -106.5204, 40.3885 ], [ -106.5202, 40.3897 ], [ -106.5189, 40.391 ], [ -106.5158, 40.3884 ], [ -106.5147, 40.3883 ], [ -106.5123, 40.3868 ], [ -106.5103, 40.3893 ], [ -106.5105, 40.3934 ], [ -106.509, 40.3941 ], [ -106.5036, 40.3993 ], [ -106.5026, 40.3993 ], [ -106.5025, 40.4004 ], [ -106.501, 40.4026 ], [ -106.4988, 40.4036 ], [ -106.4958, 40.4036 ], [ -106.4949, 40.4069 ], [ -106.4927, 40.408 ], [ -106.4919, 40.41 ], [ -106.4898, 40.4116 ], [ -106.4854, 40.4101 ], [ -106.4825, 40.4084 ], [ -106.4773, 40.4037 ], [ -106.4771, 40.4025 ], [ -106.4779, 40.401 ], [ -106.4771, 40.3997 ], [ -106.48, 40.3948 ], [ -106.4795, 40.3936 ], [ -106.4797, 40.3919 ], [ -106.4813, 40.3894 ], [ -106.4778, 40.3893 ], [ -106.4745, 40.388 ], [ -106.4726, 40.3848 ], [ -106.4712, 40.3834 ], [ -106.4711, 40.3823 ], [ -106.4731, 40.3794 ], [ -106.4706, 40.379 ], [ -106.4671, 40.3792 ], [ -106.4644, 40.3759 ], [ -106.4641, 40.3719 ], [ -106.463, 40.3687 ], [ -106.4632, 40.367 ], [ -106.4583, 40.3665 ], [ -106.4561, 40.3633 ], [ -106.4563, 40.3606 ], [ -106.4555, 40.358 ], [ -106.4578, 40.3561 ], [ -106.457, 40.3545 ], [ -106.4543, 40.3543 ], [ -106.4501, 40.351 ], [ -106.4482, 40.3503 ], [ -106.4459, 40.3481 ], [ -106.4443, 40.3477 ], [ -106.4432, 40.3465 ], [ -106.4408, 40.3485 ], [ -106.4395, 40.3488 ], [ -106.4388, 40.3503 ], [ -106.4361, 40.3504 ], [ -106.433, 40.3496 ], [ -106.4319, 40.3507 ], [ -106.4306, 40.3513 ], [ -106.4295, 40.3514 ], [ -106.4275, 40.3508 ], [ -106.4236, 40.3525 ], [ -106.4218, 40.3528 ], [ -106.42, 40.3522 ], [ -106.4197, 40.3509 ], [ -106.4185, 40.3501 ], [ -106.4171, 40.3501 ], [ -106.414, 40.3509 ], [ -106.4103, 40.3502 ], [ -106.4074, 40.3461 ], [ -106.4056, 40.346 ], [ -106.404, 40.345 ], [ -106.4014, 40.3453 ], [ -106.3964, 40.347 ], [ -106.3934, 40.3458 ], [ -106.3897, 40.3457 ], [ -106.3891, 40.3461 ], [ -106.3882, 40.3483 ], [ -106.3865, 40.3496 ], [ -106.3857, 40.3509 ], [ -106.3859, 40.3518 ], [ -106.3853, 40.3524 ], [ -106.3831, 40.3529 ], [ -106.3812, 40.3528 ], [ -106.3785, 40.3547 ], [ -106.3749, 40.3554 ], [ -106.3725, 40.357 ], [ -106.37, 40.3575 ], [ -106.3676, 40.3561 ], [ -106.3663, 40.3559 ], [ -106.3642, 40.3565 ], [ -106.3636, 40.3575 ], [ -106.3622, 40.358 ], [ -106.3601, 40.3583 ], [ -106.3565, 40.3581 ], [ -106.3538, 40.3575 ], [ -106.3536, 40.357 ], [ -106.3515, 40.3558 ], [ -106.3504, 40.3531 ], [ -106.3449, 40.3496 ], [ -106.3439, 40.3465 ], [ -106.3415, 40.3455 ], [ -106.3376, 40.3429 ], [ -106.337, 40.3396 ], [ -106.3346, 40.3389 ], [ -106.3295, 40.3391 ], [ -106.3212, 40.3373 ], [ -106.3197, 40.3352 ], [ -106.3162, 40.3336 ], [ -106.3122, 40.3302 ], [ -106.3058, 40.3285 ], [ -106.3052, 40.3291 ], [ -106.3052, 40.3309 ], [ -106.3028, 40.3303 ], [ -106.2995, 40.3303 ], [ -106.2983, 40.3324 ], [ -106.296, 40.3331 ], [ -106.2965, 40.3353 ], [ -106.2939, 40.3376 ], [ -106.2942, 40.3383 ], [ -106.2965, 40.339 ], [ -106.2985, 40.3413 ], [ -106.2987, 40.3448 ], [ -106.2972, 40.3469 ], [ -106.2978, 40.3486 ], [ -106.2987, 40.3494 ], [ -106.2986, 40.35 ], [ -106.2958, 40.3515 ], [ -106.2955, 40.3542 ], [ -106.2927, 40.3569 ], [ -106.2911, 40.3582 ], [ -106.2884, 40.358 ], [ -106.2863, 40.3589 ], [ -106.2842, 40.3558 ], [ -106.2806, 40.355 ], [ -106.2792, 40.3538 ], [ -106.2779, 40.3537 ], [ -106.2768, 40.3549 ], [ -106.2751, 40.3553 ], [ -106.2716, 40.3572 ], [ -106.2698, 40.3572 ], [ -106.2692, 40.3593 ], [ -106.2657, 40.361 ], [ -106.2617, 40.3582 ], [ -106.2603, 40.3582 ], [ -106.2597, 40.3578 ], [ -106.2577, 40.3552 ], [ -106.2561, 40.3513 ], [ -106.2536, 40.3503 ], [ -106.2536, 40.3466 ], [ -106.2527, 40.346 ], [ -106.2526, 40.3447 ], [ -106.2512, 40.3427 ], [ -106.2511, 40.3406 ], [ -106.2473, 40.3392 ], [ -106.2467, 40.3382 ], [ -106.2448, 40.3373 ], [ -106.2412, 40.3317 ], [ -106.2389, 40.3298 ], [ -106.2393, 40.3289 ], [ -106.239, 40.328 ], [ -106.2362, 40.3257 ], [ -106.2315, 40.3248 ], [ -106.2307, 40.3245 ], [ -106.2309, 40.3235 ], [ -106.2301, 40.3234 ], [ -106.2257, 40.3252 ], [ -106.2217, 40.3258 ], [ -106.2207, 40.3278 ], [ -106.2171, 40.3291 ], [ -106.2144, 40.328 ], [ -106.2115, 40.3277 ], [ -106.2062, 40.3279 ], [ -106.2017, 40.3265 ], [ -106.1989, 40.3271 ], [ -106.1969, 40.3256 ], [ -106.195, 40.3264 ], [ -106.1927, 40.3259 ], [ -106.1892, 40.3265 ], [ -106.189, 40.3277 ], [ -106.1798, 40.334 ], [ -106.1801, 40.336 ], [ -106.1792, 40.3383 ], [ -106.1774, 40.3406 ], [ -106.1753, 40.342 ], [ -106.1747, 40.3432 ], [ -106.1705, 40.344 ], [ -106.1689, 40.3435 ], [ -106.1643, 40.3433 ], [ -106.162, 40.3426 ], [ -106.161, 40.3408 ], [ -106.1597, 40.3405 ], [ -106.1583, 40.3395 ], [ -106.1564, 40.337 ], [ -106.1516, 40.3349 ], [ -106.1512, 40.3337 ], [ -106.1494, 40.332 ], [ -106.1475, 40.3321 ], [ -106.1468, 40.3314 ], [ -106.1426, 40.3302 ], [ -106.1368, 40.3301 ], [ -106.1343, 40.336 ], [ -106.1302, 40.3369 ], [ -106.1279, 40.338 ], [ -106.1272, 40.3389 ], [ -106.1256, 40.3395 ], [ -106.1212, 40.3425 ], [ -106.1205, 40.3438 ], [ -106.1167, 40.3459 ], [ -106.1051, 40.3502 ], [ -106.1016, 40.3538 ], [ -106.0994, 40.3545 ], [ -106.0978, 40.3528 ], [ -106.095, 40.3511 ], [ -106.0915, 40.3501 ], [ -106.0898, 40.3501 ] ] ] } },
{ "type": "Feature", "properties": { "id": "Logan" }, "geometry": { "type": "Polygon", "coordinates": [ [ [ -103.5738, 40.8909 ], [ -103.5739, 40.9633 ], [ -103.5733, 40.9785 ], [ -103.5734, 40.9927 ], [ -103.5739, 41.0 ], [ -103.5745, 41.0017 ], [ -103.5349, 41.0014 ], [ -103.4867, 41.0019 ], [ -103.4479, 41.0018 ], [ -103.4134, 41.0019 ], [ -103.397, 41.0026 ], [ -103.3653, 41.0018 ], [ -103.2683, 41.0021 ], [ -103.2505, 41.0018 ], [ -103.249, 41.0022 ], [ -103.1653, 41.0021 ], [ -103.0021, 41.0025 ], [ -102.9432, 41.0021 ], [ -102.8858, 41.0024 ], [ -102.8661, 41.0023 ], [ -102.8658, 41.002 ], [ -102.8465, 41.0024 ], [ -102.8272, 41.0021 ], [ -102.6535, 41.0023 ], [ -102.6518, 40.8654 ], [ -102.6509, 40.7053 ], [ -102.6647, 40.7052 ], [ -102.6656, 40.6117 ], [ -102.6648, 40.4385 ], [ -102.8883, 40.4383 ], [ -103.0835, 40.4367 ], [ -103.1503, 40.4368 ], [ -103.3672, 40.4353 ], [ -103.3871, 40.4354 ], [ -103.4071, 40.4364 ], [ -103.4654, 40.4363 ], [ -103.4652, 40.4575 ], [ -103.4659, 40.4584 ], [ -103.4672, 40.5233 ], [ -103.5818, 40.5234 ], [ -103.5815, 40.625 ], [ -103.5802, 40.702 ], [ -103.5741, 40.7019 ], [ -103.5734, 40.7729 ], [ -103.5742, 40.8766 ], [ -103.5738, 40.8909 ] ] ] } },
{ "type": "Feature", "properties": { "id": "Clear Creek" }, "geometry": { "type": "Polygon", "coordinates": [ [ [ -105.7241, 39.819 ], [ -105.7246, 39.822 ], [ -105.7242, 39.8241 ], [ -105.7233, 39.8254 ], [ -105.7191, 39.8278 ], [ -105.7193, 39.8311 ], [ -105.717, 39.8355 ], [ -105.7134, 39.8382 ], [ -105.7081, 39.8367 ], [ -105.7051, 39.8366 ], [ -105.7013, 39.8371 ], [ -105.6963, 39.8389 ], [ -105.6957, 39.8395 ], [ -105.6938, 39.8455 ], [ -105.6935, 39.8479 ], [ -105.6913, 39.8513 ], [ -105.6903, 39.852 ], [ -105.6888, 39.8514 ], [ -105.6865, 39.8492 ], [ -105.683, 39.8484 ], [ -105.6814, 39.8475 ], [ -105.6788, 39.8472 ], [ -105.6773, 39.8474 ], [ -105.6766, 39.849 ], [ -105.6753, 39.8498 ], [ -105.6718, 39.848 ], [ -105.6674, 39.8476 ], [ -105.6633, 39.85 ], [ -105.6605, 39.8506 ], [ -105.6594, 39.8504 ], [ -105.6518, 39.8483 ], [ -105.649, 39.8465 ], [ -105.6439, 39.8465 ], [ -105.6412, 39.8452 ], [ -105.6362, 39.8446 ], [ -105.6336, 39.8438 ], [ -105.6312, 39.8393 ], [ -105.6315, 39.8377 ], [ -105.6295, 39.8356 ], [ -105.6276, 39.8321 ], [ -105.6251, 39.8309 ], [ -105.623, 39.8291 ], [ -105.6213, 39.829 ], [ -105.6163, 39.8255 ], [ -105.6136, 39.8227 ], [ -105.6116, 39.8247 ], [ -105.6078, 39.823 ], [ -105.606, 39.8228 ], [ -105.6027, 39.8204 ], [ -105.603, 39.8196 ], [ -105.6024, 39.8181 ], [ -105.5975, 39.8188 ], [ -105.5947, 39.8201 ], [ -105.592, 39.8227 ], [ -105.5909, 39.823 ], [ -105.5886, 39.823 ], [ -105.5861, 39.8219 ], [ -105.584, 39.8228 ], [ -105.5793, 39.8225 ], [ -105.5766, 39.8214 ], [ -105.5742, 39.819 ], [ -105.5761, 39.8143 ], [ -105.5788, 39.8137 ], [ -105.5797, 39.8128 ], [ -105.5785, 39.811 ], [ -105.5781, 39.8056 ], [ -105.5719, 39.8024 ], [ -105.5714, 39.8012 ], [ -105.5664, 39.8003 ], [ -105.5641, 39.8004 ], [ -105.5607, 39.7951 ], [ -105.5583, 39.7953 ], [ -105.5553, 39.7942 ], [ -105.5543, 39.792 ], [ -105.546, 39.787 ], [ -105.5488, 39.7846 ], [ -105.5479, 39.7811 ], [ -105.5447, 39.778 ], [ -105.5443, 39.7769 ], [ -105.5451, 39.7736 ], [ -105.5413, 39.7738 ], [ -105.5386, 39.7716 ], [ -105.5311, 39.7697 ], [ -105.5302, 39.7691 ], [ -105.5256, 39.7687 ], [ -105.5218, 39.767 ], [ -105.5213, 39.7661 ], [ -105.5185, 39.7651 ], [ -105.5165, 39.765 ], [ -105.5122, 39.766 ], [ -105.5102, 39.7658 ], [ -105.5083, 39.7641 ], [ -105.5014, 39.763 ], [ -105.4946, 39.7639 ], [ -105.4939, 39.7627 ], [ -105.4964, 39.761 ], [ -105.4967, 39.7597 ], [ -105.496, 39.7585 ], [ -105.4969, 39.7579 ], [ -105.493, 39.7569 ], [ -105.4907, 39.7572 ], [ -105.4895, 39.7582 ], [ -105.4864, 39.7584 ], [ -105.484, 39.7592 ], [ -105.4789, 39.7591 ], [ -105.4698, 39.7565 ], [ -105.4657, 39.7564 ], [ -105.4627, 39.757 ], [ -105.4613, 39.7556 ], [ -105.4546, 39.7558 ], [ -105.4513, 39.7541 ], [ -105.4503, 39.7529 ], [ -105.448, 39.7532 ], [ -105.441, 39.7556 ], [ -105.4371, 39.7558 ], [ -105.4298, 39.7546 ], [ -105.4274, 39.7558 ], [ -105.4252, 39.7556 ], [ -105.422, 39.755 ], [ -105.4225, 39.7534 ], [ -105.4222, 39.7515 ], [ -105.4236, 39.7499 ], [ -105.4233, 39.7482 ], [ -105.4217, 39.7459 ], [ -105.4183, 39.7472 ], [ -105.415, 39.7495 ], [ -105.4097, 39.7499 ], [ -105.4069, 39.7514 ], [ -105.4032, 39.7502 ], [ -105.4022, 39.7489 ], [ -105.3979, 39.7471 ], [ -105.3989, 39.5661 ], [ -105.5003, 39.5661 ], [ -105.588, 39.5682 ], [ -105.6359, 39.5667 ], [ -105.7216, 39.5653 ], [ -105.7506, 39.5649 ], [ -105.8297, 39.5649 ], [ -105.8306, 39.5665 ], [ -105.8366, 39.5688 ], [ -105.8384, 39.5715 ], [ -105.8384, 39.573 ], [ -105.8315, 39.5781 ], [ -105.8278, 39.5791 ], [ -105.8263, 39.5803 ], [ -105.8227, 39.5801 ], [ -105.8216, 39.5804 ], [ -105.8206, 39.5809 ], [ -105.8199, 39.5822 ], [ -105.8178, 39.5808 ], [ -105.8138, 39.5824 ], [ -105.8134, 39.5822 ], [ -105.8081, 39.5834 ], [ -105.8032, 39.5898 ], [ -105.8014, 39.5912 ], [ -105.8002, 39.5934 ], [ -105.7953, 39.5942 ], [ -105.7917, 39.5979 ], [ -105.7827, 39.6001 ], [ -105.7814, 39.6009 ], [ -105.7781, 39.604 ], [ -105.776, 39.6051 ], [ -105.776, 39.6107 ], [ -105.7773, 39.6128 ], [ -105.7812, 39.616 ], [ -105.7827, 39.618 ], [ -105.7823, 39.6268 ], [ -105.7829, 39.6276 ], [ -105.7827, 39.629 ], [ -105.7846, 39.6311 ], [ -105.788, 39.6324 ], [ -105.7908, 39.634 ], [ -105.7918, 39.6353 ], [ -105.7935, 39.6364 ], [ -105.7983, 39.6364 ], [ -105.8007, 39.6356 ], [ -105.8062, 39.6349 ], [ -105.8109, 39.6353 ], [ -105.8172, 39.6336 ], [ -105.8186, 39.6349 ], [ -105.8192, 39.6397 ], [ -105.8202, 39.6405 ], [ -105.8212, 39.6427 ], [ -105.826, 39.6409 ], [ -105.8287, 39.6419 ], [ -105.8349, 39.642 ], [ -105.8389, 39.6446 ], [ -105.8395, 39.6456 ], [ -105.8415, 39.6462 ], [ -105.8461, 39.6441 ], [ -105.8487, 39.6442 ], [ -105.8543, 39.6491 ], [ -105.8563, 39.654 ], [ -105.8566, 39.6576 ], [ -105.8586, 39.6582 ], [ -105.86, 39.6592 ], [ -105.862, 39.6623 ], [ -105.863, 39.665 ], [ -105.8648, 39.6672 ], [ -105.873, 39.666 ], [ -105.8796, 39.6636 ], [ -105.8849, 39.6571 ], [ -105.8882, 39.6584 ], [ -105.8939, 39.6594 ], [ -105.8968, 39.6647 ], [ -105.9037, 39.6644 ], [ -105.9108, 39.6623 ], [ -105.92, 39.6694 ], [ -105.9223, 39.6701 ], [ -105.9267, 39.6736 ], [ -105.927, 39.6767 ], [ -105.9213, 39.6843 ], [ -105.9196, 39.6903 ], [ -105.9205, 39.6925 ], [ -105.92, 39.6939 ], [ -105.9246, 39.699 ], [ -105.9241, 39.7016 ], [ -105.9245, 39.7034 ], [ -105.9219, 39.7081 ], [ -105.9214, 39.7099 ], [ -105.9181, 39.7121 ], [ -105.9168, 39.7136 ], [ -105.9118, 39.7153 ], [ -105.912, 39.7162 ], [ -105.9105, 39.7207 ], [ -105.9075, 39.724 ], [ -105.9083, 39.7262 ], [ -105.9067, 39.7275 ], [ -105.9047, 39.7288 ], [ -105.9, 39.7288 ], [ -105.8918, 39.7304 ], [ -105.8894, 39.7315 ], [ -105.8837, 39.737 ], [ -105.8824, 39.7403 ], [ -105.8833, 39.7438 ], [ -105.8823, 39.7456 ], [ -105.8832, 39.7476 ], [ -105.885, 39.75 ], [ -105.8848, 39.7517 ], [ -105.8841, 39.7537 ], [ -105.8821, 39.7558 ], [ -105.8805, 39.7593 ], [ -105.8828, 39.7634 ], [ -105.8851, 39.7642 ], [ -105.8867, 39.766 ], [ -105.8875, 39.7705 ], [ -105.8896, 39.7737 ], [ -105.89, 39.7786 ], [ -105.8921, 39.7808 ], [ -105.8927, 39.7826 ], [ -105.8923, 39.7841 ], [ -105.8907, 39.7864 ], [ -105.8877, 39.789 ], [ -105.8876, 39.7966 ], [ -105.8874, 39.797 ], [ -105.8834, 39.798 ], [ -105.8756, 39.7993 ], [ -105.8744, 39.7987 ], [ -105.8723, 39.7967 ], [ -105.8622, 39.7967 ], [ -105.8607, 39.7971 ], [ -105.8558, 39.7955 ], [ -105.8549, 39.7962 ], [ -105.8534, 39.7923 ], [ -105.8509, 39.7891 ], [ -105.8515, 39.7878 ], [ -105.8478, 39.7892 ], [ -105.8441, 39.7895 ], [ -105.8386, 39.7881 ], [ -105.8334, 39.7879 ], [ -105.83, 39.7882 ], [ -105.823, 39.7856 ], [ -105.8208, 39.7888 ], [ -105.8192, 39.7898 ], [ -105.8142, 39.7903 ], [ -105.8105, 39.7915 ], [ -105.8099, 39.7924 ], [ -105.8097, 39.795 ], [ -105.8083, 39.7973 ], [ -105.8066, 39.7986 ], [ -105.8019, 39.7993 ], [ -105.8007, 39.8023 ], [ -105.799, 39.8034 ], [ -105.7958, 39.8029 ], [ -105.7937, 39.8019 ], [ -105.7909, 39.8031 ], [ -105.7847, 39.8024 ], [ -105.7797, 39.799 ], [ -105.7781, 39.7985 ], [ -105.7678, 39.7953 ], [ -105.766, 39.7949 ], [ -105.7639, 39.795 ], [ -105.761, 39.7971 ], [ -105.7542, 39.7992 ], [ -105.7506, 39.8013 ], [ -105.7497, 39.8009 ], [ -105.7471, 39.8013 ], [ -105.7445, 39.8034 ], [ -105.74, 39.8048 ], [ -105.7359, 39.805 ], [ -105.7361, 39.8059 ], [ -105.7353, 39.8093 ], [ -105.7335, 39.8125 ], [ -105.7314, 39.8143 ], [ -105.7252, 39.8173 ], [ -105.7241, 39.819 ] ] ] } },
{ "type": "Feature", "properties": { "id": "Moffat" }, "geometry": { "type": "Polygon", "coordinates": [ [ [ -108.0587, 40.2219 ], [ -108.2031, 40.2217 ], [ -108.5324, 40.2223 ], [ -109.0508, 40.2227 ], [ -109.0509, 40.4444 ], [ -109.0503, 40.4951 ], [ -109.0507, 40.5 ], [ -109.048, 40.6192 ], [ -109.0491, 40.7145 ], [ -109.0485, 40.8261 ], [ -109.0501, 41.0007 ], [ -108.8538, 41.0 ], [ -108.6311, 41.0002 ], [ -108.5619, 41.0 ], [ -108.5563, 40.9996 ], [ -108.526, 40.9996 ], [ -108.5007, 41.0001 ], [ -108.2506, 41.0001 ], [ -108.1812, 41.0005 ], [ -108.1256, 41.0013 ], [ -108.0895, 41.0012 ], [ -108.0892, 41.0016 ], [ -108.0465, 41.0021 ], [ -107.8518, 41.0019 ], [ -107.6256, 41.0021 ], [ -107.3178, 41.0029 ], [ -107.3165, 40.875 ], [ -107.3134, 40.6866 ], [ -107.3143, 40.625 ], [ -107.3142, 40.6003 ], [ -107.3715, 40.6003 ], [ -107.3713, 40.5424 ], [ -107.4288, 40.5422 ], [ -107.4285, 40.4698 ], [ -107.4321, 40.3349 ], [ -107.4426, 40.3348 ], [ -107.4425, 40.3084 ], [ -107.4401, 40.25 ], [ -107.4395, 40.2473 ], [ -107.4394, 40.2205 ], [ -107.4956, 40.22 ], [ -107.5006, 40.2205 ], [ -107.5853, 40.2226 ], [ -107.6121, 40.2237 ], [ -107.6539, 40.2243 ], [ -107.654, 40.2235 ], [ -107.6615, 40.2234 ], [ -107.7454, 40.2234 ], [ -107.7536, 40.2239 ], [ -107.7645, 40.2237 ], [ -107.7645, 40.2226 ], [ -107.7802, 40.2225 ], [ -107.8082, 40.2228 ], [ -107.9412, 40.2221 ], [ -107.9913, 40.2224 ], [ -108.0587, 40.2219 ] ] ] } },
{ "type": "Feature", "properties": { "id": "Teller" }, "geometry": { "type": "Polygon", "coordinates": [ [ [ -105.3289, 38.8576 ], [ -105.3291, 38.869 ], [ -105.3282, 38.875 ], [ -105.3287, 38.8895 ], [ -105.3304, 39.1297 ], [ -105.1525, 39.1295 ], [ -105.0335, 39.1298 ], [ -105.0328, 39.1231 ], [ -105.0326, 39.1101 ], [ -105.0312, 39.0979 ], [ -105.0314, 39.0919 ], [ -105.0306, 39.0864 ], [ -105.0305, 39.0804 ], [ -105.0287, 39.0608 ], [ -105.0269, 39.0298 ], [ -105.0279, 39.0131 ], [ -105.0298, 38.9994 ], [ -105.0272, 38.9853 ], [ -105.0278, 38.9457 ], [ -105.0271, 38.9362 ], [ -105.0279, 38.9328 ], [ -105.0289, 38.8689 ], [ -105.0667, 38.8695 ], [ -105.0724, 38.8111 ], [ -105.0722, 38.7994 ], [ -105.0532, 38.7991 ], [ -105.0306, 38.7971 ], [ -105.011, 38.797 ], [ -104.9858, 38.7976 ], [ -104.939, 38.7969 ], [ -104.9394, 38.75 ], [ -104.939, 38.7105 ], [ -104.9397, 38.6961 ], [ -104.9422, 38.6962 ], [ -104.9424, 38.6499 ], [ -105.0005, 38.6512 ], [ -105.0357, 38.6514 ], [ -105.0539, 38.6531 ], [ -105.0576, 38.6517 ], [ -105.0715, 38.6486 ], [ -105.093, 38.6478 ], [ -105.2404, 38.6476 ], [ -105.2399, 38.6771 ], [ -105.2378, 38.6969 ], [ -105.2505, 38.6965 ], [ -105.3291, 38.6972 ], [ -105.3289, 38.8576 ] ] ] } },
{ "type": "Feature", "properties": { "id": "Boulder" }, "geometry": { "type": "MultiPolygon", "coordinates": [ [ [ [ -105.0635, 39.9721 ], [ -105.0585, 39.9745 ], [ -105.0585, 39.9672 ], [ -105.0543, 39.9641 ], [ -105.0528, 39.9643 ], [ -105.0527, 39.9577 ], [ -105.0579, 39.9577 ], [ -105.0578, 39.9587 ], [ -105.0592, 39.9587 ], [ -105.0592, 39.9578 ], [ -105.0797, 39.9579 ], [ -105.0822, 39.9591 ], [ -105.0824, 39.9594 ], [ -105.0779, 39.9611 ], [ -105.0743, 39.9632 ], [ -105.0658, 39.9713 ], [ -105.0636, 39.9724 ], [ -105.0635, 39.9721 ] ] ], [ [ [ -105.3362, 40.2617 ], [ -105.2894, 40.2628 ], [ -105.1977, 40.2611 ], [ -105.1954, 40.2614 ], [ -105.1948, 40.2611 ], [ -105.1311, 40.2611 ], [ -105.1302, 40.2616 ], [ -105.1084, 40.2613 ], [ -105.0551, 40.2618 ], [ -105.0554, 40.0004 ], [ -105.0528, 40.0003 ], [ -105.0528, 39.9776 ], [ -105.0635, 39.9734 ], [ -105.0705, 39.9697 ], [ -105.0786, 39.9622 ], [ -105.0877, 39.9596 ], [ -105.0877, 39.9582 ], [ -105.0886, 39.9582 ], [ -105.0886, 39.9579 ], [ -105.084, 39.9583 ], [ -105.0833, 39.9583 ], [ -105.0833, 39.9579 ], [ -105.0718, 39.9578 ], [ -105.0717, 39.9506 ], [ -105.0761, 39.9506 ], [ -105.0761, 39.9432 ], [ -105.0909, 39.9431 ], [ -105.0909, 39.9364 ], [ -105.109, 39.9365 ], [ -105.109, 39.9357 ], [ -105.113, 39.933 ], [ -105.1137, 39.9314 ], [ -105.112, 39.928 ], [ -105.109, 39.9259 ], [ -105.1091, 39.9244 ], [ -105.1131, 39.9268 ], [ -105.1144, 39.9302 ], [ -105.1189, 39.9338 ], [ -105.1184, 39.9351 ], [ -105.1188, 39.9432 ], [ -105.1091, 39.9432 ], [ -105.1093, 39.9505 ], [ -105.1208, 39.9505 ], [ -105.1211, 39.9514 ], [ -105.1178, 39.953 ], [ -105.1093, 39.956 ], [ -105.1094, 39.9568 ], [ -105.1214, 39.9523 ], [ -105.1223, 39.9546 ], [ -105.1276, 39.9545 ], [ -105.1274, 39.9398 ], [ -105.1376, 39.9399 ], [ -105.1376, 39.9289 ], [ -105.1471, 39.9289 ], [ -105.1473, 39.9139 ], [ -105.2125, 39.9142 ], [ -105.2136, 39.9137 ], [ -105.2154, 39.9141 ], [ -105.2182, 39.9137 ], [ -105.2223, 39.9142 ], [ -105.2385, 39.9144 ], [ -105.2826, 39.9137 ], [ -105.3395, 39.9138 ], [ -105.3978, 39.9129 ], [ -105.398, 39.9349 ], [ -105.4008, 39.935 ], [ -105.4064, 39.9317 ], [ -105.4113, 39.9326 ], [ -105.413, 39.9344 ], [ -105.4137, 39.9345 ], [ -105.415, 39.9332 ], [ -105.4154, 39.9317 ], [ -105.4173, 39.9307 ], [ -105.4188, 39.9287 ], [ -105.4221, 39.9316 ], [ -105.4275, 39.931 ], [ -105.4307, 39.9317 ], [ -105.4326, 39.9334 ], [ -105.4373, 39.9361 ], [ -105.4385, 39.9375 ], [ -105.44, 39.9384 ], [ -105.4432, 39.938 ], [ -105.4449, 39.9372 ], [ -105.4471, 39.9369 ], [ -105.4495, 39.9352 ], [ -105.4539, 39.934 ], [ -105.4554, 39.9324 ], [ -105.4574, 39.9322 ], [ -105.6257, 39.9324 ], [ -105.6288, 39.9321 ], [ -105.6758, 39.9324 ], [ -105.6751, 39.9333 ], [ -105.6789, 39.9329 ], [ -105.6829, 39.9338 ], [ -105.6866, 39.9375 ], [ -105.6899, 39.9388 ], [ -105.6903, 39.9395 ], [ -105.6935, 39.9415 ], [ -105.6935, 39.944 ], [ -105.6918, 39.9464 ], [ -105.6944, 39.9497 ], [ -105.6933, 39.9514 ], [ -105.6912, 39.953 ], [ -105.6891, 39.9537 ], [ -105.6884, 39.9565 ], [ -105.6851, 39.9587 ], [ -105.6882, 39.9598 ], [ -105.6883, 39.9629 ], [ -105.6893, 39.9641 ], [ -105.6886, 39.9671 ], [ -105.6903, 39.9699 ], [ -105.6884, 39.9754 ], [ -105.6849, 39.9794 ], [ -105.6855, 39.9806 ], [ -105.685, 39.9829 ], [ -105.6875, 39.9854 ], [ -105.686, 39.9875 ], [ -105.686, 39.9897 ], [ -105.6834, 39.9923 ], [ -105.6832, 39.9946 ], [ -105.685, 39.9945 ], [ -105.689, 39.9954 ], [ -105.6906, 39.9963 ], [ -105.6912, 39.9973 ], [ -105.6912, 39.9995 ], [ -105.6904, 40.0014 ], [ -105.6911, 40.0038 ], [ -105.6898, 40.006 ], [ -105.6885, 40.0069 ], [ -105.69, 40.0091 ], [ -105.6893, 40.011 ], [ -105.6898, 40.0117 ], [ -105.6898, 40.0151 ], [ -105.6889, 40.016 ], [ -105.6878, 40.016 ], [ -105.6849, 40.0146 ], [ -105.6807, 40.014 ], [ -105.678, 40.0145 ], [ -105.6753, 40.016 ], [ -105.6701, 40.0169 ], [ -105.6671, 40.0163 ], [ -105.6616, 40.0165 ], [ -105.6602, 40.0183 ], [ -105.6588, 40.0191 ], [ -105.6519, 40.0209 ], [ -105.6529, 40.0219 ], [ -105.6528, 40.0238 ], [ -105.6496, 40.0277 ], [ -105.6439, 40.0333 ], [ -105.6412, 40.0342 ], [ -105.6406, 40.035 ], [ -105.6402, 40.0373 ], [ -105.6388, 40.0388 ], [ -105.6391, 40.0405 ], [ -105.6384, 40.0429 ], [ -105.6386, 40.0438 ], [ -105.6376, 40.0449 ], [ -105.6375, 40.0458 ], [ -105.6385, 40.0467 ], [ -105.6407, 40.0471 ], [ -105.6423, 40.0481 ], [ -105.6436, 40.0497 ], [ -105.6445, 40.0499 ], [ -105.6456, 40.0527 ], [ -105.6465, 40.0535 ], [ -105.6488, 40.0543 ], [ -105.6511, 40.0584 ], [ -105.6494, 40.06 ], [ -105.6467, 40.0652 ], [ -105.6431, 40.0668 ], [ -105.6418, 40.0679 ], [ -105.6389, 40.067 ], [ -105.6409, 40.0702 ], [ -105.6411, 40.073 ], [ -105.6388, 40.0734 ], [ -105.637, 40.0746 ], [ -105.6354, 40.0749 ], [ -105.6347, 40.077 ], [ -105.6348, 40.0796 ], [ -105.6326, 40.0814 ], [ -105.6343, 40.0815 ], [ -105.6356, 40.0829 ], [ -105.636, 40.0846 ], [ -105.635, 40.0852 ], [ -105.6352, 40.0872 ], [ -105.6337, 40.0886 ], [ -105.6343, 40.0902 ], [ -105.6347, 40.0951 ], [ -105.6343, 40.0956 ], [ -105.6333, 40.0955 ], [ -105.632, 40.0972 ], [ -105.636, 40.1014 ], [ -105.6366, 40.1025 ], [ -105.6361, 40.1047 ], [ -105.6367, 40.107 ], [ -105.6357, 40.1083 ], [ -105.636, 40.1093 ], [ -105.6347, 40.1132 ], [ -105.6316, 40.1135 ], [ -105.63, 40.1142 ], [ -105.6291, 40.117 ], [ -105.6277, 40.1184 ], [ -105.6266, 40.1187 ], [ -105.6282, 40.1204 ], [ -105.6276, 40.1221 ], [ -105.6288, 40.1235 ], [ -105.6282, 40.125 ], [ -105.6261, 40.1273 ], [ -105.6287, 40.1288 ], [ -105.63, 40.1304 ], [ -105.63, 40.1346 ], [ -105.6293, 40.1368 ], [ -105.6297, 40.1378 ], [ -105.6336, 40.1389 ], [ -105.6355, 40.1404 ], [ -105.6351, 40.1442 ], [ -105.6357, 40.146 ], [ -105.6463, 40.1486 ], [ -105.6473, 40.1492 ], [ -105.6473, 40.151 ], [ -105.6487, 40.1505 ], [ -105.656, 40.1513 ], [ -105.6571, 40.1532 ], [ -105.6606, 40.155 ], [ -105.6613, 40.1565 ], [ -105.6647, 40.1567 ], [ -105.6677, 40.1583 ], [ -105.668, 40.1599 ], [ -105.6675, 40.1612 ], [ -105.6706, 40.1627 ], [ -105.6715, 40.1654 ], [ -105.6715, 40.1662 ], [ -105.6696, 40.1675 ], [ -105.6692, 40.169 ], [ -105.6669, 40.1699 ], [ -105.6681, 40.1709 ], [ -105.6686, 40.1736 ], [ -105.6697, 40.1743 ], [ -105.6691, 40.1763 ], [ -105.6683, 40.177 ], [ -105.6708, 40.1785 ], [ -105.6718, 40.18 ], [ -105.6719, 40.1817 ], [ -105.6703, 40.1834 ], [ -105.6704, 40.1846 ], [ -105.6709, 40.1856 ], [ -105.6738, 40.1857 ], [ -105.6755, 40.1864 ], [ -105.6776, 40.1885 ], [ -105.6776, 40.1972 ], [ -105.6764, 40.1995 ], [ -105.6776, 40.2023 ], [ -105.6738, 40.2041 ], [ -105.6706, 40.2078 ], [ -105.6712, 40.2097 ], [ -105.6711, 40.2122 ], [ -105.6702, 40.2136 ], [ -105.6709, 40.2146 ], [ -105.6713, 40.2171 ], [ -105.6703, 40.2194 ], [ -105.6686, 40.2203 ], [ -105.6645, 40.2198 ], [ -105.6632, 40.22 ], [ -105.6686, 40.2233 ], [ -105.669, 40.2242 ], [ -105.6678, 40.2267 ], [ -105.6684, 40.2281 ], [ -105.6673, 40.2298 ], [ -105.6674, 40.231 ], [ -105.6661, 40.2315 ], [ -105.6644, 40.2332 ], [ -105.6645, 40.2351 ], [ -105.6654, 40.2373 ], [ -105.6621, 40.2425 ], [ -105.6621, 40.2432 ], [ -105.6603, 40.2448 ], [ -105.66, 40.2488 ], [ -105.6589, 40.2494 ], [ -105.6471, 40.2491 ], [ -105.644, 40.2499 ], [ -105.6474, 40.2514 ], [ -105.6508, 40.2537 ], [ -105.6514, 40.2581 ], [ -105.6533, 40.2605 ], [ -105.5516, 40.2615 ], [ -105.5005, 40.2603 ], [ -105.4953, 40.2597 ], [ -105.4628, 40.2594 ], [ -105.4023, 40.2578 ], [ -105.391, 40.2579 ], [ -105.3752, 40.2613 ], [ -105.3547, 40.2618 ], [ -105.3362, 40.2617 ] ], [ [ -105.094, 39.958 ], [ -105.1005, 39.9581 ], [ -105.1005, 39.9591 ], [ -105.1038, 39.9591 ], [ -105.1071, 39.9585 ], [ -105.1071, 39.9579 ], [ -105.1061, 39.9579 ], [ -105.1091, 39.957 ], [ -105.1091, 39.9561 ], [ -105.1028, 39.9577 ], [ -105.0902, 39.9576 ], [ -105.0902, 39.958 ], [ -105.094, 39.958 ] ] ] ] } },
{ "type": "Feature", "properties": { "id": "Kiowa" }, "geometry": { "type": "Polygon", "coordinates": [ [ [ -103.0256, 38.615 ], [ -102.9335, 38.6151 ], [ -102.7915, 38.6144 ], [ -102.6255, 38.6133 ], [ -102.6205, 38.6129 ], [ -102.5102, 38.6137 ], [ -102.4562, 38.6148 ], [ -102.417, 38.6151 ], [ -102.2175, 38.615 ], [ -102.1707, 38.6153 ], [ -102.1253, 38.6149 ], [ -102.0707, 38.6151 ], [ -102.0648, 38.6157 ], [ -102.064, 38.6157 ], [ -102.0638, 38.6152 ], [ -102.0451, 38.6152 ], [ -102.0449, 38.56 ], [ -102.0454, 38.5338 ], [ -102.0454, 38.5296 ], [ -102.0449, 38.5293 ], [ -102.0445, 38.2687 ], [ -102.2166, 38.2681 ], [ -102.4677, 38.2676 ], [ -102.4853, 38.268 ], [ -102.573, 38.2672 ], [ -102.7238, 38.2672 ], [ -102.7614, 38.2667 ], [ -102.799, 38.2678 ], [ -102.8217, 38.267 ], [ -102.8219, 38.2666 ], [ -102.8229, 38.2665 ], [ -102.8345, 38.2665 ], [ -102.8423, 38.2671 ], [ -103.0005, 38.2667 ], [ -103.0005, 38.2664 ], [ -103.1255, 38.2665 ], [ -103.14, 38.266 ], [ -103.5018, 38.265 ], [ -103.5014, 38.327 ], [ -103.5017, 38.3423 ], [ -103.507, 38.3423 ], [ -103.5067, 38.4079 ], [ -103.5053, 38.4906 ], [ -103.5047, 38.5 ], [ -103.5047, 38.5237 ], [ -103.4554, 38.5238 ], [ -103.3819, 38.5233 ], [ -103.3524, 38.5237 ], [ -103.2506, 38.5237 ], [ -103.1729, 38.5253 ], [ -103.1729, 38.6124 ], [ -103.0622, 38.615 ], [ -103.0256, 38.615 ] ] ] } },
{ "type": "Feature", "properties": { "id": "Chaffee" }, "geometry": { "type": "Polygon", "coordinates": [ [ [ -106.4519, 38.6983 ], [ -106.4521, 38.6988 ], [ -106.4501, 38.7027 ], [ -106.4494, 38.7029 ], [ -106.4483, 38.7049 ], [ -106.4455, 38.7055 ], [ -106.4446, 38.7069 ], [ -106.4447, 38.708 ], [ -106.4435, 38.7092 ], [ -106.4381, 38.7086 ], [ -106.4346, 38.7093 ], [ -106.4317, 38.7087 ], [ -106.4295, 38.7098 ], [ -106.4253, 38.7103 ], [ -106.4232, 38.7162 ], [ -106.4228, 38.7189 ], [ -106.4235, 38.7208 ], [ -106.4174, 38.7257 ], [ -106.4167, 38.7278 ], [ -106.4168, 38.7338 ], [ -106.4185, 38.7353 ], [ -106.4201, 38.7388 ], [ -106.4187, 38.7396 ], [ -106.418, 38.742 ], [ -106.4184, 38.7492 ], [ -106.4196, 38.75 ], [ -106.42, 38.751 ], [ -106.4195, 38.7526 ], [ -106.4173, 38.7554 ], [ -106.4151, 38.7572 ], [ -106.4161, 38.7592 ], [ -106.4163, 38.7617 ], [ -106.4171, 38.7644 ], [ -106.4193, 38.7662 ], [ -106.4179, 38.7686 ], [ -106.4176, 38.7703 ], [ -106.4165, 38.7708 ], [ -106.4155, 38.7724 ], [ -106.4155, 38.7744 ], [ -106.4149, 38.775 ], [ -106.4138, 38.7791 ], [ -106.4147, 38.7802 ], [ -106.4166, 38.7852 ], [ -106.4168, 38.7873 ], [ -106.4155, 38.7887 ], [ -106.4131, 38.79 ], [ -106.4129, 38.7912 ], [ -106.4144, 38.7952 ], [ -106.4149, 38.7977 ], [ -106.4146, 38.7991 ], [ -106.4179, 38.8007 ], [ -106.4185, 38.8029 ], [ -106.4207, 38.8041 ], [ -106.4223, 38.8067 ], [ -106.4227, 38.8084 ], [ -106.4206, 38.8116 ], [ -106.416, 38.8138 ], [ -106.415, 38.8153 ], [ -106.4162, 38.8241 ], [ -106.4119, 38.8257 ], [ -106.4071, 38.8293 ], [ -106.4053, 38.8284 ], [ -106.4035, 38.8266 ], [ -106.3994, 38.8255 ], [ -106.3975, 38.8231 ], [ -106.3957, 38.8225 ], [ -106.3913, 38.8228 ], [ -106.3836, 38.8247 ], [ -106.3831, 38.8311 ], [ -106.3817, 38.8329 ], [ -106.3791, 38.835 ], [ -106.3788, 38.8361 ], [ -106.376, 38.8364 ], [ -106.3742, 38.8375 ], [ -106.3704, 38.8385 ], [ -106.3701, 38.8405 ], [ -106.3664, 38.8447 ], [ -106.3645, 38.8462 ], [ -106.3654, 38.8476 ], [ -106.365, 38.853 ], [ -106.364, 38.8535 ], [ -106.3627, 38.8534 ], [ -106.3606, 38.8538 ], [ -106.3569, 38.8553 ], [ -106.3522, 38.8556 ], [ -106.3493, 38.8549 ], [ -106.3488, 38.8567 ], [ -106.3493, 38.8641 ], [ -106.3489, 38.8651 ], [ -106.3477, 38.866 ], [ -106.347, 38.8672 ], [ -106.3427, 38.8694 ], [ -106.3401, 38.8712 ], [ -106.3358, 38.872 ], [ -106.3368, 38.875 ], [ -106.3341, 38.8813 ], [ -106.3325, 38.8807 ], [ -106.3305, 38.8818 ], [ -106.3275, 38.8823 ], [ -106.3264, 38.8841 ], [ -106.3267, 38.8873 ], [ -106.326, 38.8889 ], [ -106.3247, 38.8905 ], [ -106.3213, 38.8926 ], [ -106.3206, 38.8947 ], [ -106.3209, 38.8959 ], [ -106.3229, 38.898 ], [ -106.3247, 38.9029 ], [ -106.3241, 38.9048 ], [ -106.3249, 38.9083 ], [ -106.3261, 38.911 ], [ -106.3311, 38.9117 ], [ -106.335, 38.9117 ], [ -106.3381, 38.9087 ], [ -106.3452, 38.9071 ], [ -106.3467, 38.9076 ], [ -106.3473, 38.9085 ], [ -106.3515, 38.9099 ], [ -106.3571, 38.9129 ], [ -106.3615, 38.9123 ], [ -106.3642, 38.9109 ], [ -106.3658, 38.9099 ], [ -106.3675, 38.9069 ], [ -106.3722, 38.9064 ], [ -106.3734, 38.9066 ], [ -106.3762, 38.9095 ], [ -106.3757, 38.913 ], [ -106.3772, 38.918 ], [ -106.377, 38.9227 ], [ -106.3804, 38.9249 ], [ -106.3808, 38.9257 ], [ -106.383, 38.9239 ], [ -106.3835, 38.923 ], [ -106.3863, 38.923 ], [ -106.3869, 38.9211 ], [ -106.3923, 38.9188 ], [ -106.3932, 38.9164 ], [ -106.3931, 38.9137 ], [ -106.394, 38.9122 ], [ -106.3995, 38.9119 ], [ -106.4021, 38.9106 ], [ -106.4032, 38.9109 ], [ -106.405, 38.9127 ], [ -106.4061, 38.913 ], [ -106.4076, 38.9148 ], [ -106.4121, 38.9157 ], [ -106.4132, 38.9163 ], [ -106.4143, 38.9181 ], [ -106.4156, 38.9185 ], [ -106.4172, 38.9209 ], [ -106.4182, 38.9266 ], [ -106.4194, 38.9277 ], [ -106.4212, 38.9281 ], [ -106.4229, 38.9275 ], [ -106.425, 38.9261 ], [ -106.4274, 38.9259 ], [ -106.4303, 38.9249 ], [ -106.4343, 38.92 ], [ -106.4349, 38.9182 ], [ -106.437, 38.9163 ], [ -106.4372, 38.9149 ], [ -106.4422, 38.9156 ], [ -106.4461, 38.9139 ], [ -106.448, 38.9144 ], [ -106.45, 38.913 ], [ -106.4538, 38.9128 ], [ -106.4578, 38.9101 ], [ -106.4619, 38.9113 ], [ -106.465, 38.9104 ], [ -106.4675, 38.9123 ], [ -106.469, 38.9124 ], [ -106.47, 38.9131 ], [ -106.4722, 38.9159 ], [ -106.4749, 38.9161 ], [ -106.4809, 38.9186 ], [ -106.4821, 38.9209 ], [ -106.4857, 38.9221 ], [ -106.4899, 38.9263 ], [ -106.4907, 38.9297 ], [ -106.4939, 38.9311 ], [ -106.4963, 38.9335 ], [ -106.4988, 38.9347 ], [ -106.5012, 38.935 ], [ -106.5027, 38.9364 ], [ -106.5044, 38.9368 ], [ -106.5059, 38.9409 ], [ -106.5053, 38.9444 ], [ -106.5072, 38.9461 ], [ -106.5081, 38.9459 ], [ -106.5157, 38.9487 ], [ -106.5199, 38.954 ], [ -106.5213, 38.9537 ], [ -106.5267, 38.9554 ], [ -106.5285, 38.9599 ], [ -106.5258, 38.9631 ], [ -106.5235, 38.9648 ], [ -106.5219, 38.9687 ], [ -106.5244, 38.9711 ], [ -106.5263, 38.9766 ], [ -106.5284, 38.9807 ], [ -106.532, 38.9814 ], [ -106.5342, 38.9823 ], [ -106.5422, 38.9883 ], [ -106.5443, 38.9891 ], [ -106.5468, 38.9911 ], [ -106.5507, 38.9917 ], [ -106.5522, 38.9935 ], [ -106.5542, 38.9987 ], [ -106.5562, 38.9981 ], [ -106.5599, 38.9985 ], [ -106.5661, 38.9938 ], [ -106.5698, 38.9945 ], [ -106.5747, 38.9928 ], [ -106.5772, 38.9904 ], [ -106.5803, 38.9919 ], [ -106.5828, 38.9915 ], [ -106.5862, 38.9928 ], [ -106.5904, 38.9913 ], [ -106.5942, 38.9909 ], [ -106.5955, 38.9913 ], [ -106.5992, 38.998 ], [ -106.5954, 39.0021 ], [ -106.5945, 39.0042 ], [ -106.5952, 39.0103 ], [ -106.5949, 39.0208 ], [ -106.5917, 39.0249 ], [ -106.5926, 39.0276 ], [ -106.5944, 39.03 ], [ -106.5979, 39.0317 ], [ -106.5995, 39.0338 ], [ -106.5989, 39.0368 ], [ -106.5978, 39.0392 ], [ -106.5972, 39.0448 ], [ -106.595, 39.0454 ], [ -106.5891, 39.0456 ], [ -106.5807, 39.0487 ], [ -106.5776, 39.0532 ], [ -106.578, 39.0579 ], [ -106.3891, 39.0563 ], [ -106.2316, 39.0565 ], [ -106.191, 39.0561 ], [ -106.1901, 39.0545 ], [ -106.1848, 39.0508 ], [ -106.1857, 39.0468 ], [ -106.1854, 39.044 ], [ -106.1828, 39.0401 ], [ -106.1825, 39.0386 ], [ -106.183, 39.0376 ], [ -106.185, 39.0362 ], [ -106.1863, 39.0336 ], [ -106.1869, 39.0332 ], [ -106.1887, 39.0332 ], [ -106.1903, 39.0306 ], [ -106.1921, 39.0293 ], [ -106.1895, 39.0213 ], [ -106.1931, 39.0197 ], [ -106.193, 39.0177 ], [ -106.1914, 39.0165 ], [ -106.1883, 39.0154 ], [ -106.1861, 39.0156 ], [ -106.1861, 39.0146 ], [ -106.1848, 39.0131 ], [ -106.1849, 39.0126 ], [ -106.1834, 39.0118 ], [ -106.1795, 39.0112 ], [ -106.1788, 39.0108 ], [ -106.1779, 39.0091 ], [ -106.178, 39.0077 ], [ -106.177, 39.0053 ], [ -106.177, 39.0019 ], [ -106.1759, 38.9996 ], [ -106.1749, 38.9996 ], [ -106.1701, 38.9946 ], [ -106.1691, 38.9913 ], [ -106.1657, 38.9924 ], [ -106.1634, 38.9939 ], [ -106.1609, 38.9948 ], [ -106.1596, 38.9942 ], [ -106.1578, 38.9943 ], [ -106.1529, 38.9966 ], [ -106.1454, 38.9979 ], [ -106.1427, 38.9954 ], [ -106.1413, 38.995 ], [ -106.1378, 38.9946 ], [ -106.1326, 38.9955 ], [ -106.1317, 38.9949 ], [ -106.1275, 38.994 ], [ -106.1225, 38.9908 ], [ -106.1168, 38.9881 ], [ -106.1132, 38.9878 ], [ -106.1119, 38.987 ], [ -106.109, 38.9874 ], [ -106.1097, 38.9822 ], [ -106.1076, 38.9797 ], [ -106.1065, 38.9765 ], [ -106.1056, 38.976 ], [ -106.1044, 38.9734 ], [ -106.105, 38.97 ], [ -106.1077, 38.9641 ], [ -106.1106, 38.962 ], [ -106.1122, 38.9602 ], [ -106.1111, 38.9577 ], [ -106.1137, 38.9556 ], [ -106.1134, 38.9528 ], [ -106.112, 38.9509 ], [ -106.1131, 38.945 ], [ -106.1127, 38.9414 ], [ -106.111, 38.9401 ], [ -106.1058, 38.9404 ], [ -106.101, 38.9387 ], [ -106.0965, 38.9382 ], [ -106.0949, 38.9368 ], [ -106.0936, 38.9371 ], [ -106.0936, 38.938 ], [ -106.0907, 38.9365 ], [ -106.0848, 38.9394 ], [ -106.0836, 38.9379 ], [ -106.0786, 38.9353 ], [ -106.0762, 38.9346 ], [ -106.074, 38.9348 ], [ -106.0715, 38.9338 ], [ -106.0705, 38.9321 ], [ -106.0678, 38.9329 ], [ -106.0659, 38.9319 ], [ -106.0652, 38.9321 ], [ -106.0648, 38.9344 ], [ -106.0635, 38.9357 ], [ -106.0601, 38.9372 ], [ -106.0584, 38.9392 ], [ -106.0583, 38.9418 ], [ -106.0517, 38.9435 ], [ -106.0486, 38.9428 ], [ -106.0458, 38.9415 ], [ -106.0438, 38.9419 ], [ -106.0368, 38.9406 ], [ -106.0323, 38.9416 ], [ -106.0308, 38.9425 ], [ -106.0281, 38.9428 ], [ -106.0205, 38.9346 ], [ -106.0181, 38.9345 ], [ -106.015, 38.9327 ], [ -106.0126, 38.9297 ], [ -106.0082, 38.9265 ], [ -106.0046, 38.9225 ], [ -105.9997, 38.9189 ], [ -105.999, 38.9177 ], [ -105.9993, 38.9163 ], [ -105.9982, 38.9152 ], [ -105.9944, 38.9149 ], [ -105.9857, 38.918 ], [ -105.9838, 38.9165 ], [ -105.9806, 38.9155 ], [ -105.9799, 38.9142 ], [ -105.9784, 38.9147 ], [ -105.9765, 38.9144 ], [ -105.977, 38.9133 ], [ -105.976, 38.9118 ], [ -105.977, 38.9112 ], [ -105.9766, 38.9106 ], [ -105.9746, 38.9098 ], [ -105.9731, 38.9098 ], [ -105.9719, 38.9089 ], [ -105.9695, 38.9086 ], [ -105.9682, 38.9078 ], [ -105.9678, 38.9067 ], [ -105.9658, 38.9059 ], [ -105.9657, 38.9054 ], [ -105.9673, 38.905 ], [ -105.9679, 38.9044 ], [ -105.9687, 38.9007 ], [ -105.9724, 38.8993 ], [ -105.9749, 38.8962 ], [ -105.9794, 38.8945 ], [ -105.9797, 38.8917 ], [ -105.9792, 38.8889 ], [ -105.9782, 38.8879 ], [ -105.9771, 38.8851 ], [ -105.9751, 38.8837 ], [ -105.9743, 38.8825 ], [ -105.9706, 38.8832 ], [ -105.965, 38.886 ], [ -105.9626, 38.8856 ], [ -105.96, 38.8844 ], [ -105.9556, 38.8837 ], [ -105.9538, 38.8842 ], [ -105.9491, 38.8831 ], [ -105.9428, 38.8855 ], [ -105.9412, 38.8856 ], [ -105.9389, 38.8833 ], [ -105.936, 38.8814 ], [ -105.933, 38.8782 ], [ -105.9312, 38.8747 ], [ -105.9268, 38.8742 ], [ -105.9251, 38.8722 ], [ -105.9253, 38.8718 ], [ -105.9271, 38.8715 ], [ -105.9282, 38.8701 ], [ -105.9278, 38.8688 ], [ -105.9286, 38.8659 ], [ -105.9307, 38.8667 ], [ -105.9318, 38.866 ], [ -105.9325, 38.8645 ], [ -105.9322, 38.8628 ], [ -105.9336, 38.8603 ], [ -105.935, 38.8591 ], [ -105.9387, 38.8574 ], [ -105.9432, 38.8523 ], [ -105.9429, 38.8505 ], [ -105.94, 38.8487 ], [ -105.9391, 38.846 ], [ -105.9402, 38.8435 ], [ -105.9417, 38.8418 ], [ -105.9418, 38.8404 ], [ -105.9364, 38.8366 ], [ -105.9361, 38.8354 ], [ -105.9351, 38.8343 ], [ -105.9322, 38.8327 ], [ -105.9242, 38.8242 ], [ -105.9207, 38.8216 ], [ -105.9176, 38.8179 ], [ -105.914, 38.8161 ], [ -105.9126, 38.8139 ], [ -105.9109, 38.8128 ], [ -105.9104, 38.8101 ], [ -105.9066, 38.8069 ], [ -105.9107, 38.8045 ], [ -105.9115, 38.8026 ], [ -105.9106, 38.8016 ], [ -105.9119, 38.7995 ], [ -105.9129, 38.7955 ], [ -105.9145, 38.7937 ], [ -105.9137, 38.7925 ], [ -105.9149, 38.7906 ], [ -105.9208, 38.7895 ], [ -105.9219, 38.7878 ], [ -105.9237, 38.7862 ], [ -105.9267, 38.7855 ], [ -105.925, 38.7831 ], [ -105.9252, 38.7827 ], [ -105.9277, 38.7823 ], [ -105.9296, 38.7814 ], [ -105.9295, 38.7797 ], [ -105.9305, 38.7785 ], [ -105.9296, 38.7772 ], [ -105.9293, 38.7745 ], [ -105.9314, 38.7727 ], [ -105.9342, 38.7718 ], [ -105.9363, 38.7716 ], [ -105.9373, 38.7721 ], [ -105.9396, 38.772 ], [ -105.9399, 38.7707 ], [ -105.9414, 38.7692 ], [ -105.9425, 38.7685 ], [ -105.9441, 38.7687 ], [ -105.9445, 38.7681 ], [ -105.9408, 38.7657 ], [ -105.9392, 38.7641 ], [ -105.938, 38.756 ], [ -105.9383, 38.7537 ], [ -105.9414, 38.7487 ], [ -105.9413, 38.7456 ], [ -105.9421, 38.7448 ], [ -105.9479, 38.7438 ], [ -105.9479, 38.7417 ], [ -105.9443, 38.7371 ], [ -105.9448, 38.7358 ], [ -105.943, 38.7345 ], [ -105.9435, 38.7308 ], [ -105.9443, 38.7305 ], [ -105.9448, 38.7284 ], [ -105.9461, 38.7274 ], [ -105.9435, 38.7231 ], [ -105.9444, 38.7217 ], [ -105.9461, 38.7216 ], [ -105.9476, 38.7202 ], [ -105.9462, 38.7167 ], [ -105.9502, 38.7144 ], [ -105.953, 38.7137 ], [ -105.9573, 38.709 ], [ -105.9618, 38.7061 ], [ -105.9636, 38.7013 ], [ -105.9654, 38.699 ], [ -105.9672, 38.6975 ], [ -105.969, 38.6972 ], [ -105.97, 38.6949 ], [ -105.9697, 38.6936 ], [ -105.9648, 38.6924 ], [ -105.9625, 38.6912 ], [ -105.9589, 38.6916 ], [ -105.9575, 38.6906 ], [ -105.9549, 38.6902 ], [ -105.9483, 38.691 ], [ -105.9475, 38.6904 ], [ -105.9453, 38.6902 ], [ -105.9454, 38.6881 ], [ -105.9443, 38.6849 ], [ -105.9422, 38.684 ], [ -105.9395, 38.6837 ], [ -105.9367, 38.6826 ], [ -105.9323, 38.6819 ], [ -105.9308, 38.6808 ], [ -105.9262, 38.6799 ], [ -105.9255, 38.6782 ], [ -105.9226, 38.677 ], [ -105.9223, 38.6751 ], [ -105.925, 38.6726 ], [ -105.9242, 38.6718 ], [ -105.9241, 38.6704 ], [ -105.9258, 38.6694 ], [ -105.9255, 38.6664 ], [ -105.9202, 38.6643 ], [ -105.9197, 38.6628 ], [ -105.9209, 38.6598 ], [ -105.9171, 38.6596 ], [ -105.9134, 38.6557 ], [ -105.9129, 38.6538 ], [ -105.9092, 38.6536 ], [ -105.9077, 38.6519 ], [ -105.9088, 38.6499 ], [ -105.911, 38.6484 ], [ -105.9112, 38.647 ], [ -105.9132, 38.6456 ], [ -105.9106, 38.6417 ], [ -105.9111, 38.6392 ], [ -105.9136, 38.6381 ], [ -105.9155, 38.6356 ], [ -105.9173, 38.6345 ], [ -105.9177, 38.6333 ], [ -105.9157, 38.63 ], [ -105.9139, 38.6293 ], [ -105.912, 38.6291 ], [ -105.9082, 38.6269 ], [ -105.9067, 38.6271 ], [ -105.905, 38.6261 ], [ -105.9043, 38.6248 ], [ -105.9031, 38.6247 ], [ -105.9026, 38.6253 ], [ -105.9006, 38.6247 ], [ -105.8997, 38.622 ], [ -105.8963, 38.6227 ], [ -105.8944, 38.6237 ], [ -105.8865, 38.621 ], [ -105.8849, 38.6187 ], [ -105.8857, 38.6175 ], [ -105.8856, 38.615 ], [ -105.8812, 38.6093 ], [ -105.8792, 38.6073 ], [ -105.8788, 38.6062 ], [ -105.878, 38.6006 ], [ -105.8806, 38.5949 ], [ -105.8822, 38.5931 ], [ -105.8838, 38.5922 ], [ -105.886, 38.5895 ], [ -105.8895, 38.5875 ], [ -105.8911, 38.584 ], [ -105.8906, 38.5826 ], [ -105.891, 38.5791 ], [ -105.8905, 38.5774 ], [ -105.8913, 38.5749 ], [ -105.8925, 38.5733 ], [ -105.8885, 38.572 ], [ -105.888, 38.5712 ], [ -105.8855, 38.5698 ], [ -105.8859, 38.5682 ], [ -105.8842, 38.5655 ], [ -105.8849, 38.5617 ], [ -105.8854, 38.5613 ], [ -105.8906, 38.5611 ], [ -105.8929, 38.5591 ], [ -105.8934, 38.558 ], [ -105.8921, 38.5539 ], [ -105.8925, 38.5521 ], [ -105.8935, 38.5509 ], [ -105.8971, 38.5508 ], [ -105.9034, 38.5486 ], [ -105.9038, 38.548 ], [ -105.9035, 38.5413 ], [ -105.905, 38.5367 ], [ -105.9046, 38.5342 ], [ -105.9057, 38.5324 ], [ -105.9039, 38.5314 ], [ -105.9034, 38.5285 ], [ -105.9044, 38.5276 ], [ -105.9044, 38.5262 ], [ -105.9083, 38.5225 ], [ -105.9087, 38.5177 ], [ -105.9079, 38.5149 ], [ -105.9057, 38.5129 ], [ -105.9051, 38.5117 ], [ -105.9065, 38.5068 ], [ -105.9075, 38.5058 ], [ -105.9087, 38.5056 ], [ -105.938, 38.5035 ], [ -106.0108, 38.4466 ], [ -106.016, 38.4476 ], [ -106.0177, 38.4487 ], [ -106.0169, 38.4518 ], [ -106.019, 38.4544 ], [ -106.0309, 38.4535 ], [ -106.0416, 38.4573 ], [ -106.0428, 38.4583 ], [ -106.0438, 38.4574 ], [ -106.0509, 38.4544 ], [ -106.0521, 38.4542 ], [ -106.0557, 38.4549 ], [ -106.0586, 38.4569 ], [ -106.0603, 38.455 ], [ -106.06, 38.4527 ], [ -106.0622, 38.4503 ], [ -106.0589, 38.4481 ], [ -106.0581, 38.4442 ], [ -106.0605, 38.4411 ], [ -106.0626, 38.4392 ], [ -106.0664, 38.4338 ], [ -106.0701, 38.4323 ], [ -106.0692, 38.4312 ], [ -106.0694, 38.4302 ], [ -106.0712, 38.4292 ], [ -106.0721, 38.4274 ], [ -106.0743, 38.4265 ], [ -106.0746, 38.425 ], [ -106.0759, 38.4238 ], [ -106.0841, 38.4229 ], [ -106.0861, 38.4241 ], [ -106.0881, 38.4223 ], [ -106.1057, 38.4222 ], [ -106.2469, 38.4228 ], [ -106.2486, 38.426 ], [ -106.2484, 38.4286 ], [ -106.2495, 38.4332 ], [ -106.2481, 38.436 ], [ -106.2454, 38.4392 ], [ -106.2492, 38.4393 ], [ -106.2531, 38.441 ], [ -106.2613, 38.4424 ], [ -106.2661, 38.4417 ], [ -106.2705, 38.4455 ], [ -106.2741, 38.4469 ], [ -106.2722, 38.4488 ], [ -106.2718, 38.4524 ], [ -106.2727, 38.4552 ], [ -106.2772, 38.4543 ], [ -106.2806, 38.4543 ], [ -106.2835, 38.4565 ], [ -106.2846, 38.4581 ], [ -106.2885, 38.4614 ], [ -106.2899, 38.466 ], [ -106.2894, 38.4705 ], [ -106.2907, 38.4723 ], [ -106.2903, 38.4733 ], [ -106.293, 38.4748 ], [ -106.2956, 38.4756 ], [ -106.3011, 38.4761 ], [ -106.304, 38.4778 ], [ -106.3045, 38.4787 ], [ -106.3041, 38.4801 ], [ -106.3065, 38.4823 ], [ -106.3068, 38.4841 ], [ -106.3093, 38.488 ], [ -106.3092, 38.4898 ], [ -106.3107, 38.4914 ], [ -106.3115, 38.4949 ], [ -106.3155, 38.4945 ], [ -106.3177, 38.4949 ], [ -106.3199, 38.4969 ], [ -106.3201, 38.4977 ], [ -106.323, 38.4969 ], [ -106.3258, 38.497 ], [ -106.3272, 38.4976 ], [ -106.3304, 38.4937 ], [ -106.3363, 38.4967 ], [ -106.3382, 38.4982 ], [ -106.3393, 38.5012 ], [ -106.3428, 38.5029 ], [ -106.3442, 38.5046 ], [ -106.3455, 38.5082 ], [ -106.3473, 38.5115 ], [ -106.3481, 38.5119 ], [ -106.3481, 38.5125 ], [ -106.3458, 38.515 ], [ -106.345, 38.5167 ], [ -106.3437, 38.5175 ], [ -106.3426, 38.5215 ], [ -106.3441, 38.5226 ], [ -106.3464, 38.5263 ], [ -106.3471, 38.5288 ], [ -106.3504, 38.5315 ], [ -106.3542, 38.5334 ], [ -106.3545, 38.5361 ], [ -106.3537, 38.5392 ], [ -106.3554, 38.5426 ], [ -106.3536, 38.5471 ], [ -106.3535, 38.55 ], [ -106.3505, 38.5527 ], [ -106.3508, 38.5538 ], [ -106.3501, 38.5556 ], [ -106.3466, 38.5589 ], [ -106.3474, 38.5602 ], [ -106.3467, 38.5628 ], [ -106.3469, 38.5651 ], [ -106.3446, 38.5686 ], [ -106.3474, 38.5726 ], [ -106.3517, 38.5769 ], [ -106.352, 38.5788 ], [ -106.3534, 38.5815 ], [ -106.3513, 38.5835 ], [ -106.3554, 38.5879 ], [ -106.356, 38.5901 ], [ -106.3572, 38.591 ], [ -106.3582, 38.5927 ], [ -106.361, 38.5945 ], [ -106.3612, 38.5959 ], [ -106.3593, 38.5994 ], [ -106.3598, 38.6006 ], [ -106.3621, 38.6023 ], [ -106.3647, 38.6059 ], [ -106.3636, 38.6102 ], [ -106.3642, 38.6145 ], [ -106.3653, 38.6159 ], [ -106.3691, 38.6187 ], [ -106.3745, 38.6209 ], [ -106.3756, 38.6212 ], [ -106.3784, 38.6202 ], [ -106.3801, 38.6204 ], [ -106.3821, 38.6217 ], [ -106.3826, 38.6234 ], [ -106.3842, 38.6239 ], [ -106.3854, 38.625 ], [ -106.3863, 38.6278 ], [ -106.3852, 38.6324 ], [ -106.3842, 38.6338 ], [ -106.3804, 38.6371 ], [ -106.3799, 38.6385 ], [ -106.3832, 38.6389 ], [ -106.3858, 38.6386 ], [ -106.3866, 38.6397 ], [ -106.388, 38.64 ], [ -106.389, 38.6409 ], [ -106.3902, 38.641 ], [ -106.3928, 38.6401 ], [ -106.3973, 38.6403 ], [ -106.3985, 38.6397 ], [ -106.4012, 38.6397 ], [ -106.4022, 38.6422 ], [ -106.4015, 38.6431 ], [ -106.4017, 38.6458 ], [ -106.4042, 38.6467 ], [ -106.4069, 38.647 ], [ -106.4079, 38.6477 ], [ -106.4118, 38.647 ], [ -106.4147, 38.6454 ], [ -106.4172, 38.6449 ], [ -106.4177, 38.6445 ], [ -106.4202, 38.6467 ], [ -106.4218, 38.6468 ], [ -106.424, 38.6488 ], [ -106.4271, 38.6507 ], [ -106.4295, 38.6512 ], [ -106.4302, 38.6535 ], [ -106.4291, 38.6576 ], [ -106.4313, 38.6633 ], [ -106.4311, 38.6651 ], [ -106.4322, 38.6679 ], [ -106.4341, 38.6689 ], [ -106.4359, 38.6711 ], [ -106.4362, 38.6737 ], [ -106.4381, 38.6766 ], [ -106.4371, 38.6781 ], [ -106.4379, 38.6825 ], [ -106.4402, 38.6869 ], [ -106.446, 38.689 ], [ -106.4484, 38.6929 ], [ -106.4511, 38.6954 ], [ -106.4519, 38.6983 ] ] ] } },
{ "type": "Feature", "properties": { "id": "Hinsdale" }, "geometry": { "type": "Polygon", "coordinates": [ [ [ -107.5175, 37.8375 ], [ -107.5184, 37.839 ], [ -107.5206, 37.8395 ], [ -107.5197, 37.8412 ], [ -107.5209, 37.8419 ], [ -107.522, 37.8415 ], [ -107.5224, 37.8421 ], [ -107.5218, 37.8424 ], [ -107.5218, 37.8446 ], [ -107.521, 37.8449 ], [ -107.5209, 37.848 ], [ -107.519, 37.8483 ], [ -107.5186, 37.8492 ], [ -107.5179, 37.857 ], [ -107.5186, 37.8581 ], [ -107.5202, 37.8587 ], [ -107.5208, 37.8595 ], [ -107.5211, 37.8619 ], [ -107.5225, 37.8641 ], [ -107.5244, 37.8652 ], [ -107.5241, 37.8666 ], [ -107.526, 37.869 ], [ -107.53, 37.8716 ], [ -107.536, 37.8739 ], [ -107.5355, 37.8742 ], [ -107.535, 37.8756 ], [ -107.5365, 37.8801 ], [ -107.5325, 37.884 ], [ -107.5335, 37.8891 ], [ -107.5331, 37.8894 ], [ -107.5313, 37.8892 ], [ -107.5279, 37.8907 ], [ -107.5261, 37.8936 ], [ -107.5262, 37.8966 ], [ -107.5223, 37.8981 ], [ -107.5216, 37.9004 ], [ -107.5202, 37.9013 ], [ -107.5246, 37.9041 ], [ -107.5248, 37.9053 ], [ -107.5275, 37.9062 ], [ -107.5285, 37.9071 ], [ -107.5285, 37.9088 ], [ -107.5297, 37.9117 ], [ -107.5289, 37.9137 ], [ -107.5292, 37.9147 ], [ -107.5307, 37.9168 ], [ -107.5359, 37.9201 ], [ -107.5367, 37.9211 ], [ -107.5365, 37.9224 ], [ -107.5345, 37.9247 ], [ -107.5374, 37.9261 ], [ -107.5384, 37.9298 ], [ -107.5381, 37.9328 ], [ -107.5377, 37.9346 ], [ -107.5341, 37.9371 ], [ -107.5343, 37.9382 ], [ -107.5324, 37.9407 ], [ -107.5326, 37.9439 ], [ -107.5373, 37.9476 ], [ -107.551, 37.9497 ], [ -107.5549, 37.9521 ], [ -107.5627, 37.9555 ], [ -107.5636, 37.9566 ], [ -107.5645, 37.9608 ], [ -107.5649, 37.9612 ], [ -107.5672, 37.9613 ], [ -107.5683, 37.9619 ], [ -107.569, 37.9631 ], [ -107.569, 37.966 ], [ -107.5707, 37.966 ], [ -107.5727, 37.9672 ], [ -107.5758, 37.9673 ], [ -107.5803, 37.9685 ], [ -107.583, 37.9679 ], [ -107.5853, 37.968 ], [ -107.587, 37.9685 ], [ -107.5882, 37.9703 ], [ -107.5842, 37.976 ], [ -107.5851, 37.9788 ], [ -107.5869, 37.9806 ], [ -107.5882, 37.9828 ], [ -107.5898, 37.9896 ], [ -107.5914, 37.9923 ], [ -107.5868, 37.9938 ], [ -107.5867, 37.9994 ], [ -107.5804, 38.0005 ], [ -107.5743, 38.0047 ], [ -107.5739, 38.0064 ], [ -107.5695, 38.0054 ], [ -107.566, 38.0052 ], [ -107.5615, 38.0028 ], [ -107.5598, 38.0011 ], [ -107.5565, 37.9992 ], [ -107.5543, 37.9995 ], [ -107.5499, 37.9983 ], [ -107.548, 37.9993 ], [ -107.5463, 38.0008 ], [ -107.5434, 38.0058 ], [ -107.538, 38.0089 ], [ -107.5379, 38.0131 ], [ -107.5394, 38.0147 ], [ -107.5394, 38.0177 ], [ -107.5376, 38.0197 ], [ -107.5366, 38.0227 ], [ -107.5374, 38.0244 ], [ -107.539, 38.0254 ], [ -107.5399, 38.0271 ], [ -107.5389, 38.0282 ], [ -107.5369, 38.0287 ], [ -107.5367, 38.0305 ], [ -107.5375, 38.0323 ], [ -107.5318, 38.037 ], [ -107.5311, 38.039 ], [ -107.527, 38.0399 ], [ -107.5253, 38.039 ], [ -107.5221, 38.042 ], [ -107.5223, 38.0442 ], [ -107.5206, 38.0457 ], [ -107.5216, 38.0474 ], [ -107.5228, 38.0482 ], [ -107.5211, 38.0518 ], [ -107.523, 38.0553 ], [ -107.5223, 38.0572 ], [ -107.5188, 38.0583 ], [ -107.5159, 38.0579 ], [ -107.5114, 38.0602 ], [ -107.5109, 38.0609 ], [ -107.5145, 38.0643 ], [ -107.5153, 38.0678 ], [ -107.5168, 38.0697 ], [ -107.5205, 38.0704 ], [ -107.5221, 38.0717 ], [ -107.5233, 38.072 ], [ -107.5244, 38.0728 ], [ -107.5248, 38.0745 ], [ -107.5263, 38.0753 ], [ -107.5265, 38.0759 ], [ -107.528, 38.0757 ], [ -107.5291, 38.0768 ], [ -107.5301, 38.0765 ], [ -107.5333, 38.0801 ], [ -107.5374, 38.0794 ], [ -107.5415, 38.0797 ], [ -107.5444, 38.0807 ], [ -107.5483, 38.0787 ], [ -107.5503, 38.0782 ], [ -107.5541, 38.0795 ], [ -107.5563, 38.0829 ], [ -107.5574, 38.0857 ], [ -107.5599, 38.0878 ], [ -107.5604, 38.0906 ], [ -107.5598, 38.0917 ], [ -107.5647, 38.097 ], [ -107.5654, 38.0989 ], [ -107.5631, 38.1004 ], [ -107.5623, 38.1015 ], [ -107.5625, 38.1048 ], [ -107.562, 38.1069 ], [ -107.5613, 38.1074 ], [ -107.5616, 38.1089 ], [ -107.5609, 38.1105 ], [ -107.5618, 38.114 ], [ -107.5639, 38.1171 ], [ -107.5642, 38.1191 ], [ -107.5632, 38.1232 ], [ -107.5637, 38.125 ], [ -107.5647, 38.1279 ], [ -107.5685, 38.131 ], [ -107.5697, 38.1333 ], [ -107.5695, 38.1343 ], [ -107.5708, 38.1349 ], [ -107.5735, 38.135 ], [ -107.5742, 38.136 ], [ -107.5737, 38.1378 ], [ -107.5728, 38.1384 ], [ -107.5716, 38.1433 ], [ -107.5686, 38.1473 ], [ -107.3295, 38.1471 ], [ -107.1054, 38.1469 ], [ -107.0011, 38.1471 ], [ -107.0019, 38.0928 ], [ -107.0015, 38.0 ], [ -107.0006, 37.956 ], [ -107.0023, 37.956 ], [ -107.0047, 37.9569 ], [ -107.0063, 37.9562 ], [ -107.0068, 37.9492 ], [ -107.0077, 37.9473 ], [ -107.009, 37.9465 ], [ -107.0175, 37.949 ], [ -107.0229, 37.9538 ], [ -107.0255, 37.9545 ], [ -107.0284, 37.9541 ], [ -107.0299, 37.9535 ], [ -107.0312, 37.9523 ], [ -107.0315, 37.9511 ], [ -107.0332, 37.9501 ], [ -107.0397, 37.9488 ], [ -107.0426, 37.9487 ], [ -107.0447, 37.9493 ], [ -107.0512, 37.953 ], [ -107.0529, 37.9531 ], [ -107.0552, 37.9522 ], [ -107.0564, 37.9523 ], [ -107.0594, 37.9557 ], [ -107.0605, 37.9591 ], [ -107.0614, 37.9597 ], [ -107.0654, 37.9598 ], [ -107.0678, 37.9613 ], [ -107.0706, 37.9568 ], [ -107.072, 37.9554 ], [ -107.0737, 37.9545 ], [ -107.0757, 37.9539 ], [ -107.0802, 37.9543 ], [ -107.0856, 37.9534 ], [ -107.0867, 37.9527 ], [ -107.0884, 37.9504 ], [ -107.0921, 37.9492 ], [ -107.0946, 37.9493 ], [ -107.1001, 37.9519 ], [ -107.1015, 37.9529 ], [ -107.1021, 37.9548 ], [ -107.1029, 37.9552 ], [ -107.1047, 37.952 ], [ -107.1061, 37.9471 ], [ -107.1084, 37.9446 ], [ -107.1107, 37.9433 ], [ -107.122, 37.9409 ], [ -107.1296, 37.9378 ], [ -107.1337, 37.9376 ], [ -107.135, 37.9378 ], [ -107.1357, 37.9385 ], [ -107.1382, 37.9388 ], [ -107.1382, 37.875 ], [ -107.1386, 37.8659 ], [ -107.1374, 37.8288 ], [ -107.1399, 37.7572 ], [ -107.143, 37.7147 ], [ -107.1451, 37.6755 ], [ -107.1239, 37.675 ], [ -107.1237, 37.625 ], [ -107.1256, 37.6005 ], [ -107.1287, 37.4733 ], [ -107.1287, 37.4229 ], [ -107.356, 37.4231 ], [ -107.3756, 37.4236 ], [ -107.4821, 37.4227 ], [ -107.4822, 37.7684 ], [ -107.481, 37.768 ], [ -107.4784, 37.7693 ], [ -107.4748, 37.7677 ], [ -107.4733, 37.7676 ], [ -107.4708, 37.7666 ], [ -107.4694, 37.7665 ], [ -107.469, 37.7652 ], [ -107.4672, 37.766 ], [ -107.4667, 37.7672 ], [ -107.4674, 37.7679 ], [ -107.4669, 37.7685 ], [ -107.4675, 37.7693 ], [ -107.4674, 37.7701 ], [ -107.465, 37.7731 ], [ -107.4652, 37.7744 ], [ -107.4639, 37.7771 ], [ -107.4608, 37.7797 ], [ -107.4604, 37.7815 ], [ -107.4596, 37.7815 ], [ -107.4581, 37.7821 ], [ -107.4593, 37.7842 ], [ -107.4595, 37.7861 ], [ -107.4608, 37.7868 ], [ -107.4594, 37.7896 ], [ -107.4593, 37.7945 ], [ -107.4603, 37.795 ], [ -107.461, 37.7969 ], [ -107.4621, 37.7972 ], [ -107.462, 37.7986 ], [ -107.4624, 37.7993 ], [ -107.4634, 37.7993 ], [ -107.4647, 37.8001 ], [ -107.4659, 37.8 ], [ -107.4658, 37.8021 ], [ -107.4663, 37.8036 ], [ -107.4669, 37.8035 ], [ -107.4668, 37.8051 ], [ -107.4679, 37.8061 ], [ -107.4681, 37.8074 ], [ -107.4689, 37.8079 ], [ -107.4684, 37.8087 ], [ -107.4687, 37.8095 ], [ -107.471, 37.8118 ], [ -107.4723, 37.8123 ], [ -107.4748, 37.8156 ], [ -107.4789, 37.8167 ], [ -107.4821, 37.819 ], [ -107.4823, 37.8199 ], [ -107.4832, 37.8201 ], [ -107.4855, 37.8224 ], [ -107.4903, 37.8243 ], [ -107.4949, 37.8241 ], [ -107.4964, 37.8231 ], [ -107.4982, 37.8229 ], [ -107.5103, 37.8248 ], [ -107.5129, 37.8253 ], [ -107.5153, 37.8266 ], [ -107.5167, 37.8265 ], [ -107.5173, 37.8293 ], [ -107.5166, 37.8298 ], [ -107.5161, 37.8319 ], [ -107.5168, 37.8335 ], [ -107.5162, 37.8345 ], [ -107.5175, 37.8375 ] ] ] } },
{ "type": "Feature", "properties": { "id": "Jackson" }, "geometry": { "type": "Polygon", "coordinates": [ [ [ -106.6887, 40.6508 ], [ -106.6913, 40.6554 ], [ -106.6921, 40.6577 ], [ -106.692, 40.6595 ], [ -106.6918, 40.66 ], [ -106.6905, 40.6599 ], [ -106.6858, 40.6623 ], [ -106.6857, 40.6644 ], [ -106.6872, 40.6719 ], [ -106.6861, 40.6737 ], [ -106.6811, 40.6752 ], [ -106.6824, 40.6779 ], [ -106.6835, 40.6782 ], [ -106.6853, 40.68 ], [ -106.6871, 40.6806 ], [ -106.6876, 40.6815 ], [ -106.6873, 40.6827 ], [ -106.6869, 40.6831 ], [ -106.686, 40.6827 ], [ -106.6834, 40.6828 ], [ -106.6802, 40.6837 ], [ -106.6797, 40.6842 ], [ -106.6795, 40.6859 ], [ -106.6729, 40.6883 ], [ -106.6723, 40.6907 ], [ -106.6685, 40.6946 ], [ -106.668, 40.6963 ], [ -106.6686, 40.6986 ], [ -106.6708, 40.701 ], [ -106.671, 40.7031 ], [ -106.6725, 40.7069 ], [ -106.6725, 40.7085 ], [ -106.6689, 40.7103 ], [ -106.6687, 40.711 ], [ -106.6712, 40.7164 ], [ -106.6698, 40.7198 ], [ -106.67, 40.7207 ], [ -106.6719, 40.7228 ], [ -106.6733, 40.723 ], [ -106.6738, 40.724 ], [ -106.6725, 40.7253 ], [ -106.6724, 40.7262 ], [ -106.6702, 40.7277 ], [ -106.6695, 40.7288 ], [ -106.671, 40.7328 ], [ -106.6738, 40.7351 ], [ -106.6754, 40.7355 ], [ -106.6761, 40.7353 ], [ -106.6767, 40.7366 ], [ -106.6747, 40.7367 ], [ -106.6717, 40.738 ], [ -106.6711, 40.7387 ], [ -106.6683, 40.7391 ], [ -106.665, 40.7421 ], [ -106.663, 40.743 ], [ -106.6626, 40.7448 ], [ -106.6643, 40.7481 ], [ -106.6652, 40.7489 ], [ -106.6642, 40.751 ], [ -106.6613, 40.7533 ], [ -106.6619, 40.7541 ], [ -106.6634, 40.7541 ], [ -106.6642, 40.7565 ], [ -106.6652, 40.7577 ], [ -106.6695, 40.7597 ], [ -106.67, 40.7603 ], [ -106.6697, 40.7617 ], [ -106.6679, 40.7638 ], [ -106.6648, 40.7655 ], [ -106.6633, 40.767 ], [ -106.6635, 40.7683 ], [ -106.6627, 40.7699 ], [ -106.6592, 40.7729 ], [ -106.6524, 40.7756 ], [ -106.6492, 40.7754 ], [ -106.6498, 40.7776 ], [ -106.6491, 40.7788 ], [ -106.6493, 40.7801 ], [ -106.6483, 40.7818 ], [ -106.6452, 40.7839 ], [ -106.6427, 40.7849 ], [ -106.6425, 40.7855 ], [ -106.6399, 40.7871 ], [ -106.6393, 40.7882 ], [ -106.6369, 40.7895 ], [ -106.636, 40.7919 ], [ -106.6369, 40.7942 ], [ -106.6365, 40.7967 ], [ -106.6369, 40.7996 ], [ -106.6358, 40.8026 ], [ -106.6365, 40.8037 ], [ -106.6355, 40.8048 ], [ -106.6368, 40.8056 ], [ -106.6371, 40.8092 ], [ -106.6355, 40.8114 ], [ -106.6357, 40.8119 ], [ -106.6389, 40.8139 ], [ -106.6393, 40.8158 ], [ -106.6384, 40.817 ], [ -106.643, 40.8204 ], [ -106.6434, 40.8215 ], [ -106.6444, 40.8215 ], [ -106.6447, 40.8211 ], [ -106.6471, 40.8213 ], [ -106.6529, 40.8234 ], [ -106.655, 40.8231 ], [ -106.6574, 40.8238 ], [ -106.6591, 40.8237 ], [ -106.659, 40.8244 ], [ -106.6596, 40.8249 ], [ -106.6591, 40.8255 ], [ -106.66, 40.8267 ], [ -106.6615, 40.8272 ], [ -106.662, 40.8269 ], [ -106.6621, 40.8274 ], [ -106.6631, 40.8275 ], [ -106.664, 40.8282 ], [ -106.6629, 40.8323 ], [ -106.6637, 40.8332 ], [ -106.664, 40.835 ], [ -106.6635, 40.8372 ], [ -106.6613, 40.8409 ], [ -106.6626, 40.8433 ], [ -106.6598, 40.8437 ], [ -106.6545, 40.8455 ], [ -106.6541, 40.846 ], [ -106.6546, 40.8472 ], [ -106.6545, 40.8491 ], [ -106.6581, 40.8537 ], [ -106.66, 40.8544 ], [ -106.6616, 40.8557 ], [ -106.6645, 40.8568 ], [ -106.6646, 40.8592 ], [ -106.666, 40.8582 ], [ -106.6668, 40.8592 ], [ -106.6674, 40.8598 ], [ -106.6671, 40.861 ], [ -106.668, 40.8628 ], [ -106.6682, 40.8651 ], [ -106.6735, 40.8671 ], [ -106.6746, 40.8673 ], [ -106.6755, 40.867 ], [ -106.677, 40.8679 ], [ -106.678, 40.8679 ], [ -106.6795, 40.8696 ], [ -106.6805, 40.8723 ], [ -106.6803, 40.8743 ], [ -106.6822, 40.8758 ], [ -106.6827, 40.8776 ], [ -106.6848, 40.8787 ], [ -106.6862, 40.8806 ], [ -106.6853, 40.8846 ], [ -106.6859, 40.8858 ], [ -106.6917, 40.8882 ], [ -106.6942, 40.888 ], [ -106.7, 40.8848 ], [ -106.7002, 40.8826 ], [ -106.7035, 40.8804 ], [ -106.7036, 40.8787 ], [ -106.7045, 40.8767 ], [ -106.7058, 40.876 ], [ -106.7136, 40.874 ], [ -106.7219, 40.873 ], [ -106.7278, 40.8713 ], [ -106.7353, 40.8725 ], [ -106.7366, 40.8731 ], [ -106.7383, 40.8731 ], [ -106.739, 40.8727 ], [ -106.7393, 40.8708 ], [ -106.7409, 40.8723 ], [ -106.7426, 40.875 ], [ -106.7422, 40.8771 ], [ -106.7442, 40.8791 ], [ -106.7459, 40.8798 ], [ -106.7468, 40.8821 ], [ -106.7409, 40.8898 ], [ -106.7436, 40.892 ], [ -106.75, 40.8938 ], [ -106.7611, 40.8941 ], [ -106.7633, 40.8957 ], [ -106.7649, 40.8964 ], [ -106.7701, 40.8965 ], [ -106.7702, 40.8969 ], [ -106.7675, 40.8986 ], [ -106.7677, 40.9022 ], [ -106.769, 40.9041 ], [ -106.7712, 40.9043 ], [ -106.7738, 40.9054 ], [ -106.7764, 40.9057 ], [ -106.7778, 40.9054 ], [ -106.7787, 40.9064 ], [ -106.7813, 40.907 ], [ -106.7841, 40.9054 ], [ -106.787, 40.9029 ], [ -106.7886, 40.9028 ], [ -106.7888, 40.9021 ], [ -106.7876, 40.9006 ], [ -106.7895, 40.9008 ], [ -106.792, 40.9 ], [ -106.7934, 40.9008 ], [ -106.7941, 40.9007 ], [ -106.7954, 40.8979 ], [ -106.7978, 40.8965 ], [ -106.8006, 40.8959 ], [ -106.8021, 40.8969 ], [ -106.8049, 40.8973 ], [ -106.8079, 40.8994 ], [ -106.8098, 40.8998 ], [ -106.8075, 40.9006 ], [ -106.8053, 40.902 ], [ -106.8061, 40.9035 ], [ -106.8063, 40.9066 ], [ -106.8085, 40.9085 ], [ -106.8113, 40.916 ], [ -106.819, 40.9186 ], [ -106.8183, 40.9203 ], [ -106.82, 40.9253 ], [ -106.8224, 40.9276 ], [ -106.8235, 40.9303 ], [ -106.825, 40.9321 ], [ -106.8251, 40.9288 ], [ -106.8276, 40.9256 ], [ -106.8294, 40.9243 ], [ -106.8321, 40.9239 ], [ -106.835, 40.9242 ], [ -106.8372, 40.9237 ], [ -106.8406, 40.9247 ], [ -106.8447, 40.9251 ], [ -106.85, 40.9242 ], [ -106.8523, 40.9252 ], [ -106.8524, 40.9255 ], [ -106.85, 40.9255 ], [ -106.8487, 40.9267 ], [ -106.8524, 40.9297 ], [ -106.8519, 40.9336 ], [ -106.8561, 40.935 ], [ -106.856, 40.9373 ], [ -106.8594, 40.9384 ], [ -106.8624, 40.9415 ], [ -106.8622, 40.9473 ], [ -106.8635, 40.9524 ], [ -106.8646, 40.9542 ], [ -106.8683, 40.9551 ], [ -106.8698, 40.9562 ], [ -106.8695, 40.9598 ], [ -106.8701, 40.9626 ], [ -106.8727, 40.9672 ], [ -106.8725, 40.9711 ], [ -106.8732, 40.973 ], [ -106.8731, 40.9752 ], [ -106.8714, 40.9781 ], [ -106.8706, 40.9812 ], [ -106.867, 40.9826 ], [ -106.8623, 40.9837 ], [ -106.8594, 40.9832 ], [ -106.8571, 40.9813 ], [ -106.8558, 40.9839 ], [ -106.8554, 40.9871 ], [ -106.8542, 40.9884 ], [ -106.8512, 40.9899 ], [ -106.8505, 40.9907 ], [ -106.8509, 40.9913 ], [ -106.8571, 40.9939 ], [ -106.8613, 40.9962 ], [ -106.8615, 41.0 ], [ -106.859, 41.0018 ], [ -106.8578, 41.0027 ], [ -106.6256, 41.0021 ], [ -106.4557, 41.0021 ], [ -106.3864, 41.0011 ], [ -106.3464, 40.9996 ], [ -106.3142, 40.9989 ], [ -106.1906, 40.9976 ], [ -106.1918, 40.9959 ], [ -106.1924, 40.9937 ], [ -106.1949, 40.9911 ], [ -106.1954, 40.9882 ], [ -106.1949, 40.9869 ], [ -106.1911, 40.986 ], [ -106.1906, 40.9839 ], [ -106.1923, 40.9826 ], [ -106.191, 40.9811 ], [ -106.19, 40.9786 ], [ -106.1902, 40.9745 ], [ -106.1894, 40.9725 ], [ -106.1871, 40.9712 ], [ -106.1867, 40.9702 ], [ -106.1868, 40.9681 ], [ -106.1877, 40.9649 ], [ -106.1869, 40.9643 ], [ -106.1848, 40.9638 ], [ -106.1855, 40.9619 ], [ -106.1853, 40.961 ], [ -106.1868, 40.9599 ], [ -106.1874, 40.9587 ], [ -106.1868, 40.9574 ], [ -106.1845, 40.9556 ], [ -106.1844, 40.9546 ], [ -106.1856, 40.9522 ], [ -106.188, 40.9497 ], [ -106.1893, 40.9459 ], [ -106.1872, 40.9408 ], [ -106.1876, 40.9377 ], [ -106.1862, 40.9367 ], [ -106.1853, 40.934 ], [ -106.1799, 40.9315 ], [ -106.1772, 40.9295 ], [ -106.1734, 40.9248 ], [ -106.1694, 40.9235 ], [ -106.169, 40.9222 ], [ -106.1695, 40.92 ], [ -106.1682, 40.9184 ], [ -106.163, 40.9167 ], [ -106.1612, 40.9151 ], [ -106.1592, 40.9147 ], [ -106.1589, 40.9138 ], [ -106.1596, 40.9128 ], [ -106.1586, 40.9106 ], [ -106.1546, 40.9094 ], [ -106.1522, 40.9068 ], [ -106.1501, 40.9064 ], [ -106.1479, 40.9046 ], [ -106.1441, 40.9049 ], [ -106.1393, 40.9024 ], [ -106.1369, 40.902 ], [ -106.1367, 40.8996 ], [ -106.1341, 40.8987 ], [ -106.1316, 40.897 ], [ -106.1307, 40.8955 ], [ -106.1314, 40.8929 ], [ -106.129, 40.8893 ], [ -106.129, 40.8879 ], [ -106.1282, 40.887 ], [ -106.1276, 40.8849 ], [ -106.1283, 40.882 ], [ -106.13, 40.8782 ], [ -106.1324, 40.8766 ], [ -106.1307, 40.8739 ], [ -106.1277, 40.8718 ], [ -106.1269, 40.8696 ], [ -106.1246, 40.8688 ], [ -106.1232, 40.8675 ], [ -106.1208, 40.8676 ], [ -106.119, 40.8658 ], [ -106.1165, 40.8664 ], [ -106.1132, 40.8643 ], [ -106.1084, 40.8633 ], [ -106.1078, 40.8614 ], [ -106.1047, 40.8603 ], [ -106.1043, 40.8593 ], [ -106.1056, 40.8554 ], [ -106.1081, 40.8522 ], [ -106.1042, 40.852 ], [ -106.1024, 40.8523 ], [ -106.0985, 40.8497 ], [ -106.099, 40.848 ], [ -106.1001, 40.847 ], [ -106.1013, 40.8436 ], [ -106.0988, 40.8417 ], [ -106.0955, 40.8416 ], [ -106.0925, 40.8407 ], [ -106.0925, 40.8398 ], [ -106.0905, 40.8372 ], [ -106.0883, 40.8358 ], [ -106.0879, 40.8334 ], [ -106.0832, 40.8312 ], [ -106.0819, 40.8312 ], [ -106.0796, 40.8302 ], [ -106.0778, 40.8285 ], [ -106.0769, 40.8284 ], [ -106.0753, 40.8256 ], [ -106.0731, 40.8246 ], [ -106.0713, 40.8223 ], [ -106.0648, 40.8216 ], [ -106.0625, 40.8195 ], [ -106.0577, 40.8171 ], [ -106.0578, 40.8144 ], [ -106.0564, 40.8135 ], [ -106.0546, 40.8133 ], [ -106.0538, 40.8127 ], [ -106.0533, 40.8104 ], [ -106.0515, 40.8091 ], [ -106.0523, 40.8059 ], [ -106.0517, 40.8054 ], [ -106.0496, 40.8055 ], [ -106.0487, 40.8051 ], [ -106.0467, 40.803 ], [ -106.0467, 40.8008 ], [ -106.0449, 40.7977 ], [ -106.0458, 40.7968 ], [ -106.0461, 40.7955 ], [ -106.0454, 40.7919 ], [ -106.0443, 40.7906 ], [ -106.0428, 40.7901 ], [ -106.0397, 40.7858 ], [ -106.0346, 40.7853 ], [ -106.032, 40.7838 ], [ -106.0312, 40.7823 ], [ -106.0297, 40.7816 ], [ -106.031, 40.7779 ], [ -106.0296, 40.7779 ], [ -106.0289, 40.7775 ], [ -106.0296, 40.7751 ], [ -106.0292, 40.7734 ], [ -106.0245, 40.7713 ], [ -106.0266, 40.768 ], [ -106.0243, 40.7663 ], [ -106.0244, 40.7655 ], [ -106.0235, 40.7643 ], [ -106.0239, 40.7613 ], [ -106.0207, 40.7584 ], [ -106.0207, 40.7572 ], [ -106.0219, 40.7561 ], [ -106.0223, 40.7547 ], [ -106.0153, 40.7528 ], [ -106.0148, 40.7514 ], [ -106.0154, 40.7503 ], [ -106.0146, 40.7494 ], [ -106.014, 40.7466 ], [ -106.0127, 40.7455 ], [ -106.0122, 40.7434 ], [ -106.0104, 40.7424 ], [ -106.0105, 40.7408 ], [ -106.0095, 40.7402 ], [ -106.0085, 40.7402 ], [ -106.0074, 40.7389 ], [ -106.0065, 40.7386 ], [ -106.006, 40.7376 ], [ -106.004, 40.7368 ], [ -106.0006, 40.7343 ], [ -105.9987, 40.7342 ], [ -105.9963, 40.7331 ], [ -105.992, 40.7289 ], [ -105.9906, 40.7272 ], [ -105.9909, 40.7248 ], [ -105.9888, 40.7231 ], [ -105.9881, 40.7214 ], [ -105.9901, 40.7183 ], [ -105.9887, 40.7096 ], [ -105.986, 40.7076 ], [ -105.9824, 40.7067 ], [ -105.9805, 40.7038 ], [ -105.9771, 40.7026 ], [ -105.9726, 40.6956 ], [ -105.9723, 40.6938 ], [ -105.974, 40.6901 ], [ -105.973, 40.6886 ], [ -105.9704, 40.6868 ], [ -105.9699, 40.6854 ], [ -105.9718, 40.6828 ], [ -105.9714, 40.6808 ], [ -105.9694, 40.6777 ], [ -105.9677, 40.6771 ], [ -105.9667, 40.6757 ], [ -105.9665, 40.6735 ], [ -105.9651, 40.6714 ], [ -105.965, 40.6682 ], [ -105.9623, 40.6666 ], [ -105.9586, 40.663 ], [ -105.9578, 40.6609 ], [ -105.9558, 40.6589 ], [ -105.9567, 40.655 ], [ -105.9548, 40.6502 ], [ -105.9544, 40.6474 ], [ -105.9511, 40.6459 ], [ -105.9506, 40.6446 ], [ -105.9511, 40.6435 ], [ -105.9485, 40.6423 ], [ -105.9481, 40.636 ], [ -105.9493, 40.6273 ], [ -105.9472, 40.6237 ], [ -105.9455, 40.6227 ], [ -105.945, 40.6219 ], [ -105.947, 40.6167 ], [ -105.9447, 40.6142 ], [ -105.9445, 40.6121 ], [ -105.9421, 40.6091 ], [ -105.9387, 40.6088 ], [ -105.9347, 40.6064 ], [ -105.9302, 40.6062 ], [ -105.9299, 40.6058 ], [ -105.929, 40.6038 ], [ -105.929, 40.6012 ], [ -105.9281, 40.6001 ], [ -105.9276, 40.5955 ], [ -105.928, 40.593 ], [ -105.9277, 40.5917 ], [ -105.9265, 40.5906 ], [ -105.9266, 40.5892 ], [ -105.9245, 40.5833 ], [ -105.925, 40.5809 ], [ -105.9222, 40.5753 ], [ -105.9223, 40.5742 ], [ -105.9212, 40.5726 ], [ -105.9184, 40.5707 ], [ -105.9147, 40.5706 ], [ -105.9132, 40.5683 ], [ -105.9124, 40.5681 ], [ -105.9109, 40.5664 ], [ -105.9098, 40.5621 ], [ -105.9099, 40.5588 ], [ -105.9118, 40.5527 ], [ -105.9095, 40.5479 ], [ -105.9096, 40.545 ], [ -105.907, 40.5429 ], [ -105.9071, 40.5406 ], [ -105.9051, 40.5353 ], [ -105.9059, 40.5305 ], [ -105.9071, 40.5278 ], [ -105.9098, 40.5235 ], [ -105.9112, 40.5222 ], [ -105.9102, 40.5191 ], [ -105.9079, 40.5155 ], [ -105.9045, 40.5141 ], [ -105.8991, 40.5182 ], [ -105.8946, 40.5202 ], [ -105.8911, 40.521 ], [ -105.8839, 40.5218 ], [ -105.882, 40.5229 ], [ -105.8801, 40.5233 ], [ -105.879, 40.5232 ], [ -105.878, 40.5225 ], [ -105.8718, 40.5217 ], [ -105.8691, 40.5207 ], [ -105.8675, 40.5197 ], [ -105.8664, 40.5173 ], [ -105.8619, 40.5144 ], [ -105.8606, 40.5115 ], [ -105.8582, 40.5096 ], [ -105.8571, 40.5079 ], [ -105.8547, 40.5078 ], [ -105.8523, 40.5066 ], [ -105.8518, 40.4985 ], [ -105.8527, 40.4967 ], [ -105.8552, 40.4944 ], [ -105.8561, 40.4904 ], [ -105.8558, 40.4877 ], [ -105.8549, 40.4863 ], [ -105.8572, 40.4833 ], [ -105.8606, 40.482 ], [ -105.8625, 40.4802 ], [ -105.8656, 40.4814 ], [ -105.8692, 40.481 ], [ -105.8711, 40.4801 ], [ -105.8723, 40.4783 ], [ -105.8741, 40.4784 ], [ -105.8775, 40.4777 ], [ -105.8815, 40.4759 ], [ -105.886, 40.4773 ], [ -105.8887, 40.4764 ], [ -105.8918, 40.4767 ], [ -105.8924, 40.4753 ], [ -105.8922, 40.4741 ], [ -105.8943, 40.4695 ], [ -105.8972, 40.4692 ], [ -105.8993, 40.4656 ], [ -105.8984, 40.4635 ], [ -105.8983, 40.4574 ], [ -105.8998, 40.4545 ], [ -105.8989, 40.4503 ], [ -105.8971, 40.4485 ], [ -105.8988, 40.4462 ], [ -105.8998, 40.4408 ], [ -105.9007, 40.4383 ], [ -105.9014, 40.4379 ], [ -105.9022, 40.4357 ], [ -105.9018, 40.4348 ], [ -105.9033, 40.4328 ], [ -105.9033, 40.4317 ], [ -105.9013, 40.4289 ], [ -105.8986, 40.4268 ], [ -105.8985, 40.4243 ], [ -105.8978, 40.4236 ], [ -105.8981, 40.419 ], [ -105.8977, 40.4177 ], [ -105.899, 40.4152 ], [ -105.9021, 40.4129 ], [ -105.9023, 40.4103 ], [ -105.9017, 40.4065 ], [ -105.9032, 40.4027 ], [ -105.9033, 40.4008 ], [ -105.9051, 40.3988 ], [ -105.9078, 40.4005 ], [ -105.9092, 40.4008 ], [ -105.9108, 40.4005 ], [ -105.9136, 40.4016 ], [ -105.9166, 40.4019 ], [ -105.9192, 40.4013 ], [ -105.9206, 40.4018 ], [ -105.9221, 40.3981 ], [ -105.9235, 40.3965 ], [ -105.9244, 40.3932 ], [ -105.9275, 40.391 ], [ -105.9308, 40.3902 ], [ -105.9318, 40.3891 ], [ -105.9351, 40.3877 ], [ -105.9363, 40.3862 ], [ -105.9405, 40.3845 ], [ -105.9425, 40.3849 ], [ -105.9439, 40.3845 ], [ -105.9466, 40.385 ], [ -105.9459, 40.3814 ], [ -105.9472, 40.3781 ], [ -105.9467, 40.3772 ], [ -105.9373, 40.3719 ], [ -105.9387, 40.3687 ], [ -105.939, 40.3669 ], [ -105.9385, 40.3662 ], [ -105.9402, 40.3658 ], [ -105.9426, 40.3643 ], [ -105.9498, 40.3629 ], [ -105.9512, 40.3618 ], [ -105.9543, 40.3603 ], [ -105.9554, 40.3548 ], [ -105.9574, 40.353 ], [ -105.9576, 40.3517 ], [ -105.9597, 40.3494 ], [ -105.9593, 40.3485 ], [ -105.9608, 40.3479 ], [ -105.9624, 40.348 ], [ -105.9662, 40.3495 ], [ -105.9694, 40.3495 ], [ -105.9706, 40.3501 ], [ -105.9723, 40.3516 ], [ -105.9731, 40.3547 ], [ -105.9759, 40.3582 ], [ -105.9783, 40.358 ], [ -105.9813, 40.3596 ], [ -105.9839, 40.3631 ], [ -105.9867, 40.3646 ], [ -105.9922, 40.3642 ], [ -105.9944, 40.3646 ], [ -105.9967, 40.3638 ], [ -105.9983, 40.3625 ], [ -106.0049, 40.3625 ], [ -106.006, 40.3622 ], [ -106.0078, 40.3625 ], [ -106.0109, 40.3619 ], [ -106.0111, 40.364 ], [ -106.0125, 40.3655 ], [ -106.0131, 40.368 ], [ -106.0121, 40.3688 ], [ -106.0116, 40.3703 ], [ -106.0139, 40.3706 ], [ -106.0133, 40.3711 ], [ -106.0135, 40.3721 ], [ -106.0146, 40.3729 ], [ -106.0186, 40.3733 ], [ -106.0246, 40.3718 ], [ -106.026, 40.3709 ], [ -106.0274, 40.3709 ], [ -106.0298, 40.3684 ], [ -106.0312, 40.3683 ], [ -106.036, 40.3691 ], [ -106.0397, 40.3666 ], [ -106.0409, 40.3648 ], [ -106.0417, 40.3646 ], [ -106.0434, 40.3629 ], [ -106.047, 40.3619 ], [ -106.0505, 40.3595 ], [ -106.0518, 40.3593 ], [ -106.0546, 40.3576 ], [ -106.056, 40.3577 ], [ -106.0579, 40.357 ], [ -106.0632, 40.3572 ], [ -106.0644, 40.3566 ], [ -106.0658, 40.3544 ], [ -106.0717, 40.3523 ], [ -106.0765, 40.35 ], [ -106.0857, 40.3472 ], [ -106.0874, 40.3504 ], [ -106.0915, 40.3501 ], [ -106.095, 40.3511 ], [ -106.0978, 40.3528 ], [ -106.0994, 40.3545 ], [ -106.1016, 40.3538 ], [ -106.1051, 40.3502 ], [ -106.1167, 40.3459 ], [ -106.1205, 40.3438 ], [ -106.1212, 40.3425 ], [ -106.1256, 40.3395 ], [ -106.1272, 40.3389 ], [ -106.1279, 40.338 ], [ -106.1302, 40.3369 ], [ -106.1343, 40.336 ], [ -106.1368, 40.3301 ], [ -106.1426, 40.3302 ], [ -106.1468, 40.3314 ], [ -106.1475, 40.3321 ], [ -106.1494, 40.332 ], [ -106.1512, 40.3337 ], [ -106.1516, 40.3349 ], [ -106.1564, 40.337 ], [ -106.1583, 40.3395 ], [ -106.1597, 40.3405 ], [ -106.161, 40.3408 ], [ -106.162, 40.3426 ], [ -106.1643, 40.3433 ], [ -106.1689, 40.3435 ], [ -106.1705, 40.344 ], [ -106.1747, 40.3432 ], [ -106.1753, 40.342 ], [ -106.1774, 40.3406 ], [ -106.1792, 40.3383 ], [ -106.1801, 40.336 ], [ -106.1798, 40.334 ], [ -106.189, 40.3277 ], [ -106.1892, 40.3265 ], [ -106.1927, 40.3259 ], [ -106.195, 40.3264 ], [ -106.1969, 40.3256 ], [ -106.1989, 40.3271 ], [ -106.2017, 40.3265 ], [ -106.2062, 40.3279 ], [ -106.2115, 40.3277 ], [ -106.2144, 40.328 ], [ -106.2171, 40.3291 ], [ -106.2207, 40.3278 ], [ -106.2217, 40.3258 ], [ -106.2257, 40.3252 ], [ -106.2301, 40.3234 ], [ -106.2309, 40.3235 ], [ -106.2307, 40.3245 ], [ -106.2315, 40.3248 ], [ -106.2362, 40.3257 ], [ -106.239, 40.328 ], [ -106.2393, 40.3289 ], [ -106.2389, 40.3298 ], [ -106.2412, 40.3317 ], [ -106.2448, 40.3373 ], [ -106.2467, 40.3382 ], [ -106.2473, 40.3392 ], [ -106.2511, 40.3406 ], [ -106.2512, 40.3427 ], [ -106.2526, 40.3447 ], [ -106.2527, 40.346 ], [ -106.2536, 40.3466 ], [ -106.2536, 40.3503 ], [ -106.2561, 40.3513 ], [ -106.2577, 40.3552 ], [ -106.2597, 40.3578 ], [ -106.2603, 40.3582 ], [ -106.2617, 40.3582 ], [ -106.2657, 40.361 ], [ -106.2692, 40.3593 ], [ -106.2698, 40.3572 ], [ -106.2716, 40.3572 ], [ -106.2751, 40.3553 ], [ -106.2768, 40.3549 ], [ -106.2779, 40.3537 ], [ -106.2792, 40.3538 ], [ -106.2806, 40.355 ], [ -106.2842, 40.3558 ], [ -106.2863, 40.3589 ], [ -106.2884, 40.358 ], [ -106.2911, 40.3582 ], [ -106.2927, 40.3569 ], [ -106.2955, 40.3542 ], [ -106.2958, 40.3515 ], [ -106.2986, 40.35 ], [ -106.2987, 40.3494 ], [ -106.2978, 40.3486 ], [ -106.2972, 40.3469 ], [ -106.2987, 40.3448 ], [ -106.2985, 40.3413 ], [ -106.2965, 40.339 ], [ -106.2942, 40.3383 ], [ -106.2939, 40.3376 ], [ -106.2965, 40.3353 ], [ -106.296, 40.3331 ], [ -106.2983, 40.3324 ], [ -106.2995, 40.3303 ], [ -106.3028, 40.3303 ], [ -106.3053, 40.3309 ], [ -106.3052, 40.3291 ], [ -106.3062, 40.3285 ], [ -106.3081, 40.3293 ], [ -106.3122, 40.3302 ], [ -106.3162, 40.3336 ], [ -106.3197, 40.3352 ], [ -106.3212, 40.3373 ], [ -106.3295, 40.3391 ], [ -106.3346, 40.3389 ], [ -106.337, 40.3396 ], [ -106.3376, 40.3429 ], [ -106.3415, 40.3455 ], [ -106.3439, 40.3465 ], [ -106.3449, 40.3496 ], [ -106.3504, 40.3531 ], [ -106.3515, 40.3558 ], [ -106.3536, 40.357 ], [ -106.3538, 40.3575 ], [ -106.3565, 40.3581 ], [ -106.3601, 40.3583 ], [ -106.3622, 40.358 ], [ -106.3636, 40.3575 ], [ -106.3642, 40.3565 ], [ -106.3663, 40.3559 ], [ -106.3676, 40.3561 ], [ -106.37, 40.3575 ], [ -106.3725, 40.357 ], [ -106.3749, 40.3554 ], [ -106.3785, 40.3547 ], [ -106.3812, 40.3528 ], [ -106.3831, 40.3529 ], [ -106.3853, 40.3524 ], [ -106.3859, 40.3518 ], [ -106.3857, 40.3509 ], [ -106.3865, 40.3496 ], [ -106.3882, 40.3483 ], [ -106.3891, 40.3461 ], [ -106.3897, 40.3457 ], [ -106.3934, 40.3458 ], [ -106.3964, 40.347 ], [ -106.4014, 40.3453 ], [ -106.404, 40.345 ], [ -106.4056, 40.346 ], [ -106.4074, 40.3461 ], [ -106.4103, 40.3502 ], [ -106.414, 40.3509 ], [ -106.4171, 40.3501 ], [ -106.4185, 40.3501 ], [ -106.4197, 40.3509 ], [ -106.42, 40.3522 ], [ -106.4218, 40.3528 ], [ -106.4236, 40.3525 ], [ -106.4275, 40.3508 ], [ -106.4295, 40.3514 ], [ -106.4306, 40.3513 ], [ -106.4319, 40.3507 ], [ -106.433, 40.3496 ], [ -106.4361, 40.3504 ], [ -106.4388, 40.3503 ], [ -106.4395, 40.3488 ], [ -106.4408, 40.3485 ], [ -106.4434, 40.3465 ], [ -106.4443, 40.3477 ], [ -106.4459, 40.3481 ], [ -106.4482, 40.3503 ], [ -106.4501, 40.351 ], [ -106.4543, 40.3543 ], [ -106.457, 40.3545 ], [ -106.4578, 40.3561 ], [ -106.4555, 40.358 ], [ -106.4563, 40.3606 ], [ -106.4561, 40.3633 ], [ -106.4583, 40.3665 ], [ -106.4632, 40.367 ], [ -106.463, 40.3687 ], [ -106.4641, 40.3719 ], [ -106.4644, 40.3759 ], [ -106.4671, 40.3792 ], [ -106.4706, 40.379 ], [ -106.4731, 40.3794 ], [ -106.4711, 40.3823 ], [ -106.4712, 40.3834 ], [ -106.4726, 40.3848 ], [ -106.4745, 40.388 ], [ -106.4778, 40.3893 ], [ -106.4813, 40.3894 ], [ -106.4797, 40.3919 ], [ -106.4795, 40.3936 ], [ -106.48, 40.3948 ], [ -106.4771, 40.3997 ], [ -106.4779, 40.401 ], [ -106.4771, 40.4025 ], [ -106.4773, 40.4037 ], [ -106.4825, 40.4084 ], [ -106.4854, 40.4101 ], [ -106.4898, 40.4116 ], [ -106.4919, 40.41 ], [ -106.4927, 40.408 ], [ -106.4949, 40.4069 ], [ -106.4958, 40.4036 ], [ -106.4988, 40.4036 ], [ -106.501, 40.4026 ], [ -106.5025, 40.4004 ], [ -106.5026, 40.3993 ], [ -106.5036, 40.3993 ], [ -106.509, 40.3941 ], [ -106.5105, 40.3934 ], [ -106.5103, 40.3893 ], [ -106.5123, 40.3868 ], [ -106.5147, 40.3883 ], [ -106.5158, 40.3884 ], [ -106.5189, 40.391 ], [ -106.5202, 40.3897 ], [ -106.5204, 40.3885 ], [ -106.5253, 40.3858 ], [ -106.527, 40.3832 ], [ -106.5271, 40.3812 ], [ -106.5265, 40.3803 ], [ -106.5275, 40.3775 ], [ -106.5268, 40.3772 ], [ -106.5276, 40.3746 ], [ -106.5293, 40.3728 ], [ -106.5297, 40.3691 ], [ -106.5313, 40.3666 ], [ -106.5342, 40.3658 ], [ -106.5349, 40.3651 ], [ -106.5383, 40.3686 ], [ -106.5385, 40.3704 ], [ -106.5399, 40.3713 ], [ -106.5444, 40.372 ], [ -106.5467, 40.3703 ], [ -106.5507, 40.3704 ], [ -106.5535, 40.3699 ], [ -106.5556, 40.3726 ], [ -106.5554, 40.3742 ], [ -106.5567, 40.3773 ], [ -106.5593, 40.3781 ], [ -106.5625, 40.3784 ], [ -106.5647, 40.3775 ], [ -106.5694, 40.3786 ], [ -106.5766, 40.3786 ], [ -106.5804, 40.3798 ], [ -106.5815, 40.3807 ], [ -106.5836, 40.381 ], [ -106.5854, 40.3823 ], [ -106.5877, 40.3814 ], [ -106.5894, 40.3818 ], [ -106.5911, 40.3806 ], [ -106.5925, 40.3811 ], [ -106.5946, 40.3832 ], [ -106.5945, 40.3814 ], [ -106.5967, 40.381 ], [ -106.5965, 40.3789 ], [ -106.601, 40.3758 ], [ -106.6025, 40.3761 ], [ -106.6028, 40.3777 ], [ -106.6037, 40.3783 ], [ -106.6082, 40.3797 ], [ -106.6094, 40.3783 ], [ -106.6123, 40.3794 ], [ -106.6117, 40.3832 ], [ -106.612, 40.3868 ], [ -106.6141, 40.3899 ], [ -106.6176, 40.3932 ], [ -106.6183, 40.3953 ], [ -106.618, 40.3989 ], [ -106.6195, 40.4052 ], [ -106.621, 40.408 ], [ -106.6239, 40.4109 ], [ -106.6252, 40.415 ], [ -106.6271, 40.4173 ], [ -106.6284, 40.4176 ], [ -106.6292, 40.4189 ], [ -106.6288, 40.4222 ], [ -106.6265, 40.427 ], [ -106.6237, 40.4296 ], [ -106.6222, 40.4298 ], [ -106.6235, 40.4317 ], [ -106.6264, 40.431 ], [ -106.6281, 40.4311 ], [ -106.6325, 40.4326 ], [ -106.6361, 40.432 ], [ -106.6386, 40.4322 ], [ -106.6434, 40.436 ], [ -106.6503, 40.4398 ], [ -106.6519, 40.4421 ], [ -106.6522, 40.4463 ], [ -106.6515, 40.4494 ], [ -106.6518, 40.4498 ], [ -106.6551, 40.4497 ], [ -106.6558, 40.4502 ], [ -106.6564, 40.4515 ], [ -106.6565, 40.456 ], [ -106.659, 40.4594 ], [ -106.6575, 40.4624 ], [ -106.6584, 40.4666 ], [ -106.6579, 40.4716 ], [ -106.659, 40.4721 ], [ -106.6635, 40.4706 ], [ -106.6653, 40.4705 ], [ -106.6673, 40.4726 ], [ -106.6671, 40.4761 ], [ -106.6648, 40.4771 ], [ -106.6639, 40.4782 ], [ -106.6633, 40.4803 ], [ -106.6574, 40.4832 ], [ -106.6562, 40.4844 ], [ -106.6562, 40.4856 ], [ -106.6573, 40.487 ], [ -106.6574, 40.4883 ], [ -106.6593, 40.4902 ], [ -106.6539, 40.4924 ], [ -106.6531, 40.4947 ], [ -106.6536, 40.4959 ], [ -106.6546, 40.4964 ], [ -106.6548, 40.499 ], [ -106.656, 40.5 ], [ -106.6564, 40.5009 ], [ -106.6556, 40.5034 ], [ -106.6558, 40.5091 ], [ -106.6593, 40.5106 ], [ -106.6611, 40.5119 ], [ -106.6608, 40.513 ], [ -106.659, 40.5143 ], [ -106.6596, 40.515 ], [ -106.6633, 40.517 ], [ -106.6662, 40.5199 ], [ -106.6708, 40.5205 ], [ -106.6731, 40.5225 ], [ -106.6737, 40.5237 ], [ -106.6737, 40.5259 ], [ -106.6719, 40.5294 ], [ -106.6695, 40.5325 ], [ -106.6698, 40.5344 ], [ -106.6717, 40.5358 ], [ -106.6767, 40.538 ], [ -106.6773, 40.5397 ], [ -106.6774, 40.5425 ], [ -106.6782, 40.544 ], [ -106.6791, 40.5445 ], [ -106.6837, 40.5448 ], [ -106.6847, 40.5489 ], [ -106.6862, 40.5513 ], [ -106.6877, 40.5521 ], [ -106.6929, 40.5566 ], [ -106.6929, 40.5586 ], [ -106.6918, 40.5612 ], [ -106.6922, 40.5635 ], [ -106.6969, 40.5705 ], [ -106.6971, 40.5727 ], [ -106.6982, 40.5744 ], [ -106.7023, 40.578 ], [ -106.7001, 40.5803 ], [ -106.6999, 40.582 ], [ -106.6988, 40.5829 ], [ -106.6986, 40.5835 ], [ -106.6996, 40.5854 ], [ -106.6994, 40.5868 ], [ -106.6948, 40.592 ], [ -106.694, 40.5945 ], [ -106.6951, 40.598 ], [ -106.6983, 40.5994 ], [ -106.6987, 40.602 ], [ -106.7019, 40.6044 ], [ -106.7025, 40.6062 ], [ -106.7046, 40.6076 ], [ -106.7035, 40.6093 ], [ -106.7037, 40.6106 ], [ -106.706, 40.6144 ], [ -106.7061, 40.6166 ], [ -106.7038, 40.6201 ], [ -106.704, 40.6218 ], [ -106.7034, 40.6228 ], [ -106.7011, 40.6255 ], [ -106.7014, 40.6264 ], [ -106.7036, 40.6278 ], [ -106.6983, 40.6275 ], [ -106.6973, 40.6284 ], [ -106.6972, 40.6299 ], [ -106.6942, 40.6329 ], [ -106.689, 40.6351 ], [ -106.6878, 40.6345 ], [ -106.6868, 40.6347 ], [ -106.6889, 40.6388 ], [ -106.6887, 40.6396 ], [ -106.686, 40.6414 ], [ -106.6835, 40.6448 ], [ -106.6828, 40.6469 ], [ -106.6801, 40.648 ], [ -106.6802, 40.6487 ], [ -106.6807, 40.6493 ], [ -106.6821, 40.6497 ], [ -106.6852, 40.6494 ], [ -106.6877, 40.6499 ], [ -106.6887, 40.6508 ] ] ] } },
{ "type": "Feature", "properties": { "id": "Weld" }, "geometry": { "type": "MultiPolygon", "coordinates": [ [ [ [ -104.9767, 40.0329 ], [ -104.973, 40.0329 ], [ -104.9731, 40.0297 ], [ -104.9796, 40.0297 ], [ -104.9796, 40.0328 ], [ -104.9782, 40.0333 ], [ -104.9778, 40.0329 ], [ -104.9767, 40.0329 ] ] ], [ [ [ -104.4677, 41.0015 ], [ -104.0644, 41.0013 ], [ -104.0234, 41.0019 ], [ -103.9714, 41.0015 ], [ -103.8963, 41.0019 ], [ -103.7633, 41.0015 ], [ -103.5745, 41.0017 ], [ -103.5739, 41.0 ], [ -103.5734, 40.9927 ], [ -103.5733, 40.9785 ], [ -103.5739, 40.9633 ], [ -103.5735, 40.8986 ], [ -103.5742, 40.8766 ], [ -103.5734, 40.7729 ], [ -103.5741, 40.7019 ], [ -103.5802, 40.702 ], [ -103.5815, 40.625 ], [ -103.5818, 40.5234 ], [ -103.6959, 40.5219 ], [ -103.7243, 40.5224 ], [ -103.7505, 40.5233 ], [ -103.8129, 40.524 ], [ -103.9179, 40.5237 ], [ -104.0025, 40.5244 ], [ -104.1479, 40.5243 ], [ -104.1464, 40.4379 ], [ -104.1475, 40.3502 ], [ -104.1505, 40.3502 ], [ -104.1505, 40.3475 ], [ -104.1498, 40.1809 ], [ -104.1503, 40.0009 ], [ -104.4848, 40.0006 ], [ -104.9614, 40.0003 ], [ -104.9612, 40.0442 ], [ -104.9793, 40.044 ], [ -104.98, 40.0417 ], [ -104.98, 40.0294 ], [ -104.9865, 40.0294 ], [ -104.9865, 40.026 ], [ -104.9991, 40.0259 ], [ -104.9991, 40.0235 ], [ -104.9967, 40.0235 ], [ -104.9968, 40.0209 ], [ -104.9991, 40.021 ], [ -104.9991, 40.0206 ], [ -104.996, 40.0206 ], [ -104.9956, 40.0202 ], [ -104.9991, 40.0159 ], [ -104.9991, 40.0149 ], [ -104.9896, 40.0149 ], [ -104.9896, 40.0077 ], [ -105.008, 40.0075 ], [ -105.0079, 40.0003 ], [ -105.0084, 40.0003 ], [ -105.0085, 40.0074 ], [ -105.009, 40.0074 ], [ -105.0089, 40.0003 ], [ -105.0554, 40.0003 ], [ -105.0549, 40.2397 ], [ -105.0551, 40.3352 ], [ -105.0567, 40.3493 ], [ -104.9456, 40.3491 ], [ -104.9442, 40.4359 ], [ -104.9439, 40.635 ], [ -104.9431, 40.6933 ], [ -104.9431, 40.6965 ], [ -104.9435, 40.6965 ], [ -104.9436, 40.8579 ], [ -104.9431, 40.9109 ], [ -104.9434, 40.9982 ], [ -104.8553, 40.998 ], [ -104.8387, 40.9989 ], [ -104.8163, 40.9993 ], [ -104.6255, 41.0014 ], [ -104.4677, 41.0015 ] ] ] ] } },
{ "type": "Feature", "properties": { "id": "San Juan" }, "geometry": { "type": "Polygon", "coordinates": [ [ [ -107.5175, 37.8375 ], [ -107.5162, 37.8345 ], [ -107.5168, 37.8335 ], [ -107.5161, 37.8319 ], [ -107.5166, 37.8298 ], [ -107.5173, 37.8293 ], [ -107.5167, 37.8265 ], [ -107.5153, 37.8266 ], [ -107.5129, 37.8253 ], [ -107.5103, 37.8248 ], [ -107.4982, 37.8229 ], [ -107.4964, 37.8231 ], [ -107.4949, 37.8241 ], [ -107.491, 37.8244 ], [ -107.4855, 37.8224 ], [ -107.4832, 37.8201 ], [ -107.4823, 37.8199 ], [ -107.4821, 37.819 ], [ -107.4789, 37.8167 ], [ -107.4748, 37.8156 ], [ -107.4723, 37.8123 ], [ -107.471, 37.8118 ], [ -107.4688, 37.8097 ], [ -107.4684, 37.8087 ], [ -107.4689, 37.8079 ], [ -107.4681, 37.8074 ], [ -107.4679, 37.8061 ], [ -107.4668, 37.8051 ], [ -107.4669, 37.8035 ], [ -107.4663, 37.8036 ], [ -107.4658, 37.8021 ], [ -107.4659, 37.8 ], [ -107.4647, 37.8001 ], [ -107.4641, 37.7996 ], [ -107.4622, 37.7991 ], [ -107.4621, 37.7972 ], [ -107.461, 37.7969 ], [ -107.4603, 37.795 ], [ -107.4592, 37.7943 ], [ -107.4596, 37.7922 ], [ -107.4594, 37.7896 ], [ -107.4608, 37.7868 ], [ -107.4595, 37.7861 ], [ -107.4593, 37.7842 ], [ -107.4581, 37.782 ], [ -107.4604, 37.7815 ], [ -107.4608, 37.7797 ], [ -107.4639, 37.7771 ], [ -107.4652, 37.7744 ], [ -107.465, 37.7731 ], [ -107.4674, 37.7701 ], [ -107.4669, 37.7663 ], [ -107.469, 37.7652 ], [ -107.4694, 37.7665 ], [ -107.4708, 37.7666 ], [ -107.4733, 37.7676 ], [ -107.4748, 37.7677 ], [ -107.4784, 37.7693 ], [ -107.481, 37.768 ], [ -107.4822, 37.7684 ], [ -107.4822, 37.6395 ], [ -107.7432, 37.6395 ], [ -107.7506, 37.6403 ], [ -107.7589, 37.6403 ], [ -107.9701, 37.6396 ], [ -107.9672, 37.641 ], [ -107.9652, 37.6415 ], [ -107.9622, 37.6414 ], [ -107.9601, 37.6426 ], [ -107.9586, 37.6473 ], [ -107.9571, 37.6489 ], [ -107.9617, 37.6581 ], [ -107.9616, 37.6617 ], [ -107.9645, 37.6644 ], [ -107.9644, 37.6676 ], [ -107.9659, 37.6695 ], [ -107.9655, 37.6706 ], [ -107.9658, 37.6715 ], [ -107.9688, 37.6756 ], [ -107.9694, 37.6792 ], [ -107.972, 37.6819 ], [ -107.9751, 37.6836 ], [ -107.9718, 37.6869 ], [ -107.9703, 37.6877 ], [ -107.9709, 37.69 ], [ -107.9693, 37.6925 ], [ -107.9689, 37.6965 ], [ -107.9644, 37.6993 ], [ -107.9636, 37.7005 ], [ -107.9581, 37.7032 ], [ -107.957, 37.7053 ], [ -107.9543, 37.7065 ], [ -107.9526, 37.7068 ], [ -107.9496, 37.7064 ], [ -107.9492, 37.7068 ], [ -107.9475, 37.7063 ], [ -107.9453, 37.7064 ], [ -107.9439, 37.706 ], [ -107.9433, 37.7047 ], [ -107.9419, 37.7037 ], [ -107.9414, 37.7027 ], [ -107.9372, 37.7026 ], [ -107.9363, 37.7031 ], [ -107.9347, 37.7052 ], [ -107.9324, 37.7062 ], [ -107.9313, 37.708 ], [ -107.9299, 37.7092 ], [ -107.9265, 37.7104 ], [ -107.9218, 37.7102 ], [ -107.917, 37.711 ], [ -107.9149, 37.7123 ], [ -107.911, 37.7126 ], [ -107.9103, 37.7145 ], [ -107.9103, 37.7164 ], [ -107.9089, 37.7162 ], [ -107.907, 37.7177 ], [ -107.903, 37.7188 ], [ -107.9013, 37.719 ], [ -107.9004, 37.7185 ], [ -107.899, 37.7192 ], [ -107.8967, 37.7192 ], [ -107.8952, 37.7186 ], [ -107.895, 37.7179 ], [ -107.8942, 37.7175 ], [ -107.8894, 37.7184 ], [ -107.8855, 37.7179 ], [ -107.8816, 37.7184 ], [ -107.8779, 37.716 ], [ -107.8772, 37.7163 ], [ -107.8737, 37.7201 ], [ -107.873, 37.7224 ], [ -107.8756, 37.7258 ], [ -107.8756, 37.7271 ], [ -107.8745, 37.7289 ], [ -107.8756, 37.7389 ], [ -107.8717, 37.7435 ], [ -107.8702, 37.7445 ], [ -107.8697, 37.7457 ], [ -107.8661, 37.7468 ], [ -107.866, 37.748 ], [ -107.8646, 37.7506 ], [ -107.8648, 37.7513 ], [ -107.8643, 37.7534 ], [ -107.8619, 37.756 ], [ -107.8631, 37.7568 ], [ -107.8628, 37.7574 ], [ -107.8632, 37.7602 ], [ -107.8657, 37.7617 ], [ -107.8705, 37.7628 ], [ -107.8686, 37.7669 ], [ -107.8661, 37.768 ], [ -107.8649, 37.7691 ], [ -107.8654, 37.7715 ], [ -107.8632, 37.7727 ], [ -107.8608, 37.7755 ], [ -107.8508, 37.7763 ], [ -107.8464, 37.7749 ], [ -107.8446, 37.7736 ], [ -107.8409, 37.7741 ], [ -107.8387, 37.7794 ], [ -107.8359, 37.7828 ], [ -107.8328, 37.7843 ], [ -107.8312, 37.7863 ], [ -107.8275, 37.7895 ], [ -107.8247, 37.7902 ], [ -107.8236, 37.7933 ], [ -107.8222, 37.7955 ], [ -107.8285, 37.7996 ], [ -107.8279, 37.8011 ], [ -107.8261, 37.8026 ], [ -107.8247, 37.8049 ], [ -107.8262, 37.8054 ], [ -107.829, 37.8086 ], [ -107.8292, 37.8107 ], [ -107.8285, 37.8119 ], [ -107.821, 37.815 ], [ -107.8184, 37.8175 ], [ -107.8172, 37.8193 ], [ -107.8107, 37.8214 ], [ -107.8098, 37.8234 ], [ -107.8087, 37.8241 ], [ -107.8044, 37.8251 ], [ -107.8036, 37.8243 ], [ -107.7996, 37.823 ], [ -107.7964, 37.8227 ], [ -107.7951, 37.8255 ], [ -107.7945, 37.8291 ], [ -107.7927, 37.8306 ], [ -107.7904, 37.8352 ], [ -107.7899, 37.837 ], [ -107.7902, 37.8374 ], [ -107.7879, 37.8383 ], [ -107.785, 37.8401 ], [ -107.7834, 37.8404 ], [ -107.7829, 37.8409 ], [ -107.7825, 37.8436 ], [ -107.7839, 37.8447 ], [ -107.7851, 37.8466 ], [ -107.7827, 37.849 ], [ -107.78, 37.8487 ], [ -107.7791, 37.8498 ], [ -107.7791, 37.8527 ], [ -107.7803, 37.8531 ], [ -107.7796, 37.8582 ], [ -107.7807, 37.8599 ], [ -107.7801, 37.8623 ], [ -107.7828, 37.8659 ], [ -107.7826, 37.8677 ], [ -107.7768, 37.8679 ], [ -107.7749, 37.8686 ], [ -107.7724, 37.8711 ], [ -107.7691, 37.8734 ], [ -107.7661, 37.8775 ], [ -107.7625, 37.8772 ], [ -107.7609, 37.8776 ], [ -107.7562, 37.8829 ], [ -107.7566, 37.8851 ], [ -107.7562, 37.89 ], [ -107.7531, 37.891 ], [ -107.7506, 37.8924 ], [ -107.7481, 37.8951 ], [ -107.749, 37.898 ], [ -107.7444, 37.8986 ], [ -107.743, 37.8994 ], [ -107.7413, 37.901 ], [ -107.7405, 37.9028 ], [ -107.7383, 37.9054 ], [ -107.7367, 37.9046 ], [ -107.7326, 37.9042 ], [ -107.7296, 37.9027 ], [ -107.7244, 37.8988 ], [ -107.7233, 37.8988 ], [ -107.7209, 37.8974 ], [ -107.7195, 37.8979 ], [ -107.7188, 37.8972 ], [ -107.7166, 37.8971 ], [ -107.7158, 37.8977 ], [ -107.7137, 37.8982 ], [ -107.7129, 37.8989 ], [ -107.7112, 37.8986 ], [ -107.7093, 37.8994 ], [ -107.7076, 37.8986 ], [ -107.7081, 37.8966 ], [ -107.7072, 37.8936 ], [ -107.7051, 37.894 ], [ -107.7017, 37.8929 ], [ -107.7013, 37.8922 ], [ -107.7006, 37.892 ], [ -107.6972, 37.8928 ], [ -107.6957, 37.8924 ], [ -107.694, 37.8935 ], [ -107.6924, 37.8975 ], [ -107.6905, 37.8982 ], [ -107.6896, 37.8998 ], [ -107.6895, 37.9012 ], [ -107.6886, 37.9018 ], [ -107.6848, 37.9009 ], [ -107.6833, 37.9009 ], [ -107.6806, 37.9041 ], [ -107.6785, 37.9045 ], [ -107.6761, 37.9036 ], [ -107.6737, 37.9035 ], [ -107.6716, 37.9029 ], [ -107.6663, 37.903 ], [ -107.6654, 37.9034 ], [ -107.6638, 37.9035 ], [ -107.6628, 37.9055 ], [ -107.6615, 37.9066 ], [ -107.6623, 37.9075 ], [ -107.6613, 37.9094 ], [ -107.6567, 37.908 ], [ -107.6527, 37.9089 ], [ -107.6516, 37.9097 ], [ -107.6506, 37.9096 ], [ -107.6495, 37.9109 ], [ -107.6488, 37.913 ], [ -107.6472, 37.9134 ], [ -107.6464, 37.9153 ], [ -107.6468, 37.9167 ], [ -107.6456, 37.9175 ], [ -107.6413, 37.9188 ], [ -107.6379, 37.9209 ], [ -107.6375, 37.9236 ], [ -107.6382, 37.925 ], [ -107.6393, 37.9259 ], [ -107.64, 37.9295 ], [ -107.6417, 37.931 ], [ -107.6425, 37.9332 ], [ -107.6428, 37.9366 ], [ -107.6405, 37.9394 ], [ -107.6412, 37.9426 ], [ -107.642, 37.9437 ], [ -107.6409, 37.9472 ], [ -107.6427, 37.9496 ], [ -107.6429, 37.9531 ], [ -107.642, 37.9554 ], [ -107.6399, 37.9579 ], [ -107.641, 37.9596 ], [ -107.6404, 37.962 ], [ -107.6413, 37.9632 ], [ -107.6416, 37.965 ], [ -107.5689, 37.965 ], [ -107.569, 37.9631 ], [ -107.5683, 37.9619 ], [ -107.5672, 37.9613 ], [ -107.5649, 37.9612 ], [ -107.5645, 37.9608 ], [ -107.5636, 37.9566 ], [ -107.5627, 37.9555 ], [ -107.5549, 37.9521 ], [ -107.551, 37.9497 ], [ -107.5373, 37.9476 ], [ -107.5326, 37.9439 ], [ -107.5324, 37.9407 ], [ -107.5343, 37.9382 ], [ -107.5341, 37.9371 ], [ -107.5377, 37.9346 ], [ -107.5381, 37.9328 ], [ -107.5384, 37.9298 ], [ -107.5374, 37.9261 ], [ -107.5345, 37.9247 ], [ -107.5365, 37.9224 ], [ -107.5367, 37.9211 ], [ -107.5359, 37.9201 ], [ -107.5307, 37.9168 ], [ -107.5292, 37.9147 ], [ -107.5289, 37.9137 ], [ -107.5297, 37.9117 ], [ -107.5285, 37.9088 ], [ -107.5285, 37.9071 ], [ -107.5275, 37.9062 ], [ -107.5248, 37.9053 ], [ -107.5246, 37.9041 ], [ -107.5202, 37.9013 ], [ -107.5216, 37.9004 ], [ -107.5223, 37.8981 ], [ -107.5262, 37.8966 ], [ -107.5261, 37.8936 ], [ -107.5279, 37.8907 ], [ -107.5313, 37.8892 ], [ -107.5331, 37.8894 ], [ -107.5335, 37.8891 ], [ -107.5325, 37.884 ], [ -107.5365, 37.8801 ], [ -107.535, 37.8756 ], [ -107.5355, 37.8742 ], [ -107.536, 37.8739 ], [ -107.53, 37.8716 ], [ -107.526, 37.869 ], [ -107.5241, 37.8666 ], [ -107.5244, 37.8652 ], [ -107.5225, 37.8641 ], [ -107.5211, 37.8619 ], [ -107.5208, 37.8595 ], [ -107.5202, 37.8587 ], [ -107.5186, 37.8581 ], [ -107.5179, 37.857 ], [ -107.5186, 37.8492 ], [ -107.519, 37.8483 ], [ -107.5209, 37.848 ], [ -107.521, 37.8449 ], [ -107.5218, 37.8446 ], [ -107.5218, 37.8424 ], [ -107.5224, 37.8421 ], [ -107.522, 37.8415 ], [ -107.5209, 37.8419 ], [ -107.5197, 37.8412 ], [ -107.5206, 37.8395 ], [ -107.5184, 37.839 ], [ -107.5175, 37.8375 ] ] ] } },
{ "type": "Feature", "properties": { "id": "Montrose" }, "geometry": { "type": "Polygon", "coordinates": [ [ [ -108.5837, 38.5 ], [ -108.3791, 38.5 ], [ -108.3787, 38.5022 ], [ -108.3787, 38.6681 ], [ -107.7822, 38.668 ], [ -107.5007, 38.6686 ], [ -107.5006, 38.4332 ], [ -107.5, 38.3019 ], [ -107.635, 38.3019 ], [ -107.635, 38.304 ], [ -107.6337, 38.3065 ], [ -107.633, 38.3095 ], [ -107.6353, 38.3121 ], [ -107.6365, 38.3163 ], [ -107.6357, 38.3183 ], [ -107.6337, 38.3205 ], [ -107.6335, 38.3225 ], [ -107.631, 38.3257 ], [ -107.6323, 38.3269 ], [ -107.6336, 38.3299 ], [ -107.6354, 38.3309 ], [ -107.6357, 38.3321 ], [ -107.8666, 38.3322 ], [ -107.8756, 38.3328 ], [ -108.0006, 38.3325 ], [ -108.0117, 38.332 ], [ -108.1053, 38.3321 ], [ -108.1324, 38.3316 ], [ -108.1317, 38.3208 ], [ -108.1237, 38.3209 ], [ -108.1233, 38.3136 ], [ -108.1048, 38.3137 ], [ -108.1042, 38.2842 ], [ -108.0864, 38.2843 ], [ -108.0872, 38.2626 ], [ -108.0866, 38.2552 ], [ -108.0115, 38.2553 ], [ -108.0115, 38.2482 ], [ -107.9841, 38.2484 ], [ -107.9842, 38.2339 ], [ -107.9654, 38.234 ], [ -107.9654, 38.2265 ], [ -107.9471, 38.2265 ], [ -107.947, 38.2189 ], [ -107.9376, 38.219 ], [ -107.9381, 38.1739 ], [ -107.9477, 38.1738 ], [ -107.947, 38.1525 ], [ -108.0389, 38.1527 ], [ -108.113, 38.1522 ], [ -108.1256, 38.1527 ], [ -108.1701, 38.1523 ], [ -108.2506, 38.1528 ], [ -108.3256, 38.1525 ], [ -108.4148, 38.1533 ], [ -108.5216, 38.1533 ], [ -108.5396, 38.1526 ], [ -108.6256, 38.1533 ], [ -108.7783, 38.1533 ], [ -108.8807, 38.154 ], [ -108.9067, 38.155 ], [ -108.9067, 38.1533 ], [ -108.9796, 38.1537 ], [ -109.0417, 38.153 ], [ -109.0421, 38.1555 ], [ -109.0418, 38.1647 ], [ -109.0556, 38.251 ], [ -109.0601, 38.2755 ], [ -109.06, 38.5 ], [ -108.5837, 38.5 ] ] ] } },
{ "type": "Feature", "properties": { "id": "Broomfield" }, "geometry": { "type": "MultiPolygon", "coordinates": [ [ [ [ -105.0948, 39.9581 ], [ -105.0902, 39.958 ], [ -105.0902, 39.9576 ], [ -105.1028, 39.9577 ], [ -105.1091, 39.9561 ], [ -105.1091, 39.957 ], [ -105.1061, 39.9579 ], [ -105.1071, 39.9579 ], [ -105.1071, 39.9585 ], [ -105.1038, 39.9591 ], [ -105.1005, 39.9591 ], [ -105.1005, 39.9581 ], [ -105.0948, 39.9581 ] ] ], [ [ [ -105.1132, 39.927 ], [ -105.1091, 39.9244 ], [ -105.109, 39.9259 ], [ -105.112, 39.928 ], [ -105.1137, 39.9314 ], [ -105.113, 39.933 ], [ -105.109, 39.9357 ], [ -105.109, 39.9365 ], [ -105.0909, 39.9364 ], [ -105.0909, 39.9431 ], [ -105.0761, 39.9432 ], [ -105.0761, 39.9506 ], [ -105.0717, 39.9506 ], [ -105.0718, 39.9578 ], [ -105.0833, 39.9579 ], [ -105.0833, 39.9583 ], [ -105.084, 39.9583 ], [ -105.0878, 39.9578 ], [ -105.0886, 39.9582 ], [ -105.0877, 39.9582 ], [ -105.0877, 39.9596 ], [ -105.087, 39.9595 ], [ -105.0869, 39.96 ], [ -105.0806, 39.9614 ], [ -105.0786, 39.9622 ], [ -105.0705, 39.9697 ], [ -105.0666, 39.9719 ], [ -105.061, 39.9746 ], [ -105.0528, 39.9776 ], [ -105.0528, 40.0003 ], [ -105.0089, 40.0003 ], [ -105.009, 40.0074 ], [ -105.0085, 40.0074 ], [ -105.0084, 40.0003 ], [ -105.0079, 40.0003 ], [ -105.008, 40.0075 ], [ -104.9896, 40.0077 ], [ -104.9896, 40.0149 ], [ -104.9991, 40.0149 ], [ -104.9991, 40.0159 ], [ -104.9956, 40.0202 ], [ -104.996, 40.0206 ], [ -104.9991, 40.0206 ], [ -104.9991, 40.021 ], [ -104.9968, 40.0209 ], [ -104.9967, 40.0235 ], [ -104.9991, 40.0235 ], [ -104.9991, 40.0259 ], [ -104.9865, 40.026 ], [ -104.9865, 40.0294 ], [ -104.98, 40.0294 ], [ -104.98, 40.0417 ], [ -104.9793, 40.044 ], [ -104.9612, 40.0442 ], [ -104.9614, 40.0003 ], [ -104.9809, 40.0003 ], [ -104.9875, 39.9874 ], [ -104.9881, 39.9842 ], [ -104.9881, 39.976 ], [ -104.9947, 39.9759 ], [ -104.9947, 39.974 ], [ -104.9971, 39.974 ], [ -104.9971, 39.9721 ], [ -104.9881, 39.972 ], [ -104.9881, 39.9681 ], [ -104.9972, 39.9682 ], [ -104.9972, 39.9758 ], [ -104.9984, 39.9758 ], [ -104.9984, 39.9776 ], [ -104.9995, 39.9776 ], [ -104.9995, 39.9784 ], [ -104.9973, 39.9784 ], [ -104.9973, 39.9814 ], [ -105.0158, 39.9812 ], [ -105.0157, 39.9723 ], [ -105.013, 39.9723 ], [ -105.013, 39.9703 ], [ -105.0157, 39.9703 ], [ -105.0157, 39.9557 ], [ -105.0169, 39.9536 ], [ -105.0167, 39.9519 ], [ -105.0164, 39.9514 ], [ -105.0123, 39.9503 ], [ -105.0109, 39.9512 ], [ -105.0109, 39.9498 ], [ -105.007, 39.9498 ], [ -105.007, 39.946 ], [ -104.9971, 39.946 ], [ -104.9971, 39.9432 ], [ -105.0157, 39.9431 ], [ -105.0152, 39.9213 ], [ -105.0211, 39.9213 ], [ -105.0211, 39.919 ], [ -105.0231, 39.919 ], [ -105.0231, 39.9212 ], [ -105.0344, 39.9213 ], [ -105.0343, 39.9142 ], [ -105.053, 39.9142 ], [ -105.0529, 39.9138 ], [ -105.0554, 39.9138 ], [ -105.0554, 39.9129 ], [ -105.0576, 39.9129 ], [ -105.0578, 39.9143 ], [ -105.0591, 39.9143 ], [ -105.0593, 39.9129 ], [ -105.0605, 39.9129 ], [ -105.0606, 39.9143 ], [ -105.0622, 39.9143 ], [ -105.0621, 39.907 ], [ -105.0718, 39.907 ], [ -105.0717, 39.8998 ], [ -105.0841, 39.8998 ], [ -105.0841, 39.899 ], [ -105.0905, 39.8989 ], [ -105.0904, 39.8998 ], [ -105.0961, 39.8998 ], [ -105.0962, 39.9007 ], [ -105.1002, 39.9017 ], [ -105.0998, 39.9086 ], [ -105.1013, 39.9089 ], [ -105.1068, 39.9116 ], [ -105.1058, 39.9127 ], [ -105.1066, 39.9131 ], [ -105.1073, 39.9123 ], [ -105.1082, 39.9127 ], [ -105.1077, 39.9134 ], [ -105.1089, 39.9144 ], [ -105.1472, 39.9139 ], [ -105.1471, 39.9001 ], [ -105.1289, 39.9003 ], [ -105.1288, 39.8899 ], [ -105.13, 39.89 ], [ -105.1316, 39.8928 ], [ -105.1337, 39.8921 ], [ -105.1379, 39.8922 ], [ -105.1379, 39.891 ], [ -105.1386, 39.8911 ], [ -105.1354, 39.8893 ], [ -105.1472, 39.8891 ], [ -105.1644, 39.8907 ], [ -105.1656, 39.8912 ], [ -105.1657, 39.9105 ], [ -105.1628, 39.9113 ], [ -105.1584, 39.9116 ], [ -105.1533, 39.9131 ], [ -105.1473, 39.9139 ], [ -105.1471, 39.9289 ], [ -105.1376, 39.9289 ], [ -105.1376, 39.9399 ], [ -105.1274, 39.9398 ], [ -105.1276, 39.9545 ], [ -105.1223, 39.9546 ], [ -105.1214, 39.9523 ], [ -105.1094, 39.9568 ], [ -105.1093, 39.956 ], [ -105.1178, 39.953 ], [ -105.1211, 39.9514 ], [ -105.1208, 39.9505 ], [ -105.1093, 39.9505 ], [ -105.1091, 39.9432 ], [ -105.1188, 39.9432 ], [ -105.1184, 39.9351 ], [ -105.1189, 39.9338 ], [ -105.1144, 39.9302 ], [ -105.1132, 39.927 ] ], [ [ -104.9763, 40.0329 ], [ -104.9778, 40.0329 ], [ -104.9782, 40.0333 ], [ -104.9796, 40.0328 ], [ -104.9796, 40.0297 ], [ -104.9731, 40.0297 ], [ -104.973, 40.0329 ], [ -104.9763, 40.0329 ] ], [ [ -105.0585, 39.9745 ], [ -105.0658, 39.9713 ], [ -105.0743, 39.9632 ], [ -105.0779, 39.9611 ], [ -105.0824, 39.9594 ], [ -105.0822, 39.9591 ], [ -105.0797, 39.9579 ], [ -105.0592, 39.9578 ], [ -105.0592, 39.9587 ], [ -105.0578, 39.9587 ], [ -105.0579, 39.9577 ], [ -105.0527, 39.9577 ], [ -105.0528, 39.9643 ], [ -105.0543, 39.9641 ], [ -105.0585, 39.9672 ], [ -105.0585, 39.9745 ] ] ] ] } },
{ "type": "Feature", "properties": { "id": "Washington" }, "geometry": { "type": "Polygon", "coordinates": [ [ [ -103.2173, 39.5662 ], [ -103.3136, 39.5666 ], [ -103.4912, 39.5657 ], [ -103.492, 39.566 ], [ -103.6293, 39.5662 ], [ -103.6344, 39.5657 ], [ -103.6388, 39.5662 ], [ -103.6582, 39.5663 ], [ -103.6586, 39.5659 ], [ -103.6608, 39.5664 ], [ -103.7071, 39.5663 ], [ -103.7062, 39.9589 ], [ -103.7057, 40.0014 ], [ -103.6304, 40.0011 ], [ -103.5777, 40.0016 ], [ -103.567, 40.0012 ], [ -103.472, 40.0015 ], [ -103.4721, 40.0885 ], [ -103.4735, 40.1667 ], [ -103.4723, 40.2272 ], [ -103.4726, 40.2386 ], [ -103.4718, 40.25 ], [ -103.471, 40.3497 ], [ -103.4646, 40.3499 ], [ -103.4645, 40.4041 ], [ -103.4654, 40.4363 ], [ -103.4071, 40.4364 ], [ -103.3871, 40.4354 ], [ -103.3672, 40.4353 ], [ -103.1503, 40.4368 ], [ -103.0835, 40.4367 ], [ -102.9334, 40.4381 ], [ -102.78, 40.4385 ], [ -102.7802, 40.3511 ], [ -102.7936, 40.3513 ], [ -102.7932, 40.2393 ], [ -102.7942, 40.1676 ], [ -102.7942, 40.1183 ], [ -102.7933, 40.0025 ], [ -102.8038, 40.0026 ], [ -102.8004, 39.8299 ], [ -102.8011, 39.75 ], [ -102.8019, 39.7205 ], [ -102.8012, 39.7135 ], [ -102.8029, 39.5678 ], [ -102.8648, 39.5685 ], [ -102.8797, 39.5682 ], [ -102.9293, 39.5686 ], [ -103.0236, 39.5675 ], [ -103.0339, 39.5677 ], [ -103.154, 39.566 ], [ -103.1544, 39.5657 ], [ -103.155, 39.5659 ], [ -103.2173, 39.5662 ] ] ] } },
{ "type": "Feature", "properties": { "id": "Routt" }, "geometry": { "type": "Polygon", "coordinates": [ [ [ -106.6527, 40.389 ], [ -106.6528, 40.3416 ], [ -106.6323, 40.3416 ], [ -106.6331, 40.179 ], [ -106.637, 40.179 ], [ -106.637, 40.0021 ], [ -106.6265, 40.0019 ], [ -106.6261, 40.0 ], [ -106.6266, 39.9187 ], [ -106.6533, 39.92 ], [ -106.713, 39.9206 ], [ -106.8761, 39.9188 ], [ -107.034, 39.9189 ], [ -107.0322, 39.9397 ], [ -107.0326, 39.9637 ], [ -107.0318, 39.9637 ], [ -107.032, 40.0029 ], [ -107.0374, 40.0031 ], [ -107.0377, 40.1639 ], [ -107.0377, 40.1656 ], [ -107.0384, 40.1656 ], [ -107.0379, 40.2254 ], [ -107.0766, 40.2253 ], [ -107.0961, 40.2261 ], [ -107.0961, 40.2251 ], [ -107.3686, 40.2234 ], [ -107.4394, 40.2234 ], [ -107.4395, 40.2473 ], [ -107.4401, 40.25 ], [ -107.4425, 40.3084 ], [ -107.4426, 40.3348 ], [ -107.4321, 40.3349 ], [ -107.4285, 40.4698 ], [ -107.4288, 40.5422 ], [ -107.3713, 40.5424 ], [ -107.3715, 40.6003 ], [ -107.3142, 40.6003 ], [ -107.3143, 40.625 ], [ -107.3134, 40.6866 ], [ -107.3165, 40.875 ], [ -107.3178, 41.0029 ], [ -107.2179, 41.0028 ], [ -107.0006, 41.0034 ], [ -106.8578, 41.0027 ], [ -106.8615, 41.0 ], [ -106.8613, 40.9962 ], [ -106.8571, 40.9939 ], [ -106.8509, 40.9913 ], [ -106.8507, 40.9902 ], [ -106.8542, 40.9884 ], [ -106.8554, 40.9871 ], [ -106.8558, 40.9839 ], [ -106.8571, 40.9813 ], [ -106.8594, 40.9832 ], [ -106.8623, 40.9837 ], [ -106.867, 40.9826 ], [ -106.8706, 40.9812 ], [ -106.8714, 40.9781 ], [ -106.8731, 40.9752 ], [ -106.8732, 40.973 ], [ -106.8725, 40.9711 ], [ -106.8727, 40.9672 ], [ -106.8701, 40.9626 ], [ -106.8695, 40.9598 ], [ -106.8698, 40.9562 ], [ -106.8683, 40.9551 ], [ -106.8646, 40.9542 ], [ -106.8635, 40.9524 ], [ -106.8622, 40.9473 ], [ -106.8624, 40.9415 ], [ -106.8594, 40.9384 ], [ -106.856, 40.9373 ], [ -106.8561, 40.935 ], [ -106.8519, 40.9336 ], [ -106.8524, 40.9297 ], [ -106.8487, 40.9267 ], [ -106.85, 40.9255 ], [ -106.8524, 40.9255 ], [ -106.8523, 40.9252 ], [ -106.85, 40.9242 ], [ -106.8447, 40.9251 ], [ -106.8406, 40.9247 ], [ -106.8372, 40.9237 ], [ -106.835, 40.9242 ], [ -106.8321, 40.9239 ], [ -106.8294, 40.9243 ], [ -106.8276, 40.9256 ], [ -106.8251, 40.9288 ], [ -106.825, 40.9321 ], [ -106.8235, 40.9303 ], [ -106.8224, 40.9276 ], [ -106.82, 40.9253 ], [ -106.8183, 40.9203 ], [ -106.819, 40.9186 ], [ -106.8113, 40.916 ], [ -106.8085, 40.9085 ], [ -106.8063, 40.9066 ], [ -106.8061, 40.9035 ], [ -106.8053, 40.902 ], [ -106.8075, 40.9006 ], [ -106.8098, 40.8998 ], [ -106.8079, 40.8994 ], [ -106.8049, 40.8973 ], [ -106.8021, 40.8969 ], [ -106.8006, 40.8959 ], [ -106.7978, 40.8965 ], [ -106.7954, 40.8979 ], [ -106.7941, 40.9007 ], [ -106.7934, 40.9008 ], [ -106.792, 40.9 ], [ -106.7895, 40.9008 ], [ -106.7876, 40.9006 ], [ -106.7888, 40.9021 ], [ -106.7886, 40.9028 ], [ -106.787, 40.9029 ], [ -106.7841, 40.9054 ], [ -106.7813, 40.907 ], [ -106.7787, 40.9064 ], [ -106.7778, 40.9054 ], [ -106.7764, 40.9057 ], [ -106.7738, 40.9054 ], [ -106.7712, 40.9043 ], [ -106.769, 40.9041 ], [ -106.7677, 40.9022 ], [ -106.7675, 40.8986 ], [ -106.7702, 40.8969 ], [ -106.7701, 40.8965 ], [ -106.7649, 40.8964 ], [ -106.7633, 40.8957 ], [ -106.7611, 40.8941 ], [ -106.75, 40.8938 ], [ -106.7436, 40.892 ], [ -106.7409, 40.8898 ], [ -106.7468, 40.8821 ], [ -106.7459, 40.8798 ], [ -106.7442, 40.8791 ], [ -106.7422, 40.8771 ], [ -106.7426, 40.875 ], [ -106.7409, 40.8723 ], [ -106.7393, 40.8708 ], [ -106.739, 40.8727 ], [ -106.7383, 40.8731 ], [ -106.7366, 40.8731 ], [ -106.7353, 40.8725 ], [ -106.7278, 40.8713 ], [ -106.7219, 40.873 ], [ -106.7136, 40.874 ], [ -106.7058, 40.876 ], [ -106.7045, 40.8767 ], [ -106.7036, 40.8787 ], [ -106.7035, 40.8804 ], [ -106.7002, 40.8826 ], [ -106.7, 40.8848 ], [ -106.6942, 40.888 ], [ -106.6917, 40.8882 ], [ -106.6859, 40.8858 ], [ -106.6853, 40.8846 ], [ -106.6862, 40.8806 ], [ -106.6848, 40.8787 ], [ -106.6827, 40.8776 ], [ -106.6822, 40.8758 ], [ -106.6803, 40.8743 ], [ -106.6805, 40.8723 ], [ -106.6795, 40.8696 ], [ -106.678, 40.8679 ], [ -106.677, 40.8679 ], [ -106.6755, 40.867 ], [ -106.6746, 40.8673 ], [ -106.6735, 40.8671 ], [ -106.6682, 40.8651 ], [ -106.668, 40.8628 ], [ -106.6671, 40.861 ], [ -106.6674, 40.8598 ], [ -106.6668, 40.8592 ], [ -106.666, 40.8582 ], [ -106.6646, 40.8592 ], [ -106.6645, 40.8568 ], [ -106.6616, 40.8557 ], [ -106.66, 40.8544 ], [ -106.6581, 40.8537 ], [ -106.6545, 40.8491 ], [ -106.6546, 40.8472 ], [ -106.6541, 40.846 ], [ -106.6545, 40.8455 ], [ -106.6598, 40.8437 ], [ -106.6626, 40.8433 ], [ -106.6613, 40.8409 ], [ -106.6635, 40.8372 ], [ -106.664, 40.835 ], [ -106.6637, 40.8332 ], [ -106.6629, 40.8323 ], [ -106.664, 40.8282 ], [ -106.6631, 40.8275 ], [ -106.6621, 40.8274 ], [ -106.662, 40.8269 ], [ -106.6615, 40.8272 ], [ -106.66, 40.8267 ], [ -106.6591, 40.8255 ], [ -106.6596, 40.8249 ], [ -106.659, 40.8244 ], [ -106.6591, 40.8237 ], [ -106.6574, 40.8238 ], [ -106.655, 40.8231 ], [ -106.6529, 40.8234 ], [ -106.6471, 40.8213 ], [ -106.6447, 40.8211 ], [ -106.6444, 40.8215 ], [ -106.6434, 40.8215 ], [ -106.643, 40.8204 ], [ -106.6384, 40.817 ], [ -106.6393, 40.8158 ], [ -106.6392, 40.8145 ], [ -106.6381, 40.8133 ], [ -106.6368, 40.8129 ], [ -106.6355, 40.8114 ], [ -106.6371, 40.8092 ], [ -106.6368, 40.8056 ], [ -106.6355, 40.8048 ], [ -106.6365, 40.8037 ], [ -106.6358, 40.8026 ], [ -106.6369, 40.7996 ], [ -106.6365, 40.7967 ], [ -106.6369, 40.7942 ], [ -106.636, 40.7919 ], [ -106.6369, 40.7895 ], [ -106.6393, 40.7882 ], [ -106.6399, 40.7871 ], [ -106.6425, 40.7855 ], [ -106.6427, 40.7849 ], [ -106.6452, 40.7839 ], [ -106.6483, 40.7818 ], [ -106.6493, 40.7801 ], [ -106.6491, 40.7788 ], [ -106.6498, 40.7776 ], [ -106.6492, 40.7754 ], [ -106.6524, 40.7756 ], [ -106.6592, 40.7729 ], [ -106.6627, 40.7699 ], [ -106.6635, 40.7683 ], [ -106.6633, 40.767 ], [ -106.6648, 40.7655 ], [ -106.6679, 40.7638 ], [ -106.6697, 40.7617 ], [ -106.67, 40.7603 ], [ -106.6695, 40.7597 ], [ -106.6652, 40.7577 ], [ -106.6642, 40.7565 ], [ -106.6634, 40.7541 ], [ -106.6619, 40.7541 ], [ -106.6613, 40.7533 ], [ -106.6642, 40.751 ], [ -106.6652, 40.7489 ], [ -106.6643, 40.7481 ], [ -106.6626, 40.7448 ], [ -106.663, 40.743 ], [ -106.665, 40.7421 ], [ -106.6683, 40.7391 ], [ -106.6711, 40.7387 ], [ -106.6717, 40.738 ], [ -106.6747, 40.7367 ], [ -106.6767, 40.7366 ], [ -106.6761, 40.7353 ], [ -106.6754, 40.7355 ], [ -106.6738, 40.7351 ], [ -106.671, 40.7328 ], [ -106.6695, 40.7288 ], [ -106.6702, 40.7277 ], [ -106.6724, 40.7262 ], [ -106.6725, 40.7253 ], [ -106.6738, 40.724 ], [ -106.6733, 40.723 ], [ -106.6719, 40.7228 ], [ -106.67, 40.7207 ], [ -106.6698, 40.7198 ], [ -106.6712, 40.7164 ], [ -106.6687, 40.711 ], [ -106.6689, 40.7103 ], [ -106.6725, 40.7085 ], [ -106.6725, 40.7069 ], [ -106.671, 40.7031 ], [ -106.6708, 40.701 ], [ -106.6686, 40.6986 ], [ -106.668, 40.6963 ], [ -106.6685, 40.6946 ], [ -106.6723, 40.6907 ], [ -106.6729, 40.6883 ], [ -106.6795, 40.6859 ], [ -106.6797, 40.6842 ], [ -106.6802, 40.6837 ], [ -106.6834, 40.6828 ], [ -106.686, 40.6827 ], [ -106.6869, 40.6831 ], [ -106.6873, 40.6827 ], [ -106.6876, 40.6815 ], [ -106.6871, 40.6806 ], [ -106.6853, 40.68 ], [ -106.6835, 40.6782 ], [ -106.6824, 40.6779 ], [ -106.6811, 40.6752 ], [ -106.6861, 40.6737 ], [ -106.6869, 40.6727 ], [ -106.6871, 40.6706 ], [ -106.6856, 40.6629 ], [ -106.6858, 40.6623 ], [ -106.6905, 40.6599 ], [ -106.6918, 40.66 ], [ -106.6921, 40.6577 ], [ -106.6913, 40.6554 ], [ -106.6877, 40.6499 ], [ -106.6852, 40.6494 ], [ -106.6821, 40.6497 ], [ -106.6807, 40.6493 ], [ -106.6801, 40.648 ], [ -106.6828, 40.6469 ], [ -106.6835, 40.6448 ], [ -106.686, 40.6414 ], [ -106.6887, 40.6396 ], [ -106.6889, 40.6388 ], [ -106.6868, 40.6347 ], [ -106.6878, 40.6345 ], [ -106.689, 40.6351 ], [ -106.6942, 40.6329 ], [ -106.6972, 40.6299 ], [ -106.6973, 40.6284 ], [ -106.6983, 40.6275 ], [ -106.7036, 40.6278 ], [ -106.7014, 40.6264 ], [ -106.7011, 40.6255 ], [ -106.704, 40.6218 ], [ -106.7038, 40.6201 ], [ -106.7061, 40.6166 ], [ -106.7062, 40.6156 ], [ -106.7037, 40.6106 ], [ -106.7037, 40.6086 ], [ -106.7046, 40.6076 ], [ -106.7025, 40.6062 ], [ -106.7019, 40.6044 ], [ -106.6987, 40.602 ], [ -106.6983, 40.5994 ], [ -106.6951, 40.598 ], [ -106.694, 40.5945 ], [ -106.6948, 40.592 ], [ -106.6994, 40.5868 ], [ -106.6996, 40.5854 ], [ -106.6986, 40.5835 ], [ -106.6988, 40.5829 ], [ -106.6999, 40.582 ], [ -106.7001, 40.5803 ], [ -106.7023, 40.578 ], [ -106.6982, 40.5744 ], [ -106.6971, 40.5727 ], [ -106.6969, 40.5705 ], [ -106.6922, 40.5635 ], [ -106.6918, 40.5612 ], [ -106.6929, 40.5586 ], [ -106.6929, 40.5566 ], [ -106.6877, 40.5521 ], [ -106.6862, 40.5513 ], [ -106.6847, 40.5489 ], [ -106.6837, 40.5448 ], [ -106.6791, 40.5445 ], [ -106.6782, 40.544 ], [ -106.6774, 40.5425 ], [ -106.6773, 40.5397 ], [ -106.6767, 40.538 ], [ -106.6717, 40.5358 ], [ -106.6698, 40.5344 ], [ -106.6695, 40.5325 ], [ -106.6719, 40.5294 ], [ -106.6737, 40.5259 ], [ -106.6737, 40.5237 ], [ -106.6731, 40.5225 ], [ -106.6708, 40.5205 ], [ -106.6662, 40.5199 ], [ -106.6633, 40.517 ], [ -106.6591, 40.5146 ], [ -106.6594, 40.5138 ], [ -106.6608, 40.513 ], [ -106.6611, 40.5119 ], [ -106.6593, 40.5106 ], [ -106.6561, 40.5095 ], [ -106.6556, 40.5085 ], [ -106.6556, 40.5034 ], [ -106.6564, 40.5009 ], [ -106.656, 40.5 ], [ -106.6548, 40.499 ], [ -106.6546, 40.4964 ], [ -106.6536, 40.4959 ], [ -106.6531, 40.4947 ], [ -106.6539, 40.4924 ], [ -106.6593, 40.4902 ], [ -106.6574, 40.4883 ], [ -106.6573, 40.487 ], [ -106.6562, 40.4856 ], [ -106.6562, 40.4844 ], [ -106.6574, 40.4832 ], [ -106.6633, 40.4803 ], [ -106.6639, 40.4782 ], [ -106.6648, 40.4771 ], [ -106.6671, 40.4761 ], [ -106.6674, 40.4737 ], [ -106.6664, 40.4712 ], [ -106.6653, 40.4705 ], [ -106.6635, 40.4706 ], [ -106.659, 40.4721 ], [ -106.6579, 40.4716 ], [ -106.6584, 40.4666 ], [ -106.6575, 40.4624 ], [ -106.659, 40.4594 ], [ -106.6565, 40.456 ], [ -106.6564, 40.4515 ], [ -106.6558, 40.4502 ], [ -106.6551, 40.4497 ], [ -106.6518, 40.4498 ], [ -106.6515, 40.4494 ], [ -106.6522, 40.4463 ], [ -106.6527, 40.389 ] ] ] } },
{ "type": "Feature", "properties": { "id": "Archuleta" }, "geometry": { "type": "Polygon", "coordinates": [ [ [ -107.255, 37.0 ], [ -107.4817, 37.0 ], [ -107.4814, 37.0939 ], [ -107.4821, 37.1235 ], [ -107.4821, 37.4227 ], [ -107.3756, 37.4236 ], [ -107.356, 37.4231 ], [ -107.1287, 37.4229 ], [ -107.1287, 37.3924 ], [ -107.0453, 37.3923 ], [ -107.0006, 37.3931 ], [ -106.8756, 37.394 ], [ -106.8712, 37.3937 ], [ -106.7505, 37.396 ], [ -106.7108, 37.3962 ], [ -106.7108, 37.4042 ], [ -106.6784, 37.4036 ], [ -106.6781, 37.3634 ], [ -106.6787, 37.25 ], [ -106.6784, 37.2286 ], [ -106.5974, 37.195 ], [ -106.5892, 37.1402 ], [ -106.4891, 37.0151 ], [ -106.4762, 36.9938 ], [ -106.5912, 36.9929 ], [ -106.6518, 36.9932 ], [ -106.7506, 36.9925 ], [ -106.8698, 36.9924 ], [ -106.8773, 37.0001 ], [ -107.255, 37.0 ] ] ] } },
{ "type": "Feature", "properties": { "id": "Gilpin" }, "geometry": { "type": "Polygon", "coordinates": [ [ [ -105.4007, 39.9351 ], [ -105.398, 39.9349 ], [ -105.3976, 39.8832 ], [ -105.398, 39.8722 ], [ -105.3975, 39.8537 ], [ -105.3979, 39.8409 ], [ -105.3979, 39.7471 ], [ -105.4022, 39.7489 ], [ -105.4032, 39.7502 ], [ -105.4069, 39.7514 ], [ -105.4097, 39.7499 ], [ -105.415, 39.7495 ], [ -105.4183, 39.7472 ], [ -105.4217, 39.7459 ], [ -105.4233, 39.7482 ], [ -105.4236, 39.7499 ], [ -105.4222, 39.7515 ], [ -105.4225, 39.7534 ], [ -105.422, 39.755 ], [ -105.4252, 39.7556 ], [ -105.4274, 39.7558 ], [ -105.4298, 39.7546 ], [ -105.4371, 39.7558 ], [ -105.441, 39.7556 ], [ -105.448, 39.7532 ], [ -105.4503, 39.7529 ], [ -105.4513, 39.7541 ], [ -105.4546, 39.7558 ], [ -105.4613, 39.7556 ], [ -105.4627, 39.757 ], [ -105.4657, 39.7564 ], [ -105.4698, 39.7565 ], [ -105.4789, 39.7591 ], [ -105.484, 39.7592 ], [ -105.4864, 39.7584 ], [ -105.4895, 39.7582 ], [ -105.4907, 39.7572 ], [ -105.493, 39.7569 ], [ -105.4969, 39.7579 ], [ -105.496, 39.7585 ], [ -105.4967, 39.7597 ], [ -105.4964, 39.761 ], [ -105.4939, 39.7627 ], [ -105.4946, 39.7639 ], [ -105.5014, 39.763 ], [ -105.5083, 39.7641 ], [ -105.5102, 39.7658 ], [ -105.5122, 39.766 ], [ -105.5165, 39.765 ], [ -105.5185, 39.7651 ], [ -105.5213, 39.7661 ], [ -105.5218, 39.767 ], [ -105.5256, 39.7687 ], [ -105.5302, 39.7691 ], [ -105.5311, 39.7697 ], [ -105.5386, 39.7716 ], [ -105.5413, 39.7738 ], [ -105.5451, 39.7736 ], [ -105.5443, 39.7769 ], [ -105.5447, 39.778 ], [ -105.5479, 39.7811 ], [ -105.5488, 39.7846 ], [ -105.546, 39.787 ], [ -105.5543, 39.792 ], [ -105.5553, 39.7942 ], [ -105.5583, 39.7953 ], [ -105.5607, 39.7951 ], [ -105.5641, 39.8004 ], [ -105.5664, 39.8003 ], [ -105.5714, 39.8012 ], [ -105.5719, 39.8024 ], [ -105.5781, 39.8056 ], [ -105.5785, 39.811 ], [ -105.5797, 39.8128 ], [ -105.5788, 39.8137 ], [ -105.5761, 39.8143 ], [ -105.5742, 39.819 ], [ -105.578, 39.8223 ], [ -105.583, 39.8228 ], [ -105.5861, 39.8219 ], [ -105.5886, 39.823 ], [ -105.5909, 39.823 ], [ -105.592, 39.8227 ], [ -105.5947, 39.8201 ], [ -105.5975, 39.8188 ], [ -105.6024, 39.8181 ], [ -105.603, 39.8196 ], [ -105.6027, 39.8204 ], [ -105.606, 39.8228 ], [ -105.6078, 39.823 ], [ -105.6116, 39.8247 ], [ -105.6136, 39.8227 ], [ -105.6163, 39.8255 ], [ -105.6213, 39.829 ], [ -105.623, 39.8291 ], [ -105.6251, 39.8309 ], [ -105.6276, 39.8321 ], [ -105.6295, 39.8356 ], [ -105.6315, 39.8377 ], [ -105.6312, 39.8393 ], [ -105.6336, 39.8438 ], [ -105.6362, 39.8446 ], [ -105.6412, 39.8452 ], [ -105.6439, 39.8465 ], [ -105.649, 39.8465 ], [ -105.6518, 39.8483 ], [ -105.6605, 39.8506 ], [ -105.6633, 39.85 ], [ -105.6674, 39.8476 ], [ -105.6718, 39.848 ], [ -105.6748, 39.8498 ], [ -105.676, 39.8495 ], [ -105.6773, 39.8474 ], [ -105.6814, 39.8475 ], [ -105.683, 39.8484 ], [ -105.6865, 39.8492 ], [ -105.6888, 39.8514 ], [ -105.6911, 39.8526 ], [ -105.6935, 39.8568 ], [ -105.6936, 39.8582 ], [ -105.6961, 39.8615 ], [ -105.6965, 39.8636 ], [ -105.6962, 39.8646 ], [ -105.6978, 39.868 ], [ -105.6969, 39.8717 ], [ -105.6992, 39.8741 ], [ -105.7008, 39.8789 ], [ -105.6984, 39.881 ], [ -105.6984, 39.8828 ], [ -105.6977, 39.8843 ], [ -105.6994, 39.8856 ], [ -105.699, 39.8879 ], [ -105.6997, 39.8895 ], [ -105.6997, 39.8915 ], [ -105.6972, 39.8946 ], [ -105.6911, 39.8973 ], [ -105.6918, 39.8984 ], [ -105.6903, 39.9019 ], [ -105.6872, 39.9042 ], [ -105.6886, 39.9075 ], [ -105.6879, 39.9117 ], [ -105.6865, 39.9128 ], [ -105.686, 39.9156 ], [ -105.6822, 39.9175 ], [ -105.6828, 39.9182 ], [ -105.6823, 39.9219 ], [ -105.6802, 39.9253 ], [ -105.6801, 39.9265 ], [ -105.6789, 39.9277 ], [ -105.6766, 39.9286 ], [ -105.678, 39.9305 ], [ -105.6758, 39.9324 ], [ -105.6288, 39.9321 ], [ -105.6257, 39.9324 ], [ -105.4574, 39.9322 ], [ -105.4554, 39.9324 ], [ -105.4539, 39.934 ], [ -105.4495, 39.9352 ], [ -105.4471, 39.9369 ], [ -105.4449, 39.9372 ], [ -105.4432, 39.938 ], [ -105.44, 39.9384 ], [ -105.4385, 39.9375 ], [ -105.4373, 39.9361 ], [ -105.4326, 39.9334 ], [ -105.4307, 39.9317 ], [ -105.4275, 39.931 ], [ -105.4221, 39.9316 ], [ -105.4188, 39.9287 ], [ -105.4173, 39.9307 ], [ -105.4154, 39.9317 ], [ -105.415, 39.9332 ], [ -105.414, 39.9344 ], [ -105.413, 39.9344 ], [ -105.4126, 39.9335 ], [ -105.4109, 39.9324 ], [ -105.4064, 39.9317 ], [ -105.4007, 39.9351 ] ] ] } },
{ "type": "Feature", "properties": { "id": "Denver" }, "geometry": { "type": "MultiPolygon", "coordinates": [ [ [ [ -104.9341, 39.7001 ], [ -104.9317, 39.7002 ], [ -104.9317, 39.6984 ], [ -104.9339, 39.6985 ], [ -104.9341, 39.7001 ] ] ], [ [ [ -105.0533, 39.7273 ], [ -105.0532, 39.7331 ], [ -105.0544, 39.7331 ], [ -105.0546, 39.7339 ], [ -105.055, 39.7339 ], [ -105.055, 39.7331 ], [ -105.0555, 39.7331 ], [ -105.0556, 39.7347 ], [ -105.0532, 39.735 ], [ -105.0532, 39.7838 ], [ -105.0627, 39.7838 ], [ -105.0625, 39.7876 ], [ -105.0629, 39.7881 ], [ -105.0651, 39.7881 ], [ -105.0645, 39.7911 ], [ -105.0633, 39.7911 ], [ -105.0633, 39.7901 ], [ -105.0619, 39.7901 ], [ -105.0615, 39.7911 ], [ -105.0346, 39.7911 ], [ -105.0346, 39.7919 ], [ -105.032, 39.792 ], [ -105.03, 39.7919 ], [ -105.03, 39.7911 ], [ -105.0252, 39.7909 ], [ -105.0251, 39.794 ], [ -105.0247, 39.7941 ], [ -105.0231, 39.7934 ], [ -105.0213, 39.794 ], [ -105.0218, 39.793 ], [ -105.0207, 39.7932 ], [ -105.0208, 39.7911 ], [ -104.9934, 39.7912 ], [ -104.9933, 39.7921 ], [ -104.9908, 39.7921 ], [ -104.9904, 39.7911 ], [ -104.9864, 39.791 ], [ -104.9864, 39.7919 ], [ -104.9858, 39.7919 ], [ -104.9858, 39.7916 ], [ -104.9852, 39.7916 ], [ -104.9852, 39.791 ], [ -104.9783, 39.791 ], [ -104.9783, 39.7918 ], [ -104.9781, 39.791 ], [ -104.976, 39.791 ], [ -104.9761, 39.7923 ], [ -104.9732, 39.7925 ], [ -104.9732, 39.7941 ], [ -104.9748, 39.7942 ], [ -104.9748, 39.7956 ], [ -104.9722, 39.7956 ], [ -104.9722, 39.7963 ], [ -104.9732, 39.7963 ], [ -104.9731, 39.7983 ], [ -104.9687, 39.7984 ], [ -104.9688, 39.7938 ], [ -104.9666, 39.7938 ], [ -104.9678, 39.7917 ], [ -104.9689, 39.791 ], [ -104.9606, 39.791 ], [ -104.9556, 39.7947 ], [ -104.9405, 39.7948 ], [ -104.9405, 39.7911 ], [ -104.927, 39.7911 ], [ -104.927, 39.7838 ], [ -104.9032, 39.7836 ], [ -104.9038, 39.7855 ], [ -104.9034, 39.7883 ], [ -104.9036, 39.7984 ], [ -104.9005, 39.7984 ], [ -104.9004, 39.8011 ], [ -104.8969, 39.8012 ], [ -104.8969, 39.7984 ], [ -104.8847, 39.7983 ], [ -104.8846, 39.813 ], [ -104.8661, 39.813 ], [ -104.866, 39.7984 ], [ -104.8293, 39.7981 ], [ -104.7909, 39.7983 ], [ -104.7909, 39.842 ], [ -104.7622, 39.8419 ], [ -104.7621, 39.8454 ], [ -104.7321, 39.8451 ], [ -104.7315, 39.8986 ], [ -104.7056, 39.8985 ], [ -104.7054, 39.9064 ], [ -104.6926, 39.9066 ], [ -104.6929, 39.9142 ], [ -104.6803, 39.9142 ], [ -104.6802, 39.9066 ], [ -104.6339, 39.9062 ], [ -104.634, 39.8993 ], [ -104.6004, 39.8995 ], [ -104.6003, 39.8823 ], [ -104.6059, 39.8822 ], [ -104.6058, 39.8738 ], [ -104.6198, 39.8738 ], [ -104.6199, 39.8266 ], [ -104.6396, 39.8269 ], [ -104.6397, 39.8226 ], [ -104.6555, 39.8225 ], [ -104.6555, 39.814 ], [ -104.6662, 39.814 ], [ -104.6663, 39.8229 ], [ -104.7171, 39.8232 ], [ -104.7625, 39.823 ], [ -104.7629, 39.8128 ], [ -104.7626, 39.7984 ], [ -104.7344, 39.7984 ], [ -104.7346, 39.7692 ], [ -104.7631, 39.7695 ], [ -104.7632, 39.7715 ], [ -104.7722, 39.7715 ], [ -104.7721, 39.7767 ], [ -104.7818, 39.7765 ], [ -104.7817, 39.7734 ], [ -104.8282, 39.7732 ], [ -104.8283, 39.7692 ], [ -104.833, 39.7692 ], [ -104.833, 39.7662 ], [ -104.8376, 39.7673 ], [ -104.8564, 39.7687 ], [ -104.8564, 39.7584 ], [ -104.8482, 39.7565 ], [ -104.8481, 39.7558 ], [ -104.8469, 39.7554 ], [ -104.8469, 39.7549 ], [ -104.8802, 39.7548 ], [ -104.8801, 39.7474 ], [ -104.8847, 39.7475 ], [ -104.8847, 39.7308 ], [ -104.8866, 39.7292 ], [ -104.8819, 39.725 ], [ -104.88, 39.7256 ], [ -104.8753, 39.7256 ], [ -104.8753, 39.7188 ], [ -104.8743, 39.7182 ], [ -104.8708, 39.7182 ], [ -104.8707, 39.7102 ], [ -104.866, 39.7111 ], [ -104.866, 39.7043 ], [ -104.8689, 39.703 ], [ -104.8694, 39.7011 ], [ -104.8706, 39.7005 ], [ -104.8707, 39.6985 ], [ -104.8683, 39.6985 ], [ -104.8683, 39.7 ], [ -104.8675, 39.7 ], [ -104.8674, 39.699 ], [ -104.866, 39.6991 ], [ -104.866, 39.6966 ], [ -104.8753, 39.6965 ], [ -104.8753, 39.698 ], [ -104.8777, 39.698 ], [ -104.8776, 39.6965 ], [ -104.8933, 39.6966 ], [ -104.8934, 39.6957 ], [ -104.8944, 39.6957 ], [ -104.8942, 39.6966 ], [ -104.8968, 39.6966 ], [ -104.8988, 39.6951 ], [ -104.9003, 39.6963 ], [ -104.8993, 39.697 ], [ -104.9035, 39.6985 ], [ -104.9035, 39.6966 ], [ -104.9, 39.6928 ], [ -104.9035, 39.6926 ], [ -104.9035, 39.6894 ], [ -104.8967, 39.6893 ], [ -104.8985, 39.6913 ], [ -104.8983, 39.6926 ], [ -104.8935, 39.6927 ], [ -104.8936, 39.6857 ], [ -104.8889, 39.6856 ], [ -104.8889, 39.6825 ], [ -104.8891, 39.682 ], [ -104.8934, 39.6821 ], [ -104.8936, 39.6787 ], [ -104.9034, 39.6786 ], [ -104.9034, 39.6849 ], [ -104.905, 39.6859 ], [ -104.9044, 39.6842 ], [ -104.9051, 39.6839 ], [ -104.9039, 39.6839 ], [ -104.9039, 39.6803 ], [ -104.908, 39.6804 ], [ -104.908, 39.6797 ], [ -104.9068, 39.6798 ], [ -104.9068, 39.6787 ], [ -104.9052, 39.6781 ], [ -104.9036, 39.6767 ], [ -104.9035, 39.6676 ], [ -104.8939, 39.6676 ], [ -104.8902, 39.6644 ], [ -104.888, 39.6658 ], [ -104.8923, 39.6682 ], [ -104.8901, 39.6676 ], [ -104.8841, 39.6675 ], [ -104.8794, 39.6639 ], [ -104.8762, 39.664 ], [ -104.8758, 39.6698 ], [ -104.8782, 39.6728 ], [ -104.8753, 39.6728 ], [ -104.8755, 39.6748 ], [ -104.8709, 39.6748 ], [ -104.8661, 39.6708 ], [ -104.8663, 39.6603 ], [ -104.8564, 39.6603 ], [ -104.8554, 39.6608 ], [ -104.8534, 39.66 ], [ -104.8483, 39.6592 ], [ -104.8483, 39.6579 ], [ -104.8477, 39.6578 ], [ -104.8477, 39.6568 ], [ -104.8471, 39.6568 ], [ -104.8529, 39.6557 ], [ -104.8568, 39.6535 ], [ -104.8762, 39.6443 ], [ -104.8763, 39.6523 ], [ -104.8775, 39.6531 ], [ -104.8801, 39.6531 ], [ -104.8803, 39.6415 ], [ -104.8851, 39.6393 ], [ -104.8853, 39.6241 ], [ -104.9017, 39.6239 ], [ -104.9133, 39.6242 ], [ -104.9133, 39.6387 ], [ -104.9226, 39.646 ], [ -104.9318, 39.646 ], [ -104.9317, 39.653 ], [ -104.9559, 39.653 ], [ -104.955, 39.6558 ], [ -104.9535, 39.656 ], [ -104.9538, 39.6567 ], [ -104.9595, 39.6567 ], [ -104.9594, 39.6615 ], [ -104.9631, 39.6616 ], [ -104.9632, 39.6604 ], [ -104.9688, 39.6604 ], [ -104.9688, 39.6661 ], [ -104.9734, 39.6658 ], [ -104.9735, 39.6677 ], [ -104.9999, 39.6679 ], [ -105.0044, 39.6663 ], [ -105.0049, 39.6645 ], [ -105.0045, 39.6608 ], [ -105.0049, 39.6605 ], [ -105.0107, 39.6605 ], [ -105.0077, 39.6642 ], [ -105.0065, 39.6669 ], [ -105.0064, 39.6763 ], [ -105.0066, 39.6768 ], [ -105.0086, 39.6768 ], [ -105.0087, 39.6786 ], [ -105.0157, 39.6787 ], [ -105.0158, 39.6605 ], [ -105.023, 39.6605 ], [ -105.023, 39.6568 ], [ -105.032, 39.6571 ], [ -105.0321, 39.6533 ], [ -105.034, 39.6535 ], [ -105.0344, 39.653 ], [ -105.0347, 39.644 ], [ -105.0312, 39.644 ], [ -105.0313, 39.6431 ], [ -105.0298, 39.643 ], [ -105.03, 39.6386 ], [ -105.0347, 39.6386 ], [ -105.0348, 39.6336 ], [ -105.0301, 39.6335 ], [ -105.0297, 39.6324 ], [ -105.0254, 39.6314 ], [ -105.0254, 39.6286 ], [ -105.0298, 39.6278 ], [ -105.0368, 39.6281 ], [ -105.038, 39.6268 ], [ -105.0406, 39.6283 ], [ -105.0418, 39.6279 ], [ -105.0423, 39.6282 ], [ -105.0429, 39.6276 ], [ -105.044, 39.628 ], [ -105.0443, 39.6316 ], [ -105.0534, 39.6316 ], [ -105.0533, 39.6389 ], [ -105.0594, 39.6388 ], [ -105.059, 39.6382 ], [ -105.0593, 39.6343 ], [ -105.057, 39.6317 ], [ -105.0535, 39.6295 ], [ -105.0533, 39.628 ], [ -105.0558, 39.626 ], [ -105.0558, 39.6242 ], [ -105.0534, 39.6244 ], [ -105.0534, 39.6214 ], [ -105.0572, 39.6216 ], [ -105.0576, 39.6209 ], [ -105.0564, 39.6199 ], [ -105.0586, 39.6179 ], [ -105.0589, 39.6146 ], [ -105.0969, 39.6144 ], [ -105.097, 39.6184 ], [ -105.0873, 39.6183 ], [ -105.0861, 39.619 ], [ -105.0853, 39.6183 ], [ -105.0651, 39.6186 ], [ -105.065, 39.6202 ], [ -105.0766, 39.6244 ], [ -105.0751, 39.6245 ], [ -105.0815, 39.6319 ], [ -105.0836, 39.6319 ], [ -105.0835, 39.6302 ], [ -105.0817, 39.6301 ], [ -105.0817, 39.6276 ], [ -105.0839, 39.6276 ], [ -105.0839, 39.6293 ], [ -105.0855, 39.6292 ], [ -105.0855, 39.6265 ], [ -105.0876, 39.6265 ], [ -105.0877, 39.6273 ], [ -105.0912, 39.6273 ], [ -105.0913, 39.6242 ], [ -105.1086, 39.6242 ], [ -105.1086, 39.627 ], [ -105.1099, 39.627 ], [ -105.1099, 39.6352 ], [ -105.0916, 39.6352 ], [ -105.0916, 39.6387 ], [ -105.0817, 39.6388 ], [ -105.0817, 39.6363 ], [ -105.0806, 39.6368 ], [ -105.074, 39.6368 ], [ -105.074, 39.6387 ], [ -105.0768, 39.6387 ], [ -105.0768, 39.6394 ], [ -105.0745, 39.6441 ], [ -105.0723, 39.6454 ], [ -105.072, 39.6461 ], [ -105.0635, 39.646 ], [ -105.0634, 39.6501 ], [ -105.0573, 39.65 ], [ -105.0573, 39.6517 ], [ -105.0545, 39.6518 ], [ -105.0551, 39.6521 ], [ -105.0573, 39.6521 ], [ -105.0572, 39.6529 ], [ -105.0585, 39.653 ], [ -105.0588, 39.6514 ], [ -105.0621, 39.6514 ], [ -105.0626, 39.6519 ], [ -105.0626, 39.6506 ], [ -105.0639, 39.6505 ], [ -105.0639, 39.6496 ], [ -105.071, 39.6496 ], [ -105.0709, 39.6505 ], [ -105.0701, 39.6504 ], [ -105.0671, 39.653 ], [ -105.067, 39.6566 ], [ -105.0707, 39.6566 ], [ -105.0708, 39.6592 ], [ -105.0714, 39.6593 ], [ -105.0716, 39.66 ], [ -105.0776, 39.6588 ], [ -105.0773, 39.6604 ], [ -105.0779, 39.661 ], [ -105.0798, 39.6622 ], [ -105.0815, 39.6621 ], [ -105.0815, 39.6686 ], [ -105.0814, 39.6701 ], [ -105.0792, 39.6697 ], [ -105.0792, 39.6694 ], [ -105.0769, 39.6693 ], [ -105.0769, 39.6697 ], [ -105.076, 39.6696 ], [ -105.0761, 39.67 ], [ -105.0749, 39.6707 ], [ -105.0722, 39.6695 ], [ -105.0722, 39.6678 ], [ -105.0533, 39.6678 ], [ -105.0533, 39.675 ], [ -105.0629, 39.675 ], [ -105.0632, 39.6797 ], [ -105.0607, 39.6783 ], [ -105.0582, 39.6787 ], [ -105.058, 39.6823 ], [ -105.0532, 39.6824 ], [ -105.0533, 39.7273 ] ], [ [ -105.0645, 39.6533 ], [ -105.064, 39.6533 ], [ -105.064, 39.6535 ], [ -105.0645, 39.6535 ], [ -105.0645, 39.6533 ] ], [ [ -104.8992, 39.6245 ], [ -104.8991, 39.6241 ], [ -104.8987, 39.6241 ], [ -104.8987, 39.6245 ], [ -104.8992, 39.6245 ] ], [ [ -104.8995, 39.6244 ], [ -104.9001, 39.6245 ], [ -104.9001, 39.6241 ], [ -104.8995, 39.6241 ], [ -104.8995, 39.6244 ] ], [ [ -104.9281, 39.7013 ], [ -104.9292, 39.7018 ], [ -104.9295, 39.702 ], [ -104.9295, 39.7013 ], [ -104.9281, 39.7013 ] ], [ [ -105.0626, 39.653 ], [ -105.0635, 39.653 ], [ -105.0635, 39.6524 ], [ -105.0626, 39.6524 ], [ -105.0626, 39.653 ] ], [ [ -105.0816, 39.6347 ], [ -105.0808, 39.6347 ], [ -105.0809, 39.6356 ], [ -105.082, 39.6352 ], [ -105.0816, 39.6347 ] ], [ [ -104.904, 39.6241 ], [ -104.9028, 39.6241 ], [ -104.9038, 39.6267 ], [ -104.904, 39.6261 ], [ -104.904, 39.6241 ] ], [ [ -104.8981, 39.6828 ], [ -104.8983, 39.6856 ], [ -104.9017, 39.6856 ], [ -104.8986, 39.6831 ], [ -104.8981, 39.6828 ] ], [ [ -104.9082, 39.6821 ], [ -104.911, 39.6821 ], [ -104.911, 39.6799 ], [ -104.9083, 39.6799 ], [ -104.9082, 39.6821 ] ], [ [ -104.9317, 39.6694 ], [ -104.9316, 39.6675 ], [ -104.9304, 39.6675 ], [ -104.9305, 39.6685 ], [ -104.9294, 39.6685 ], [ -104.9295, 39.6694 ], [ -104.927, 39.669 ], [ -104.9303, 39.673 ], [ -104.9342, 39.6734 ], [ -104.9342, 39.6711 ], [ -104.9317, 39.6706 ], [ -104.9317, 39.6694 ] ], [ [ -104.9221, 39.6633 ], [ -104.9212, 39.6605 ], [ -104.919, 39.6603 ], [ -104.9191, 39.6599 ], [ -104.9181, 39.6601 ], [ -104.9156, 39.6574 ], [ -104.9159, 39.6562 ], [ -104.9148, 39.6559 ], [ -104.9128, 39.6565 ], [ -104.9128, 39.6629 ], [ -104.9153, 39.6628 ], [ -104.9163, 39.6633 ], [ -104.9166, 39.6676 ], [ -104.9176, 39.6676 ], [ -104.9176, 39.6731 ], [ -104.9208, 39.6749 ], [ -104.9223, 39.6748 ], [ -104.9223, 39.6756 ], [ -104.9231, 39.6757 ], [ -104.9231, 39.6766 ], [ -104.9241, 39.6766 ], [ -104.9245, 39.6761 ], [ -104.9258, 39.6767 ], [ -104.9257, 39.675 ], [ -104.9302, 39.6748 ], [ -104.9264, 39.6694 ], [ -104.9251, 39.6694 ], [ -104.9245, 39.6686 ], [ -104.9226, 39.6681 ], [ -104.9226, 39.6676 ], [ -104.9199, 39.668 ], [ -104.9198, 39.6671 ], [ -104.9222, 39.667 ], [ -104.9221, 39.6633 ] ], [ [ -104.9353, 39.7111 ], [ -104.9407, 39.7112 ], [ -104.9407, 39.698 ], [ -104.9387, 39.6982 ], [ -104.9386, 39.6973 ], [ -104.9386, 39.6966 ], [ -104.9406, 39.6966 ], [ -104.9406, 39.6948 ], [ -104.9405, 39.6957 ], [ -104.9396, 39.6956 ], [ -104.9395, 39.6947 ], [ -104.9362, 39.6948 ], [ -104.9364, 39.6984 ], [ -104.9339, 39.6984 ], [ -104.934, 39.6966 ], [ -104.9279, 39.6967 ], [ -104.9286, 39.7002 ], [ -104.9328, 39.7003 ], [ -104.9329, 39.7013 ], [ -104.9339, 39.7014 ], [ -104.934, 39.7042 ], [ -104.9328, 39.7043 ], [ -104.9329, 39.7022 ], [ -104.9316, 39.7022 ], [ -104.9314, 39.7038 ], [ -104.9269, 39.7036 ], [ -104.927, 39.7066 ], [ -104.9278, 39.7066 ], [ -104.9277, 39.7052 ], [ -104.9295, 39.7051 ], [ -104.9296, 39.7067 ], [ -104.9295, 39.7085 ], [ -104.927, 39.7081 ], [ -104.9315, 39.7091 ], [ -104.9316, 39.7111 ], [ -104.9353, 39.7111 ] ] ] ] } },
{ "type": "Feature", "properties": { "id": "Park" }, "geometry": { "type": "Polygon", "coordinates": [ [ [ -105.9751, 38.9101 ], [ -105.9769, 38.9109 ], [ -105.976, 38.9118 ], [ -105.977, 38.9133 ], [ -105.9765, 38.9144 ], [ -105.9784, 38.9147 ], [ -105.9799, 38.9142 ], [ -105.9806, 38.9155 ], [ -105.9838, 38.9165 ], [ -105.9857, 38.918 ], [ -105.9944, 38.9149 ], [ -105.9982, 38.9152 ], [ -105.9993, 38.9163 ], [ -105.999, 38.9177 ], [ -105.9997, 38.9189 ], [ -106.0046, 38.9225 ], [ -106.0082, 38.9265 ], [ -106.0126, 38.9297 ], [ -106.015, 38.9327 ], [ -106.0181, 38.9345 ], [ -106.0205, 38.9346 ], [ -106.0281, 38.9428 ], [ -106.0308, 38.9425 ], [ -106.0323, 38.9416 ], [ -106.0368, 38.9406 ], [ -106.0438, 38.9419 ], [ -106.0458, 38.9415 ], [ -106.0486, 38.9428 ], [ -106.0517, 38.9435 ], [ -106.0583, 38.9418 ], [ -106.0584, 38.9392 ], [ -106.0601, 38.9372 ], [ -106.0635, 38.9357 ], [ -106.0648, 38.9344 ], [ -106.0652, 38.9321 ], [ -106.0659, 38.9319 ], [ -106.0678, 38.9329 ], [ -106.0705, 38.9321 ], [ -106.0715, 38.9338 ], [ -106.074, 38.9348 ], [ -106.0762, 38.9346 ], [ -106.0786, 38.9353 ], [ -106.0836, 38.9379 ], [ -106.0848, 38.9394 ], [ -106.0907, 38.9365 ], [ -106.0936, 38.938 ], [ -106.0936, 38.9371 ], [ -106.0949, 38.9368 ], [ -106.0965, 38.9382 ], [ -106.101, 38.9387 ], [ -106.1058, 38.9404 ], [ -106.111, 38.9401 ], [ -106.1127, 38.9414 ], [ -106.1131, 38.945 ], [ -106.112, 38.9509 ], [ -106.1134, 38.9528 ], [ -106.1137, 38.9556 ], [ -106.1111, 38.9577 ], [ -106.1122, 38.9602 ], [ -106.1106, 38.962 ], [ -106.1077, 38.9641 ], [ -106.105, 38.97 ], [ -106.1044, 38.9734 ], [ -106.1056, 38.976 ], [ -106.1065, 38.9765 ], [ -106.1076, 38.9797 ], [ -106.1097, 38.9822 ], [ -106.109, 38.9874 ], [ -106.1119, 38.987 ], [ -106.1132, 38.9878 ], [ -106.1168, 38.9881 ], [ -106.1225, 38.9908 ], [ -106.1275, 38.994 ], [ -106.1317, 38.9949 ], [ -106.1326, 38.9955 ], [ -106.1378, 38.9946 ], [ -106.1413, 38.995 ], [ -106.1427, 38.9954 ], [ -106.1454, 38.9979 ], [ -106.1529, 38.9966 ], [ -106.1578, 38.9943 ], [ -106.1596, 38.9942 ], [ -106.1609, 38.9948 ], [ -106.1634, 38.9939 ], [ -106.1657, 38.9924 ], [ -106.1691, 38.9913 ], [ -106.1701, 38.9946 ], [ -106.1749, 38.9996 ], [ -106.1759, 38.9996 ], [ -106.177, 39.0019 ], [ -106.177, 39.0053 ], [ -106.178, 39.0077 ], [ -106.1779, 39.0091 ], [ -106.1788, 39.0108 ], [ -106.1795, 39.0112 ], [ -106.1834, 39.0118 ], [ -106.1849, 39.0126 ], [ -106.1848, 39.0131 ], [ -106.1861, 39.0146 ], [ -106.1861, 39.0156 ], [ -106.1883, 39.0154 ], [ -106.1914, 39.0165 ], [ -106.193, 39.0177 ], [ -106.1931, 39.0197 ], [ -106.1895, 39.0213 ], [ -106.1921, 39.0293 ], [ -106.1903, 39.0306 ], [ -106.1887, 39.0332 ], [ -106.1869, 39.0332 ], [ -106.1863, 39.0336 ], [ -106.185, 39.0362 ], [ -106.183, 39.0376 ], [ -106.1825, 39.0386 ], [ -106.1828, 39.0401 ], [ -106.1854, 39.044 ], [ -106.1857, 39.0468 ], [ -106.1848, 39.0508 ], [ -106.1901, 39.0545 ], [ -106.191, 39.0561 ], [ -106.1909, 39.0575 ], [ -106.1917, 39.0592 ], [ -106.1905, 39.064 ], [ -106.1916, 39.068 ], [ -106.1865, 39.0716 ], [ -106.1868, 39.0731 ], [ -106.1861, 39.075 ], [ -106.1836, 39.0765 ], [ -106.1803, 39.0772 ], [ -106.1757, 39.0829 ], [ -106.1732, 39.0837 ], [ -106.1716, 39.0859 ], [ -106.1697, 39.0864 ], [ -106.1693, 39.0878 ], [ -106.1699, 39.0887 ], [ -106.1699, 39.0907 ], [ -106.1725, 39.0969 ], [ -106.1762, 39.0996 ], [ -106.1786, 39.1033 ], [ -106.1879, 39.1037 ], [ -106.1904, 39.1028 ], [ -106.1929, 39.1031 ], [ -106.1941, 39.104 ], [ -106.1958, 39.1045 ], [ -106.1999, 39.1044 ], [ -106.2034, 39.1027 ], [ -106.207, 39.1034 ], [ -106.2095, 39.1031 ], [ -106.2102, 39.1039 ], [ -106.2077, 39.1081 ], [ -106.2074, 39.1095 ], [ -106.2063, 39.1104 ], [ -106.2039, 39.1113 ], [ -106.2034, 39.112 ], [ -106.2038, 39.1136 ], [ -106.2035, 39.1141 ], [ -106.1995, 39.1155 ], [ -106.1911, 39.1211 ], [ -106.1893, 39.1206 ], [ -106.1887, 39.121 ], [ -106.1876, 39.1246 ], [ -106.1858, 39.1268 ], [ -106.1858, 39.1292 ], [ -106.1844, 39.1293 ], [ -106.1823, 39.1303 ], [ -106.1819, 39.1315 ], [ -106.1784, 39.1348 ], [ -106.1738, 39.1371 ], [ -106.1731, 39.1381 ], [ -106.1729, 39.1388 ], [ -106.1748, 39.1414 ], [ -106.1735, 39.1436 ], [ -106.1735, 39.1448 ], [ -106.1748, 39.148 ], [ -106.1743, 39.1494 ], [ -106.1755, 39.1529 ], [ -106.1753, 39.1563 ], [ -106.1765, 39.1579 ], [ -106.1769, 39.1603 ], [ -106.1794, 39.165 ], [ -106.1786, 39.166 ], [ -106.1782, 39.1675 ], [ -106.1784, 39.1746 ], [ -106.1828, 39.1804 ], [ -106.1833, 39.1824 ], [ -106.1855, 39.1866 ], [ -106.1843, 39.1884 ], [ -106.1822, 39.1897 ], [ -106.1793, 39.1935 ], [ -106.1798, 39.1949 ], [ -106.1795, 39.2 ], [ -106.1803, 39.2025 ], [ -106.1813, 39.2048 ], [ -106.1835, 39.2067 ], [ -106.1847, 39.2093 ], [ -106.1821, 39.2099 ], [ -106.1784, 39.213 ], [ -106.1772, 39.2181 ], [ -106.1782, 39.2191 ], [ -106.1702, 39.223 ], [ -106.1697, 39.2256 ], [ -106.1699, 39.2281 ], [ -106.1689, 39.2288 ], [ -106.1683, 39.2307 ], [ -106.1695, 39.2338 ], [ -106.1729, 39.2368 ], [ -106.1799, 39.2394 ], [ -106.1828, 39.2396 ], [ -106.184, 39.2405 ], [ -106.1851, 39.2427 ], [ -106.1808, 39.2479 ], [ -106.1817, 39.2506 ], [ -106.181, 39.2524 ], [ -106.1816, 39.2536 ], [ -106.1816, 39.257 ], [ -106.1804, 39.2599 ], [ -106.1816, 39.2633 ], [ -106.1815, 39.2654 ], [ -106.1841, 39.2689 ], [ -106.1857, 39.2733 ], [ -106.1857, 39.2758 ], [ -106.1867, 39.2791 ], [ -106.1849, 39.2834 ], [ -106.1855, 39.2858 ], [ -106.1819, 39.29 ], [ -106.1826, 39.2931 ], [ -106.1809, 39.2988 ], [ -106.1831, 39.3011 ], [ -106.184, 39.3094 ], [ -106.183, 39.3109 ], [ -106.1764, 39.3121 ], [ -106.1751, 39.3144 ], [ -106.1742, 39.3183 ], [ -106.1695, 39.3222 ], [ -106.1678, 39.3216 ], [ -106.1629, 39.3213 ], [ -106.1623, 39.3216 ], [ -106.1536, 39.3204 ], [ -106.1512, 39.3207 ], [ -106.15, 39.3254 ], [ -106.1472, 39.3276 ], [ -106.1465, 39.3299 ], [ -106.1432, 39.3344 ], [ -106.1422, 39.3369 ], [ -106.1403, 39.3388 ], [ -106.1399, 39.3396 ], [ -106.1434, 39.3431 ], [ -106.1444, 39.3448 ], [ -106.1446, 39.3469 ], [ -106.147, 39.3493 ], [ -106.1472, 39.3536 ], [ -106.1484, 39.3586 ], [ -106.1507, 39.3597 ], [ -106.1529, 39.3625 ], [ -106.1492, 39.3679 ], [ -106.1488, 39.3683 ], [ -106.1444, 39.3681 ], [ -106.1416, 39.37 ], [ -106.1413, 39.3709 ], [ -106.1387, 39.372 ], [ -106.1378, 39.3768 ], [ -106.1366, 39.3788 ], [ -106.1355, 39.3795 ], [ -106.1314, 39.3795 ], [ -106.1304, 39.3789 ], [ -106.1274, 39.3789 ], [ -106.1203, 39.3766 ], [ -106.1148, 39.3765 ], [ -106.106, 39.3779 ], [ -106.0972, 39.378 ], [ -106.0943, 39.3765 ], [ -106.0856, 39.3697 ], [ -106.0844, 39.3693 ], [ -106.0813, 39.3691 ], [ -106.0802, 39.3704 ], [ -106.0783, 39.3695 ], [ -106.0742, 39.3686 ], [ -106.0685, 39.3644 ], [ -106.0583, 39.3601 ], [ -106.0561, 39.3584 ], [ -106.0439, 39.3574 ], [ -106.0375, 39.3585 ], [ -106.0347, 39.3584 ], [ -106.0286, 39.3602 ], [ -106.0267, 39.3613 ], [ -106.0243, 39.3611 ], [ -106.022, 39.3617 ], [ -106.0176, 39.3655 ], [ -106.0175, 39.3734 ], [ -106.0168, 39.375 ], [ -106.0175, 39.3792 ], [ -106.0184, 39.3814 ], [ -106.0155, 39.3854 ], [ -106.0139, 39.3869 ], [ -106.0084, 39.3874 ], [ -106.005, 39.3893 ], [ -106.0033, 39.3918 ], [ -105.9995, 39.3938 ], [ -105.9966, 39.3944 ], [ -105.9941, 39.3978 ], [ -105.9929, 39.4019 ], [ -105.9902, 39.4022 ], [ -105.9869, 39.4015 ], [ -105.985, 39.4017 ], [ -105.9836, 39.4024 ], [ -105.9819, 39.406 ], [ -105.9807, 39.4067 ], [ -105.9782, 39.4071 ], [ -105.9769, 39.4086 ], [ -105.9519, 39.4143 ], [ -105.9537, 39.4184 ], [ -105.9539, 39.4205 ], [ -105.9553, 39.422 ], [ -105.9548, 39.4262 ], [ -105.9566, 39.428 ], [ -105.9607, 39.429 ], [ -105.9645, 39.4328 ], [ -105.9668, 39.438 ], [ -105.966, 39.4388 ], [ -105.9618, 39.4401 ], [ -105.9588, 39.4399 ], [ -105.9564, 39.4384 ], [ -105.9545, 39.4384 ], [ -105.9473, 39.4405 ], [ -105.9442, 39.4409 ], [ -105.9437, 39.4462 ], [ -105.9419, 39.4482 ], [ -105.9425, 39.4505 ], [ -105.9422, 39.4528 ], [ -105.9409, 39.4561 ], [ -105.9387, 39.4585 ], [ -105.9347, 39.4579 ], [ -105.9298, 39.4593 ], [ -105.9267, 39.4594 ], [ -105.9171, 39.458 ], [ -105.9148, 39.4584 ], [ -105.9116, 39.4567 ], [ -105.9109, 39.458 ], [ -105.9086, 39.4593 ], [ -105.906, 39.4597 ], [ -105.9018, 39.4642 ], [ -105.9013, 39.4672 ], [ -105.9016, 39.4696 ], [ -105.9005, 39.4709 ], [ -105.8991, 39.4715 ], [ -105.8985, 39.4734 ], [ -105.8969, 39.4752 ], [ -105.8973, 39.4771 ], [ -105.8947, 39.4775 ], [ -105.8927, 39.48 ], [ -105.8922, 39.481 ], [ -105.8922, 39.484 ], [ -105.8892, 39.4833 ], [ -105.8847, 39.4841 ], [ -105.8791, 39.4838 ], [ -105.8792, 39.4868 ], [ -105.8785, 39.4894 ], [ -105.8747, 39.4935 ], [ -105.8724, 39.4948 ], [ -105.8711, 39.495 ], [ -105.8675, 39.4941 ], [ -105.8666, 39.4944 ], [ -105.8666, 39.4967 ], [ -105.8642, 39.5 ], [ -105.8641, 39.5016 ], [ -105.8604, 39.5047 ], [ -105.8574, 39.5053 ], [ -105.8539, 39.5045 ], [ -105.8548, 39.5064 ], [ -105.857, 39.5071 ], [ -105.8595, 39.5092 ], [ -105.8599, 39.5121 ], [ -105.8669, 39.5167 ], [ -105.8681, 39.5195 ], [ -105.8647, 39.5221 ], [ -105.8633, 39.5246 ], [ -105.8629, 39.5273 ], [ -105.8595, 39.5315 ], [ -105.8577, 39.5321 ], [ -105.8546, 39.5279 ], [ -105.8528, 39.5267 ], [ -105.8472, 39.5248 ], [ -105.8454, 39.5238 ], [ -105.8443, 39.526 ], [ -105.8398, 39.5273 ], [ -105.8369, 39.529 ], [ -105.83, 39.532 ], [ -105.828, 39.5319 ], [ -105.8229, 39.5299 ], [ -105.8228, 39.5308 ], [ -105.8212, 39.5325 ], [ -105.8193, 39.5376 ], [ -105.8176, 39.5383 ], [ -105.8189, 39.5429 ], [ -105.8189, 39.5458 ], [ -105.8163, 39.5482 ], [ -105.8158, 39.552 ], [ -105.8187, 39.5521 ], [ -105.8223, 39.553 ], [ -105.8258, 39.5557 ], [ -105.8261, 39.5574 ], [ -105.8289, 39.5615 ], [ -105.8285, 39.5635 ], [ -105.8297, 39.5649 ], [ -105.7506, 39.5649 ], [ -105.7216, 39.5653 ], [ -105.6359, 39.5667 ], [ -105.588, 39.5682 ], [ -105.5003, 39.5661 ], [ -105.3989, 39.5661 ], [ -105.3979, 39.467 ], [ -105.3986, 39.4635 ], [ -105.398, 39.445 ], [ -105.3979, 39.3888 ], [ -105.3986, 39.3781 ], [ -105.3981, 39.3507 ], [ -105.3987, 39.3371 ], [ -105.3983, 39.3272 ], [ -105.3987, 39.3262 ], [ -105.3967, 39.2649 ], [ -105.3979, 39.25 ], [ -105.3979, 39.1296 ], [ -105.3304, 39.1297 ], [ -105.3287, 38.8895 ], [ -105.3282, 38.875 ], [ -105.3291, 38.869 ], [ -105.3291, 38.6972 ], [ -105.4484, 38.6976 ], [ -105.4982, 38.6971 ], [ -105.5005, 38.6966 ], [ -105.5315, 38.6959 ], [ -105.5804, 38.6959 ], [ -105.6674, 38.6948 ], [ -105.8138, 38.6945 ], [ -105.8509, 38.6939 ], [ -105.8816, 38.6941 ], [ -105.8889, 38.6952 ], [ -105.8984, 38.6938 ], [ -105.9445, 38.6931 ], [ -105.9697, 38.6936 ], [ -105.97, 38.6949 ], [ -105.969, 38.6972 ], [ -105.9677, 38.6971 ], [ -105.9654, 38.699 ], [ -105.9636, 38.7013 ], [ -105.9618, 38.7061 ], [ -105.9573, 38.709 ], [ -105.953, 38.7137 ], [ -105.9502, 38.7144 ], [ -105.9462, 38.7167 ], [ -105.9476, 38.7202 ], [ -105.9461, 38.7216 ], [ -105.9444, 38.7217 ], [ -105.9435, 38.7231 ], [ -105.9461, 38.7274 ], [ -105.9448, 38.7284 ], [ -105.9443, 38.7305 ], [ -105.9435, 38.7308 ], [ -105.943, 38.7345 ], [ -105.9448, 38.7358 ], [ -105.9443, 38.7371 ], [ -105.9479, 38.7417 ], [ -105.9479, 38.7438 ], [ -105.9421, 38.7448 ], [ -105.9413, 38.7456 ], [ -105.9414, 38.7487 ], [ -105.9383, 38.7537 ], [ -105.938, 38.756 ], [ -105.9392, 38.7641 ], [ -105.9408, 38.7657 ], [ -105.9445, 38.7681 ], [ -105.9441, 38.7687 ], [ -105.9425, 38.7685 ], [ -105.9414, 38.7692 ], [ -105.9399, 38.7707 ], [ -105.9396, 38.772 ], [ -105.9373, 38.7721 ], [ -105.9363, 38.7716 ], [ -105.9342, 38.7718 ], [ -105.9314, 38.7727 ], [ -105.9293, 38.7745 ], [ -105.9296, 38.7772 ], [ -105.9305, 38.7785 ], [ -105.9295, 38.7797 ], [ -105.9296, 38.7814 ], [ -105.9277, 38.7823 ], [ -105.9252, 38.7827 ], [ -105.925, 38.7831 ], [ -105.9267, 38.7855 ], [ -105.9237, 38.7862 ], [ -105.9219, 38.7878 ], [ -105.9208, 38.7895 ], [ -105.9149, 38.7906 ], [ -105.9137, 38.7925 ], [ -105.9145, 38.7937 ], [ -105.9129, 38.7955 ], [ -105.9119, 38.7995 ], [ -105.9106, 38.8016 ], [ -105.9115, 38.8026 ], [ -105.9107, 38.8045 ], [ -105.9066, 38.807 ], [ -105.9104, 38.8101 ], [ -105.9109, 38.8128 ], [ -105.9126, 38.8139 ], [ -105.914, 38.8161 ], [ -105.9176, 38.8179 ], [ -105.9207, 38.8216 ], [ -105.9242, 38.8242 ], [ -105.9322, 38.8327 ], [ -105.9351, 38.8343 ], [ -105.9361, 38.8354 ], [ -105.9364, 38.8366 ], [ -105.9418, 38.8404 ], [ -105.9417, 38.8418 ], [ -105.9402, 38.8435 ], [ -105.9391, 38.846 ], [ -105.94, 38.8487 ], [ -105.9429, 38.8505 ], [ -105.9432, 38.8523 ], [ -105.9387, 38.8574 ], [ -105.935, 38.8591 ], [ -105.9336, 38.8603 ], [ -105.9322, 38.8628 ], [ -105.9325, 38.8645 ], [ -105.9318, 38.866 ], [ -105.9307, 38.8667 ], [ -105.9286, 38.8659 ], [ -105.9278, 38.8688 ], [ -105.9282, 38.8701 ], [ -105.9271, 38.8715 ], [ -105.9253, 38.8718 ], [ -105.9251, 38.8722 ], [ -105.9268, 38.8742 ], [ -105.9312, 38.8747 ], [ -105.933, 38.8782 ], [ -105.936, 38.8814 ], [ -105.9389, 38.8833 ], [ -105.9412, 38.8856 ], [ -105.9428, 38.8855 ], [ -105.9491, 38.8831 ], [ -105.9538, 38.8842 ], [ -105.9556, 38.8837 ], [ -105.96, 38.8844 ], [ -105.9626, 38.8856 ], [ -105.965, 38.886 ], [ -105.9706, 38.8832 ], [ -105.9743, 38.8825 ], [ -105.9751, 38.8837 ], [ -105.9771, 38.8851 ], [ -105.9782, 38.8879 ], [ -105.9792, 38.8889 ], [ -105.9797, 38.8917 ], [ -105.9794, 38.8945 ], [ -105.9749, 38.8962 ], [ -105.9724, 38.8993 ], [ -105.9687, 38.9007 ], [ -105.9679, 38.9044 ], [ -105.9673, 38.905 ], [ -105.9657, 38.9054 ], [ -105.9658, 38.9059 ], [ -105.9678, 38.9067 ], [ -105.9682, 38.9078 ], [ -105.9695, 38.9086 ], [ -105.9719, 38.9089 ], [ -105.9731, 38.9098 ], [ -105.9751, 38.9101 ] ] ] } },
{ "type": "Feature", "properties": { "id": "El Paso" }, "geometry": { "type": "Polygon", "coordinates": [ [ [ -104.864, 39.1298 ], [ -104.6282, 39.1294 ], [ -104.6219, 39.1298 ], [ -104.5916, 39.1294 ], [ -104.4635, 39.1298 ], [ -104.4507, 39.1294 ], [ -104.3479, 39.1289 ], [ -104.1809, 39.1287 ], [ -104.1742, 39.1284 ], [ -104.125, 39.1289 ], [ -104.0886, 39.1283 ], [ -104.0516, 39.1284 ], [ -104.0535, 39.0438 ], [ -104.0531, 38.956 ], [ -104.0555, 38.8687 ], [ -104.0546, 38.7824 ], [ -104.0519, 38.6943 ], [ -104.053, 38.6943 ], [ -104.0541, 38.6387 ], [ -104.0544, 38.5953 ], [ -104.0539, 38.5224 ], [ -104.0835, 38.5224 ], [ -104.0902, 38.522 ], [ -104.1243, 38.5217 ], [ -104.1502, 38.5217 ], [ -104.1653, 38.5223 ], [ -104.2516, 38.5213 ], [ -104.5005, 38.5199 ], [ -104.6051, 38.5203 ], [ -104.6843, 38.5194 ], [ -104.7961, 38.5202 ], [ -104.8261, 38.5198 ], [ -104.9329, 38.5203 ], [ -104.9415, 38.5196 ], [ -104.9425, 38.625 ], [ -104.9422, 38.6962 ], [ -104.9397, 38.6961 ], [ -104.939, 38.7105 ], [ -104.9394, 38.75 ], [ -104.939, 38.7969 ], [ -104.9858, 38.7976 ], [ -105.011, 38.797 ], [ -105.0306, 38.7971 ], [ -105.0532, 38.7991 ], [ -105.0722, 38.7994 ], [ -105.0724, 38.8111 ], [ -105.0673, 38.8653 ], [ -105.0667, 38.8695 ], [ -105.0289, 38.8689 ], [ -105.0279, 38.9328 ], [ -105.0271, 38.9362 ], [ -105.0278, 38.9457 ], [ -105.0272, 38.9853 ], [ -105.0298, 38.9994 ], [ -105.0279, 39.0131 ], [ -105.0269, 39.0298 ], [ -105.0287, 39.0608 ], [ -105.0305, 39.0804 ], [ -105.0306, 39.0864 ], [ -105.0314, 39.0919 ], [ -105.0312, 39.0979 ], [ -105.0326, 39.1101 ], [ -105.0328, 39.1231 ], [ -105.0335, 39.1298 ], [ -104.864, 39.1298 ] ] ] } },
{ "type": "Feature", "properties": { "id": "Arapahoe" }, "geometry": { "type": "MultiPolygon", "coordinates": [ [ [ [ -104.8991, 39.6241 ], [ -104.8992, 39.6245 ], [ -104.8987, 39.6245 ], [ -104.8987, 39.6241 ], [ -104.8991, 39.6241 ] ] ], [ [ [ -104.9001, 39.6241 ], [ -104.9001, 39.6245 ], [ -104.8995, 39.6245 ], [ -104.8995, 39.6241 ], [ -104.9001, 39.6241 ] ] ], [ [ [ -104.9281, 39.7013 ], [ -104.9295, 39.7013 ], [ -104.9295, 39.702 ], [ -104.9292, 39.7018 ], [ -104.9281, 39.7013 ] ] ], [ [ [ -104.904, 39.6241 ], [ -104.904, 39.6261 ], [ -104.9038, 39.6267 ], [ -104.9028, 39.6241 ], [ -104.904, 39.6241 ] ] ], [ [ [ -104.8982, 39.6835 ], [ -104.8981, 39.6828 ], [ -104.9017, 39.6856 ], [ -104.8983, 39.6856 ], [ -104.8982, 39.6835 ] ] ], [ [ [ -104.9097, 39.6821 ], [ -104.9082, 39.6821 ], [ -104.9083, 39.6799 ], [ -104.911, 39.6799 ], [ -104.911, 39.6821 ], [ -104.9097, 39.6821 ] ] ], [ [ [ -104.9316, 39.6676 ], [ -104.9317, 39.6706 ], [ -104.9342, 39.6711 ], [ -104.9342, 39.6734 ], [ -104.9303, 39.673 ], [ -104.927, 39.669 ], [ -104.9295, 39.6694 ], [ -104.9294, 39.6685 ], [ -104.9305, 39.6685 ], [ -104.9304, 39.6675 ], [ -104.9316, 39.6676 ] ] ], [ [ [ -104.9218, 39.6625 ], [ -104.9222, 39.667 ], [ -104.9198, 39.6671 ], [ -104.9199, 39.668 ], [ -104.9226, 39.6676 ], [ -104.9226, 39.6681 ], [ -104.9245, 39.6686 ], [ -104.9251, 39.6694 ], [ -104.9264, 39.6694 ], [ -104.9302, 39.6748 ], [ -104.9257, 39.675 ], [ -104.9258, 39.6767 ], [ -104.9245, 39.6761 ], [ -104.9241, 39.6766 ], [ -104.9231, 39.6766 ], [ -104.9231, 39.6757 ], [ -104.9223, 39.6756 ], [ -104.9223, 39.6748 ], [ -104.9208, 39.6749 ], [ -104.9176, 39.6731 ], [ -104.9176, 39.6676 ], [ -104.9166, 39.6676 ], [ -104.9163, 39.6633 ], [ -104.9153, 39.6628 ], [ -104.9128, 39.6629 ], [ -104.9128, 39.6565 ], [ -104.9148, 39.6559 ], [ -104.9159, 39.6562 ], [ -104.9156, 39.6574 ], [ -104.9166, 39.6588 ], [ -104.9176, 39.6591 ], [ -104.9181, 39.6601 ], [ -104.9191, 39.6599 ], [ -104.919, 39.6603 ], [ -104.9212, 39.6605 ], [ -104.9218, 39.6625 ] ] ], [ [ [ -104.9364, 39.7112 ], [ -104.9316, 39.7111 ], [ -104.9315, 39.7091 ], [ -104.927, 39.7081 ], [ -104.9295, 39.7085 ], [ -104.9296, 39.7067 ], [ -104.9295, 39.7051 ], [ -104.9277, 39.7052 ], [ -104.9278, 39.7066 ], [ -104.927, 39.7066 ], [ -104.9269, 39.7036 ], [ -104.9314, 39.7038 ], [ -104.9316, 39.7022 ], [ -104.9329, 39.7022 ], [ -104.9328, 39.7043 ], [ -104.934, 39.7042 ], [ -104.9339, 39.7014 ], [ -104.9329, 39.7013 ], [ -104.9328, 39.7003 ], [ -104.9286, 39.7002 ], [ -104.9279, 39.6967 ], [ -104.934, 39.6966 ], [ -104.9339, 39.6984 ], [ -104.9364, 39.6984 ], [ -104.9362, 39.6948 ], [ -104.9395, 39.6947 ], [ -104.9396, 39.6956 ], [ -104.9405, 39.6957 ], [ -104.9406, 39.6948 ], [ -104.9406, 39.6966 ], [ -104.9386, 39.6966 ], [ -104.9386, 39.6973 ], [ -104.9387, 39.6982 ], [ -104.9407, 39.698 ], [ -104.9407, 39.7112 ], [ -104.9364, 39.7112 ] ], [ [ -104.9341, 39.7002 ], [ -104.9339, 39.6985 ], [ -104.9317, 39.6984 ], [ -104.9317, 39.7002 ], [ -104.9341, 39.7002 ] ] ], [ [ [ -104.7914, 39.5661 ], [ -105.0541, 39.5661 ], [ -105.0534, 39.6316 ], [ -105.0443, 39.6316 ], [ -105.044, 39.628 ], [ -105.0429, 39.6276 ], [ -105.0423, 39.6282 ], [ -105.0418, 39.6279 ], [ -105.0406, 39.6283 ], [ -105.038, 39.6268 ], [ -105.0368, 39.6281 ], [ -105.0298, 39.6278 ], [ -105.0254, 39.6286 ], [ -105.0254, 39.6314 ], [ -105.0297, 39.6324 ], [ -105.0301, 39.6335 ], [ -105.0348, 39.6336 ], [ -105.0347, 39.6386 ], [ -105.03, 39.6386 ], [ -105.0298, 39.643 ], [ -105.0313, 39.6431 ], [ -105.0312, 39.644 ], [ -105.0347, 39.644 ], [ -105.0344, 39.653 ], [ -105.034, 39.6535 ], [ -105.0321, 39.6533 ], [ -105.032, 39.6571 ], [ -105.023, 39.6568 ], [ -105.023, 39.6605 ], [ -105.0158, 39.6605 ], [ -105.0157, 39.6787 ], [ -105.0087, 39.6786 ], [ -105.0086, 39.6768 ], [ -105.0066, 39.6768 ], [ -105.0064, 39.6763 ], [ -105.0065, 39.6669 ], [ -105.0077, 39.6642 ], [ -105.0107, 39.6605 ], [ -105.0049, 39.6605 ], [ -105.0045, 39.6608 ], [ -105.0049, 39.6645 ], [ -105.0044, 39.6663 ], [ -104.9999, 39.6679 ], [ -104.9735, 39.6677 ], [ -104.9734, 39.6658 ], [ -104.9688, 39.6661 ], [ -104.9688, 39.6604 ], [ -104.9632, 39.6604 ], [ -104.9631, 39.6616 ], [ -104.9594, 39.6615 ], [ -104.9595, 39.6567 ], [ -104.9538, 39.6567 ], [ -104.9535, 39.656 ], [ -104.955, 39.6558 ], [ -104.9559, 39.653 ], [ -104.9317, 39.653 ], [ -104.9318, 39.646 ], [ -104.9226, 39.646 ], [ -104.9133, 39.6387 ], [ -104.9133, 39.6242 ], [ -104.9017, 39.6239 ], [ -104.8853, 39.6241 ], [ -104.8851, 39.6393 ], [ -104.8803, 39.6415 ], [ -104.8801, 39.6531 ], [ -104.8775, 39.6531 ], [ -104.8763, 39.6523 ], [ -104.8762, 39.6443 ], [ -104.8568, 39.6535 ], [ -104.8529, 39.6557 ], [ -104.8471, 39.6568 ], [ -104.8477, 39.6568 ], [ -104.8477, 39.6578 ], [ -104.8483, 39.6579 ], [ -104.8483, 39.6592 ], [ -104.8534, 39.66 ], [ -104.8554, 39.6608 ], [ -104.8564, 39.6603 ], [ -104.8663, 39.6603 ], [ -104.8661, 39.6708 ], [ -104.8709, 39.6748 ], [ -104.8755, 39.6748 ], [ -104.8753, 39.6728 ], [ -104.8782, 39.6728 ], [ -104.8758, 39.6698 ], [ -104.8762, 39.664 ], [ -104.8794, 39.6639 ], [ -104.8841, 39.6675 ], [ -104.8901, 39.6676 ], [ -104.8923, 39.6682 ], [ -104.888, 39.6658 ], [ -104.8902, 39.6644 ], [ -104.8939, 39.6676 ], [ -104.9035, 39.6676 ], [ -104.9036, 39.6767 ], [ -104.9052, 39.6781 ], [ -104.9068, 39.6787 ], [ -104.9068, 39.6798 ], [ -104.908, 39.6797 ], [ -104.908, 39.6804 ], [ -104.9039, 39.6803 ], [ -104.9039, 39.6839 ], [ -104.9051, 39.6839 ], [ -104.9044, 39.6842 ], [ -104.905, 39.6859 ], [ -104.9034, 39.6849 ], [ -104.9034, 39.6786 ], [ -104.8936, 39.6787 ], [ -104.8934, 39.6821 ], [ -104.8891, 39.682 ], [ -104.8889, 39.6856 ], [ -104.8936, 39.6857 ], [ -104.8935, 39.6927 ], [ -104.8983, 39.6926 ], [ -104.8985, 39.6913 ], [ -104.8967, 39.6893 ], [ -104.9035, 39.6894 ], [ -104.9035, 39.6926 ], [ -104.9, 39.6928 ], [ -104.9035, 39.6966 ], [ -104.9035, 39.6985 ], [ -104.8993, 39.697 ], [ -104.9003, 39.6963 ], [ -104.8988, 39.6951 ], [ -104.8968, 39.6966 ], [ -104.8942, 39.6966 ], [ -104.8944, 39.6957 ], [ -104.8934, 39.6957 ], [ -104.8933, 39.6966 ], [ -104.8776, 39.6965 ], [ -104.8777, 39.698 ], [ -104.8753, 39.698 ], [ -104.8753, 39.6965 ], [ -104.866, 39.6966 ], [ -104.866, 39.6991 ], [ -104.8674, 39.699 ], [ -104.8675, 39.7 ], [ -104.8683, 39.7 ], [ -104.8683, 39.6985 ], [ -104.8707, 39.6985 ], [ -104.8706, 39.7005 ], [ -104.8694, 39.7011 ], [ -104.8689, 39.703 ], [ -104.866, 39.7043 ], [ -104.866, 39.7111 ], [ -104.8707, 39.7102 ], [ -104.8708, 39.7182 ], [ -104.8743, 39.7182 ], [ -104.8753, 39.7188 ], [ -104.8753, 39.7256 ], [ -104.88, 39.7256 ], [ -104.8819, 39.725 ], [ -104.8866, 39.7292 ], [ -104.8847, 39.7308 ], [ -104.8846, 39.7402 ], [ -104.8842, 39.7402 ], [ -104.7364, 39.7403 ], [ -104.7313, 39.7408 ], [ -104.7256, 39.7403 ], [ -104.6783, 39.74 ], [ -104.6603, 39.7405 ], [ -104.6528, 39.7398 ], [ -104.6304, 39.7395 ], [ -104.6246, 39.7401 ], [ -104.5991, 39.7398 ], [ -104.5074, 39.7382 ], [ -104.4049, 39.738 ], [ -103.9776, 39.7403 ], [ -103.9743, 39.74 ], [ -103.9723, 39.7404 ], [ -103.9655, 39.7405 ], [ -103.9193, 39.7407 ], [ -103.8661, 39.7402 ], [ -103.7065, 39.7399 ], [ -103.7071, 39.5663 ], [ -103.8755, 39.5666 ], [ -104.4275, 39.5636 ], [ -104.4983, 39.5641 ], [ -104.6044, 39.5659 ], [ -104.7914, 39.5661 ] ] ] ] } },
{ "type": "Feature", "properties": { "id": "Huerfano" }, "geometry": { "type": "Polygon", "coordinates": [ [ [ -105.0137, 37.8813 ], [ -104.947, 37.8851 ], [ -104.6464, 37.9005 ], [ -104.3511, 37.8175 ], [ -104.3755, 37.7986 ], [ -104.4567, 37.7479 ], [ -104.4549, 37.7408 ], [ -104.5484, 37.6094 ], [ -104.5487, 37.5747 ], [ -104.6203, 37.5301 ], [ -104.6277, 37.5109 ], [ -104.6492, 37.4953 ], [ -104.6665, 37.4948 ], [ -104.681, 37.496 ], [ -104.6857, 37.496 ], [ -104.6897, 37.4944 ], [ -104.6906, 37.4936 ], [ -104.6908, 37.492 ], [ -104.6921, 37.4912 ], [ -104.691, 37.4901 ], [ -104.6909, 37.4892 ], [ -104.692, 37.4878 ], [ -104.6918, 37.4866 ], [ -104.6957, 37.4859 ], [ -104.6961, 37.4854 ], [ -104.6961, 37.4843 ], [ -104.695, 37.4823 ], [ -104.6934, 37.4818 ], [ -104.6918, 37.479 ], [ -104.694, 37.4758 ], [ -104.6959, 37.4754 ], [ -104.6962, 37.4735 ], [ -104.6972, 37.4718 ], [ -104.6999, 37.4698 ], [ -104.6989, 37.4679 ], [ -104.6997, 37.4659 ], [ -104.6989, 37.4648 ], [ -104.7, 37.4637 ], [ -104.6984, 37.459 ], [ -104.6985, 37.4577 ], [ -104.6995, 37.4573 ], [ -104.6995, 37.4545 ], [ -104.7005, 37.4535 ], [ -104.7003, 37.4508 ], [ -104.7007, 37.4502 ], [ -104.6993, 37.4496 ], [ -104.6983, 37.4481 ], [ -104.6983, 37.4454 ], [ -104.6973, 37.4448 ], [ -104.6959, 37.4428 ], [ -104.6958, 37.4414 ], [ -104.6951, 37.4399 ], [ -104.6959, 37.4398 ], [ -104.6969, 37.4389 ], [ -104.6978, 37.439 ], [ -104.6983, 37.4399 ], [ -104.6996, 37.4401 ], [ -104.6999, 37.4392 ], [ -104.7019, 37.4388 ], [ -104.7024, 37.4382 ], [ -104.7057, 37.4377 ], [ -104.7085, 37.4366 ], [ -104.7114, 37.4375 ], [ -104.7115, 37.4365 ], [ -104.7125, 37.4367 ], [ -104.7158, 37.4347 ], [ -104.7181, 37.4318 ], [ -104.7204, 37.4312 ], [ -104.7212, 37.4294 ], [ -104.7238, 37.4295 ], [ -104.7251, 37.43 ], [ -104.7259, 37.4269 ], [ -104.7279, 37.4265 ], [ -104.7306, 37.4272 ], [ -104.7322, 37.4267 ], [ -104.7334, 37.4254 ], [ -104.7368, 37.4249 ], [ -104.7371, 37.423 ], [ -104.7401, 37.4216 ], [ -104.7424, 37.4198 ], [ -104.7423, 37.4187 ], [ -104.7432, 37.4179 ], [ -104.7457, 37.4168 ], [ -104.7491, 37.414 ], [ -104.7496, 37.4133 ], [ -104.7491, 37.4104 ], [ -104.7494, 37.4097 ], [ -104.7484, 37.4074 ], [ -104.7489, 37.407 ], [ -104.7521, 37.4068 ], [ -104.7536, 37.4063 ], [ -104.7553, 37.407 ], [ -104.7574, 37.4071 ], [ -104.7584, 37.407 ], [ -104.7608, 37.4055 ], [ -104.7659, 37.4056 ], [ -104.769, 37.4048 ], [ -104.7699, 37.4049 ], [ -104.7719, 37.4065 ], [ -104.7728, 37.4065 ], [ -104.775, 37.4037 ], [ -104.7768, 37.4041 ], [ -104.7793, 37.4038 ], [ -104.7807, 37.403 ], [ -104.783, 37.4005 ], [ -104.7844, 37.4009 ], [ -104.7874, 37.4001 ], [ -104.7908, 37.4005 ], [ -104.7919, 37.4014 ], [ -104.7931, 37.4015 ], [ -104.7936, 37.4012 ], [ -104.7976, 37.4012 ], [ -104.8, 37.4 ], [ -104.8029, 37.4019 ], [ -104.8037, 37.4029 ], [ -104.8072, 37.4022 ], [ -104.8085, 37.3997 ], [ -104.811, 37.3986 ], [ -104.8125, 37.4003 ], [ -104.8155, 37.4004 ], [ -104.8169, 37.3995 ], [ -104.8173, 37.3975 ], [ -104.8181, 37.3971 ], [ -104.8197, 37.3972 ], [ -104.8221, 37.3982 ], [ -104.8232, 37.3981 ], [ -104.8243, 37.3976 ], [ -104.8253, 37.396 ], [ -104.8267, 37.3957 ], [ -104.8315, 37.3954 ], [ -104.8328, 37.3958 ], [ -104.8348, 37.3953 ], [ -104.8353, 37.3978 ], [ -104.8383, 37.3987 ], [ -104.8419, 37.398 ], [ -104.8444, 37.3965 ], [ -104.8472, 37.3957 ], [ -104.85, 37.3957 ], [ -104.8588, 37.3936 ], [ -104.8599, 37.3925 ], [ -104.8623, 37.392 ], [ -104.864, 37.3909 ], [ -104.865, 37.3908 ], [ -104.8674, 37.3916 ], [ -104.8716, 37.3912 ], [ -104.873, 37.3904 ], [ -104.8747, 37.3881 ], [ -104.8755, 37.3883 ], [ -104.8772, 37.3878 ], [ -104.8784, 37.3879 ], [ -104.8835, 37.3858 ], [ -104.8843, 37.3858 ], [ -104.8869, 37.3879 ], [ -104.8929, 37.3894 ], [ -104.8987, 37.3892 ], [ -104.901, 37.3894 ], [ -104.9029, 37.3902 ], [ -104.9061, 37.3901 ], [ -104.9079, 37.3923 ], [ -104.9092, 37.3933 ], [ -104.9111, 37.3939 ], [ -104.916, 37.3935 ], [ -104.9222, 37.3943 ], [ -104.9256, 37.3971 ], [ -104.9306, 37.3962 ], [ -104.9326, 37.3954 ], [ -104.9367, 37.3904 ], [ -104.938, 37.3894 ], [ -104.9406, 37.3893 ], [ -104.9474, 37.3914 ], [ -104.9483, 37.3907 ], [ -104.9526, 37.3897 ], [ -104.9547, 37.3888 ], [ -104.9624, 37.3819 ], [ -104.9712, 37.3762 ], [ -104.9758, 37.3767 ], [ -104.98, 37.3742 ], [ -104.9835, 37.3734 ], [ -104.9868, 37.3743 ], [ -104.9883, 37.3756 ], [ -104.9899, 37.376 ], [ -104.9955, 37.3756 ], [ -105.0018, 37.3681 ], [ -105.0023, 37.3669 ], [ -105.0037, 37.3658 ], [ -105.0048, 37.3632 ], [ -105.0073, 37.3623 ], [ -105.0117, 37.3588 ], [ -105.0133, 37.3583 ], [ -105.0161, 37.3584 ], [ -105.0177, 37.357 ], [ -105.0203, 37.3563 ], [ -105.0215, 37.3562 ], [ -105.0236, 37.3568 ], [ -105.0236, 37.3546 ], [ -105.0248, 37.35 ], [ -105.0233, 37.3426 ], [ -105.0235, 37.3416 ], [ -105.0247, 37.3403 ], [ -105.0277, 37.3394 ], [ -105.0303, 37.3395 ], [ -105.0367, 37.3416 ], [ -105.0379, 37.3403 ], [ -105.0397, 37.3395 ], [ -105.0406, 37.3381 ], [ -105.0459, 37.3354 ], [ -105.0469, 37.3334 ], [ -105.0506, 37.331 ], [ -105.0545, 37.3303 ], [ -105.0558, 37.3295 ], [ -105.068, 37.326 ], [ -105.0735, 37.3201 ], [ -105.074, 37.3176 ], [ -105.0746, 37.3168 ], [ -105.0788, 37.3164 ], [ -105.0842, 37.315 ], [ -105.0922, 37.3154 ], [ -105.0942, 37.3147 ], [ -105.0962, 37.3118 ], [ -105.0948, 37.3095 ], [ -105.0949, 37.3082 ], [ -105.0986, 37.3036 ], [ -105.1051, 37.3009 ], [ -105.1113, 37.2992 ], [ -105.1157, 37.2962 ], [ -105.1199, 37.296 ], [ -105.1256, 37.2963 ], [ -105.1281, 37.2968 ], [ -105.1302, 37.2979 ], [ -105.1317, 37.3012 ], [ -105.1344, 37.2992 ], [ -105.1378, 37.2982 ], [ -105.143, 37.2959 ], [ -105.146, 37.2958 ], [ -105.1481, 37.2964 ], [ -105.1505, 37.2938 ], [ -105.152, 37.293 ], [ -105.1579, 37.2929 ], [ -105.1602, 37.2911 ], [ -105.1646, 37.2891 ], [ -105.1655, 37.2912 ], [ -105.1653, 37.2952 ], [ -105.1634, 37.3004 ], [ -105.1648, 37.3044 ], [ -105.1649, 37.3085 ], [ -105.1669, 37.3138 ], [ -105.1654, 37.3168 ], [ -105.1669, 37.3227 ], [ -105.1661, 37.325 ], [ -105.1635, 37.3274 ], [ -105.1631, 37.3289 ], [ -105.1656, 37.3335 ], [ -105.1673, 37.3348 ], [ -105.1679, 37.337 ], [ -105.1657, 37.3415 ], [ -105.1641, 37.3428 ], [ -105.1641, 37.3452 ], [ -105.1659, 37.3473 ], [ -105.1663, 37.349 ], [ -105.166, 37.3525 ], [ -105.168, 37.3547 ], [ -105.167, 37.3581 ], [ -105.1687, 37.3602 ], [ -105.1689, 37.3615 ], [ -105.1665, 37.3656 ], [ -105.1657, 37.3694 ], [ -105.1668, 37.3723 ], [ -105.1684, 37.3737 ], [ -105.169, 37.375 ], [ -105.1653, 37.3812 ], [ -105.1672, 37.3858 ], [ -105.167, 37.3878 ], [ -105.1664, 37.3888 ], [ -105.1626, 37.3903 ], [ -105.1614, 37.3932 ], [ -105.1585, 37.3971 ], [ -105.1562, 37.3992 ], [ -105.1513, 37.4002 ], [ -105.145, 37.4002 ], [ -105.1425, 37.4009 ], [ -105.1386, 37.4007 ], [ -105.1327, 37.4036 ], [ -105.1297, 37.4093 ], [ -105.1306, 37.4117 ], [ -105.1327, 37.4115 ], [ -105.136, 37.4125 ], [ -105.1371, 37.4131 ], [ -105.1394, 37.4156 ], [ -105.1405, 37.4181 ], [ -105.1407, 37.4218 ], [ -105.1415, 37.4237 ], [ -105.141, 37.4286 ], [ -105.1422, 37.4292 ], [ -105.1451, 37.429 ], [ -105.144, 37.4317 ], [ -105.1445, 37.4335 ], [ -105.1465, 37.436 ], [ -105.1459, 37.4386 ], [ -105.1468, 37.4411 ], [ -105.1496, 37.4432 ], [ -105.1522, 37.4516 ], [ -105.1544, 37.4536 ], [ -105.1557, 37.4565 ], [ -105.1567, 37.4573 ], [ -105.1586, 37.4573 ], [ -105.1625, 37.4548 ], [ -105.1639, 37.4545 ], [ -105.1688, 37.4562 ], [ -105.1714, 37.4554 ], [ -105.1755, 37.4565 ], [ -105.1735, 37.4611 ], [ -105.1752, 37.466 ], [ -105.1767, 37.4726 ], [ -105.1767, 37.4756 ], [ -105.1805, 37.4787 ], [ -105.1822, 37.4792 ], [ -105.1801, 37.4816 ], [ -105.1764, 37.4834 ], [ -105.1748, 37.4853 ], [ -105.1745, 37.487 ], [ -105.1757, 37.4895 ], [ -105.1777, 37.4914 ], [ -105.1726, 37.4988 ], [ -105.1733, 37.5014 ], [ -105.1743, 37.5025 ], [ -105.1734, 37.5058 ], [ -105.1741, 37.5093 ], [ -105.1713, 37.5132 ], [ -105.1716, 37.5146 ], [ -105.1725, 37.5156 ], [ -105.1716, 37.5181 ], [ -105.1721, 37.519 ], [ -105.1743, 37.5199 ], [ -105.1736, 37.523 ], [ -105.1747, 37.5252 ], [ -105.1756, 37.5255 ], [ -105.1767, 37.5269 ], [ -105.1775, 37.5297 ], [ -105.1771, 37.5305 ], [ -105.1777, 37.5341 ], [ -105.183, 37.5382 ], [ -105.1837, 37.5396 ], [ -105.1838, 37.5409 ], [ -105.1821, 37.5426 ], [ -105.183, 37.5447 ], [ -105.1827, 37.5468 ], [ -105.1784, 37.5463 ], [ -105.1803, 37.5499 ], [ -105.1826, 37.5521 ], [ -105.1839, 37.5526 ], [ -105.1834, 37.5538 ], [ -105.184, 37.5558 ], [ -105.1889, 37.5595 ], [ -105.1931, 37.5639 ], [ -105.1948, 37.5647 ], [ -105.1933, 37.5664 ], [ -105.1952, 37.5681 ], [ -105.196, 37.5699 ], [ -105.2016, 37.574 ], [ -105.2053, 37.5743 ], [ -105.2117, 37.5777 ], [ -105.2139, 37.5779 ], [ -105.2143, 37.5797 ], [ -105.2183, 37.5824 ], [ -105.2184, 37.5835 ], [ -105.2172, 37.5849 ], [ -105.2119, 37.5861 ], [ -105.207, 37.5895 ], [ -105.2057, 37.5908 ], [ -105.2038, 37.5944 ], [ -105.2023, 37.5948 ], [ -105.1988, 37.5941 ], [ -105.1967, 37.5928 ], [ -105.1932, 37.5922 ], [ -105.1934, 37.5981 ], [ -105.1942, 37.5996 ], [ -105.1941, 37.601 ], [ -105.1953, 37.601 ], [ -105.1963, 37.6027 ], [ -105.1948, 37.6074 ], [ -105.1956, 37.6089 ], [ -105.1929, 37.6105 ], [ -105.1926, 37.6119 ], [ -105.1897, 37.6144 ], [ -105.1866, 37.6157 ], [ -105.1844, 37.616 ], [ -105.1875, 37.6197 ], [ -105.191, 37.6193 ], [ -105.1945, 37.6197 ], [ -105.2015, 37.6192 ], [ -105.2112, 37.623 ], [ -105.2145, 37.6264 ], [ -105.2159, 37.6264 ], [ -105.2195, 37.6242 ], [ -105.22, 37.6219 ], [ -105.2212, 37.6212 ], [ -105.2261, 37.6204 ], [ -105.236, 37.6208 ], [ -105.2366, 37.6217 ], [ -105.2416, 37.6237 ], [ -105.2434, 37.6292 ], [ -105.2458, 37.63 ], [ -105.2488, 37.6296 ], [ -105.2506, 37.6298 ], [ -105.2522, 37.6303 ], [ -105.2533, 37.6312 ], [ -105.2545, 37.6333 ], [ -105.2537, 37.6371 ], [ -105.2553, 37.6403 ], [ -105.2579, 37.6406 ], [ -105.2601, 37.6392 ], [ -105.2635, 37.6391 ], [ -105.2659, 37.6382 ], [ -105.2669, 37.6384 ], [ -105.2674, 37.6402 ], [ -105.2708, 37.6411 ], [ -105.2727, 37.6408 ], [ -105.276, 37.6452 ], [ -105.2787, 37.6464 ], [ -105.28, 37.6464 ], [ -105.2821, 37.6453 ], [ -105.2833, 37.6453 ], [ -105.2849, 37.6459 ], [ -105.287, 37.651 ], [ -105.2876, 37.6512 ], [ -105.2885, 37.6505 ], [ -105.2897, 37.6504 ], [ -105.2908, 37.6515 ], [ -105.2952, 37.6535 ], [ -105.2956, 37.6544 ], [ -105.2954, 37.6568 ], [ -105.2962, 37.6579 ], [ -105.2972, 37.6583 ], [ -105.3018, 37.6536 ], [ -105.3032, 37.6531 ], [ -105.3085, 37.6538 ], [ -105.3094, 37.6527 ], [ -105.3098, 37.6505 ], [ -105.3108, 37.6506 ], [ -105.3134, 37.6497 ], [ -105.3153, 37.6483 ], [ -105.3183, 37.6488 ], [ -105.3223, 37.6462 ], [ -105.3275, 37.6443 ], [ -105.3295, 37.643 ], [ -105.3349, 37.6433 ], [ -105.3372, 37.6426 ], [ -105.3454, 37.642 ], [ -105.347, 37.6412 ], [ -105.3486, 37.6378 ], [ -105.352, 37.6382 ], [ -105.3545, 37.6372 ], [ -105.3548, 37.6361 ], [ -105.3568, 37.6367 ], [ -105.3605, 37.6364 ], [ -105.364, 37.6385 ], [ -105.3672, 37.6383 ], [ -105.3703, 37.6394 ], [ -105.3708, 37.6382 ], [ -105.3738, 37.6358 ], [ -105.3769, 37.6345 ], [ -105.3784, 37.6317 ], [ -105.3805, 37.6293 ], [ -105.3808, 37.628 ], [ -105.3846, 37.6276 ], [ -105.3866, 37.6264 ], [ -105.3898, 37.6218 ], [ -105.3897, 37.6212 ], [ -105.3914, 37.6184 ], [ -105.3934, 37.6171 ], [ -105.3944, 37.6175 ], [ -105.3961, 37.6168 ], [ -105.3999, 37.6142 ], [ -105.4003, 37.6134 ], [ -105.4033, 37.6157 ], [ -105.4084, 37.618 ], [ -105.4149, 37.6159 ], [ -105.417, 37.6174 ], [ -105.4209, 37.6167 ], [ -105.4235, 37.6168 ], [ -105.4285, 37.6139 ], [ -105.4316, 37.6134 ], [ -105.4376, 37.6135 ], [ -105.4399, 37.6122 ], [ -105.4423, 37.6119 ], [ -105.445, 37.6079 ], [ -105.4459, 37.6043 ], [ -105.4482, 37.6024 ], [ -105.4478, 37.6003 ], [ -105.4513, 37.5985 ], [ -105.4525, 37.5962 ], [ -105.4552, 37.5939 ], [ -105.4545, 37.5932 ], [ -105.4551, 37.5927 ], [ -105.4545, 37.592 ], [ -105.4549, 37.5911 ], [ -105.4545, 37.5905 ], [ -105.4603, 37.5867 ], [ -105.4613, 37.5868 ], [ -105.4633, 37.586 ], [ -105.4645, 37.5846 ], [ -105.4673, 37.5844 ], [ -105.4699, 37.5819 ], [ -105.4714, 37.5813 ], [ -105.4769, 37.5804 ], [ -105.481, 37.5787 ], [ -105.4855, 37.5779 ], [ -105.4859, 37.5793 ], [ -105.4868, 37.58 ], [ -105.4906, 37.5826 ], [ -105.4922, 37.5827 ], [ -105.4947, 37.5855 ], [ -105.4941, 37.5891 ], [ -105.4946, 37.5924 ], [ -105.4956, 37.5924 ], [ -105.5015, 37.5968 ], [ -105.5013, 37.5986 ], [ -105.4933, 37.6009 ], [ -105.4935, 37.6044 ], [ -105.493, 37.6053 ], [ -105.4948, 37.6085 ], [ -105.4959, 37.6118 ], [ -105.4955, 37.6122 ], [ -105.4979, 37.6131 ], [ -105.4986, 37.6145 ], [ -105.4964, 37.6192 ], [ -105.4926, 37.6231 ], [ -105.4915, 37.625 ], [ -105.4922, 37.6264 ], [ -105.4925, 37.6296 ], [ -105.4918, 37.6319 ], [ -105.4918, 37.6338 ], [ -105.4924, 37.6348 ], [ -105.4904, 37.6387 ], [ -105.4902, 37.6404 ], [ -105.4878, 37.6445 ], [ -105.4869, 37.6497 ], [ -105.487, 37.6535 ], [ -105.4815, 37.6585 ], [ -105.4811, 37.6617 ], [ -105.4772, 37.6662 ], [ -105.4773, 37.6672 ], [ -105.4786, 37.6685 ], [ -105.4788, 37.6721 ], [ -105.4769, 37.6758 ], [ -105.4767, 37.6799 ], [ -105.4775, 37.6817 ], [ -105.4777, 37.6846 ], [ -105.4788, 37.6861 ], [ -105.4809, 37.6872 ], [ -105.4809, 37.6919 ], [ -105.4814, 37.6938 ], [ -105.4802, 37.6966 ], [ -105.4805, 37.6981 ], [ -105.4783, 37.7024 ], [ -105.4775, 37.7075 ], [ -105.4741, 37.7077 ], [ -105.4721, 37.7095 ], [ -105.4711, 37.7112 ], [ -105.4686, 37.7111 ], [ -105.4666, 37.7118 ], [ -105.4639, 37.7138 ], [ -105.4624, 37.717 ], [ -105.4596, 37.7179 ], [ -105.459, 37.7188 ], [ -105.4573, 37.7191 ], [ -105.4542, 37.724 ], [ -105.4544, 37.7261 ], [ -105.4532, 37.7309 ], [ -105.4536, 37.732 ], [ -105.4551, 37.7336 ], [ -105.4553, 37.7351 ], [ -105.455, 37.7366 ], [ -105.4528, 37.7404 ], [ -105.4527, 37.7413 ], [ -105.4537, 37.7424 ], [ -105.4543, 37.7445 ], [ -105.4572, 37.7467 ], [ -105.4571, 37.7499 ], [ -105.4565, 37.7509 ], [ -105.4591, 37.7522 ], [ -105.4598, 37.7533 ], [ -105.4558, 37.7565 ], [ -105.4563, 37.7581 ], [ -105.4579, 37.7587 ], [ -105.4577, 37.7601 ], [ -105.4559, 37.7624 ], [ -105.4537, 37.7673 ], [ -105.4524, 37.7679 ], [ -105.4502, 37.7706 ], [ -105.4508, 37.7716 ], [ -105.4509, 37.7752 ], [ -105.4493, 37.7793 ], [ -105.4498, 37.7808 ], [ -105.4517, 37.7826 ], [ -105.4517, 37.7869 ], [ -105.4525, 37.7883 ], [ -105.4552, 37.7908 ], [ -105.4549, 37.7957 ], [ -105.4537, 37.7969 ], [ -105.4507, 37.7977 ], [ -105.4453, 37.801 ], [ -105.4422, 37.8024 ], [ -105.4369, 37.8036 ], [ -105.4352, 37.8048 ], [ -105.4359, 37.8118 ], [ -105.4347, 37.8137 ], [ -105.4355, 37.8146 ], [ -105.4367, 37.8192 ], [ -105.4346, 37.8219 ], [ -105.4341, 37.8245 ], [ -105.4356, 37.8285 ], [ -105.4324, 37.8332 ], [ -105.4326, 37.8351 ], [ -105.4307, 37.8378 ], [ -105.4307, 37.8395 ], [ -105.4287, 37.8437 ], [ -105.4286, 37.8448 ], [ -105.4309, 37.8474 ], [ -105.4289, 37.8517 ], [ -105.4292, 37.8524 ], [ -105.4319, 37.8548 ], [ -105.4335, 37.8575 ], [ -105.4368, 37.8582 ], [ -105.4372, 37.8602 ], [ -105.4389, 37.8613 ], [ -105.4395, 37.8632 ], [ -105.4392, 37.8662 ], [ -105.4406, 37.8684 ], [ -105.4407, 37.8696 ], [ -105.4423, 37.8707 ], [ -105.4433, 37.8707 ], [ -105.4505, 37.8781 ], [ -105.4541, 37.8785 ], [ -105.4566, 37.8799 ], [ -105.4601, 37.8804 ], [ -105.4645, 37.879 ], [ -105.4653, 37.8795 ], [ -105.4692, 37.8788 ], [ -105.4719, 37.8797 ], [ -105.4785, 37.8799 ], [ -105.4776, 37.8804 ], [ -105.4762, 37.8833 ], [ -105.4771, 37.888 ], [ -105.476, 37.8912 ], [ -105.4737, 37.8945 ], [ -105.4732, 37.896 ], [ -105.4711, 37.8953 ], [ -105.467, 37.8955 ], [ -105.4592, 37.8972 ], [ -105.4524, 37.8957 ], [ -105.4403, 37.8975 ], [ -105.4373, 37.896 ], [ -105.432, 37.8952 ], [ -105.4317, 37.8944 ], [ -105.4299, 37.8938 ], [ -105.4278, 37.8913 ], [ -105.4269, 37.8916 ], [ -105.4242, 37.8902 ], [ -105.4216, 37.8907 ], [ -105.4187, 37.8897 ], [ -105.4155, 37.8908 ], [ -105.4136, 37.8905 ], [ -105.4087, 37.8944 ], [ -105.4034, 37.8958 ], [ -105.4007, 37.8981 ], [ -105.3948, 37.9014 ], [ -105.3941, 37.9029 ], [ -105.3903, 37.9052 ], [ -105.3896, 37.9065 ], [ -105.3879, 37.9081 ], [ -105.385, 37.9102 ], [ -105.3838, 37.9105 ], [ -105.3816, 37.9127 ], [ -105.3784, 37.9138 ], [ -105.3771, 37.9161 ], [ -105.3678, 37.9198 ], [ -105.3638, 37.9221 ], [ -105.3561, 37.9229 ], [ -105.3508, 37.9249 ], [ -105.3472, 37.9248 ], [ -105.3421, 37.9284 ], [ -105.3398, 37.9295 ], [ -105.3367, 37.9327 ], [ -105.3317, 37.9358 ], [ -105.3245, 37.9384 ], [ -105.3188, 37.9388 ], [ -105.3145, 37.9384 ], [ -105.3138, 37.9369 ], [ -105.3111, 37.9359 ], [ -105.3103, 37.9335 ], [ -105.3066, 37.9323 ], [ -105.3063, 37.931 ], [ -105.3044, 37.9284 ], [ -105.3036, 37.9262 ], [ -105.3005, 37.9231 ], [ -105.3004, 37.9216 ], [ -105.3017, 37.9181 ], [ -105.3007, 37.9159 ], [ -105.3011, 37.9146 ], [ -105.3003, 37.9125 ], [ -105.298, 37.9113 ], [ -105.2974, 37.9093 ], [ -105.2967, 37.9088 ], [ -105.2948, 37.9082 ], [ -105.2924, 37.9086 ], [ -105.2908, 37.9054 ], [ -105.291, 37.9039 ], [ -105.2894, 37.9029 ], [ -105.2867, 37.9002 ], [ -105.2851, 37.8994 ], [ -105.2832, 37.9 ], [ -105.2805, 37.9012 ], [ -105.2779, 37.9044 ], [ -105.277, 37.9041 ], [ -105.2762, 37.9059 ], [ -105.2738, 37.9077 ], [ -105.2734, 37.9107 ], [ -105.2721, 37.9116 ], [ -105.2714, 37.9128 ], [ -105.2699, 37.9137 ], [ -105.2689, 37.9163 ], [ -105.2679, 37.9174 ], [ -105.2681, 37.9183 ], [ -105.2648, 37.9214 ], [ -105.2643, 37.9229 ], [ -105.2635, 37.9232 ], [ -105.2618, 37.9256 ], [ -105.2638, 37.9288 ], [ -105.2639, 37.9321 ], [ -105.2632, 37.9325 ], [ -105.2615, 37.9372 ], [ -105.2575, 37.9381 ], [ -105.2568, 37.9426 ], [ -105.2554, 37.9429 ], [ -105.25, 37.9504 ], [ -105.2497, 37.9515 ], [ -105.2486, 37.9521 ], [ -105.2467, 37.9521 ], [ -105.2447, 37.9537 ], [ -105.2418, 37.9538 ], [ -105.2381, 37.9569 ], [ -105.2376, 37.9576 ], [ -105.2387, 37.9594 ], [ -105.2399, 37.9604 ], [ -105.2386, 37.9628 ], [ -105.2358, 37.9628 ], [ -105.2344, 37.964 ], [ -105.2331, 37.9637 ], [ -105.2317, 37.9649 ], [ -105.2294, 37.9652 ], [ -105.2286, 37.9647 ], [ -105.2269, 37.9646 ], [ -105.2263, 37.9639 ], [ -105.2246, 37.965 ], [ -105.2247, 37.9667 ], [ -105.2231, 37.9688 ], [ -105.2181, 37.9699 ], [ -105.2166, 37.9694 ], [ -105.2154, 37.9705 ], [ -105.2164, 37.9725 ], [ -105.2165, 37.9754 ], [ -105.2146, 37.9769 ], [ -105.2131, 37.9773 ], [ -105.2142, 37.9803 ], [ -105.214, 37.9808 ], [ -105.2092, 37.9822 ], [ -105.2077, 37.9817 ], [ -105.2067, 37.9823 ], [ -105.2059, 37.9833 ], [ -105.2061, 37.9897 ], [ -105.2019, 37.9904 ], [ -105.1988, 37.9902 ], [ -105.1971, 37.9924 ], [ -105.2, 38.0008 ], [ -105.1989, 38.0038 ], [ -105.1976, 38.0044 ], [ -105.1946, 38.0076 ], [ -105.1877, 38.0106 ], [ -105.1854, 38.0127 ], [ -105.1853, 38.0134 ], [ -105.1818, 38.0147 ], [ -105.181, 38.0156 ], [ -105.1789, 38.0165 ], [ -105.1767, 38.0164 ], [ -105.1733, 38.0171 ], [ -105.1717, 38.018 ], [ -105.1687, 38.0189 ], [ -105.1669, 38.0181 ], [ -105.1658, 38.0168 ], [ -105.1611, 38.0159 ], [ -105.1598, 38.0142 ], [ -105.1584, 38.0131 ], [ -105.1573, 38.013 ], [ -105.148, 38.0062 ], [ -105.1479, 38.0054 ], [ -105.1504, 38.0045 ], [ -105.1519, 38.0033 ], [ -105.1532, 38.0008 ], [ -105.1523, 37.9944 ], [ -105.1525, 37.9921 ], [ -105.1507, 37.9908 ], [ -105.148, 37.9868 ], [ -105.1465, 37.9866 ], [ -105.1439, 37.9878 ], [ -105.142, 37.9868 ], [ -105.1412, 37.9869 ], [ -105.1394, 37.9848 ], [ -105.1416, 37.982 ], [ -105.1421, 37.9798 ], [ -105.1405, 37.9798 ], [ -105.1324, 37.9746 ], [ -105.1313, 37.9735 ], [ -105.1313, 37.9712 ], [ -105.1332, 37.9704 ], [ -105.1359, 37.9664 ], [ -105.1356, 37.9653 ], [ -105.1334, 37.963 ], [ -105.1279, 37.9626 ], [ -105.1276, 37.9612 ], [ -105.1264, 37.9608 ], [ -105.1262, 37.9578 ], [ -105.1271, 37.9565 ], [ -105.1269, 37.9551 ], [ -105.1256, 37.9546 ], [ -105.125, 37.9532 ], [ -105.1261, 37.952 ], [ -105.126, 37.9512 ], [ -105.1226, 37.9492 ], [ -105.1207, 37.9496 ], [ -105.1172, 37.9491 ], [ -105.113, 37.9454 ], [ -105.1085, 37.9434 ], [ -105.1031, 37.9449 ], [ -105.0991, 37.9449 ], [ -105.0938, 37.9473 ], [ -105.0903, 37.9476 ], [ -105.088, 37.9486 ], [ -105.0855, 37.9511 ], [ -105.0841, 37.9556 ], [ -105.0818, 37.9543 ], [ -105.0778, 37.953 ], [ -105.0742, 37.9485 ], [ -105.0722, 37.9478 ], [ -105.0705, 37.9458 ], [ -105.0661, 37.9442 ], [ -105.0655, 37.9418 ], [ -105.0664, 37.9385 ], [ -105.066, 37.9374 ], [ -105.0643, 37.9366 ], [ -105.0636, 37.935 ], [ -105.0637, 37.9293 ], [ -105.0661, 37.9262 ], [ -105.0663, 37.925 ], [ -105.065, 37.9232 ], [ -105.0651, 37.9215 ], [ -105.0658, 37.9208 ], [ -105.0642, 37.9179 ], [ -105.0615, 37.9161 ], [ -105.0572, 37.9159 ], [ -105.0543, 37.9175 ], [ -105.0494, 37.9152 ], [ -105.0446, 37.9117 ], [ -105.0446, 37.9103 ], [ -105.0439, 37.9095 ], [ -105.0398, 37.9081 ], [ -105.0387, 37.9044 ], [ -105.036, 37.9041 ], [ -105.033, 37.9053 ], [ -105.0316, 37.9041 ], [ -105.0348, 37.8946 ], [ -105.0336, 37.8936 ], [ -105.0217, 37.8875 ], [ -105.0158, 37.8855 ], [ -105.0138, 37.8835 ], [ -105.0137, 37.8813 ] ] ] } }
]
}
