{
"type": "FeatureCollection",
"name": "huc6_fine",
"crs": { "type": "name", "properties": { "name": "urn:ogc:def:crs:OGC:1.3:CRS84" } },
"xy_coordinate_resolution": 0.0001,
"features": [
{ "type": "Feature", "properties": { "id": "140600" }, "geometry": { "type": "Polygon", "coordinates": [ [ [ -108.9849, 40.5279 ], [ -108.9835, 40.5264 ], [ -108.9808, 40.5259 ], [ -108.9791, 40.5258 ], [ -108.9787, 40.5265 ], [ -108.9776, 40.5267 ], [ -108.975, 40.5267 ], [ -108.9741, 40.5263 ], [ -108.9769, 40.5217 ], [ -108.9769, 40.5184 ], [ -108.9786, 40.5174 ], [ -108.9789, 40.5146 ], [ -108.9803, 40.5133 ], [ -108.9801, 40.5121 ], [ -108.9775, 40.5106 ], [ -108.9769, 40.5089 ], [ -108.9784, 40.5066 ], [ -108.9783, 40.5053 ], [ -108.9842, 40.5007 ], [ -108.9841, 40.4997 ], [ -108.9858, 40.4986 ], [ -108.9912, 40.4966 ], [ -108.9921, 40.4945 ], [ -108.9942, 40.4918 ], [ -108.9962, 40.4904 ], [ -108.9972, 40.4904 ], [ -109.0001, 40.4918 ], [ -109.0063, 40.4915 ], [ -109.0095, 40.4921 ], [ -109.0099, 40.4899 ], [ -109.0108, 40.4891 ], [ -109.0107, 40.4876 ], [ -109.0157, 40.4872 ], [ -109.0235, 40.4834 ], [ -109.0353, 40.4724 ], [ -109.0361, 40.4712 ], [ -109.0355, 40.4694 ], [ -109.0386, 40.4661 ], [ -109.0408, 40.4564 ], [ -109.0396, 40.4522 ], [ -109.0412, 40.4494 ], [ -109.0411, 40.4484 ], [ -109.0397, 40.4469 ], [ -109.0364, 40.4451 ], [ -109.033, 40.4442 ], [ -109.0317, 40.4426 ], [ -109.0286, 40.4409 ], [ -109.0285, 40.4383 ], [ -109.0265, 40.4373 ], [ -109.0256, 40.4351 ], [ -109.0238, 40.4332 ], [ -109.0221, 40.4321 ], [ -109.0186, 40.4311 ], [ -109.0186, 40.4304 ], [ -109.0198, 40.4292 ], [ -109.0232, 40.4277 ], [ -109.0232, 40.4271 ], [ -109.0219, 40.4259 ], [ -109.0223, 40.4251 ], [ -109.0243, 40.4229 ], [ -109.0269, 40.4214 ], [ -109.0291, 40.4192 ], [ -109.03, 40.4175 ], [ -109.0305, 40.4146 ], [ -109.0283, 40.4128 ], [ -109.0284, 40.4088 ], [ -109.0276, 40.4062 ], [ -109.027, 40.4051 ], [ -109.0247, 40.4038 ], [ -109.0244, 40.4031 ], [ -109.0253, 40.4028 ], [ -109.0272, 40.4033 ], [ -109.0288, 40.402 ], [ -109.0288, 40.4003 ], [ -109.0303, 40.3989 ], [ -109.0313, 40.394 ], [ -109.0283, 40.3928 ], [ -109.0274, 40.3917 ], [ -109.0257, 40.3847 ], [ -109.0247, 40.3837 ], [ -109.0198, 40.3813 ], [ -109.0207, 40.375 ], [ -109.0229, 40.3733 ], [ -109.0212, 40.3711 ], [ -109.0173, 40.369 ], [ -109.0152, 40.3689 ], [ -109.0089, 40.3673 ], [ -109.007, 40.3674 ], [ -109.0055, 40.366 ], [ -109.0008, 40.3635 ], [ -108.9958, 40.3642 ], [ -108.9924, 40.3633 ], [ -108.9867, 40.3633 ], [ -108.9796, 40.3619 ], [ -108.975, 40.3591 ], [ -108.9741, 40.3574 ], [ -108.971, 40.3572 ], [ -108.9687, 40.3549 ], [ -108.9621, 40.3535 ], [ -108.9532, 40.3524 ], [ -108.9487, 40.3508 ], [ -108.9476, 40.3498 ], [ -108.9472, 40.3485 ], [ -108.9447, 40.3452 ], [ -108.9421, 40.3435 ], [ -108.942, 40.3422 ], [ -108.9435, 40.3382 ], [ -108.9447, 40.3323 ], [ -108.9482, 40.3294 ], [ -108.9483, 40.3283 ], [ -108.9473, 40.3282 ], [ -108.9448, 40.3254 ], [ -108.9409, 40.3241 ], [ -108.9373, 40.3196 ], [ -108.9346, 40.3173 ], [ -108.9315, 40.3163 ], [ -108.9271, 40.3166 ], [ -108.9261, 40.3173 ], [ -108.9253, 40.3173 ], [ -108.9178, 40.3135 ], [ -108.9093, 40.3121 ], [ -108.9048, 40.3072 ], [ -108.9057, 40.3061 ], [ -108.9105, 40.3045 ], [ -108.9148, 40.3014 ], [ -108.9171, 40.3016 ], [ -108.9184, 40.3005 ], [ -108.9234, 40.299 ], [ -108.9269, 40.2991 ], [ -108.9289, 40.2997 ], [ -108.9334, 40.2996 ], [ -108.9365, 40.3003 ], [ -108.9391, 40.2996 ], [ -108.9425, 40.2997 ], [ -108.9432, 40.3001 ], [ -108.9436, 40.3016 ], [ -108.9444, 40.3021 ], [ -108.9491, 40.3014 ], [ -108.95, 40.3007 ], [ -108.9515, 40.3006 ], [ -108.9538, 40.2969 ], [ -108.9557, 40.2955 ], [ -108.9616, 40.2939 ], [ -108.9654, 40.2939 ], [ -108.9682, 40.292 ], [ -108.9708, 40.2916 ], [ -108.973, 40.2898 ], [ -108.977, 40.2895 ], [ -108.9807, 40.2876 ], [ -108.9826, 40.2848 ], [ -108.9862, 40.2815 ], [ -108.9885, 40.2753 ], [ -108.9881, 40.2734 ], [ -108.9886, 40.2713 ], [ -108.9973, 40.2615 ], [ -108.9979, 40.2588 ], [ -109.0004, 40.2536 ], [ -109.0026, 40.254 ], [ -109.0044, 40.2536 ], [ -109.0059, 40.2538 ], [ -109.0069, 40.2525 ], [ -109.0088, 40.2517 ], [ -109.0088, 40.2498 ], [ -109.0097, 40.2477 ], [ -109.0087, 40.2471 ], [ -109.009, 40.2461 ], [ -109.0115, 40.2447 ], [ -109.0132, 40.2445 ], [ -109.0137, 40.244 ], [ -109.0145, 40.2441 ], [ -109.0163, 40.2432 ], [ -109.0179, 40.2415 ], [ -109.0201, 40.2411 ], [ -109.0214, 40.2413 ], [ -109.0227, 40.2383 ], [ -109.0236, 40.2376 ], [ -109.0254, 40.2372 ], [ -109.0272, 40.2381 ], [ -109.0282, 40.2379 ], [ -109.0295, 40.2367 ], [ -109.0327, 40.2375 ], [ -109.0347, 40.237 ], [ -109.0346, 40.2357 ], [ -109.039, 40.233 ], [ -109.0444, 40.2327 ], [ -109.0463, 40.2335 ], [ -109.049, 40.2332 ], [ -109.0494, 40.2304 ], [ -109.0487, 40.2267 ], [ -109.0497, 40.2263 ], [ -109.0503, 40.2224 ], [ -109.0495, 40.2208 ], [ -109.0481, 40.2195 ], [ -109.0479, 40.2185 ], [ -109.0508, 40.2171 ], [ -109.0509, 40.4444 ], [ -109.0503, 40.4951 ], [ -109.0507, 40.5 ], [ -109.0484, 40.5976 ], [ -109.0482, 40.6441 ], [ -109.0443, 40.644 ], [ -109.0423, 40.6451 ], [ -109.0394, 40.6456 ], [ -109.0383, 40.6438 ], [ -109.0359, 40.6426 ], [ -109.0326, 40.6396 ], [ -109.0294, 40.6339 ], [ -109.0253, 40.6303 ], [ -109.0261, 40.6225 ], [ -109.0253, 40.6186 ], [ -109.0209, 40.6169 ], [ -109.0167, 40.6124 ], [ -109.0128, 40.6105 ], [ -109.0143, 40.6077 ], [ -109.0141, 40.6053 ], [ -109.0149, 40.6021 ], [ -109.0185, 40.5979 ], [ -109.0196, 40.5954 ], [ -109.0195, 40.5927 ], [ -109.0169, 40.5877 ], [ -109.0126, 40.5842 ], [ -109.0103, 40.5837 ], [ -109.0083, 40.5819 ], [ -109.002, 40.5789 ], [ -108.9989, 40.5764 ], [ -108.9965, 40.5756 ], [ -108.9967, 40.5739 ], [ -108.9957, 40.5693 ], [ -108.9964, 40.5673 ], [ -108.9939, 40.5625 ], [ -108.9959, 40.5565 ], [ -108.9947, 40.5553 ], [ -108.9925, 40.5482 ], [ -108.9902, 40.5472 ], [ -108.9885, 40.545 ], [ -108.9881, 40.5433 ], [ -108.9892, 40.5412 ], [ -108.9872, 40.5389 ], [ -108.9862, 40.5331 ], [ -108.9863, 40.5281 ], [ -108.9854, 40.5277 ], [ -108.9849, 40.5279 ] ] ] } },
{ "type": "Feature", "properties": { "id": "140801" }, "geometry": { "type": "Polygon", "coordinates": [ [ [ -107.5162, 37.8344 ], [ -107.5168, 37.8332 ], [ -107.5162, 37.8319 ], [ -107.5167, 37.8299 ], [ -107.5173, 37.8292 ], [ -107.5168, 37.8265 ], [ -107.5231, 37.8228 ], [ -107.5214, 37.8209 ], [ -107.5209, 37.8188 ], [ -107.5185, 37.8175 ], [ -107.5188, 37.8164 ], [ -107.5183, 37.8157 ], [ -107.5207, 37.8154 ], [ -107.5259, 37.8133 ], [ -107.5269, 37.8114 ], [ -107.5265, 37.8098 ], [ -107.528, 37.8094 ], [ -107.5301, 37.8074 ], [ -107.5304, 37.806 ], [ -107.5316, 37.8049 ], [ -107.5313, 37.8037 ], [ -107.5302, 37.8029 ], [ -107.5298, 37.8012 ], [ -107.5333, 37.8029 ], [ -107.5348, 37.8023 ], [ -107.5369, 37.8022 ], [ -107.5397, 37.8004 ], [ -107.5456, 37.7997 ], [ -107.5457, 37.7989 ], [ -107.5501, 37.795 ], [ -107.5506, 37.7927 ], [ -107.5525, 37.7915 ], [ -107.553, 37.7904 ], [ -107.5548, 37.7896 ], [ -107.5549, 37.7875 ], [ -107.5555, 37.7867 ], [ -107.5549, 37.7839 ], [ -107.5535, 37.783 ], [ -107.5532, 37.7823 ], [ -107.5548, 37.7812 ], [ -107.5543, 37.7791 ], [ -107.5559, 37.7764 ], [ -107.5557, 37.7739 ], [ -107.5571, 37.7733 ], [ -107.5577, 37.7714 ], [ -107.5566, 37.7681 ], [ -107.5592, 37.7658 ], [ -107.559, 37.7623 ], [ -107.557, 37.76 ], [ -107.5567, 37.7576 ], [ -107.5543, 37.7548 ], [ -107.555, 37.7534 ], [ -107.5541, 37.7505 ], [ -107.5529, 37.7487 ], [ -107.552, 37.7429 ], [ -107.5501, 37.7411 ], [ -107.5485, 37.7365 ], [ -107.5442, 37.7346 ], [ -107.542, 37.7325 ], [ -107.5425, 37.7308 ], [ -107.5436, 37.7296 ], [ -107.5425, 37.7271 ], [ -107.5425, 37.7246 ], [ -107.5374, 37.7241 ], [ -107.5361, 37.7219 ], [ -107.5363, 37.7191 ], [ -107.5355, 37.7165 ], [ -107.5338, 37.7149 ], [ -107.535, 37.7138 ], [ -107.5348, 37.7123 ], [ -107.5368, 37.7104 ], [ -107.5366, 37.7097 ], [ -107.5373, 37.7084 ], [ -107.5318, 37.7054 ], [ -107.5307, 37.7056 ], [ -107.5298, 37.7063 ], [ -107.525, 37.7069 ], [ -107.5234, 37.7069 ], [ -107.521, 37.7061 ], [ -107.5202, 37.7048 ], [ -107.5202, 37.7029 ], [ -107.519, 37.7017 ], [ -107.5173, 37.7006 ], [ -107.5148, 37.7004 ], [ -107.5117, 37.6989 ], [ -107.5082, 37.6966 ], [ -107.5088, 37.6955 ], [ -107.5075, 37.6944 ], [ -107.504, 37.6933 ], [ -107.504, 37.6921 ], [ -107.5022, 37.6908 ], [ -107.503, 37.6868 ], [ -107.5017, 37.6853 ], [ -107.5019, 37.6832 ], [ -107.5003, 37.6807 ], [ -107.5021, 37.6777 ], [ -107.5004, 37.6763 ], [ -107.4982, 37.6755 ], [ -107.498, 37.6695 ], [ -107.4956, 37.6675 ], [ -107.4931, 37.6622 ], [ -107.4893, 37.659 ], [ -107.4922, 37.6527 ], [ -107.492, 37.6517 ], [ -107.4885, 37.6497 ], [ -107.4845, 37.6446 ], [ -107.4801, 37.6413 ], [ -107.4794, 37.64 ], [ -107.4768, 37.6386 ], [ -107.4745, 37.6366 ], [ -107.4722, 37.6361 ], [ -107.4688, 37.6326 ], [ -107.4639, 37.6301 ], [ -107.4614, 37.6294 ], [ -107.4569, 37.6293 ], [ -107.4562, 37.6299 ], [ -107.4552, 37.6299 ], [ -107.455, 37.6303 ], [ -107.456, 37.6312 ], [ -107.4542, 37.6342 ], [ -107.4498, 37.6332 ], [ -107.4419, 37.6324 ], [ -107.4416, 37.6339 ], [ -107.4402, 37.6346 ], [ -107.4414, 37.6374 ], [ -107.4389, 37.6381 ], [ -107.4367, 37.6378 ], [ -107.436, 37.6383 ], [ -107.4348, 37.6381 ], [ -107.4331, 37.6391 ], [ -107.4323, 37.64 ], [ -107.4302, 37.6405 ], [ -107.4288, 37.642 ], [ -107.4289, 37.6428 ], [ -107.4268, 37.644 ], [ -107.4241, 37.6476 ], [ -107.4238, 37.6503 ], [ -107.4222, 37.6499 ], [ -107.4191, 37.65 ], [ -107.4179, 37.6493 ], [ -107.4161, 37.6501 ], [ -107.411, 37.6503 ], [ -107.4091, 37.6496 ], [ -107.4068, 37.6496 ], [ -107.4038, 37.6508 ], [ -107.4011, 37.6513 ], [ -107.3976, 37.6531 ], [ -107.3985, 37.6563 ], [ -107.3976, 37.6576 ], [ -107.3973, 37.6598 ], [ -107.3943, 37.6632 ], [ -107.3947, 37.6651 ], [ -107.3928, 37.6673 ], [ -107.3927, 37.6702 ], [ -107.3939, 37.6721 ], [ -107.3934, 37.6751 ], [ -107.3936, 37.6787 ], [ -107.3924, 37.6797 ], [ -107.39, 37.6797 ], [ -107.3869, 37.6803 ], [ -107.3811, 37.6843 ], [ -107.3751, 37.6876 ], [ -107.3693, 37.6846 ], [ -107.3674, 37.6849 ], [ -107.3656, 37.6845 ], [ -107.3592, 37.6822 ], [ -107.3529, 37.6814 ], [ -107.3474, 37.6801 ], [ -107.3453, 37.6789 ], [ -107.3425, 37.6788 ], [ -107.3411, 37.6799 ], [ -107.3387, 37.6804 ], [ -107.3356, 37.6799 ], [ -107.3325, 37.6803 ], [ -107.33, 37.6819 ], [ -107.3237, 37.6836 ], [ -107.322, 37.6833 ], [ -107.3191, 37.6812 ], [ -107.315, 37.6803 ], [ -107.311, 37.68 ], [ -107.3067, 37.6774 ], [ -107.3027, 37.6802 ], [ -107.2975, 37.6815 ], [ -107.2928, 37.6836 ], [ -107.2911, 37.6876 ], [ -107.287, 37.691 ], [ -107.2835, 37.6908 ], [ -107.2827, 37.691 ], [ -107.2812, 37.693 ], [ -107.2786, 37.6938 ], [ -107.2736, 37.6944 ], [ -107.2688, 37.696 ], [ -107.269, 37.6939 ], [ -107.2703, 37.6906 ], [ -107.2733, 37.6873 ], [ -107.2726, 37.6853 ], [ -107.2738, 37.682 ], [ -107.2728, 37.6804 ], [ -107.273, 37.6796 ], [ -107.2754, 37.6784 ], [ -107.2807, 37.6736 ], [ -107.2832, 37.6729 ], [ -107.2865, 37.6731 ], [ -107.2887, 37.6715 ], [ -107.2908, 37.6712 ], [ -107.2896, 37.6695 ], [ -107.2892, 37.6674 ], [ -107.2852, 37.6647 ], [ -107.2801, 37.66 ], [ -107.2785, 37.6568 ], [ -107.2766, 37.6555 ], [ -107.276, 37.6534 ], [ -107.277, 37.6528 ], [ -107.2788, 37.6494 ], [ -107.2777, 37.6459 ], [ -107.2778, 37.6439 ], [ -107.2788, 37.6409 ], [ -107.2772, 37.6396 ], [ -107.2726, 37.6374 ], [ -107.2698, 37.6369 ], [ -107.2696, 37.6342 ], [ -107.2682, 37.6338 ], [ -107.2665, 37.6321 ], [ -107.2663, 37.6302 ], [ -107.2622, 37.6287 ], [ -107.2592, 37.6291 ], [ -107.2566, 37.628 ], [ -107.2568, 37.6246 ], [ -107.2575, 37.623 ], [ -107.2595, 37.6212 ], [ -107.2573, 37.6187 ], [ -107.256, 37.6163 ], [ -107.254, 37.6144 ], [ -107.2514, 37.6137 ], [ -107.2515, 37.6109 ], [ -107.2489, 37.608 ], [ -107.2474, 37.607 ], [ -107.2445, 37.6061 ], [ -107.2433, 37.6053 ], [ -107.2396, 37.6019 ], [ -107.2378, 37.5996 ], [ -107.2352, 37.5977 ], [ -107.2336, 37.5975 ], [ -107.2308, 37.5952 ], [ -107.2289, 37.5954 ], [ -107.2251, 37.5944 ], [ -107.2229, 37.5946 ], [ -107.2212, 37.5995 ], [ -107.2168, 37.6007 ], [ -107.2145, 37.6034 ], [ -107.213, 37.6043 ], [ -107.2106, 37.6047 ], [ -107.2084, 37.6039 ], [ -107.2072, 37.6077 ], [ -107.2042, 37.6079 ], [ -107.2011, 37.6107 ], [ -107.1992, 37.6135 ], [ -107.1977, 37.6147 ], [ -107.2, 37.6167 ], [ -107.2017, 37.6211 ], [ -107.2015, 37.6229 ], [ -107.2, 37.6252 ], [ -107.1991, 37.6257 ], [ -107.1912, 37.6257 ], [ -107.186, 37.6272 ], [ -107.1846, 37.6287 ], [ -107.1804, 37.6295 ], [ -107.1767, 37.6279 ], [ -107.1747, 37.6301 ], [ -107.174, 37.6321 ], [ -107.1727, 37.6328 ], [ -107.1684, 37.6338 ], [ -107.1637, 37.6362 ], [ -107.1622, 37.634 ], [ -107.1613, 37.634 ], [ -107.1594, 37.6351 ], [ -107.1528, 37.637 ], [ -107.1507, 37.6361 ], [ -107.1491, 37.6341 ], [ -107.1468, 37.6333 ], [ -107.1455, 37.6283 ], [ -107.1401, 37.6244 ], [ -107.1403, 37.6216 ], [ -107.1441, 37.6183 ], [ -107.1413, 37.6126 ], [ -107.1424, 37.6097 ], [ -107.1406, 37.6068 ], [ -107.1393, 37.6022 ], [ -107.1364, 37.6007 ], [ -107.1355, 37.601 ], [ -107.1337, 37.6027 ], [ -107.1319, 37.6029 ], [ -107.1285, 37.6025 ], [ -107.124, 37.6044 ], [ -107.1225, 37.6046 ], [ -107.1201, 37.6036 ], [ -107.1174, 37.604 ], [ -107.1159, 37.6046 ], [ -107.1137, 37.6072 ], [ -107.1118, 37.6084 ], [ -107.1098, 37.6076 ], [ -107.1088, 37.6069 ], [ -107.1067, 37.6033 ], [ -107.1069, 37.6012 ], [ -107.1063, 37.5999 ], [ -107.1035, 37.5991 ], [ -107.0983, 37.5995 ], [ -107.0963, 37.5975 ], [ -107.0919, 37.5959 ], [ -107.0916, 37.5941 ], [ -107.0923, 37.591 ], [ -107.0923, 37.588 ], [ -107.0944, 37.585 ], [ -107.094, 37.5841 ], [ -107.0944, 37.5762 ], [ -107.0931, 37.5739 ], [ -107.0906, 37.5727 ], [ -107.0836, 37.5713 ], [ -107.0777, 37.5689 ], [ -107.0759, 37.5686 ], [ -107.0732, 37.5692 ], [ -107.0696, 37.5707 ], [ -107.0679, 37.5704 ], [ -107.0637, 37.5723 ], [ -107.0632, 37.5718 ], [ -107.0595, 37.5715 ], [ -107.0567, 37.5704 ], [ -107.0556, 37.5708 ], [ -107.0514, 37.5698 ], [ -107.0485, 37.57 ], [ -107.0474, 37.5675 ], [ -107.0465, 37.5669 ], [ -107.0457, 37.5654 ], [ -107.0456, 37.563 ], [ -107.0464, 37.5611 ], [ -107.045, 37.5603 ], [ -107.0411, 37.5625 ], [ -107.0354, 37.5613 ], [ -107.0266, 37.5629 ], [ -107.0244, 37.5628 ], [ -107.0221, 37.562 ], [ -107.0188, 37.5628 ], [ -107.0182, 37.5645 ], [ -107.0136, 37.5686 ], [ -107.0136, 37.5693 ], [ -107.0149, 37.5702 ], [ -107.0123, 37.5711 ], [ -107.0115, 37.572 ], [ -107.0096, 37.572 ], [ -107.0081, 37.5737 ], [ -107.0015, 37.5727 ], [ -107.0006, 37.5699 ], [ -106.9992, 37.5694 ], [ -106.998, 37.5697 ], [ -106.9959, 37.5717 ], [ -106.9946, 37.5719 ], [ -106.9916, 37.5707 ], [ -106.989, 37.5715 ], [ -106.9871, 37.5708 ], [ -106.9845, 37.5713 ], [ -106.981, 37.5713 ], [ -106.9801, 37.571 ], [ -106.9801, 37.5701 ], [ -106.9788, 37.5689 ], [ -106.9766, 37.5686 ], [ -106.9755, 37.5663 ], [ -106.9738, 37.5658 ], [ -106.9703, 37.5658 ], [ -106.9691, 37.5652 ], [ -106.9618, 37.5662 ], [ -106.9597, 37.5669 ], [ -106.958, 37.5686 ], [ -106.956, 37.5696 ], [ -106.9486, 37.5708 ], [ -106.9471, 37.5695 ], [ -106.9443, 37.568 ], [ -106.9392, 37.5666 ], [ -106.9369, 37.5682 ], [ -106.9345, 37.568 ], [ -106.9319, 37.5693 ], [ -106.9265, 37.5695 ], [ -106.9254, 37.5699 ], [ -106.9237, 37.5695 ], [ -106.9215, 37.5703 ], [ -106.9155, 37.5673 ], [ -106.9131, 37.5672 ], [ -106.9112, 37.5648 ], [ -106.909, 37.5641 ], [ -106.9018, 37.5649 ], [ -106.8993, 37.5637 ], [ -106.8937, 37.5641 ], [ -106.8922, 37.5658 ], [ -106.8879, 37.5648 ], [ -106.884, 37.5619 ], [ -106.8812, 37.5612 ], [ -106.8809, 37.5561 ], [ -106.8805, 37.5544 ], [ -106.8793, 37.5531 ], [ -106.8813, 37.5498 ], [ -106.8815, 37.5479 ], [ -106.8806, 37.5457 ], [ -106.8789, 37.5444 ], [ -106.8821, 37.5417 ], [ -106.8826, 37.5382 ], [ -106.8847, 37.5366 ], [ -106.8833, 37.534 ], [ -106.8844, 37.5305 ], [ -106.883, 37.5276 ], [ -106.8831, 37.5252 ], [ -106.882, 37.5226 ], [ -106.8858, 37.5204 ], [ -106.8881, 37.5169 ], [ -106.8866, 37.5141 ], [ -106.8849, 37.5125 ], [ -106.8831, 37.5119 ], [ -106.8833, 37.5099 ], [ -106.882, 37.5075 ], [ -106.8785, 37.505 ], [ -106.8781, 37.5043 ], [ -106.8783, 37.5035 ], [ -106.877, 37.5017 ], [ -106.8744, 37.4996 ], [ -106.8665, 37.4986 ], [ -106.8652, 37.4982 ], [ -106.8645, 37.4972 ], [ -106.8631, 37.4966 ], [ -106.8609, 37.4972 ], [ -106.8597, 37.4963 ], [ -106.8582, 37.4959 ], [ -106.8544, 37.4939 ], [ -106.8536, 37.4923 ], [ -106.8531, 37.4922 ], [ -106.8512, 37.4926 ], [ -106.8494, 37.4952 ], [ -106.845, 37.4994 ], [ -106.8395, 37.4995 ], [ -106.837, 37.5005 ], [ -106.8333, 37.4976 ], [ -106.8282, 37.4947 ], [ -106.8266, 37.4951 ], [ -106.8236, 37.495 ], [ -106.8207, 37.4976 ], [ -106.816, 37.4991 ], [ -106.8112, 37.4967 ], [ -106.8107, 37.4964 ], [ -106.8109, 37.4953 ], [ -106.8079, 37.4944 ], [ -106.807, 37.4934 ], [ -106.804, 37.4923 ], [ -106.8011, 37.4932 ], [ -106.8004, 37.4927 ], [ -106.8003, 37.4911 ], [ -106.8013, 37.4907 ], [ -106.8043, 37.4871 ], [ -106.8033, 37.4835 ], [ -106.8006, 37.4829 ], [ -106.8004, 37.4826 ], [ -106.8013, 37.4766 ], [ -106.8026, 37.4739 ], [ -106.8047, 37.4717 ], [ -106.806, 37.4694 ], [ -106.8067, 37.4663 ], [ -106.8023, 37.4607 ], [ -106.7988, 37.4571 ], [ -106.7942, 37.4557 ], [ -106.7828, 37.4546 ], [ -106.7806, 37.4535 ], [ -106.7788, 37.4532 ], [ -106.7756, 37.4509 ], [ -106.7728, 37.4498 ], [ -106.7694, 37.452 ], [ -106.7689, 37.4573 ], [ -106.7679, 37.458 ], [ -106.7676, 37.4592 ], [ -106.7656, 37.4622 ], [ -106.7619, 37.4643 ], [ -106.7566, 37.4645 ], [ -106.7556, 37.4625 ], [ -106.7524, 37.4621 ], [ -106.7495, 37.4593 ], [ -106.7479, 37.4594 ], [ -106.7465, 37.4601 ], [ -106.7443, 37.4599 ], [ -106.7424, 37.4613 ], [ -106.7347, 37.4596 ], [ -106.7337, 37.4592 ], [ -106.7325, 37.4573 ], [ -106.7298, 37.4548 ], [ -106.7289, 37.4528 ], [ -106.7289, 37.4502 ], [ -106.7276, 37.4478 ], [ -106.7257, 37.4458 ], [ -106.7209, 37.4456 ], [ -106.7167, 37.4418 ], [ -106.7143, 37.4417 ], [ -106.7114, 37.4424 ], [ -106.7102, 37.4429 ], [ -106.7089, 37.4444 ], [ -106.7055, 37.4455 ], [ -106.7035, 37.4489 ], [ -106.7035, 37.45 ], [ -106.702, 37.4514 ], [ -106.6989, 37.4489 ], [ -106.6973, 37.4466 ], [ -106.6884, 37.4391 ], [ -106.682, 37.4379 ], [ -106.6813, 37.4365 ], [ -106.6816, 37.4355 ], [ -106.6758, 37.4326 ], [ -106.6725, 37.4321 ], [ -106.6691, 37.4322 ], [ -106.6614, 37.4299 ], [ -106.6576, 37.4273 ], [ -106.6575, 37.4252 ], [ -106.6568, 37.4249 ], [ -106.6556, 37.4228 ], [ -106.6525, 37.4222 ], [ -106.6517, 37.4212 ], [ -106.65, 37.4212 ], [ -106.6488, 37.4187 ], [ -106.6488, 37.4167 ], [ -106.647, 37.4147 ], [ -106.6448, 37.4139 ], [ -106.6433, 37.4128 ], [ -106.6433, 37.4104 ], [ -106.6414, 37.4088 ], [ -106.6413, 37.4078 ], [ -106.6428, 37.4076 ], [ -106.6466, 37.405 ], [ -106.6499, 37.4063 ], [ -106.6513, 37.4062 ], [ -106.6531, 37.4079 ], [ -106.6561, 37.4085 ], [ -106.6569, 37.4075 ], [ -106.6598, 37.407 ], [ -106.6611, 37.4073 ], [ -106.663, 37.4042 ], [ -106.6628, 37.4025 ], [ -106.664, 37.4006 ], [ -106.6663, 37.4002 ], [ -106.668, 37.4004 ], [ -106.6706, 37.4018 ], [ -106.671, 37.3969 ], [ -106.6702, 37.3958 ], [ -106.6702, 37.3945 ], [ -106.6719, 37.3934 ], [ -106.6739, 37.3935 ], [ -106.6759, 37.3908 ], [ -106.6797, 37.3888 ], [ -106.681, 37.3806 ], [ -106.6822, 37.3797 ], [ -106.6815, 37.3771 ], [ -106.6819, 37.3755 ], [ -106.684, 37.3751 ], [ -106.6864, 37.3721 ], [ -106.692, 37.3732 ], [ -106.6964, 37.3705 ], [ -106.6997, 37.3693 ], [ -106.6993, 37.3666 ], [ -106.6982, 37.3659 ], [ -106.6972, 37.3643 ], [ -106.6973, 37.3579 ], [ -106.6986, 37.356 ], [ -106.6986, 37.3535 ], [ -106.6969, 37.3506 ], [ -106.6983, 37.3496 ], [ -106.7014, 37.3448 ], [ -106.7009, 37.3433 ], [ -106.7014, 37.3421 ], [ -106.7044, 37.3392 ], [ -106.7055, 37.339 ], [ -106.7076, 37.3362 ], [ -106.7066, 37.333 ], [ -106.7067, 37.3314 ], [ -106.7033, 37.3303 ], [ -106.7023, 37.3287 ], [ -106.6959, 37.3272 ], [ -106.6938, 37.3249 ], [ -106.6915, 37.3239 ], [ -106.6885, 37.3237 ], [ -106.6837, 37.3255 ], [ -106.6807, 37.3257 ], [ -106.678, 37.3248 ], [ -106.6716, 37.3215 ], [ -106.666, 37.3209 ], [ -106.6665, 37.3153 ], [ -106.6651, 37.3138 ], [ -106.6635, 37.3108 ], [ -106.6653, 37.3093 ], [ -106.6676, 37.3085 ], [ -106.6699, 37.307 ], [ -106.6719, 37.3034 ], [ -106.675, 37.3028 ], [ -106.6769, 37.3001 ], [ -106.6762, 37.2985 ], [ -106.6778, 37.297 ], [ -106.6801, 37.296 ], [ -106.6824, 37.2959 ], [ -106.6826, 37.2914 ], [ -106.6845, 37.2868 ], [ -106.6851, 37.2866 ], [ -106.6858, 37.2843 ], [ -106.6872, 37.2832 ], [ -106.688, 37.2817 ], [ -106.6878, 37.2812 ], [ -106.6916, 37.2791 ], [ -106.6939, 37.2752 ], [ -106.6931, 37.274 ], [ -106.6943, 37.2725 ], [ -106.6924, 37.2709 ], [ -106.6914, 37.2688 ], [ -106.69, 37.2683 ], [ -106.6893, 37.2647 ], [ -106.6882, 37.2629 ], [ -106.6858, 37.2617 ], [ -106.686, 37.2592 ], [ -106.6789, 37.2559 ], [ -106.6765, 37.2553 ], [ -106.6739, 37.256 ], [ -106.6706, 37.2555 ], [ -106.668, 37.2559 ], [ -106.6646, 37.2538 ], [ -106.6627, 37.2532 ], [ -106.6591, 37.2552 ], [ -106.6558, 37.256 ], [ -106.6519, 37.2557 ], [ -106.6499, 37.255 ], [ -106.6477, 37.2571 ], [ -106.6455, 37.2566 ], [ -106.6419, 37.257 ], [ -106.64, 37.2562 ], [ -106.6364, 37.2571 ], [ -106.6352, 37.2569 ], [ -106.6345, 37.2559 ], [ -106.6353, 37.2537 ], [ -106.635, 37.2519 ], [ -106.6357, 37.2495 ], [ -106.635, 37.2484 ], [ -106.6347, 37.245 ], [ -106.6357, 37.2439 ], [ -106.6327, 37.2424 ], [ -106.6324, 37.2411 ], [ -106.6301, 37.2385 ], [ -106.6301, 37.2355 ], [ -106.6338, 37.2347 ], [ -106.6339, 37.2337 ], [ -106.6348, 37.2329 ], [ -106.6321, 37.2288 ], [ -106.6308, 37.2279 ], [ -106.6303, 37.2257 ], [ -106.6318, 37.2231 ], [ -106.6308, 37.2207 ], [ -106.6287, 37.2211 ], [ -106.6268, 37.2208 ], [ -106.6255, 37.2195 ], [ -106.6229, 37.2208 ], [ -106.6212, 37.2206 ], [ -106.6193, 37.2191 ], [ -106.6167, 37.2183 ], [ -106.6133, 37.2188 ], [ -106.6105, 37.2206 ], [ -106.6071, 37.2202 ], [ -106.6055, 37.2215 ], [ -106.6041, 37.2155 ], [ -106.6045, 37.2128 ], [ -106.6032, 37.2125 ], [ -106.6017, 37.2115 ], [ -106.6011, 37.2084 ], [ -106.5995, 37.2081 ], [ -106.5993, 37.2061 ], [ -106.598, 37.2066 ], [ -106.5963, 37.2083 ], [ -106.5954, 37.2084 ], [ -106.5944, 37.2079 ], [ -106.5929, 37.2021 ], [ -106.5918, 37.2011 ], [ -106.5919, 37.1998 ], [ -106.5909, 37.1975 ], [ -106.5917, 37.197 ], [ -106.5903, 37.1939 ], [ -106.5908, 37.1923 ], [ -106.5904, 37.1896 ], [ -106.5913, 37.1825 ], [ -106.5905, 37.18 ], [ -106.5914, 37.1766 ], [ -106.594, 37.1747 ], [ -106.5938, 37.1723 ], [ -106.5931, 37.1714 ], [ -106.5942, 37.169 ], [ -106.593, 37.1682 ], [ -106.5923, 37.167 ], [ -106.5912, 37.1673 ], [ -106.5906, 37.1668 ], [ -106.5901, 37.1639 ], [ -106.5925, 37.1547 ], [ -106.5944, 37.1498 ], [ -106.5936, 37.1485 ], [ -106.5907, 37.147 ], [ -106.5899, 37.1433 ], [ -106.5899, 37.1413 ], [ -106.5882, 37.1383 ], [ -106.5937, 37.137 ], [ -106.596, 37.1377 ], [ -106.5971, 37.1385 ], [ -106.5996, 37.1385 ], [ -106.6027, 37.1377 ], [ -106.6062, 37.1361 ], [ -106.6128, 37.1355 ], [ -106.6147, 37.1333 ], [ -106.6179, 37.128 ], [ -106.6206, 37.1262 ], [ -106.6233, 37.1223 ], [ -106.6237, 37.1201 ], [ -106.6258, 37.1181 ], [ -106.6268, 37.1163 ], [ -106.6264, 37.1116 ], [ -106.6256, 37.1097 ], [ -106.627, 37.1046 ], [ -106.6252, 37.1035 ], [ -106.6244, 37.1014 ], [ -106.623, 37.1002 ], [ -106.623, 37.0982 ], [ -106.6245, 37.0936 ], [ -106.6262, 37.0919 ], [ -106.6268, 37.0905 ], [ -106.6264, 37.0874 ], [ -106.6273, 37.0855 ], [ -106.6267, 37.0853 ], [ -106.6266, 37.0841 ], [ -106.6274, 37.082 ], [ -106.6288, 37.0805 ], [ -106.629, 37.0765 ], [ -106.6299, 37.074 ], [ -106.6329, 37.072 ], [ -106.6338, 37.0703 ], [ -106.6347, 37.0684 ], [ -106.6348, 37.0666 ], [ -106.6363, 37.0652 ], [ -106.6384, 37.0614 ], [ -106.637, 37.0594 ], [ -106.6378, 37.0574 ], [ -106.6377, 37.0558 ], [ -106.64, 37.0545 ], [ -106.6402, 37.054 ], [ -106.637, 37.0518 ], [ -106.636, 37.0516 ], [ -106.633, 37.0488 ], [ -106.6318, 37.0439 ], [ -106.6322, 37.0422 ], [ -106.6289, 37.0404 ], [ -106.6347, 37.0387 ], [ -106.6401, 37.0348 ], [ -106.6404, 37.0325 ], [ -106.6413, 37.0319 ], [ -106.6435, 37.0313 ], [ -106.646, 37.032 ], [ -106.649, 37.0308 ], [ -106.6505, 37.0316 ], [ -106.6576, 37.0317 ], [ -106.6599, 37.0323 ], [ -106.6652, 37.032 ], [ -106.6663, 37.0327 ], [ -106.6703, 37.0331 ], [ -106.6739, 37.0347 ], [ -106.6762, 37.0377 ], [ -106.6802, 37.0371 ], [ -106.6828, 37.038 ], [ -106.685, 37.0371 ], [ -106.6864, 37.0371 ], [ -106.6878, 37.038 ], [ -106.6885, 37.0407 ], [ -106.6907, 37.0397 ], [ -106.6913, 37.0393 ], [ -106.6918, 37.0377 ], [ -106.6906, 37.0361 ], [ -106.6903, 37.0349 ], [ -106.6911, 37.0291 ], [ -106.6912, 37.0239 ], [ -106.6906, 37.0225 ], [ -106.6927, 37.0194 ], [ -106.6921, 37.0177 ], [ -106.6921, 37.0139 ], [ -106.6903, 37.0122 ], [ -106.6897, 37.0099 ], [ -106.6885, 37.0081 ], [ -106.6884, 37.0063 ], [ -106.6907, 37.0028 ], [ -106.6947, 37.0003 ], [ -106.6948, 36.9994 ], [ -106.6959, 36.9979 ], [ -106.6982, 36.9966 ], [ -106.6981, 36.9944 ], [ -106.6976, 36.9936 ], [ -106.6982, 36.9929 ], [ -106.7506, 36.9925 ], [ -106.8698, 36.9924 ], [ -106.877, 37.0 ], [ -106.8787, 37.0001 ], [ -107.1509, 37.0 ], [ -107.4688, 37.0 ], [ -108.2494, 36.999 ], [ -108.2506, 36.9996 ], [ -108.5002, 36.9992 ], [ -108.7371, 36.9989 ], [ -108.9734, 36.9989 ], [ -108.9726, 37.0011 ], [ -108.9732, 37.0029 ], [ -108.9742, 37.0042 ], [ -108.9753, 37.0046 ], [ -108.9761, 37.0064 ], [ -108.9775, 37.0063 ], [ -108.9806, 37.0108 ], [ -108.9807, 37.0117 ], [ -108.9792, 37.0121 ], [ -108.9781, 37.0131 ], [ -108.9769, 37.0154 ], [ -108.9768, 37.0178 ], [ -108.9763, 37.0182 ], [ -108.9745, 37.0182 ], [ -108.971, 37.0207 ], [ -108.9684, 37.0215 ], [ -108.9655, 37.0234 ], [ -108.9642, 37.0263 ], [ -108.9619, 37.0276 ], [ -108.9618, 37.029 ], [ -108.9602, 37.0307 ], [ -108.9562, 37.033 ], [ -108.955, 37.0349 ], [ -108.9532, 37.036 ], [ -108.9505, 37.0352 ], [ -108.9492, 37.0352 ], [ -108.9463, 37.0375 ], [ -108.9463, 37.0409 ], [ -108.948, 37.043 ], [ -108.9468, 37.0444 ], [ -108.947, 37.0457 ], [ -108.9462, 37.0468 ], [ -108.9443, 37.0469 ], [ -108.9432, 37.0482 ], [ -108.9411, 37.0481 ], [ -108.9393, 37.0486 ], [ -108.9391, 37.0491 ], [ -108.936, 37.0493 ], [ -108.9356, 37.0503 ], [ -108.9369, 37.0519 ], [ -108.9358, 37.0525 ], [ -108.9328, 37.0514 ], [ -108.9329, 37.051 ], [ -108.9315, 37.0509 ], [ -108.9296, 37.0538 ], [ -108.9275, 37.0548 ], [ -108.9264, 37.0571 ], [ -108.9255, 37.0578 ], [ -108.9262, 37.0601 ], [ -108.9262, 37.0625 ], [ -108.9256, 37.0638 ], [ -108.9242, 37.0644 ], [ -108.9238, 37.0658 ], [ -108.9213, 37.0679 ], [ -108.9192, 37.072 ], [ -108.9202, 37.0757 ], [ -108.9179, 37.0778 ], [ -108.9174, 37.0833 ], [ -108.9156, 37.0839 ], [ -108.9157, 37.0853 ], [ -108.9149, 37.0856 ], [ -108.9128, 37.0854 ], [ -108.912, 37.0849 ], [ -108.9098, 37.085 ], [ -108.9037, 37.0865 ], [ -108.9017, 37.0851 ], [ -108.8993, 37.0847 ], [ -108.8972, 37.0854 ], [ -108.8966, 37.0861 ], [ -108.8949, 37.0897 ], [ -108.8901, 37.0897 ], [ -108.8885, 37.0908 ], [ -108.8779, 37.0923 ], [ -108.8677, 37.0971 ], [ -108.8626, 37.0987 ], [ -108.8615, 37.1002 ], [ -108.8624, 37.1009 ], [ -108.8598, 37.1033 ], [ -108.8581, 37.108 ], [ -108.8543, 37.1097 ], [ -108.8523, 37.1118 ], [ -108.8499, 37.1131 ], [ -108.8506, 37.1138 ], [ -108.8503, 37.1145 ], [ -108.8513, 37.1192 ], [ -108.8511, 37.1197 ], [ -108.8484, 37.1208 ], [ -108.8482, 37.1213 ], [ -108.8487, 37.1228 ], [ -108.8478, 37.124 ], [ -108.8472, 37.1267 ], [ -108.8433, 37.1287 ], [ -108.8409, 37.1319 ], [ -108.84, 37.135 ], [ -108.8334, 37.1406 ], [ -108.8345, 37.1424 ], [ -108.8381, 37.1457 ], [ -108.8357, 37.1466 ], [ -108.834, 37.1481 ], [ -108.8337, 37.1489 ], [ -108.835, 37.1514 ], [ -108.8348, 37.1522 ], [ -108.8304, 37.155 ], [ -108.8307, 37.156 ], [ -108.8287, 37.1597 ], [ -108.8261, 37.162 ], [ -108.8265, 37.1635 ], [ -108.8247, 37.165 ], [ -108.8222, 37.172 ], [ -108.8223, 37.1739 ], [ -108.8191, 37.1772 ], [ -108.8158, 37.1794 ], [ -108.8144, 37.1812 ], [ -108.8116, 37.1815 ], [ -108.8099, 37.1829 ], [ -108.8078, 37.1851 ], [ -108.8065, 37.1892 ], [ -108.8048, 37.1904 ], [ -108.8031, 37.1928 ], [ -108.8001, 37.1937 ], [ -108.7962, 37.1942 ], [ -108.7951, 37.194 ], [ -108.7944, 37.1951 ], [ -108.7936, 37.1955 ], [ -108.7958, 37.199 ], [ -108.7978, 37.1997 ], [ -108.799, 37.2012 ], [ -108.8004, 37.2048 ], [ -108.7988, 37.2067 ], [ -108.8001, 37.209 ], [ -108.803, 37.2115 ], [ -108.8084, 37.2144 ], [ -108.8087, 37.2196 ], [ -108.8053, 37.221 ], [ -108.803, 37.2248 ], [ -108.8029, 37.2263 ], [ -108.8037, 37.2273 ], [ -108.803, 37.2289 ], [ -108.8042, 37.2294 ], [ -108.8026, 37.2308 ], [ -108.8027, 37.2317 ], [ -108.8046, 37.2318 ], [ -108.8058, 37.2327 ], [ -108.8075, 37.2326 ], [ -108.811, 37.2344 ], [ -108.8123, 37.2346 ], [ -108.8129, 37.2373 ], [ -108.816, 37.239 ], [ -108.8153, 37.2414 ], [ -108.817, 37.244 ], [ -108.8156, 37.2472 ], [ -108.8143, 37.2483 ], [ -108.8111, 37.2482 ], [ -108.809, 37.2497 ], [ -108.8107, 37.2512 ], [ -108.8114, 37.2527 ], [ -108.811, 37.2544 ], [ -108.8121, 37.2555 ], [ -108.8152, 37.256 ], [ -108.8169, 37.2603 ], [ -108.8187, 37.2602 ], [ -108.8186, 37.2622 ], [ -108.8196, 37.2636 ], [ -108.818, 37.2651 ], [ -108.8171, 37.2675 ], [ -108.8145, 37.2702 ], [ -108.8123, 37.2706 ], [ -108.8102, 37.2681 ], [ -108.8085, 37.2674 ], [ -108.8057, 37.2683 ], [ -108.8046, 37.2699 ], [ -108.8031, 37.2709 ], [ -108.7991, 37.2714 ], [ -108.7963, 37.2704 ], [ -108.7959, 37.2718 ], [ -108.7913, 37.2721 ], [ -108.7888, 37.2744 ], [ -108.7851, 37.2752 ], [ -108.7806, 37.2779 ], [ -108.7788, 37.2802 ], [ -108.778, 37.2826 ], [ -108.7783, 37.2838 ], [ -108.7772, 37.2843 ], [ -108.7747, 37.2834 ], [ -108.7729, 37.2793 ], [ -108.7637, 37.2719 ], [ -108.7613, 37.2711 ], [ -108.7596, 37.2686 ], [ -108.7556, 37.269 ], [ -108.7541, 37.2696 ], [ -108.7525, 37.2691 ], [ -108.7493, 37.27 ], [ -108.7477, 37.2692 ], [ -108.7465, 37.2691 ], [ -108.745, 37.2674 ], [ -108.7414, 37.2668 ], [ -108.7313, 37.2678 ], [ -108.7267, 37.2671 ], [ -108.7124, 37.2663 ], [ -108.7098, 37.2656 ], [ -108.7027, 37.2658 ], [ -108.6996, 37.2654 ], [ -108.6968, 37.2668 ], [ -108.693, 37.2677 ], [ -108.6889, 37.2678 ], [ -108.6837, 37.2695 ], [ -108.6781, 37.2694 ], [ -108.6766, 37.2697 ], [ -108.6738, 37.2707 ], [ -108.6723, 37.2729 ], [ -108.6674, 37.2703 ], [ -108.6639, 37.2707 ], [ -108.6618, 37.2695 ], [ -108.6573, 37.2689 ], [ -108.6525, 37.264 ], [ -108.6493, 37.2624 ], [ -108.6453, 37.2614 ], [ -108.6368, 37.2582 ], [ -108.6353, 37.2568 ], [ -108.6338, 37.2545 ], [ -108.6314, 37.2522 ], [ -108.6299, 37.2515 ], [ -108.6289, 37.2493 ], [ -108.6294, 37.2466 ], [ -108.6288, 37.2453 ], [ -108.6261, 37.2426 ], [ -108.6241, 37.2421 ], [ -108.6215, 37.244 ], [ -108.6203, 37.2441 ], [ -108.6182, 37.2433 ], [ -108.617, 37.2436 ], [ -108.6152, 37.2429 ], [ -108.6123, 37.2432 ], [ -108.6105, 37.2426 ], [ -108.6094, 37.2486 ], [ -108.6085, 37.2491 ], [ -108.6073, 37.2522 ], [ -108.6052, 37.2509 ], [ -108.6034, 37.251 ], [ -108.601, 37.2529 ], [ -108.6008, 37.2558 ], [ -108.5993, 37.2562 ], [ -108.597, 37.2547 ], [ -108.5941, 37.2548 ], [ -108.5928, 37.2554 ], [ -108.5914, 37.2568 ], [ -108.5898, 37.2572 ], [ -108.5883, 37.259 ], [ -108.5849, 37.256 ], [ -108.5834, 37.2563 ], [ -108.5823, 37.2574 ], [ -108.5788, 37.2576 ], [ -108.5777, 37.2605 ], [ -108.5763, 37.2616 ], [ -108.5756, 37.263 ], [ -108.5737, 37.2641 ], [ -108.5736, 37.2649 ], [ -108.5698, 37.2659 ], [ -108.5692, 37.2659 ], [ -108.5683, 37.2625 ], [ -108.5647, 37.2627 ], [ -108.563, 37.2616 ], [ -108.5615, 37.2614 ], [ -108.5585, 37.2638 ], [ -108.5556, 37.262 ], [ -108.5517, 37.2635 ], [ -108.5499, 37.2637 ], [ -108.5486, 37.267 ], [ -108.5447, 37.2676 ], [ -108.5442, 37.2655 ], [ -108.5422, 37.2659 ], [ -108.5388, 37.2652 ], [ -108.5349, 37.2673 ], [ -108.5309, 37.2654 ], [ -108.5283, 37.2636 ], [ -108.5262, 37.2637 ], [ -108.5244, 37.265 ], [ -108.5208, 37.2644 ], [ -108.5199, 37.2648 ], [ -108.5184, 37.267 ], [ -108.5172, 37.2706 ], [ -108.5132, 37.2697 ], [ -108.5118, 37.2701 ], [ -108.5095, 37.2719 ], [ -108.5073, 37.2699 ], [ -108.5045, 37.27 ], [ -108.5029, 37.2712 ], [ -108.5015, 37.2743 ], [ -108.4996, 37.2751 ], [ -108.499, 37.2729 ], [ -108.4961, 37.2707 ], [ -108.4931, 37.2713 ], [ -108.4865, 37.2752 ], [ -108.4859, 37.2764 ], [ -108.4867, 37.2783 ], [ -108.4837, 37.2779 ], [ -108.4835, 37.2769 ], [ -108.4819, 37.275 ], [ -108.4795, 37.2741 ], [ -108.4765, 37.2748 ], [ -108.4755, 37.2761 ], [ -108.4735, 37.2766 ], [ -108.4727, 37.2786 ], [ -108.4692, 37.2793 ], [ -108.4681, 37.2802 ], [ -108.4637, 37.2807 ], [ -108.4602, 37.2804 ], [ -108.4567, 37.282 ], [ -108.4532, 37.281 ], [ -108.4506, 37.2787 ], [ -108.4475, 37.2805 ], [ -108.4461, 37.2801 ], [ -108.4435, 37.2821 ], [ -108.4412, 37.2821 ], [ -108.4394, 37.2833 ], [ -108.4406, 37.2857 ], [ -108.4402, 37.2879 ], [ -108.4424, 37.2894 ], [ -108.4414, 37.2922 ], [ -108.4436, 37.2945 ], [ -108.4405, 37.2977 ], [ -108.441, 37.3032 ], [ -108.4405, 37.3043 ], [ -108.4377, 37.3049 ], [ -108.4357, 37.3042 ], [ -108.4348, 37.3046 ], [ -108.4334, 37.3031 ], [ -108.4266, 37.3063 ], [ -108.4257, 37.3078 ], [ -108.4203, 37.3104 ], [ -108.4192, 37.3114 ], [ -108.4185, 37.3153 ], [ -108.4195, 37.3164 ], [ -108.4189, 37.318 ], [ -108.4199, 37.3201 ], [ -108.4198, 37.3234 ], [ -108.4189, 37.3258 ], [ -108.4188, 37.3306 ], [ -108.4168, 37.3347 ], [ -108.4171, 37.3374 ], [ -108.4101, 37.3419 ], [ -108.4108, 37.3438 ], [ -108.4082, 37.3477 ], [ -108.4086, 37.3508 ], [ -108.407, 37.3522 ], [ -108.4058, 37.3525 ], [ -108.4023, 37.3576 ], [ -108.4032, 37.3583 ], [ -108.4023, 37.359 ], [ -108.4027, 37.361 ], [ -108.4019, 37.3618 ], [ -108.4014, 37.3653 ], [ -108.4019, 37.3658 ], [ -108.4032, 37.3659 ], [ -108.4038, 37.3674 ], [ -108.4054, 37.3686 ], [ -108.4052, 37.37 ], [ -108.4057, 37.3708 ], [ -108.4052, 37.3723 ], [ -108.4043, 37.3723 ], [ -108.4014, 37.3745 ], [ -108.3993, 37.3753 ], [ -108.3995, 37.3778 ], [ -108.401, 37.3787 ], [ -108.4013, 37.3803 ], [ -108.3984, 37.384 ], [ -108.3986, 37.3851 ], [ -108.3981, 37.3871 ], [ -108.3986, 37.3894 ], [ -108.3979, 37.3906 ], [ -108.3976, 37.3933 ], [ -108.397, 37.3937 ], [ -108.3979, 37.3955 ], [ -108.3978, 37.3966 ], [ -108.3905, 37.3988 ], [ -108.39, 37.4003 ], [ -108.3886, 37.4004 ], [ -108.3887, 37.4014 ], [ -108.3869, 37.4021 ], [ -108.387, 37.4038 ], [ -108.3861, 37.4044 ], [ -108.3872, 37.4052 ], [ -108.3836, 37.4049 ], [ -108.3833, 37.4054 ], [ -108.3792, 37.4063 ], [ -108.3789, 37.4082 ], [ -108.377, 37.4099 ], [ -108.3768, 37.4122 ], [ -108.3742, 37.4123 ], [ -108.3724, 37.4141 ], [ -108.3737, 37.4185 ], [ -108.369, 37.4207 ], [ -108.3661, 37.4242 ], [ -108.3607, 37.4267 ], [ -108.3598, 37.4292 ], [ -108.3592, 37.4351 ], [ -108.3583, 37.4353 ], [ -108.3537, 37.4342 ], [ -108.3518, 37.4343 ], [ -108.3529, 37.4305 ], [ -108.3499, 37.4297 ], [ -108.3478, 37.4296 ], [ -108.3465, 37.4301 ], [ -108.3441, 37.4291 ], [ -108.3423, 37.4279 ], [ -108.3394, 37.4267 ], [ -108.3353, 37.4228 ], [ -108.328, 37.4193 ], [ -108.3185, 37.4195 ], [ -108.3154, 37.4204 ], [ -108.3113, 37.4197 ], [ -108.3081, 37.4219 ], [ -108.3045, 37.4236 ], [ -108.3016, 37.4267 ], [ -108.3027, 37.4285 ], [ -108.3027, 37.4318 ], [ -108.3008, 37.433 ], [ -108.2936, 37.435 ], [ -108.2922, 37.4365 ], [ -108.289, 37.4383 ], [ -108.287, 37.4424 ], [ -108.2859, 37.4432 ], [ -108.2861, 37.444 ], [ -108.2803, 37.4467 ], [ -108.2756, 37.4522 ], [ -108.2711, 37.4555 ], [ -108.2667, 37.4569 ], [ -108.2655, 37.4577 ], [ -108.265, 37.4583 ], [ -108.2661, 37.464 ], [ -108.2658, 37.4652 ], [ -108.2642, 37.4665 ], [ -108.2638, 37.4667 ], [ -108.2629, 37.4658 ], [ -108.2596, 37.4645 ], [ -108.2551, 37.4651 ], [ -108.2506, 37.4639 ], [ -108.2497, 37.4641 ], [ -108.2475, 37.4654 ], [ -108.2436, 37.4665 ], [ -108.2415, 37.4688 ], [ -108.2392, 37.473 ], [ -108.2385, 37.4753 ], [ -108.2346, 37.4759 ], [ -108.2315, 37.4776 ], [ -108.2294, 37.4802 ], [ -108.2249, 37.4822 ], [ -108.2235, 37.4823 ], [ -108.2194, 37.4812 ], [ -108.2168, 37.4813 ], [ -108.2144, 37.4855 ], [ -108.2078, 37.4917 ], [ -108.2056, 37.4949 ], [ -108.2012, 37.496 ], [ -108.1954, 37.4982 ], [ -108.1934, 37.4983 ], [ -108.1908, 37.4968 ], [ -108.1895, 37.4968 ], [ -108.181, 37.499 ], [ -108.1785, 37.499 ], [ -108.1753, 37.4976 ], [ -108.1715, 37.4971 ], [ -108.1651, 37.4926 ], [ -108.1628, 37.4928 ], [ -108.1594, 37.4943 ], [ -108.1526, 37.4952 ], [ -108.1474, 37.4943 ], [ -108.1418, 37.4941 ], [ -108.1378, 37.4967 ], [ -108.1338, 37.4969 ], [ -108.1326, 37.4967 ], [ -108.1321, 37.4952 ], [ -108.1285, 37.4927 ], [ -108.1224, 37.4924 ], [ -108.117, 37.4913 ], [ -108.1136, 37.4888 ], [ -108.1117, 37.4864 ], [ -108.109, 37.4856 ], [ -108.1064, 37.4857 ], [ -108.1024, 37.483 ], [ -108.0981, 37.482 ], [ -108.0965, 37.4791 ], [ -108.093, 37.4768 ], [ -108.0918, 37.4744 ], [ -108.0866, 37.4712 ], [ -108.0841, 37.4681 ], [ -108.0802, 37.4657 ], [ -108.0792, 37.4641 ], [ -108.0731, 37.4598 ], [ -108.0749, 37.4592 ], [ -108.0761, 37.4578 ], [ -108.0762, 37.4543 ], [ -108.0773, 37.4511 ], [ -108.0766, 37.4475 ], [ -108.0787, 37.4456 ], [ -108.0795, 37.4444 ], [ -108.0797, 37.4427 ], [ -108.081, 37.4415 ], [ -108.0789, 37.4393 ], [ -108.0776, 37.4387 ], [ -108.0734, 37.4391 ], [ -108.0692, 37.4379 ], [ -108.0657, 37.4384 ], [ -108.0618, 37.4374 ], [ -108.0592, 37.4375 ], [ -108.0576, 37.438 ], [ -108.0536, 37.4373 ], [ -108.0525, 37.4378 ], [ -108.0484, 37.4426 ], [ -108.0445, 37.4426 ], [ -108.043, 37.445 ], [ -108.0424, 37.4483 ], [ -108.0382, 37.4522 ], [ -108.0392, 37.4557 ], [ -108.0383, 37.4576 ], [ -108.037, 37.4597 ], [ -108.0347, 37.4605 ], [ -108.0331, 37.4649 ], [ -108.0363, 37.4709 ], [ -108.0345, 37.4768 ], [ -108.0327, 37.4786 ], [ -108.0337, 37.48 ], [ -108.0337, 37.4845 ], [ -108.036, 37.4857 ], [ -108.0365, 37.488 ], [ -108.0364, 37.4911 ], [ -108.0345, 37.4971 ], [ -108.0362, 37.4994 ], [ -108.0376, 37.5028 ], [ -108.0358, 37.507 ], [ -108.0336, 37.5088 ], [ -108.0312, 37.5095 ], [ -108.0328, 37.5107 ], [ -108.0341, 37.5129 ], [ -108.034, 37.5154 ], [ -108.0321, 37.5184 ], [ -108.0343, 37.5222 ], [ -108.0344, 37.5238 ], [ -108.0335, 37.5265 ], [ -108.0347, 37.5329 ], [ -108.0319, 37.5343 ], [ -108.0285, 37.5367 ], [ -108.0255, 37.5398 ], [ -108.0239, 37.5433 ], [ -108.0237, 37.5463 ], [ -108.0215, 37.549 ], [ -108.0217, 37.5518 ], [ -108.02, 37.5537 ], [ -108.0205, 37.557 ], [ -108.0195, 37.5587 ], [ -108.0211, 37.5598 ], [ -108.0218, 37.5628 ], [ -108.0183, 37.5675 ], [ -108.0209, 37.5718 ], [ -108.0197, 37.5738 ], [ -108.0192, 37.5761 ], [ -108.02, 37.5783 ], [ -108.0198, 37.581 ], [ -108.0204, 37.5825 ], [ -108.0198, 37.5852 ], [ -108.0213, 37.5888 ], [ -108.0231, 37.591 ], [ -108.0218, 37.5917 ], [ -108.0176, 37.5922 ], [ -108.0163, 37.5939 ], [ -108.017, 37.5958 ], [ -108.0146, 37.5961 ], [ -108.014, 37.5965 ], [ -108.014, 37.5991 ], [ -108.0156, 37.6009 ], [ -108.014, 37.6042 ], [ -108.0102, 37.606 ], [ -108.0062, 37.6062 ], [ -108.0052, 37.6067 ], [ -108.0037, 37.6098 ], [ -108.0023, 37.6103 ], [ -108.0016, 37.6113 ], [ -108.0012, 37.6141 ], [ -108.0006, 37.6146 ], [ -108.0001, 37.6143 ], [ -107.997, 37.6145 ], [ -107.9946, 37.6156 ], [ -107.9932, 37.6191 ], [ -107.9911, 37.6205 ], [ -107.9904, 37.6223 ], [ -107.9885, 37.6247 ], [ -107.984, 37.6265 ], [ -107.9824, 37.6282 ], [ -107.9747, 37.6295 ], [ -107.9749, 37.6319 ], [ -107.9744, 37.6343 ], [ -107.9727, 37.6363 ], [ -107.9729, 37.6388 ], [ -107.9716, 37.6398 ], [ -107.9686, 37.6399 ], [ -107.967, 37.641 ], [ -107.9622, 37.6411 ], [ -107.9595, 37.6428 ], [ -107.9585, 37.6468 ], [ -107.9573, 37.6485 ], [ -107.9573, 37.6502 ], [ -107.9587, 37.6516 ], [ -107.9615, 37.6582 ], [ -107.9614, 37.6613 ], [ -107.9647, 37.6651 ], [ -107.9647, 37.6681 ], [ -107.9659, 37.6696 ], [ -107.966, 37.6718 ], [ -107.9688, 37.6755 ], [ -107.9694, 37.677 ], [ -107.9693, 37.679 ], [ -107.9721, 37.6819 ], [ -107.975, 37.6837 ], [ -107.9718, 37.687 ], [ -107.9705, 37.6878 ], [ -107.9707, 37.6902 ], [ -107.969, 37.6937 ], [ -107.9688, 37.6967 ], [ -107.9677, 37.698 ], [ -107.9659, 37.6981 ], [ -107.9649, 37.6988 ], [ -107.9635, 37.7006 ], [ -107.9583, 37.703 ], [ -107.9576, 37.705 ], [ -107.9526, 37.7069 ], [ -107.9507, 37.7062 ], [ -107.9494, 37.7063 ], [ -107.9492, 37.7068 ], [ -107.9448, 37.7063 ], [ -107.9437, 37.7056 ], [ -107.9415, 37.7028 ], [ -107.9373, 37.7025 ], [ -107.9363, 37.7031 ], [ -107.9348, 37.7053 ], [ -107.9325, 37.7062 ], [ -107.9302, 37.7089 ], [ -107.9286, 37.7098 ], [ -107.9259, 37.7105 ], [ -107.9212, 37.7103 ], [ -107.9178, 37.7109 ], [ -107.9146, 37.7123 ], [ -107.9117, 37.7124 ], [ -107.9112, 37.7126 ], [ -107.9118, 37.715 ], [ -107.9106, 37.7163 ], [ -107.9093, 37.7161 ], [ -107.9072, 37.7174 ], [ -107.9029, 37.7188 ], [ -107.9006, 37.7184 ], [ -107.8992, 37.7191 ], [ -107.8965, 37.719 ], [ -107.895, 37.7175 ], [ -107.8902, 37.7182 ], [ -107.8857, 37.7178 ], [ -107.8817, 37.7182 ], [ -107.8777, 37.7158 ], [ -107.875, 37.7192 ], [ -107.8738, 37.7199 ], [ -107.8731, 37.7218 ], [ -107.8757, 37.7262 ], [ -107.8746, 37.7298 ], [ -107.8754, 37.7326 ], [ -107.8758, 37.7388 ], [ -107.8694, 37.7457 ], [ -107.8662, 37.7471 ], [ -107.866, 37.749 ], [ -107.8646, 37.7505 ], [ -107.8645, 37.753 ], [ -107.8618, 37.756 ], [ -107.863, 37.7567 ], [ -107.8632, 37.7601 ], [ -107.8662, 37.7618 ], [ -107.8703, 37.7628 ], [ -107.8686, 37.767 ], [ -107.865, 37.769 ], [ -107.8654, 37.7716 ], [ -107.8634, 37.7725 ], [ -107.8616, 37.7747 ], [ -107.8603, 37.7755 ], [ -107.8511, 37.7762 ], [ -107.846, 37.7746 ], [ -107.8445, 37.7735 ], [ -107.8411, 37.774 ], [ -107.8405, 37.7745 ], [ -107.8388, 37.7793 ], [ -107.8361, 37.7828 ], [ -107.8328, 37.7841 ], [ -107.8276, 37.7894 ], [ -107.8247, 37.7901 ], [ -107.8238, 37.7932 ], [ -107.8222, 37.7956 ], [ -107.8286, 37.7993 ], [ -107.8279, 37.801 ], [ -107.8248, 37.8047 ], [ -107.8266, 37.8057 ], [ -107.829, 37.8085 ], [ -107.8293, 37.81 ], [ -107.8287, 37.8117 ], [ -107.8246, 37.8138 ], [ -107.8216, 37.8146 ], [ -107.8182, 37.8176 ], [ -107.8171, 37.8193 ], [ -107.8133, 37.8207 ], [ -107.8112, 37.821 ], [ -107.8098, 37.8232 ], [ -107.8085, 37.8241 ], [ -107.8046, 37.825 ], [ -107.8041, 37.8243 ], [ -107.7998, 37.823 ], [ -107.7966, 37.8227 ], [ -107.7953, 37.8253 ], [ -107.7945, 37.8292 ], [ -107.7928, 37.8305 ], [ -107.7926, 37.8317 ], [ -107.7905, 37.835 ], [ -107.7905, 37.8372 ], [ -107.7891, 37.8381 ], [ -107.7878, 37.8382 ], [ -107.7852, 37.8401 ], [ -107.7831, 37.8406 ], [ -107.7825, 37.8435 ], [ -107.7838, 37.8444 ], [ -107.7853, 37.8466 ], [ -107.783, 37.8487 ], [ -107.7818, 37.849 ], [ -107.78, 37.8486 ], [ -107.7796, 37.8492 ], [ -107.7793, 37.8529 ], [ -107.7805, 37.8531 ], [ -107.7793, 37.8569 ], [ -107.7808, 37.86 ], [ -107.7802, 37.8623 ], [ -107.7828, 37.8658 ], [ -107.7827, 37.8678 ], [ -107.7779, 37.8678 ], [ -107.7755, 37.8683 ], [ -107.7689, 37.8739 ], [ -107.7659, 37.8777 ], [ -107.7626, 37.8774 ], [ -107.7608, 37.8777 ], [ -107.756, 37.8831 ], [ -107.7566, 37.8854 ], [ -107.7562, 37.8901 ], [ -107.7528, 37.8913 ], [ -107.7498, 37.893 ], [ -107.7482, 37.895 ], [ -107.7491, 37.8978 ], [ -107.7441, 37.8986 ], [ -107.7413, 37.9008 ], [ -107.7404, 37.9027 ], [ -107.7383, 37.9053 ], [ -107.7369, 37.9045 ], [ -107.7324, 37.904 ], [ -107.7265, 37.9003 ], [ -107.7264, 37.8999 ], [ -107.7246, 37.8992 ], [ -107.7246, 37.8988 ], [ -107.7215, 37.8975 ], [ -107.7203, 37.8977 ], [ -107.7166, 37.8969 ], [ -107.7157, 37.8976 ], [ -107.7134, 37.8982 ], [ -107.7114, 37.8982 ], [ -107.7093, 37.8994 ], [ -107.709, 37.8989 ], [ -107.708, 37.8988 ], [ -107.7082, 37.8957 ], [ -107.7072, 37.894 ], [ -107.7051, 37.8939 ], [ -107.7016, 37.8928 ], [ -107.7003, 37.8934 ], [ -107.699, 37.8929 ], [ -107.6985, 37.8923 ], [ -107.697, 37.8927 ], [ -107.6958, 37.8924 ], [ -107.6941, 37.8934 ], [ -107.692, 37.8977 ], [ -107.6902, 37.8987 ], [ -107.6891, 37.9016 ], [ -107.6835, 37.9007 ], [ -107.6808, 37.904 ], [ -107.6785, 37.9044 ], [ -107.6756, 37.9034 ], [ -107.6732, 37.9033 ], [ -107.6714, 37.9027 ], [ -107.6666, 37.9029 ], [ -107.664, 37.9034 ], [ -107.6627, 37.9058 ], [ -107.6616, 37.9065 ], [ -107.6626, 37.9072 ], [ -107.6611, 37.9095 ], [ -107.6583, 37.9081 ], [ -107.657, 37.908 ], [ -107.6532, 37.9087 ], [ -107.6522, 37.9097 ], [ -107.6507, 37.9099 ], [ -107.6494, 37.9114 ], [ -107.6492, 37.9128 ], [ -107.6476, 37.9131 ], [ -107.6467, 37.9168 ], [ -107.6461, 37.9175 ], [ -107.6429, 37.9182 ], [ -107.6383, 37.9207 ], [ -107.6378, 37.9213 ], [ -107.6378, 37.9237 ], [ -107.6368, 37.9242 ], [ -107.6325, 37.9248 ], [ -107.6318, 37.9234 ], [ -107.6304, 37.9228 ], [ -107.6278, 37.9203 ], [ -107.6259, 37.9196 ], [ -107.6242, 37.9183 ], [ -107.6223, 37.9165 ], [ -107.6215, 37.9147 ], [ -107.6191, 37.9158 ], [ -107.6174, 37.9176 ], [ -107.6171, 37.9214 ], [ -107.6155, 37.9243 ], [ -107.6158, 37.9266 ], [ -107.6143, 37.9268 ], [ -107.6137, 37.9279 ], [ -107.6128, 37.934 ], [ -107.6089, 37.9352 ], [ -107.6078, 37.9361 ], [ -107.6076, 37.9369 ], [ -107.6061, 37.937 ], [ -107.6003, 37.9389 ], [ -107.597, 37.9408 ], [ -107.5957, 37.9424 ], [ -107.5954, 37.9447 ], [ -107.5919, 37.9458 ], [ -107.5905, 37.9476 ], [ -107.5893, 37.9477 ], [ -107.588, 37.9514 ], [ -107.5868, 37.9527 ], [ -107.5848, 37.953 ], [ -107.5796, 37.9559 ], [ -107.5785, 37.9589 ], [ -107.5762, 37.9597 ], [ -107.5751, 37.961 ], [ -107.5728, 37.9619 ], [ -107.5685, 37.9621 ], [ -107.5676, 37.9614 ], [ -107.5651, 37.9612 ], [ -107.5635, 37.9562 ], [ -107.5616, 37.9545 ], [ -107.5575, 37.9532 ], [ -107.5525, 37.9509 ], [ -107.5512, 37.9497 ], [ -107.541, 37.9482 ], [ -107.5372, 37.9473 ], [ -107.5351, 37.9452 ], [ -107.5327, 37.9438 ], [ -107.5326, 37.9405 ], [ -107.5342, 37.9386 ], [ -107.5343, 37.9371 ], [ -107.5377, 37.9346 ], [ -107.5383, 37.933 ], [ -107.5387, 37.9297 ], [ -107.5376, 37.9266 ], [ -107.5346, 37.9245 ], [ -107.5364, 37.9228 ], [ -107.5366, 37.9212 ], [ -107.5361, 37.9201 ], [ -107.5306, 37.9165 ], [ -107.5292, 37.9145 ], [ -107.5291, 37.9131 ], [ -107.5299, 37.9123 ], [ -107.5298, 37.9114 ], [ -107.5283, 37.9064 ], [ -107.5252, 37.9054 ], [ -107.5248, 37.9038 ], [ -107.5204, 37.9012 ], [ -107.522, 37.9002 ], [ -107.5228, 37.8977 ], [ -107.5244, 37.8968 ], [ -107.5265, 37.8965 ], [ -107.5262, 37.8935 ], [ -107.5283, 37.8907 ], [ -107.5314, 37.8892 ], [ -107.5336, 37.8893 ], [ -107.5327, 37.8842 ], [ -107.5367, 37.8798 ], [ -107.5354, 37.8767 ], [ -107.5356, 37.8737 ], [ -107.5319, 37.8725 ], [ -107.5265, 37.8692 ], [ -107.5241, 37.8662 ], [ -107.5243, 37.8649 ], [ -107.5226, 37.8639 ], [ -107.5223, 37.8624 ], [ -107.5209, 37.8617 ], [ -107.5205, 37.859 ], [ -107.5187, 37.8581 ], [ -107.5181, 37.8571 ], [ -107.5189, 37.8486 ], [ -107.5194, 37.8481 ], [ -107.5207, 37.8481 ], [ -107.5209, 37.8449 ], [ -107.5221, 37.8441 ], [ -107.5224, 37.8421 ], [ -107.5221, 37.8414 ], [ -107.5209, 37.8417 ], [ -107.5199, 37.841 ], [ -107.5201, 37.8394 ], [ -107.5184, 37.8389 ], [ -107.5162, 37.8344 ] ] ] } },
{ "type": "Feature", "properties": { "id": "110300" }, "geometry": { "type": "MultiPolygon", "coordinates": [ [ [ [ -102.0446, 38.0246 ], [ -102.0434, 37.8928 ], [ -102.0501, 37.8992 ], [ -102.0525, 37.8997 ], [ -102.0568, 37.8999 ], [ -102.0639, 37.903 ], [ -102.0669, 37.9033 ], [ -102.074, 37.9003 ], [ -102.078, 37.8997 ], [ -102.0791, 37.9002 ], [ -102.083, 37.9049 ], [ -102.0876, 37.9069 ], [ -102.09, 37.9095 ], [ -102.0964, 37.9127 ], [ -102.0981, 37.9124 ], [ -102.0996, 37.9111 ], [ -102.1016, 37.9103 ], [ -102.1093, 37.9097 ], [ -102.1124, 37.9016 ], [ -102.1161, 37.8978 ], [ -102.1179, 37.8951 ], [ -102.1215, 37.8918 ], [ -102.1245, 37.8864 ], [ -102.1281, 37.8839 ], [ -102.1321, 37.8826 ], [ -102.1329, 37.882 ], [ -102.1337, 37.8804 ], [ -102.1346, 37.8758 ], [ -102.1366, 37.8721 ], [ -102.1376, 37.8708 ], [ -102.1406, 37.8695 ], [ -102.1415, 37.866 ], [ -102.1448, 37.8638 ], [ -102.1459, 37.8611 ], [ -102.1458, 37.8596 ], [ -102.1481, 37.8559 ], [ -102.1521, 37.8534 ], [ -102.1528, 37.8553 ], [ -102.1522, 37.8638 ], [ -102.1497, 37.8704 ], [ -102.15, 37.8731 ], [ -102.1491, 37.8735 ], [ -102.1488, 37.8749 ], [ -102.1482, 37.8752 ], [ -102.1488, 37.8761 ], [ -102.1487, 37.8789 ], [ -102.1471, 37.8817 ], [ -102.1439, 37.8819 ], [ -102.1431, 37.8845 ], [ -102.1412, 37.8852 ], [ -102.1404, 37.8913 ], [ -102.1355, 37.8991 ], [ -102.1334, 37.9049 ], [ -102.1318, 37.907 ], [ -102.132, 37.9091 ], [ -102.1314, 37.9131 ], [ -102.1287, 37.9148 ], [ -102.1262, 37.9204 ], [ -102.1222, 37.9261 ], [ -102.1209, 37.93 ], [ -102.1213, 37.9311 ], [ -102.1204, 37.9352 ], [ -102.1205, 37.9377 ], [ -102.1177, 37.9394 ], [ -102.1168, 37.9415 ], [ -102.1158, 37.9488 ], [ -102.1145, 37.9516 ], [ -102.1131, 37.9589 ], [ -102.1103, 37.9644 ], [ -102.11, 37.9691 ], [ -102.1074, 37.9717 ], [ -102.1065, 37.9742 ], [ -102.1038, 37.9776 ], [ -102.1034, 37.9793 ], [ -102.0984, 37.9787 ], [ -102.0967, 37.98 ], [ -102.097, 37.9806 ], [ -102.0953, 37.9827 ], [ -102.0932, 37.9873 ], [ -102.0916, 37.9888 ], [ -102.0899, 37.9929 ], [ -102.0848, 37.9954 ], [ -102.0841, 37.9964 ], [ -102.0843, 37.9983 ], [ -102.08, 38.0016 ], [ -102.0788, 38.0038 ], [ -102.0781, 38.0086 ], [ -102.0627, 38.0121 ], [ -102.0585, 38.0118 ], [ -102.0579, 38.0123 ], [ -102.0573, 38.0158 ], [ -102.0551, 38.0218 ], [ -102.0549, 38.0242 ], [ -102.0496, 38.029 ], [ -102.047, 38.0329 ], [ -102.0457, 38.0437 ], [ -102.0469, 38.0495 ], [ -102.047, 38.0533 ], [ -102.0464, 38.0554 ], [ -102.0458, 38.0563 ], [ -102.0446, 38.0569 ], [ -102.0446, 38.0246 ] ] ], [ [ [ -102.3529, 38.7302 ], [ -102.3518, 38.73 ], [ -102.349, 38.7278 ], [ -102.3457, 38.7269 ], [ -102.3403, 38.7291 ], [ -102.3346, 38.7298 ], [ -102.3311, 38.7297 ], [ -102.3248, 38.7226 ], [ -102.3181, 38.7184 ], [ -102.307, 38.7135 ], [ -102.3003, 38.7121 ], [ -102.2966, 38.7108 ], [ -102.2935, 38.709 ], [ -102.2913, 38.7067 ], [ -102.2844, 38.7035 ], [ -102.2802, 38.7009 ], [ -102.2758, 38.7015 ], [ -102.271, 38.6994 ], [ -102.2675, 38.6996 ], [ -102.2643, 38.7001 ], [ -102.2631, 38.7008 ], [ -102.261, 38.704 ], [ -102.2598, 38.7048 ], [ -102.2575, 38.7045 ], [ -102.2558, 38.705 ], [ -102.2526, 38.7035 ], [ -102.2491, 38.7035 ], [ -102.2416, 38.6999 ], [ -102.2363, 38.6982 ], [ -102.2302, 38.694 ], [ -102.2248, 38.6916 ], [ -102.2193, 38.69 ], [ -102.2159, 38.6898 ], [ -102.2115, 38.6915 ], [ -102.2067, 38.6885 ], [ -102.2043, 38.6889 ], [ -102.1995, 38.6862 ], [ -102.1929, 38.6805 ], [ -102.1876, 38.6787 ], [ -102.1834, 38.6775 ], [ -102.1817, 38.6787 ], [ -102.1784, 38.6767 ], [ -102.1694, 38.6741 ], [ -102.152, 38.6708 ], [ -102.1448, 38.6679 ], [ -102.1404, 38.6667 ], [ -102.137, 38.667 ], [ -102.1242, 38.6657 ], [ -102.1158, 38.6655 ], [ -102.1135, 38.6662 ], [ -102.1105, 38.6686 ], [ -102.1086, 38.6686 ], [ -102.1026, 38.6673 ], [ -102.1027, 38.6654 ], [ -102.1017, 38.6641 ], [ -102.1016, 38.6625 ], [ -102.1005, 38.6612 ], [ -102.0958, 38.6591 ], [ -102.0905, 38.6585 ], [ -102.0836, 38.6585 ], [ -102.0759, 38.6594 ], [ -102.069, 38.6627 ], [ -102.0631, 38.6621 ], [ -102.0593, 38.6622 ], [ -102.0532, 38.6637 ], [ -102.0513, 38.6645 ], [ -102.0507, 38.6653 ], [ -102.0492, 38.6649 ], [ -102.0473, 38.6633 ], [ -102.0452, 38.6633 ], [ -102.0453, 38.4537 ], [ -102.0449, 38.42 ], [ -102.0445, 38.4158 ], [ -102.0451, 38.375 ], [ -102.0445, 38.3452 ], [ -102.0486, 38.3497 ], [ -102.055, 38.3614 ], [ -102.0601, 38.3694 ], [ -102.061, 38.3721 ], [ -102.0621, 38.3737 ], [ -102.0656, 38.3741 ], [ -102.0832, 38.3703 ], [ -102.0875, 38.3709 ], [ -102.0903, 38.3727 ], [ -102.0926, 38.3729 ], [ -102.0963, 38.3722 ], [ -102.1006, 38.3704 ], [ -102.1038, 38.37 ], [ -102.1086, 38.3705 ], [ -102.1135, 38.3736 ], [ -102.1175, 38.3773 ], [ -102.1177, 38.3785 ], [ -102.116, 38.3835 ], [ -102.1164, 38.3857 ], [ -102.1223, 38.387 ], [ -102.1291, 38.3873 ], [ -102.1368, 38.3898 ], [ -102.1551, 38.3939 ], [ -102.1605, 38.3939 ], [ -102.1664, 38.3931 ], [ -102.175, 38.3905 ], [ -102.1832, 38.3873 ], [ -102.1872, 38.3856 ], [ -102.1928, 38.3795 ], [ -102.1952, 38.3783 ], [ -102.1975, 38.3781 ], [ -102.215, 38.3793 ], [ -102.2201, 38.3773 ], [ -102.2314, 38.3777 ], [ -102.2382, 38.3773 ], [ -102.2426, 38.3766 ], [ -102.2463, 38.3752 ], [ -102.2516, 38.3744 ], [ -102.2658, 38.3746 ], [ -102.2742, 38.3755 ], [ -102.278, 38.375 ], [ -102.2897, 38.3703 ], [ -102.2924, 38.3694 ], [ -102.2947, 38.3693 ], [ -102.3075, 38.3692 ], [ -102.3086, 38.3698 ], [ -102.3203, 38.3812 ], [ -102.3332, 38.3901 ], [ -102.3356, 38.3924 ], [ -102.3373, 38.396 ], [ -102.3378, 38.4003 ], [ -102.3372, 38.4073 ], [ -102.3355, 38.4124 ], [ -102.3359, 38.4192 ], [ -102.3392, 38.4291 ], [ -102.3348, 38.4323 ], [ -102.3287, 38.4406 ], [ -102.3218, 38.4451 ], [ -102.3199, 38.4474 ], [ -102.3191, 38.4493 ], [ -102.3191, 38.4535 ], [ -102.3201, 38.4616 ], [ -102.3185, 38.4662 ], [ -102.3166, 38.4684 ], [ -102.31, 38.4739 ], [ -102.3088, 38.4767 ], [ -102.309, 38.4792 ], [ -102.3111, 38.4832 ], [ -102.3231, 38.4999 ], [ -102.3231, 38.5012 ], [ -102.3216, 38.5042 ], [ -102.3214, 38.5056 ], [ -102.3217, 38.5091 ], [ -102.3227, 38.5122 ], [ -102.3258, 38.5169 ], [ -102.3295, 38.5195 ], [ -102.3373, 38.5238 ], [ -102.3392, 38.5267 ], [ -102.338, 38.533 ], [ -102.3381, 38.5352 ], [ -102.3412, 38.5415 ], [ -102.3424, 38.5427 ], [ -102.3462, 38.5431 ], [ -102.3521, 38.5465 ], [ -102.3635, 38.5564 ], [ -102.3665, 38.5576 ], [ -102.367, 38.5581 ], [ -102.3675, 38.5611 ], [ -102.3689, 38.5629 ], [ -102.3797, 38.572 ], [ -102.3837, 38.5766 ], [ -102.3856, 38.5774 ], [ -102.3904, 38.5776 ], [ -102.3981, 38.58 ], [ -102.3982, 38.5825 ], [ -102.3949, 38.5843 ], [ -102.3928, 38.5875 ], [ -102.3934, 38.5919 ], [ -102.395, 38.5941 ], [ -102.3986, 38.5969 ], [ -102.4033, 38.6026 ], [ -102.4064, 38.6034 ], [ -102.4073, 38.604 ], [ -102.4107, 38.6107 ], [ -102.4168, 38.619 ], [ -102.4201, 38.6262 ], [ -102.4242, 38.6316 ], [ -102.4255, 38.6373 ], [ -102.4282, 38.6411 ], [ -102.4301, 38.6475 ], [ -102.433, 38.6508 ], [ -102.4358, 38.6527 ], [ -102.4355, 38.6549 ], [ -102.4442, 38.6582 ], [ -102.4445, 38.6589 ], [ -102.4495, 38.6607 ], [ -102.4515, 38.6625 ], [ -102.4548, 38.6636 ], [ -102.4564, 38.6651 ], [ -102.4584, 38.6657 ], [ -102.4597, 38.6668 ], [ -102.4611, 38.67 ], [ -102.4634, 38.6777 ], [ -102.465, 38.6802 ], [ -102.467, 38.6816 ], [ -102.4806, 38.6872 ], [ -102.4816, 38.6889 ], [ -102.4833, 38.6988 ], [ -102.4862, 38.703 ], [ -102.4905, 38.7076 ], [ -102.4919, 38.7112 ], [ -102.4856, 38.7068 ], [ -102.4817, 38.7064 ], [ -102.4686, 38.7033 ], [ -102.4668, 38.702 ], [ -102.4653, 38.7042 ], [ -102.4651, 38.7077 ], [ -102.4597, 38.7092 ], [ -102.4552, 38.711 ], [ -102.449, 38.7113 ], [ -102.4449, 38.7123 ], [ -102.4404, 38.714 ], [ -102.4382, 38.7141 ], [ -102.434, 38.7126 ], [ -102.4308, 38.7131 ], [ -102.4289, 38.7122 ], [ -102.4271, 38.7103 ], [ -102.4249, 38.7096 ], [ -102.4233, 38.7096 ], [ -102.4219, 38.7101 ], [ -102.4221, 38.7128 ], [ -102.42, 38.7142 ], [ -102.4171, 38.7144 ], [ -102.4135, 38.7132 ], [ -102.4102, 38.7156 ], [ -102.4035, 38.7174 ], [ -102.3992, 38.7175 ], [ -102.3937, 38.7188 ], [ -102.3911, 38.7183 ], [ -102.3874, 38.7224 ], [ -102.3855, 38.7231 ], [ -102.3833, 38.7226 ], [ -102.3782, 38.7231 ], [ -102.3707, 38.7224 ], [ -102.3677, 38.7237 ], [ -102.3649, 38.7242 ], [ -102.3644, 38.7261 ], [ -102.3629, 38.7269 ], [ -102.3599, 38.7274 ], [ -102.3577, 38.7273 ], [ -102.3569, 38.7302 ], [ -102.3529, 38.7302 ] ] ] ] } },
{ "type": "Feature", "properties": { "id": "102500" }, "geometry": { "type": "Polygon", "coordinates": [ [ [ -102.0515, 40.9594 ], [ -102.0513, 40.7398 ], [ -102.0517, 40.5378 ], [ -102.0513, 40.4857 ], [ -102.0519, 40.3964 ], [ -102.0513, 40.3384 ], [ -102.052, 40.2015 ], [ -102.0517, 39.8477 ], [ -102.0505, 39.6611 ], [ -102.0501, 39.654 ], [ -102.0492, 39.375 ], [ -102.0477, 39.215 ], [ -102.0573, 39.2136 ], [ -102.0633, 39.212 ], [ -102.0664, 39.2128 ], [ -102.0707, 39.2153 ], [ -102.0734, 39.2157 ], [ -102.0861, 39.2111 ], [ -102.0884, 39.2108 ], [ -102.0917, 39.2126 ], [ -102.0944, 39.215 ], [ -102.097, 39.216 ], [ -102.1065, 39.2162 ], [ -102.1137, 39.2191 ], [ -102.1168, 39.2196 ], [ -102.1258, 39.2148 ], [ -102.1338, 39.2138 ], [ -102.1412, 39.2114 ], [ -102.1559, 39.211 ], [ -102.1649, 39.2101 ], [ -102.1687, 39.2082 ], [ -102.1721, 39.2059 ], [ -102.1758, 39.2023 ], [ -102.1799, 39.2023 ], [ -102.1832, 39.2029 ], [ -102.1922, 39.2056 ], [ -102.198, 39.2063 ], [ -102.2015, 39.2059 ], [ -102.2105, 39.2019 ], [ -102.2187, 39.1995 ], [ -102.2331, 39.197 ], [ -102.2378, 39.1926 ], [ -102.2384, 39.191 ], [ -102.2459, 39.1882 ], [ -102.2464, 39.1851 ], [ -102.2474, 39.1849 ], [ -102.2506, 39.1871 ], [ -102.2557, 39.1866 ], [ -102.2587, 39.1892 ], [ -102.2624, 39.1895 ], [ -102.2661, 39.1893 ], [ -102.2673, 39.1889 ], [ -102.2694, 39.187 ], [ -102.2765, 39.1874 ], [ -102.28, 39.1865 ], [ -102.2851, 39.1895 ], [ -102.2891, 39.1895 ], [ -102.2966, 39.1887 ], [ -102.3054, 39.1843 ], [ -102.3116, 39.1798 ], [ -102.3152, 39.1779 ], [ -102.3246, 39.1746 ], [ -102.3281, 39.1729 ], [ -102.3334, 39.1634 ], [ -102.3355, 39.1623 ], [ -102.3387, 39.1616 ], [ -102.3491, 39.1627 ], [ -102.3565, 39.1613 ], [ -102.354, 39.159 ], [ -102.3537, 39.1567 ], [ -102.3559, 39.1491 ], [ -102.3571, 39.1484 ], [ -102.3601, 39.1472 ], [ -102.3657, 39.1458 ], [ -102.3688, 39.1455 ], [ -102.3773, 39.1456 ], [ -102.3808, 39.1436 ], [ -102.3853, 39.1433 ], [ -102.3864, 39.1419 ], [ -102.3876, 39.1371 ], [ -102.3886, 39.1347 ], [ -102.3894, 39.134 ], [ -102.3904, 39.1342 ], [ -102.3932, 39.1362 ], [ -102.3959, 39.1362 ], [ -102.3992, 39.1382 ], [ -102.4061, 39.1294 ], [ -102.4088, 39.1284 ], [ -102.415, 39.1271 ], [ -102.4214, 39.1237 ], [ -102.4243, 39.1233 ], [ -102.428, 39.1204 ], [ -102.432, 39.1158 ], [ -102.4333, 39.1151 ], [ -102.4384, 39.1162 ], [ -102.445, 39.1205 ], [ -102.4497, 39.1212 ], [ -102.4513, 39.1209 ], [ -102.4587, 39.1212 ], [ -102.4629, 39.1231 ], [ -102.4658, 39.1207 ], [ -102.4683, 39.12 ], [ -102.4714, 39.12 ], [ -102.4726, 39.1211 ], [ -102.4842, 39.1142 ], [ -102.5039, 39.1141 ], [ -102.5063, 39.1137 ], [ -102.5083, 39.1123 ], [ -102.5101, 39.112 ], [ -102.5143, 39.114 ], [ -102.516, 39.1142 ], [ -102.5357, 39.1127 ], [ -102.5367, 39.1136 ], [ -102.539, 39.1184 ], [ -102.5402, 39.1198 ], [ -102.5415, 39.1203 ], [ -102.5433, 39.1206 ], [ -102.5523, 39.1201 ], [ -102.5567, 39.1191 ], [ -102.5605, 39.1204 ], [ -102.5644, 39.1232 ], [ -102.5677, 39.1239 ], [ -102.5672, 39.1218 ], [ -102.569, 39.1208 ], [ -102.5691, 39.1191 ], [ -102.5708, 39.1185 ], [ -102.5706, 39.1149 ], [ -102.5721, 39.1146 ], [ -102.5763, 39.1121 ], [ -102.5772, 39.1113 ], [ -102.5775, 39.1091 ], [ -102.579, 39.1082 ], [ -102.5835, 39.1063 ], [ -102.585, 39.1053 ], [ -102.5917, 39.1059 ], [ -102.5951, 39.1033 ], [ -102.5978, 39.1021 ], [ -102.5996, 39.1025 ], [ -102.6016, 39.1047 ], [ -102.605, 39.1064 ], [ -102.607, 39.1067 ], [ -102.6128, 39.1062 ], [ -102.6167, 39.1044 ], [ -102.6179, 39.1013 ], [ -102.62, 39.0992 ], [ -102.6232, 39.0947 ], [ -102.6238, 39.0939 ], [ -102.6262, 39.0933 ], [ -102.6288, 39.094 ], [ -102.6304, 39.098 ], [ -102.6322, 39.0997 ], [ -102.6333, 39.1018 ], [ -102.639, 39.1014 ], [ -102.6436, 39.1 ], [ -102.6445, 39.1007 ], [ -102.6458, 39.1038 ], [ -102.6466, 39.1077 ], [ -102.6506, 39.1132 ], [ -102.6567, 39.1171 ], [ -102.66, 39.1117 ], [ -102.66, 39.1078 ], [ -102.6625, 39.1042 ], [ -102.6642, 39.1006 ], [ -102.6656, 39.0995 ], [ -102.6655, 39.0982 ], [ -102.6692, 39.094 ], [ -102.6694, 39.0917 ], [ -102.6708, 39.0907 ], [ -102.6712, 39.0897 ], [ -102.6732, 39.0885 ], [ -102.6737, 39.0872 ], [ -102.6752, 39.0856 ], [ -102.6765, 39.0852 ], [ -102.6801, 39.0867 ], [ -102.6818, 39.0847 ], [ -102.6841, 39.0851 ], [ -102.6882, 39.0846 ], [ -102.6932, 39.0802 ], [ -102.6939, 39.0789 ], [ -102.6965, 39.0774 ], [ -102.6983, 39.0744 ], [ -102.7018, 39.0736 ], [ -102.7031, 39.0697 ], [ -102.7056, 39.0674 ], [ -102.7086, 39.0636 ], [ -102.7162, 39.0641 ], [ -102.7208, 39.0614 ], [ -102.7227, 39.0598 ], [ -102.7258, 39.0587 ], [ -102.7302, 39.0532 ], [ -102.7314, 39.0501 ], [ -102.7326, 39.0493 ], [ -102.7447, 39.0468 ], [ -102.7535, 39.0482 ], [ -102.7582, 39.0508 ], [ -102.7672, 39.0503 ], [ -102.7713, 39.0509 ], [ -102.7745, 39.0523 ], [ -102.776, 39.0513 ], [ -102.7798, 39.0511 ], [ -102.7831, 39.0478 ], [ -102.7853, 39.0464 ], [ -102.7879, 39.0452 ], [ -102.7933, 39.0438 ], [ -102.7998, 39.0444 ], [ -102.8037, 39.0428 ], [ -102.8081, 39.0421 ], [ -102.8103, 39.0429 ], [ -102.8214, 39.0435 ], [ -102.8251, 39.0449 ], [ -102.8275, 39.045 ], [ -102.8297, 39.0439 ], [ -102.8309, 39.0417 ], [ -102.8351, 39.0384 ], [ -102.8424, 39.0342 ], [ -102.8437, 39.0342 ], [ -102.8481, 39.0353 ], [ -102.8512, 39.035 ], [ -102.8543, 39.0365 ], [ -102.8565, 39.0362 ], [ -102.8589, 39.0374 ], [ -102.8602, 39.0375 ], [ -102.8624, 39.0369 ], [ -102.8655, 39.0354 ], [ -102.8713, 39.0286 ], [ -102.8722, 39.0293 ], [ -102.8724, 39.0317 ], [ -102.8742, 39.0359 ], [ -102.8752, 39.0373 ], [ -102.8771, 39.0386 ], [ -102.8853, 39.0415 ], [ -102.8887, 39.04 ], [ -102.8891, 39.0412 ], [ -102.8899, 39.0413 ], [ -102.8938, 39.0396 ], [ -102.8954, 39.0413 ], [ -102.8974, 39.0415 ], [ -102.9, 39.0431 ], [ -102.9011, 39.0419 ], [ -102.9049, 39.0396 ], [ -102.907, 39.0403 ], [ -102.9086, 39.0399 ], [ -102.9101, 39.0359 ], [ -102.9119, 39.0352 ], [ -102.9139, 39.0325 ], [ -102.9186, 39.0319 ], [ -102.9214, 39.0349 ], [ -102.923, 39.0377 ], [ -102.9272, 39.0366 ], [ -102.9294, 39.0338 ], [ -102.9303, 39.0343 ], [ -102.9316, 39.0361 ], [ -102.9335, 39.0362 ], [ -102.935, 39.0372 ], [ -102.9376, 39.0401 ], [ -102.9384, 39.043 ], [ -102.9413, 39.0448 ], [ -102.9451, 39.0491 ], [ -102.9462, 39.0497 ], [ -102.9479, 39.0493 ], [ -102.9488, 39.0479 ], [ -102.9526, 39.0474 ], [ -102.9561, 39.0456 ], [ -102.9564, 39.0445 ], [ -102.9579, 39.0432 ], [ -102.9594, 39.0436 ], [ -102.9613, 39.0397 ], [ -102.9658, 39.0347 ], [ -102.9686, 39.0351 ], [ -102.971, 39.0375 ], [ -102.9718, 39.0376 ], [ -102.9761, 39.0375 ], [ -102.9785, 39.0362 ], [ -102.9803, 39.0364 ], [ -102.9828, 39.0357 ], [ -102.9842, 39.0358 ], [ -102.9858, 39.0375 ], [ -102.9893, 39.0398 ], [ -102.993, 39.0416 ], [ -102.9947, 39.0414 ], [ -102.9998, 39.0378 ], [ -103.0031, 39.038 ], [ -103.0056, 39.0395 ], [ -103.0076, 39.0393 ], [ -103.0103, 39.0377 ], [ -103.0119, 39.0383 ], [ -103.0132, 39.0381 ], [ -103.0139, 39.0372 ], [ -103.0173, 39.0382 ], [ -103.0184, 39.037 ], [ -103.021, 39.0359 ], [ -103.022, 39.0336 ], [ -103.0254, 39.0351 ], [ -103.0288, 39.0356 ], [ -103.0302, 39.0365 ], [ -103.0337, 39.0349 ], [ -103.0387, 39.0359 ], [ -103.0401, 39.0353 ], [ -103.0418, 39.0371 ], [ -103.0469, 39.0344 ], [ -103.0528, 39.0326 ], [ -103.0534, 39.034 ], [ -103.0542, 39.0343 ], [ -103.0574, 39.0332 ], [ -103.0595, 39.0319 ], [ -103.0613, 39.0319 ], [ -103.0636, 39.0332 ], [ -103.0652, 39.033 ], [ -103.0665, 39.032 ], [ -103.0688, 39.0321 ], [ -103.0714, 39.0326 ], [ -103.0749, 39.0367 ], [ -103.0786, 39.0398 ], [ -103.0803, 39.0401 ], [ -103.0812, 39.0393 ], [ -103.0822, 39.0407 ], [ -103.0847, 39.042 ], [ -103.0861, 39.046 ], [ -103.0874, 39.0475 ], [ -103.0876, 39.0506 ], [ -103.0897, 39.0538 ], [ -103.0895, 39.0557 ], [ -103.0935, 39.0541 ], [ -103.1009, 39.0542 ], [ -103.1049, 39.053 ], [ -103.1091, 39.0534 ], [ -103.11, 39.0525 ], [ -103.1122, 39.0478 ], [ -103.1181, 39.0466 ], [ -103.1197, 39.0443 ], [ -103.1243, 39.0424 ], [ -103.1258, 39.0402 ], [ -103.129, 39.0385 ], [ -103.132, 39.042 ], [ -103.1362, 39.0494 ], [ -103.1387, 39.0525 ], [ -103.1419, 39.0548 ], [ -103.1462, 39.0554 ], [ -103.1525, 39.0592 ], [ -103.1531, 39.0605 ], [ -103.1548, 39.0597 ], [ -103.1579, 39.0592 ], [ -103.1588, 39.0593 ], [ -103.1591, 39.0599 ], [ -103.1603, 39.0599 ], [ -103.1722, 39.0536 ], [ -103.1737, 39.0533 ], [ -103.1972, 39.0584 ], [ -103.2002, 39.062 ], [ -103.2015, 39.0653 ], [ -103.2074, 39.069 ], [ -103.2097, 39.0726 ], [ -103.2095, 39.0741 ], [ -103.2131, 39.0771 ], [ -103.2151, 39.0781 ], [ -103.2207, 39.0785 ], [ -103.2238, 39.0781 ], [ -103.2247, 39.0775 ], [ -103.2252, 39.0747 ], [ -103.2267, 39.0759 ], [ -103.2293, 39.0739 ], [ -103.2324, 39.0731 ], [ -103.234, 39.0746 ], [ -103.2371, 39.0753 ], [ -103.2404, 39.0786 ], [ -103.2422, 39.0787 ], [ -103.2461, 39.0803 ], [ -103.2493, 39.0867 ], [ -103.2505, 39.0942 ], [ -103.2547, 39.0996 ], [ -103.2569, 39.104 ], [ -103.2586, 39.1048 ], [ -103.2592, 39.1059 ], [ -103.2589, 39.1074 ], [ -103.2595, 39.1076 ], [ -103.2592, 39.1085 ], [ -103.2603, 39.1123 ], [ -103.2635, 39.1152 ], [ -103.2649, 39.1181 ], [ -103.269, 39.1167 ], [ -103.2706, 39.117 ], [ -103.2764, 39.1211 ], [ -103.2805, 39.1227 ], [ -103.2815, 39.1249 ], [ -103.2898, 39.1275 ], [ -103.2907, 39.1266 ], [ -103.2926, 39.126 ], [ -103.2955, 39.1257 ], [ -103.2986, 39.1265 ], [ -103.3046, 39.132 ], [ -103.3068, 39.1368 ], [ -103.3081, 39.1382 ], [ -103.3079, 39.1406 ], [ -103.3086, 39.1428 ], [ -103.3111, 39.1439 ], [ -103.3129, 39.1458 ], [ -103.3156, 39.1469 ], [ -103.315, 39.1508 ], [ -103.3173, 39.1525 ], [ -103.3171, 39.1554 ], [ -103.3149, 39.1583 ], [ -103.3139, 39.1609 ], [ -103.3136, 39.1638 ], [ -103.3123, 39.1651 ], [ -103.3125, 39.167 ], [ -103.3217, 39.1731 ], [ -103.3253, 39.1745 ], [ -103.3302, 39.1746 ], [ -103.3312, 39.1759 ], [ -103.3327, 39.1764 ], [ -103.3349, 39.1789 ], [ -103.3361, 39.1831 ], [ -103.3399, 39.1862 ], [ -103.3413, 39.1901 ], [ -103.341, 39.1935 ], [ -103.3445, 39.1977 ], [ -103.3515, 39.2145 ], [ -103.3507, 39.2176 ], [ -103.3543, 39.217 ], [ -103.3556, 39.2177 ], [ -103.3583, 39.2175 ], [ -103.3651, 39.2156 ], [ -103.3648, 39.2112 ], [ -103.3651, 39.2109 ], [ -103.3663, 39.2112 ], [ -103.3694, 39.214 ], [ -103.3721, 39.2143 ], [ -103.3752, 39.2157 ], [ -103.377, 39.2155 ], [ -103.383, 39.2161 ], [ -103.3893, 39.2149 ], [ -103.3902, 39.2182 ], [ -103.3914, 39.2196 ], [ -103.3922, 39.22 ], [ -103.3975, 39.2206 ], [ -103.3988, 39.2214 ], [ -103.4007, 39.2239 ], [ -103.4033, 39.2332 ], [ -103.4041, 39.2345 ], [ -103.4074, 39.2371 ], [ -103.4105, 39.238 ], [ -103.4118, 39.2399 ], [ -103.414, 39.2411 ], [ -103.4161, 39.2418 ], [ -103.4177, 39.242 ], [ -103.4188, 39.2416 ], [ -103.4223, 39.2423 ], [ -103.4234, 39.2404 ], [ -103.4251, 39.2401 ], [ -103.4291, 39.2417 ], [ -103.4315, 39.242 ], [ -103.4339, 39.2429 ], [ -103.4369, 39.2422 ], [ -103.4388, 39.2404 ], [ -103.4402, 39.2411 ], [ -103.4433, 39.2415 ], [ -103.4449, 39.2412 ], [ -103.4449, 39.2404 ], [ -103.4462, 39.2398 ], [ -103.4476, 39.2411 ], [ -103.4503, 39.2461 ], [ -103.4591, 39.2561 ], [ -103.4629, 39.2567 ], [ -103.4641, 39.2579 ], [ -103.4667, 39.2592 ], [ -103.4676, 39.2606 ], [ -103.469, 39.2617 ], [ -103.475, 39.2627 ], [ -103.4792, 39.2656 ], [ -103.484, 39.2679 ], [ -103.4868, 39.2684 ], [ -103.4882, 39.2696 ], [ -103.498, 39.2699 ], [ -103.4989, 39.2714 ], [ -103.5015, 39.273 ], [ -103.508, 39.2744 ], [ -103.5116, 39.2777 ], [ -103.5189, 39.277 ], [ -103.5193, 39.2745 ], [ -103.5211, 39.2741 ], [ -103.5221, 39.2744 ], [ -103.5231, 39.2757 ], [ -103.5242, 39.276 ], [ -103.5251, 39.2758 ], [ -103.5261, 39.2743 ], [ -103.5288, 39.2772 ], [ -103.535, 39.2746 ], [ -103.5362, 39.2746 ], [ -103.5382, 39.2762 ], [ -103.5428, 39.278 ], [ -103.5444, 39.2779 ], [ -103.5483, 39.2758 ], [ -103.5504, 39.2755 ], [ -103.5535, 39.2753 ], [ -103.5543, 39.2758 ], [ -103.5578, 39.2764 ], [ -103.5603, 39.2791 ], [ -103.5596, 39.2825 ], [ -103.5602, 39.284 ], [ -103.5676, 39.2886 ], [ -103.5813, 39.294 ], [ -103.5949, 39.3022 ], [ -103.601, 39.3022 ], [ -103.6028, 39.3031 ], [ -103.6055, 39.3089 ], [ -103.6069, 39.3146 ], [ -103.6068, 39.3182 ], [ -103.6077, 39.3187 ], [ -103.6105, 39.3185 ], [ -103.6139, 39.3233 ], [ -103.6151, 39.3333 ], [ -103.6158, 39.3343 ], [ -103.6186, 39.3362 ], [ -103.6199, 39.3349 ], [ -103.6217, 39.3343 ], [ -103.623, 39.3346 ], [ -103.6253, 39.3363 ], [ -103.6277, 39.3361 ], [ -103.6313, 39.339 ], [ -103.6326, 39.3392 ], [ -103.6345, 39.3405 ], [ -103.6374, 39.3493 ], [ -103.6386, 39.3511 ], [ -103.6401, 39.3511 ], [ -103.6439, 39.353 ], [ -103.6472, 39.3534 ], [ -103.651, 39.3551 ], [ -103.6533, 39.3565 ], [ -103.6564, 39.3576 ], [ -103.6584, 39.3597 ], [ -103.6613, 39.3613 ], [ -103.6707, 39.3625 ], [ -103.6722, 39.3638 ], [ -103.6767, 39.3653 ], [ -103.6786, 39.3674 ], [ -103.6826, 39.3694 ], [ -103.6851, 39.3721 ], [ -103.6862, 39.3723 ], [ -103.6892, 39.3717 ], [ -103.6906, 39.3725 ], [ -103.6922, 39.3722 ], [ -103.694, 39.3732 ], [ -103.6948, 39.3745 ], [ -103.6984, 39.3744 ], [ -103.6988, 39.3739 ], [ -103.6978, 39.3721 ], [ -103.6989, 39.3709 ], [ -103.7037, 39.3733 ], [ -103.7055, 39.3725 ], [ -103.7065, 39.3726 ], [ -103.7111, 39.3716 ], [ -103.7118, 39.3704 ], [ -103.7141, 39.3694 ], [ -103.7179, 39.3691 ], [ -103.7188, 39.3674 ], [ -103.7209, 39.3678 ], [ -103.7232, 39.3676 ], [ -103.7241, 39.3663 ], [ -103.726, 39.3666 ], [ -103.7275, 39.3663 ], [ -103.7292, 39.3639 ], [ -103.7349, 39.3623 ], [ -103.7355, 39.3614 ], [ -103.7368, 39.361 ], [ -103.7378, 39.3596 ], [ -103.74, 39.3603 ], [ -103.7416, 39.3593 ], [ -103.7447, 39.3591 ], [ -103.7541, 39.3602 ], [ -103.7607, 39.3677 ], [ -103.764, 39.3685 ], [ -103.771, 39.3726 ], [ -103.7803, 39.3713 ], [ -103.7828, 39.3715 ], [ -103.7853, 39.3725 ], [ -103.7921, 39.372 ], [ -103.79, 39.374 ], [ -103.7891, 39.3777 ], [ -103.7854, 39.3838 ], [ -103.782, 39.3844 ], [ -103.7787, 39.3818 ], [ -103.7777, 39.3822 ], [ -103.7779, 39.3839 ], [ -103.7759, 39.3851 ], [ -103.7734, 39.3876 ], [ -103.7692, 39.3888 ], [ -103.7644, 39.3888 ], [ -103.7621, 39.3903 ], [ -103.7593, 39.3937 ], [ -103.7556, 39.3938 ], [ -103.7546, 39.3949 ], [ -103.754, 39.3968 ], [ -103.7509, 39.3987 ], [ -103.7491, 39.4015 ], [ -103.7463, 39.4015 ], [ -103.7438, 39.4025 ], [ -103.7414, 39.4022 ], [ -103.7353, 39.3999 ], [ -103.7306, 39.4009 ], [ -103.7296, 39.4013 ], [ -103.7278, 39.4033 ], [ -103.7246, 39.4048 ], [ -103.7225, 39.4086 ], [ -103.7186, 39.4075 ], [ -103.7143, 39.4095 ], [ -103.7094, 39.4094 ], [ -103.7078, 39.4106 ], [ -103.7052, 39.4112 ], [ -103.7038, 39.4123 ], [ -103.7043, 39.4134 ], [ -103.7033, 39.4146 ], [ -103.7013, 39.4161 ], [ -103.6971, 39.4176 ], [ -103.6974, 39.4192 ], [ -103.6986, 39.4196 ], [ -103.6988, 39.4202 ], [ -103.6945, 39.4218 ], [ -103.6905, 39.4227 ], [ -103.6875, 39.4242 ], [ -103.6865, 39.4252 ], [ -103.6859, 39.4297 ], [ -103.6858, 39.4333 ], [ -103.6866, 39.4372 ], [ -103.6857, 39.4399 ], [ -103.6868, 39.4439 ], [ -103.6866, 39.447 ], [ -103.6846, 39.4492 ], [ -103.6802, 39.4522 ], [ -103.6797, 39.4536 ], [ -103.6779, 39.4537 ], [ -103.6766, 39.4546 ], [ -103.6765, 39.4626 ], [ -103.6752, 39.4643 ], [ -103.6767, 39.4676 ], [ -103.6758, 39.4685 ], [ -103.6767, 39.4712 ], [ -103.6736, 39.472 ], [ -103.6733, 39.4745 ], [ -103.6705, 39.4745 ], [ -103.6664, 39.4773 ], [ -103.6622, 39.4783 ], [ -103.6595, 39.4797 ], [ -103.6562, 39.4775 ], [ -103.6548, 39.4758 ], [ -103.6535, 39.476 ], [ -103.6528, 39.4763 ], [ -103.6526, 39.4779 ], [ -103.6512, 39.479 ], [ -103.6506, 39.4803 ], [ -103.6512, 39.4821 ], [ -103.6485, 39.4831 ], [ -103.6432, 39.4836 ], [ -103.6421, 39.4831 ], [ -103.6399, 39.481 ], [ -103.637, 39.4803 ], [ -103.6325, 39.4818 ], [ -103.6255, 39.4867 ], [ -103.6219, 39.4876 ], [ -103.618, 39.4906 ], [ -103.6142, 39.4921 ], [ -103.612, 39.4939 ], [ -103.6112, 39.4941 ], [ -103.6093, 39.4918 ], [ -103.6074, 39.4913 ], [ -103.6025, 39.4926 ], [ -103.5984, 39.495 ], [ -103.5972, 39.4951 ], [ -103.5959, 39.4937 ], [ -103.5937, 39.4941 ], [ -103.591, 39.4978 ], [ -103.5878, 39.4995 ], [ -103.5879, 39.5009 ], [ -103.5891, 39.5027 ], [ -103.5886, 39.5043 ], [ -103.5812, 39.5049 ], [ -103.5771, 39.5047 ], [ -103.5744, 39.5055 ], [ -103.5727, 39.5084 ], [ -103.5726, 39.5098 ], [ -103.5736, 39.5127 ], [ -103.5727, 39.5142 ], [ -103.5723, 39.5182 ], [ -103.5661, 39.5191 ], [ -103.5632, 39.5188 ], [ -103.5623, 39.5193 ], [ -103.5601, 39.5225 ], [ -103.5551, 39.5259 ], [ -103.5562, 39.5286 ], [ -103.5554, 39.5326 ], [ -103.556, 39.5331 ], [ -103.5586, 39.5332 ], [ -103.5598, 39.5361 ], [ -103.5561, 39.5381 ], [ -103.5555, 39.5394 ], [ -103.5557, 39.5412 ], [ -103.5576, 39.5445 ], [ -103.5585, 39.549 ], [ -103.5604, 39.5543 ], [ -103.5581, 39.5579 ], [ -103.5582, 39.5629 ], [ -103.5567, 39.5651 ], [ -103.5537, 39.5657 ], [ -103.5497, 39.5641 ], [ -103.5477, 39.5641 ], [ -103.5477, 39.565 ], [ -103.5453, 39.566 ], [ -103.5441, 39.5673 ], [ -103.5411, 39.5684 ], [ -103.5416, 39.5708 ], [ -103.541, 39.5725 ], [ -103.5393, 39.573 ], [ -103.5288, 39.5741 ], [ -103.5259, 39.5737 ], [ -103.5233, 39.5745 ], [ -103.5194, 39.5762 ], [ -103.5192, 39.5775 ], [ -103.52, 39.5786 ], [ -103.5185, 39.5803 ], [ -103.5147, 39.5818 ], [ -103.5121, 39.5817 ], [ -103.5112, 39.5846 ], [ -103.5085, 39.5848 ], [ -103.505, 39.5838 ], [ -103.5036, 39.5874 ], [ -103.5014, 39.5894 ], [ -103.4977, 39.5902 ], [ -103.4937, 39.5897 ], [ -103.4884, 39.5903 ], [ -103.4768, 39.596 ], [ -103.4706, 39.5976 ], [ -103.4691, 39.5984 ], [ -103.4686, 39.5989 ], [ -103.4701, 39.6017 ], [ -103.4692, 39.6032 ], [ -103.4722, 39.6051 ], [ -103.4738, 39.608 ], [ -103.4733, 39.6117 ], [ -103.4723, 39.6121 ], [ -103.4656, 39.6125 ], [ -103.465, 39.6134 ], [ -103.4647, 39.6159 ], [ -103.4635, 39.6164 ], [ -103.4561, 39.6164 ], [ -103.4544, 39.6194 ], [ -103.4525, 39.6202 ], [ -103.4516, 39.6219 ], [ -103.4504, 39.6225 ], [ -103.449, 39.6241 ], [ -103.4415, 39.6238 ], [ -103.4401, 39.6244 ], [ -103.4369, 39.6286 ], [ -103.435, 39.6297 ], [ -103.4232, 39.6306 ], [ -103.416, 39.6305 ], [ -103.4106, 39.6311 ], [ -103.4089, 39.6314 ], [ -103.4065, 39.6338 ], [ -103.4054, 39.6341 ], [ -103.404, 39.6336 ], [ -103.4016, 39.6315 ], [ -103.4006, 39.6315 ], [ -103.4002, 39.6324 ], [ -103.4011, 39.6364 ], [ -103.4007, 39.6377 ], [ -103.3999, 39.6379 ], [ -103.3987, 39.6379 ], [ -103.3975, 39.6366 ], [ -103.3959, 39.636 ], [ -103.3884, 39.6349 ], [ -103.3864, 39.6351 ], [ -103.3815, 39.6376 ], [ -103.3821, 39.641 ], [ -103.3816, 39.6421 ], [ -103.3798, 39.6429 ], [ -103.3764, 39.6434 ], [ -103.3755, 39.6449 ], [ -103.375, 39.6559 ], [ -103.3728, 39.6625 ], [ -103.3736, 39.6682 ], [ -103.3723, 39.6692 ], [ -103.3577, 39.676 ], [ -103.3492, 39.6785 ], [ -103.3502, 39.6818 ], [ -103.3484, 39.6849 ], [ -103.349, 39.6873 ], [ -103.3489, 39.6917 ], [ -103.3424, 39.6935 ], [ -103.3417, 39.6941 ], [ -103.34, 39.6974 ], [ -103.3358, 39.6997 ], [ -103.3348, 39.7038 ], [ -103.336, 39.7066 ], [ -103.3357, 39.7101 ], [ -103.3352, 39.7109 ], [ -103.3329, 39.7124 ], [ -103.3279, 39.7126 ], [ -103.3264, 39.7134 ], [ -103.3267, 39.7162 ], [ -103.33, 39.7203 ], [ -103.3302, 39.7217 ], [ -103.3298, 39.7227 ], [ -103.3256, 39.7265 ], [ -103.3242, 39.7289 ], [ -103.3232, 39.737 ], [ -103.3244, 39.7395 ], [ -103.3298, 39.7438 ], [ -103.3317, 39.7477 ], [ -103.3321, 39.7501 ], [ -103.3305, 39.7535 ], [ -103.331, 39.7609 ], [ -103.3328, 39.7639 ], [ -103.3386, 39.7627 ], [ -103.3403, 39.7628 ], [ -103.3433, 39.7646 ], [ -103.3445, 39.7673 ], [ -103.344, 39.7708 ], [ -103.3415, 39.7748 ], [ -103.3419, 39.7769 ], [ -103.3415, 39.7797 ], [ -103.3425, 39.7823 ], [ -103.3427, 39.7891 ], [ -103.3382, 39.796 ], [ -103.3395, 39.7999 ], [ -103.3433, 39.8044 ], [ -103.3436, 39.8067 ], [ -103.3406, 39.813 ], [ -103.3401, 39.816 ], [ -103.3406, 39.8195 ], [ -103.3375, 39.8245 ], [ -103.3384, 39.8274 ], [ -103.3456, 39.838 ], [ -103.3454, 39.8384 ], [ -103.3426, 39.8388 ], [ -103.3418, 39.8398 ], [ -103.3396, 39.8404 ], [ -103.3384, 39.8414 ], [ -103.3385, 39.8425 ], [ -103.3406, 39.8459 ], [ -103.3399, 39.849 ], [ -103.3416, 39.8519 ], [ -103.3413, 39.8523 ], [ -103.3405, 39.8526 ], [ -103.3354, 39.8528 ], [ -103.33, 39.8548 ], [ -103.3289, 39.8566 ], [ -103.3227, 39.8583 ], [ -103.3182, 39.8617 ], [ -103.3051, 39.8674 ], [ -103.3008, 39.8724 ], [ -103.3009, 39.8737 ], [ -103.3054, 39.877 ], [ -103.306, 39.8795 ], [ -103.3085, 39.8805 ], [ -103.309, 39.8811 ], [ -103.3082, 39.8843 ], [ -103.3084, 39.8865 ], [ -103.3103, 39.8909 ], [ -103.3127, 39.8928 ], [ -103.3139, 39.8944 ], [ -103.3137, 39.901 ], [ -103.3148, 39.9021 ], [ -103.3144, 39.9037 ], [ -103.3151, 39.9041 ], [ -103.3191, 39.915 ], [ -103.3186, 39.9163 ], [ -103.3188, 39.9172 ], [ -103.3254, 39.9178 ], [ -103.3286, 39.9185 ], [ -103.331, 39.9201 ], [ -103.3321, 39.9236 ], [ -103.3306, 39.9302 ], [ -103.3263, 39.9358 ], [ -103.3234, 39.9378 ], [ -103.3184, 39.9393 ], [ -103.3182, 39.9404 ], [ -103.3213, 39.9463 ], [ -103.3215, 39.9484 ], [ -103.3201, 39.9495 ], [ -103.317, 39.9501 ], [ -103.3167, 39.9507 ], [ -103.318, 39.9529 ], [ -103.3152, 39.9525 ], [ -103.3146, 39.954 ], [ -103.312, 39.9559 ], [ -103.312, 39.9575 ], [ -103.3145, 39.9617 ], [ -103.3108, 39.9697 ], [ -103.3067, 39.9723 ], [ -103.3102, 39.9785 ], [ -103.3115, 39.9793 ], [ -103.3152, 39.9804 ], [ -103.3178, 39.9834 ], [ -103.3178, 39.984 ], [ -103.3138, 39.9866 ], [ -103.3118, 39.9901 ], [ -103.3075, 39.9913 ], [ -103.3068, 39.9925 ], [ -103.3096, 39.9976 ], [ -103.3098, 40.0041 ], [ -103.3113, 40.0055 ], [ -103.308, 40.0064 ], [ -103.3071, 40.0078 ], [ -103.3072, 40.0087 ], [ -103.3092, 40.0113 ], [ -103.313, 40.013 ], [ -103.3146, 40.015 ], [ -103.3175, 40.0171 ], [ -103.3199, 40.0209 ], [ -103.3218, 40.0286 ], [ -103.3204, 40.0369 ], [ -103.3172, 40.0382 ], [ -103.316, 40.0395 ], [ -103.3164, 40.0415 ], [ -103.3181, 40.0446 ], [ -103.3171, 40.0519 ], [ -103.315, 40.0521 ], [ -103.3138, 40.053 ], [ -103.3122, 40.0574 ], [ -103.3065, 40.0589 ], [ -103.3043, 40.0612 ], [ -103.3018, 40.0621 ], [ -103.2987, 40.0649 ], [ -103.296, 40.0655 ], [ -103.2933, 40.067 ], [ -103.289, 40.0669 ], [ -103.2888, 40.0691 ], [ -103.2856, 40.0688 ], [ -103.2844, 40.0692 ], [ -103.2833, 40.0704 ], [ -103.2822, 40.0741 ], [ -103.2831, 40.0772 ], [ -103.2828, 40.078 ], [ -103.2799, 40.0791 ], [ -103.275, 40.0801 ], [ -103.2742, 40.0822 ], [ -103.2728, 40.0838 ], [ -103.2733, 40.0865 ], [ -103.2756, 40.087 ], [ -103.2763, 40.0878 ], [ -103.2758, 40.0937 ], [ -103.2767, 40.0948 ], [ -103.2779, 40.0952 ], [ -103.2781, 40.0972 ], [ -103.2805, 40.0999 ], [ -103.284, 40.1002 ], [ -103.2839, 40.1007 ], [ -103.2812, 40.1015 ], [ -103.2803, 40.1047 ], [ -103.2818, 40.1076 ], [ -103.2858, 40.1125 ], [ -103.2861, 40.1161 ], [ -103.2895, 40.1213 ], [ -103.2894, 40.1228 ], [ -103.2888, 40.1233 ], [ -103.2871, 40.1235 ], [ -103.2868, 40.1246 ], [ -103.2877, 40.1286 ], [ -103.2899, 40.1307 ], [ -103.2899, 40.1312 ], [ -103.2884, 40.1336 ], [ -103.2884, 40.1345 ], [ -103.2854, 40.1352 ], [ -103.2856, 40.136 ], [ -103.2848, 40.1376 ], [ -103.283, 40.1386 ], [ -103.2833, 40.1419 ], [ -103.2846, 40.1437 ], [ -103.2848, 40.146 ], [ -103.286, 40.1476 ], [ -103.2842, 40.1487 ], [ -103.2822, 40.1482 ], [ -103.2778, 40.1507 ], [ -103.274, 40.1503 ], [ -103.273, 40.1508 ], [ -103.2702, 40.1563 ], [ -103.2682, 40.1583 ], [ -103.2679, 40.1603 ], [ -103.2643, 40.1605 ], [ -103.2641, 40.1664 ], [ -103.2591, 40.1671 ], [ -103.2575, 40.1677 ], [ -103.2568, 40.1683 ], [ -103.2567, 40.1694 ], [ -103.2533, 40.1703 ], [ -103.2504, 40.172 ], [ -103.2463, 40.1755 ], [ -103.2451, 40.1767 ], [ -103.2451, 40.1786 ], [ -103.2436, 40.181 ], [ -103.2397, 40.1814 ], [ -103.2386, 40.1833 ], [ -103.232, 40.1836 ], [ -103.2313, 40.185 ], [ -103.2314, 40.1861 ], [ -103.2251, 40.1896 ], [ -103.2226, 40.1934 ], [ -103.2225, 40.1985 ], [ -103.2216, 40.1986 ], [ -103.2182, 40.1971 ], [ -103.2171, 40.1971 ], [ -103.2165, 40.1976 ], [ -103.2165, 40.2016 ], [ -103.2147, 40.2019 ], [ -103.2147, 40.2037 ], [ -103.2178, 40.2098 ], [ -103.2142, 40.2123 ], [ -103.2124, 40.2123 ], [ -103.2086, 40.2098 ], [ -103.2076, 40.2101 ], [ -103.2018, 40.2138 ], [ -103.1976, 40.2157 ], [ -103.1912, 40.2206 ], [ -103.1897, 40.2212 ], [ -103.1818, 40.2211 ], [ -103.1791, 40.2224 ], [ -103.1771, 40.2219 ], [ -103.1749, 40.2204 ], [ -103.1678, 40.2206 ], [ -103.1662, 40.221 ], [ -103.1644, 40.2244 ], [ -103.16, 40.2259 ], [ -103.1566, 40.2277 ], [ -103.1548, 40.2303 ], [ -103.1547, 40.2327 ], [ -103.1515, 40.2356 ], [ -103.1467, 40.2361 ], [ -103.1444, 40.2385 ], [ -103.1431, 40.2392 ], [ -103.1399, 40.2388 ], [ -103.1368, 40.2407 ], [ -103.1367, 40.242 ], [ -103.1276, 40.2449 ], [ -103.1224, 40.2459 ], [ -103.1197, 40.2479 ], [ -103.1178, 40.2516 ], [ -103.1123, 40.2537 ], [ -103.1094, 40.2566 ], [ -103.1085, 40.2586 ], [ -103.1089, 40.2623 ], [ -103.1155, 40.2668 ], [ -103.1176, 40.2678 ], [ -103.1186, 40.2689 ], [ -103.1188, 40.2698 ], [ -103.1179, 40.271 ], [ -103.1192, 40.2733 ], [ -103.1195, 40.2754 ], [ -103.1184, 40.2788 ], [ -103.1151, 40.2827 ], [ -103.1167, 40.2863 ], [ -103.12, 40.2866 ], [ -103.1212, 40.2884 ], [ -103.1197, 40.2897 ], [ -103.1193, 40.2914 ], [ -103.1153, 40.2956 ], [ -103.1163, 40.2989 ], [ -103.1161, 40.3009 ], [ -103.1128, 40.3026 ], [ -103.1128, 40.3034 ], [ -103.1102, 40.3046 ], [ -103.1167, 40.3118 ], [ -103.1164, 40.3151 ], [ -103.1193, 40.3206 ], [ -103.1192, 40.3241 ], [ -103.1208, 40.3289 ], [ -103.1212, 40.3329 ], [ -103.1235, 40.3361 ], [ -103.1201, 40.337 ], [ -103.1181, 40.3366 ], [ -103.1146, 40.3369 ], [ -103.1166, 40.3405 ], [ -103.115, 40.3439 ], [ -103.1168, 40.3451 ], [ -103.1242, 40.345 ], [ -103.1239, 40.349 ], [ -103.1253, 40.3497 ], [ -103.1257, 40.3549 ], [ -103.1306, 40.3602 ], [ -103.1327, 40.3615 ], [ -103.1331, 40.364 ], [ -103.1342, 40.3657 ], [ -103.1345, 40.3677 ], [ -103.1329, 40.3726 ], [ -103.1278, 40.3766 ], [ -103.1261, 40.3774 ], [ -103.1258, 40.3787 ], [ -103.1192, 40.3801 ], [ -103.1161, 40.3795 ], [ -103.1131, 40.3839 ], [ -103.1096, 40.3846 ], [ -103.1104, 40.3876 ], [ -103.1091, 40.3899 ], [ -103.11, 40.3921 ], [ -103.1096, 40.3939 ], [ -103.1079, 40.3951 ], [ -103.1049, 40.3948 ], [ -103.1047, 40.3967 ], [ -103.1038, 40.3975 ], [ -103.1051, 40.4018 ], [ -103.1063, 40.4039 ], [ -103.1046, 40.4045 ], [ -103.1038, 40.4106 ], [ -103.1016, 40.4155 ], [ -103.102, 40.4216 ], [ -103.1007, 40.4227 ], [ -103.0986, 40.4232 ], [ -103.0986, 40.4263 ], [ -103.0981, 40.4274 ], [ -103.0956, 40.4276 ], [ -103.0946, 40.4289 ], [ -103.093, 40.4295 ], [ -103.0931, 40.4329 ], [ -103.0924, 40.4346 ], [ -103.0876, 40.4379 ], [ -103.0861, 40.4399 ], [ -103.0858, 40.4413 ], [ -103.0869, 40.4433 ], [ -103.0864, 40.4456 ], [ -103.0867, 40.4481 ], [ -103.0831, 40.4469 ], [ -103.0817, 40.4479 ], [ -103.082, 40.4501 ], [ -103.079, 40.451 ], [ -103.0813, 40.4544 ], [ -103.0841, 40.4571 ], [ -103.0841, 40.4582 ], [ -103.0829, 40.4603 ], [ -103.0866, 40.4647 ], [ -103.0933, 40.4694 ], [ -103.1003, 40.47 ], [ -103.1005, 40.4714 ], [ -103.0988, 40.472 ], [ -103.0978, 40.473 ], [ -103.0972, 40.4748 ], [ -103.0972, 40.4786 ], [ -103.0964, 40.4794 ], [ -103.0945, 40.4792 ], [ -103.0911, 40.4765 ], [ -103.0901, 40.4763 ], [ -103.0896, 40.4766 ], [ -103.0889, 40.4815 ], [ -103.0899, 40.4862 ], [ -103.0915, 40.4893 ], [ -103.0891, 40.4903 ], [ -103.0885, 40.492 ], [ -103.0897, 40.4951 ], [ -103.0918, 40.4962 ], [ -103.0885, 40.4982 ], [ -103.0883, 40.4991 ], [ -103.089, 40.5005 ], [ -103.0923, 40.5013 ], [ -103.0934, 40.5033 ], [ -103.093, 40.5037 ], [ -103.0907, 40.504 ], [ -103.0905, 40.5046 ], [ -103.0894, 40.5049 ], [ -103.0883, 40.5065 ], [ -103.0864, 40.5072 ], [ -103.0869, 40.51 ], [ -103.0883, 40.5117 ], [ -103.0883, 40.5135 ], [ -103.0858, 40.5142 ], [ -103.0848, 40.5154 ], [ -103.0828, 40.5152 ], [ -103.0826, 40.5161 ], [ -103.0809, 40.5167 ], [ -103.081, 40.5172 ], [ -103.0798, 40.5184 ], [ -103.0788, 40.5184 ], [ -103.0775, 40.517 ], [ -103.0741, 40.5169 ], [ -103.0741, 40.5178 ], [ -103.0727, 40.5184 ], [ -103.0712, 40.5199 ], [ -103.0662, 40.5184 ], [ -103.0652, 40.5195 ], [ -103.065, 40.521 ], [ -103.0662, 40.5237 ], [ -103.0634, 40.5238 ], [ -103.0611, 40.5265 ], [ -103.0585, 40.524 ], [ -103.0551, 40.5234 ], [ -103.054, 40.5247 ], [ -103.0548, 40.5256 ], [ -103.0561, 40.5296 ], [ -103.0555, 40.5306 ], [ -103.0536, 40.5304 ], [ -103.0532, 40.5318 ], [ -103.0512, 40.5321 ], [ -103.0492, 40.5303 ], [ -103.0482, 40.53 ], [ -103.0472, 40.5301 ], [ -103.046, 40.5312 ], [ -103.0432, 40.5301 ], [ -103.0396, 40.5271 ], [ -103.0379, 40.5276 ], [ -103.0375, 40.5295 ], [ -103.039, 40.5302 ], [ -103.0393, 40.5337 ], [ -103.0373, 40.535 ], [ -103.0356, 40.5372 ], [ -103.0348, 40.5415 ], [ -103.0323, 40.5483 ], [ -103.0364, 40.5558 ], [ -103.0367, 40.5611 ], [ -103.0377, 40.5617 ], [ -103.0397, 40.5619 ], [ -103.0396, 40.5644 ], [ -103.041, 40.5687 ], [ -103.0397, 40.5705 ], [ -103.0382, 40.5708 ], [ -103.0368, 40.572 ], [ -103.0349, 40.5726 ], [ -103.0353, 40.5738 ], [ -103.033, 40.575 ], [ -103.0317, 40.5774 ], [ -103.033, 40.5796 ], [ -103.0327, 40.5809 ], [ -103.0334, 40.5815 ], [ -103.0321, 40.5823 ], [ -103.0308, 40.5816 ], [ -103.0301, 40.5817 ], [ -103.0296, 40.5823 ], [ -103.0299, 40.5834 ], [ -103.0289, 40.5838 ], [ -103.0292, 40.5849 ], [ -103.0312, 40.5863 ], [ -103.0321, 40.5896 ], [ -103.0347, 40.5911 ], [ -103.0359, 40.5929 ], [ -103.0346, 40.5941 ], [ -103.0327, 40.5944 ], [ -103.0322, 40.5954 ], [ -103.031, 40.5959 ], [ -103.0273, 40.5959 ], [ -103.0236, 40.5966 ], [ -103.0199, 40.5968 ], [ -103.0195, 40.5985 ], [ -103.0197, 40.6011 ], [ -103.0178, 40.6024 ], [ -103.0104, 40.6058 ], [ -103.0052, 40.607 ], [ -103.0023, 40.609 ], [ -103.0004, 40.6095 ], [ -102.9992, 40.6092 ], [ -102.9969, 40.6106 ], [ -102.994, 40.6112 ], [ -102.9926, 40.6123 ], [ -102.9893, 40.6126 ], [ -102.9879, 40.6135 ], [ -102.9846, 40.6141 ], [ -102.9841, 40.6146 ], [ -102.9844, 40.6165 ], [ -102.983, 40.6186 ], [ -102.9813, 40.6181 ], [ -102.9804, 40.619 ], [ -102.9792, 40.6194 ], [ -102.976, 40.6188 ], [ -102.9771, 40.6203 ], [ -102.9803, 40.6227 ], [ -102.9821, 40.6262 ], [ -102.982, 40.6282 ], [ -102.9863, 40.6363 ], [ -102.9878, 40.6376 ], [ -102.9883, 40.6394 ], [ -102.9861, 40.641 ], [ -102.987, 40.6423 ], [ -102.9845, 40.6421 ], [ -102.9785, 40.6407 ], [ -102.9773, 40.6423 ], [ -102.9737, 40.643 ], [ -102.9732, 40.6466 ], [ -102.9754, 40.6502 ], [ -102.9712, 40.6538 ], [ -102.9703, 40.6538 ], [ -102.9686, 40.6552 ], [ -102.9652, 40.6544 ], [ -102.964, 40.6583 ], [ -102.9612, 40.6586 ], [ -102.9598, 40.6593 ], [ -102.9583, 40.6583 ], [ -102.9563, 40.6594 ], [ -102.9543, 40.6597 ], [ -102.9532, 40.6601 ], [ -102.9516, 40.6635 ], [ -102.9504, 40.6635 ], [ -102.9488, 40.665 ], [ -102.9466, 40.6651 ], [ -102.9453, 40.6657 ], [ -102.9449, 40.6665 ], [ -102.9407, 40.6677 ], [ -102.9396, 40.669 ], [ -102.9395, 40.6699 ], [ -102.9455, 40.6761 ], [ -102.9446, 40.6775 ], [ -102.9419, 40.6784 ], [ -102.9397, 40.6802 ], [ -102.9379, 40.6798 ], [ -102.9355, 40.6811 ], [ -102.9363, 40.6819 ], [ -102.9361, 40.683 ], [ -102.9365, 40.6836 ], [ -102.9342, 40.6853 ], [ -102.9337, 40.6891 ], [ -102.9319, 40.6884 ], [ -102.9304, 40.687 ], [ -102.9285, 40.6865 ], [ -102.9272, 40.6869 ], [ -102.9244, 40.6866 ], [ -102.9224, 40.6879 ], [ -102.9222, 40.6869 ], [ -102.9213, 40.6864 ], [ -102.919, 40.6862 ], [ -102.919, 40.6869 ], [ -102.917, 40.6871 ], [ -102.9142, 40.6851 ], [ -102.9125, 40.6819 ], [ -102.9113, 40.6815 ], [ -102.8988, 40.6839 ], [ -102.891, 40.69 ], [ -102.8868, 40.6905 ], [ -102.8845, 40.6914 ], [ -102.8829, 40.6927 ], [ -102.8817, 40.6972 ], [ -102.8819, 40.6991 ], [ -102.8801, 40.6991 ], [ -102.8781, 40.7003 ], [ -102.872, 40.7 ], [ -102.8699, 40.6995 ], [ -102.8669, 40.7011 ], [ -102.8644, 40.7034 ], [ -102.8614, 40.7035 ], [ -102.8563, 40.702 ], [ -102.8523, 40.7019 ], [ -102.8508, 40.7002 ], [ -102.8479, 40.7 ], [ -102.8462, 40.7021 ], [ -102.8437, 40.7037 ], [ -102.8435, 40.7061 ], [ -102.8465, 40.7111 ], [ -102.8488, 40.7138 ], [ -102.8446, 40.7153 ], [ -102.8441, 40.7176 ], [ -102.8416, 40.7177 ], [ -102.8422, 40.7196 ], [ -102.8456, 40.7228 ], [ -102.8423, 40.7255 ], [ -102.8405, 40.7257 ], [ -102.8363, 40.7241 ], [ -102.835, 40.7242 ], [ -102.8345, 40.7248 ], [ -102.8335, 40.7249 ], [ -102.8319, 40.7238 ], [ -102.8299, 40.7246 ], [ -102.8298, 40.725 ], [ -102.8271, 40.7252 ], [ -102.8243, 40.7246 ], [ -102.8226, 40.7229 ], [ -102.8181, 40.7224 ], [ -102.8153, 40.7248 ], [ -102.8093, 40.7211 ], [ -102.8033, 40.7191 ], [ -102.7999, 40.7189 ], [ -102.792, 40.7166 ], [ -102.7903, 40.7165 ], [ -102.7875, 40.7189 ], [ -102.7824, 40.7188 ], [ -102.7823, 40.7192 ], [ -102.7876, 40.7242 ], [ -102.7924, 40.7278 ], [ -102.7935, 40.7304 ], [ -102.7914, 40.73 ], [ -102.7886, 40.7285 ], [ -102.7805, 40.7292 ], [ -102.7751, 40.7282 ], [ -102.7749, 40.7308 ], [ -102.7756, 40.732 ], [ -102.7759, 40.7347 ], [ -102.7779, 40.7374 ], [ -102.777, 40.7394 ], [ -102.777, 40.7412 ], [ -102.778, 40.7427 ], [ -102.7802, 40.7429 ], [ -102.7776, 40.7459 ], [ -102.7786, 40.7466 ], [ -102.7785, 40.7471 ], [ -102.7777, 40.7472 ], [ -102.7771, 40.7467 ], [ -102.7764, 40.7472 ], [ -102.7774, 40.7485 ], [ -102.7763, 40.7498 ], [ -102.7751, 40.7504 ], [ -102.7716, 40.7501 ], [ -102.7707, 40.7496 ], [ -102.7696, 40.75 ], [ -102.7695, 40.7494 ], [ -102.767, 40.7483 ], [ -102.7656, 40.7464 ], [ -102.7635, 40.746 ], [ -102.7606, 40.7444 ], [ -102.7582, 40.7457 ], [ -102.7575, 40.7467 ], [ -102.7585, 40.7478 ], [ -102.7577, 40.7488 ], [ -102.7597, 40.752 ], [ -102.7595, 40.7529 ], [ -102.7575, 40.7529 ], [ -102.7569, 40.753 ], [ -102.7568, 40.7537 ], [ -102.7559, 40.7538 ], [ -102.7551, 40.7534 ], [ -102.7535, 40.7509 ], [ -102.7513, 40.7501 ], [ -102.7505, 40.7485 ], [ -102.747, 40.7452 ], [ -102.7458, 40.7445 ], [ -102.7449, 40.7448 ], [ -102.7449, 40.746 ], [ -102.7478, 40.7499 ], [ -102.7479, 40.7523 ], [ -102.7493, 40.7541 ], [ -102.7508, 40.7551 ], [ -102.752, 40.7582 ], [ -102.7543, 40.7587 ], [ -102.7559, 40.7598 ], [ -102.7554, 40.7606 ], [ -102.7557, 40.7632 ], [ -102.7525, 40.7663 ], [ -102.7511, 40.7662 ], [ -102.7487, 40.7651 ], [ -102.7468, 40.7666 ], [ -102.7461, 40.7658 ], [ -102.7399, 40.7675 ], [ -102.7378, 40.7676 ], [ -102.734, 40.771 ], [ -102.7317, 40.7699 ], [ -102.729, 40.7696 ], [ -102.7267, 40.7685 ], [ -102.7241, 40.7663 ], [ -102.7218, 40.7656 ], [ -102.7212, 40.7676 ], [ -102.7197, 40.768 ], [ -102.7185, 40.7701 ], [ -102.7161, 40.7695 ], [ -102.7179, 40.7735 ], [ -102.7176, 40.7748 ], [ -102.7166, 40.7758 ], [ -102.7191, 40.7786 ], [ -102.7195, 40.7797 ], [ -102.7184, 40.7803 ], [ -102.7125, 40.782 ], [ -102.709, 40.7814 ], [ -102.7073, 40.782 ], [ -102.7081, 40.7851 ], [ -102.7073, 40.7871 ], [ -102.7007, 40.7854 ], [ -102.6979, 40.7831 ], [ -102.6938, 40.7822 ], [ -102.6903, 40.7826 ], [ -102.6848, 40.7824 ], [ -102.6836, 40.7828 ], [ -102.6806, 40.7818 ], [ -102.6802, 40.7831 ], [ -102.6805, 40.7849 ], [ -102.6824, 40.7869 ], [ -102.6827, 40.7889 ], [ -102.6824, 40.7897 ], [ -102.6793, 40.7907 ], [ -102.6759, 40.7902 ], [ -102.6727, 40.7877 ], [ -102.6704, 40.7872 ], [ -102.669, 40.7878 ], [ -102.6703, 40.7888 ], [ -102.6705, 40.7895 ], [ -102.67, 40.7899 ], [ -102.6688, 40.7898 ], [ -102.6658, 40.7866 ], [ -102.6601, 40.7859 ], [ -102.6588, 40.7851 ], [ -102.6572, 40.7855 ], [ -102.6592, 40.7895 ], [ -102.6566, 40.7894 ], [ -102.6543, 40.7905 ], [ -102.6572, 40.795 ], [ -102.6566, 40.7956 ], [ -102.6559, 40.7959 ], [ -102.6543, 40.7953 ], [ -102.6494, 40.793 ], [ -102.6467, 40.7907 ], [ -102.6457, 40.7905 ], [ -102.6455, 40.7915 ], [ -102.6435, 40.7925 ], [ -102.6375, 40.7939 ], [ -102.6365, 40.7946 ], [ -102.6364, 40.7965 ], [ -102.6379, 40.7989 ], [ -102.6384, 40.8009 ], [ -102.6342, 40.8041 ], [ -102.6285, 40.8056 ], [ -102.6241, 40.8079 ], [ -102.6163, 40.8096 ], [ -102.6137, 40.811 ], [ -102.6162, 40.8158 ], [ -102.62, 40.8183 ], [ -102.62, 40.8194 ], [ -102.6194, 40.8199 ], [ -102.6172, 40.8201 ], [ -102.6136, 40.8183 ], [ -102.6129, 40.8174 ], [ -102.6123, 40.8149 ], [ -102.6117, 40.8144 ], [ -102.61, 40.8141 ], [ -102.609, 40.8132 ], [ -102.6074, 40.8136 ], [ -102.6058, 40.8147 ], [ -102.6024, 40.8155 ], [ -102.6056, 40.8182 ], [ -102.6054, 40.8192 ], [ -102.6012, 40.8244 ], [ -102.601, 40.8265 ], [ -102.5991, 40.8269 ], [ -102.5993, 40.8313 ], [ -102.5982, 40.8308 ], [ -102.5969, 40.8315 ], [ -102.5936, 40.8316 ], [ -102.5912, 40.8297 ], [ -102.5878, 40.8285 ], [ -102.585, 40.827 ], [ -102.5801, 40.8236 ], [ -102.5746, 40.8261 ], [ -102.5733, 40.8262 ], [ -102.5715, 40.8253 ], [ -102.5689, 40.8255 ], [ -102.5658, 40.8274 ], [ -102.5634, 40.8299 ], [ -102.5625, 40.8324 ], [ -102.5598, 40.8333 ], [ -102.5562, 40.8365 ], [ -102.5537, 40.8364 ], [ -102.5516, 40.8356 ], [ -102.549, 40.8359 ], [ -102.5491, 40.8386 ], [ -102.5518, 40.8417 ], [ -102.5523, 40.8446 ], [ -102.5481, 40.8446 ], [ -102.5453, 40.845 ], [ -102.5434, 40.8467 ], [ -102.5436, 40.8487 ], [ -102.5429, 40.8491 ], [ -102.5371, 40.8457 ], [ -102.5345, 40.8464 ], [ -102.5335, 40.8475 ], [ -102.5332, 40.8488 ], [ -102.5348, 40.8551 ], [ -102.5328, 40.857 ], [ -102.5283, 40.8556 ], [ -102.5271, 40.8556 ], [ -102.524, 40.8586 ], [ -102.5199, 40.8584 ], [ -102.5184, 40.859 ], [ -102.5177, 40.86 ], [ -102.5091, 40.8597 ], [ -102.5087, 40.8631 ], [ -102.5095, 40.8661 ], [ -102.511, 40.8685 ], [ -102.5064, 40.8672 ], [ -102.4979, 40.8671 ], [ -102.4963, 40.868 ], [ -102.496, 40.8691 ], [ -102.4946, 40.8686 ], [ -102.4934, 40.8689 ], [ -102.4935, 40.8704 ], [ -102.4922, 40.8709 ], [ -102.4839, 40.8717 ], [ -102.4799, 40.871 ], [ -102.4675, 40.8703 ], [ -102.4631, 40.8644 ], [ -102.4567, 40.8593 ], [ -102.4555, 40.8591 ], [ -102.4505, 40.861 ], [ -102.4445, 40.8611 ], [ -102.4248, 40.8664 ], [ -102.4256, 40.8702 ], [ -102.4259, 40.8761 ], [ -102.4294, 40.8788 ], [ -102.4318, 40.8824 ], [ -102.4337, 40.8915 ], [ -102.4309, 40.8938 ], [ -102.4212, 40.8893 ], [ -102.4103, 40.8878 ], [ -102.4013, 40.8835 ], [ -102.3959, 40.8823 ], [ -102.3854, 40.8822 ], [ -102.3721, 40.8803 ], [ -102.3675, 40.879 ], [ -102.3644, 40.8772 ], [ -102.3631, 40.8773 ], [ -102.3587, 40.8792 ], [ -102.3549, 40.8801 ], [ -102.3445, 40.8806 ], [ -102.3355, 40.8799 ], [ -102.331, 40.8809 ], [ -102.3257, 40.8809 ], [ -102.3123, 40.879 ], [ -102.3053, 40.8808 ], [ -102.2997, 40.8807 ], [ -102.2988, 40.884 ], [ -102.3016, 40.8878 ], [ -102.2936, 40.8885 ], [ -102.2891, 40.8901 ], [ -102.2836, 40.8929 ], [ -102.2858, 40.8978 ], [ -102.2868, 40.9031 ], [ -102.2792, 40.9068 ], [ -102.2712, 40.9043 ], [ -102.2642, 40.9048 ], [ -102.2599, 40.9066 ], [ -102.2554, 40.9112 ], [ -102.2527, 40.9125 ], [ -102.2504, 40.9117 ], [ -102.2481, 40.9091 ], [ -102.2459, 40.9076 ], [ -102.2425, 40.9044 ], [ -102.2343, 40.9073 ], [ -102.2287, 40.9078 ], [ -102.2274, 40.9074 ], [ -102.2264, 40.9078 ], [ -102.2257, 40.9082 ], [ -102.2253, 40.9098 ], [ -102.226, 40.9128 ], [ -102.2251, 40.913 ], [ -102.2148, 40.9105 ], [ -102.2109, 40.9121 ], [ -102.2081, 40.914 ], [ -102.2053, 40.9151 ], [ -102.2034, 40.9141 ], [ -102.2004, 40.9154 ], [ -102.1977, 40.9153 ], [ -102.195, 40.9147 ], [ -102.192, 40.9133 ], [ -102.1874, 40.9153 ], [ -102.1839, 40.9153 ], [ -102.1813, 40.9168 ], [ -102.1797, 40.9166 ], [ -102.1785, 40.9175 ], [ -102.1779, 40.9194 ], [ -102.1786, 40.9213 ], [ -102.1625, 40.9235 ], [ -102.1505, 40.9284 ], [ -102.149, 40.9296 ], [ -102.1514, 40.9338 ], [ -102.1515, 40.9364 ], [ -102.1506, 40.9401 ], [ -102.1531, 40.943 ], [ -102.1539, 40.947 ], [ -102.1508, 40.9494 ], [ -102.1484, 40.9506 ], [ -102.1477, 40.9516 ], [ -102.1483, 40.9526 ], [ -102.148, 40.9532 ], [ -102.1454, 40.9534 ], [ -102.1441, 40.9549 ], [ -102.14, 40.9554 ], [ -102.1349, 40.9548 ], [ -102.1328, 40.9529 ], [ -102.1297, 40.9475 ], [ -102.1267, 40.9437 ], [ -102.1253, 40.9429 ], [ -102.1156, 40.9414 ], [ -102.113, 40.9419 ], [ -102.1082, 40.9446 ], [ -102.1066, 40.9449 ], [ -102.1029, 40.9449 ], [ -102.1002, 40.9442 ], [ -102.0973, 40.9445 ], [ -102.0942, 40.9454 ], [ -102.0925, 40.9469 ], [ -102.092, 40.9496 ], [ -102.0911, 40.9504 ], [ -102.0902, 40.9507 ], [ -102.0871, 40.95 ], [ -102.0849, 40.9501 ], [ -102.0843, 40.952 ], [ -102.0855, 40.955 ], [ -102.0847, 40.9567 ], [ -102.0863, 40.9588 ], [ -102.0866, 40.9643 ], [ -102.0831, 40.9634 ], [ -102.077, 40.9631 ], [ -102.0743, 40.964 ], [ -102.0729, 40.9654 ], [ -102.067, 40.9663 ], [ -102.0647, 40.9658 ], [ -102.0632, 40.9607 ], [ -102.059, 40.9611 ], [ -102.0576, 40.9603 ], [ -102.0515, 40.9594 ] ] ] } },
{ "type": "Feature", "properties": { "id": "130201" }, "geometry": { "type": "MultiPolygon", "coordinates": [ [ [ [ -105.7858, 37.0033 ], [ -105.7844, 37.003 ], [ -105.783, 37.0036 ], [ -105.7826, 37.0003 ], [ -105.7806, 36.9993 ], [ -105.7789, 36.9998 ], [ -105.7788, 36.9995 ], [ -105.7725, 36.999 ], [ -105.7643, 36.9957 ], [ -105.8147, 36.9958 ], [ -105.8133, 36.998 ], [ -105.8084, 36.9988 ], [ -105.8049, 37.0003 ], [ -105.8002, 37.0005 ], [ -105.7965, 36.9982 ], [ -105.7927, 36.9973 ], [ -105.7907, 36.9989 ], [ -105.7912, 37.0013 ], [ -105.7924, 37.0027 ], [ -105.7913, 37.0051 ], [ -105.7902, 37.0061 ], [ -105.7882, 37.0063 ], [ -105.7873, 37.0046 ], [ -105.7858, 37.0033 ] ] ], [ [ [ -105.2403, 37.0342 ], [ -105.2371, 37.0345 ], [ -105.2339, 37.0359 ], [ -105.2367, 37.0313 ], [ -105.236, 37.0259 ], [ -105.2332, 37.0218 ], [ -105.2353, 37.0188 ], [ -105.2358, 37.0158 ], [ -105.2349, 37.0142 ], [ -105.2327, 37.0129 ], [ -105.231, 37.0112 ], [ -105.2292, 37.0083 ], [ -105.2277, 37.0073 ], [ -105.2261, 37.0036 ], [ -105.2206, 36.9952 ], [ -105.2966, 36.9956 ], [ -105.2958, 36.9985 ], [ -105.2926, 36.9985 ], [ -105.29, 37.0001 ], [ -105.286, 37.0055 ], [ -105.286, 37.007 ], [ -105.2836, 37.0124 ], [ -105.2798, 37.0128 ], [ -105.2752, 37.0151 ], [ -105.2745, 37.0162 ], [ -105.2744, 37.0233 ], [ -105.2728, 37.0246 ], [ -105.2722, 37.0249 ], [ -105.2672, 37.0227 ], [ -105.2652, 37.0225 ], [ -105.263, 37.023 ], [ -105.2584, 37.0217 ], [ -105.2569, 37.0227 ], [ -105.2554, 37.0262 ], [ -105.253, 37.029 ], [ -105.2515, 37.0306 ], [ -105.2501, 37.0309 ], [ -105.249, 37.0321 ], [ -105.2473, 37.0365 ], [ -105.2466, 37.0366 ], [ -105.2437, 37.035 ], [ -105.2403, 37.0342 ] ] ], [ [ [ -106.5945, 37.1372 ], [ -106.5937, 37.137 ], [ -106.5882, 37.1383 ], [ -106.5832, 37.1313 ], [ -106.5828, 37.1293 ], [ -106.5811, 37.1291 ], [ -106.5776, 37.1295 ], [ -106.5712, 37.1289 ], [ -106.5702, 37.1283 ], [ -106.569, 37.129 ], [ -106.5621, 37.13 ], [ -106.5608, 37.1308 ], [ -106.5589, 37.1339 ], [ -106.5578, 37.1343 ], [ -106.5531, 37.1338 ], [ -106.5518, 37.1348 ], [ -106.5503, 37.1349 ], [ -106.549, 37.1358 ], [ -106.5469, 37.1348 ], [ -106.5428, 37.1344 ], [ -106.5373, 37.1312 ], [ -106.5379, 37.1297 ], [ -106.5391, 37.1286 ], [ -106.5376, 37.1272 ], [ -106.5268, 37.1239 ], [ -106.524, 37.1218 ], [ -106.5164, 37.1176 ], [ -106.5144, 37.1129 ], [ -106.5121, 37.1103 ], [ -106.516, 37.1063 ], [ -106.5179, 37.1026 ], [ -106.5207, 37.0958 ], [ -106.5213, 37.0897 ], [ -106.5186, 37.0875 ], [ -106.5162, 37.0807 ], [ -106.5137, 37.0768 ], [ -106.513, 37.0683 ], [ -106.5105, 37.0635 ], [ -106.5097, 37.0585 ], [ -106.5083, 37.0578 ], [ -106.5062, 37.0543 ], [ -106.5068, 37.0517 ], [ -106.5042, 37.0485 ], [ -106.5018, 37.0475 ], [ -106.495, 37.0474 ], [ -106.4926, 37.0457 ], [ -106.4861, 37.046 ], [ -106.4791, 37.0434 ], [ -106.4724, 37.0432 ], [ -106.4672, 37.0391 ], [ -106.4664, 37.0407 ], [ -106.4652, 37.0408 ], [ -106.464, 37.0402 ], [ -106.4607, 37.0325 ], [ -106.4558, 37.0275 ], [ -106.4555, 37.0263 ], [ -106.4563, 37.0251 ], [ -106.4463, 37.0172 ], [ -106.4466, 37.0166 ], [ -106.4494, 37.0147 ], [ -106.4497, 37.0076 ], [ -106.4491, 37.0051 ], [ -106.4473, 37.0023 ], [ -106.4478, 37.0003 ], [ -106.4506, 36.9974 ], [ -106.4506, 36.9966 ], [ -106.453, 36.997 ], [ -106.4573, 36.9938 ], [ -106.5912, 36.9929 ], [ -106.6614, 36.9932 ], [ -106.6982, 36.9929 ], [ -106.6976, 36.9936 ], [ -106.6981, 36.9944 ], [ -106.6982, 36.9966 ], [ -106.6959, 36.9979 ], [ -106.6948, 36.9994 ], [ -106.6947, 37.0003 ], [ -106.6907, 37.0028 ], [ -106.6884, 37.0063 ], [ -106.6885, 37.0081 ], [ -106.6897, 37.0099 ], [ -106.6903, 37.0122 ], [ -106.6921, 37.0139 ], [ -106.6921, 37.0177 ], [ -106.6927, 37.0194 ], [ -106.6906, 37.0225 ], [ -106.6912, 37.0239 ], [ -106.6911, 37.0291 ], [ -106.6903, 37.0349 ], [ -106.6906, 37.0361 ], [ -106.6918, 37.0377 ], [ -106.6913, 37.0393 ], [ -106.6907, 37.0397 ], [ -106.6885, 37.0407 ], [ -106.6878, 37.038 ], [ -106.6864, 37.0371 ], [ -106.685, 37.0371 ], [ -106.6828, 37.038 ], [ -106.6802, 37.0371 ], [ -106.6762, 37.0377 ], [ -106.6739, 37.0347 ], [ -106.6703, 37.0331 ], [ -106.6663, 37.0327 ], [ -106.6652, 37.032 ], [ -106.6599, 37.0323 ], [ -106.6576, 37.0317 ], [ -106.6505, 37.0316 ], [ -106.649, 37.0308 ], [ -106.646, 37.032 ], [ -106.6435, 37.0313 ], [ -106.6413, 37.0319 ], [ -106.6404, 37.0325 ], [ -106.6401, 37.0348 ], [ -106.6347, 37.0387 ], [ -106.6289, 37.0404 ], [ -106.6322, 37.0422 ], [ -106.6318, 37.0439 ], [ -106.633, 37.0488 ], [ -106.636, 37.0516 ], [ -106.637, 37.0518 ], [ -106.6402, 37.054 ], [ -106.64, 37.0545 ], [ -106.6377, 37.0558 ], [ -106.6378, 37.0574 ], [ -106.637, 37.0594 ], [ -106.6384, 37.0614 ], [ -106.6363, 37.0652 ], [ -106.6348, 37.0666 ], [ -106.6347, 37.0684 ], [ -106.6338, 37.0703 ], [ -106.6329, 37.072 ], [ -106.6299, 37.074 ], [ -106.629, 37.0765 ], [ -106.6288, 37.0805 ], [ -106.6274, 37.082 ], [ -106.6266, 37.0841 ], [ -106.6267, 37.0853 ], [ -106.6273, 37.0855 ], [ -106.6264, 37.0874 ], [ -106.6268, 37.0905 ], [ -106.6262, 37.0919 ], [ -106.6245, 37.0936 ], [ -106.623, 37.0982 ], [ -106.623, 37.1002 ], [ -106.6244, 37.1014 ], [ -106.6252, 37.1035 ], [ -106.627, 37.1046 ], [ -106.6256, 37.1097 ], [ -106.6264, 37.1116 ], [ -106.6268, 37.1163 ], [ -106.6258, 37.1181 ], [ -106.6237, 37.1201 ], [ -106.6233, 37.1223 ], [ -106.6206, 37.1262 ], [ -106.6184, 37.1276 ], [ -106.6169, 37.1292 ], [ -106.6134, 37.1351 ], [ -106.6107, 37.1359 ], [ -106.6062, 37.1361 ], [ -106.6027, 37.1377 ], [ -106.5996, 37.1385 ], [ -106.5971, 37.1385 ], [ -106.5945, 37.1372 ] ] ], [ [ [ -105.4764, 37.1932 ], [ -105.4722, 37.1915 ], [ -105.4654, 37.1915 ], [ -105.4628, 37.1898 ], [ -105.4595, 37.1888 ], [ -105.4579, 37.1871 ], [ -105.4579, 37.1852 ], [ -105.4591, 37.1833 ], [ -105.4585, 37.1809 ], [ -105.459, 37.1782 ], [ -105.4587, 37.1771 ], [ -105.4599, 37.1754 ], [ -105.4579, 37.1695 ], [ -105.4568, 37.1644 ], [ -105.4548, 37.1615 ], [ -105.4532, 37.1608 ], [ -105.4543, 37.1575 ], [ -105.4536, 37.1526 ], [ -105.4508, 37.1461 ], [ -105.4482, 37.1433 ], [ -105.4438, 37.1366 ], [ -105.4429, 37.1343 ], [ -105.4396, 37.1313 ], [ -105.4385, 37.129 ], [ -105.4369, 37.1275 ], [ -105.4339, 37.1272 ], [ -105.4346, 37.1225 ], [ -105.4335, 37.1209 ], [ -105.4332, 37.1172 ], [ -105.4329, 37.1163 ], [ -105.4294, 37.1143 ], [ -105.4289, 37.1125 ], [ -105.4301, 37.1111 ], [ -105.4327, 37.1109 ], [ -105.4374, 37.108 ], [ -105.44, 37.1073 ], [ -105.4472, 37.1005 ], [ -105.45, 37.1002 ], [ -105.4482, 37.0932 ], [ -105.4503, 37.0923 ], [ -105.4515, 37.0909 ], [ -105.4553, 37.0832 ], [ -105.4535, 37.0743 ], [ -105.4537, 37.0722 ], [ -105.455, 37.0692 ], [ -105.4548, 37.0678 ], [ -105.4562, 37.0666 ], [ -105.4557, 37.0653 ], [ -105.4545, 37.0639 ], [ -105.4546, 37.0632 ], [ -105.4588, 37.0595 ], [ -105.4621, 37.0589 ], [ -105.463, 37.0552 ], [ -105.4619, 37.053 ], [ -105.4606, 37.052 ], [ -105.4602, 37.0486 ], [ -105.4594, 37.0474 ], [ -105.4611, 37.046 ], [ -105.4617, 37.0439 ], [ -105.4603, 37.0405 ], [ -105.4601, 37.0384 ], [ -105.4615, 37.0334 ], [ -105.4638, 37.0327 ], [ -105.465, 37.0319 ], [ -105.4658, 37.033 ], [ -105.4659, 37.0378 ], [ -105.4664, 37.0389 ], [ -105.4696, 37.0381 ], [ -105.4721, 37.0387 ], [ -105.4776, 37.0436 ], [ -105.4823, 37.045 ], [ -105.4855, 37.0473 ], [ -105.4917, 37.0504 ], [ -105.4942, 37.0511 ], [ -105.5006, 37.0502 ], [ -105.5012, 37.0493 ], [ -105.5018, 37.0466 ], [ -105.5045, 37.0451 ], [ -105.5033, 37.0435 ], [ -105.5037, 37.0401 ], [ -105.5033, 37.0399 ], [ -105.5039, 37.0398 ], [ -105.5048, 37.0382 ], [ -105.5049, 37.0345 ], [ -105.5041, 37.0334 ], [ -105.5039, 37.0319 ], [ -105.5008, 37.0303 ], [ -105.4976, 37.0217 ], [ -105.4957, 37.0213 ], [ -105.4939, 37.0194 ], [ -105.4943, 37.0177 ], [ -105.4964, 37.0148 ], [ -105.4968, 37.0067 ], [ -105.4939, 37.0033 ], [ -105.4937, 37.0009 ], [ -105.4919, 36.9959 ], [ -105.7276, 36.9958 ], [ -105.7193, 36.9994 ], [ -105.719, 37.0008 ], [ -105.7205, 37.0031 ], [ -105.7202, 37.0045 ], [ -105.7178, 37.0067 ], [ -105.7149, 37.0084 ], [ -105.7127, 37.0105 ], [ -105.7097, 37.0175 ], [ -105.709, 37.0181 ], [ -105.7103, 37.0218 ], [ -105.7098, 37.0251 ], [ -105.7124, 37.0316 ], [ -105.7108, 37.0399 ], [ -105.7125, 37.043 ], [ -105.7112, 37.0455 ], [ -105.7084, 37.0582 ], [ -105.707, 37.0617 ], [ -105.7046, 37.0661 ], [ -105.6973, 37.0767 ], [ -105.6974, 37.0818 ], [ -105.6963, 37.0841 ], [ -105.6968, 37.0852 ], [ -105.6965, 37.0857 ], [ -105.6972, 37.086 ], [ -105.6961, 37.0888 ], [ -105.6971, 37.0927 ], [ -105.6956, 37.0946 ], [ -105.6937, 37.0946 ], [ -105.692, 37.0964 ], [ -105.6922, 37.0974 ], [ -105.6902, 37.1 ], [ -105.6874, 37.1023 ], [ -105.6862, 37.1044 ], [ -105.6859, 37.108 ], [ -105.6824, 37.1103 ], [ -105.6835, 37.1132 ], [ -105.6829, 37.1144 ], [ -105.6833, 37.1159 ], [ -105.6826, 37.1189 ], [ -105.6737, 37.1253 ], [ -105.6722, 37.1251 ], [ -105.6718, 37.1257 ], [ -105.6704, 37.1259 ], [ -105.6688, 37.1283 ], [ -105.6688, 37.1308 ], [ -105.6671, 37.1317 ], [ -105.6665, 37.1316 ], [ -105.6663, 37.1334 ], [ -105.6634, 37.1335 ], [ -105.663, 37.1343 ], [ -105.6597, 37.1355 ], [ -105.6592, 37.137 ], [ -105.6557, 37.1393 ], [ -105.6544, 37.1411 ], [ -105.6523, 37.1412 ], [ -105.6522, 37.1421 ], [ -105.6508, 37.1426 ], [ -105.6501, 37.1437 ], [ -105.6484, 37.1443 ], [ -105.6449, 37.1435 ], [ -105.644, 37.1439 ], [ -105.6432, 37.1435 ], [ -105.6372, 37.145 ], [ -105.6347, 37.147 ], [ -105.6312, 37.1482 ], [ -105.6291, 37.15 ], [ -105.6139, 37.1556 ], [ -105.6082, 37.1584 ], [ -105.5967, 37.1608 ], [ -105.585, 37.1657 ], [ -105.5767, 37.1735 ], [ -105.5711, 37.1765 ], [ -105.5649, 37.1789 ], [ -105.5588, 37.1838 ], [ -105.5506, 37.1851 ], [ -105.5453, 37.1866 ], [ -105.5353, 37.1861 ], [ -105.5263, 37.1865 ], [ -105.5153, 37.1905 ], [ -105.5091, 37.1915 ], [ -105.5041, 37.1916 ], [ -105.4979, 37.1904 ], [ -105.4916, 37.1924 ], [ -105.4887, 37.1921 ], [ -105.4764, 37.1932 ] ] ] ] } },
{ "type": "Feature", "properties": { "id": "101900" }, "geometry": { "type": "Polygon", "coordinates": [ [ [ -102.0515, 40.9594 ], [ -102.0576, 40.9603 ], [ -102.059, 40.9611 ], [ -102.0632, 40.9607 ], [ -102.0647, 40.9658 ], [ -102.067, 40.9663 ], [ -102.0729, 40.9654 ], [ -102.0743, 40.964 ], [ -102.077, 40.9631 ], [ -102.0831, 40.9634 ], [ -102.0866, 40.9643 ], [ -102.0863, 40.9588 ], [ -102.0847, 40.9567 ], [ -102.0855, 40.955 ], [ -102.0843, 40.952 ], [ -102.0849, 40.9501 ], [ -102.0871, 40.95 ], [ -102.0902, 40.9507 ], [ -102.0911, 40.9504 ], [ -102.092, 40.9496 ], [ -102.0925, 40.9469 ], [ -102.0942, 40.9454 ], [ -102.0973, 40.9445 ], [ -102.1002, 40.9442 ], [ -102.1029, 40.9449 ], [ -102.1066, 40.9449 ], [ -102.1082, 40.9446 ], [ -102.113, 40.9419 ], [ -102.1156, 40.9414 ], [ -102.1253, 40.9429 ], [ -102.1267, 40.9437 ], [ -102.1297, 40.9475 ], [ -102.1328, 40.9529 ], [ -102.1349, 40.9548 ], [ -102.14, 40.9554 ], [ -102.1441, 40.9549 ], [ -102.1454, 40.9534 ], [ -102.148, 40.9532 ], [ -102.1483, 40.9526 ], [ -102.1477, 40.9516 ], [ -102.1484, 40.9506 ], [ -102.1508, 40.9494 ], [ -102.1539, 40.947 ], [ -102.1531, 40.943 ], [ -102.1506, 40.9401 ], [ -102.1515, 40.9364 ], [ -102.1514, 40.9338 ], [ -102.149, 40.9296 ], [ -102.1505, 40.9284 ], [ -102.1625, 40.9235 ], [ -102.1786, 40.9213 ], [ -102.1779, 40.9194 ], [ -102.1785, 40.9175 ], [ -102.1797, 40.9166 ], [ -102.1813, 40.9168 ], [ -102.1839, 40.9153 ], [ -102.1874, 40.9153 ], [ -102.192, 40.9133 ], [ -102.195, 40.9147 ], [ -102.1977, 40.9153 ], [ -102.2004, 40.9154 ], [ -102.2034, 40.9141 ], [ -102.2053, 40.9151 ], [ -102.2081, 40.914 ], [ -102.2109, 40.9121 ], [ -102.2148, 40.9105 ], [ -102.2251, 40.913 ], [ -102.226, 40.9128 ], [ -102.2253, 40.9098 ], [ -102.2257, 40.9082 ], [ -102.2264, 40.9078 ], [ -102.2274, 40.9074 ], [ -102.2287, 40.9078 ], [ -102.2343, 40.9073 ], [ -102.2425, 40.9044 ], [ -102.2459, 40.9076 ], [ -102.2481, 40.9091 ], [ -102.2504, 40.9117 ], [ -102.2527, 40.9125 ], [ -102.2554, 40.9112 ], [ -102.2599, 40.9066 ], [ -102.2642, 40.9048 ], [ -102.2712, 40.9043 ], [ -102.2792, 40.9068 ], [ -102.2868, 40.9031 ], [ -102.2858, 40.8978 ], [ -102.2836, 40.8929 ], [ -102.2891, 40.8901 ], [ -102.2936, 40.8885 ], [ -102.3016, 40.8878 ], [ -102.2988, 40.884 ], [ -102.2997, 40.8807 ], [ -102.3053, 40.8808 ], [ -102.3123, 40.879 ], [ -102.3257, 40.8809 ], [ -102.331, 40.8809 ], [ -102.3355, 40.8799 ], [ -102.3445, 40.8806 ], [ -102.3549, 40.8801 ], [ -102.3587, 40.8792 ], [ -102.3631, 40.8773 ], [ -102.3644, 40.8772 ], [ -102.3675, 40.879 ], [ -102.3721, 40.8803 ], [ -102.3854, 40.8822 ], [ -102.3959, 40.8823 ], [ -102.4013, 40.8835 ], [ -102.4103, 40.8878 ], [ -102.4212, 40.8893 ], [ -102.4309, 40.8938 ], [ -102.4337, 40.8915 ], [ -102.4318, 40.8824 ], [ -102.4294, 40.8788 ], [ -102.4259, 40.8761 ], [ -102.4256, 40.8702 ], [ -102.4248, 40.8664 ], [ -102.4445, 40.8611 ], [ -102.4505, 40.861 ], [ -102.4555, 40.8591 ], [ -102.4567, 40.8593 ], [ -102.4631, 40.8644 ], [ -102.4675, 40.8703 ], [ -102.4799, 40.871 ], [ -102.4839, 40.8717 ], [ -102.4922, 40.8709 ], [ -102.4935, 40.8704 ], [ -102.4934, 40.8689 ], [ -102.4946, 40.8686 ], [ -102.496, 40.8691 ], [ -102.4963, 40.868 ], [ -102.4979, 40.8671 ], [ -102.5064, 40.8672 ], [ -102.511, 40.8685 ], [ -102.5095, 40.8661 ], [ -102.5087, 40.8631 ], [ -102.5091, 40.8597 ], [ -102.5177, 40.86 ], [ -102.5184, 40.859 ], [ -102.5199, 40.8584 ], [ -102.524, 40.8586 ], [ -102.5271, 40.8556 ], [ -102.5283, 40.8556 ], [ -102.5328, 40.857 ], [ -102.5348, 40.8551 ], [ -102.5332, 40.8488 ], [ -102.5335, 40.8475 ], [ -102.5345, 40.8464 ], [ -102.5371, 40.8457 ], [ -102.5429, 40.8491 ], [ -102.5436, 40.8487 ], [ -102.5434, 40.8467 ], [ -102.5453, 40.845 ], [ -102.5481, 40.8446 ], [ -102.5523, 40.8446 ], [ -102.5518, 40.8417 ], [ -102.5491, 40.8386 ], [ -102.549, 40.8359 ], [ -102.5516, 40.8356 ], [ -102.5537, 40.8364 ], [ -102.5562, 40.8365 ], [ -102.5598, 40.8333 ], [ -102.5625, 40.8324 ], [ -102.5634, 40.8299 ], [ -102.5658, 40.8274 ], [ -102.5689, 40.8255 ], [ -102.5715, 40.8253 ], [ -102.5733, 40.8262 ], [ -102.5746, 40.8261 ], [ -102.5801, 40.8236 ], [ -102.585, 40.827 ], [ -102.5878, 40.8285 ], [ -102.5912, 40.8297 ], [ -102.5936, 40.8316 ], [ -102.5969, 40.8315 ], [ -102.5982, 40.8308 ], [ -102.5993, 40.8313 ], [ -102.5991, 40.8269 ], [ -102.601, 40.8265 ], [ -102.6012, 40.8244 ], [ -102.6054, 40.8192 ], [ -102.6056, 40.8182 ], [ -102.6024, 40.8155 ], [ -102.6058, 40.8147 ], [ -102.6074, 40.8136 ], [ -102.609, 40.8132 ], [ -102.61, 40.8141 ], [ -102.6117, 40.8144 ], [ -102.6123, 40.8149 ], [ -102.6129, 40.8174 ], [ -102.6136, 40.8183 ], [ -102.6172, 40.8201 ], [ -102.6194, 40.8199 ], [ -102.62, 40.8194 ], [ -102.62, 40.8183 ], [ -102.6162, 40.8158 ], [ -102.6137, 40.811 ], [ -102.6163, 40.8096 ], [ -102.6241, 40.8079 ], [ -102.6285, 40.8056 ], [ -102.6342, 40.8041 ], [ -102.6384, 40.8009 ], [ -102.6379, 40.7989 ], [ -102.6364, 40.7965 ], [ -102.6365, 40.7946 ], [ -102.6375, 40.7939 ], [ -102.6435, 40.7925 ], [ -102.6455, 40.7915 ], [ -102.6457, 40.7905 ], [ -102.6467, 40.7907 ], [ -102.6494, 40.793 ], [ -102.6543, 40.7953 ], [ -102.6559, 40.7959 ], [ -102.6566, 40.7956 ], [ -102.6572, 40.795 ], [ -102.6543, 40.7905 ], [ -102.6566, 40.7894 ], [ -102.6592, 40.7895 ], [ -102.6572, 40.7855 ], [ -102.6588, 40.7851 ], [ -102.6601, 40.7859 ], [ -102.6658, 40.7866 ], [ -102.6688, 40.7898 ], [ -102.67, 40.7899 ], [ -102.6705, 40.7895 ], [ -102.6703, 40.7888 ], [ -102.669, 40.7878 ], [ -102.6704, 40.7872 ], [ -102.6727, 40.7877 ], [ -102.6759, 40.7902 ], [ -102.6793, 40.7907 ], [ -102.6824, 40.7897 ], [ -102.6827, 40.7889 ], [ -102.6824, 40.7869 ], [ -102.6805, 40.7849 ], [ -102.6802, 40.7831 ], [ -102.6806, 40.7818 ], [ -102.6836, 40.7828 ], [ -102.6848, 40.7824 ], [ -102.6903, 40.7826 ], [ -102.6938, 40.7822 ], [ -102.6979, 40.7831 ], [ -102.7007, 40.7854 ], [ -102.7073, 40.7871 ], [ -102.7081, 40.7851 ], [ -102.7073, 40.782 ], [ -102.709, 40.7814 ], [ -102.7125, 40.782 ], [ -102.7184, 40.7803 ], [ -102.7195, 40.7797 ], [ -102.7191, 40.7786 ], [ -102.7166, 40.7758 ], [ -102.7176, 40.7748 ], [ -102.7179, 40.7735 ], [ -102.7161, 40.7695 ], [ -102.7185, 40.7701 ], [ -102.7197, 40.768 ], [ -102.7212, 40.7676 ], [ -102.7218, 40.7656 ], [ -102.7241, 40.7663 ], [ -102.7267, 40.7685 ], [ -102.729, 40.7696 ], [ -102.7317, 40.7699 ], [ -102.734, 40.771 ], [ -102.7378, 40.7676 ], [ -102.7399, 40.7675 ], [ -102.7461, 40.7658 ], [ -102.7468, 40.7666 ], [ -102.7487, 40.7651 ], [ -102.7511, 40.7662 ], [ -102.7525, 40.7663 ], [ -102.7557, 40.7632 ], [ -102.7554, 40.7606 ], [ -102.7559, 40.7598 ], [ -102.7543, 40.7587 ], [ -102.752, 40.7582 ], [ -102.7508, 40.7551 ], [ -102.7493, 40.7541 ], [ -102.7479, 40.7523 ], [ -102.7478, 40.7499 ], [ -102.7449, 40.746 ], [ -102.7449, 40.7448 ], [ -102.7458, 40.7445 ], [ -102.747, 40.7452 ], [ -102.7505, 40.7485 ], [ -102.7513, 40.7501 ], [ -102.7535, 40.7509 ], [ -102.7551, 40.7534 ], [ -102.7559, 40.7538 ], [ -102.7568, 40.7537 ], [ -102.7569, 40.753 ], [ -102.7575, 40.7529 ], [ -102.7595, 40.7529 ], [ -102.7597, 40.752 ], [ -102.7577, 40.7488 ], [ -102.7585, 40.7478 ], [ -102.7575, 40.7467 ], [ -102.7582, 40.7457 ], [ -102.7606, 40.7444 ], [ -102.7635, 40.746 ], [ -102.7656, 40.7464 ], [ -102.767, 40.7483 ], [ -102.7695, 40.7494 ], [ -102.7696, 40.75 ], [ -102.7707, 40.7496 ], [ -102.7716, 40.7501 ], [ -102.7751, 40.7504 ], [ -102.7763, 40.7498 ], [ -102.7774, 40.7485 ], [ -102.7764, 40.7472 ], [ -102.7771, 40.7467 ], [ -102.7777, 40.7472 ], [ -102.7785, 40.7471 ], [ -102.7786, 40.7466 ], [ -102.7776, 40.7459 ], [ -102.7802, 40.7429 ], [ -102.778, 40.7427 ], [ -102.777, 40.7412 ], [ -102.777, 40.7394 ], [ -102.7779, 40.7374 ], [ -102.7759, 40.7347 ], [ -102.7756, 40.732 ], [ -102.7749, 40.7308 ], [ -102.7751, 40.7282 ], [ -102.7805, 40.7292 ], [ -102.7886, 40.7285 ], [ -102.7914, 40.73 ], [ -102.7935, 40.7304 ], [ -102.7924, 40.7278 ], [ -102.7876, 40.7242 ], [ -102.7823, 40.7192 ], [ -102.7824, 40.7188 ], [ -102.7875, 40.7189 ], [ -102.7903, 40.7165 ], [ -102.792, 40.7166 ], [ -102.7999, 40.7189 ], [ -102.8033, 40.7191 ], [ -102.8093, 40.7211 ], [ -102.8153, 40.7248 ], [ -102.8181, 40.7224 ], [ -102.8226, 40.7229 ], [ -102.8243, 40.7246 ], [ -102.8271, 40.7252 ], [ -102.8298, 40.725 ], [ -102.8299, 40.7246 ], [ -102.8319, 40.7238 ], [ -102.8335, 40.7249 ], [ -102.8345, 40.7248 ], [ -102.835, 40.7242 ], [ -102.8363, 40.7241 ], [ -102.8405, 40.7257 ], [ -102.8423, 40.7255 ], [ -102.8456, 40.7228 ], [ -102.8422, 40.7196 ], [ -102.8416, 40.7177 ], [ -102.8441, 40.7176 ], [ -102.8446, 40.7153 ], [ -102.8488, 40.7138 ], [ -102.8465, 40.7111 ], [ -102.8435, 40.7061 ], [ -102.8437, 40.7037 ], [ -102.8462, 40.7021 ], [ -102.8479, 40.7 ], [ -102.8508, 40.7002 ], [ -102.8523, 40.7019 ], [ -102.8563, 40.702 ], [ -102.8614, 40.7035 ], [ -102.8644, 40.7034 ], [ -102.8669, 40.7011 ], [ -102.8699, 40.6995 ], [ -102.872, 40.7 ], [ -102.8781, 40.7003 ], [ -102.8801, 40.6991 ], [ -102.8819, 40.6991 ], [ -102.8817, 40.6972 ], [ -102.8829, 40.6927 ], [ -102.8845, 40.6914 ], [ -102.8868, 40.6905 ], [ -102.891, 40.69 ], [ -102.8988, 40.6839 ], [ -102.9113, 40.6815 ], [ -102.9125, 40.6819 ], [ -102.9142, 40.6851 ], [ -102.917, 40.6871 ], [ -102.919, 40.6869 ], [ -102.919, 40.6862 ], [ -102.9213, 40.6864 ], [ -102.9222, 40.6869 ], [ -102.9224, 40.6879 ], [ -102.9244, 40.6866 ], [ -102.9272, 40.6869 ], [ -102.9285, 40.6865 ], [ -102.9304, 40.687 ], [ -102.9319, 40.6884 ], [ -102.9337, 40.6891 ], [ -102.9342, 40.6853 ], [ -102.9365, 40.6836 ], [ -102.9361, 40.683 ], [ -102.9363, 40.6819 ], [ -102.9355, 40.6811 ], [ -102.9379, 40.6798 ], [ -102.9397, 40.6802 ], [ -102.9419, 40.6784 ], [ -102.9446, 40.6775 ], [ -102.9455, 40.6761 ], [ -102.9395, 40.6699 ], [ -102.9396, 40.669 ], [ -102.9407, 40.6677 ], [ -102.9449, 40.6665 ], [ -102.9453, 40.6657 ], [ -102.9466, 40.6651 ], [ -102.9488, 40.665 ], [ -102.9504, 40.6635 ], [ -102.9516, 40.6635 ], [ -102.9532, 40.6601 ], [ -102.9543, 40.6597 ], [ -102.9563, 40.6594 ], [ -102.9583, 40.6583 ], [ -102.9598, 40.6593 ], [ -102.9612, 40.6586 ], [ -102.964, 40.6583 ], [ -102.9652, 40.6544 ], [ -102.9686, 40.6552 ], [ -102.9703, 40.6538 ], [ -102.9712, 40.6538 ], [ -102.9754, 40.6502 ], [ -102.9732, 40.6466 ], [ -102.9737, 40.643 ], [ -102.9773, 40.6423 ], [ -102.9785, 40.6407 ], [ -102.9845, 40.6421 ], [ -102.987, 40.6423 ], [ -102.9861, 40.641 ], [ -102.9883, 40.6394 ], [ -102.9878, 40.6376 ], [ -102.9863, 40.6363 ], [ -102.982, 40.6282 ], [ -102.9821, 40.6262 ], [ -102.9803, 40.6227 ], [ -102.9771, 40.6203 ], [ -102.976, 40.6188 ], [ -102.9792, 40.6194 ], [ -102.9804, 40.619 ], [ -102.9813, 40.6181 ], [ -102.983, 40.6186 ], [ -102.9844, 40.6165 ], [ -102.9841, 40.6146 ], [ -102.9846, 40.6141 ], [ -102.9879, 40.6135 ], [ -102.9893, 40.6126 ], [ -102.9926, 40.6123 ], [ -102.994, 40.6112 ], [ -102.9969, 40.6106 ], [ -102.9992, 40.6092 ], [ -103.0004, 40.6095 ], [ -103.0023, 40.609 ], [ -103.0052, 40.607 ], [ -103.0104, 40.6058 ], [ -103.0178, 40.6024 ], [ -103.0197, 40.6011 ], [ -103.0195, 40.5985 ], [ -103.0199, 40.5968 ], [ -103.0236, 40.5966 ], [ -103.0273, 40.5959 ], [ -103.031, 40.5959 ], [ -103.0322, 40.5954 ], [ -103.0327, 40.5944 ], [ -103.0346, 40.5941 ], [ -103.0359, 40.5929 ], [ -103.0347, 40.5911 ], [ -103.0321, 40.5896 ], [ -103.0312, 40.5863 ], [ -103.0292, 40.5849 ], [ -103.0289, 40.5838 ], [ -103.0299, 40.5834 ], [ -103.0296, 40.5823 ], [ -103.0301, 40.5817 ], [ -103.0308, 40.5816 ], [ -103.0321, 40.5823 ], [ -103.0334, 40.5815 ], [ -103.0327, 40.5809 ], [ -103.033, 40.5796 ], [ -103.0317, 40.5774 ], [ -103.033, 40.575 ], [ -103.0353, 40.5738 ], [ -103.0349, 40.5726 ], [ -103.0368, 40.572 ], [ -103.0382, 40.5708 ], [ -103.0397, 40.5705 ], [ -103.041, 40.5687 ], [ -103.0396, 40.5644 ], [ -103.0397, 40.5619 ], [ -103.0377, 40.5617 ], [ -103.0367, 40.5611 ], [ -103.0364, 40.5558 ], [ -103.0323, 40.5483 ], [ -103.0348, 40.5415 ], [ -103.0356, 40.5372 ], [ -103.0373, 40.535 ], [ -103.0393, 40.5337 ], [ -103.039, 40.5302 ], [ -103.0375, 40.5295 ], [ -103.0379, 40.5276 ], [ -103.0396, 40.5271 ], [ -103.0432, 40.5301 ], [ -103.046, 40.5312 ], [ -103.0472, 40.5301 ], [ -103.0482, 40.53 ], [ -103.0492, 40.5303 ], [ -103.0512, 40.5321 ], [ -103.0532, 40.5318 ], [ -103.0536, 40.5304 ], [ -103.0555, 40.5306 ], [ -103.0561, 40.5296 ], [ -103.0548, 40.5256 ], [ -103.054, 40.5247 ], [ -103.0551, 40.5234 ], [ -103.0585, 40.524 ], [ -103.0611, 40.5265 ], [ -103.0634, 40.5238 ], [ -103.0662, 40.5237 ], [ -103.065, 40.521 ], [ -103.0652, 40.5195 ], [ -103.0662, 40.5184 ], [ -103.0712, 40.5199 ], [ -103.0727, 40.5184 ], [ -103.0741, 40.5178 ], [ -103.0741, 40.5169 ], [ -103.0775, 40.517 ], [ -103.0788, 40.5184 ], [ -103.0798, 40.5184 ], [ -103.081, 40.5172 ], [ -103.0809, 40.5167 ], [ -103.0826, 40.5161 ], [ -103.0828, 40.5152 ], [ -103.0848, 40.5154 ], [ -103.0858, 40.5142 ], [ -103.0883, 40.5135 ], [ -103.0883, 40.5117 ], [ -103.0869, 40.51 ], [ -103.0864, 40.5072 ], [ -103.0883, 40.5065 ], [ -103.0894, 40.5049 ], [ -103.0905, 40.5046 ], [ -103.0907, 40.504 ], [ -103.093, 40.5037 ], [ -103.0934, 40.5033 ], [ -103.0923, 40.5013 ], [ -103.089, 40.5005 ], [ -103.0883, 40.4991 ], [ -103.0885, 40.4982 ], [ -103.0918, 40.4962 ], [ -103.0897, 40.4951 ], [ -103.0885, 40.492 ], [ -103.0891, 40.4903 ], [ -103.0915, 40.4893 ], [ -103.0899, 40.4862 ], [ -103.0889, 40.4815 ], [ -103.0896, 40.4766 ], [ -103.0901, 40.4763 ], [ -103.0911, 40.4765 ], [ -103.0945, 40.4792 ], [ -103.0964, 40.4794 ], [ -103.0972, 40.4786 ], [ -103.0972, 40.4748 ], [ -103.0978, 40.473 ], [ -103.0988, 40.472 ], [ -103.1005, 40.4714 ], [ -103.1003, 40.47 ], [ -103.0933, 40.4694 ], [ -103.0866, 40.4647 ], [ -103.0829, 40.4603 ], [ -103.0841, 40.4582 ], [ -103.0841, 40.4571 ], [ -103.0813, 40.4544 ], [ -103.079, 40.451 ], [ -103.082, 40.4501 ], [ -103.0817, 40.4479 ], [ -103.0831, 40.4469 ], [ -103.0867, 40.4481 ], [ -103.0864, 40.4456 ], [ -103.0869, 40.4433 ], [ -103.0858, 40.4413 ], [ -103.0861, 40.4399 ], [ -103.0876, 40.4379 ], [ -103.0924, 40.4346 ], [ -103.0931, 40.4329 ], [ -103.093, 40.4295 ], [ -103.0946, 40.4289 ], [ -103.0956, 40.4276 ], [ -103.0981, 40.4274 ], [ -103.0986, 40.4263 ], [ -103.0986, 40.4232 ], [ -103.1007, 40.4227 ], [ -103.102, 40.4216 ], [ -103.1016, 40.4155 ], [ -103.1038, 40.4106 ], [ -103.1046, 40.4045 ], [ -103.1063, 40.4039 ], [ -103.1051, 40.4018 ], [ -103.1038, 40.3975 ], [ -103.1047, 40.3967 ], [ -103.1049, 40.3948 ], [ -103.1079, 40.3951 ], [ -103.1096, 40.3939 ], [ -103.11, 40.3921 ], [ -103.1091, 40.3899 ], [ -103.1104, 40.3876 ], [ -103.1096, 40.3846 ], [ -103.1131, 40.3839 ], [ -103.1161, 40.3795 ], [ -103.1192, 40.3801 ], [ -103.1258, 40.3787 ], [ -103.1261, 40.3774 ], [ -103.1278, 40.3766 ], [ -103.1329, 40.3726 ], [ -103.1345, 40.3677 ], [ -103.1342, 40.3657 ], [ -103.1331, 40.364 ], [ -103.1327, 40.3615 ], [ -103.1306, 40.3602 ], [ -103.1257, 40.3549 ], [ -103.1253, 40.3497 ], [ -103.1239, 40.349 ], [ -103.1242, 40.345 ], [ -103.1168, 40.3451 ], [ -103.115, 40.3439 ], [ -103.1166, 40.3405 ], [ -103.1146, 40.3369 ], [ -103.1181, 40.3366 ], [ -103.1201, 40.337 ], [ -103.1235, 40.3361 ], [ -103.1212, 40.3329 ], [ -103.1208, 40.3289 ], [ -103.1192, 40.3241 ], [ -103.1193, 40.3206 ], [ -103.1164, 40.3151 ], [ -103.1167, 40.3118 ], [ -103.1102, 40.3046 ], [ -103.1128, 40.3034 ], [ -103.1128, 40.3026 ], [ -103.1161, 40.3009 ], [ -103.1163, 40.2989 ], [ -103.1153, 40.2956 ], [ -103.1193, 40.2914 ], [ -103.1197, 40.2897 ], [ -103.1212, 40.2884 ], [ -103.12, 40.2866 ], [ -103.1167, 40.2863 ], [ -103.1151, 40.2827 ], [ -103.1184, 40.2788 ], [ -103.1195, 40.2754 ], [ -103.1192, 40.2733 ], [ -103.1179, 40.271 ], [ -103.1188, 40.2698 ], [ -103.1186, 40.2689 ], [ -103.1176, 40.2678 ], [ -103.1155, 40.2668 ], [ -103.1089, 40.2623 ], [ -103.1085, 40.2586 ], [ -103.1094, 40.2566 ], [ -103.1123, 40.2537 ], [ -103.1178, 40.2516 ], [ -103.1197, 40.2479 ], [ -103.1224, 40.2459 ], [ -103.1276, 40.2449 ], [ -103.1367, 40.242 ], [ -103.1368, 40.2407 ], [ -103.1399, 40.2388 ], [ -103.1431, 40.2392 ], [ -103.1444, 40.2385 ], [ -103.1467, 40.2361 ], [ -103.1515, 40.2356 ], [ -103.1547, 40.2327 ], [ -103.1548, 40.2303 ], [ -103.1566, 40.2277 ], [ -103.16, 40.2259 ], [ -103.1644, 40.2244 ], [ -103.1662, 40.221 ], [ -103.1678, 40.2206 ], [ -103.1749, 40.2204 ], [ -103.1771, 40.2219 ], [ -103.1791, 40.2224 ], [ -103.1818, 40.2211 ], [ -103.1897, 40.2212 ], [ -103.1912, 40.2206 ], [ -103.1976, 40.2157 ], [ -103.2018, 40.2138 ], [ -103.2076, 40.2101 ], [ -103.2086, 40.2098 ], [ -103.2124, 40.2123 ], [ -103.2142, 40.2123 ], [ -103.2178, 40.2098 ], [ -103.2147, 40.2037 ], [ -103.2147, 40.2019 ], [ -103.2165, 40.2016 ], [ -103.2165, 40.1976 ], [ -103.2171, 40.1971 ], [ -103.2182, 40.1971 ], [ -103.2216, 40.1986 ], [ -103.2225, 40.1985 ], [ -103.2226, 40.1934 ], [ -103.2251, 40.1896 ], [ -103.2314, 40.1861 ], [ -103.2313, 40.185 ], [ -103.232, 40.1836 ], [ -103.2386, 40.1833 ], [ -103.2397, 40.1814 ], [ -103.2436, 40.181 ], [ -103.2451, 40.1786 ], [ -103.2451, 40.1767 ], [ -103.2463, 40.1755 ], [ -103.2504, 40.172 ], [ -103.2533, 40.1703 ], [ -103.2567, 40.1694 ], [ -103.2568, 40.1683 ], [ -103.2575, 40.1677 ], [ -103.2591, 40.1671 ], [ -103.2641, 40.1664 ], [ -103.2643, 40.1605 ], [ -103.2679, 40.1603 ], [ -103.2682, 40.1583 ], [ -103.2702, 40.1563 ], [ -103.273, 40.1508 ], [ -103.274, 40.1503 ], [ -103.2778, 40.1507 ], [ -103.2822, 40.1482 ], [ -103.2842, 40.1487 ], [ -103.286, 40.1476 ], [ -103.2848, 40.146 ], [ -103.2846, 40.1437 ], [ -103.2833, 40.1419 ], [ -103.283, 40.1386 ], [ -103.2848, 40.1376 ], [ -103.2856, 40.136 ], [ -103.2854, 40.1352 ], [ -103.2884, 40.1345 ], [ -103.2884, 40.1336 ], [ -103.2899, 40.1312 ], [ -103.2899, 40.1307 ], [ -103.2877, 40.1286 ], [ -103.2868, 40.1246 ], [ -103.2871, 40.1235 ], [ -103.2888, 40.1233 ], [ -103.2894, 40.1228 ], [ -103.2895, 40.1213 ], [ -103.2861, 40.1161 ], [ -103.2858, 40.1125 ], [ -103.2818, 40.1076 ], [ -103.2803, 40.1047 ], [ -103.2812, 40.1015 ], [ -103.2839, 40.1007 ], [ -103.284, 40.1002 ], [ -103.2805, 40.0999 ], [ -103.2781, 40.0972 ], [ -103.2779, 40.0952 ], [ -103.2767, 40.0948 ], [ -103.2758, 40.0937 ], [ -103.2763, 40.0878 ], [ -103.2756, 40.087 ], [ -103.2733, 40.0865 ], [ -103.2728, 40.0838 ], [ -103.2742, 40.0822 ], [ -103.275, 40.0801 ], [ -103.2799, 40.0791 ], [ -103.2828, 40.078 ], [ -103.2831, 40.0772 ], [ -103.2822, 40.0741 ], [ -103.2833, 40.0704 ], [ -103.2844, 40.0692 ], [ -103.2856, 40.0688 ], [ -103.2888, 40.0691 ], [ -103.289, 40.0669 ], [ -103.2933, 40.067 ], [ -103.296, 40.0655 ], [ -103.2987, 40.0649 ], [ -103.3018, 40.0621 ], [ -103.3043, 40.0612 ], [ -103.3065, 40.0589 ], [ -103.3122, 40.0574 ], [ -103.3138, 40.053 ], [ -103.315, 40.0521 ], [ -103.3171, 40.0519 ], [ -103.3181, 40.0446 ], [ -103.3164, 40.0415 ], [ -103.316, 40.0395 ], [ -103.3172, 40.0382 ], [ -103.3204, 40.0369 ], [ -103.3218, 40.0286 ], [ -103.3199, 40.0209 ], [ -103.3175, 40.0171 ], [ -103.3146, 40.015 ], [ -103.313, 40.013 ], [ -103.3092, 40.0113 ], [ -103.3072, 40.0087 ], [ -103.3071, 40.0078 ], [ -103.308, 40.0064 ], [ -103.3113, 40.0055 ], [ -103.3098, 40.0041 ], [ -103.3096, 39.9976 ], [ -103.3068, 39.9925 ], [ -103.3075, 39.9913 ], [ -103.3118, 39.9901 ], [ -103.3138, 39.9866 ], [ -103.3178, 39.984 ], [ -103.3178, 39.9834 ], [ -103.3152, 39.9804 ], [ -103.3115, 39.9793 ], [ -103.3102, 39.9785 ], [ -103.3067, 39.9723 ], [ -103.3108, 39.9697 ], [ -103.3145, 39.9617 ], [ -103.312, 39.9575 ], [ -103.312, 39.9559 ], [ -103.3146, 39.954 ], [ -103.3152, 39.9525 ], [ -103.318, 39.9529 ], [ -103.3167, 39.9507 ], [ -103.317, 39.9501 ], [ -103.3201, 39.9495 ], [ -103.3215, 39.9484 ], [ -103.3213, 39.9463 ], [ -103.3182, 39.9404 ], [ -103.3184, 39.9393 ], [ -103.3234, 39.9378 ], [ -103.3263, 39.9358 ], [ -103.3306, 39.9302 ], [ -103.3321, 39.9236 ], [ -103.331, 39.9201 ], [ -103.3286, 39.9185 ], [ -103.3254, 39.9178 ], [ -103.3188, 39.9172 ], [ -103.3186, 39.9163 ], [ -103.3191, 39.915 ], [ -103.3151, 39.9041 ], [ -103.3144, 39.9037 ], [ -103.3148, 39.9021 ], [ -103.3137, 39.901 ], [ -103.3139, 39.8944 ], [ -103.3127, 39.8928 ], [ -103.3103, 39.8909 ], [ -103.3084, 39.8865 ], [ -103.3082, 39.8843 ], [ -103.309, 39.8811 ], [ -103.3085, 39.8805 ], [ -103.306, 39.8795 ], [ -103.3054, 39.877 ], [ -103.3009, 39.8737 ], [ -103.3008, 39.8724 ], [ -103.3051, 39.8674 ], [ -103.3182, 39.8617 ], [ -103.3227, 39.8583 ], [ -103.3289, 39.8566 ], [ -103.33, 39.8548 ], [ -103.3354, 39.8528 ], [ -103.3405, 39.8526 ], [ -103.3413, 39.8523 ], [ -103.3416, 39.8519 ], [ -103.3399, 39.849 ], [ -103.3406, 39.8459 ], [ -103.3385, 39.8425 ], [ -103.3384, 39.8414 ], [ -103.3396, 39.8404 ], [ -103.3418, 39.8398 ], [ -103.3426, 39.8388 ], [ -103.3454, 39.8384 ], [ -103.3456, 39.838 ], [ -103.3384, 39.8274 ], [ -103.3375, 39.8245 ], [ -103.3406, 39.8195 ], [ -103.3401, 39.816 ], [ -103.3406, 39.813 ], [ -103.3436, 39.8067 ], [ -103.3433, 39.8044 ], [ -103.3395, 39.7999 ], [ -103.3382, 39.796 ], [ -103.3427, 39.7891 ], [ -103.3425, 39.7823 ], [ -103.3415, 39.7797 ], [ -103.3419, 39.7769 ], [ -103.3415, 39.7748 ], [ -103.3443, 39.7701 ], [ -103.3443, 39.7661 ], [ -103.3433, 39.7646 ], [ -103.3398, 39.7627 ], [ -103.3333, 39.764 ], [ -103.3324, 39.7635 ], [ -103.331, 39.7609 ], [ -103.3306, 39.7587 ], [ -103.3305, 39.7535 ], [ -103.3321, 39.7501 ], [ -103.3317, 39.7477 ], [ -103.3298, 39.7438 ], [ -103.3244, 39.7395 ], [ -103.3232, 39.737 ], [ -103.3242, 39.7289 ], [ -103.3256, 39.7265 ], [ -103.3298, 39.7227 ], [ -103.3302, 39.7217 ], [ -103.33, 39.7203 ], [ -103.3267, 39.7162 ], [ -103.3264, 39.7134 ], [ -103.3279, 39.7126 ], [ -103.3329, 39.7124 ], [ -103.3352, 39.7109 ], [ -103.3357, 39.7101 ], [ -103.336, 39.7066 ], [ -103.3348, 39.7038 ], [ -103.3358, 39.6997 ], [ -103.34, 39.6974 ], [ -103.3417, 39.6941 ], [ -103.3424, 39.6935 ], [ -103.3489, 39.6917 ], [ -103.349, 39.6873 ], [ -103.3484, 39.6849 ], [ -103.3502, 39.6818 ], [ -103.3492, 39.6785 ], [ -103.3577, 39.676 ], [ -103.3723, 39.6692 ], [ -103.3736, 39.6682 ], [ -103.3728, 39.6625 ], [ -103.375, 39.6559 ], [ -103.3755, 39.6449 ], [ -103.3764, 39.6434 ], [ -103.3798, 39.6429 ], [ -103.3816, 39.6421 ], [ -103.3821, 39.641 ], [ -103.3814, 39.638 ], [ -103.3827, 39.6367 ], [ -103.3864, 39.6351 ], [ -103.39, 39.635 ], [ -103.3967, 39.6362 ], [ -103.3987, 39.6379 ], [ -103.3999, 39.6379 ], [ -103.4007, 39.6377 ], [ -103.4011, 39.6364 ], [ -103.4002, 39.6324 ], [ -103.4006, 39.6315 ], [ -103.4016, 39.6315 ], [ -103.404, 39.6336 ], [ -103.4054, 39.6341 ], [ -103.4065, 39.6338 ], [ -103.4089, 39.6314 ], [ -103.4106, 39.6311 ], [ -103.416, 39.6305 ], [ -103.4232, 39.6306 ], [ -103.435, 39.6297 ], [ -103.4369, 39.6286 ], [ -103.4401, 39.6244 ], [ -103.4415, 39.6238 ], [ -103.449, 39.6241 ], [ -103.4504, 39.6225 ], [ -103.4516, 39.6219 ], [ -103.4525, 39.6202 ], [ -103.4544, 39.6194 ], [ -103.4561, 39.6164 ], [ -103.4635, 39.6164 ], [ -103.4647, 39.6159 ], [ -103.465, 39.6134 ], [ -103.4656, 39.6125 ], [ -103.4723, 39.6121 ], [ -103.4733, 39.6117 ], [ -103.4738, 39.608 ], [ -103.4722, 39.6051 ], [ -103.4692, 39.6032 ], [ -103.4701, 39.6017 ], [ -103.4686, 39.5989 ], [ -103.4691, 39.5984 ], [ -103.4706, 39.5976 ], [ -103.4768, 39.596 ], [ -103.4884, 39.5903 ], [ -103.4937, 39.5897 ], [ -103.4977, 39.5902 ], [ -103.5014, 39.5894 ], [ -103.5036, 39.5874 ], [ -103.505, 39.5838 ], [ -103.5085, 39.5848 ], [ -103.5112, 39.5846 ], [ -103.5121, 39.5817 ], [ -103.5147, 39.5818 ], [ -103.5185, 39.5803 ], [ -103.52, 39.5786 ], [ -103.5192, 39.5775 ], [ -103.5194, 39.5762 ], [ -103.5233, 39.5745 ], [ -103.5259, 39.5737 ], [ -103.5288, 39.5741 ], [ -103.5393, 39.573 ], [ -103.541, 39.5725 ], [ -103.5416, 39.5708 ], [ -103.5411, 39.5684 ], [ -103.5441, 39.5673 ], [ -103.5453, 39.566 ], [ -103.5477, 39.565 ], [ -103.5477, 39.5641 ], [ -103.5497, 39.5641 ], [ -103.5537, 39.5657 ], [ -103.556, 39.5654 ], [ -103.5572, 39.5647 ], [ -103.5582, 39.5629 ], [ -103.5581, 39.5579 ], [ -103.5604, 39.5543 ], [ -103.5585, 39.549 ], [ -103.5576, 39.5445 ], [ -103.5557, 39.5412 ], [ -103.5555, 39.5394 ], [ -103.5561, 39.5381 ], [ -103.5598, 39.5361 ], [ -103.5586, 39.5332 ], [ -103.556, 39.5331 ], [ -103.5554, 39.5326 ], [ -103.5562, 39.5286 ], [ -103.5551, 39.5259 ], [ -103.5601, 39.5225 ], [ -103.5623, 39.5193 ], [ -103.5632, 39.5188 ], [ -103.5661, 39.5191 ], [ -103.5723, 39.5182 ], [ -103.5727, 39.5142 ], [ -103.5736, 39.5127 ], [ -103.5726, 39.5098 ], [ -103.5727, 39.5084 ], [ -103.5737, 39.5062 ], [ -103.5754, 39.505 ], [ -103.5771, 39.5047 ], [ -103.5812, 39.5049 ], [ -103.5886, 39.5043 ], [ -103.5891, 39.5027 ], [ -103.5879, 39.5009 ], [ -103.5878, 39.4995 ], [ -103.591, 39.4978 ], [ -103.5931, 39.4947 ], [ -103.5942, 39.4939 ], [ -103.5959, 39.4937 ], [ -103.5972, 39.4951 ], [ -103.5984, 39.495 ], [ -103.6025, 39.4926 ], [ -103.6074, 39.4913 ], [ -103.6093, 39.4918 ], [ -103.6112, 39.4941 ], [ -103.6142, 39.4921 ], [ -103.618, 39.4906 ], [ -103.6219, 39.4876 ], [ -103.6255, 39.4867 ], [ -103.6333, 39.4815 ], [ -103.637, 39.4803 ], [ -103.6399, 39.481 ], [ -103.6421, 39.4831 ], [ -103.6432, 39.4836 ], [ -103.6485, 39.4831 ], [ -103.6512, 39.4821 ], [ -103.6506, 39.4803 ], [ -103.6512, 39.479 ], [ -103.6526, 39.4779 ], [ -103.6528, 39.4763 ], [ -103.6535, 39.476 ], [ -103.6548, 39.4758 ], [ -103.6562, 39.4775 ], [ -103.6595, 39.4797 ], [ -103.6622, 39.4783 ], [ -103.6664, 39.4773 ], [ -103.6705, 39.4745 ], [ -103.6733, 39.4745 ], [ -103.6736, 39.472 ], [ -103.6767, 39.4712 ], [ -103.6758, 39.4685 ], [ -103.6767, 39.4676 ], [ -103.6752, 39.4643 ], [ -103.6765, 39.4626 ], [ -103.6766, 39.4546 ], [ -103.6779, 39.4537 ], [ -103.6797, 39.4536 ], [ -103.6802, 39.4522 ], [ -103.6846, 39.4492 ], [ -103.6866, 39.447 ], [ -103.6868, 39.4439 ], [ -103.6857, 39.4399 ], [ -103.6866, 39.4372 ], [ -103.6858, 39.4333 ], [ -103.6865, 39.4252 ], [ -103.6875, 39.4242 ], [ -103.6905, 39.4227 ], [ -103.6945, 39.4218 ], [ -103.6988, 39.4202 ], [ -103.6986, 39.4196 ], [ -103.6974, 39.4192 ], [ -103.6971, 39.4176 ], [ -103.7013, 39.4161 ], [ -103.7033, 39.4146 ], [ -103.7043, 39.4134 ], [ -103.7038, 39.4123 ], [ -103.7052, 39.4112 ], [ -103.7078, 39.4106 ], [ -103.7094, 39.4094 ], [ -103.7143, 39.4095 ], [ -103.7186, 39.4075 ], [ -103.7225, 39.4086 ], [ -103.7246, 39.4048 ], [ -103.7278, 39.4033 ], [ -103.7296, 39.4013 ], [ -103.7327, 39.4002 ], [ -103.7353, 39.3999 ], [ -103.7424, 39.4025 ], [ -103.7445, 39.4024 ], [ -103.7463, 39.4015 ], [ -103.7491, 39.4015 ], [ -103.7509, 39.3987 ], [ -103.754, 39.3968 ], [ -103.7546, 39.3949 ], [ -103.7556, 39.3938 ], [ -103.7593, 39.3937 ], [ -103.7621, 39.3903 ], [ -103.7644, 39.3888 ], [ -103.7692, 39.3888 ], [ -103.7734, 39.3876 ], [ -103.7759, 39.3851 ], [ -103.7779, 39.3839 ], [ -103.7777, 39.3822 ], [ -103.7787, 39.3818 ], [ -103.782, 39.3844 ], [ -103.7854, 39.3838 ], [ -103.7898, 39.3763 ], [ -103.79, 39.374 ], [ -103.7921, 39.372 ], [ -103.7939, 39.3706 ], [ -103.7971, 39.3704 ], [ -103.8002, 39.3712 ], [ -103.8047, 39.3669 ], [ -103.8053, 39.3667 ], [ -103.8068, 39.3677 ], [ -103.8079, 39.3658 ], [ -103.812, 39.366 ], [ -103.813, 39.3643 ], [ -103.8136, 39.3614 ], [ -103.8159, 39.3586 ], [ -103.8168, 39.3586 ], [ -103.8181, 39.3614 ], [ -103.8207, 39.3625 ], [ -103.8276, 39.3604 ], [ -103.8281, 39.3599 ], [ -103.8283, 39.358 ], [ -103.8294, 39.357 ], [ -103.8354, 39.3594 ], [ -103.8363, 39.3613 ], [ -103.8395, 39.3623 ], [ -103.8402, 39.3593 ], [ -103.8456, 39.3582 ], [ -103.847, 39.3588 ], [ -103.8477, 39.358 ], [ -103.8522, 39.3586 ], [ -103.8519, 39.3551 ], [ -103.8524, 39.3545 ], [ -103.8564, 39.3529 ], [ -103.8567, 39.3521 ], [ -103.8596, 39.3502 ], [ -103.8604, 39.3503 ], [ -103.8611, 39.3492 ], [ -103.8619, 39.3488 ], [ -103.8639, 39.3491 ], [ -103.866, 39.3502 ], [ -103.8656, 39.348 ], [ -103.8661, 39.346 ], [ -103.8689, 39.3422 ], [ -103.8689, 39.3409 ], [ -103.8674, 39.3373 ], [ -103.8693, 39.3365 ], [ -103.8703, 39.3352 ], [ -103.8693, 39.3315 ], [ -103.8691, 39.327 ], [ -103.87, 39.3264 ], [ -103.8735, 39.3254 ], [ -103.873, 39.3232 ], [ -103.8736, 39.3178 ], [ -103.8746, 39.3169 ], [ -103.8764, 39.3163 ], [ -103.8791, 39.3164 ], [ -103.8851, 39.3185 ], [ -103.8891, 39.319 ], [ -103.8925, 39.3212 ], [ -103.895, 39.3213 ], [ -103.8979, 39.3197 ], [ -103.8976, 39.3157 ], [ -103.8986, 39.3142 ], [ -103.9013, 39.3129 ], [ -103.9034, 39.314 ], [ -103.9067, 39.314 ], [ -103.9077, 39.3126 ], [ -103.9077, 39.3103 ], [ -103.9089, 39.3084 ], [ -103.9115, 39.3082 ], [ -103.9148, 39.3092 ], [ -103.9172, 39.3074 ], [ -103.9182, 39.3048 ], [ -103.9205, 39.3042 ], [ -103.9213, 39.303 ], [ -103.9245, 39.3026 ], [ -103.928, 39.3039 ], [ -103.9308, 39.3041 ], [ -103.9337, 39.3019 ], [ -103.9397, 39.2996 ], [ -103.9455, 39.3006 ], [ -103.9512, 39.3002 ], [ -103.954, 39.2992 ], [ -103.9612, 39.2991 ], [ -103.962, 39.2975 ], [ -103.967, 39.2946 ], [ -103.9689, 39.2951 ], [ -103.9706, 39.2962 ], [ -103.9714, 39.2934 ], [ -103.9737, 39.2903 ], [ -103.9738, 39.2868 ], [ -103.9765, 39.2859 ], [ -103.9757, 39.2797 ], [ -103.9719, 39.2751 ], [ -103.9727, 39.2721 ], [ -103.9719, 39.2698 ], [ -103.9757, 39.2646 ], [ -103.9755, 39.262 ], [ -103.9774, 39.2604 ], [ -103.9772, 39.2553 ], [ -103.9763, 39.2538 ], [ -103.9784, 39.2509 ], [ -103.9781, 39.2487 ], [ -103.9794, 39.2483 ], [ -103.9812, 39.2484 ], [ -103.9823, 39.2473 ], [ -103.9845, 39.2425 ], [ -103.9883, 39.2383 ], [ -103.9894, 39.235 ], [ -103.9893, 39.2329 ], [ -103.9924, 39.233 ], [ -103.9969, 39.2325 ], [ -103.9986, 39.2292 ], [ -103.9998, 39.2284 ], [ -103.9995, 39.2257 ], [ -104.0023, 39.2227 ], [ -104.0046, 39.2227 ], [ -104.0061, 39.2206 ], [ -104.009, 39.2205 ], [ -104.0095, 39.2171 ], [ -104.0108, 39.2162 ], [ -104.0151, 39.2152 ], [ -104.0158, 39.2137 ], [ -104.0177, 39.2124 ], [ -104.0207, 39.2124 ], [ -104.021, 39.2109 ], [ -104.0252, 39.211 ], [ -104.0253, 39.2097 ], [ -104.0263, 39.2091 ], [ -104.0277, 39.2063 ], [ -104.0298, 39.2066 ], [ -104.0329, 39.2054 ], [ -104.0346, 39.2062 ], [ -104.0356, 39.2061 ], [ -104.0381, 39.2068 ], [ -104.039, 39.2063 ], [ -104.0388, 39.204 ], [ -104.0423, 39.2024 ], [ -104.0443, 39.2035 ], [ -104.0459, 39.2033 ], [ -104.0463, 39.2021 ], [ -104.0468, 39.2021 ], [ -104.0519, 39.2046 ], [ -104.057, 39.2083 ], [ -104.0576, 39.2063 ], [ -104.0609, 39.2057 ], [ -104.0635, 39.2064 ], [ -104.0659, 39.2088 ], [ -104.068, 39.2084 ], [ -104.0725, 39.2088 ], [ -104.0754, 39.2066 ], [ -104.0761, 39.2054 ], [ -104.0761, 39.2035 ], [ -104.0769, 39.2028 ], [ -104.0774, 39.2013 ], [ -104.0767, 39.197 ], [ -104.0771, 39.1923 ], [ -104.0768, 39.1907 ], [ -104.0791, 39.19 ], [ -104.0812, 39.1904 ], [ -104.0815, 39.1894 ], [ -104.0837, 39.1873 ], [ -104.0847, 39.1865 ], [ -104.086, 39.1865 ], [ -104.0865, 39.1858 ], [ -104.0934, 39.1845 ], [ -104.0953, 39.185 ], [ -104.0972, 39.1867 ], [ -104.0982, 39.186 ], [ -104.1002, 39.1859 ], [ -104.1009, 39.1854 ], [ -104.1027, 39.1859 ], [ -104.1052, 39.1843 ], [ -104.1094, 39.1831 ], [ -104.1112, 39.1812 ], [ -104.1136, 39.1821 ], [ -104.1152, 39.1807 ], [ -104.1169, 39.1807 ], [ -104.1191, 39.18 ], [ -104.1202, 39.1791 ], [ -104.1206, 39.1773 ], [ -104.1217, 39.1769 ], [ -104.1238, 39.1742 ], [ -104.1274, 39.1743 ], [ -104.1275, 39.1721 ], [ -104.1287, 39.1711 ], [ -104.1291, 39.1696 ], [ -104.1315, 39.1692 ], [ -104.1321, 39.1699 ], [ -104.137, 39.1696 ], [ -104.1384, 39.169 ], [ -104.1389, 39.1685 ], [ -104.1387, 39.1662 ], [ -104.1401, 39.1644 ], [ -104.1415, 39.1638 ], [ -104.1427, 39.1614 ], [ -104.1449, 39.1597 ], [ -104.1481, 39.1592 ], [ -104.1515, 39.1597 ], [ -104.1524, 39.1604 ], [ -104.1549, 39.1585 ], [ -104.1562, 39.1583 ], [ -104.1586, 39.1564 ], [ -104.16, 39.1544 ], [ -104.1634, 39.1527 ], [ -104.1644, 39.1532 ], [ -104.1656, 39.1523 ], [ -104.1671, 39.1531 ], [ -104.1689, 39.1522 ], [ -104.1717, 39.1531 ], [ -104.1746, 39.1548 ], [ -104.1768, 39.1543 ], [ -104.1775, 39.1534 ], [ -104.1783, 39.1533 ], [ -104.1831, 39.1558 ], [ -104.1873, 39.155 ], [ -104.19, 39.1554 ], [ -104.1927, 39.1547 ], [ -104.194, 39.1548 ], [ -104.1962, 39.1529 ], [ -104.1975, 39.1524 ], [ -104.2005, 39.1547 ], [ -104.2007, 39.1515 ], [ -104.2041, 39.1515 ], [ -104.2079, 39.1546 ], [ -104.2119, 39.1556 ], [ -104.2133, 39.1555 ], [ -104.217, 39.1535 ], [ -104.2237, 39.1567 ], [ -104.2257, 39.157 ], [ -104.2265, 39.1576 ], [ -104.2266, 39.16 ], [ -104.2278, 39.1609 ], [ -104.2291, 39.161 ], [ -104.2303, 39.1586 ], [ -104.2318, 39.1578 ], [ -104.2331, 39.1559 ], [ -104.2354, 39.1545 ], [ -104.2365, 39.1521 ], [ -104.2405, 39.1514 ], [ -104.2406, 39.1501 ], [ -104.2442, 39.1505 ], [ -104.2442, 39.1491 ], [ -104.2453, 39.1465 ], [ -104.2466, 39.1464 ], [ -104.2498, 39.1443 ], [ -104.2529, 39.1442 ], [ -104.2549, 39.1447 ], [ -104.2566, 39.1441 ], [ -104.2619, 39.1436 ], [ -104.2623, 39.1407 ], [ -104.2633, 39.1399 ], [ -104.2647, 39.1396 ], [ -104.2645, 39.1385 ], [ -104.2654, 39.137 ], [ -104.2672, 39.1371 ], [ -104.2689, 39.1364 ], [ -104.2707, 39.1375 ], [ -104.2721, 39.1377 ], [ -104.2736, 39.1349 ], [ -104.2746, 39.1349 ], [ -104.2774, 39.1365 ], [ -104.28, 39.139 ], [ -104.2815, 39.1385 ], [ -104.2843, 39.1392 ], [ -104.2844, 39.1351 ], [ -104.2852, 39.1344 ], [ -104.2848, 39.1311 ], [ -104.2857, 39.1287 ], [ -104.2856, 39.1265 ], [ -104.2866, 39.1251 ], [ -104.2883, 39.1246 ], [ -104.2884, 39.1234 ], [ -104.2894, 39.1228 ], [ -104.2902, 39.1228 ], [ -104.2936, 39.1246 ], [ -104.2955, 39.1206 ], [ -104.2987, 39.1186 ], [ -104.3016, 39.1198 ], [ -104.3045, 39.1203 ], [ -104.3058, 39.12 ], [ -104.3107, 39.1229 ], [ -104.3105, 39.1238 ], [ -104.3116, 39.1236 ], [ -104.3132, 39.1243 ], [ -104.315, 39.1242 ], [ -104.3194, 39.1289 ], [ -104.3233, 39.1302 ], [ -104.3245, 39.1324 ], [ -104.326, 39.1337 ], [ -104.3281, 39.133 ], [ -104.3324, 39.1325 ], [ -104.3338, 39.1339 ], [ -104.3364, 39.134 ], [ -104.3399, 39.1353 ], [ -104.3431, 39.1353 ], [ -104.3467, 39.134 ], [ -104.3477, 39.1323 ], [ -104.35, 39.1322 ], [ -104.3502, 39.1309 ], [ -104.3524, 39.1278 ], [ -104.3572, 39.1264 ], [ -104.3593, 39.121 ], [ -104.3604, 39.1208 ], [ -104.3614, 39.1213 ], [ -104.363, 39.1207 ], [ -104.3662, 39.1208 ], [ -104.3672, 39.1217 ], [ -104.3694, 39.1209 ], [ -104.3698, 39.1203 ], [ -104.3725, 39.1194 ], [ -104.3754, 39.1192 ], [ -104.3787, 39.1178 ], [ -104.3801, 39.118 ], [ -104.3809, 39.117 ], [ -104.3833, 39.1158 ], [ -104.3854, 39.1135 ], [ -104.3884, 39.113 ], [ -104.392, 39.1138 ], [ -104.3939, 39.1136 ], [ -104.3953, 39.1126 ], [ -104.3974, 39.1138 ], [ -104.4013, 39.1137 ], [ -104.403, 39.1148 ], [ -104.4068, 39.1156 ], [ -104.4105, 39.1147 ], [ -104.4121, 39.1121 ], [ -104.4139, 39.1114 ], [ -104.4177, 39.1079 ], [ -104.4186, 39.1069 ], [ -104.4183, 39.1058 ], [ -104.42, 39.105 ], [ -104.4209, 39.1036 ], [ -104.4231, 39.103 ], [ -104.4242, 39.1011 ], [ -104.424, 39.0991 ], [ -104.4253, 39.0978 ], [ -104.4263, 39.0951 ], [ -104.4262, 39.0933 ], [ -104.4277, 39.0913 ], [ -104.431, 39.0907 ], [ -104.4334, 39.0891 ], [ -104.4354, 39.0896 ], [ -104.4381, 39.0893 ], [ -104.4419, 39.0907 ], [ -104.4438, 39.0908 ], [ -104.4454, 39.0892 ], [ -104.4453, 39.0864 ], [ -104.4489, 39.0836 ], [ -104.4506, 39.0829 ], [ -104.4522, 39.0834 ], [ -104.4537, 39.0831 ], [ -104.4548, 39.0836 ], [ -104.4583, 39.0822 ], [ -104.459, 39.0808 ], [ -104.4631, 39.0789 ], [ -104.4636, 39.0777 ], [ -104.4667, 39.0763 ], [ -104.4681, 39.0768 ], [ -104.4705, 39.0765 ], [ -104.4717, 39.0775 ], [ -104.4738, 39.0775 ], [ -104.4766, 39.0783 ], [ -104.4789, 39.0805 ], [ -104.4803, 39.0809 ], [ -104.4811, 39.0823 ], [ -104.4824, 39.0827 ], [ -104.4859, 39.0855 ], [ -104.4879, 39.0857 ], [ -104.4899, 39.0848 ], [ -104.4909, 39.0829 ], [ -104.4931, 39.0832 ], [ -104.4949, 39.0822 ], [ -104.4997, 39.0824 ], [ -104.5022, 39.0805 ], [ -104.5029, 39.0777 ], [ -104.5065, 39.0796 ], [ -104.5104, 39.0793 ], [ -104.5133, 39.0776 ], [ -104.515, 39.0771 ], [ -104.5163, 39.0779 ], [ -104.5167, 39.0778 ], [ -104.5198, 39.0748 ], [ -104.5233, 39.077 ], [ -104.5242, 39.0785 ], [ -104.5282, 39.0786 ], [ -104.5309, 39.0772 ], [ -104.5324, 39.0753 ], [ -104.5345, 39.0751 ], [ -104.5354, 39.0718 ], [ -104.5371, 39.0705 ], [ -104.5427, 39.0725 ], [ -104.5472, 39.0718 ], [ -104.55, 39.0722 ], [ -104.5512, 39.0717 ], [ -104.5514, 39.07 ], [ -104.5523, 39.0695 ], [ -104.5532, 39.0702 ], [ -104.5545, 39.07 ], [ -104.5579, 39.0686 ], [ -104.5589, 39.0672 ], [ -104.5608, 39.0671 ], [ -104.5615, 39.0664 ], [ -104.5652, 39.0665 ], [ -104.5664, 39.0654 ], [ -104.5709, 39.064 ], [ -104.5716, 39.0623 ], [ -104.5727, 39.0615 ], [ -104.5761, 39.0615 ], [ -104.5771, 39.0607 ], [ -104.581, 39.0603 ], [ -104.5824, 39.0587 ], [ -104.5851, 39.0577 ], [ -104.5853, 39.0549 ], [ -104.5858, 39.0545 ], [ -104.5913, 39.0526 ], [ -104.5961, 39.0527 ], [ -104.5972, 39.0519 ], [ -104.5982, 39.0519 ], [ -104.6003, 39.0502 ], [ -104.6023, 39.0501 ], [ -104.6044, 39.0478 ], [ -104.6058, 39.0477 ], [ -104.607, 39.0421 ], [ -104.6099, 39.042 ], [ -104.6115, 39.0412 ], [ -104.6164, 39.0399 ], [ -104.6187, 39.0383 ], [ -104.621, 39.0389 ], [ -104.6231, 39.0382 ], [ -104.6252, 39.0382 ], [ -104.6272, 39.0395 ], [ -104.6302, 39.0404 ], [ -104.6316, 39.0416 ], [ -104.6314, 39.0432 ], [ -104.6307, 39.0438 ], [ -104.6311, 39.0447 ], [ -104.6325, 39.0459 ], [ -104.6334, 39.0461 ], [ -104.6373, 39.0426 ], [ -104.6415, 39.0417 ], [ -104.6429, 39.0402 ], [ -104.6485, 39.0368 ], [ -104.6492, 39.035 ], [ -104.6518, 39.0325 ], [ -104.6523, 39.0302 ], [ -104.6542, 39.0297 ], [ -104.6568, 39.0303 ], [ -104.6602, 39.0283 ], [ -104.6607, 39.0266 ], [ -104.6628, 39.0265 ], [ -104.664, 39.0257 ], [ -104.6666, 39.0255 ], [ -104.6699, 39.0266 ], [ -104.6725, 39.0284 ], [ -104.6732, 39.0313 ], [ -104.6785, 39.0334 ], [ -104.6794, 39.0345 ], [ -104.6808, 39.0348 ], [ -104.6817, 39.0365 ], [ -104.6848, 39.0364 ], [ -104.6872, 39.0357 ], [ -104.6915, 39.0388 ], [ -104.6946, 39.0387 ], [ -104.697, 39.0406 ], [ -104.702, 39.0409 ], [ -104.7041, 39.0414 ], [ -104.707, 39.0436 ], [ -104.7092, 39.0445 ], [ -104.7128, 39.0433 ], [ -104.7144, 39.0406 ], [ -104.7165, 39.0399 ], [ -104.7194, 39.042 ], [ -104.7209, 39.0439 ], [ -104.7235, 39.0436 ], [ -104.7228, 39.0471 ], [ -104.7231, 39.0495 ], [ -104.7258, 39.0529 ], [ -104.7289, 39.0537 ], [ -104.7311, 39.0547 ], [ -104.7314, 39.0554 ], [ -104.7307, 39.0571 ], [ -104.7314, 39.0585 ], [ -104.7365, 39.0598 ], [ -104.7383, 39.061 ], [ -104.7376, 39.0641 ], [ -104.7381, 39.065 ], [ -104.7403, 39.0668 ], [ -104.7398, 39.0686 ], [ -104.7401, 39.0691 ], [ -104.7456, 39.0689 ], [ -104.748, 39.0672 ], [ -104.7494, 39.0656 ], [ -104.7526, 39.0645 ], [ -104.7539, 39.0647 ], [ -104.7572, 39.0666 ], [ -104.7592, 39.0657 ], [ -104.7614, 39.0658 ], [ -104.7639, 39.0652 ], [ -104.7646, 39.0654 ], [ -104.7658, 39.0678 ], [ -104.7665, 39.0683 ], [ -104.7693, 39.068 ], [ -104.7724, 39.0704 ], [ -104.7777, 39.0722 ], [ -104.7799, 39.0723 ], [ -104.7816, 39.0717 ], [ -104.784, 39.0727 ], [ -104.7895, 39.0725 ], [ -104.7904, 39.072 ], [ -104.7971, 39.0723 ], [ -104.8004, 39.0736 ], [ -104.7999, 39.0768 ], [ -104.7985, 39.0804 ], [ -104.7999, 39.0825 ], [ -104.8026, 39.0844 ], [ -104.8024, 39.0866 ], [ -104.8032, 39.087 ], [ -104.8065, 39.087 ], [ -104.8096, 39.0875 ], [ -104.8107, 39.0885 ], [ -104.8147, 39.0894 ], [ -104.8163, 39.0905 ], [ -104.8155, 39.0931 ], [ -104.8142, 39.0942 ], [ -104.8136, 39.096 ], [ -104.8143, 39.099 ], [ -104.8111, 39.1028 ], [ -104.8115, 39.1037 ], [ -104.8157, 39.1044 ], [ -104.8204, 39.1061 ], [ -104.8213, 39.1073 ], [ -104.8218, 39.1102 ], [ -104.8234, 39.1116 ], [ -104.8237, 39.1132 ], [ -104.8284, 39.1146 ], [ -104.8317, 39.1167 ], [ -104.8352, 39.1169 ], [ -104.8377, 39.1196 ], [ -104.84, 39.1205 ], [ -104.8417, 39.1218 ], [ -104.8446, 39.1214 ], [ -104.8487, 39.1225 ], [ -104.8506, 39.1221 ], [ -104.8508, 39.1213 ], [ -104.8541, 39.1203 ], [ -104.8576, 39.1209 ], [ -104.859, 39.1202 ], [ -104.8629, 39.1202 ], [ -104.8649, 39.1209 ], [ -104.8666, 39.1227 ], [ -104.8681, 39.1228 ], [ -104.8693, 39.1245 ], [ -104.8715, 39.1257 ], [ -104.8765, 39.1249 ], [ -104.8777, 39.1239 ], [ -104.8856, 39.1216 ], [ -104.8873, 39.1223 ], [ -104.888, 39.1234 ], [ -104.8906, 39.1241 ], [ -104.8989, 39.1223 ], [ -104.9003, 39.1215 ], [ -104.9034, 39.1219 ], [ -104.9046, 39.1214 ], [ -104.9067, 39.1218 ], [ -104.9086, 39.1205 ], [ -104.9099, 39.1204 ], [ -104.9111, 39.1196 ], [ -104.9124, 39.12 ], [ -104.9157, 39.1187 ], [ -104.9193, 39.1199 ], [ -104.922, 39.1202 ], [ -104.9244, 39.1239 ], [ -104.9298, 39.1255 ], [ -104.9303, 39.127 ], [ -104.9323, 39.1271 ], [ -104.9352, 39.1286 ], [ -104.935, 39.131 ], [ -104.9361, 39.1323 ], [ -104.9373, 39.1328 ], [ -104.9389, 39.1352 ], [ -104.9388, 39.1363 ], [ -104.9401, 39.1368 ], [ -104.9401, 39.1384 ], [ -104.9409, 39.1386 ], [ -104.9421, 39.1378 ], [ -104.9437, 39.1375 ], [ -104.9438, 39.1367 ], [ -104.946, 39.135 ], [ -104.9468, 39.1351 ], [ -104.9488, 39.1338 ], [ -104.9508, 39.1333 ], [ -104.9517, 39.1324 ], [ -104.9532, 39.1318 ], [ -104.9538, 39.1295 ], [ -104.9558, 39.13 ], [ -104.9577, 39.1296 ], [ -104.9588, 39.1303 ], [ -104.9587, 39.132 ], [ -104.9595, 39.1323 ], [ -104.9615, 39.1314 ], [ -104.9621, 39.1319 ], [ -104.9631, 39.1318 ], [ -104.9658, 39.1304 ], [ -104.9672, 39.1301 ], [ -104.9687, 39.1304 ], [ -104.9703, 39.1287 ], [ -104.9697, 39.1275 ], [ -104.9706, 39.1266 ], [ -104.9707, 39.1256 ], [ -104.9726, 39.1246 ], [ -104.9758, 39.1255 ], [ -104.9799, 39.1252 ], [ -104.9847, 39.1264 ], [ -104.9857, 39.126 ], [ -104.9881, 39.1279 ], [ -104.9898, 39.1272 ], [ -104.9904, 39.1262 ], [ -104.9916, 39.1271 ], [ -104.9948, 39.1263 ], [ -104.9971, 39.127 ], [ -104.9995, 39.1267 ], [ -105.0003, 39.1232 ], [ -105.0026, 39.1226 ], [ -105.0025, 39.1205 ], [ -105.0033, 39.1198 ], [ -105.0055, 39.1189 ], [ -105.0082, 39.1197 ], [ -105.0093, 39.1191 ], [ -105.011, 39.12 ], [ -105.0125, 39.1194 ], [ -105.0123, 39.1181 ], [ -105.0135, 39.1167 ], [ -105.0129, 39.1157 ], [ -105.0143, 39.1152 ], [ -105.0146, 39.1145 ], [ -105.0167, 39.1129 ], [ -105.0188, 39.1126 ], [ -105.0192, 39.109 ], [ -105.02, 39.1082 ], [ -105.0199, 39.1069 ], [ -105.0217, 39.1051 ], [ -105.0248, 39.1047 ], [ -105.0262, 39.1018 ], [ -105.026, 39.101 ], [ -105.0242, 39.1005 ], [ -105.0237, 39.101 ], [ -105.0224, 39.1009 ], [ -105.0213, 39.0995 ], [ -105.0207, 39.0973 ], [ -105.0225, 39.0969 ], [ -105.0231, 39.0957 ], [ -105.0273, 39.0933 ], [ -105.0268, 39.0912 ], [ -105.0282, 39.0884 ], [ -105.0275, 39.086 ], [ -105.0278, 39.0817 ], [ -105.0261, 39.0803 ], [ -105.0265, 39.0793 ], [ -105.028, 39.0782 ], [ -105.0264, 39.0747 ], [ -105.0266, 39.0731 ], [ -105.0245, 39.0696 ], [ -105.0245, 39.0669 ], [ -105.0232, 39.0667 ], [ -105.022, 39.0654 ], [ -105.0227, 39.0639 ], [ -105.0241, 39.0632 ], [ -105.0211, 39.06 ], [ -105.0212, 39.0581 ], [ -105.0193, 39.0582 ], [ -105.0184, 39.0568 ], [ -105.0204, 39.0545 ], [ -105.0202, 39.0531 ], [ -105.0215, 39.0521 ], [ -105.0216, 39.051 ], [ -105.02, 39.05 ], [ -105.0203, 39.049 ], [ -105.02, 39.0483 ], [ -105.0205, 39.0479 ], [ -105.0183, 39.0474 ], [ -105.0173, 39.0457 ], [ -105.018, 39.0446 ], [ -105.0166, 39.0419 ], [ -105.0167, 39.0407 ], [ -105.0158, 39.0397 ], [ -105.0168, 39.0383 ], [ -105.0152, 39.0369 ], [ -105.0132, 39.0368 ], [ -105.013, 39.0352 ], [ -105.0113, 39.0326 ], [ -105.0114, 39.0318 ], [ -105.0125, 39.031 ], [ -105.012, 39.0303 ], [ -105.0112, 39.0303 ], [ -105.0101, 39.0297 ], [ -105.0096, 39.0281 ], [ -105.0108, 39.0273 ], [ -105.0108, 39.0264 ], [ -105.0122, 39.025 ], [ -105.0114, 39.0232 ], [ -105.0128, 39.0191 ], [ -105.0134, 39.0188 ], [ -105.0128, 39.0179 ], [ -105.0134, 39.017 ], [ -105.0119, 39.0165 ], [ -105.0125, 39.0158 ], [ -105.0122, 39.0139 ], [ -105.0148, 39.0107 ], [ -105.0166, 39.0096 ], [ -105.0166, 39.0092 ], [ -105.0143, 39.0077 ], [ -105.0147, 39.006 ], [ -105.0158, 39.0044 ], [ -105.0155, 39.0033 ], [ -105.0199, 39.0019 ], [ -105.0234, 38.9987 ], [ -105.0252, 38.9985 ], [ -105.0268, 38.999 ], [ -105.0278, 38.9988 ], [ -105.0288, 38.9999 ], [ -105.0311, 39.0001 ], [ -105.0323, 39.0023 ], [ -105.0324, 39.0043 ], [ -105.0336, 39.0045 ], [ -105.036, 39.0026 ], [ -105.0395, 39.0011 ], [ -105.0479, 39.0004 ], [ -105.0504, 38.9982 ], [ -105.0529, 38.9977 ], [ -105.0565, 38.9976 ], [ -105.0597, 38.9955 ], [ -105.0635, 38.9946 ], [ -105.0653, 38.9935 ], [ -105.0701, 38.993 ], [ -105.0718, 38.9924 ], [ -105.0721, 38.9897 ], [ -105.0691, 38.9867 ], [ -105.0666, 38.9866 ], [ -105.0678, 38.9838 ], [ -105.0677, 38.982 ], [ -105.0669, 38.9807 ], [ -105.064, 38.9783 ], [ -105.0667, 38.9763 ], [ -105.0664, 38.9728 ], [ -105.0711, 38.9712 ], [ -105.076, 38.9671 ], [ -105.0764, 38.9661 ], [ -105.0748, 38.9644 ], [ -105.0753, 38.963 ], [ -105.076, 38.9623 ], [ -105.0791, 38.9615 ], [ -105.0801, 38.9602 ], [ -105.0803, 38.9593 ], [ -105.0796, 38.9584 ], [ -105.0773, 38.9572 ], [ -105.0763, 38.9561 ], [ -105.0769, 38.955 ], [ -105.0789, 38.9539 ], [ -105.079, 38.9513 ], [ -105.0785, 38.9498 ], [ -105.0816, 38.9483 ], [ -105.0843, 38.9454 ], [ -105.0935, 38.944 ], [ -105.0948, 38.9429 ], [ -105.0956, 38.9411 ], [ -105.1022, 38.9371 ], [ -105.1041, 38.9349 ], [ -105.1053, 38.9333 ], [ -105.1051, 38.9291 ], [ -105.1069, 38.9251 ], [ -105.1097, 38.9232 ], [ -105.1109, 38.9205 ], [ -105.1149, 38.919 ], [ -105.119, 38.9162 ], [ -105.1213, 38.9117 ], [ -105.1224, 38.9111 ], [ -105.1226, 38.9101 ], [ -105.1242, 38.9085 ], [ -105.1242, 38.907 ], [ -105.1248, 38.9063 ], [ -105.1259, 38.9015 ], [ -105.1245, 38.8988 ], [ -105.1255, 38.898 ], [ -105.1266, 38.896 ], [ -105.1292, 38.8959 ], [ -105.1302, 38.8944 ], [ -105.1335, 38.8932 ], [ -105.1354, 38.8943 ], [ -105.1381, 38.8939 ], [ -105.1391, 38.8947 ], [ -105.1408, 38.8978 ], [ -105.1426, 38.8976 ], [ -105.144, 38.8969 ], [ -105.1471, 38.9009 ], [ -105.1491, 38.8996 ], [ -105.1519, 38.9 ], [ -105.1544, 38.9012 ], [ -105.1557, 38.9013 ], [ -105.1571, 38.9013 ], [ -105.1597, 38.8999 ], [ -105.167, 38.8986 ], [ -105.1706, 38.8961 ], [ -105.1734, 38.8962 ], [ -105.1752, 38.8957 ], [ -105.1786, 38.8934 ], [ -105.18, 38.8936 ], [ -105.1825, 38.8954 ], [ -105.1841, 38.8949 ], [ -105.1852, 38.8939 ], [ -105.1871, 38.8936 ], [ -105.1877, 38.8925 ], [ -105.1888, 38.8924 ], [ -105.1927, 38.8931 ], [ -105.1941, 38.8942 ], [ -105.1965, 38.895 ], [ -105.2014, 38.8958 ], [ -105.2041, 38.8934 ], [ -105.2073, 38.8937 ], [ -105.2084, 38.8946 ], [ -105.2111, 38.8939 ], [ -105.2115, 38.8913 ], [ -105.2137, 38.8899 ], [ -105.2139, 38.8876 ], [ -105.2153, 38.8875 ], [ -105.2164, 38.8866 ], [ -105.2178, 38.8865 ], [ -105.2205, 38.8851 ], [ -105.2221, 38.885 ], [ -105.2223, 38.8816 ], [ -105.2228, 38.8812 ], [ -105.2247, 38.8811 ], [ -105.2279, 38.8824 ], [ -105.2314, 38.8805 ], [ -105.2318, 38.8819 ], [ -105.2331, 38.8829 ], [ -105.2352, 38.8831 ], [ -105.238, 38.8809 ], [ -105.2404, 38.8798 ], [ -105.2438, 38.8791 ], [ -105.2455, 38.8795 ], [ -105.2476, 38.879 ], [ -105.249, 38.8792 ], [ -105.2502, 38.88 ], [ -105.251, 38.8796 ], [ -105.2533, 38.8811 ], [ -105.255, 38.8791 ], [ -105.2572, 38.8831 ], [ -105.2593, 38.8837 ], [ -105.2632, 38.8835 ], [ -105.2718, 38.8838 ], [ -105.2738, 38.8842 ], [ -105.2754, 38.8852 ], [ -105.2769, 38.888 ], [ -105.2795, 38.8871 ], [ -105.2797, 38.8858 ], [ -105.2835, 38.8831 ], [ -105.2873, 38.8817 ], [ -105.2886, 38.8808 ], [ -105.2896, 38.8764 ], [ -105.2928, 38.875 ], [ -105.2942, 38.8738 ], [ -105.2961, 38.874 ], [ -105.2972, 38.873 ], [ -105.298, 38.873 ], [ -105.2997, 38.8747 ], [ -105.3015, 38.8791 ], [ -105.3032, 38.8805 ], [ -105.304, 38.8818 ], [ -105.3081, 38.8832 ], [ -105.3105, 38.8826 ], [ -105.3134, 38.8811 ], [ -105.3147, 38.8775 ], [ -105.3171, 38.8775 ], [ -105.3179, 38.8782 ], [ -105.3204, 38.8772 ], [ -105.3235, 38.8783 ], [ -105.3246, 38.8771 ], [ -105.3246, 38.8757 ], [ -105.327, 38.8755 ], [ -105.3319, 38.8735 ], [ -105.3347, 38.8731 ], [ -105.3359, 38.874 ], [ -105.3364, 38.88 ], [ -105.3389, 38.8844 ], [ -105.3401, 38.8856 ], [ -105.3422, 38.8869 ], [ -105.3439, 38.8871 ], [ -105.3448, 38.8869 ], [ -105.346, 38.8856 ], [ -105.3522, 38.8858 ], [ -105.353, 38.8847 ], [ -105.3557, 38.884 ], [ -105.357, 38.8825 ], [ -105.3572, 38.8804 ], [ -105.3585, 38.8778 ], [ -105.3611, 38.8765 ], [ -105.3616, 38.875 ], [ -105.3651, 38.8749 ], [ -105.3682, 38.8728 ], [ -105.3711, 38.8697 ], [ -105.3727, 38.8694 ], [ -105.3762, 38.8672 ], [ -105.3785, 38.8669 ], [ -105.3824, 38.865 ], [ -105.384, 38.8636 ], [ -105.3839, 38.8609 ], [ -105.3862, 38.862 ], [ -105.389, 38.8615 ], [ -105.3961, 38.8635 ], [ -105.4002, 38.8623 ], [ -105.4084, 38.8622 ], [ -105.4106, 38.8593 ], [ -105.4109, 38.8574 ], [ -105.4127, 38.8565 ], [ -105.414, 38.8552 ], [ -105.4157, 38.8531 ], [ -105.415, 38.8529 ], [ -105.4174, 38.8502 ], [ -105.4194, 38.8496 ], [ -105.423, 38.8515 ], [ -105.4252, 38.8504 ], [ -105.4277, 38.8497 ], [ -105.4296, 38.8509 ], [ -105.4307, 38.8509 ], [ -105.4322, 38.8496 ], [ -105.4338, 38.849 ], [ -105.4358, 38.8489 ], [ -105.4372, 38.8501 ], [ -105.4413, 38.8491 ], [ -105.4433, 38.849 ], [ -105.4471, 38.8456 ], [ -105.4511, 38.844 ], [ -105.453, 38.8419 ], [ -105.456, 38.8406 ], [ -105.4572, 38.8394 ], [ -105.4592, 38.8397 ], [ -105.4604, 38.8392 ], [ -105.4667, 38.8319 ], [ -105.4688, 38.8327 ], [ -105.4702, 38.8345 ], [ -105.4733, 38.8354 ], [ -105.4764, 38.8373 ], [ -105.4776, 38.8368 ], [ -105.4843, 38.8376 ], [ -105.486, 38.8364 ], [ -105.4874, 38.8374 ], [ -105.4892, 38.8368 ], [ -105.4919, 38.8371 ], [ -105.493, 38.8366 ], [ -105.4968, 38.8373 ], [ -105.4984, 38.8355 ], [ -105.5, 38.8364 ], [ -105.5087, 38.8357 ], [ -105.5099, 38.8369 ], [ -105.5128, 38.8374 ], [ -105.5165, 38.8364 ], [ -105.5219, 38.837 ], [ -105.5243, 38.8364 ], [ -105.5312, 38.8367 ], [ -105.5353, 38.8358 ], [ -105.538, 38.8368 ], [ -105.5447, 38.8343 ], [ -105.5458, 38.8334 ], [ -105.5511, 38.8339 ], [ -105.5526, 38.8336 ], [ -105.5553, 38.8324 ], [ -105.558, 38.8323 ], [ -105.561, 38.8316 ], [ -105.5624, 38.8294 ], [ -105.5672, 38.8292 ], [ -105.5702, 38.8281 ], [ -105.5721, 38.8281 ], [ -105.575, 38.8273 ], [ -105.5842, 38.8284 ], [ -105.5868, 38.8281 ], [ -105.5873, 38.829 ], [ -105.5929, 38.8292 ], [ -105.595, 38.8304 ], [ -105.597, 38.8307 ], [ -105.5993, 38.837 ], [ -105.6009, 38.8381 ], [ -105.603, 38.8412 ], [ -105.6039, 38.8439 ], [ -105.6146, 38.8456 ], [ -105.6183, 38.8444 ], [ -105.6223, 38.8437 ], [ -105.6249, 38.844 ], [ -105.6279, 38.8431 ], [ -105.6319, 38.843 ], [ -105.6325, 38.8427 ], [ -105.6326, 38.8403 ], [ -105.635, 38.8371 ], [ -105.6376, 38.8358 ], [ -105.6398, 38.8358 ], [ -105.641, 38.8336 ], [ -105.6438, 38.8316 ], [ -105.6448, 38.8303 ], [ -105.6479, 38.8306 ], [ -105.6513, 38.8319 ], [ -105.6535, 38.8254 ], [ -105.6529, 38.8196 ], [ -105.6539, 38.8175 ], [ -105.6555, 38.816 ], [ -105.6605, 38.8169 ], [ -105.6622, 38.8162 ], [ -105.6629, 38.8124 ], [ -105.6665, 38.8123 ], [ -105.6695, 38.8112 ], [ -105.6724, 38.8119 ], [ -105.6743, 38.811 ], [ -105.6774, 38.8104 ], [ -105.6808, 38.8086 ], [ -105.6861, 38.8097 ], [ -105.6847, 38.8075 ], [ -105.6826, 38.8011 ], [ -105.6838, 38.7984 ], [ -105.6851, 38.7977 ], [ -105.6846, 38.7953 ], [ -105.6818, 38.7953 ], [ -105.6787, 38.7927 ], [ -105.6776, 38.7913 ], [ -105.6783, 38.79 ], [ -105.6782, 38.7888 ], [ -105.6768, 38.7872 ], [ -105.6789, 38.7839 ], [ -105.6788, 38.7806 ], [ -105.6808, 38.7805 ], [ -105.6829, 38.7812 ], [ -105.6849, 38.78 ], [ -105.6876, 38.7795 ], [ -105.6894, 38.7777 ], [ -105.6909, 38.7771 ], [ -105.6907, 38.7737 ], [ -105.6917, 38.772 ], [ -105.6919, 38.7701 ], [ -105.6904, 38.7666 ], [ -105.6911, 38.7664 ], [ -105.6909, 38.7644 ], [ -105.6894, 38.7605 ], [ -105.6898, 38.7582 ], [ -105.6891, 38.7572 ], [ -105.6914, 38.7552 ], [ -105.6923, 38.7537 ], [ -105.6938, 38.753 ], [ -105.6959, 38.7531 ], [ -105.7008, 38.755 ], [ -105.7042, 38.7575 ], [ -105.7077, 38.7573 ], [ -105.71, 38.7581 ], [ -105.712, 38.7576 ], [ -105.7125, 38.7591 ], [ -105.7154, 38.7604 ], [ -105.7179, 38.7606 ], [ -105.7182, 38.7614 ], [ -105.7195, 38.7623 ], [ -105.7202, 38.7613 ], [ -105.7231, 38.7603 ], [ -105.724, 38.7593 ], [ -105.7269, 38.7587 ], [ -105.7282, 38.7579 ], [ -105.73, 38.7581 ], [ -105.7312, 38.7575 ], [ -105.7336, 38.7587 ], [ -105.7349, 38.7582 ], [ -105.7363, 38.7585 ], [ -105.7372, 38.7596 ], [ -105.7347, 38.7621 ], [ -105.7376, 38.7621 ], [ -105.7384, 38.7639 ], [ -105.741, 38.7652 ], [ -105.7431, 38.7673 ], [ -105.7447, 38.7674 ], [ -105.7461, 38.7691 ], [ -105.7522, 38.772 ], [ -105.7534, 38.7719 ], [ -105.7557, 38.7726 ], [ -105.7556, 38.7744 ], [ -105.7563, 38.7763 ], [ -105.7547, 38.7779 ], [ -105.756, 38.7793 ], [ -105.7582, 38.7801 ], [ -105.7597, 38.7811 ], [ -105.763, 38.786 ], [ -105.7653, 38.7868 ], [ -105.7712, 38.7835 ], [ -105.7747, 38.7824 ], [ -105.7801, 38.7823 ], [ -105.7836, 38.7834 ], [ -105.7855, 38.7843 ], [ -105.7857, 38.7862 ], [ -105.7883, 38.789 ], [ -105.7923, 38.7888 ], [ -105.7956, 38.7897 ], [ -105.7981, 38.7912 ], [ -105.7994, 38.7928 ], [ -105.8022, 38.7946 ], [ -105.8054, 38.7957 ], [ -105.8076, 38.8016 ], [ -105.8104, 38.8059 ], [ -105.8154, 38.8042 ], [ -105.828, 38.8033 ], [ -105.8345, 38.804 ], [ -105.836, 38.8038 ], [ -105.8371, 38.8029 ], [ -105.8366, 38.8058 ], [ -105.837, 38.8069 ], [ -105.8432, 38.809 ], [ -105.8507, 38.8151 ], [ -105.8632, 38.8153 ], [ -105.8665, 38.816 ], [ -105.8711, 38.8151 ], [ -105.8749, 38.8152 ], [ -105.8783, 38.8138 ], [ -105.8833, 38.8135 ], [ -105.8884, 38.812 ], [ -105.8913, 38.8119 ], [ -105.8965, 38.8098 ], [ -105.8992, 38.8077 ], [ -105.9032, 38.8076 ], [ -105.907, 38.8097 ], [ -105.9094, 38.8094 ], [ -105.9105, 38.8104 ], [ -105.9106, 38.8125 ], [ -105.9124, 38.8139 ], [ -105.9137, 38.8159 ], [ -105.9156, 38.8172 ], [ -105.9178, 38.8179 ], [ -105.9206, 38.8215 ], [ -105.9246, 38.8245 ], [ -105.9257, 38.8261 ], [ -105.9288, 38.8287 ], [ -105.9323, 38.8325 ], [ -105.9356, 38.8348 ], [ -105.9362, 38.8363 ], [ -105.9418, 38.8405 ], [ -105.9415, 38.8426 ], [ -105.94, 38.8436 ], [ -105.9391, 38.8464 ], [ -105.94, 38.8487 ], [ -105.9431, 38.8507 ], [ -105.9426, 38.8529 ], [ -105.9394, 38.8574 ], [ -105.9332, 38.8602 ], [ -105.931, 38.868 ], [ -105.9302, 38.8689 ], [ -105.9276, 38.8689 ], [ -105.9283, 38.8695 ], [ -105.9273, 38.8713 ], [ -105.9268, 38.8717 ], [ -105.9252, 38.8715 ], [ -105.925, 38.8721 ], [ -105.9267, 38.8741 ], [ -105.931, 38.8747 ], [ -105.9325, 38.8775 ], [ -105.936, 38.8815 ], [ -105.9394, 38.8835 ], [ -105.9416, 38.8857 ], [ -105.9446, 38.885 ], [ -105.9484, 38.8826 ], [ -105.9543, 38.8845 ], [ -105.9562, 38.8839 ], [ -105.9646, 38.8861 ], [ -105.9706, 38.8833 ], [ -105.9744, 38.8825 ], [ -105.9775, 38.886 ], [ -105.9791, 38.8894 ], [ -105.9798, 38.892 ], [ -105.9793, 38.8948 ], [ -105.9741, 38.8967 ], [ -105.9714, 38.9 ], [ -105.9694, 38.9004 ], [ -105.9678, 38.9046 ], [ -105.9658, 38.9058 ], [ -105.9672, 38.9065 ], [ -105.9685, 38.908 ], [ -105.9702, 38.909 ], [ -105.9721, 38.9088 ], [ -105.9732, 38.9099 ], [ -105.9756, 38.9099 ], [ -105.977, 38.9108 ], [ -105.9764, 38.9119 ], [ -105.9769, 38.9135 ], [ -105.9767, 38.9146 ], [ -105.9786, 38.9149 ], [ -105.9796, 38.9145 ], [ -105.9812, 38.9158 ], [ -105.9839, 38.9168 ], [ -105.986, 38.9182 ], [ -105.9951, 38.9149 ], [ -105.9987, 38.9156 ], [ -105.9997, 38.9166 ], [ -105.999, 38.9185 ], [ -106.0056, 38.9231 ], [ -106.0072, 38.9247 ], [ -106.008, 38.9265 ], [ -106.0112, 38.9284 ], [ -106.0161, 38.9337 ], [ -106.0177, 38.9344 ], [ -106.0207, 38.9346 ], [ -106.0283, 38.943 ], [ -106.0369, 38.941 ], [ -106.0404, 38.9411 ], [ -106.0442, 38.9421 ], [ -106.046, 38.9419 ], [ -106.0499, 38.9431 ], [ -106.0543, 38.9429 ], [ -106.0586, 38.9413 ], [ -106.0586, 38.9391 ], [ -106.0603, 38.9373 ], [ -106.0645, 38.9362 ], [ -106.0654, 38.9319 ], [ -106.0681, 38.9329 ], [ -106.0704, 38.9321 ], [ -106.0716, 38.9338 ], [ -106.0742, 38.9346 ], [ -106.0759, 38.9346 ], [ -106.0788, 38.9354 ], [ -106.0834, 38.9378 ], [ -106.0849, 38.9393 ], [ -106.0916, 38.9371 ], [ -106.0923, 38.9376 ], [ -106.0944, 38.9369 ], [ -106.0966, 38.938 ], [ -106.1053, 38.9401 ], [ -106.106, 38.9408 ], [ -106.1108, 38.9398 ], [ -106.112, 38.9408 ], [ -106.1137, 38.9409 ], [ -106.1127, 38.9424 ], [ -106.1134, 38.9453 ], [ -106.1125, 38.9472 ], [ -106.1121, 38.9506 ], [ -106.1135, 38.9527 ], [ -106.1137, 38.9556 ], [ -106.1112, 38.9574 ], [ -106.112, 38.9601 ], [ -106.1107, 38.9609 ], [ -106.1106, 38.9622 ], [ -106.1073, 38.9648 ], [ -106.105, 38.97 ], [ -106.1045, 38.9725 ], [ -106.1047, 38.9748 ], [ -106.1074, 38.9784 ], [ -106.1091, 38.9821 ], [ -106.1094, 38.9865 ], [ -106.1088, 38.9874 ], [ -106.1117, 38.987 ], [ -106.1133, 38.9879 ], [ -106.1165, 38.9881 ], [ -106.1223, 38.9907 ], [ -106.1269, 38.9937 ], [ -106.1313, 38.9947 ], [ -106.1326, 38.9955 ], [ -106.1377, 38.995 ], [ -106.1405, 38.9954 ], [ -106.1455, 38.9979 ], [ -106.1518, 38.9971 ], [ -106.1594, 38.9939 ], [ -106.1605, 38.995 ], [ -106.1647, 38.9935 ], [ -106.1674, 38.9929 ], [ -106.1693, 38.993 ], [ -106.1701, 38.9944 ], [ -106.1744, 38.9988 ], [ -106.176, 38.9996 ], [ -106.177, 39.0055 ], [ -106.179, 39.011 ], [ -106.1834, 39.0118 ], [ -106.1848, 39.0125 ], [ -106.1863, 39.0152 ], [ -106.1881, 39.0153 ], [ -106.1917, 39.0167 ], [ -106.1928, 39.0177 ], [ -106.1931, 39.0196 ], [ -106.1914, 39.0198 ], [ -106.1895, 39.0214 ], [ -106.1919, 39.0289 ], [ -106.1896, 39.0312 ], [ -106.1895, 39.0325 ], [ -106.1885, 39.0333 ], [ -106.1872, 39.0332 ], [ -106.186, 39.0339 ], [ -106.1835, 39.0377 ], [ -106.1829, 39.04 ], [ -106.1853, 39.0439 ], [ -106.1856, 39.0466 ], [ -106.1849, 39.0508 ], [ -106.1863, 39.0523 ], [ -106.1901, 39.0545 ], [ -106.1909, 39.0554 ], [ -106.1914, 39.0594 ], [ -106.1911, 39.0622 ], [ -106.1904, 39.0633 ], [ -106.1919, 39.0675 ], [ -106.1868, 39.0712 ], [ -106.1869, 39.0742 ], [ -106.1856, 39.0754 ], [ -106.1819, 39.0768 ], [ -106.1773, 39.0808 ], [ -106.1751, 39.0834 ], [ -106.1729, 39.0837 ], [ -106.1714, 39.0859 ], [ -106.1697, 39.0861 ], [ -106.1694, 39.0878 ], [ -106.1702, 39.0888 ], [ -106.1702, 39.091 ], [ -106.172, 39.0955 ], [ -106.1738, 39.0977 ], [ -106.1757, 39.0988 ], [ -106.1783, 39.1029 ], [ -106.1872, 39.1036 ], [ -106.19, 39.1029 ], [ -106.1927, 39.1028 ], [ -106.1951, 39.1042 ], [ -106.1963, 39.1043 ], [ -106.2013, 39.1042 ], [ -106.2035, 39.1038 ], [ -106.2085, 39.1041 ], [ -106.21, 39.1028 ], [ -106.2103, 39.1035 ], [ -106.2077, 39.1082 ], [ -106.2076, 39.1095 ], [ -106.2035, 39.1117 ], [ -106.2039, 39.1132 ], [ -106.2035, 39.114 ], [ -106.2037, 39.1164 ], [ -106.199, 39.1165 ], [ -106.1911, 39.1209 ], [ -106.1889, 39.1206 ], [ -106.1879, 39.1222 ], [ -106.1877, 39.1246 ], [ -106.1855, 39.1264 ], [ -106.1863, 39.1277 ], [ -106.1861, 39.1289 ], [ -106.1826, 39.1299 ], [ -106.181, 39.1333 ], [ -106.1799, 39.1345 ], [ -106.1729, 39.1385 ], [ -106.1748, 39.1422 ], [ -106.173, 39.144 ], [ -106.1747, 39.1466 ], [ -106.1744, 39.1504 ], [ -106.1759, 39.1528 ], [ -106.1755, 39.156 ], [ -106.1771, 39.1588 ], [ -106.1768, 39.1598 ], [ -106.1794, 39.1643 ], [ -106.178, 39.1679 ], [ -106.1785, 39.1754 ], [ -106.1829, 39.1804 ], [ -106.1853, 39.1865 ], [ -106.1854, 39.1872 ], [ -106.1818, 39.1899 ], [ -106.18, 39.1927 ], [ -106.179, 39.1982 ], [ -106.1803, 39.2032 ], [ -106.1837, 39.2071 ], [ -106.1848, 39.2091 ], [ -106.1808, 39.2111 ], [ -106.1787, 39.2131 ], [ -106.1776, 39.2166 ], [ -106.1777, 39.2192 ], [ -106.1739, 39.2209 ], [ -106.1705, 39.2236 ], [ -106.17, 39.2249 ], [ -106.1699, 39.228 ], [ -106.1687, 39.2293 ], [ -106.1687, 39.2314 ], [ -106.1702, 39.2346 ], [ -106.1722, 39.2362 ], [ -106.1767, 39.2386 ], [ -106.1832, 39.2398 ], [ -106.1853, 39.2427 ], [ -106.181, 39.2476 ], [ -106.1817, 39.2502 ], [ -106.181, 39.2527 ], [ -106.1816, 39.2571 ], [ -106.1807, 39.2589 ], [ -106.1805, 39.2611 ], [ -106.1817, 39.2635 ], [ -106.1815, 39.2654 ], [ -106.1843, 39.2692 ], [ -106.1856, 39.2728 ], [ -106.1858, 39.2758 ], [ -106.1867, 39.2794 ], [ -106.1851, 39.283 ], [ -106.1853, 39.2861 ], [ -106.1818, 39.2901 ], [ -106.1826, 39.2929 ], [ -106.181, 39.2986 ], [ -106.1831, 39.301 ], [ -106.1839, 39.3103 ], [ -106.1822, 39.3111 ], [ -106.1789, 39.3115 ], [ -106.1775, 39.3116 ], [ -106.1766, 39.3111 ], [ -106.1765, 39.3122 ], [ -106.1751, 39.3144 ], [ -106.1746, 39.3177 ], [ -106.1695, 39.3222 ], [ -106.1634, 39.3213 ], [ -106.1617, 39.3216 ], [ -106.1534, 39.3203 ], [ -106.1512, 39.3207 ], [ -106.1501, 39.3253 ], [ -106.1473, 39.3277 ], [ -106.1466, 39.33 ], [ -106.1433, 39.3344 ], [ -106.1419, 39.3374 ], [ -106.14, 39.3394 ], [ -106.1434, 39.343 ], [ -106.1444, 39.3443 ], [ -106.1449, 39.3466 ], [ -106.1473, 39.3497 ], [ -106.1472, 39.3533 ], [ -106.1485, 39.3584 ], [ -106.1517, 39.3605 ], [ -106.1531, 39.3626 ], [ -106.1489, 39.3682 ], [ -106.1437, 39.3683 ], [ -106.1413, 39.3708 ], [ -106.1387, 39.3721 ], [ -106.1386, 39.3749 ], [ -106.1376, 39.3775 ], [ -106.1359, 39.3796 ], [ -106.1345, 39.3797 ], [ -106.1323, 39.3796 ], [ -106.1304, 39.3787 ], [ -106.1269, 39.3787 ], [ -106.1195, 39.3765 ], [ -106.115, 39.3765 ], [ -106.1058, 39.3779 ], [ -106.097, 39.378 ], [ -106.0935, 39.3758 ], [ -106.0855, 39.3698 ], [ -106.0832, 39.3693 ], [ -106.0807, 39.3701 ], [ -106.0734, 39.3683 ], [ -106.0682, 39.3641 ], [ -106.0663, 39.3638 ], [ -106.0599, 39.361 ], [ -106.0565, 39.3587 ], [ -106.0501, 39.3582 ], [ -106.0465, 39.3574 ], [ -106.0431, 39.3575 ], [ -106.0387, 39.3586 ], [ -106.0341, 39.3584 ], [ -106.0271, 39.3612 ], [ -106.0241, 39.3611 ], [ -106.0219, 39.3616 ], [ -106.0192, 39.3633 ], [ -106.0172, 39.3654 ], [ -106.0176, 39.3711 ], [ -106.0171, 39.3717 ], [ -106.0174, 39.3737 ], [ -106.0169, 39.3765 ], [ -106.0176, 39.3793 ], [ -106.0187, 39.3809 ], [ -106.0142, 39.387 ], [ -106.0086, 39.3873 ], [ -106.0053, 39.3895 ], [ -106.0034, 39.3918 ], [ -106.0001, 39.3939 ], [ -105.9965, 39.3946 ], [ -105.995, 39.3965 ], [ -105.9926, 39.4017 ], [ -105.9905, 39.4022 ], [ -105.9877, 39.4015 ], [ -105.9846, 39.4018 ], [ -105.9837, 39.4024 ], [ -105.9826, 39.4051 ], [ -105.9813, 39.4064 ], [ -105.9782, 39.4072 ], [ -105.977, 39.4086 ], [ -105.9728, 39.4094 ], [ -105.965, 39.4123 ], [ -105.9609, 39.4142 ], [ -105.959, 39.4157 ], [ -105.9544, 39.4163 ], [ -105.9528, 39.4155 ], [ -105.952, 39.4144 ], [ -105.9516, 39.4147 ], [ -105.9535, 39.418 ], [ -105.9538, 39.4206 ], [ -105.9551, 39.4217 ], [ -105.9554, 39.4236 ], [ -105.9548, 39.4263 ], [ -105.9568, 39.4283 ], [ -105.9608, 39.4291 ], [ -105.9642, 39.4325 ], [ -105.9661, 39.4353 ], [ -105.9669, 39.4378 ], [ -105.9666, 39.4385 ], [ -105.964, 39.4397 ], [ -105.9614, 39.4401 ], [ -105.9587, 39.4398 ], [ -105.9566, 39.4386 ], [ -105.9551, 39.4385 ], [ -105.944, 39.4408 ], [ -105.944, 39.4455 ], [ -105.9419, 39.4484 ], [ -105.9425, 39.4504 ], [ -105.9422, 39.4528 ], [ -105.9411, 39.4559 ], [ -105.9392, 39.4581 ], [ -105.9377, 39.4586 ], [ -105.9346, 39.4579 ], [ -105.9306, 39.4592 ], [ -105.927, 39.4594 ], [ -105.9227, 39.4586 ], [ -105.9142, 39.4579 ], [ -105.9116, 39.4568 ], [ -105.9106, 39.4583 ], [ -105.9085, 39.4595 ], [ -105.9059, 39.4597 ], [ -105.9019, 39.4652 ], [ -105.9012, 39.4704 ], [ -105.899, 39.4717 ], [ -105.8982, 39.474 ], [ -105.8942, 39.4777 ], [ -105.8942, 39.4789 ], [ -105.8927, 39.4802 ], [ -105.8921, 39.4842 ], [ -105.8899, 39.4835 ], [ -105.8884, 39.484 ], [ -105.8845, 39.4843 ], [ -105.8795, 39.4839 ], [ -105.8797, 39.4856 ], [ -105.8786, 39.4896 ], [ -105.8769, 39.4909 ], [ -105.8753, 39.4929 ], [ -105.8732, 39.4944 ], [ -105.8714, 39.4949 ], [ -105.8666, 39.4942 ], [ -105.8669, 39.4961 ], [ -105.8661, 39.4978 ], [ -105.8642, 39.4998 ], [ -105.8644, 39.5013 ], [ -105.8637, 39.5025 ], [ -105.8603, 39.5049 ], [ -105.8575, 39.5054 ], [ -105.8559, 39.5051 ], [ -105.8601, 39.5098 ], [ -105.8599, 39.5121 ], [ -105.8666, 39.5164 ], [ -105.8681, 39.5193 ], [ -105.8676, 39.5205 ], [ -105.8649, 39.5221 ], [ -105.8636, 39.5243 ], [ -105.8631, 39.5271 ], [ -105.8602, 39.5312 ], [ -105.8591, 39.5319 ], [ -105.8578, 39.5321 ], [ -105.8541, 39.5275 ], [ -105.8495, 39.5256 ], [ -105.8478, 39.524 ], [ -105.8468, 39.5238 ], [ -105.8453, 39.524 ], [ -105.8441, 39.5263 ], [ -105.8397, 39.5274 ], [ -105.837, 39.5292 ], [ -105.831, 39.532 ], [ -105.8284, 39.532 ], [ -105.8244, 39.5308 ], [ -105.8231, 39.5299 ], [ -105.8207, 39.5342 ], [ -105.8198, 39.5371 ], [ -105.8179, 39.5384 ], [ -105.8191, 39.5434 ], [ -105.8191, 39.5455 ], [ -105.8188, 39.5464 ], [ -105.8163, 39.5486 ], [ -105.8159, 39.5522 ], [ -105.8194, 39.5523 ], [ -105.8222, 39.553 ], [ -105.8257, 39.5556 ], [ -105.8261, 39.5574 ], [ -105.8288, 39.5609 ], [ -105.8291, 39.5622 ], [ -105.8287, 39.5636 ], [ -105.8302, 39.5661 ], [ -105.8366, 39.5687 ], [ -105.8382, 39.5709 ], [ -105.8385, 39.5726 ], [ -105.8323, 39.578 ], [ -105.8279, 39.5792 ], [ -105.8265, 39.5804 ], [ -105.8235, 39.5807 ], [ -105.8213, 39.5827 ], [ -105.8178, 39.581 ], [ -105.8142, 39.5824 ], [ -105.8078, 39.5837 ], [ -105.804, 39.5892 ], [ -105.8016, 39.5915 ], [ -105.801, 39.5935 ], [ -105.7961, 39.594 ], [ -105.7922, 39.5978 ], [ -105.7815, 39.6009 ], [ -105.778, 39.6044 ], [ -105.7761, 39.6052 ], [ -105.7764, 39.6111 ], [ -105.7785, 39.6137 ], [ -105.7808, 39.6154 ], [ -105.7828, 39.618 ], [ -105.7826, 39.6217 ], [ -105.783, 39.6228 ], [ -105.7823, 39.6263 ], [ -105.7829, 39.6277 ], [ -105.7827, 39.6292 ], [ -105.7849, 39.6313 ], [ -105.791, 39.634 ], [ -105.793, 39.6363 ], [ -105.7979, 39.6364 ], [ -105.8011, 39.6355 ], [ -105.8067, 39.635 ], [ -105.8107, 39.6355 ], [ -105.8174, 39.6337 ], [ -105.8186, 39.6347 ], [ -105.8186, 39.6368 ], [ -105.8193, 39.6396 ], [ -105.8211, 39.6426 ], [ -105.8229, 39.6424 ], [ -105.8262, 39.641 ], [ -105.8289, 39.642 ], [ -105.8345, 39.6419 ], [ -105.8412, 39.6463 ], [ -105.8461, 39.6442 ], [ -105.8488, 39.6442 ], [ -105.8544, 39.6492 ], [ -105.8561, 39.6534 ], [ -105.8567, 39.6579 ], [ -105.8596, 39.659 ], [ -105.8621, 39.6626 ], [ -105.8633, 39.6655 ], [ -105.865, 39.6672 ], [ -105.8739, 39.6659 ], [ -105.8795, 39.6635 ], [ -105.8852, 39.6571 ], [ -105.8887, 39.6586 ], [ -105.8926, 39.6589 ], [ -105.894, 39.6594 ], [ -105.8969, 39.6645 ], [ -105.9043, 39.6642 ], [ -105.9093, 39.6622 ], [ -105.911, 39.6623 ], [ -105.915, 39.6657 ], [ -105.9172, 39.6667 ], [ -105.9206, 39.6695 ], [ -105.9222, 39.67 ], [ -105.9265, 39.6733 ], [ -105.9269, 39.6767 ], [ -105.9232, 39.6814 ], [ -105.9224, 39.6833 ], [ -105.921, 39.6845 ], [ -105.9196, 39.6901 ], [ -105.9205, 39.6923 ], [ -105.9201, 39.694 ], [ -105.9212, 39.6959 ], [ -105.9246, 39.6992 ], [ -105.9242, 39.7016 ], [ -105.9244, 39.7041 ], [ -105.922, 39.7078 ], [ -105.9215, 39.7097 ], [ -105.9161, 39.7137 ], [ -105.9118, 39.7154 ], [ -105.912, 39.7165 ], [ -105.9104, 39.7209 ], [ -105.9074, 39.7239 ], [ -105.9082, 39.7261 ], [ -105.9073, 39.7272 ], [ -105.9045, 39.7287 ], [ -105.9002, 39.7287 ], [ -105.8936, 39.7304 ], [ -105.891, 39.7306 ], [ -105.8895, 39.7314 ], [ -105.8876, 39.7336 ], [ -105.8844, 39.7356 ], [ -105.8828, 39.7391 ], [ -105.8823, 39.7415 ], [ -105.8832, 39.744 ], [ -105.8824, 39.7465 ], [ -105.8847, 39.7495 ], [ -105.8847, 39.7523 ], [ -105.8807, 39.7582 ], [ -105.8805, 39.7595 ], [ -105.8822, 39.7633 ], [ -105.885, 39.7642 ], [ -105.8864, 39.7662 ], [ -105.8876, 39.7713 ], [ -105.8894, 39.7737 ], [ -105.8902, 39.7788 ], [ -105.8918, 39.7806 ], [ -105.8925, 39.7822 ], [ -105.8921, 39.7844 ], [ -105.8877, 39.7888 ], [ -105.8877, 39.7969 ], [ -105.8845, 39.7979 ], [ -105.8786, 39.7987 ], [ -105.8759, 39.7994 ], [ -105.8746, 39.799 ], [ -105.8724, 39.7968 ], [ -105.8604, 39.7968 ], [ -105.8577, 39.7957 ], [ -105.8561, 39.7955 ], [ -105.855, 39.7961 ], [ -105.8536, 39.7926 ], [ -105.851, 39.789 ], [ -105.8515, 39.7877 ], [ -105.8479, 39.7892 ], [ -105.8436, 39.7894 ], [ -105.8403, 39.7888 ], [ -105.8386, 39.788 ], [ -105.8335, 39.7879 ], [ -105.8301, 39.7882 ], [ -105.8279, 39.787 ], [ -105.8254, 39.7867 ], [ -105.8231, 39.7857 ], [ -105.8219, 39.7877 ], [ -105.8199, 39.7894 ], [ -105.8134, 39.7904 ], [ -105.8107, 39.7914 ], [ -105.8097, 39.7954 ], [ -105.8086, 39.7972 ], [ -105.8056, 39.7989 ], [ -105.8021, 39.7993 ], [ -105.8013, 39.8018 ], [ -105.799, 39.8033 ], [ -105.796, 39.8028 ], [ -105.794, 39.8019 ], [ -105.791, 39.8032 ], [ -105.7845, 39.8024 ], [ -105.7795, 39.7987 ], [ -105.7697, 39.7957 ], [ -105.7639, 39.795 ], [ -105.7609, 39.7971 ], [ -105.7558, 39.7987 ], [ -105.7507, 39.8013 ], [ -105.7469, 39.8015 ], [ -105.7447, 39.8034 ], [ -105.7422, 39.8044 ], [ -105.7393, 39.805 ], [ -105.7361, 39.8048 ], [ -105.7363, 39.806 ], [ -105.7353, 39.8079 ], [ -105.7352, 39.8097 ], [ -105.7337, 39.8115 ], [ -105.7335, 39.8128 ], [ -105.7319, 39.8141 ], [ -105.7237, 39.818 ], [ -105.7245, 39.8225 ], [ -105.7242, 39.8238 ], [ -105.723, 39.8253 ], [ -105.7189, 39.8277 ], [ -105.7191, 39.8317 ], [ -105.7166, 39.8358 ], [ -105.7133, 39.8381 ], [ -105.7084, 39.8369 ], [ -105.7035, 39.8367 ], [ -105.7013, 39.8371 ], [ -105.6961, 39.8389 ], [ -105.6938, 39.8454 ], [ -105.6937, 39.8478 ], [ -105.6904, 39.852 ], [ -105.6927, 39.8547 ], [ -105.6936, 39.8567 ], [ -105.6935, 39.8579 ], [ -105.6963, 39.8621 ], [ -105.6962, 39.8646 ], [ -105.6977, 39.8676 ], [ -105.6968, 39.8714 ], [ -105.6992, 39.8741 ], [ -105.7006, 39.8786 ], [ -105.6984, 39.881 ], [ -105.6984, 39.883 ], [ -105.6978, 39.8843 ], [ -105.6994, 39.8857 ], [ -105.6991, 39.8877 ], [ -105.6998, 39.8894 ], [ -105.6996, 39.8916 ], [ -105.6977, 39.8943 ], [ -105.6911, 39.8974 ], [ -105.6919, 39.8985 ], [ -105.6903, 39.902 ], [ -105.6891, 39.9032 ], [ -105.6873, 39.9041 ], [ -105.6886, 39.9075 ], [ -105.6879, 39.9118 ], [ -105.6864, 39.9132 ], [ -105.686, 39.9157 ], [ -105.6822, 39.9175 ], [ -105.6829, 39.9186 ], [ -105.6824, 39.9218 ], [ -105.6803, 39.9251 ], [ -105.6799, 39.9269 ], [ -105.6766, 39.9287 ], [ -105.678, 39.9306 ], [ -105.6752, 39.9333 ], [ -105.6765, 39.9328 ], [ -105.6784, 39.9329 ], [ -105.682, 39.934 ], [ -105.6834, 39.9355 ], [ -105.6861, 39.9373 ], [ -105.69, 39.9388 ], [ -105.6906, 39.9399 ], [ -105.6934, 39.9414 ], [ -105.6938, 39.9423 ], [ -105.6935, 39.9441 ], [ -105.6918, 39.9464 ], [ -105.6941, 39.949 ], [ -105.6943, 39.9505 ], [ -105.6916, 39.9529 ], [ -105.6891, 39.9538 ], [ -105.6886, 39.9565 ], [ -105.6853, 39.9587 ], [ -105.6883, 39.9598 ], [ -105.6884, 39.9629 ], [ -105.6893, 39.9644 ], [ -105.6887, 39.9673 ], [ -105.6903, 39.9698 ], [ -105.6884, 39.9756 ], [ -105.6849, 39.9796 ], [ -105.6856, 39.9806 ], [ -105.6852, 39.983 ], [ -105.6876, 39.9855 ], [ -105.6861, 39.9873 ], [ -105.6861, 39.9898 ], [ -105.6831, 39.9928 ], [ -105.6831, 39.9947 ], [ -105.6883, 39.9952 ], [ -105.6907, 39.9962 ], [ -105.6912, 39.997 ], [ -105.6912, 39.9995 ], [ -105.6904, 40.0016 ], [ -105.6911, 40.0037 ], [ -105.6897, 40.0062 ], [ -105.6885, 40.007 ], [ -105.6901, 40.0092 ], [ -105.6893, 40.011 ], [ -105.6898, 40.0117 ], [ -105.6897, 40.0137 ], [ -105.6883, 40.0155 ], [ -105.6859, 40.0147 ], [ -105.6809, 40.0139 ], [ -105.678, 40.0146 ], [ -105.6757, 40.0159 ], [ -105.6701, 40.017 ], [ -105.6678, 40.0164 ], [ -105.6619, 40.0164 ], [ -105.6595, 40.0189 ], [ -105.652, 40.021 ], [ -105.6529, 40.0222 ], [ -105.6525, 40.0244 ], [ -105.6515, 40.0262 ], [ -105.6505, 40.0266 ], [ -105.649, 40.0289 ], [ -105.6452, 40.0325 ], [ -105.6416, 40.0341 ], [ -105.6408, 40.0349 ], [ -105.6407, 40.0368 ], [ -105.6388, 40.0391 ], [ -105.639, 40.0418 ], [ -105.6377, 40.0459 ], [ -105.6389, 40.0469 ], [ -105.641, 40.0473 ], [ -105.6425, 40.0483 ], [ -105.6436, 40.0497 ], [ -105.6451, 40.0506 ], [ -105.6457, 40.0528 ], [ -105.6466, 40.0536 ], [ -105.6487, 40.0541 ], [ -105.6511, 40.0585 ], [ -105.6497, 40.06 ], [ -105.6467, 40.0653 ], [ -105.6417, 40.0679 ], [ -105.6391, 40.0672 ], [ -105.6409, 40.0701 ], [ -105.641, 40.0729 ], [ -105.6388, 40.0735 ], [ -105.6357, 40.0758 ], [ -105.6347, 40.0798 ], [ -105.633, 40.0814 ], [ -105.6341, 40.0815 ], [ -105.6354, 40.0826 ], [ -105.6361, 40.0842 ], [ -105.6349, 40.0854 ], [ -105.6353, 40.0872 ], [ -105.6337, 40.0886 ], [ -105.6346, 40.091 ], [ -105.6348, 40.0952 ], [ -105.6344, 40.0956 ], [ -105.6332, 40.0956 ], [ -105.6321, 40.0972 ], [ -105.636, 40.1011 ], [ -105.6366, 40.1027 ], [ -105.6361, 40.1047 ], [ -105.6367, 40.1072 ], [ -105.6358, 40.1083 ], [ -105.636, 40.1093 ], [ -105.6347, 40.1133 ], [ -105.6316, 40.1137 ], [ -105.6302, 40.1142 ], [ -105.6285, 40.1179 ], [ -105.6274, 40.1186 ], [ -105.6264, 40.1187 ], [ -105.6283, 40.1204 ], [ -105.6276, 40.122 ], [ -105.6288, 40.1234 ], [ -105.628, 40.1259 ], [ -105.6266, 40.1275 ], [ -105.6291, 40.1291 ], [ -105.6303, 40.1311 ], [ -105.6304, 40.1345 ], [ -105.6297, 40.1374 ], [ -105.6303, 40.1381 ], [ -105.6335, 40.1387 ], [ -105.6355, 40.1404 ], [ -105.6353, 40.1446 ], [ -105.6357, 40.146 ], [ -105.6474, 40.1489 ], [ -105.6474, 40.151 ], [ -105.6498, 40.1506 ], [ -105.6559, 40.1512 ], [ -105.6568, 40.1531 ], [ -105.6608, 40.1548 ], [ -105.6613, 40.1565 ], [ -105.6662, 40.1571 ], [ -105.6677, 40.1583 ], [ -105.6682, 40.1601 ], [ -105.6676, 40.1612 ], [ -105.6708, 40.1629 ], [ -105.6716, 40.1656 ], [ -105.6715, 40.1664 ], [ -105.6699, 40.1675 ], [ -105.6693, 40.1692 ], [ -105.667, 40.1701 ], [ -105.6683, 40.1712 ], [ -105.6685, 40.1735 ], [ -105.6699, 40.1744 ], [ -105.6685, 40.1769 ], [ -105.6707, 40.1782 ], [ -105.672, 40.1799 ], [ -105.6719, 40.1819 ], [ -105.6706, 40.1833 ], [ -105.6705, 40.185 ], [ -105.671, 40.1857 ], [ -105.6738, 40.1858 ], [ -105.6758, 40.1866 ], [ -105.6777, 40.1895 ], [ -105.6777, 40.1975 ], [ -105.6765, 40.1996 ], [ -105.6778, 40.2024 ], [ -105.6739, 40.2042 ], [ -105.6722, 40.2066 ], [ -105.6707, 40.2076 ], [ -105.6712, 40.2121 ], [ -105.6703, 40.2136 ], [ -105.6713, 40.2158 ], [ -105.6713, 40.2171 ], [ -105.6705, 40.2192 ], [ -105.6685, 40.2204 ], [ -105.6629, 40.2199 ], [ -105.6675, 40.2223 ], [ -105.6688, 40.2234 ], [ -105.669, 40.2247 ], [ -105.6679, 40.2271 ], [ -105.6688, 40.2288 ], [ -105.6685, 40.2299 ], [ -105.6674, 40.2306 ], [ -105.6674, 40.2313 ], [ -105.6663, 40.2317 ], [ -105.6643, 40.2338 ], [ -105.6655, 40.2367 ], [ -105.6655, 40.2381 ], [ -105.6621, 40.2425 ], [ -105.6622, 40.2433 ], [ -105.6605, 40.2448 ], [ -105.66, 40.2489 ], [ -105.6589, 40.2495 ], [ -105.6502, 40.2493 ], [ -105.6437, 40.2499 ], [ -105.6473, 40.2513 ], [ -105.6509, 40.2538 ], [ -105.6516, 40.258 ], [ -105.6545, 40.2614 ], [ -105.661, 40.2644 ], [ -105.6628, 40.2643 ], [ -105.6642, 40.2652 ], [ -105.6654, 40.2668 ], [ -105.6679, 40.2677 ], [ -105.6723, 40.2682 ], [ -105.6756, 40.2674 ], [ -105.6779, 40.268 ], [ -105.6788, 40.2684 ], [ -105.6794, 40.2701 ], [ -105.6826, 40.2726 ], [ -105.6825, 40.2734 ], [ -105.6807, 40.2746 ], [ -105.6816, 40.2786 ], [ -105.6799, 40.2786 ], [ -105.6795, 40.279 ], [ -105.6812, 40.2825 ], [ -105.6807, 40.2844 ], [ -105.6845, 40.2859 ], [ -105.6866, 40.2875 ], [ -105.6868, 40.2881 ], [ -105.686, 40.2899 ], [ -105.6821, 40.2921 ], [ -105.6862, 40.2927 ], [ -105.6877, 40.2939 ], [ -105.6885, 40.2985 ], [ -105.6861, 40.3027 ], [ -105.6889, 40.3033 ], [ -105.6912, 40.3049 ], [ -105.6916, 40.3062 ], [ -105.6903, 40.3083 ], [ -105.6905, 40.3089 ], [ -105.6919, 40.3095 ], [ -105.6952, 40.3095 ], [ -105.6972, 40.3111 ], [ -105.7008, 40.3106 ], [ -105.7026, 40.3126 ], [ -105.7005, 40.3163 ], [ -105.6979, 40.3185 ], [ -105.6988, 40.3207 ], [ -105.7017, 40.3215 ], [ -105.7025, 40.3227 ], [ -105.707, 40.323 ], [ -105.7137, 40.3259 ], [ -105.7193, 40.3303 ], [ -105.7287, 40.3349 ], [ -105.7293, 40.3355 ], [ -105.7303, 40.3398 ], [ -105.7332, 40.3408 ], [ -105.7349, 40.3421 ], [ -105.7369, 40.3449 ], [ -105.7368, 40.3466 ], [ -105.7406, 40.3475 ], [ -105.7426, 40.3493 ], [ -105.7446, 40.3483 ], [ -105.7481, 40.3477 ], [ -105.752, 40.349 ], [ -105.7533, 40.3516 ], [ -105.7558, 40.3511 ], [ -105.7588, 40.3527 ], [ -105.7599, 40.3559 ], [ -105.7632, 40.3575 ], [ -105.7642, 40.3592 ], [ -105.7667, 40.3593 ], [ -105.768, 40.3603 ], [ -105.7693, 40.3646 ], [ -105.7721, 40.3645 ], [ -105.7738, 40.3652 ], [ -105.7742, 40.3671 ], [ -105.7762, 40.3694 ], [ -105.7816, 40.3734 ], [ -105.7821, 40.3745 ], [ -105.7815, 40.3762 ], [ -105.7819, 40.3772 ], [ -105.7872, 40.381 ], [ -105.7885, 40.3843 ], [ -105.7905, 40.3861 ], [ -105.7911, 40.3872 ], [ -105.7906, 40.3903 ], [ -105.7909, 40.3928 ], [ -105.7918, 40.3945 ], [ -105.7912, 40.3991 ], [ -105.7974, 40.4052 ], [ -105.7996, 40.406 ], [ -105.8018, 40.4108 ], [ -105.8081, 40.4147 ], [ -105.8106, 40.4183 ], [ -105.8134, 40.4193 ], [ -105.8152, 40.421 ], [ -105.8175, 40.4252 ], [ -105.8175, 40.4264 ], [ -105.8166, 40.4267 ], [ -105.8163, 40.4275 ], [ -105.8154, 40.4277 ], [ -105.8144, 40.4292 ], [ -105.8145, 40.432 ], [ -105.8163, 40.4355 ], [ -105.8161, 40.4373 ], [ -105.8133, 40.439 ], [ -105.8118, 40.4426 ], [ -105.8073, 40.4454 ], [ -105.8057, 40.4477 ], [ -105.8077, 40.452 ], [ -105.8072, 40.4538 ], [ -105.8064, 40.4545 ], [ -105.8059, 40.4577 ], [ -105.8051, 40.4591 ], [ -105.8045, 40.4642 ], [ -105.8062, 40.4665 ], [ -105.8108, 40.4699 ], [ -105.8113, 40.4708 ], [ -105.8085, 40.4716 ], [ -105.8074, 40.4739 ], [ -105.8123, 40.475 ], [ -105.8165, 40.4751 ], [ -105.8306, 40.4796 ], [ -105.8345, 40.4799 ], [ -105.8375, 40.4823 ], [ -105.8405, 40.4833 ], [ -105.8447, 40.4827 ], [ -105.8465, 40.4828 ], [ -105.8477, 40.4838 ], [ -105.855, 40.4862 ], [ -105.856, 40.4885 ], [ -105.8561, 40.4912 ], [ -105.855, 40.4945 ], [ -105.8521, 40.4979 ], [ -105.8517, 40.5005 ], [ -105.8523, 40.5066 ], [ -105.853, 40.5071 ], [ -105.8572, 40.5079 ], [ -105.8581, 40.5095 ], [ -105.8605, 40.5114 ], [ -105.8621, 40.5147 ], [ -105.8663, 40.5171 ], [ -105.867, 40.5191 ], [ -105.8698, 40.521 ], [ -105.8722, 40.5217 ], [ -105.8747, 40.5218 ], [ -105.8796, 40.5236 ], [ -105.8815, 40.5231 ], [ -105.8828, 40.522 ], [ -105.8938, 40.5206 ], [ -105.9005, 40.5174 ], [ -105.9043, 40.5142 ], [ -105.9079, 40.5163 ], [ -105.9107, 40.521 ], [ -105.9109, 40.5222 ], [ -105.9074, 40.5266 ], [ -105.906, 40.5295 ], [ -105.9047, 40.5359 ], [ -105.9069, 40.541 ], [ -105.9072, 40.5437 ], [ -105.9091, 40.5451 ], [ -105.9091, 40.5487 ], [ -105.9101, 40.5498 ], [ -105.9115, 40.5534 ], [ -105.9107, 40.5567 ], [ -105.9094, 40.559 ], [ -105.9094, 40.564 ], [ -105.9104, 40.5654 ], [ -105.9107, 40.5674 ], [ -105.9134, 40.5699 ], [ -105.9141, 40.5714 ], [ -105.9166, 40.5713 ], [ -105.9187, 40.572 ], [ -105.9208, 40.5735 ], [ -105.9218, 40.5751 ], [ -105.9218, 40.5767 ], [ -105.9232, 40.5784 ], [ -105.9244, 40.5815 ], [ -105.9238, 40.5833 ], [ -105.9254, 40.5869 ], [ -105.9255, 40.5887 ], [ -105.9264, 40.59 ], [ -105.9262, 40.5911 ], [ -105.9277, 40.5929 ], [ -105.9274, 40.5958 ], [ -105.9281, 40.5984 ], [ -105.9279, 40.6009 ], [ -105.9289, 40.6022 ], [ -105.9288, 40.6043 ], [ -105.9301, 40.6068 ], [ -105.9222, 40.6126 ], [ -105.9205, 40.6161 ], [ -105.9178, 40.6181 ], [ -105.9163, 40.6199 ], [ -105.9162, 40.623 ], [ -105.9151, 40.6249 ], [ -105.9117, 40.6242 ], [ -105.9065, 40.6243 ], [ -105.9043, 40.625 ], [ -105.8993, 40.6279 ], [ -105.8961, 40.6265 ], [ -105.8944, 40.6244 ], [ -105.8939, 40.6192 ], [ -105.8921, 40.616 ], [ -105.8894, 40.6143 ], [ -105.888, 40.6142 ], [ -105.8868, 40.6149 ], [ -105.8814, 40.6162 ], [ -105.8756, 40.6162 ], [ -105.8719, 40.6172 ], [ -105.868, 40.6167 ], [ -105.8636, 40.6169 ], [ -105.8602, 40.6157 ], [ -105.8551, 40.617 ], [ -105.8521, 40.6131 ], [ -105.8499, 40.6089 ], [ -105.8446, 40.6103 ], [ -105.8428, 40.6129 ], [ -105.8402, 40.6134 ], [ -105.8394, 40.6144 ], [ -105.8358, 40.6159 ], [ -105.834, 40.6184 ], [ -105.8321, 40.6193 ], [ -105.8334, 40.6204 ], [ -105.8331, 40.6214 ], [ -105.8318, 40.6224 ], [ -105.8299, 40.6224 ], [ -105.8288, 40.6233 ], [ -105.8289, 40.6254 ], [ -105.8273, 40.6269 ], [ -105.8287, 40.6304 ], [ -105.8306, 40.631 ], [ -105.8308, 40.6305 ], [ -105.8338, 40.6302 ], [ -105.8367, 40.6311 ], [ -105.8378, 40.6337 ], [ -105.8396, 40.6358 ], [ -105.8411, 40.6367 ], [ -105.8446, 40.6371 ], [ -105.8476, 40.6399 ], [ -105.8464, 40.6417 ], [ -105.8473, 40.6431 ], [ -105.8463, 40.6449 ], [ -105.8422, 40.6469 ], [ -105.8421, 40.6508 ], [ -105.8382, 40.6521 ], [ -105.8378, 40.6538 ], [ -105.8339, 40.658 ], [ -105.8331, 40.6587 ], [ -105.8315, 40.6589 ], [ -105.8309, 40.6615 ], [ -105.8339, 40.6626 ], [ -105.8392, 40.6608 ], [ -105.8405, 40.6612 ], [ -105.844, 40.66 ], [ -105.8445, 40.6628 ], [ -105.8458, 40.6633 ], [ -105.8461, 40.6638 ], [ -105.8446, 40.6675 ], [ -105.8455, 40.6699 ], [ -105.8447, 40.6734 ], [ -105.8451, 40.6755 ], [ -105.8447, 40.6787 ], [ -105.8439, 40.6801 ], [ -105.8426, 40.6796 ], [ -105.8422, 40.6799 ], [ -105.842, 40.6814 ], [ -105.8381, 40.686 ], [ -105.8363, 40.6862 ], [ -105.8276, 40.6851 ], [ -105.8241, 40.6855 ], [ -105.8213, 40.6864 ], [ -105.8158, 40.6895 ], [ -105.8161, 40.6919 ], [ -105.8194, 40.6971 ], [ -105.8207, 40.7 ], [ -105.8202, 40.7028 ], [ -105.8178, 40.7078 ], [ -105.8227, 40.7136 ], [ -105.8224, 40.7165 ], [ -105.8211, 40.7195 ], [ -105.8198, 40.7206 ], [ -105.8181, 40.7212 ], [ -105.8167, 40.7232 ], [ -105.815, 40.724 ], [ -105.8126, 40.7332 ], [ -105.8069, 40.7353 ], [ -105.8011, 40.7365 ], [ -105.7947, 40.7387 ], [ -105.7908, 40.7422 ], [ -105.7909, 40.7474 ], [ -105.7882, 40.7504 ], [ -105.7903, 40.7521 ], [ -105.7882, 40.7553 ], [ -105.7891, 40.7589 ], [ -105.7865, 40.7591 ], [ -105.7807, 40.7576 ], [ -105.7776, 40.7581 ], [ -105.7777, 40.7605 ], [ -105.7732, 40.7639 ], [ -105.7741, 40.7682 ], [ -105.776, 40.7688 ], [ -105.7785, 40.7705 ], [ -105.7785, 40.7716 ], [ -105.7779, 40.7719 ], [ -105.774, 40.773 ], [ -105.776, 40.779 ], [ -105.7717, 40.7818 ], [ -105.7685, 40.7818 ], [ -105.7679, 40.7813 ], [ -105.7657, 40.7827 ], [ -105.7623, 40.7826 ], [ -105.7625, 40.7849 ], [ -105.7655, 40.7888 ], [ -105.767, 40.7899 ], [ -105.7674, 40.7922 ], [ -105.7693, 40.7937 ], [ -105.7731, 40.7953 ], [ -105.7736, 40.796 ], [ -105.7714, 40.8016 ], [ -105.7717, 40.8049 ], [ -105.7734, 40.8105 ], [ -105.767, 40.8128 ], [ -105.7643, 40.8147 ], [ -105.7633, 40.8165 ], [ -105.764, 40.8204 ], [ -105.7635, 40.8219 ], [ -105.7621, 40.823 ], [ -105.7585, 40.8235 ], [ -105.7576, 40.8241 ], [ -105.7549, 40.8297 ], [ -105.757, 40.8299 ], [ -105.7582, 40.8304 ], [ -105.7605, 40.833 ], [ -105.7603, 40.8384 ], [ -105.761, 40.8421 ], [ -105.7697, 40.8418 ], [ -105.7787, 40.8438 ], [ -105.7828, 40.8441 ], [ -105.7839, 40.8448 ], [ -105.7862, 40.8483 ], [ -105.7906, 40.8511 ], [ -105.7941, 40.852 ], [ -105.7932, 40.8548 ], [ -105.788, 40.864 ], [ -105.7889, 40.8668 ], [ -105.7876, 40.8707 ], [ -105.787, 40.8712 ], [ -105.7842, 40.8717 ], [ -105.7789, 40.8717 ], [ -105.7756, 40.8742 ], [ -105.7714, 40.8784 ], [ -105.7744, 40.8869 ], [ -105.7777, 40.8892 ], [ -105.778, 40.8905 ], [ -105.781, 40.8914 ], [ -105.7819, 40.8927 ], [ -105.7802, 40.8946 ], [ -105.777, 40.8961 ], [ -105.7749, 40.899 ], [ -105.776, 40.9013 ], [ -105.7756, 40.9041 ], [ -105.7738, 40.9097 ], [ -105.7739, 40.9121 ], [ -105.7715, 40.9141 ], [ -105.7721, 40.9161 ], [ -105.7664, 40.9178 ], [ -105.7661, 40.9186 ], [ -105.7631, 40.92 ], [ -105.7626, 40.9221 ], [ -105.7618, 40.9229 ], [ -105.7591, 40.9243 ], [ -105.7574, 40.9241 ], [ -105.7515, 40.9281 ], [ -105.746, 40.9303 ], [ -105.7457, 40.9313 ], [ -105.744, 40.9328 ], [ -105.7423, 40.9335 ], [ -105.74, 40.9356 ], [ -105.7387, 40.9359 ], [ -105.7398, 40.9382 ], [ -105.7388, 40.9398 ], [ -105.7364, 40.9415 ], [ -105.7362, 40.9429 ], [ -105.7371, 40.9442 ], [ -105.7358, 40.9452 ], [ -105.7363, 40.9461 ], [ -105.7345, 40.9472 ], [ -105.7347, 40.949 ], [ -105.7327, 40.9497 ], [ -105.7318, 40.9527 ], [ -105.7291, 40.9553 ], [ -105.7199, 40.9594 ], [ -105.7131, 40.9615 ], [ -105.7137, 40.9625 ], [ -105.7129, 40.9634 ], [ -105.7108, 40.964 ], [ -105.7085, 40.964 ], [ -105.7036, 40.9627 ], [ -105.7022, 40.9646 ], [ -105.7009, 40.9638 ], [ -105.6961, 40.967 ], [ -105.6957, 40.9679 ], [ -105.6913, 40.9687 ], [ -105.6897, 40.9698 ], [ -105.6854, 40.9717 ], [ -105.6746, 40.9731 ], [ -105.6726, 40.974 ], [ -105.6711, 40.9762 ], [ -105.6676, 40.9756 ], [ -105.6646, 40.9746 ], [ -105.6638, 40.9769 ], [ -105.6645, 40.9799 ], [ -105.6608, 40.983 ], [ -105.6605, 40.9851 ], [ -105.657, 40.9864 ], [ -105.6549, 40.9892 ], [ -105.6536, 40.9897 ], [ -105.6537, 40.991 ], [ -105.6525, 40.9916 ], [ -105.653, 40.9928 ], [ -105.6525, 40.9935 ], [ -105.6496, 40.9942 ], [ -105.6457, 40.9971 ], [ -104.8553, 40.998 ], [ -104.8295, 40.9993 ], [ -104.6255, 41.0014 ], [ -104.0661, 41.0013 ], [ -104.0234, 41.0019 ], [ -103.9063, 41.0014 ], [ -103.8962, 41.0018 ], [ -103.7505, 41.0021 ], [ -103.7341, 41.0017 ], [ -103.5349, 41.0014 ], [ -103.4867, 41.0019 ], [ -103.4134, 41.0019 ], [ -103.397, 41.0026 ], [ -103.3653, 41.0018 ], [ -103.2681, 41.0021 ], [ -103.2505, 41.0018 ], [ -103.249, 41.0022 ], [ -103.1653, 41.0021 ], [ -103.0005, 41.0025 ], [ -102.9607, 41.0021 ], [ -102.8755, 41.0023 ], [ -102.8658, 41.002 ], [ -102.8303, 41.0024 ], [ -102.7087, 41.0022 ], [ -102.6205, 41.0026 ], [ -102.5755, 41.0022 ], [ -102.3641, 41.0022 ], [ -102.0516, 41.0024 ], [ -102.0515, 40.9594 ] ] ] } },
{ "type": "Feature", "properties": { "id": "102600" }, "geometry": { "type": "Polygon", "coordinates": [ [ [ -102.0477, 39.215 ], [ -102.0454, 38.8569 ], [ -102.0452, 38.6633 ], [ -102.0473, 38.6633 ], [ -102.0492, 38.6649 ], [ -102.0507, 38.6653 ], [ -102.0513, 38.6645 ], [ -102.0532, 38.6637 ], [ -102.0593, 38.6622 ], [ -102.0631, 38.6621 ], [ -102.069, 38.6627 ], [ -102.0759, 38.6594 ], [ -102.0836, 38.6585 ], [ -102.0905, 38.6585 ], [ -102.0958, 38.6591 ], [ -102.1005, 38.6612 ], [ -102.1016, 38.6625 ], [ -102.1017, 38.6641 ], [ -102.1027, 38.6654 ], [ -102.1026, 38.6673 ], [ -102.1086, 38.6686 ], [ -102.1105, 38.6686 ], [ -102.1135, 38.6662 ], [ -102.1158, 38.6655 ], [ -102.1242, 38.6657 ], [ -102.137, 38.667 ], [ -102.1404, 38.6667 ], [ -102.1448, 38.6679 ], [ -102.152, 38.6708 ], [ -102.1694, 38.6741 ], [ -102.1784, 38.6767 ], [ -102.1817, 38.6787 ], [ -102.1834, 38.6775 ], [ -102.1876, 38.6787 ], [ -102.1929, 38.6805 ], [ -102.1995, 38.6862 ], [ -102.2043, 38.6889 ], [ -102.2067, 38.6885 ], [ -102.2115, 38.6915 ], [ -102.2159, 38.6898 ], [ -102.2193, 38.69 ], [ -102.2248, 38.6916 ], [ -102.2302, 38.694 ], [ -102.2363, 38.6982 ], [ -102.2416, 38.6999 ], [ -102.2491, 38.7035 ], [ -102.2526, 38.7035 ], [ -102.2558, 38.705 ], [ -102.2575, 38.7045 ], [ -102.2598, 38.7048 ], [ -102.261, 38.704 ], [ -102.2631, 38.7008 ], [ -102.2643, 38.7001 ], [ -102.2675, 38.6996 ], [ -102.271, 38.6994 ], [ -102.2758, 38.7015 ], [ -102.2802, 38.7009 ], [ -102.2844, 38.7035 ], [ -102.2913, 38.7067 ], [ -102.2935, 38.709 ], [ -102.2966, 38.7108 ], [ -102.3003, 38.7121 ], [ -102.307, 38.7135 ], [ -102.3181, 38.7184 ], [ -102.3248, 38.7226 ], [ -102.3311, 38.7297 ], [ -102.3346, 38.7298 ], [ -102.3403, 38.7291 ], [ -102.3452, 38.7269 ], [ -102.349, 38.7278 ], [ -102.3518, 38.73 ], [ -102.3569, 38.7302 ], [ -102.3577, 38.7273 ], [ -102.3599, 38.7274 ], [ -102.3629, 38.7269 ], [ -102.3644, 38.7261 ], [ -102.3649, 38.7242 ], [ -102.3677, 38.7237 ], [ -102.3707, 38.7224 ], [ -102.3782, 38.7231 ], [ -102.3833, 38.7226 ], [ -102.3855, 38.7231 ], [ -102.3874, 38.7224 ], [ -102.3911, 38.7183 ], [ -102.3937, 38.7188 ], [ -102.3992, 38.7175 ], [ -102.4035, 38.7174 ], [ -102.4102, 38.7156 ], [ -102.4135, 38.7132 ], [ -102.4171, 38.7144 ], [ -102.42, 38.7142 ], [ -102.4221, 38.7128 ], [ -102.4219, 38.7101 ], [ -102.4233, 38.7096 ], [ -102.4249, 38.7096 ], [ -102.4271, 38.7103 ], [ -102.4289, 38.7122 ], [ -102.4308, 38.7131 ], [ -102.434, 38.7126 ], [ -102.4382, 38.7141 ], [ -102.4404, 38.714 ], [ -102.4449, 38.7123 ], [ -102.449, 38.7113 ], [ -102.4552, 38.711 ], [ -102.4597, 38.7092 ], [ -102.4651, 38.7077 ], [ -102.4653, 38.7042 ], [ -102.4668, 38.702 ], [ -102.4686, 38.7033 ], [ -102.4817, 38.7064 ], [ -102.4856, 38.7068 ], [ -102.4906, 38.7102 ], [ -102.4919, 38.7112 ], [ -102.4923, 38.7125 ], [ -102.4936, 38.7131 ], [ -102.4992, 38.7148 ], [ -102.5125, 38.7169 ], [ -102.521, 38.7189 ], [ -102.528, 38.7271 ], [ -102.5293, 38.7335 ], [ -102.5312, 38.7353 ], [ -102.5327, 38.7383 ], [ -102.5353, 38.7399 ], [ -102.5386, 38.7405 ], [ -102.5398, 38.7449 ], [ -102.5415, 38.7469 ], [ -102.545, 38.7494 ], [ -102.5466, 38.7495 ], [ -102.5452, 38.7503 ], [ -102.5453, 38.7517 ], [ -102.5514, 38.7623 ], [ -102.5539, 38.765 ], [ -102.557, 38.7672 ], [ -102.5573, 38.768 ], [ -102.5599, 38.769 ], [ -102.5613, 38.7702 ], [ -102.562, 38.7718 ], [ -102.5623, 38.783 ], [ -102.5604, 38.784 ], [ -102.5592, 38.7875 ], [ -102.5573, 38.7881 ], [ -102.5558, 38.7874 ], [ -102.5543, 38.7874 ], [ -102.5503, 38.791 ], [ -102.5492, 38.7955 ], [ -102.5475, 38.7964 ], [ -102.5479, 38.7985 ], [ -102.5497, 38.8012 ], [ -102.5485, 38.8044 ], [ -102.5497, 38.8096 ], [ -102.5495, 38.8119 ], [ -102.5485, 38.813 ], [ -102.5486, 38.8147 ], [ -102.5445, 38.8182 ], [ -102.5421, 38.8216 ], [ -102.5448, 38.8278 ], [ -102.5439, 38.8309 ], [ -102.54, 38.8355 ], [ -102.5399, 38.8367 ], [ -102.54, 38.8392 ], [ -102.5421, 38.8429 ], [ -102.5414, 38.845 ], [ -102.5416, 38.8593 ], [ -102.5447, 38.8672 ], [ -102.5492, 38.8725 ], [ -102.5432, 38.8787 ], [ -102.5418, 38.8817 ], [ -102.544, 38.8912 ], [ -102.5436, 38.8952 ], [ -102.5405, 38.8977 ], [ -102.5385, 38.9024 ], [ -102.5342, 38.9043 ], [ -102.5337, 38.9072 ], [ -102.5346, 38.9086 ], [ -102.5346, 38.9104 ], [ -102.5368, 38.9131 ], [ -102.5431, 38.9174 ], [ -102.5452, 38.9159 ], [ -102.5487, 38.9159 ], [ -102.5499, 38.9192 ], [ -102.554, 38.9244 ], [ -102.5557, 38.9277 ], [ -102.5573, 38.9296 ], [ -102.56, 38.9316 ], [ -102.5643, 38.9334 ], [ -102.575, 38.9324 ], [ -102.576, 38.9363 ], [ -102.5787, 38.9392 ], [ -102.5822, 38.9414 ], [ -102.5844, 38.9457 ], [ -102.5872, 38.9469 ], [ -102.5899, 38.9522 ], [ -102.5924, 38.9527 ], [ -102.5971, 38.9523 ], [ -102.5986, 38.962 ], [ -102.6039, 38.9618 ], [ -102.6125, 38.9631 ], [ -102.6132, 38.9665 ], [ -102.6164, 38.9692 ], [ -102.6183, 38.9754 ], [ -102.6203, 38.976 ], [ -102.6211, 38.9755 ], [ -102.6215, 38.9739 ], [ -102.6229, 38.9725 ], [ -102.6278, 38.9718 ], [ -102.628, 38.9704 ], [ -102.6275, 38.9693 ], [ -102.6294, 38.9681 ], [ -102.6309, 38.9658 ], [ -102.634, 38.9674 ], [ -102.6377, 38.9708 ], [ -102.639, 38.9713 ], [ -102.6417, 38.9711 ], [ -102.6459, 38.9697 ], [ -102.6468, 38.9722 ], [ -102.6482, 38.9721 ], [ -102.6544, 38.9693 ], [ -102.6564, 38.969 ], [ -102.6596, 38.9697 ], [ -102.6653, 38.973 ], [ -102.6728, 38.9728 ], [ -102.6755, 38.9719 ], [ -102.6765, 38.9728 ], [ -102.6769, 38.9742 ], [ -102.6768, 38.9796 ], [ -102.6789, 38.9816 ], [ -102.6814, 38.9856 ], [ -102.6845, 38.9884 ], [ -102.6863, 38.9929 ], [ -102.6877, 38.9949 ], [ -102.6898, 38.9944 ], [ -102.6943, 38.9917 ], [ -102.6954, 38.9931 ], [ -102.6963, 38.9935 ], [ -102.7006, 38.9925 ], [ -102.7019, 38.9927 ], [ -102.7051, 38.9943 ], [ -102.7072, 38.9944 ], [ -102.7123, 38.9973 ], [ -102.7183, 38.9979 ], [ -102.723, 38.9972 ], [ -102.7281, 38.9994 ], [ -102.7337, 38.9986 ], [ -102.7359, 38.9986 ], [ -102.7396, 38.9976 ], [ -102.7408, 38.9966 ], [ -102.7428, 38.9978 ], [ -102.7447, 39.0006 ], [ -102.7474, 39.0034 ], [ -102.7515, 39.0052 ], [ -102.7533, 39.0082 ], [ -102.7548, 39.0094 ], [ -102.7595, 39.0111 ], [ -102.7697, 39.0105 ], [ -102.7731, 39.0128 ], [ -102.7765, 39.0142 ], [ -102.7796, 39.0161 ], [ -102.7818, 39.0164 ], [ -102.7836, 39.0161 ], [ -102.7889, 39.0219 ], [ -102.7924, 39.0237 ], [ -102.7924, 39.0248 ], [ -102.7931, 39.026 ], [ -102.7971, 39.0271 ], [ -102.7986, 39.028 ], [ -102.8019, 39.0285 ], [ -102.8039, 39.0302 ], [ -102.806, 39.0296 ], [ -102.8069, 39.0318 ], [ -102.8111, 39.0349 ], [ -102.8113, 39.0365 ], [ -102.8103, 39.0398 ], [ -102.8112, 39.0413 ], [ -102.8132, 39.043 ], [ -102.8103, 39.0429 ], [ -102.8076, 39.0421 ], [ -102.8037, 39.0428 ], [ -102.7998, 39.0444 ], [ -102.7933, 39.0438 ], [ -102.7904, 39.0444 ], [ -102.7853, 39.0464 ], [ -102.7831, 39.0478 ], [ -102.7798, 39.0511 ], [ -102.776, 39.0513 ], [ -102.7745, 39.0523 ], [ -102.7713, 39.0509 ], [ -102.7672, 39.0503 ], [ -102.7582, 39.0508 ], [ -102.7535, 39.0482 ], [ -102.7447, 39.0468 ], [ -102.7326, 39.0493 ], [ -102.7314, 39.0501 ], [ -102.7302, 39.0532 ], [ -102.7258, 39.0587 ], [ -102.7227, 39.0598 ], [ -102.7208, 39.0614 ], [ -102.7162, 39.0641 ], [ -102.7086, 39.0636 ], [ -102.7056, 39.0674 ], [ -102.7031, 39.0697 ], [ -102.7018, 39.0736 ], [ -102.6983, 39.0744 ], [ -102.6965, 39.0774 ], [ -102.6939, 39.0789 ], [ -102.6932, 39.0802 ], [ -102.6882, 39.0846 ], [ -102.6841, 39.0851 ], [ -102.6818, 39.0847 ], [ -102.6801, 39.0867 ], [ -102.6765, 39.0852 ], [ -102.6752, 39.0856 ], [ -102.6737, 39.0872 ], [ -102.6732, 39.0885 ], [ -102.6712, 39.0897 ], [ -102.6708, 39.0907 ], [ -102.6694, 39.0917 ], [ -102.6692, 39.094 ], [ -102.6655, 39.0982 ], [ -102.6656, 39.0995 ], [ -102.6642, 39.1006 ], [ -102.6625, 39.1042 ], [ -102.66, 39.1078 ], [ -102.66, 39.1117 ], [ -102.6567, 39.1171 ], [ -102.6506, 39.1132 ], [ -102.6466, 39.1077 ], [ -102.6458, 39.1038 ], [ -102.6445, 39.1007 ], [ -102.6436, 39.1 ], [ -102.639, 39.1014 ], [ -102.6333, 39.1018 ], [ -102.6322, 39.0997 ], [ -102.6304, 39.098 ], [ -102.6288, 39.094 ], [ -102.6262, 39.0933 ], [ -102.6238, 39.0939 ], [ -102.6232, 39.0947 ], [ -102.62, 39.0992 ], [ -102.6179, 39.1013 ], [ -102.6167, 39.1044 ], [ -102.6128, 39.1062 ], [ -102.607, 39.1067 ], [ -102.605, 39.1064 ], [ -102.6016, 39.1047 ], [ -102.5996, 39.1025 ], [ -102.5978, 39.1021 ], [ -102.5951, 39.1033 ], [ -102.5917, 39.1059 ], [ -102.585, 39.1053 ], [ -102.5835, 39.1063 ], [ -102.579, 39.1082 ], [ -102.5775, 39.1091 ], [ -102.5772, 39.1113 ], [ -102.5763, 39.1121 ], [ -102.5721, 39.1146 ], [ -102.5706, 39.1149 ], [ -102.5708, 39.1185 ], [ -102.5691, 39.1191 ], [ -102.569, 39.1208 ], [ -102.5672, 39.1218 ], [ -102.5677, 39.1239 ], [ -102.5644, 39.1232 ], [ -102.5605, 39.1204 ], [ -102.5567, 39.1191 ], [ -102.5523, 39.1201 ], [ -102.5433, 39.1206 ], [ -102.5415, 39.1203 ], [ -102.5402, 39.1198 ], [ -102.539, 39.1184 ], [ -102.5367, 39.1136 ], [ -102.5357, 39.1127 ], [ -102.516, 39.1142 ], [ -102.5143, 39.114 ], [ -102.5101, 39.112 ], [ -102.5083, 39.1123 ], [ -102.5063, 39.1137 ], [ -102.5039, 39.1141 ], [ -102.4842, 39.1142 ], [ -102.4726, 39.1211 ], [ -102.4714, 39.12 ], [ -102.4683, 39.12 ], [ -102.4658, 39.1207 ], [ -102.4629, 39.1231 ], [ -102.4587, 39.1212 ], [ -102.4513, 39.1209 ], [ -102.4497, 39.1212 ], [ -102.445, 39.1205 ], [ -102.4384, 39.1162 ], [ -102.4333, 39.1151 ], [ -102.432, 39.1158 ], [ -102.428, 39.1204 ], [ -102.4243, 39.1233 ], [ -102.4214, 39.1237 ], [ -102.415, 39.1271 ], [ -102.4088, 39.1284 ], [ -102.4061, 39.1294 ], [ -102.3992, 39.1382 ], [ -102.3959, 39.1362 ], [ -102.3932, 39.1362 ], [ -102.3904, 39.1342 ], [ -102.3894, 39.134 ], [ -102.3886, 39.1347 ], [ -102.3876, 39.1371 ], [ -102.3864, 39.1419 ], [ -102.3853, 39.1433 ], [ -102.3808, 39.1436 ], [ -102.3773, 39.1456 ], [ -102.3688, 39.1455 ], [ -102.3657, 39.1458 ], [ -102.3601, 39.1472 ], [ -102.3571, 39.1484 ], [ -102.3559, 39.1491 ], [ -102.3537, 39.1567 ], [ -102.354, 39.159 ], [ -102.3565, 39.1613 ], [ -102.3491, 39.1627 ], [ -102.3387, 39.1616 ], [ -102.3355, 39.1623 ], [ -102.3334, 39.1634 ], [ -102.3281, 39.1729 ], [ -102.3246, 39.1746 ], [ -102.3152, 39.1779 ], [ -102.3116, 39.1798 ], [ -102.3054, 39.1843 ], [ -102.2966, 39.1887 ], [ -102.2891, 39.1895 ], [ -102.2851, 39.1895 ], [ -102.28, 39.1865 ], [ -102.2765, 39.1874 ], [ -102.2694, 39.187 ], [ -102.2673, 39.1889 ], [ -102.2661, 39.1893 ], [ -102.2624, 39.1895 ], [ -102.2587, 39.1892 ], [ -102.2557, 39.1866 ], [ -102.2506, 39.1871 ], [ -102.2474, 39.1849 ], [ -102.2464, 39.1851 ], [ -102.2459, 39.1882 ], [ -102.2384, 39.191 ], [ -102.2378, 39.1926 ], [ -102.2331, 39.197 ], [ -102.2187, 39.1995 ], [ -102.2105, 39.2019 ], [ -102.2015, 39.2059 ], [ -102.198, 39.2063 ], [ -102.1922, 39.2056 ], [ -102.1832, 39.2029 ], [ -102.1799, 39.2023 ], [ -102.1758, 39.2023 ], [ -102.1721, 39.2059 ], [ -102.1687, 39.2082 ], [ -102.1649, 39.2101 ], [ -102.1559, 39.211 ], [ -102.1412, 39.2114 ], [ -102.1338, 39.2138 ], [ -102.1258, 39.2148 ], [ -102.1168, 39.2196 ], [ -102.1137, 39.2191 ], [ -102.1065, 39.2162 ], [ -102.097, 39.216 ], [ -102.0944, 39.215 ], [ -102.0917, 39.2126 ], [ -102.0884, 39.2108 ], [ -102.0861, 39.2111 ], [ -102.0734, 39.2157 ], [ -102.0707, 39.2153 ], [ -102.0664, 39.2128 ], [ -102.0633, 39.212 ], [ -102.0573, 39.2136 ], [ -102.0477, 39.215 ] ] ] } },
{ "type": "Feature", "properties": { "id": "140500" }, "geometry": { "type": "Polygon", "coordinates": [ [ [ -106.8587, 41.0027 ], [ -106.8612, 41.0008 ], [ -106.8615, 40.9966 ], [ -106.8575, 40.9941 ], [ -106.8509, 40.9913 ], [ -106.8505, 40.9904 ], [ -106.8549, 40.9876 ], [ -106.8569, 40.9812 ], [ -106.8585, 40.9826 ], [ -106.8612, 40.9837 ], [ -106.8643, 40.9834 ], [ -106.8702, 40.9813 ], [ -106.8732, 40.9742 ], [ -106.8724, 40.971 ], [ -106.8726, 40.9678 ], [ -106.8697, 40.9606 ], [ -106.8697, 40.9561 ], [ -106.8638, 40.9534 ], [ -106.8621, 40.9477 ], [ -106.8622, 40.9413 ], [ -106.8607, 40.9396 ], [ -106.8561, 40.9371 ], [ -106.8558, 40.9349 ], [ -106.8522, 40.9338 ], [ -106.8518, 40.9331 ], [ -106.8523, 40.9295 ], [ -106.8487, 40.9266 ], [ -106.8497, 40.9256 ], [ -106.8522, 40.9252 ], [ -106.8498, 40.9242 ], [ -106.8453, 40.925 ], [ -106.8395, 40.9246 ], [ -106.8368, 40.9237 ], [ -106.8343, 40.9243 ], [ -106.8321, 40.9239 ], [ -106.83, 40.9241 ], [ -106.8286, 40.9247 ], [ -106.8274, 40.9258 ], [ -106.8252, 40.9288 ], [ -106.8249, 40.932 ], [ -106.8233, 40.93 ], [ -106.8223, 40.9275 ], [ -106.8202, 40.9256 ], [ -106.8187, 40.9225 ], [ -106.8183, 40.9203 ], [ -106.8188, 40.9185 ], [ -106.8116, 40.9162 ], [ -106.8109, 40.9152 ], [ -106.8094, 40.9104 ], [ -106.8061, 40.9063 ], [ -106.8053, 40.9021 ], [ -106.8094, 40.8997 ], [ -106.8074, 40.8992 ], [ -106.8038, 40.8971 ], [ -106.7999, 40.896 ], [ -106.7971, 40.8967 ], [ -106.7956, 40.8977 ], [ -106.7938, 40.9008 ], [ -106.7914, 40.9 ], [ -106.7896, 40.9008 ], [ -106.7874, 40.9006 ], [ -106.7886, 40.9021 ], [ -106.7885, 40.9028 ], [ -106.7868, 40.9029 ], [ -106.7847, 40.905 ], [ -106.7815, 40.9069 ], [ -106.7795, 40.9066 ], [ -106.7777, 40.9056 ], [ -106.7735, 40.9053 ], [ -106.7712, 40.9043 ], [ -106.7694, 40.9042 ], [ -106.7677, 40.9024 ], [ -106.7674, 40.8989 ], [ -106.77, 40.8966 ], [ -106.7645, 40.8963 ], [ -106.7606, 40.894 ], [ -106.7502, 40.8938 ], [ -106.7435, 40.8919 ], [ -106.7408, 40.8899 ], [ -106.7467, 40.8822 ], [ -106.7461, 40.8802 ], [ -106.744, 40.8789 ], [ -106.7424, 40.8772 ], [ -106.7424, 40.875 ], [ -106.7389, 40.8712 ], [ -106.7386, 40.8724 ], [ -106.7366, 40.8734 ], [ -106.7323, 40.8721 ], [ -106.7273, 40.8716 ], [ -106.7216, 40.8732 ], [ -106.7131, 40.874 ], [ -106.7063, 40.8758 ], [ -106.7047, 40.8765 ], [ -106.7036, 40.8787 ], [ -106.7034, 40.8804 ], [ -106.7006, 40.8821 ], [ -106.7002, 40.8847 ], [ -106.6946, 40.8879 ], [ -106.6928, 40.8883 ], [ -106.6912, 40.888 ], [ -106.686, 40.8858 ], [ -106.6856, 40.8853 ], [ -106.686, 40.8805 ], [ -106.6847, 40.8788 ], [ -106.6825, 40.8774 ], [ -106.6818, 40.8753 ], [ -106.6802, 40.8743 ], [ -106.6804, 40.8725 ], [ -106.6797, 40.8698 ], [ -106.6777, 40.8679 ], [ -106.6682, 40.8654 ], [ -106.6671, 40.8593 ], [ -106.6658, 40.8583 ], [ -106.6647, 40.8588 ], [ -106.6646, 40.8568 ], [ -106.6621, 40.8559 ], [ -106.6572, 40.8527 ], [ -106.6548, 40.8492 ], [ -106.654, 40.8456 ], [ -106.661, 40.8436 ], [ -106.6623, 40.8428 ], [ -106.6613, 40.8409 ], [ -106.6634, 40.8373 ], [ -106.664, 40.8351 ], [ -106.6628, 40.832 ], [ -106.6637, 40.8302 ], [ -106.6639, 40.8281 ], [ -106.6597, 40.8263 ], [ -106.659, 40.8254 ], [ -106.6591, 40.8238 ], [ -106.6583, 40.824 ], [ -106.6552, 40.8233 ], [ -106.6528, 40.8235 ], [ -106.6472, 40.8214 ], [ -106.6451, 40.8212 ], [ -106.6437, 40.8215 ], [ -106.6405, 40.8182 ], [ -106.6385, 40.8171 ], [ -106.6392, 40.8163 ], [ -106.6393, 40.8144 ], [ -106.6357, 40.8116 ], [ -106.6374, 40.8077 ], [ -106.6359, 40.8024 ], [ -106.6368, 40.7997 ], [ -106.6368, 40.7939 ], [ -106.6361, 40.7921 ], [ -106.637, 40.7897 ], [ -106.639, 40.7886 ], [ -106.6428, 40.785 ], [ -106.6451, 40.7843 ], [ -106.6486, 40.7815 ], [ -106.6499, 40.7775 ], [ -106.6494, 40.7755 ], [ -106.6517, 40.7758 ], [ -106.6587, 40.7731 ], [ -106.6626, 40.77 ], [ -106.6638, 40.7665 ], [ -106.6686, 40.7633 ], [ -106.6699, 40.7616 ], [ -106.6695, 40.7597 ], [ -106.6659, 40.7579 ], [ -106.6644, 40.7566 ], [ -106.6636, 40.7544 ], [ -106.6618, 40.7541 ], [ -106.6615, 40.7537 ], [ -106.6618, 40.7528 ], [ -106.6641, 40.7512 ], [ -106.6654, 40.7493 ], [ -106.6648, 40.7475 ], [ -106.6653, 40.7455 ], [ -106.6645, 40.7448 ], [ -106.6626, 40.7445 ], [ -106.6632, 40.7436 ], [ -106.6684, 40.7391 ], [ -106.6712, 40.7386 ], [ -106.672, 40.7378 ], [ -106.6731, 40.7377 ], [ -106.6744, 40.7367 ], [ -106.6766, 40.7368 ], [ -106.6721, 40.7332 ], [ -106.6711, 40.7329 ], [ -106.6698, 40.729 ], [ -106.67, 40.7281 ], [ -106.674, 40.724 ], [ -106.6708, 40.7221 ], [ -106.6699, 40.7203 ], [ -106.6712, 40.7159 ], [ -106.6688, 40.712 ], [ -106.6691, 40.7091 ], [ -106.6681, 40.7056 ], [ -106.6691, 40.7037 ], [ -106.6712, 40.7024 ], [ -106.6707, 40.7008 ], [ -106.6687, 40.6987 ], [ -106.6683, 40.6957 ], [ -106.6686, 40.6948 ], [ -106.6726, 40.6903 ], [ -106.6729, 40.6884 ], [ -106.6792, 40.6861 ], [ -106.6799, 40.684 ], [ -106.6813, 40.6834 ], [ -106.6827, 40.683 ], [ -106.6873, 40.6829 ], [ -106.6876, 40.682 ], [ -106.6872, 40.6809 ], [ -106.6842, 40.6792 ], [ -106.681, 40.6755 ], [ -106.6816, 40.6751 ], [ -106.6851, 40.6746 ], [ -106.6869, 40.6731 ], [ -106.6874, 40.6716 ], [ -106.6857, 40.6653 ], [ -106.6858, 40.6626 ], [ -106.6916, 40.6598 ], [ -106.6923, 40.6588 ], [ -106.6922, 40.6571 ], [ -106.688, 40.6507 ], [ -106.6868, 40.6497 ], [ -106.682, 40.6496 ], [ -106.6806, 40.6492 ], [ -106.6802, 40.648 ], [ -106.6819, 40.6479 ], [ -106.683, 40.6472 ], [ -106.6838, 40.6443 ], [ -106.6864, 40.6414 ], [ -106.6889, 40.6402 ], [ -106.6888, 40.6378 ], [ -106.687, 40.6356 ], [ -106.6869, 40.6346 ], [ -106.6902, 40.6349 ], [ -106.6939, 40.6331 ], [ -106.6968, 40.6301 ], [ -106.6978, 40.6275 ], [ -106.7037, 40.6278 ], [ -106.7019, 40.627 ], [ -106.7014, 40.6253 ], [ -106.7036, 40.6223 ], [ -106.7042, 40.6191 ], [ -106.706, 40.6169 ], [ -106.7063, 40.6157 ], [ -106.7057, 40.6137 ], [ -106.7036, 40.6101 ], [ -106.7037, 40.6087 ], [ -106.7045, 40.6075 ], [ -106.7016, 40.6054 ], [ -106.6986, 40.6013 ], [ -106.6983, 40.5993 ], [ -106.6954, 40.5982 ], [ -106.6942, 40.5958 ], [ -106.6948, 40.5916 ], [ -106.6956, 40.5913 ], [ -106.6978, 40.5877 ], [ -106.6997, 40.5864 ], [ -106.6987, 40.5829 ], [ -106.7003, 40.5801 ], [ -106.7023, 40.578 ], [ -106.6993, 40.5754 ], [ -106.6971, 40.5725 ], [ -106.6967, 40.5698 ], [ -106.6946, 40.5671 ], [ -106.6923, 40.5626 ], [ -106.6921, 40.5598 ], [ -106.6968, 40.5566 ], [ -106.6975, 40.5533 ], [ -106.6938, 40.5512 ], [ -106.6913, 40.5511 ], [ -106.6882, 40.5518 ], [ -106.6859, 40.5513 ], [ -106.6861, 40.5505 ], [ -106.6845, 40.5491 ], [ -106.6837, 40.5446 ], [ -106.68, 40.5421 ], [ -106.6783, 40.5386 ], [ -106.6763, 40.5373 ], [ -106.6705, 40.5356 ], [ -106.6692, 40.5336 ], [ -106.6715, 40.53 ], [ -106.6744, 40.5273 ], [ -106.6746, 40.5257 ], [ -106.6739, 40.523 ], [ -106.6717, 40.5206 ], [ -106.6699, 40.52 ], [ -106.6665, 40.5201 ], [ -106.6612, 40.5149 ], [ -106.6598, 40.515 ], [ -106.6591, 40.5147 ], [ -106.6593, 40.5139 ], [ -106.6613, 40.5128 ], [ -106.6614, 40.5122 ], [ -106.659, 40.5104 ], [ -106.6564, 40.5096 ], [ -106.6557, 40.5088 ], [ -106.6556, 40.504 ], [ -106.6571, 40.5001 ], [ -106.655, 40.4987 ], [ -106.6543, 40.496 ], [ -106.6531, 40.4951 ], [ -106.6532, 40.4938 ], [ -106.6541, 40.4922 ], [ -106.6594, 40.4902 ], [ -106.6573, 40.4886 ], [ -106.6561, 40.4846 ], [ -106.6574, 40.4831 ], [ -106.663, 40.4804 ], [ -106.6646, 40.4773 ], [ -106.667, 40.4758 ], [ -106.6671, 40.4726 ], [ -106.6658, 40.47 ], [ -106.6649, 40.4698 ], [ -106.6586, 40.472 ], [ -106.6573, 40.4686 ], [ -106.6543, 40.4676 ], [ -106.6544, 40.4671 ], [ -106.6556, 40.4664 ], [ -106.6553, 40.4647 ], [ -106.657, 40.4636 ], [ -106.6589, 40.4606 ], [ -106.6592, 40.4588 ], [ -106.6549, 40.4559 ], [ -106.6518, 40.4558 ], [ -106.6506, 40.4553 ], [ -106.6509, 40.4531 ], [ -106.6503, 40.4509 ], [ -106.6513, 40.4494 ], [ -106.6524, 40.4456 ], [ -106.6516, 40.4436 ], [ -106.6516, 40.4414 ], [ -106.6502, 40.4397 ], [ -106.6464, 40.4371 ], [ -106.6432, 40.4356 ], [ -106.6401, 40.4329 ], [ -106.6427, 40.432 ], [ -106.6453, 40.4318 ], [ -106.6472, 40.4302 ], [ -106.6476, 40.4293 ], [ -106.6464, 40.4271 ], [ -106.6467, 40.425 ], [ -106.6485, 40.4228 ], [ -106.6512, 40.4214 ], [ -106.6482, 40.4179 ], [ -106.6456, 40.4176 ], [ -106.645, 40.4171 ], [ -106.6442, 40.4137 ], [ -106.6447, 40.4115 ], [ -106.6466, 40.4106 ], [ -106.6543, 40.4097 ], [ -106.6562, 40.4088 ], [ -106.6462, 40.4061 ], [ -106.644, 40.4033 ], [ -106.642, 40.4023 ], [ -106.641, 40.4023 ], [ -106.6409, 40.4016 ], [ -106.6417, 40.4003 ], [ -106.64, 40.3985 ], [ -106.6399, 40.3974 ], [ -106.6407, 40.3959 ], [ -106.6419, 40.395 ], [ -106.642, 40.3921 ], [ -106.6384, 40.3907 ], [ -106.6373, 40.3896 ], [ -106.6344, 40.3858 ], [ -106.6337, 40.3841 ], [ -106.6347, 40.3823 ], [ -106.6394, 40.3782 ], [ -106.6448, 40.3757 ], [ -106.6468, 40.372 ], [ -106.6508, 40.3698 ], [ -106.6536, 40.3694 ], [ -106.6545, 40.3682 ], [ -106.6527, 40.366 ], [ -106.6539, 40.3653 ], [ -106.6529, 40.3631 ], [ -106.6526, 40.3608 ], [ -106.6495, 40.36 ], [ -106.6472, 40.3556 ], [ -106.6458, 40.3542 ], [ -106.6456, 40.3518 ], [ -106.6445, 40.3505 ], [ -106.6455, 40.3492 ], [ -106.6485, 40.3477 ], [ -106.6504, 40.3441 ], [ -106.6509, 40.3408 ], [ -106.6533, 40.3371 ], [ -106.656, 40.3352 ], [ -106.66, 40.3336 ], [ -106.6628, 40.3337 ], [ -106.6649, 40.3328 ], [ -106.6676, 40.3326 ], [ -106.6684, 40.3312 ], [ -106.6688, 40.3285 ], [ -106.672, 40.3272 ], [ -106.6754, 40.324 ], [ -106.6788, 40.3237 ], [ -106.681, 40.3219 ], [ -106.687, 40.3215 ], [ -106.6878, 40.3166 ], [ -106.6858, 40.3097 ], [ -106.6835, 40.3091 ], [ -106.6838, 40.3063 ], [ -106.6833, 40.3049 ], [ -106.6808, 40.3029 ], [ -106.6792, 40.3003 ], [ -106.6763, 40.2982 ], [ -106.6756, 40.2978 ], [ -106.6739, 40.2979 ], [ -106.6703, 40.2998 ], [ -106.6678, 40.2999 ], [ -106.6653, 40.3009 ], [ -106.6633, 40.301 ], [ -106.661, 40.2987 ], [ -106.658, 40.2967 ], [ -106.6569, 40.2949 ], [ -106.6555, 40.2941 ], [ -106.6544, 40.2915 ], [ -106.6534, 40.2911 ], [ -106.6523, 40.2898 ], [ -106.6506, 40.2891 ], [ -106.6484, 40.2892 ], [ -106.6458, 40.2883 ], [ -106.6442, 40.289 ], [ -106.6431, 40.2889 ], [ -106.6427, 40.2868 ], [ -106.6411, 40.2868 ], [ -106.64, 40.2859 ], [ -106.6361, 40.2854 ], [ -106.6324, 40.284 ], [ -106.6299, 40.2822 ], [ -106.6275, 40.2816 ], [ -106.6246, 40.2779 ], [ -106.6212, 40.2775 ], [ -106.6172, 40.2779 ], [ -106.6158, 40.2773 ], [ -106.6155, 40.2763 ], [ -106.617, 40.2747 ], [ -106.6173, 40.2735 ], [ -106.6145, 40.2713 ], [ -106.6131, 40.2681 ], [ -106.6128, 40.2651 ], [ -106.6139, 40.262 ], [ -106.6119, 40.2608 ], [ -106.6108, 40.2592 ], [ -106.6099, 40.2556 ], [ -106.607, 40.2537 ], [ -106.6006, 40.2537 ], [ -106.5961, 40.2527 ], [ -106.5936, 40.2478 ], [ -106.5903, 40.2447 ], [ -106.5896, 40.2428 ], [ -106.5918, 40.239 ], [ -106.5915, 40.2358 ], [ -106.5955, 40.2345 ], [ -106.5966, 40.2337 ], [ -106.5987, 40.2312 ], [ -106.5997, 40.2289 ], [ -106.6051, 40.2306 ], [ -106.6066, 40.2306 ], [ -106.6077, 40.2301 ], [ -106.6086, 40.2291 ], [ -106.6096, 40.2242 ], [ -106.6168, 40.2252 ], [ -106.6185, 40.2263 ], [ -106.6213, 40.2256 ], [ -106.6256, 40.226 ], [ -106.6277, 40.2256 ], [ -106.6294, 40.2247 ], [ -106.6307, 40.2246 ], [ -106.6323, 40.2251 ], [ -106.6341, 40.2247 ], [ -106.6401, 40.2271 ], [ -106.6448, 40.2306 ], [ -106.646, 40.231 ], [ -106.6478, 40.2309 ], [ -106.649, 40.2303 ], [ -106.65, 40.2305 ], [ -106.6546, 40.228 ], [ -106.6572, 40.2235 ], [ -106.657, 40.2233 ], [ -106.656, 40.2241 ], [ -106.6527, 40.2247 ], [ -106.6465, 40.2232 ], [ -106.642, 40.2195 ], [ -106.6385, 40.2153 ], [ -106.6371, 40.2145 ], [ -106.6386, 40.2129 ], [ -106.6394, 40.2095 ], [ -106.6382, 40.2087 ], [ -106.635, 40.2081 ], [ -106.6325, 40.2059 ], [ -106.6249, 40.2062 ], [ -106.6224, 40.2053 ], [ -106.6183, 40.2024 ], [ -106.6184, 40.2015 ], [ -106.6177, 40.2007 ], [ -106.618, 40.1971 ], [ -106.6211, 40.1964 ], [ -106.6255, 40.197 ], [ -106.6282, 40.1968 ], [ -106.633, 40.1957 ], [ -106.6341, 40.1952 ], [ -106.6347, 40.1938 ], [ -106.636, 40.1926 ], [ -106.6395, 40.1905 ], [ -106.6401, 40.1893 ], [ -106.6399, 40.1888 ], [ -106.6383, 40.189 ], [ -106.6363, 40.1881 ], [ -106.6368, 40.1862 ], [ -106.6362, 40.1836 ], [ -106.6371, 40.1815 ], [ -106.6365, 40.1806 ], [ -106.6344, 40.1789 ], [ -106.6271, 40.1765 ], [ -106.627, 40.1754 ], [ -106.6258, 40.1739 ], [ -106.6259, 40.1718 ], [ -106.6285, 40.1718 ], [ -106.6344, 40.1733 ], [ -106.6364, 40.1729 ], [ -106.6387, 40.1708 ], [ -106.6433, 40.1695 ], [ -106.6449, 40.1684 ], [ -106.6464, 40.1665 ], [ -106.6465, 40.1637 ], [ -106.6472, 40.1629 ], [ -106.651, 40.1618 ], [ -106.6547, 40.1615 ], [ -106.6583, 40.1599 ], [ -106.6616, 40.1612 ], [ -106.6649, 40.1618 ], [ -106.6668, 40.1641 ], [ -106.6693, 40.1659 ], [ -106.6702, 40.1639 ], [ -106.6711, 40.1636 ], [ -106.6746, 40.1639 ], [ -106.6776, 40.1606 ], [ -106.677, 40.1578 ], [ -106.6806, 40.156 ], [ -106.6805, 40.1546 ], [ -106.6781, 40.1535 ], [ -106.6772, 40.1508 ], [ -106.6747, 40.1483 ], [ -106.6723, 40.1484 ], [ -106.671, 40.1479 ], [ -106.669, 40.1484 ], [ -106.666, 40.1473 ], [ -106.665, 40.1461 ], [ -106.6648, 40.1444 ], [ -106.666, 40.1406 ], [ -106.6602, 40.1381 ], [ -106.6595, 40.1359 ], [ -106.6618, 40.1311 ], [ -106.6629, 40.1302 ], [ -106.6693, 40.1291 ], [ -106.6709, 40.1272 ], [ -106.6764, 40.1253 ], [ -106.6786, 40.1232 ], [ -106.6811, 40.1192 ], [ -106.6842, 40.1184 ], [ -106.6853, 40.114 ], [ -106.6868, 40.1111 ], [ -106.6858, 40.1099 ], [ -106.6858, 40.1088 ], [ -106.6863, 40.1082 ], [ -106.6918, 40.1061 ], [ -106.6942, 40.1035 ], [ -106.6989, 40.1047 ], [ -106.7056, 40.1036 ], [ -106.7074, 40.1024 ], [ -106.7093, 40.102 ], [ -106.7103, 40.1025 ], [ -106.7089, 40.1049 ], [ -106.7116, 40.1085 ], [ -106.7118, 40.1105 ], [ -106.7113, 40.1112 ], [ -106.712, 40.1127 ], [ -106.7172, 40.1188 ], [ -106.7183, 40.1186 ], [ -106.7227, 40.121 ], [ -106.7237, 40.1209 ], [ -106.7238, 40.1199 ], [ -106.7268, 40.12 ], [ -106.7293, 40.119 ], [ -106.7318, 40.1195 ], [ -106.7345, 40.1194 ], [ -106.7369, 40.1209 ], [ -106.7397, 40.1194 ], [ -106.7412, 40.1194 ], [ -106.7443, 40.1218 ], [ -106.7478, 40.123 ], [ -106.7494, 40.1253 ], [ -106.7493, 40.1279 ], [ -106.7476, 40.1297 ], [ -106.7496, 40.1288 ], [ -106.7529, 40.13 ], [ -106.7555, 40.1295 ], [ -106.7595, 40.1298 ], [ -106.7618, 40.1306 ], [ -106.762, 40.1348 ], [ -106.7659, 40.1344 ], [ -106.7705, 40.1357 ], [ -106.7736, 40.1352 ], [ -106.7778, 40.1352 ], [ -106.7799, 40.1368 ], [ -106.7817, 40.1367 ], [ -106.7843, 40.138 ], [ -106.7858, 40.1378 ], [ -106.7905, 40.136 ], [ -106.7932, 40.1336 ], [ -106.7933, 40.1294 ], [ -106.7959, 40.1265 ], [ -106.8007, 40.1231 ], [ -106.8006, 40.1203 ], [ -106.8029, 40.1117 ], [ -106.803, 40.109 ], [ -106.8005, 40.1076 ], [ -106.7994, 40.1049 ], [ -106.798, 40.1011 ], [ -106.7989, 40.098 ], [ -106.7981, 40.096 ], [ -106.8018, 40.0932 ], [ -106.8018, 40.0918 ], [ -106.8031, 40.0901 ], [ -106.8049, 40.0896 ], [ -106.809, 40.086 ], [ -106.8133, 40.0849 ], [ -106.8143, 40.0842 ], [ -106.8147, 40.083 ], [ -106.8181, 40.0809 ], [ -106.8191, 40.0755 ], [ -106.8212, 40.0712 ], [ -106.8213, 40.0642 ], [ -106.8233, 40.063 ], [ -106.8273, 40.0626 ], [ -106.8297, 40.0614 ], [ -106.834, 40.0608 ], [ -106.8365, 40.0584 ], [ -106.8419, 40.0591 ], [ -106.847, 40.0589 ], [ -106.86, 40.0631 ], [ -106.8664, 40.0629 ], [ -106.8782, 40.0634 ], [ -106.8857, 40.0643 ], [ -106.8881, 40.0651 ], [ -106.8894, 40.0671 ], [ -106.8923, 40.0677 ], [ -106.9093, 40.0683 ], [ -106.9206, 40.0697 ], [ -106.933, 40.0735 ], [ -106.9391, 40.0779 ], [ -106.9443, 40.0785 ], [ -106.9474, 40.0785 ], [ -106.9538, 40.0764 ], [ -106.961, 40.0716 ], [ -106.9638, 40.0705 ], [ -106.9652, 40.0705 ], [ -106.9673, 40.0691 ], [ -106.975, 40.0688 ], [ -106.9829, 40.0712 ], [ -106.986, 40.0711 ], [ -106.9902, 40.0669 ], [ -106.9939, 40.0649 ], [ -106.9969, 40.0595 ], [ -106.9974, 40.0547 ], [ -106.998, 40.054 ], [ -107.0022, 40.0519 ], [ -107.0065, 40.049 ], [ -107.013, 40.0471 ], [ -107.0129, 40.0459 ], [ -107.0138, 40.0449 ], [ -107.0137, 40.0431 ], [ -107.017, 40.041 ], [ -107.0162, 40.0403 ], [ -107.016, 40.0389 ], [ -107.0171, 40.0367 ], [ -107.0183, 40.0361 ], [ -107.0189, 40.0332 ], [ -107.0206, 40.0301 ], [ -107.0266, 40.0259 ], [ -107.0279, 40.0262 ], [ -107.0311, 40.0247 ], [ -107.0335, 40.0254 ], [ -107.0376, 40.0257 ], [ -107.0407, 40.0249 ], [ -107.0439, 40.023 ], [ -107.048, 40.0175 ], [ -107.0477, 40.0152 ], [ -107.0463, 40.0121 ], [ -107.0482, 40.0097 ], [ -107.0493, 40.0072 ], [ -107.0492, 40.006 ], [ -107.0514, 40.0041 ], [ -107.0513, 40.002 ], [ -107.0529, 40.0009 ], [ -107.0549, 39.997 ], [ -107.0569, 39.9955 ], [ -107.0576, 39.9971 ], [ -107.0615, 39.9975 ], [ -107.0634, 39.9986 ], [ -107.0636, 39.9999 ], [ -107.0619, 40.0037 ], [ -107.0647, 40.0044 ], [ -107.0657, 40.0053 ], [ -107.0661, 40.0067 ], [ -107.0651, 40.0091 ], [ -107.0693, 40.0091 ], [ -107.0704, 40.0097 ], [ -107.0728, 40.0126 ], [ -107.0786, 40.0129 ], [ -107.0834, 40.0149 ], [ -107.0919, 40.0138 ], [ -107.0934, 40.0128 ], [ -107.1059, 40.0084 ], [ -107.112, 40.0057 ], [ -107.1171, 40.0059 ], [ -107.1211, 40.0053 ], [ -107.1227, 40.0039 ], [ -107.1242, 40.0037 ], [ -107.1264, 40.0025 ], [ -107.1288, 40.0025 ], [ -107.1314, 39.9995 ], [ -107.1324, 39.9969 ], [ -107.1326, 39.9951 ], [ -107.1309, 39.9922 ], [ -107.1332, 39.99 ], [ -107.1348, 39.986 ], [ -107.1375, 39.9819 ], [ -107.1374, 39.9806 ], [ -107.1361, 39.9791 ], [ -107.1372, 39.9749 ], [ -107.1388, 39.9747 ], [ -107.1428, 39.9764 ], [ -107.1449, 39.976 ], [ -107.1466, 39.9763 ], [ -107.1489, 39.9756 ], [ -107.1517, 39.976 ], [ -107.1558, 39.9757 ], [ -107.1593, 39.975 ], [ -107.1621, 39.9735 ], [ -107.1711, 39.9701 ], [ -107.1713, 39.9681 ], [ -107.1732, 39.9656 ], [ -107.1737, 39.9607 ], [ -107.1725, 39.9559 ], [ -107.1738, 39.9537 ], [ -107.1736, 39.953 ], [ -107.172, 39.9522 ], [ -107.1721, 39.9504 ], [ -107.1754, 39.9477 ], [ -107.1763, 39.9459 ], [ -107.1757, 39.9442 ], [ -107.1775, 39.9432 ], [ -107.1791, 39.941 ], [ -107.1794, 39.9374 ], [ -107.1786, 39.936 ], [ -107.1794, 39.9335 ], [ -107.1822, 39.9321 ], [ -107.1849, 39.928 ], [ -107.185, 39.9263 ], [ -107.1837, 39.925 ], [ -107.1805, 39.9233 ], [ -107.1793, 39.9211 ], [ -107.1771, 39.9205 ], [ -107.1749, 39.9205 ], [ -107.1745, 39.9195 ], [ -107.1745, 39.9168 ], [ -107.1753, 39.9153 ], [ -107.1777, 39.9142 ], [ -107.1793, 39.9129 ], [ -107.1809, 39.9088 ], [ -107.1848, 39.9067 ], [ -107.1854, 39.9066 ], [ -107.1854, 39.907 ], [ -107.186, 39.9062 ], [ -107.1888, 39.9053 ], [ -107.1917, 39.9069 ], [ -107.1935, 39.9051 ], [ -107.1926, 39.9033 ], [ -107.1928, 39.9029 ], [ -107.1947, 39.9031 ], [ -107.1975, 39.9027 ], [ -107.1975, 39.9012 ], [ -107.1983, 39.9007 ], [ -107.2015, 39.9 ], [ -107.2056, 39.9011 ], [ -107.208, 39.8995 ], [ -107.2096, 39.8991 ], [ -107.2125, 39.8995 ], [ -107.2141, 39.9018 ], [ -107.2177, 39.9026 ], [ -107.2201, 39.9049 ], [ -107.2223, 39.903 ], [ -107.226, 39.9011 ], [ -107.2326, 39.9051 ], [ -107.2345, 39.9046 ], [ -107.2363, 39.9035 ], [ -107.2364, 39.9025 ], [ -107.2382, 39.9006 ], [ -107.2408, 39.8996 ], [ -107.24, 39.8989 ], [ -107.2401, 39.898 ], [ -107.2424, 39.8954 ], [ -107.2457, 39.8953 ], [ -107.2448, 39.8944 ], [ -107.2446, 39.8935 ], [ -107.245, 39.893 ], [ -107.2479, 39.8926 ], [ -107.2534, 39.89 ], [ -107.2553, 39.888 ], [ -107.2587, 39.8863 ], [ -107.2577, 39.8842 ], [ -107.2588, 39.8831 ], [ -107.2592, 39.8794 ], [ -107.2591, 39.879 ], [ -107.2571, 39.8788 ], [ -107.2564, 39.8783 ], [ -107.2561, 39.8763 ], [ -107.2567, 39.8744 ], [ -107.262, 39.8738 ], [ -107.2636, 39.8727 ], [ -107.265, 39.8725 ], [ -107.2659, 39.8728 ], [ -107.2662, 39.8747 ], [ -107.267, 39.8748 ], [ -107.2719, 39.8728 ], [ -107.2752, 39.873 ], [ -107.2778, 39.8726 ], [ -107.2811, 39.875 ], [ -107.2823, 39.8752 ], [ -107.2845, 39.8741 ], [ -107.2869, 39.8719 ], [ -107.2872, 39.8706 ], [ -107.2863, 39.8684 ], [ -107.2863, 39.8661 ], [ -107.2872, 39.8641 ], [ -107.2871, 39.8622 ], [ -107.2843, 39.8609 ], [ -107.2841, 39.859 ], [ -107.2817, 39.8577 ], [ -107.2805, 39.8551 ], [ -107.2778, 39.8537 ], [ -107.277, 39.8515 ], [ -107.2757, 39.8501 ], [ -107.2796, 39.8508 ], [ -107.2867, 39.8456 ], [ -107.2894, 39.8454 ], [ -107.2961, 39.8435 ], [ -107.2962, 39.8429 ], [ -107.2972, 39.8424 ], [ -107.2976, 39.8407 ], [ -107.2985, 39.8405 ], [ -107.3005, 39.8389 ], [ -107.3011, 39.8387 ], [ -107.3019, 39.8393 ], [ -107.3042, 39.8397 ], [ -107.3038, 39.8373 ], [ -107.3046, 39.8347 ], [ -107.3032, 39.8314 ], [ -107.3034, 39.8286 ], [ -107.3025, 39.828 ], [ -107.2997, 39.8287 ], [ -107.2953, 39.8286 ], [ -107.2888, 39.8272 ], [ -107.2865, 39.8258 ], [ -107.2835, 39.8223 ], [ -107.2822, 39.8193 ], [ -107.2833, 39.8183 ], [ -107.2859, 39.8174 ], [ -107.2862, 39.8157 ], [ -107.2904, 39.8131 ], [ -107.2913, 39.8116 ], [ -107.291, 39.8086 ], [ -107.2892, 39.8083 ], [ -107.288, 39.8072 ], [ -107.2888, 39.8043 ], [ -107.288, 39.801 ], [ -107.285, 39.7984 ], [ -107.2833, 39.7976 ], [ -107.2796, 39.7975 ], [ -107.2733, 39.7982 ], [ -107.271, 39.7992 ], [ -107.2637, 39.7987 ], [ -107.262, 39.7982 ], [ -107.2645, 39.7924 ], [ -107.2661, 39.79 ], [ -107.2668, 39.7871 ], [ -107.2662, 39.7847 ], [ -107.2666, 39.7839 ], [ -107.2682, 39.7833 ], [ -107.2698, 39.7816 ], [ -107.2733, 39.781 ], [ -107.2771, 39.7782 ], [ -107.281, 39.7771 ], [ -107.2821, 39.7762 ], [ -107.2846, 39.7769 ], [ -107.2886, 39.7744 ], [ -107.2916, 39.7748 ], [ -107.2937, 39.7763 ], [ -107.2943, 39.7773 ], [ -107.2962, 39.7779 ], [ -107.3031, 39.7777 ], [ -107.305, 39.7785 ], [ -107.3066, 39.7783 ], [ -107.3096, 39.7767 ], [ -107.3128, 39.7764 ], [ -107.3158, 39.7753 ], [ -107.3241, 39.7758 ], [ -107.3294, 39.7753 ], [ -107.3332, 39.7786 ], [ -107.3374, 39.7797 ], [ -107.3391, 39.7823 ], [ -107.342, 39.7772 ], [ -107.3466, 39.7733 ], [ -107.3508, 39.773 ], [ -107.355, 39.7722 ], [ -107.3556, 39.7717 ], [ -107.3571, 39.7676 ], [ -107.3589, 39.7655 ], [ -107.3605, 39.7645 ], [ -107.3613, 39.7625 ], [ -107.3628, 39.7614 ], [ -107.3627, 39.7588 ], [ -107.3633, 39.7576 ], [ -107.366, 39.7553 ], [ -107.3686, 39.7544 ], [ -107.3725, 39.7538 ], [ -107.3769, 39.7522 ], [ -107.3792, 39.7533 ], [ -107.3809, 39.7533 ], [ -107.3866, 39.7514 ], [ -107.392, 39.7516 ], [ -107.4016, 39.7494 ], [ -107.4044, 39.7457 ], [ -107.4069, 39.7449 ], [ -107.4078, 39.7431 ], [ -107.41, 39.7424 ], [ -107.4125, 39.744 ], [ -107.4164, 39.7433 ], [ -107.4198, 39.7449 ], [ -107.421, 39.747 ], [ -107.4249, 39.7492 ], [ -107.4265, 39.7519 ], [ -107.4263, 39.7525 ], [ -107.4273, 39.7552 ], [ -107.4274, 39.7604 ], [ -107.4285, 39.7648 ], [ -107.4279, 39.766 ], [ -107.4281, 39.7689 ], [ -107.4236, 39.7757 ], [ -107.4238, 39.7806 ], [ -107.4216, 39.784 ], [ -107.4195, 39.791 ], [ -107.4176, 39.7944 ], [ -107.4188, 39.799 ], [ -107.4188, 39.8028 ], [ -107.4204, 39.8068 ], [ -107.427, 39.8074 ], [ -107.4347, 39.8093 ], [ -107.4401, 39.809 ], [ -107.4442, 39.8099 ], [ -107.4467, 39.8112 ], [ -107.449, 39.8112 ], [ -107.4526, 39.8093 ], [ -107.4576, 39.8086 ], [ -107.464, 39.8098 ], [ -107.4653, 39.8111 ], [ -107.469, 39.812 ], [ -107.4707, 39.8135 ], [ -107.471, 39.8154 ], [ -107.4731, 39.818 ], [ -107.4749, 39.8213 ], [ -107.479, 39.8257 ], [ -107.4848, 39.8297 ], [ -107.4849, 39.8313 ], [ -107.4841, 39.8327 ], [ -107.4851, 39.8347 ], [ -107.4872, 39.8366 ], [ -107.487, 39.8397 ], [ -107.4887, 39.8404 ], [ -107.4936, 39.8406 ], [ -107.496, 39.8401 ], [ -107.5003, 39.8414 ], [ -107.5034, 39.8404 ], [ -107.5048, 39.8366 ], [ -107.5048, 39.8339 ], [ -107.5077, 39.8324 ], [ -107.5094, 39.8321 ], [ -107.5115, 39.8307 ], [ -107.5157, 39.8329 ], [ -107.5238, 39.834 ], [ -107.5311, 39.8335 ], [ -107.5338, 39.8318 ], [ -107.535, 39.8317 ], [ -107.5449, 39.8321 ], [ -107.5459, 39.8323 ], [ -107.5462, 39.8329 ], [ -107.545, 39.8346 ], [ -107.5454, 39.8355 ], [ -107.5475, 39.8386 ], [ -107.5506, 39.841 ], [ -107.5567, 39.8409 ], [ -107.5608, 39.8421 ], [ -107.5639, 39.8422 ], [ -107.5664, 39.8429 ], [ -107.5678, 39.8427 ], [ -107.5714, 39.8412 ], [ -107.573, 39.8377 ], [ -107.5735, 39.8349 ], [ -107.575, 39.8329 ], [ -107.5753, 39.8307 ], [ -107.5744, 39.8295 ], [ -107.575, 39.828 ], [ -107.5799, 39.8277 ], [ -107.5818, 39.828 ], [ -107.5826, 39.8261 ], [ -107.5824, 39.8235 ], [ -107.5859, 39.8199 ], [ -107.5848, 39.8189 ], [ -107.5843, 39.8174 ], [ -107.5852, 39.8127 ], [ -107.5857, 39.8121 ], [ -107.5908, 39.8145 ], [ -107.5923, 39.8144 ], [ -107.5927, 39.8129 ], [ -107.5966, 39.8088 ], [ -107.5985, 39.8097 ], [ -107.6014, 39.8095 ], [ -107.61, 39.8068 ], [ -107.6119, 39.8055 ], [ -107.6134, 39.8012 ], [ -107.6147, 39.7996 ], [ -107.6164, 39.8 ], [ -107.6177, 39.8016 ], [ -107.6194, 39.8026 ], [ -107.6227, 39.8032 ], [ -107.6241, 39.805 ], [ -107.6242, 39.8059 ], [ -107.6268, 39.8081 ], [ -107.6299, 39.8062 ], [ -107.6323, 39.8033 ], [ -107.6325, 39.8023 ], [ -107.6351, 39.805 ], [ -107.6375, 39.8065 ], [ -107.6374, 39.8072 ], [ -107.6389, 39.8083 ], [ -107.6377, 39.8122 ], [ -107.6403, 39.8141 ], [ -107.647, 39.8091 ], [ -107.6499, 39.8044 ], [ -107.6518, 39.8046 ], [ -107.6522, 39.8078 ], [ -107.6551, 39.81 ], [ -107.6578, 39.8105 ], [ -107.6652, 39.8142 ], [ -107.6673, 39.8141 ], [ -107.6702, 39.8107 ], [ -107.676, 39.8093 ], [ -107.6769, 39.806 ], [ -107.6783, 39.8053 ], [ -107.6808, 39.8056 ], [ -107.6848, 39.8068 ], [ -107.6864, 39.8075 ], [ -107.6881, 39.8093 ], [ -107.6885, 39.8107 ], [ -107.693, 39.8116 ], [ -107.6932, 39.8119 ], [ -107.6908, 39.8146 ], [ -107.6911, 39.8164 ], [ -107.6934, 39.8196 ], [ -107.6928, 39.8218 ], [ -107.6937, 39.8237 ], [ -107.6944, 39.8239 ], [ -107.6972, 39.8228 ], [ -107.6995, 39.8234 ], [ -107.7015, 39.8213 ], [ -107.7018, 39.8204 ], [ -107.7005, 39.8187 ], [ -107.7001, 39.8164 ], [ -107.7015, 39.8146 ], [ -107.7057, 39.8133 ], [ -107.7098, 39.8127 ], [ -107.7117, 39.8107 ], [ -107.7165, 39.8092 ], [ -107.7181, 39.8096 ], [ -107.7216, 39.8122 ], [ -107.7227, 39.81 ], [ -107.7327, 39.8066 ], [ -107.7337, 39.8053 ], [ -107.7342, 39.8033 ], [ -107.7377, 39.8025 ], [ -107.7411, 39.8027 ], [ -107.7421, 39.7983 ], [ -107.7407, 39.7948 ], [ -107.7405, 39.7927 ], [ -107.7439, 39.787 ], [ -107.7483, 39.7888 ], [ -107.7482, 39.7906 ], [ -107.7491, 39.7914 ], [ -107.7517, 39.7915 ], [ -107.7535, 39.7902 ], [ -107.7546, 39.7904 ], [ -107.7587, 39.7895 ], [ -107.7612, 39.7905 ], [ -107.7631, 39.7927 ], [ -107.7665, 39.7929 ], [ -107.7674, 39.7922 ], [ -107.7703, 39.7916 ], [ -107.773, 39.7916 ], [ -107.7747, 39.7901 ], [ -107.7769, 39.7895 ], [ -107.7787, 39.7903 ], [ -107.7806, 39.7919 ], [ -107.7854, 39.7928 ], [ -107.788, 39.7897 ], [ -107.7925, 39.7878 ], [ -107.7982, 39.7919 ], [ -107.8026, 39.7937 ], [ -107.8054, 39.7962 ], [ -107.8072, 39.7962 ], [ -107.8099, 39.7953 ], [ -107.8117, 39.7934 ], [ -107.8144, 39.7928 ], [ -107.8148, 39.7924 ], [ -107.8141, 39.7878 ], [ -107.8143, 39.7824 ], [ -107.8126, 39.7799 ], [ -107.8131, 39.778 ], [ -107.8129, 39.7763 ], [ -107.8179, 39.7748 ], [ -107.8236, 39.7747 ], [ -107.8265, 39.7731 ], [ -107.8275, 39.7742 ], [ -107.8281, 39.7777 ], [ -107.8315, 39.7767 ], [ -107.8329, 39.7778 ], [ -107.836, 39.7781 ], [ -107.8387, 39.7772 ], [ -107.8448, 39.7787 ], [ -107.8476, 39.7789 ], [ -107.8482, 39.7802 ], [ -107.8495, 39.7783 ], [ -107.8505, 39.7744 ], [ -107.8536, 39.7709 ], [ -107.8526, 39.7679 ], [ -107.8614, 39.7652 ], [ -107.8633, 39.7659 ], [ -107.8685, 39.7653 ], [ -107.8728, 39.7634 ], [ -107.8746, 39.7614 ], [ -107.8819, 39.7571 ], [ -107.8817, 39.7552 ], [ -107.8829, 39.7528 ], [ -107.8864, 39.7493 ], [ -107.89, 39.7473 ], [ -107.8977, 39.7454 ], [ -107.8989, 39.7448 ], [ -107.8994, 39.7439 ], [ -107.8989, 39.7408 ], [ -107.9014, 39.7408 ], [ -107.9036, 39.7403 ], [ -107.9037, 39.738 ], [ -107.9058, 39.7356 ], [ -107.905, 39.7336 ], [ -107.9061, 39.7297 ], [ -107.9078, 39.7282 ], [ -107.9095, 39.7278 ], [ -107.9134, 39.724 ], [ -107.9143, 39.7221 ], [ -107.9138, 39.7199 ], [ -107.9165, 39.7197 ], [ -107.9176, 39.7164 ], [ -107.9194, 39.7134 ], [ -107.922, 39.7123 ], [ -107.9227, 39.7115 ], [ -107.9238, 39.7078 ], [ -107.9251, 39.7069 ], [ -107.9286, 39.7068 ], [ -107.9368, 39.7047 ], [ -107.9401, 39.7028 ], [ -107.9433, 39.7023 ], [ -107.945, 39.7015 ], [ -107.9467, 39.6994 ], [ -107.9474, 39.697 ], [ -107.9471, 39.6956 ], [ -107.9464, 39.6951 ], [ -107.9446, 39.6909 ], [ -107.9429, 39.6901 ], [ -107.942, 39.6889 ], [ -107.9421, 39.6866 ], [ -107.9404, 39.6825 ], [ -107.9382, 39.6808 ], [ -107.9384, 39.6798 ], [ -107.9394, 39.6789 ], [ -107.9402, 39.6759 ], [ -107.94, 39.6747 ], [ -107.9396, 39.6743 ], [ -107.9372, 39.6746 ], [ -107.9364, 39.6741 ], [ -107.9324, 39.6653 ], [ -107.9312, 39.6642 ], [ -107.9311, 39.663 ], [ -107.927, 39.6601 ], [ -107.9262, 39.6571 ], [ -107.9281, 39.6563 ], [ -107.9314, 39.6557 ], [ -107.9335, 39.6545 ], [ -107.9367, 39.6548 ], [ -107.9394, 39.6536 ], [ -107.9423, 39.6539 ], [ -107.9452, 39.6513 ], [ -107.9494, 39.6503 ], [ -107.9513, 39.6482 ], [ -107.9533, 39.6477 ], [ -107.9557, 39.6485 ], [ -107.9578, 39.6468 ], [ -107.9595, 39.6466 ], [ -107.9631, 39.6491 ], [ -107.9656, 39.6462 ], [ -107.9672, 39.6463 ], [ -107.9696, 39.6473 ], [ -107.9715, 39.646 ], [ -107.9749, 39.6479 ], [ -107.9763, 39.6455 ], [ -107.9791, 39.6458 ], [ -107.9806, 39.6448 ], [ -107.9823, 39.646 ], [ -107.9846, 39.6456 ], [ -107.9892, 39.6495 ], [ -107.9936, 39.6449 ], [ -107.9945, 39.6444 ], [ -107.9956, 39.6444 ], [ -107.9977, 39.6459 ], [ -107.9977, 39.6488 ], [ -108.0, 39.6492 ], [ -108.0016, 39.6505 ], [ -108.0042, 39.6513 ], [ -108.0047, 39.6535 ], [ -108.0081, 39.6525 ], [ -108.0089, 39.6529 ], [ -108.0092, 39.6546 ], [ -108.0086, 39.6556 ], [ -108.0104, 39.6588 ], [ -108.0137, 39.6589 ], [ -108.0156, 39.6574 ], [ -108.0193, 39.6593 ], [ -108.0201, 39.6646 ], [ -108.0207, 39.6653 ], [ -108.0246, 39.663 ], [ -108.0263, 39.6606 ], [ -108.0286, 39.6613 ], [ -108.0301, 39.6609 ], [ -108.0315, 39.6581 ], [ -108.0328, 39.6575 ], [ -108.0349, 39.6572 ], [ -108.0359, 39.6577 ], [ -108.0372, 39.6613 ], [ -108.0398, 39.6605 ], [ -108.0419, 39.6586 ], [ -108.0431, 39.6559 ], [ -108.045, 39.6553 ], [ -108.0456, 39.6538 ], [ -108.0467, 39.6531 ], [ -108.048, 39.6556 ], [ -108.0487, 39.6556 ], [ -108.0499, 39.6548 ], [ -108.0511, 39.6548 ], [ -108.0507, 39.6579 ], [ -108.0549, 39.6573 ], [ -108.0553, 39.6585 ], [ -108.0549, 39.6627 ], [ -108.0553, 39.6637 ], [ -108.0592, 39.6638 ], [ -108.0597, 39.6655 ], [ -108.0609, 39.6661 ], [ -108.0642, 39.6651 ], [ -108.0657, 39.6666 ], [ -108.0691, 39.6677 ], [ -108.0687, 39.671 ], [ -108.0698, 39.6714 ], [ -108.0724, 39.6713 ], [ -108.0732, 39.6719 ], [ -108.0726, 39.6769 ], [ -108.0732, 39.6779 ], [ -108.0758, 39.6779 ], [ -108.0784, 39.6762 ], [ -108.0801, 39.6768 ], [ -108.0811, 39.6768 ], [ -108.0845, 39.6747 ], [ -108.0859, 39.6751 ], [ -108.0875, 39.6763 ], [ -108.0883, 39.6763 ], [ -108.0903, 39.674 ], [ -108.0926, 39.6736 ], [ -108.0938, 39.6722 ], [ -108.096, 39.6718 ], [ -108.1009, 39.6697 ], [ -108.1023, 39.6686 ], [ -108.104, 39.6656 ], [ -108.1054, 39.665 ], [ -108.1059, 39.6652 ], [ -108.1075, 39.6681 ], [ -108.1107, 39.6681 ], [ -108.1124, 39.6695 ], [ -108.1131, 39.6712 ], [ -108.1177, 39.6725 ], [ -108.1181, 39.6741 ], [ -108.1204, 39.6746 ], [ -108.1227, 39.677 ], [ -108.1261, 39.6723 ], [ -108.1281, 39.6712 ], [ -108.1286, 39.6702 ], [ -108.1333, 39.6706 ], [ -108.1376, 39.6716 ], [ -108.1397, 39.6708 ], [ -108.1404, 39.6692 ], [ -108.1407, 39.6656 ], [ -108.1437, 39.6624 ], [ -108.1458, 39.6586 ], [ -108.1473, 39.6573 ], [ -108.1494, 39.6534 ], [ -108.1503, 39.6529 ], [ -108.1527, 39.6527 ], [ -108.1545, 39.6512 ], [ -108.1566, 39.652 ], [ -108.1581, 39.6554 ], [ -108.1622, 39.6537 ], [ -108.1656, 39.6555 ], [ -108.1677, 39.6551 ], [ -108.1682, 39.6531 ], [ -108.1707, 39.6523 ], [ -108.1717, 39.651 ], [ -108.1771, 39.6521 ], [ -108.1783, 39.6533 ], [ -108.1859, 39.6488 ], [ -108.1872, 39.6488 ], [ -108.1911, 39.6507 ], [ -108.194, 39.6473 ], [ -108.198, 39.6462 ], [ -108.2007, 39.6493 ], [ -108.2029, 39.6468 ], [ -108.206, 39.6487 ], [ -108.2081, 39.6494 ], [ -108.2113, 39.6491 ], [ -108.2119, 39.6512 ], [ -108.2108, 39.6553 ], [ -108.2124, 39.6566 ], [ -108.2146, 39.6576 ], [ -108.2166, 39.6576 ], [ -108.2177, 39.6563 ], [ -108.2199, 39.6552 ], [ -108.2218, 39.653 ], [ -108.2242, 39.6521 ], [ -108.2252, 39.6523 ], [ -108.2261, 39.6573 ], [ -108.2258, 39.6595 ], [ -108.2289, 39.6582 ], [ -108.2312, 39.6545 ], [ -108.2321, 39.6561 ], [ -108.2348, 39.6568 ], [ -108.2363, 39.6538 ], [ -108.2377, 39.6526 ], [ -108.2387, 39.6527 ], [ -108.2405, 39.654 ], [ -108.2445, 39.653 ], [ -108.2453, 39.6558 ], [ -108.2464, 39.6564 ], [ -108.2504, 39.6549 ], [ -108.2514, 39.6533 ], [ -108.2538, 39.6518 ], [ -108.2561, 39.6524 ], [ -108.2573, 39.6517 ], [ -108.2598, 39.6516 ], [ -108.2618, 39.6504 ], [ -108.2704, 39.6494 ], [ -108.2777, 39.6416 ], [ -108.2787, 39.6355 ], [ -108.2778, 39.6334 ], [ -108.2801, 39.6319 ], [ -108.2812, 39.6304 ], [ -108.2836, 39.6295 ], [ -108.2852, 39.6281 ], [ -108.2889, 39.6268 ], [ -108.2916, 39.625 ], [ -108.2926, 39.6234 ], [ -108.2939, 39.6233 ], [ -108.297, 39.6244 ], [ -108.2976, 39.6254 ], [ -108.3012, 39.6258 ], [ -108.3009, 39.6304 ], [ -108.3035, 39.632 ], [ -108.3039, 39.6343 ], [ -108.3056, 39.634 ], [ -108.3091, 39.6318 ], [ -108.3113, 39.6317 ], [ -108.3125, 39.6362 ], [ -108.3123, 39.638 ], [ -108.3132, 39.639 ], [ -108.3122, 39.645 ], [ -108.3134, 39.6463 ], [ -108.3163, 39.6469 ], [ -108.3163, 39.6485 ], [ -108.3171, 39.6492 ], [ -108.3191, 39.6493 ], [ -108.3211, 39.6486 ], [ -108.3217, 39.6496 ], [ -108.3225, 39.6498 ], [ -108.3252, 39.6485 ], [ -108.3273, 39.6462 ], [ -108.331, 39.6494 ], [ -108.333, 39.6491 ], [ -108.3335, 39.6478 ], [ -108.3369, 39.6476 ], [ -108.3384, 39.647 ], [ -108.3395, 39.6499 ], [ -108.3409, 39.6502 ], [ -108.3417, 39.651 ], [ -108.3447, 39.657 ], [ -108.3471, 39.6589 ], [ -108.3484, 39.659 ], [ -108.3504, 39.6571 ], [ -108.3518, 39.6571 ], [ -108.3579, 39.66 ], [ -108.3612, 39.6605 ], [ -108.3622, 39.66 ], [ -108.363, 39.6608 ], [ -108.3651, 39.6613 ], [ -108.367, 39.6636 ], [ -108.3684, 39.6636 ], [ -108.3697, 39.6623 ], [ -108.3743, 39.6619 ], [ -108.3751, 39.6622 ], [ -108.3751, 39.6642 ], [ -108.3758, 39.6658 ], [ -108.378, 39.6644 ], [ -108.3807, 39.6636 ], [ -108.3811, 39.6675 ], [ -108.3854, 39.6686 ], [ -108.3876, 39.666 ], [ -108.3901, 39.6679 ], [ -108.3907, 39.6697 ], [ -108.3928, 39.669 ], [ -108.3937, 39.6695 ], [ -108.3945, 39.6703 ], [ -108.3946, 39.6729 ], [ -108.3953, 39.6734 ], [ -108.3969, 39.6733 ], [ -108.4004, 39.67 ], [ -108.4023, 39.6696 ], [ -108.4027, 39.6714 ], [ -108.4052, 39.6722 ], [ -108.4063, 39.6731 ], [ -108.4076, 39.6754 ], [ -108.407, 39.6773 ], [ -108.4078, 39.6782 ], [ -108.4098, 39.6783 ], [ -108.4105, 39.6813 ], [ -108.4143, 39.6813 ], [ -108.416, 39.68 ], [ -108.4194, 39.6814 ], [ -108.4239, 39.6815 ], [ -108.4279, 39.6826 ], [ -108.4331, 39.6796 ], [ -108.4357, 39.6818 ], [ -108.4375, 39.681 ], [ -108.4389, 39.6792 ], [ -108.442, 39.6815 ], [ -108.4463, 39.6806 ], [ -108.4462, 39.6821 ], [ -108.4469, 39.6832 ], [ -108.4502, 39.683 ], [ -108.4513, 39.6835 ], [ -108.4556, 39.6876 ], [ -108.4574, 39.6868 ], [ -108.4613, 39.6872 ], [ -108.4627, 39.6884 ], [ -108.4633, 39.6918 ], [ -108.4642, 39.6921 ], [ -108.4665, 39.6916 ], [ -108.4674, 39.6928 ], [ -108.4674, 39.695 ], [ -108.4669, 39.6962 ], [ -108.4699, 39.6968 ], [ -108.4727, 39.6955 ], [ -108.4739, 39.6964 ], [ -108.4737, 39.6985 ], [ -108.477, 39.6983 ], [ -108.4777, 39.6986 ], [ -108.4797, 39.6959 ], [ -108.488, 39.6957 ], [ -108.4909, 39.6929 ], [ -108.4936, 39.6915 ], [ -108.4954, 39.6882 ], [ -108.5004, 39.6894 ], [ -108.5017, 39.6882 ], [ -108.5039, 39.6885 ], [ -108.5084, 39.6904 ], [ -108.5089, 39.6919 ], [ -108.5126, 39.6911 ], [ -108.515, 39.6901 ], [ -108.5168, 39.6915 ], [ -108.5188, 39.6918 ], [ -108.5274, 39.6902 ], [ -108.529, 39.6924 ], [ -108.532, 39.6943 ], [ -108.5343, 39.6948 ], [ -108.5379, 39.6978 ], [ -108.5387, 39.6979 ], [ -108.5412, 39.6974 ], [ -108.5439, 39.6933 ], [ -108.5459, 39.6917 ], [ -108.5479, 39.6917 ], [ -108.5493, 39.6911 ], [ -108.5507, 39.6911 ], [ -108.5522, 39.6903 ], [ -108.5545, 39.6881 ], [ -108.5556, 39.6863 ], [ -108.5588, 39.6841 ], [ -108.5616, 39.6855 ], [ -108.5635, 39.6879 ], [ -108.5636, 39.6897 ], [ -108.5654, 39.6912 ], [ -108.5706, 39.6861 ], [ -108.5725, 39.6853 ], [ -108.5735, 39.6837 ], [ -108.5755, 39.6844 ], [ -108.5774, 39.6831 ], [ -108.58, 39.6794 ], [ -108.5815, 39.6787 ], [ -108.5838, 39.6797 ], [ -108.5849, 39.6792 ], [ -108.5874, 39.6765 ], [ -108.5888, 39.6756 ], [ -108.5923, 39.6711 ], [ -108.594, 39.6712 ], [ -108.5948, 39.6718 ], [ -108.595, 39.6734 ], [ -108.598, 39.6739 ], [ -108.5998, 39.6753 ], [ -108.605, 39.6727 ], [ -108.6063, 39.6701 ], [ -108.6094, 39.6703 ], [ -108.6125, 39.6683 ], [ -108.6141, 39.6679 ], [ -108.6156, 39.668 ], [ -108.6184, 39.6656 ], [ -108.6223, 39.6649 ], [ -108.6225, 39.6609 ], [ -108.6239, 39.6598 ], [ -108.6246, 39.6584 ], [ -108.6293, 39.6565 ], [ -108.6331, 39.657 ], [ -108.6358, 39.655 ], [ -108.6374, 39.6546 ], [ -108.6416, 39.6558 ], [ -108.6425, 39.6571 ], [ -108.6479, 39.6573 ], [ -108.6513, 39.659 ], [ -108.6525, 39.6591 ], [ -108.6532, 39.6561 ], [ -108.6526, 39.6543 ], [ -108.6546, 39.6502 ], [ -108.6571, 39.6478 ], [ -108.6547, 39.6425 ], [ -108.6568, 39.6381 ], [ -108.655, 39.636 ], [ -108.6563, 39.6329 ], [ -108.6564, 39.6312 ], [ -108.6558, 39.6278 ], [ -108.6544, 39.6266 ], [ -108.6548, 39.6244 ], [ -108.6562, 39.6229 ], [ -108.6586, 39.6218 ], [ -108.6608, 39.6192 ], [ -108.6638, 39.6152 ], [ -108.6657, 39.6108 ], [ -108.6698, 39.6091 ], [ -108.6724, 39.6043 ], [ -108.6767, 39.603 ], [ -108.6788, 39.603 ], [ -108.6803, 39.6008 ], [ -108.6863, 39.6007 ], [ -108.6922, 39.6022 ], [ -108.6933, 39.6021 ], [ -108.695, 39.6011 ], [ -108.6961, 39.6016 ], [ -108.6974, 39.6031 ], [ -108.6998, 39.6013 ], [ -108.7008, 39.6011 ], [ -108.7027, 39.6016 ], [ -108.7038, 39.6032 ], [ -108.7048, 39.6038 ], [ -108.7094, 39.6029 ], [ -108.7111, 39.6032 ], [ -108.712, 39.6043 ], [ -108.7166, 39.6045 ], [ -108.7169, 39.6035 ], [ -108.7208, 39.6012 ], [ -108.7244, 39.5978 ], [ -108.7268, 39.5988 ], [ -108.7299, 39.5978 ], [ -108.731, 39.5955 ], [ -108.7353, 39.5949 ], [ -108.7366, 39.5937 ], [ -108.7373, 39.5957 ], [ -108.7417, 39.5956 ], [ -108.744, 39.5965 ], [ -108.7451, 39.5974 ], [ -108.7458, 39.6001 ], [ -108.747, 39.6011 ], [ -108.7488, 39.6004 ], [ -108.7506, 39.6008 ], [ -108.753, 39.6004 ], [ -108.7557, 39.5982 ], [ -108.7575, 39.5978 ], [ -108.7634, 39.6007 ], [ -108.7642, 39.6027 ], [ -108.7662, 39.6041 ], [ -108.7661, 39.6052 ], [ -108.7695, 39.6058 ], [ -108.7717, 39.6068 ], [ -108.7745, 39.6048 ], [ -108.7761, 39.6055 ], [ -108.7792, 39.605 ], [ -108.7838, 39.6009 ], [ -108.7881, 39.6027 ], [ -108.7911, 39.5996 ], [ -108.7924, 39.5989 ], [ -108.7936, 39.5988 ], [ -108.8003, 39.6002 ], [ -108.8009, 39.6001 ], [ -108.8021, 39.5986 ], [ -108.8046, 39.5975 ], [ -108.8068, 39.5974 ], [ -108.8092, 39.5979 ], [ -108.811, 39.5973 ], [ -108.8164, 39.6008 ], [ -108.8172, 39.6015 ], [ -108.8176, 39.603 ], [ -108.8194, 39.6037 ], [ -108.8212, 39.6054 ], [ -108.8223, 39.6097 ], [ -108.8212, 39.6136 ], [ -108.825, 39.6188 ], [ -108.8267, 39.616 ], [ -108.8311, 39.6146 ], [ -108.8315, 39.6104 ], [ -108.8346, 39.6095 ], [ -108.8362, 39.6111 ], [ -108.8391, 39.6127 ], [ -108.8434, 39.6139 ], [ -108.8455, 39.6119 ], [ -108.8492, 39.6134 ], [ -108.8529, 39.6211 ], [ -108.8561, 39.6176 ], [ -108.8578, 39.6169 ], [ -108.8592, 39.617 ], [ -108.8614, 39.6184 ], [ -108.8633, 39.6206 ], [ -108.864, 39.6207 ], [ -108.8658, 39.6203 ], [ -108.8681, 39.6183 ], [ -108.8728, 39.6169 ], [ -108.8726, 39.6186 ], [ -108.8731, 39.6198 ], [ -108.8738, 39.6201 ], [ -108.877, 39.6201 ], [ -108.8772, 39.6204 ], [ -108.8786, 39.6249 ], [ -108.8781, 39.6271 ], [ -108.8799, 39.6285 ], [ -108.8805, 39.6284 ], [ -108.8828, 39.6246 ], [ -108.8846, 39.6232 ], [ -108.8852, 39.6216 ], [ -108.887, 39.6236 ], [ -108.889, 39.6235 ], [ -108.8903, 39.6226 ], [ -108.8941, 39.622 ], [ -108.8979, 39.6188 ], [ -108.9007, 39.6225 ], [ -108.9032, 39.6211 ], [ -108.9066, 39.6216 ], [ -108.9091, 39.6192 ], [ -108.9124, 39.6145 ], [ -108.914, 39.6134 ], [ -108.9156, 39.6131 ], [ -108.9139, 39.6126 ], [ -108.9133, 39.6106 ], [ -108.919, 39.6012 ], [ -108.919, 39.5977 ], [ -108.9212, 39.593 ], [ -108.9233, 39.5924 ], [ -108.9263, 39.5927 ], [ -108.9285, 39.5945 ], [ -108.9298, 39.5964 ], [ -108.9318, 39.5968 ], [ -108.934, 39.5964 ], [ -108.9352, 39.5967 ], [ -108.9369, 39.5979 ], [ -108.9379, 39.5993 ], [ -108.9417, 39.6014 ], [ -108.9421, 39.5984 ], [ -108.9454, 39.5914 ], [ -108.9505, 39.5876 ], [ -108.9509, 39.5854 ], [ -108.9534, 39.5824 ], [ -108.9578, 39.5811 ], [ -108.9625, 39.5804 ], [ -108.966, 39.5769 ], [ -108.9734, 39.5747 ], [ -108.9743, 39.5721 ], [ -108.9757, 39.5707 ], [ -108.9762, 39.5706 ], [ -108.9791, 39.5731 ], [ -108.9818, 39.5728 ], [ -108.9864, 39.5732 ], [ -108.988, 39.5743 ], [ -108.9895, 39.5735 ], [ -108.9926, 39.5701 ], [ -108.995, 39.5693 ], [ -108.996, 39.568 ], [ -108.9958, 39.5661 ], [ -108.9939, 39.5649 ], [ -108.9931, 39.5634 ], [ -108.9932, 39.5625 ], [ -108.9971, 39.5587 ], [ -109.0002, 39.5582 ], [ -109.0, 39.5545 ], [ -109.0037, 39.5515 ], [ -109.0055, 39.5488 ], [ -109.0074, 39.5482 ], [ -109.007, 39.5478 ], [ -109.0051, 39.5473 ], [ -109.0049, 39.5461 ], [ -109.0056, 39.5441 ], [ -109.0061, 39.5389 ], [ -109.0085, 39.5346 ], [ -109.0134, 39.5331 ], [ -109.0156, 39.5308 ], [ -109.0198, 39.5288 ], [ -109.0204, 39.5254 ], [ -109.0201, 39.5235 ], [ -109.0229, 39.5208 ], [ -109.0269, 39.5149 ], [ -109.0277, 39.5147 ], [ -109.0302, 39.5155 ], [ -109.0329, 39.5148 ], [ -109.035, 39.5154 ], [ -109.037, 39.5153 ], [ -109.0376, 39.5137 ], [ -109.0387, 39.5125 ], [ -109.0416, 39.5117 ], [ -109.0427, 39.5094 ], [ -109.0421, 39.5076 ], [ -109.0428, 39.5054 ], [ -109.0463, 39.5057 ], [ -109.0472, 39.5051 ], [ -109.0491, 39.5017 ], [ -109.0494, 39.499 ], [ -109.0514, 39.4977 ], [ -109.0506, 39.875 ], [ -109.0508, 40.2171 ], [ -109.0479, 40.2187 ], [ -109.0481, 40.2195 ], [ -109.0503, 40.222 ], [ -109.0497, 40.2263 ], [ -109.0487, 40.2267 ], [ -109.0494, 40.2325 ], [ -109.049, 40.2332 ], [ -109.0481, 40.2335 ], [ -109.0463, 40.2335 ], [ -109.0444, 40.2327 ], [ -109.0385, 40.2331 ], [ -109.0366, 40.2347 ], [ -109.0346, 40.2357 ], [ -109.0347, 40.237 ], [ -109.0328, 40.2375 ], [ -109.0295, 40.2367 ], [ -109.0282, 40.2379 ], [ -109.0272, 40.2381 ], [ -109.0254, 40.2372 ], [ -109.0236, 40.2376 ], [ -109.0227, 40.2383 ], [ -109.0214, 40.2413 ], [ -109.0201, 40.2411 ], [ -109.0179, 40.2415 ], [ -109.0163, 40.2432 ], [ -109.0145, 40.2441 ], [ -109.0137, 40.244 ], [ -109.0132, 40.2445 ], [ -109.0115, 40.2447 ], [ -109.0093, 40.2459 ], [ -109.0086, 40.2468 ], [ -109.0097, 40.2477 ], [ -109.0088, 40.2498 ], [ -109.0087, 40.2519 ], [ -109.0069, 40.2525 ], [ -109.0056, 40.2539 ], [ -109.0046, 40.2536 ], [ -109.0026, 40.254 ], [ -109.0004, 40.2536 ], [ -108.9979, 40.2588 ], [ -108.9973, 40.2615 ], [ -108.9886, 40.2713 ], [ -108.9881, 40.2734 ], [ -108.9885, 40.2753 ], [ -108.9862, 40.2815 ], [ -108.9826, 40.2848 ], [ -108.9811, 40.2874 ], [ -108.9778, 40.2892 ], [ -108.973, 40.2898 ], [ -108.9706, 40.2918 ], [ -108.9682, 40.292 ], [ -108.9652, 40.294 ], [ -108.9616, 40.2939 ], [ -108.9557, 40.2955 ], [ -108.9538, 40.2969 ], [ -108.9515, 40.3006 ], [ -108.95, 40.3007 ], [ -108.9491, 40.3014 ], [ -108.9444, 40.3021 ], [ -108.9436, 40.3016 ], [ -108.9432, 40.3001 ], [ -108.9425, 40.2997 ], [ -108.9391, 40.2996 ], [ -108.9365, 40.3003 ], [ -108.9334, 40.2996 ], [ -108.9289, 40.2997 ], [ -108.9269, 40.2991 ], [ -108.9234, 40.299 ], [ -108.9184, 40.3005 ], [ -108.9171, 40.3016 ], [ -108.9148, 40.3014 ], [ -108.9105, 40.3045 ], [ -108.9057, 40.3061 ], [ -108.9048, 40.3075 ], [ -108.9063, 40.3085 ], [ -108.9093, 40.3121 ], [ -108.9178, 40.3135 ], [ -108.9253, 40.3173 ], [ -108.9261, 40.3173 ], [ -108.9271, 40.3166 ], [ -108.9315, 40.3163 ], [ -108.9346, 40.3173 ], [ -108.9373, 40.3196 ], [ -108.9409, 40.3241 ], [ -108.9448, 40.3254 ], [ -108.9473, 40.3282 ], [ -108.9483, 40.3283 ], [ -108.9482, 40.3294 ], [ -108.9447, 40.3323 ], [ -108.9435, 40.3382 ], [ -108.942, 40.3422 ], [ -108.9421, 40.3435 ], [ -108.9447, 40.3452 ], [ -108.9472, 40.3485 ], [ -108.9476, 40.3498 ], [ -108.9487, 40.3508 ], [ -108.9532, 40.3524 ], [ -108.9621, 40.3535 ], [ -108.9687, 40.3549 ], [ -108.971, 40.3572 ], [ -108.9741, 40.3574 ], [ -108.975, 40.3591 ], [ -108.9796, 40.3619 ], [ -108.9867, 40.3633 ], [ -108.9924, 40.3633 ], [ -108.9958, 40.3642 ], [ -109.0008, 40.3635 ], [ -109.0055, 40.366 ], [ -109.007, 40.3674 ], [ -109.0089, 40.3673 ], [ -109.0152, 40.3689 ], [ -109.0173, 40.369 ], [ -109.022, 40.3716 ], [ -109.0229, 40.3733 ], [ -109.0207, 40.375 ], [ -109.0198, 40.3813 ], [ -109.0247, 40.3837 ], [ -109.0257, 40.3847 ], [ -109.0274, 40.3917 ], [ -109.0283, 40.3928 ], [ -109.0313, 40.394 ], [ -109.0303, 40.3989 ], [ -109.0288, 40.4003 ], [ -109.0288, 40.402 ], [ -109.0272, 40.4033 ], [ -109.0253, 40.4028 ], [ -109.0244, 40.4031 ], [ -109.0247, 40.4038 ], [ -109.0273, 40.4056 ], [ -109.0284, 40.4088 ], [ -109.0283, 40.4128 ], [ -109.0303, 40.4143 ], [ -109.0305, 40.4157 ], [ -109.0291, 40.4192 ], [ -109.0269, 40.4214 ], [ -109.0243, 40.4229 ], [ -109.0223, 40.4251 ], [ -109.0219, 40.4259 ], [ -109.0232, 40.4271 ], [ -109.0232, 40.4277 ], [ -109.0198, 40.4292 ], [ -109.0186, 40.4304 ], [ -109.0186, 40.4311 ], [ -109.0221, 40.4321 ], [ -109.0238, 40.4332 ], [ -109.0256, 40.4351 ], [ -109.0265, 40.4373 ], [ -109.0285, 40.4383 ], [ -109.0286, 40.4409 ], [ -109.0317, 40.4426 ], [ -109.033, 40.4442 ], [ -109.0364, 40.4451 ], [ -109.0397, 40.4469 ], [ -109.0411, 40.4484 ], [ -109.0412, 40.4494 ], [ -109.0396, 40.4522 ], [ -109.0408, 40.4564 ], [ -109.0386, 40.4661 ], [ -109.0355, 40.4694 ], [ -109.0361, 40.4712 ], [ -109.0353, 40.4724 ], [ -109.0235, 40.4834 ], [ -109.0157, 40.4872 ], [ -109.0107, 40.4876 ], [ -109.0108, 40.4891 ], [ -109.0099, 40.4899 ], [ -109.0095, 40.4921 ], [ -109.0063, 40.4915 ], [ -109.0001, 40.4918 ], [ -108.9972, 40.4904 ], [ -108.9962, 40.4904 ], [ -108.9942, 40.4918 ], [ -108.9921, 40.4945 ], [ -108.9912, 40.4966 ], [ -108.9858, 40.4986 ], [ -108.9841, 40.4997 ], [ -108.9842, 40.5007 ], [ -108.9783, 40.5053 ], [ -108.9784, 40.5066 ], [ -108.9769, 40.5089 ], [ -108.9775, 40.5106 ], [ -108.9801, 40.5121 ], [ -108.9803, 40.5133 ], [ -108.9789, 40.5146 ], [ -108.9786, 40.5174 ], [ -108.9769, 40.5184 ], [ -108.9769, 40.5217 ], [ -108.9741, 40.5263 ], [ -108.975, 40.5267 ], [ -108.9776, 40.5267 ], [ -108.9787, 40.5265 ], [ -108.9791, 40.5258 ], [ -108.9808, 40.5259 ], [ -108.9835, 40.5264 ], [ -108.9849, 40.5279 ], [ -108.9846, 40.5296 ], [ -108.9827, 40.5308 ], [ -108.9813, 40.5335 ], [ -108.98, 40.5345 ], [ -108.9779, 40.5389 ], [ -108.9746, 40.5395 ], [ -108.9712, 40.539 ], [ -108.9671, 40.5392 ], [ -108.9624, 40.5412 ], [ -108.9593, 40.5434 ], [ -108.951, 40.5433 ], [ -108.9481, 40.5447 ], [ -108.9469, 40.5492 ], [ -108.9451, 40.5517 ], [ -108.9377, 40.5522 ], [ -108.937, 40.5526 ], [ -108.9365, 40.555 ], [ -108.9368, 40.5572 ], [ -108.938, 40.5599 ], [ -108.9377, 40.5606 ], [ -108.9328, 40.5626 ], [ -108.9294, 40.5633 ], [ -108.9266, 40.5652 ], [ -108.9254, 40.5676 ], [ -108.9273, 40.5704 ], [ -108.9282, 40.5728 ], [ -108.928, 40.5741 ], [ -108.9252, 40.5753 ], [ -108.9233, 40.5767 ], [ -108.92, 40.5776 ], [ -108.9164, 40.5775 ], [ -108.9121, 40.5789 ], [ -108.9087, 40.5782 ], [ -108.9023, 40.5798 ], [ -108.8997, 40.5816 ], [ -108.8941, 40.5839 ], [ -108.8926, 40.5857 ], [ -108.8933, 40.5886 ], [ -108.8918, 40.5921 ], [ -108.8858, 40.5968 ], [ -108.8799, 40.6004 ], [ -108.8793, 40.6018 ], [ -108.8768, 40.6024 ], [ -108.875, 40.607 ], [ -108.8702, 40.6071 ], [ -108.8634, 40.609 ], [ -108.861, 40.6087 ], [ -108.8585, 40.6103 ], [ -108.8564, 40.6102 ], [ -108.8554, 40.6098 ], [ -108.8551, 40.609 ], [ -108.8561, 40.6068 ], [ -108.8547, 40.6058 ], [ -108.8539, 40.6031 ], [ -108.8504, 40.6005 ], [ -108.8481, 40.6 ], [ -108.8429, 40.6006 ], [ -108.8417, 40.6004 ], [ -108.8391, 40.6015 ], [ -108.8364, 40.602 ], [ -108.8327, 40.6043 ], [ -108.8304, 40.605 ], [ -108.8276, 40.6038 ], [ -108.8258, 40.6013 ], [ -108.8223, 40.6002 ], [ -108.8214, 40.5993 ], [ -108.8206, 40.5969 ], [ -108.8213, 40.5924 ], [ -108.8125, 40.59 ], [ -108.8075, 40.5901 ], [ -108.8035, 40.5922 ], [ -108.7995, 40.5931 ], [ -108.7949, 40.5976 ], [ -108.7925, 40.5989 ], [ -108.787, 40.5997 ], [ -108.7803, 40.5987 ], [ -108.7787, 40.599 ], [ -108.7771, 40.6005 ], [ -108.7755, 40.6007 ], [ -108.7735, 40.5998 ], [ -108.7707, 40.5963 ], [ -108.7659, 40.5942 ], [ -108.7631, 40.5911 ], [ -108.7617, 40.5934 ], [ -108.7578, 40.5936 ], [ -108.7548, 40.5946 ], [ -108.7497, 40.5928 ], [ -108.747, 40.5931 ], [ -108.746, 40.5929 ], [ -108.7436, 40.5895 ], [ -108.7439, 40.5879 ], [ -108.7459, 40.5857 ], [ -108.7457, 40.5851 ], [ -108.7401, 40.583 ], [ -108.7371, 40.5827 ], [ -108.7368, 40.5796 ], [ -108.7344, 40.5799 ], [ -108.7328, 40.5794 ], [ -108.7314, 40.5772 ], [ -108.7283, 40.5752 ], [ -108.7264, 40.5751 ], [ -108.724, 40.5766 ], [ -108.7147, 40.5795 ], [ -108.7096, 40.5787 ], [ -108.7063, 40.5788 ], [ -108.7047, 40.5778 ], [ -108.7027, 40.5747 ], [ -108.7017, 40.5747 ], [ -108.7002, 40.5758 ], [ -108.699, 40.5759 ], [ -108.6953, 40.5723 ], [ -108.6892, 40.5714 ], [ -108.6902, 40.5672 ], [ -108.6862, 40.5634 ], [ -108.6839, 40.5632 ], [ -108.682, 40.5646 ], [ -108.6807, 40.5648 ], [ -108.6799, 40.5622 ], [ -108.6771, 40.5624 ], [ -108.675, 40.5636 ], [ -108.6741, 40.5651 ], [ -108.6725, 40.5647 ], [ -108.671, 40.5636 ], [ -108.6696, 40.5617 ], [ -108.6673, 40.5608 ], [ -108.6629, 40.5617 ], [ -108.66, 40.5638 ], [ -108.6565, 40.5644 ], [ -108.6548, 40.5626 ], [ -108.6537, 40.5593 ], [ -108.6504, 40.5576 ], [ -108.6489, 40.5562 ], [ -108.6446, 40.5585 ], [ -108.6431, 40.5586 ], [ -108.6387, 40.5561 ], [ -108.6359, 40.555 ], [ -108.6322, 40.5545 ], [ -108.6289, 40.5534 ], [ -108.626, 40.5547 ], [ -108.6217, 40.5551 ], [ -108.6224, 40.5556 ], [ -108.6222, 40.5581 ], [ -108.619, 40.5622 ], [ -108.6184, 40.564 ], [ -108.6164, 40.5655 ], [ -108.6129, 40.5672 ], [ -108.6089, 40.5677 ], [ -108.6059, 40.5689 ], [ -108.6021, 40.5729 ], [ -108.5996, 40.5768 ], [ -108.5959, 40.5792 ], [ -108.59, 40.5805 ], [ -108.5862, 40.5829 ], [ -108.5859, 40.5843 ], [ -108.5878, 40.5898 ], [ -108.5877, 40.5938 ], [ -108.5845, 40.598 ], [ -108.5835, 40.5985 ], [ -108.582, 40.598 ], [ -108.5796, 40.5985 ], [ -108.5831, 40.6024 ], [ -108.5842, 40.6046 ], [ -108.5829, 40.6071 ], [ -108.5758, 40.6099 ], [ -108.5703, 40.608 ], [ -108.5697, 40.6067 ], [ -108.5688, 40.6067 ], [ -108.5672, 40.6085 ], [ -108.5653, 40.6091 ], [ -108.5649, 40.6103 ], [ -108.563, 40.6113 ], [ -108.5617, 40.6113 ], [ -108.555, 40.6151 ], [ -108.5548, 40.6184 ], [ -108.5528, 40.6191 ], [ -108.5495, 40.6187 ], [ -108.55, 40.6207 ], [ -108.5456, 40.6239 ], [ -108.5459, 40.625 ], [ -108.5479, 40.6262 ], [ -108.5514, 40.6299 ], [ -108.5504, 40.6332 ], [ -108.5524, 40.638 ], [ -108.553, 40.6406 ], [ -108.5518, 40.6489 ], [ -108.5509, 40.65 ], [ -108.5512, 40.6518 ], [ -108.549, 40.6523 ], [ -108.5467, 40.6551 ], [ -108.5446, 40.6539 ], [ -108.5415, 40.6538 ], [ -108.5417, 40.6546 ], [ -108.5402, 40.6576 ], [ -108.5409, 40.6584 ], [ -108.5395, 40.6605 ], [ -108.5399, 40.6616 ], [ -108.5424, 40.6637 ], [ -108.5424, 40.6644 ], [ -108.5387, 40.6688 ], [ -108.5381, 40.6707 ], [ -108.5428, 40.6734 ], [ -108.5465, 40.6744 ], [ -108.547, 40.6755 ], [ -108.5508, 40.6782 ], [ -108.5512, 40.685 ], [ -108.5532, 40.6866 ], [ -108.5541, 40.688 ], [ -108.5545, 40.6916 ], [ -108.5552, 40.6922 ], [ -108.5601, 40.6936 ], [ -108.5585, 40.6954 ], [ -108.5555, 40.7038 ], [ -108.5561, 40.7051 ], [ -108.5559, 40.7058 ], [ -108.5538, 40.7079 ], [ -108.5501, 40.7084 ], [ -108.5512, 40.7106 ], [ -108.5504, 40.712 ], [ -108.5484, 40.7129 ], [ -108.5498, 40.7134 ], [ -108.5507, 40.7161 ], [ -108.5531, 40.7172 ], [ -108.5558, 40.7213 ], [ -108.5577, 40.7215 ], [ -108.56, 40.7226 ], [ -108.5601, 40.7233 ], [ -108.5619, 40.7242 ], [ -108.5671, 40.7249 ], [ -108.5703, 40.7243 ], [ -108.5703, 40.7253 ], [ -108.5714, 40.7263 ], [ -108.5711, 40.7283 ], [ -108.5723, 40.7297 ], [ -108.5749, 40.7315 ], [ -108.5781, 40.7321 ], [ -108.5812, 40.7341 ], [ -108.5846, 40.7344 ], [ -108.588, 40.7336 ], [ -108.5924, 40.7342 ], [ -108.595, 40.7334 ], [ -108.5962, 40.7344 ], [ -108.602, 40.7356 ], [ -108.6007, 40.7368 ], [ -108.6008, 40.7379 ], [ -108.6038, 40.7398 ], [ -108.6059, 40.7387 ], [ -108.6074, 40.7397 ], [ -108.6096, 40.7385 ], [ -108.611, 40.7419 ], [ -108.6113, 40.7449 ], [ -108.6138, 40.7459 ], [ -108.6156, 40.7457 ], [ -108.6165, 40.7461 ], [ -108.6173, 40.7467 ], [ -108.6176, 40.7485 ], [ -108.6186, 40.7496 ], [ -108.621, 40.7502 ], [ -108.6228, 40.7501 ], [ -108.6274, 40.7549 ], [ -108.6275, 40.7562 ], [ -108.6263, 40.7571 ], [ -108.6245, 40.7575 ], [ -108.6239, 40.7584 ], [ -108.6238, 40.7601 ], [ -108.623, 40.7611 ], [ -108.6239, 40.7623 ], [ -108.6225, 40.7633 ], [ -108.6233, 40.7641 ], [ -108.6216, 40.7656 ], [ -108.62, 40.7663 ], [ -108.6208, 40.7687 ], [ -108.6219, 40.769 ], [ -108.6225, 40.7697 ], [ -108.6204, 40.7762 ], [ -108.6221, 40.7769 ], [ -108.6257, 40.7766 ], [ -108.6245, 40.7776 ], [ -108.6246, 40.7785 ], [ -108.6267, 40.78 ], [ -108.6274, 40.7813 ], [ -108.6283, 40.7813 ], [ -108.625, 40.7827 ], [ -108.6226, 40.7853 ], [ -108.6193, 40.7858 ], [ -108.6191, 40.7872 ], [ -108.6173, 40.7883 ], [ -108.6144, 40.7877 ], [ -108.6119, 40.7896 ], [ -108.6138, 40.7918 ], [ -108.6139, 40.7933 ], [ -108.6145, 40.7942 ], [ -108.6142, 40.796 ], [ -108.6159, 40.7965 ], [ -108.6165, 40.7984 ], [ -108.6164, 40.8 ], [ -108.6149, 40.8005 ], [ -108.6135, 40.7999 ], [ -108.6121, 40.8004 ], [ -108.6108, 40.8032 ], [ -108.6114, 40.8049 ], [ -108.6112, 40.8062 ], [ -108.6119, 40.8076 ], [ -108.6115, 40.8084 ], [ -108.6081, 40.8086 ], [ -108.6073, 40.8095 ], [ -108.6041, 40.8105 ], [ -108.6027, 40.8116 ], [ -108.5864, 40.8157 ], [ -108.5828, 40.8162 ], [ -108.582, 40.8179 ], [ -108.5832, 40.8214 ], [ -108.5829, 40.8231 ], [ -108.584, 40.828 ], [ -108.5801, 40.831 ], [ -108.5802, 40.8354 ], [ -108.5777, 40.8382 ], [ -108.5786, 40.8392 ], [ -108.5752, 40.8393 ], [ -108.5717, 40.8402 ], [ -108.5688, 40.8399 ], [ -108.5648, 40.8408 ], [ -108.562, 40.8409 ], [ -108.5584, 40.8425 ], [ -108.5559, 40.8429 ], [ -108.5538, 40.8444 ], [ -108.5507, 40.8447 ], [ -108.5478, 40.8471 ], [ -108.5441, 40.8475 ], [ -108.5424, 40.8472 ], [ -108.5406, 40.8459 ], [ -108.539, 40.8456 ], [ -108.5377, 40.8446 ], [ -108.5351, 40.8439 ], [ -108.5308, 40.8419 ], [ -108.5284, 40.839 ], [ -108.5259, 40.8372 ], [ -108.5212, 40.8388 ], [ -108.5195, 40.8387 ], [ -108.5157, 40.8399 ], [ -108.5127, 40.8393 ], [ -108.5069, 40.8422 ], [ -108.5073, 40.8452 ], [ -108.5064, 40.8457 ], [ -108.506, 40.8469 ], [ -108.5065, 40.8564 ], [ -108.5056, 40.8574 ], [ -108.503, 40.8573 ], [ -108.4998, 40.8597 ], [ -108.4945, 40.8599 ], [ -108.4925, 40.8603 ], [ -108.4909, 40.8612 ], [ -108.4878, 40.8612 ], [ -108.4855, 40.8635 ], [ -108.4839, 40.8639 ], [ -108.4808, 40.8658 ], [ -108.4708, 40.8691 ], [ -108.4682, 40.8715 ], [ -108.4647, 40.8731 ], [ -108.459, 40.8775 ], [ -108.4569, 40.8803 ], [ -108.4551, 40.8818 ], [ -108.4502, 40.883 ], [ -108.4488, 40.8843 ], [ -108.4459, 40.8855 ], [ -108.4397, 40.8917 ], [ -108.4359, 40.893 ], [ -108.4249, 40.9002 ], [ -108.423, 40.9024 ], [ -108.4261, 40.9046 ], [ -108.4237, 40.9056 ], [ -108.4208, 40.9086 ], [ -108.4196, 40.9093 ], [ -108.4186, 40.9122 ], [ -108.4202, 40.9173 ], [ -108.4158, 40.9217 ], [ -108.4131, 40.9259 ], [ -108.4137, 40.9274 ], [ -108.4201, 40.9309 ], [ -108.4229, 40.9329 ], [ -108.425, 40.9351 ], [ -108.4267, 40.938 ], [ -108.4256, 40.9386 ], [ -108.4238, 40.9411 ], [ -108.4206, 40.9439 ], [ -108.4189, 40.9487 ], [ -108.416, 40.9522 ], [ -108.4152, 40.9543 ], [ -108.4152, 40.955 ], [ -108.4164, 40.9567 ], [ -108.4196, 40.9575 ], [ -108.4202, 40.9581 ], [ -108.4171, 40.9648 ], [ -108.4147, 40.9751 ], [ -108.4149, 40.9812 ], [ -108.4173, 40.9924 ], [ -108.4074, 40.9951 ], [ -108.4047, 40.997 ], [ -108.404, 41.0 ], [ -108.2506, 41.0001 ], [ -108.1812, 41.0005 ], [ -108.0465, 41.0021 ], [ -107.8518, 41.0019 ], [ -107.6256, 41.0021 ], [ -107.5006, 41.0023 ], [ -107.3674, 41.0031 ], [ -107.2185, 41.0028 ], [ -107.0006, 41.0034 ], [ -106.8587, 41.0027 ] ] ] } },
{ "type": "Feature", "properties": { "id": "110200" }, "geometry": { "type": "Polygon", "coordinates": [ [ [ -106.1531, 39.3626 ], [ -106.1517, 39.3605 ], [ -106.1485, 39.3584 ], [ -106.1472, 39.3533 ], [ -106.1473, 39.3497 ], [ -106.1449, 39.3466 ], [ -106.1444, 39.3443 ], [ -106.1434, 39.343 ], [ -106.14, 39.3394 ], [ -106.1419, 39.3374 ], [ -106.1433, 39.3344 ], [ -106.1466, 39.33 ], [ -106.1473, 39.3277 ], [ -106.1501, 39.3253 ], [ -106.1512, 39.3207 ], [ -106.1534, 39.3203 ], [ -106.1617, 39.3216 ], [ -106.1634, 39.3213 ], [ -106.1695, 39.3222 ], [ -106.1746, 39.3177 ], [ -106.1751, 39.3144 ], [ -106.1765, 39.3122 ], [ -106.1766, 39.3111 ], [ -106.1775, 39.3116 ], [ -106.1789, 39.3115 ], [ -106.1822, 39.3111 ], [ -106.1839, 39.3103 ], [ -106.1831, 39.301 ], [ -106.181, 39.2986 ], [ -106.1826, 39.2929 ], [ -106.1818, 39.2901 ], [ -106.1853, 39.2861 ], [ -106.1851, 39.283 ], [ -106.1867, 39.2794 ], [ -106.1858, 39.2758 ], [ -106.1856, 39.2728 ], [ -106.1843, 39.2692 ], [ -106.1815, 39.2654 ], [ -106.1817, 39.2635 ], [ -106.1805, 39.2611 ], [ -106.1807, 39.2589 ], [ -106.1816, 39.2571 ], [ -106.181, 39.2527 ], [ -106.1817, 39.2502 ], [ -106.181, 39.2476 ], [ -106.1853, 39.2427 ], [ -106.1832, 39.2398 ], [ -106.1767, 39.2386 ], [ -106.1722, 39.2362 ], [ -106.1702, 39.2346 ], [ -106.1687, 39.2314 ], [ -106.1687, 39.2293 ], [ -106.1699, 39.228 ], [ -106.17, 39.2249 ], [ -106.1705, 39.2236 ], [ -106.1739, 39.2209 ], [ -106.1777, 39.2192 ], [ -106.1776, 39.2166 ], [ -106.1787, 39.2131 ], [ -106.1808, 39.2111 ], [ -106.1848, 39.2091 ], [ -106.1837, 39.2071 ], [ -106.1803, 39.2032 ], [ -106.179, 39.1982 ], [ -106.18, 39.1927 ], [ -106.1818, 39.1899 ], [ -106.1854, 39.1872 ], [ -106.1853, 39.1865 ], [ -106.1829, 39.1804 ], [ -106.1785, 39.1754 ], [ -106.178, 39.1679 ], [ -106.1794, 39.1643 ], [ -106.1768, 39.1598 ], [ -106.1771, 39.1588 ], [ -106.1755, 39.156 ], [ -106.1759, 39.1528 ], [ -106.1744, 39.1504 ], [ -106.1747, 39.1466 ], [ -106.173, 39.144 ], [ -106.1748, 39.1422 ], [ -106.1729, 39.1385 ], [ -106.1799, 39.1345 ], [ -106.181, 39.1333 ], [ -106.1826, 39.1299 ], [ -106.1861, 39.1289 ], [ -106.1863, 39.1277 ], [ -106.1855, 39.1264 ], [ -106.1877, 39.1246 ], [ -106.1879, 39.1222 ], [ -106.1889, 39.1206 ], [ -106.1911, 39.1209 ], [ -106.199, 39.1165 ], [ -106.2037, 39.1164 ], [ -106.2035, 39.114 ], [ -106.2039, 39.1132 ], [ -106.2035, 39.1117 ], [ -106.2076, 39.1095 ], [ -106.2077, 39.1082 ], [ -106.2103, 39.1035 ], [ -106.21, 39.1028 ], [ -106.2085, 39.1041 ], [ -106.2035, 39.1038 ], [ -106.2013, 39.1042 ], [ -106.1963, 39.1043 ], [ -106.1951, 39.1042 ], [ -106.1927, 39.1028 ], [ -106.19, 39.1029 ], [ -106.1872, 39.1036 ], [ -106.1783, 39.1029 ], [ -106.1757, 39.0988 ], [ -106.1738, 39.0977 ], [ -106.172, 39.0955 ], [ -106.1702, 39.091 ], [ -106.1702, 39.0888 ], [ -106.1694, 39.0878 ], [ -106.1697, 39.0861 ], [ -106.1714, 39.0859 ], [ -106.1729, 39.0837 ], [ -106.1751, 39.0834 ], [ -106.1773, 39.0808 ], [ -106.1819, 39.0768 ], [ -106.1856, 39.0754 ], [ -106.1869, 39.0742 ], [ -106.1868, 39.0712 ], [ -106.1919, 39.0675 ], [ -106.1904, 39.0633 ], [ -106.1911, 39.0622 ], [ -106.1914, 39.0594 ], [ -106.1909, 39.0554 ], [ -106.1901, 39.0545 ], [ -106.1863, 39.0523 ], [ -106.1849, 39.0508 ], [ -106.1856, 39.0466 ], [ -106.1853, 39.0439 ], [ -106.1829, 39.04 ], [ -106.1835, 39.0377 ], [ -106.186, 39.0339 ], [ -106.1872, 39.0332 ], [ -106.1885, 39.0333 ], [ -106.1895, 39.0325 ], [ -106.1896, 39.0312 ], [ -106.1919, 39.0289 ], [ -106.1895, 39.0214 ], [ -106.1914, 39.0198 ], [ -106.1931, 39.0196 ], [ -106.1928, 39.0177 ], [ -106.1917, 39.0167 ], [ -106.1881, 39.0153 ], [ -106.1863, 39.0152 ], [ -106.1848, 39.0125 ], [ -106.1834, 39.0118 ], [ -106.179, 39.011 ], [ -106.177, 39.0055 ], [ -106.176, 38.9996 ], [ -106.1744, 38.9988 ], [ -106.1701, 38.9944 ], [ -106.1693, 38.993 ], [ -106.1674, 38.9929 ], [ -106.1647, 38.9935 ], [ -106.1605, 38.995 ], [ -106.1594, 38.9939 ], [ -106.1518, 38.9971 ], [ -106.1455, 38.9979 ], [ -106.1405, 38.9954 ], [ -106.1377, 38.995 ], [ -106.1326, 38.9955 ], [ -106.1313, 38.9947 ], [ -106.1269, 38.9937 ], [ -106.1223, 38.9907 ], [ -106.1165, 38.9881 ], [ -106.1133, 38.9879 ], [ -106.1117, 38.987 ], [ -106.1088, 38.9874 ], [ -106.1094, 38.9865 ], [ -106.1091, 38.9821 ], [ -106.1074, 38.9784 ], [ -106.1047, 38.9748 ], [ -106.1045, 38.9725 ], [ -106.105, 38.97 ], [ -106.1073, 38.9648 ], [ -106.1106, 38.9622 ], [ -106.1107, 38.9609 ], [ -106.112, 38.9601 ], [ -106.1112, 38.9574 ], [ -106.1137, 38.9556 ], [ -106.1135, 38.9527 ], [ -106.1121, 38.9506 ], [ -106.1125, 38.9472 ], [ -106.1134, 38.9453 ], [ -106.1127, 38.9424 ], [ -106.1137, 38.9409 ], [ -106.112, 38.9408 ], [ -106.1108, 38.9398 ], [ -106.106, 38.9408 ], [ -106.1053, 38.9401 ], [ -106.0966, 38.938 ], [ -106.0944, 38.9369 ], [ -106.0923, 38.9376 ], [ -106.0916, 38.9371 ], [ -106.0849, 38.9393 ], [ -106.0834, 38.9378 ], [ -106.0788, 38.9354 ], [ -106.0759, 38.9346 ], [ -106.0742, 38.9346 ], [ -106.0716, 38.9338 ], [ -106.0704, 38.9321 ], [ -106.0681, 38.9329 ], [ -106.0654, 38.9319 ], [ -106.0645, 38.9362 ], [ -106.0603, 38.9373 ], [ -106.0586, 38.9391 ], [ -106.0586, 38.9413 ], [ -106.0543, 38.9429 ], [ -106.0499, 38.9431 ], [ -106.046, 38.9419 ], [ -106.0442, 38.9421 ], [ -106.0404, 38.9411 ], [ -106.0369, 38.941 ], [ -106.0283, 38.943 ], [ -106.0207, 38.9346 ], [ -106.0177, 38.9344 ], [ -106.0161, 38.9337 ], [ -106.0112, 38.9284 ], [ -106.008, 38.9265 ], [ -106.0072, 38.9247 ], [ -106.0056, 38.9231 ], [ -105.999, 38.9185 ], [ -105.9997, 38.9166 ], [ -105.9987, 38.9156 ], [ -105.9951, 38.9149 ], [ -105.986, 38.9182 ], [ -105.9839, 38.9168 ], [ -105.9812, 38.9158 ], [ -105.9796, 38.9145 ], [ -105.9786, 38.9149 ], [ -105.9767, 38.9146 ], [ -105.9769, 38.9135 ], [ -105.9764, 38.9119 ], [ -105.977, 38.9108 ], [ -105.9756, 38.9099 ], [ -105.9732, 38.9099 ], [ -105.9721, 38.9088 ], [ -105.9702, 38.909 ], [ -105.9685, 38.908 ], [ -105.9672, 38.9065 ], [ -105.9658, 38.9058 ], [ -105.9678, 38.9046 ], [ -105.9694, 38.9004 ], [ -105.9714, 38.9 ], [ -105.9741, 38.8967 ], [ -105.9793, 38.8948 ], [ -105.9798, 38.892 ], [ -105.9791, 38.8894 ], [ -105.9775, 38.886 ], [ -105.9744, 38.8825 ], [ -105.9706, 38.8833 ], [ -105.9646, 38.8861 ], [ -105.9562, 38.8839 ], [ -105.9543, 38.8845 ], [ -105.9484, 38.8826 ], [ -105.9446, 38.885 ], [ -105.9416, 38.8857 ], [ -105.9394, 38.8835 ], [ -105.936, 38.8815 ], [ -105.9325, 38.8775 ], [ -105.931, 38.8747 ], [ -105.9267, 38.8741 ], [ -105.925, 38.8721 ], [ -105.9252, 38.8715 ], [ -105.9268, 38.8717 ], [ -105.9273, 38.8713 ], [ -105.9283, 38.8695 ], [ -105.9276, 38.8689 ], [ -105.9302, 38.8689 ], [ -105.931, 38.868 ], [ -105.9332, 38.8602 ], [ -105.9394, 38.8574 ], [ -105.9426, 38.8529 ], [ -105.9431, 38.8507 ], [ -105.94, 38.8487 ], [ -105.9391, 38.8464 ], [ -105.94, 38.8436 ], [ -105.9415, 38.8426 ], [ -105.9418, 38.8405 ], [ -105.9362, 38.8363 ], [ -105.9356, 38.8348 ], [ -105.9323, 38.8325 ], [ -105.9288, 38.8287 ], [ -105.9257, 38.8261 ], [ -105.9246, 38.8245 ], [ -105.9206, 38.8215 ], [ -105.9178, 38.8179 ], [ -105.9156, 38.8172 ], [ -105.9137, 38.8159 ], [ -105.9124, 38.8139 ], [ -105.9106, 38.8125 ], [ -105.9105, 38.8104 ], [ -105.9094, 38.8094 ], [ -105.907, 38.8097 ], [ -105.9032, 38.8076 ], [ -105.8992, 38.8077 ], [ -105.8965, 38.8098 ], [ -105.8913, 38.8119 ], [ -105.8884, 38.812 ], [ -105.8833, 38.8135 ], [ -105.8783, 38.8138 ], [ -105.8749, 38.8152 ], [ -105.8711, 38.8151 ], [ -105.8665, 38.816 ], [ -105.8632, 38.8153 ], [ -105.8507, 38.8151 ], [ -105.8432, 38.809 ], [ -105.837, 38.8069 ], [ -105.8366, 38.8058 ], [ -105.8371, 38.8029 ], [ -105.836, 38.8038 ], [ -105.8345, 38.804 ], [ -105.828, 38.8033 ], [ -105.8154, 38.8042 ], [ -105.8104, 38.8059 ], [ -105.8076, 38.8016 ], [ -105.8054, 38.7957 ], [ -105.8022, 38.7946 ], [ -105.7994, 38.7928 ], [ -105.7981, 38.7912 ], [ -105.7956, 38.7897 ], [ -105.7923, 38.7888 ], [ -105.7883, 38.789 ], [ -105.7857, 38.7862 ], [ -105.7855, 38.7843 ], [ -105.7836, 38.7834 ], [ -105.7801, 38.7823 ], [ -105.7747, 38.7824 ], [ -105.7712, 38.7835 ], [ -105.7653, 38.7868 ], [ -105.763, 38.786 ], [ -105.7597, 38.7811 ], [ -105.7582, 38.7801 ], [ -105.756, 38.7793 ], [ -105.7547, 38.7779 ], [ -105.7563, 38.7763 ], [ -105.7556, 38.7744 ], [ -105.7557, 38.7726 ], [ -105.7534, 38.7719 ], [ -105.7522, 38.772 ], [ -105.7461, 38.7691 ], [ -105.7447, 38.7674 ], [ -105.7431, 38.7673 ], [ -105.741, 38.7652 ], [ -105.7384, 38.7639 ], [ -105.7376, 38.7621 ], [ -105.7347, 38.7621 ], [ -105.7372, 38.7596 ], [ -105.7363, 38.7585 ], [ -105.7349, 38.7582 ], [ -105.7336, 38.7587 ], [ -105.7312, 38.7575 ], [ -105.73, 38.7581 ], [ -105.7282, 38.7579 ], [ -105.7269, 38.7587 ], [ -105.724, 38.7593 ], [ -105.7231, 38.7603 ], [ -105.7202, 38.7613 ], [ -105.7195, 38.7623 ], [ -105.7182, 38.7614 ], [ -105.7179, 38.7606 ], [ -105.7154, 38.7604 ], [ -105.7125, 38.7591 ], [ -105.712, 38.7576 ], [ -105.71, 38.7581 ], [ -105.7077, 38.7573 ], [ -105.7042, 38.7575 ], [ -105.7008, 38.755 ], [ -105.6953, 38.7531 ], [ -105.6938, 38.753 ], [ -105.6923, 38.7537 ], [ -105.6914, 38.7552 ], [ -105.6891, 38.7572 ], [ -105.6898, 38.7582 ], [ -105.6894, 38.7605 ], [ -105.6909, 38.7644 ], [ -105.6911, 38.7664 ], [ -105.6904, 38.7666 ], [ -105.6919, 38.7701 ], [ -105.6917, 38.772 ], [ -105.6907, 38.7737 ], [ -105.6909, 38.7771 ], [ -105.6894, 38.7777 ], [ -105.6876, 38.7795 ], [ -105.6849, 38.78 ], [ -105.6829, 38.7812 ], [ -105.6808, 38.7805 ], [ -105.6788, 38.7806 ], [ -105.6789, 38.7839 ], [ -105.6768, 38.7872 ], [ -105.6782, 38.7888 ], [ -105.6783, 38.79 ], [ -105.6776, 38.7913 ], [ -105.6787, 38.7927 ], [ -105.6818, 38.7953 ], [ -105.6846, 38.7953 ], [ -105.6851, 38.7977 ], [ -105.6838, 38.7984 ], [ -105.6826, 38.8011 ], [ -105.6847, 38.8075 ], [ -105.6861, 38.8097 ], [ -105.6808, 38.8086 ], [ -105.6774, 38.8104 ], [ -105.6743, 38.811 ], [ -105.6724, 38.8119 ], [ -105.6695, 38.8112 ], [ -105.6665, 38.8123 ], [ -105.6629, 38.8124 ], [ -105.6622, 38.8162 ], [ -105.6605, 38.8169 ], [ -105.6555, 38.816 ], [ -105.6539, 38.8175 ], [ -105.6529, 38.8196 ], [ -105.6535, 38.8254 ], [ -105.6513, 38.8319 ], [ -105.6479, 38.8306 ], [ -105.6448, 38.8303 ], [ -105.6438, 38.8316 ], [ -105.641, 38.8336 ], [ -105.6398, 38.8358 ], [ -105.6376, 38.8358 ], [ -105.635, 38.8371 ], [ -105.6326, 38.8403 ], [ -105.6325, 38.8427 ], [ -105.6319, 38.843 ], [ -105.6279, 38.8431 ], [ -105.6249, 38.844 ], [ -105.6223, 38.8437 ], [ -105.6183, 38.8444 ], [ -105.6146, 38.8456 ], [ -105.6039, 38.8439 ], [ -105.603, 38.8412 ], [ -105.6009, 38.8381 ], [ -105.5993, 38.837 ], [ -105.597, 38.8307 ], [ -105.595, 38.8304 ], [ -105.5929, 38.8292 ], [ -105.5873, 38.829 ], [ -105.5868, 38.8281 ], [ -105.5842, 38.8284 ], [ -105.575, 38.8273 ], [ -105.5721, 38.8281 ], [ -105.5702, 38.8281 ], [ -105.5672, 38.8292 ], [ -105.5624, 38.8294 ], [ -105.561, 38.8316 ], [ -105.558, 38.8323 ], [ -105.5553, 38.8324 ], [ -105.5526, 38.8336 ], [ -105.5511, 38.8339 ], [ -105.5458, 38.8334 ], [ -105.5447, 38.8343 ], [ -105.538, 38.8368 ], [ -105.5353, 38.8358 ], [ -105.5312, 38.8367 ], [ -105.5243, 38.8364 ], [ -105.5219, 38.837 ], [ -105.5165, 38.8364 ], [ -105.5128, 38.8374 ], [ -105.5099, 38.8369 ], [ -105.5087, 38.8357 ], [ -105.5, 38.8364 ], [ -105.4984, 38.8355 ], [ -105.4968, 38.8373 ], [ -105.493, 38.8366 ], [ -105.4919, 38.8371 ], [ -105.4892, 38.8368 ], [ -105.4874, 38.8374 ], [ -105.486, 38.8364 ], [ -105.4843, 38.8376 ], [ -105.4776, 38.8368 ], [ -105.4764, 38.8373 ], [ -105.4733, 38.8354 ], [ -105.4702, 38.8345 ], [ -105.4688, 38.8327 ], [ -105.4667, 38.8319 ], [ -105.4604, 38.8392 ], [ -105.4592, 38.8397 ], [ -105.4572, 38.8394 ], [ -105.456, 38.8406 ], [ -105.453, 38.8419 ], [ -105.4511, 38.844 ], [ -105.4471, 38.8456 ], [ -105.4433, 38.849 ], [ -105.4413, 38.8491 ], [ -105.4372, 38.8501 ], [ -105.4358, 38.8489 ], [ -105.4338, 38.849 ], [ -105.4322, 38.8496 ], [ -105.4307, 38.8509 ], [ -105.4296, 38.8509 ], [ -105.4277, 38.8497 ], [ -105.4252, 38.8504 ], [ -105.423, 38.8515 ], [ -105.4194, 38.8496 ], [ -105.4174, 38.8502 ], [ -105.415, 38.8529 ], [ -105.4157, 38.8531 ], [ -105.414, 38.8552 ], [ -105.4127, 38.8565 ], [ -105.4109, 38.8574 ], [ -105.4106, 38.8593 ], [ -105.4084, 38.8622 ], [ -105.4002, 38.8623 ], [ -105.3961, 38.8635 ], [ -105.389, 38.8615 ], [ -105.3862, 38.862 ], [ -105.3839, 38.8609 ], [ -105.384, 38.8636 ], [ -105.3824, 38.865 ], [ -105.3785, 38.8669 ], [ -105.3762, 38.8672 ], [ -105.3727, 38.8694 ], [ -105.3711, 38.8697 ], [ -105.3682, 38.8728 ], [ -105.3651, 38.8749 ], [ -105.3616, 38.875 ], [ -105.3611, 38.8765 ], [ -105.3585, 38.8778 ], [ -105.3572, 38.8804 ], [ -105.357, 38.8825 ], [ -105.3557, 38.884 ], [ -105.353, 38.8847 ], [ -105.3522, 38.8858 ], [ -105.346, 38.8856 ], [ -105.3448, 38.8869 ], [ -105.3439, 38.8871 ], [ -105.3422, 38.8869 ], [ -105.3401, 38.8856 ], [ -105.3389, 38.8844 ], [ -105.3364, 38.88 ], [ -105.3359, 38.874 ], [ -105.3347, 38.8731 ], [ -105.3319, 38.8735 ], [ -105.327, 38.8755 ], [ -105.3246, 38.8757 ], [ -105.3246, 38.8771 ], [ -105.3235, 38.8783 ], [ -105.3204, 38.8772 ], [ -105.3179, 38.8782 ], [ -105.3171, 38.8775 ], [ -105.3147, 38.8775 ], [ -105.3134, 38.8811 ], [ -105.3105, 38.8826 ], [ -105.3081, 38.8832 ], [ -105.304, 38.8818 ], [ -105.3032, 38.8805 ], [ -105.3015, 38.8791 ], [ -105.2997, 38.8747 ], [ -105.298, 38.873 ], [ -105.2972, 38.873 ], [ -105.2961, 38.874 ], [ -105.2942, 38.8738 ], [ -105.2928, 38.875 ], [ -105.2896, 38.8764 ], [ -105.2886, 38.8808 ], [ -105.2873, 38.8817 ], [ -105.2835, 38.8831 ], [ -105.2797, 38.8858 ], [ -105.2795, 38.8871 ], [ -105.2769, 38.888 ], [ -105.2754, 38.8852 ], [ -105.2738, 38.8842 ], [ -105.2718, 38.8838 ], [ -105.2632, 38.8835 ], [ -105.2593, 38.8837 ], [ -105.2572, 38.8831 ], [ -105.255, 38.8791 ], [ -105.2533, 38.8811 ], [ -105.251, 38.8796 ], [ -105.2502, 38.88 ], [ -105.249, 38.8792 ], [ -105.2476, 38.879 ], [ -105.2455, 38.8795 ], [ -105.2438, 38.8791 ], [ -105.2404, 38.8798 ], [ -105.238, 38.8809 ], [ -105.2352, 38.8831 ], [ -105.2331, 38.8829 ], [ -105.2318, 38.8819 ], [ -105.2314, 38.8805 ], [ -105.2279, 38.8824 ], [ -105.2247, 38.8811 ], [ -105.2228, 38.8812 ], [ -105.2223, 38.8816 ], [ -105.2221, 38.885 ], [ -105.2205, 38.8851 ], [ -105.2178, 38.8865 ], [ -105.2164, 38.8866 ], [ -105.2153, 38.8875 ], [ -105.2139, 38.8876 ], [ -105.2137, 38.8899 ], [ -105.2115, 38.8913 ], [ -105.2111, 38.8939 ], [ -105.2084, 38.8946 ], [ -105.2073, 38.8937 ], [ -105.2041, 38.8934 ], [ -105.2014, 38.8958 ], [ -105.1965, 38.895 ], [ -105.1941, 38.8942 ], [ -105.1927, 38.8931 ], [ -105.1888, 38.8924 ], [ -105.1877, 38.8925 ], [ -105.1871, 38.8936 ], [ -105.1852, 38.8939 ], [ -105.1841, 38.8949 ], [ -105.1825, 38.8954 ], [ -105.18, 38.8936 ], [ -105.1786, 38.8934 ], [ -105.1752, 38.8957 ], [ -105.1734, 38.8962 ], [ -105.1706, 38.8961 ], [ -105.167, 38.8986 ], [ -105.1597, 38.8999 ], [ -105.1571, 38.9013 ], [ -105.1557, 38.9013 ], [ -105.1544, 38.9012 ], [ -105.1519, 38.9 ], [ -105.1491, 38.8996 ], [ -105.1471, 38.9009 ], [ -105.144, 38.8969 ], [ -105.1426, 38.8976 ], [ -105.1408, 38.8978 ], [ -105.1391, 38.8947 ], [ -105.1381, 38.8939 ], [ -105.1354, 38.8943 ], [ -105.1335, 38.8932 ], [ -105.1302, 38.8944 ], [ -105.1292, 38.8959 ], [ -105.1266, 38.896 ], [ -105.1255, 38.898 ], [ -105.1245, 38.8988 ], [ -105.1259, 38.9015 ], [ -105.1248, 38.9063 ], [ -105.1242, 38.907 ], [ -105.1242, 38.9085 ], [ -105.1226, 38.9101 ], [ -105.1224, 38.9111 ], [ -105.1213, 38.9117 ], [ -105.119, 38.9162 ], [ -105.1149, 38.919 ], [ -105.1109, 38.9205 ], [ -105.1097, 38.9232 ], [ -105.1069, 38.9251 ], [ -105.1051, 38.9291 ], [ -105.1053, 38.9333 ], [ -105.1041, 38.9349 ], [ -105.1022, 38.9371 ], [ -105.0956, 38.9411 ], [ -105.0948, 38.9429 ], [ -105.0935, 38.944 ], [ -105.0843, 38.9454 ], [ -105.0816, 38.9483 ], [ -105.0785, 38.9498 ], [ -105.079, 38.9513 ], [ -105.0789, 38.9539 ], [ -105.0769, 38.955 ], [ -105.0763, 38.9561 ], [ -105.0773, 38.9572 ], [ -105.0796, 38.9584 ], [ -105.0803, 38.9593 ], [ -105.0801, 38.9602 ], [ -105.0791, 38.9615 ], [ -105.076, 38.9623 ], [ -105.0753, 38.963 ], [ -105.0748, 38.9644 ], [ -105.0764, 38.9661 ], [ -105.076, 38.9671 ], [ -105.0711, 38.9712 ], [ -105.0664, 38.9728 ], [ -105.0667, 38.9763 ], [ -105.064, 38.9783 ], [ -105.0669, 38.9807 ], [ -105.0677, 38.982 ], [ -105.0678, 38.9838 ], [ -105.0666, 38.9866 ], [ -105.0691, 38.9867 ], [ -105.0721, 38.9897 ], [ -105.0718, 38.9924 ], [ -105.0701, 38.993 ], [ -105.0653, 38.9935 ], [ -105.0635, 38.9946 ], [ -105.0597, 38.9955 ], [ -105.0565, 38.9976 ], [ -105.0529, 38.9977 ], [ -105.0504, 38.9982 ], [ -105.0479, 39.0004 ], [ -105.0395, 39.0011 ], [ -105.036, 39.0026 ], [ -105.0336, 39.0045 ], [ -105.0324, 39.0043 ], [ -105.0323, 39.0023 ], [ -105.0311, 39.0001 ], [ -105.0288, 38.9999 ], [ -105.0278, 38.9988 ], [ -105.0268, 38.999 ], [ -105.0252, 38.9985 ], [ -105.0234, 38.9987 ], [ -105.0199, 39.0019 ], [ -105.0155, 39.0033 ], [ -105.0158, 39.0044 ], [ -105.0147, 39.006 ], [ -105.0143, 39.0077 ], [ -105.0166, 39.0092 ], [ -105.0166, 39.0096 ], [ -105.0148, 39.0107 ], [ -105.0122, 39.0139 ], [ -105.0125, 39.0158 ], [ -105.0119, 39.0165 ], [ -105.0134, 39.017 ], [ -105.0128, 39.0179 ], [ -105.0134, 39.0188 ], [ -105.0128, 39.0191 ], [ -105.0114, 39.0232 ], [ -105.0122, 39.025 ], [ -105.0108, 39.0264 ], [ -105.0108, 39.0273 ], [ -105.0096, 39.0281 ], [ -105.0101, 39.0297 ], [ -105.0112, 39.0303 ], [ -105.012, 39.0303 ], [ -105.0125, 39.031 ], [ -105.0114, 39.0318 ], [ -105.0113, 39.0326 ], [ -105.013, 39.0352 ], [ -105.0132, 39.0368 ], [ -105.0152, 39.0369 ], [ -105.0168, 39.0383 ], [ -105.0158, 39.0397 ], [ -105.0167, 39.0407 ], [ -105.0166, 39.0419 ], [ -105.018, 39.0446 ], [ -105.0173, 39.0457 ], [ -105.0183, 39.0474 ], [ -105.0205, 39.0479 ], [ -105.02, 39.0483 ], [ -105.0203, 39.049 ], [ -105.02, 39.05 ], [ -105.0216, 39.051 ], [ -105.0215, 39.0521 ], [ -105.0202, 39.0531 ], [ -105.0204, 39.0545 ], [ -105.0184, 39.0568 ], [ -105.0193, 39.0582 ], [ -105.0212, 39.0581 ], [ -105.0211, 39.06 ], [ -105.0241, 39.0632 ], [ -105.0227, 39.0639 ], [ -105.022, 39.0654 ], [ -105.0232, 39.0667 ], [ -105.0245, 39.0669 ], [ -105.0245, 39.0696 ], [ -105.0266, 39.0731 ], [ -105.0264, 39.0747 ], [ -105.028, 39.0782 ], [ -105.0265, 39.0793 ], [ -105.0261, 39.0803 ], [ -105.0278, 39.0817 ], [ -105.0275, 39.086 ], [ -105.0282, 39.0884 ], [ -105.0268, 39.0912 ], [ -105.0273, 39.0933 ], [ -105.0231, 39.0957 ], [ -105.0225, 39.0969 ], [ -105.0207, 39.0973 ], [ -105.0213, 39.0995 ], [ -105.0224, 39.1009 ], [ -105.0237, 39.101 ], [ -105.0242, 39.1005 ], [ -105.026, 39.101 ], [ -105.0262, 39.1018 ], [ -105.0248, 39.1047 ], [ -105.0217, 39.1051 ], [ -105.0199, 39.1069 ], [ -105.02, 39.1082 ], [ -105.0192, 39.109 ], [ -105.0188, 39.1126 ], [ -105.0167, 39.1129 ], [ -105.0146, 39.1145 ], [ -105.0143, 39.1152 ], [ -105.0129, 39.1157 ], [ -105.0135, 39.1167 ], [ -105.0123, 39.1181 ], [ -105.0125, 39.1194 ], [ -105.011, 39.12 ], [ -105.0093, 39.1191 ], [ -105.0082, 39.1197 ], [ -105.0055, 39.1189 ], [ -105.0033, 39.1198 ], [ -105.0025, 39.1205 ], [ -105.0026, 39.1226 ], [ -105.0003, 39.1232 ], [ -104.9995, 39.1267 ], [ -104.9971, 39.127 ], [ -104.9948, 39.1263 ], [ -104.9916, 39.1271 ], [ -104.9904, 39.1262 ], [ -104.9898, 39.1272 ], [ -104.9881, 39.1279 ], [ -104.9857, 39.126 ], [ -104.9847, 39.1264 ], [ -104.9799, 39.1252 ], [ -104.9758, 39.1255 ], [ -104.9726, 39.1246 ], [ -104.9707, 39.1256 ], [ -104.9706, 39.1266 ], [ -104.9697, 39.1275 ], [ -104.9703, 39.1287 ], [ -104.9687, 39.1304 ], [ -104.9672, 39.1301 ], [ -104.9658, 39.1304 ], [ -104.9631, 39.1318 ], [ -104.9621, 39.1319 ], [ -104.9615, 39.1314 ], [ -104.9595, 39.1323 ], [ -104.9587, 39.132 ], [ -104.9588, 39.1303 ], [ -104.9577, 39.1296 ], [ -104.9558, 39.13 ], [ -104.9538, 39.1295 ], [ -104.9532, 39.1318 ], [ -104.9517, 39.1324 ], [ -104.9508, 39.1333 ], [ -104.9488, 39.1338 ], [ -104.9468, 39.1351 ], [ -104.946, 39.135 ], [ -104.9438, 39.1367 ], [ -104.9437, 39.1375 ], [ -104.9421, 39.1378 ], [ -104.9409, 39.1386 ], [ -104.9401, 39.1384 ], [ -104.9401, 39.1368 ], [ -104.9388, 39.1363 ], [ -104.9389, 39.1352 ], [ -104.9373, 39.1328 ], [ -104.9361, 39.1323 ], [ -104.935, 39.131 ], [ -104.9352, 39.1286 ], [ -104.9323, 39.1271 ], [ -104.9303, 39.127 ], [ -104.9298, 39.1255 ], [ -104.9244, 39.1239 ], [ -104.922, 39.1202 ], [ -104.9193, 39.1199 ], [ -104.9157, 39.1187 ], [ -104.9124, 39.12 ], [ -104.9111, 39.1196 ], [ -104.9099, 39.1204 ], [ -104.9086, 39.1205 ], [ -104.9067, 39.1218 ], [ -104.9046, 39.1214 ], [ -104.9034, 39.1219 ], [ -104.9003, 39.1215 ], [ -104.8989, 39.1223 ], [ -104.8906, 39.1241 ], [ -104.888, 39.1234 ], [ -104.8873, 39.1223 ], [ -104.8856, 39.1216 ], [ -104.8777, 39.1239 ], [ -104.8765, 39.1249 ], [ -104.8715, 39.1257 ], [ -104.8693, 39.1245 ], [ -104.8681, 39.1228 ], [ -104.8666, 39.1227 ], [ -104.8649, 39.1209 ], [ -104.8629, 39.1202 ], [ -104.859, 39.1202 ], [ -104.8576, 39.1209 ], [ -104.8541, 39.1203 ], [ -104.8508, 39.1213 ], [ -104.8506, 39.1221 ], [ -104.8487, 39.1225 ], [ -104.8446, 39.1214 ], [ -104.8417, 39.1218 ], [ -104.84, 39.1205 ], [ -104.8377, 39.1196 ], [ -104.8352, 39.1169 ], [ -104.8317, 39.1167 ], [ -104.8284, 39.1146 ], [ -104.8237, 39.1132 ], [ -104.8234, 39.1116 ], [ -104.8218, 39.1102 ], [ -104.8213, 39.1073 ], [ -104.8204, 39.1061 ], [ -104.8157, 39.1044 ], [ -104.8115, 39.1037 ], [ -104.8111, 39.1028 ], [ -104.8143, 39.099 ], [ -104.8136, 39.096 ], [ -104.8142, 39.0942 ], [ -104.8155, 39.0931 ], [ -104.8163, 39.0905 ], [ -104.8147, 39.0894 ], [ -104.8107, 39.0885 ], [ -104.8096, 39.0875 ], [ -104.8065, 39.087 ], [ -104.8032, 39.087 ], [ -104.8024, 39.0866 ], [ -104.8026, 39.0844 ], [ -104.7999, 39.0825 ], [ -104.7985, 39.0804 ], [ -104.7999, 39.0768 ], [ -104.8004, 39.0736 ], [ -104.7971, 39.0723 ], [ -104.7904, 39.072 ], [ -104.7895, 39.0725 ], [ -104.784, 39.0727 ], [ -104.7816, 39.0717 ], [ -104.7799, 39.0723 ], [ -104.7777, 39.0722 ], [ -104.7724, 39.0704 ], [ -104.7693, 39.068 ], [ -104.7665, 39.0683 ], [ -104.7658, 39.0678 ], [ -104.7646, 39.0654 ], [ -104.7639, 39.0652 ], [ -104.7614, 39.0658 ], [ -104.7592, 39.0657 ], [ -104.7572, 39.0666 ], [ -104.7539, 39.0647 ], [ -104.7526, 39.0645 ], [ -104.7494, 39.0656 ], [ -104.748, 39.0672 ], [ -104.7456, 39.0689 ], [ -104.7401, 39.0691 ], [ -104.7398, 39.0686 ], [ -104.7403, 39.0668 ], [ -104.7381, 39.065 ], [ -104.7376, 39.0641 ], [ -104.7383, 39.061 ], [ -104.7365, 39.0598 ], [ -104.7314, 39.0585 ], [ -104.7307, 39.0571 ], [ -104.7314, 39.0554 ], [ -104.7311, 39.0547 ], [ -104.7289, 39.0537 ], [ -104.7258, 39.0529 ], [ -104.7231, 39.0495 ], [ -104.7228, 39.0471 ], [ -104.7235, 39.0436 ], [ -104.7209, 39.0439 ], [ -104.7194, 39.042 ], [ -104.7165, 39.0399 ], [ -104.7144, 39.0406 ], [ -104.7128, 39.0433 ], [ -104.7092, 39.0445 ], [ -104.707, 39.0436 ], [ -104.7041, 39.0414 ], [ -104.702, 39.0409 ], [ -104.697, 39.0406 ], [ -104.6946, 39.0387 ], [ -104.6915, 39.0388 ], [ -104.6872, 39.0357 ], [ -104.6848, 39.0364 ], [ -104.6817, 39.0365 ], [ -104.6808, 39.0348 ], [ -104.6794, 39.0345 ], [ -104.6785, 39.0334 ], [ -104.6732, 39.0313 ], [ -104.6725, 39.0284 ], [ -104.6699, 39.0266 ], [ -104.6666, 39.0255 ], [ -104.664, 39.0257 ], [ -104.6628, 39.0265 ], [ -104.6607, 39.0266 ], [ -104.6602, 39.0283 ], [ -104.6568, 39.0303 ], [ -104.6542, 39.0297 ], [ -104.6523, 39.0302 ], [ -104.6518, 39.0325 ], [ -104.6492, 39.035 ], [ -104.6485, 39.0368 ], [ -104.6429, 39.0402 ], [ -104.6415, 39.0417 ], [ -104.6373, 39.0426 ], [ -104.6334, 39.0461 ], [ -104.6325, 39.0459 ], [ -104.6311, 39.0447 ], [ -104.6307, 39.0438 ], [ -104.6314, 39.0432 ], [ -104.6316, 39.0416 ], [ -104.6302, 39.0404 ], [ -104.6272, 39.0395 ], [ -104.6252, 39.0382 ], [ -104.6231, 39.0382 ], [ -104.621, 39.0389 ], [ -104.6187, 39.0383 ], [ -104.6164, 39.0399 ], [ -104.6115, 39.0412 ], [ -104.6099, 39.042 ], [ -104.607, 39.0421 ], [ -104.6058, 39.0477 ], [ -104.6044, 39.0478 ], [ -104.6023, 39.0501 ], [ -104.6003, 39.0502 ], [ -104.5982, 39.0519 ], [ -104.5972, 39.0519 ], [ -104.5961, 39.0527 ], [ -104.5913, 39.0526 ], [ -104.5858, 39.0545 ], [ -104.5853, 39.0549 ], [ -104.5851, 39.0577 ], [ -104.5824, 39.0587 ], [ -104.581, 39.0603 ], [ -104.5771, 39.0607 ], [ -104.5761, 39.0615 ], [ -104.5727, 39.0615 ], [ -104.5716, 39.0623 ], [ -104.5709, 39.064 ], [ -104.5664, 39.0654 ], [ -104.5652, 39.0665 ], [ -104.5615, 39.0664 ], [ -104.5608, 39.0671 ], [ -104.5589, 39.0672 ], [ -104.5579, 39.0686 ], [ -104.5545, 39.07 ], [ -104.5532, 39.0702 ], [ -104.5523, 39.0695 ], [ -104.5514, 39.07 ], [ -104.5512, 39.0717 ], [ -104.55, 39.0722 ], [ -104.5472, 39.0718 ], [ -104.5427, 39.0725 ], [ -104.5371, 39.0705 ], [ -104.5354, 39.0718 ], [ -104.5345, 39.0751 ], [ -104.5324, 39.0753 ], [ -104.5309, 39.0772 ], [ -104.5282, 39.0786 ], [ -104.5242, 39.0785 ], [ -104.5233, 39.077 ], [ -104.5198, 39.0748 ], [ -104.5167, 39.0778 ], [ -104.5163, 39.0779 ], [ -104.515, 39.0771 ], [ -104.5133, 39.0776 ], [ -104.5104, 39.0793 ], [ -104.5065, 39.0796 ], [ -104.5029, 39.0777 ], [ -104.5022, 39.0805 ], [ -104.4997, 39.0824 ], [ -104.4949, 39.0822 ], [ -104.4931, 39.0832 ], [ -104.4909, 39.0829 ], [ -104.4899, 39.0848 ], [ -104.4879, 39.0857 ], [ -104.4859, 39.0855 ], [ -104.4824, 39.0827 ], [ -104.4811, 39.0823 ], [ -104.4803, 39.0809 ], [ -104.4789, 39.0805 ], [ -104.4766, 39.0783 ], [ -104.4738, 39.0775 ], [ -104.4717, 39.0775 ], [ -104.4705, 39.0765 ], [ -104.4681, 39.0768 ], [ -104.4667, 39.0763 ], [ -104.4636, 39.0777 ], [ -104.4631, 39.0789 ], [ -104.459, 39.0808 ], [ -104.4583, 39.0822 ], [ -104.4548, 39.0836 ], [ -104.4537, 39.0831 ], [ -104.4522, 39.0834 ], [ -104.4506, 39.0829 ], [ -104.4489, 39.0836 ], [ -104.4453, 39.0864 ], [ -104.4454, 39.0892 ], [ -104.4438, 39.0908 ], [ -104.4419, 39.0907 ], [ -104.4381, 39.0893 ], [ -104.4354, 39.0896 ], [ -104.4334, 39.0891 ], [ -104.431, 39.0907 ], [ -104.4277, 39.0913 ], [ -104.4262, 39.0933 ], [ -104.4263, 39.0951 ], [ -104.4253, 39.0978 ], [ -104.424, 39.0991 ], [ -104.4242, 39.1011 ], [ -104.4231, 39.103 ], [ -104.4209, 39.1036 ], [ -104.42, 39.105 ], [ -104.4183, 39.1058 ], [ -104.4186, 39.1069 ], [ -104.4177, 39.1079 ], [ -104.4139, 39.1114 ], [ -104.4121, 39.1121 ], [ -104.4105, 39.1147 ], [ -104.4068, 39.1156 ], [ -104.403, 39.1148 ], [ -104.4013, 39.1137 ], [ -104.3974, 39.1138 ], [ -104.3953, 39.1126 ], [ -104.3939, 39.1136 ], [ -104.392, 39.1138 ], [ -104.3884, 39.113 ], [ -104.3854, 39.1135 ], [ -104.3833, 39.1158 ], [ -104.3809, 39.117 ], [ -104.3801, 39.118 ], [ -104.3787, 39.1178 ], [ -104.3754, 39.1192 ], [ -104.3725, 39.1194 ], [ -104.3698, 39.1203 ], [ -104.3694, 39.1209 ], [ -104.3672, 39.1217 ], [ -104.3662, 39.1208 ], [ -104.363, 39.1207 ], [ -104.3614, 39.1213 ], [ -104.3604, 39.1208 ], [ -104.3593, 39.121 ], [ -104.3572, 39.1264 ], [ -104.3524, 39.1278 ], [ -104.3502, 39.1309 ], [ -104.35, 39.1322 ], [ -104.3477, 39.1323 ], [ -104.3467, 39.134 ], [ -104.3431, 39.1353 ], [ -104.3399, 39.1353 ], [ -104.3364, 39.134 ], [ -104.3338, 39.1339 ], [ -104.3324, 39.1325 ], [ -104.3281, 39.133 ], [ -104.326, 39.1337 ], [ -104.3245, 39.1324 ], [ -104.3233, 39.1302 ], [ -104.3194, 39.1289 ], [ -104.315, 39.1242 ], [ -104.3132, 39.1243 ], [ -104.3116, 39.1236 ], [ -104.3105, 39.1238 ], [ -104.3107, 39.1229 ], [ -104.3058, 39.12 ], [ -104.3045, 39.1203 ], [ -104.3016, 39.1198 ], [ -104.2987, 39.1186 ], [ -104.2955, 39.1206 ], [ -104.2936, 39.1246 ], [ -104.2902, 39.1228 ], [ -104.2894, 39.1228 ], [ -104.2884, 39.1234 ], [ -104.2883, 39.1246 ], [ -104.2866, 39.1251 ], [ -104.2856, 39.1265 ], [ -104.2857, 39.1287 ], [ -104.2848, 39.1311 ], [ -104.2852, 39.1344 ], [ -104.2844, 39.1351 ], [ -104.2843, 39.1392 ], [ -104.2815, 39.1385 ], [ -104.28, 39.139 ], [ -104.2774, 39.1365 ], [ -104.2746, 39.1349 ], [ -104.2736, 39.1349 ], [ -104.2721, 39.1377 ], [ -104.2707, 39.1375 ], [ -104.2689, 39.1364 ], [ -104.2672, 39.1371 ], [ -104.2654, 39.137 ], [ -104.2645, 39.1385 ], [ -104.2647, 39.1396 ], [ -104.2633, 39.1399 ], [ -104.2623, 39.1407 ], [ -104.2619, 39.1436 ], [ -104.2566, 39.1441 ], [ -104.2549, 39.1447 ], [ -104.2529, 39.1442 ], [ -104.2498, 39.1443 ], [ -104.2466, 39.1464 ], [ -104.2453, 39.1465 ], [ -104.2442, 39.1491 ], [ -104.2442, 39.1505 ], [ -104.2406, 39.1501 ], [ -104.2405, 39.1514 ], [ -104.2365, 39.1521 ], [ -104.2354, 39.1545 ], [ -104.2331, 39.1559 ], [ -104.2318, 39.1578 ], [ -104.2303, 39.1586 ], [ -104.2291, 39.161 ], [ -104.2278, 39.1609 ], [ -104.2266, 39.16 ], [ -104.2265, 39.1576 ], [ -104.2257, 39.157 ], [ -104.2237, 39.1567 ], [ -104.217, 39.1535 ], [ -104.2133, 39.1555 ], [ -104.2119, 39.1556 ], [ -104.2079, 39.1546 ], [ -104.2047, 39.1517 ], [ -104.2014, 39.1513 ], [ -104.2007, 39.1515 ], [ -104.2005, 39.1547 ], [ -104.1975, 39.1524 ], [ -104.1962, 39.1529 ], [ -104.194, 39.1548 ], [ -104.1927, 39.1547 ], [ -104.19, 39.1554 ], [ -104.1873, 39.155 ], [ -104.1831, 39.1558 ], [ -104.1783, 39.1533 ], [ -104.1775, 39.1534 ], [ -104.1768, 39.1543 ], [ -104.1746, 39.1548 ], [ -104.1717, 39.1531 ], [ -104.1689, 39.1522 ], [ -104.1671, 39.1531 ], [ -104.1656, 39.1523 ], [ -104.1644, 39.1532 ], [ -104.1631, 39.1528 ], [ -104.16, 39.1544 ], [ -104.1586, 39.1564 ], [ -104.1562, 39.1583 ], [ -104.1549, 39.1585 ], [ -104.1524, 39.1604 ], [ -104.1515, 39.1597 ], [ -104.1481, 39.1592 ], [ -104.1449, 39.1597 ], [ -104.1427, 39.1614 ], [ -104.1415, 39.1638 ], [ -104.1401, 39.1644 ], [ -104.1387, 39.1662 ], [ -104.1389, 39.1685 ], [ -104.1384, 39.169 ], [ -104.137, 39.1696 ], [ -104.1321, 39.1699 ], [ -104.1315, 39.1692 ], [ -104.1291, 39.1696 ], [ -104.1287, 39.1711 ], [ -104.1275, 39.1721 ], [ -104.1274, 39.1743 ], [ -104.1238, 39.1742 ], [ -104.1217, 39.1769 ], [ -104.1206, 39.1773 ], [ -104.1202, 39.1791 ], [ -104.1191, 39.18 ], [ -104.1169, 39.1807 ], [ -104.1152, 39.1807 ], [ -104.1136, 39.1821 ], [ -104.1112, 39.1812 ], [ -104.1094, 39.1831 ], [ -104.1052, 39.1843 ], [ -104.1027, 39.1859 ], [ -104.1009, 39.1854 ], [ -104.1002, 39.1859 ], [ -104.0982, 39.186 ], [ -104.0972, 39.1867 ], [ -104.0953, 39.185 ], [ -104.0934, 39.1845 ], [ -104.0865, 39.1858 ], [ -104.086, 39.1865 ], [ -104.0847, 39.1865 ], [ -104.0837, 39.1873 ], [ -104.0815, 39.1894 ], [ -104.0812, 39.1904 ], [ -104.0791, 39.19 ], [ -104.0768, 39.1907 ], [ -104.0771, 39.1923 ], [ -104.0767, 39.197 ], [ -104.0774, 39.2013 ], [ -104.0769, 39.2028 ], [ -104.0761, 39.2035 ], [ -104.0761, 39.2054 ], [ -104.0754, 39.2066 ], [ -104.0725, 39.2088 ], [ -104.068, 39.2084 ], [ -104.0659, 39.2088 ], [ -104.0635, 39.2064 ], [ -104.0609, 39.2057 ], [ -104.0576, 39.2063 ], [ -104.057, 39.2083 ], [ -104.0519, 39.2046 ], [ -104.0468, 39.2021 ], [ -104.0463, 39.2021 ], [ -104.0459, 39.2033 ], [ -104.0443, 39.2035 ], [ -104.0423, 39.2024 ], [ -104.0388, 39.204 ], [ -104.039, 39.2063 ], [ -104.0381, 39.2068 ], [ -104.0356, 39.2061 ], [ -104.0346, 39.2062 ], [ -104.0329, 39.2054 ], [ -104.0298, 39.2066 ], [ -104.0279, 39.2063 ], [ -104.0263, 39.2091 ], [ -104.0253, 39.2097 ], [ -104.0252, 39.211 ], [ -104.021, 39.2109 ], [ -104.0207, 39.2124 ], [ -104.0177, 39.2124 ], [ -104.0158, 39.2137 ], [ -104.0151, 39.2152 ], [ -104.0108, 39.2162 ], [ -104.0095, 39.2171 ], [ -104.009, 39.2205 ], [ -104.0061, 39.2206 ], [ -104.0046, 39.2227 ], [ -104.0023, 39.2227 ], [ -103.9995, 39.2257 ], [ -103.9998, 39.2284 ], [ -103.9986, 39.2292 ], [ -103.9969, 39.2325 ], [ -103.9924, 39.233 ], [ -103.9893, 39.2329 ], [ -103.9894, 39.235 ], [ -103.9883, 39.2383 ], [ -103.9845, 39.2425 ], [ -103.9823, 39.2473 ], [ -103.9812, 39.2484 ], [ -103.9794, 39.2483 ], [ -103.9781, 39.2487 ], [ -103.9784, 39.2509 ], [ -103.9763, 39.2538 ], [ -103.9772, 39.2553 ], [ -103.9774, 39.2604 ], [ -103.9755, 39.262 ], [ -103.9757, 39.2646 ], [ -103.9719, 39.2698 ], [ -103.9727, 39.2724 ], [ -103.9718, 39.2746 ], [ -103.9757, 39.2797 ], [ -103.9765, 39.2859 ], [ -103.9738, 39.2868 ], [ -103.9737, 39.2903 ], [ -103.9714, 39.2934 ], [ -103.9706, 39.2962 ], [ -103.9689, 39.2951 ], [ -103.967, 39.2946 ], [ -103.962, 39.2975 ], [ -103.9612, 39.2991 ], [ -103.954, 39.2992 ], [ -103.9512, 39.3002 ], [ -103.9455, 39.3006 ], [ -103.9397, 39.2996 ], [ -103.9337, 39.3019 ], [ -103.9308, 39.3041 ], [ -103.928, 39.3039 ], [ -103.9245, 39.3026 ], [ -103.9213, 39.303 ], [ -103.9205, 39.3042 ], [ -103.9182, 39.3048 ], [ -103.9172, 39.3074 ], [ -103.9148, 39.3092 ], [ -103.9115, 39.3082 ], [ -103.9089, 39.3084 ], [ -103.9077, 39.3103 ], [ -103.9077, 39.3126 ], [ -103.9067, 39.314 ], [ -103.9034, 39.314 ], [ -103.9013, 39.3129 ], [ -103.8986, 39.3142 ], [ -103.8976, 39.3157 ], [ -103.8979, 39.3197 ], [ -103.895, 39.3213 ], [ -103.8925, 39.3212 ], [ -103.8891, 39.319 ], [ -103.8851, 39.3185 ], [ -103.8791, 39.3164 ], [ -103.8764, 39.3163 ], [ -103.8746, 39.3169 ], [ -103.8736, 39.3178 ], [ -103.873, 39.3232 ], [ -103.8735, 39.3254 ], [ -103.87, 39.3264 ], [ -103.8691, 39.327 ], [ -103.8693, 39.3315 ], [ -103.8703, 39.3352 ], [ -103.8693, 39.3365 ], [ -103.8674, 39.3373 ], [ -103.8689, 39.3409 ], [ -103.8689, 39.3422 ], [ -103.8661, 39.346 ], [ -103.8656, 39.348 ], [ -103.866, 39.3502 ], [ -103.8639, 39.3491 ], [ -103.8619, 39.3488 ], [ -103.8604, 39.3503 ], [ -103.8596, 39.3502 ], [ -103.8567, 39.3521 ], [ -103.8564, 39.3529 ], [ -103.8524, 39.3545 ], [ -103.8519, 39.3551 ], [ -103.8522, 39.3586 ], [ -103.8477, 39.358 ], [ -103.847, 39.3588 ], [ -103.8456, 39.3582 ], [ -103.8402, 39.3593 ], [ -103.8395, 39.3623 ], [ -103.8363, 39.3613 ], [ -103.8354, 39.3594 ], [ -103.8294, 39.357 ], [ -103.8283, 39.358 ], [ -103.8281, 39.3599 ], [ -103.8276, 39.3604 ], [ -103.8213, 39.3625 ], [ -103.8199, 39.3623 ], [ -103.8181, 39.3614 ], [ -103.8168, 39.3586 ], [ -103.8159, 39.3586 ], [ -103.8136, 39.3614 ], [ -103.813, 39.3643 ], [ -103.8117, 39.3662 ], [ -103.8079, 39.3658 ], [ -103.8068, 39.3677 ], [ -103.8053, 39.3667 ], [ -103.8047, 39.3669 ], [ -103.8002, 39.3712 ], [ -103.7971, 39.3704 ], [ -103.7939, 39.3706 ], [ -103.7921, 39.372 ], [ -103.786, 39.3725 ], [ -103.7842, 39.3722 ], [ -103.7828, 39.3715 ], [ -103.7803, 39.3713 ], [ -103.771, 39.3726 ], [ -103.764, 39.3685 ], [ -103.7607, 39.3677 ], [ -103.7541, 39.3602 ], [ -103.7447, 39.3591 ], [ -103.7416, 39.3593 ], [ -103.74, 39.3603 ], [ -103.7378, 39.3596 ], [ -103.7368, 39.361 ], [ -103.7355, 39.3614 ], [ -103.7349, 39.3623 ], [ -103.7292, 39.3639 ], [ -103.7275, 39.3663 ], [ -103.726, 39.3666 ], [ -103.7241, 39.3663 ], [ -103.7232, 39.3676 ], [ -103.7209, 39.3678 ], [ -103.7188, 39.3674 ], [ -103.7179, 39.3691 ], [ -103.7141, 39.3694 ], [ -103.7118, 39.3704 ], [ -103.7111, 39.3716 ], [ -103.7065, 39.3726 ], [ -103.7055, 39.3725 ], [ -103.7037, 39.3733 ], [ -103.6989, 39.3709 ], [ -103.6978, 39.3721 ], [ -103.6988, 39.3739 ], [ -103.6984, 39.3744 ], [ -103.6948, 39.3745 ], [ -103.694, 39.3732 ], [ -103.6922, 39.3722 ], [ -103.6906, 39.3725 ], [ -103.6892, 39.3717 ], [ -103.6862, 39.3723 ], [ -103.6851, 39.3721 ], [ -103.6826, 39.3694 ], [ -103.6786, 39.3674 ], [ -103.6767, 39.3653 ], [ -103.6722, 39.3638 ], [ -103.6707, 39.3625 ], [ -103.6613, 39.3613 ], [ -103.6584, 39.3597 ], [ -103.6564, 39.3576 ], [ -103.6533, 39.3565 ], [ -103.651, 39.3551 ], [ -103.6472, 39.3534 ], [ -103.6439, 39.353 ], [ -103.6401, 39.3511 ], [ -103.6386, 39.3511 ], [ -103.6374, 39.3493 ], [ -103.6345, 39.3405 ], [ -103.6326, 39.3392 ], [ -103.6313, 39.339 ], [ -103.6277, 39.3361 ], [ -103.6253, 39.3363 ], [ -103.623, 39.3346 ], [ -103.6217, 39.3343 ], [ -103.6199, 39.3349 ], [ -103.6186, 39.3362 ], [ -103.6158, 39.3343 ], [ -103.6151, 39.3333 ], [ -103.6139, 39.3233 ], [ -103.6105, 39.3185 ], [ -103.6077, 39.3187 ], [ -103.6068, 39.3182 ], [ -103.6069, 39.3146 ], [ -103.6055, 39.3089 ], [ -103.6028, 39.3031 ], [ -103.601, 39.3022 ], [ -103.5949, 39.3022 ], [ -103.5813, 39.294 ], [ -103.5676, 39.2886 ], [ -103.5602, 39.284 ], [ -103.5596, 39.2825 ], [ -103.5603, 39.2791 ], [ -103.5578, 39.2764 ], [ -103.5543, 39.2758 ], [ -103.5535, 39.2753 ], [ -103.5504, 39.2755 ], [ -103.5483, 39.2758 ], [ -103.5444, 39.2779 ], [ -103.5428, 39.278 ], [ -103.5382, 39.2762 ], [ -103.5362, 39.2746 ], [ -103.535, 39.2746 ], [ -103.5288, 39.2772 ], [ -103.5261, 39.2743 ], [ -103.5251, 39.2758 ], [ -103.5242, 39.276 ], [ -103.5231, 39.2757 ], [ -103.5221, 39.2744 ], [ -103.5211, 39.2741 ], [ -103.5193, 39.2745 ], [ -103.5189, 39.277 ], [ -103.5116, 39.2777 ], [ -103.508, 39.2744 ], [ -103.5015, 39.273 ], [ -103.4989, 39.2714 ], [ -103.498, 39.2699 ], [ -103.4882, 39.2696 ], [ -103.4868, 39.2684 ], [ -103.484, 39.2679 ], [ -103.4792, 39.2656 ], [ -103.475, 39.2627 ], [ -103.469, 39.2617 ], [ -103.4676, 39.2606 ], [ -103.4667, 39.2592 ], [ -103.4641, 39.2579 ], [ -103.4629, 39.2567 ], [ -103.4591, 39.2561 ], [ -103.4503, 39.2461 ], [ -103.4476, 39.2411 ], [ -103.4462, 39.2398 ], [ -103.4449, 39.2404 ], [ -103.4449, 39.2412 ], [ -103.4433, 39.2415 ], [ -103.4402, 39.2411 ], [ -103.4388, 39.2404 ], [ -103.4369, 39.2422 ], [ -103.4339, 39.2429 ], [ -103.4315, 39.242 ], [ -103.4291, 39.2417 ], [ -103.4251, 39.2401 ], [ -103.4234, 39.2404 ], [ -103.4223, 39.2423 ], [ -103.4188, 39.2416 ], [ -103.4177, 39.242 ], [ -103.4161, 39.2418 ], [ -103.414, 39.2411 ], [ -103.4118, 39.2399 ], [ -103.4105, 39.238 ], [ -103.4074, 39.2371 ], [ -103.4041, 39.2345 ], [ -103.4033, 39.2332 ], [ -103.4007, 39.2239 ], [ -103.3988, 39.2214 ], [ -103.3975, 39.2206 ], [ -103.3922, 39.22 ], [ -103.3914, 39.2196 ], [ -103.3902, 39.2182 ], [ -103.3893, 39.2149 ], [ -103.383, 39.2161 ], [ -103.377, 39.2155 ], [ -103.3752, 39.2157 ], [ -103.3721, 39.2143 ], [ -103.3694, 39.214 ], [ -103.3663, 39.2112 ], [ -103.3651, 39.2109 ], [ -103.3648, 39.2112 ], [ -103.3651, 39.2156 ], [ -103.3583, 39.2175 ], [ -103.3556, 39.2177 ], [ -103.3543, 39.217 ], [ -103.3507, 39.2176 ], [ -103.3515, 39.2145 ], [ -103.3445, 39.1977 ], [ -103.341, 39.1935 ], [ -103.3413, 39.1901 ], [ -103.3399, 39.1862 ], [ -103.3361, 39.1831 ], [ -103.3349, 39.1789 ], [ -103.3327, 39.1764 ], [ -103.3312, 39.1759 ], [ -103.3302, 39.1746 ], [ -103.3253, 39.1745 ], [ -103.3217, 39.1731 ], [ -103.3125, 39.167 ], [ -103.3123, 39.1651 ], [ -103.3136, 39.1638 ], [ -103.3139, 39.1609 ], [ -103.3149, 39.1583 ], [ -103.3171, 39.1554 ], [ -103.3173, 39.1525 ], [ -103.315, 39.1508 ], [ -103.3156, 39.1469 ], [ -103.3129, 39.1458 ], [ -103.3111, 39.1439 ], [ -103.3086, 39.1428 ], [ -103.3079, 39.1406 ], [ -103.3081, 39.1382 ], [ -103.3068, 39.1368 ], [ -103.3046, 39.132 ], [ -103.2986, 39.1265 ], [ -103.2955, 39.1257 ], [ -103.2926, 39.126 ], [ -103.2907, 39.1266 ], [ -103.2898, 39.1275 ], [ -103.2815, 39.1249 ], [ -103.2805, 39.1227 ], [ -103.2764, 39.1211 ], [ -103.2706, 39.117 ], [ -103.269, 39.1167 ], [ -103.2649, 39.1181 ], [ -103.2635, 39.1152 ], [ -103.2603, 39.1123 ], [ -103.2592, 39.1085 ], [ -103.2595, 39.1076 ], [ -103.2589, 39.1074 ], [ -103.2592, 39.1059 ], [ -103.2586, 39.1048 ], [ -103.2569, 39.104 ], [ -103.2547, 39.0996 ], [ -103.2505, 39.0942 ], [ -103.2493, 39.0867 ], [ -103.2461, 39.0803 ], [ -103.2422, 39.0787 ], [ -103.2404, 39.0786 ], [ -103.2371, 39.0753 ], [ -103.234, 39.0746 ], [ -103.2324, 39.0731 ], [ -103.2293, 39.0739 ], [ -103.2267, 39.0759 ], [ -103.2252, 39.0747 ], [ -103.2247, 39.0775 ], [ -103.2238, 39.0781 ], [ -103.2207, 39.0785 ], [ -103.2151, 39.0781 ], [ -103.2131, 39.0771 ], [ -103.2095, 39.0741 ], [ -103.2097, 39.0726 ], [ -103.2074, 39.069 ], [ -103.2015, 39.0653 ], [ -103.2002, 39.062 ], [ -103.1972, 39.0584 ], [ -103.1737, 39.0533 ], [ -103.1722, 39.0536 ], [ -103.1603, 39.0599 ], [ -103.1591, 39.0599 ], [ -103.1588, 39.0593 ], [ -103.1579, 39.0592 ], [ -103.1548, 39.0597 ], [ -103.1531, 39.0605 ], [ -103.1525, 39.0592 ], [ -103.1462, 39.0554 ], [ -103.1419, 39.0548 ], [ -103.1387, 39.0525 ], [ -103.1362, 39.0494 ], [ -103.132, 39.042 ], [ -103.129, 39.0385 ], [ -103.1258, 39.0402 ], [ -103.1243, 39.0424 ], [ -103.1197, 39.0443 ], [ -103.1181, 39.0466 ], [ -103.1122, 39.0478 ], [ -103.11, 39.0525 ], [ -103.1091, 39.0534 ], [ -103.1049, 39.053 ], [ -103.1009, 39.0542 ], [ -103.0935, 39.0541 ], [ -103.0895, 39.0557 ], [ -103.0897, 39.0538 ], [ -103.0876, 39.0506 ], [ -103.0874, 39.0475 ], [ -103.0861, 39.046 ], [ -103.0847, 39.042 ], [ -103.0822, 39.0407 ], [ -103.0812, 39.0393 ], [ -103.0803, 39.0401 ], [ -103.0786, 39.0398 ], [ -103.0749, 39.0367 ], [ -103.0714, 39.0326 ], [ -103.0665, 39.032 ], [ -103.0652, 39.033 ], [ -103.0636, 39.0332 ], [ -103.0613, 39.0319 ], [ -103.0588, 39.032 ], [ -103.0574, 39.0332 ], [ -103.0548, 39.0342 ], [ -103.0534, 39.034 ], [ -103.0528, 39.0326 ], [ -103.0469, 39.0344 ], [ -103.0418, 39.0371 ], [ -103.0401, 39.0353 ], [ -103.0387, 39.0359 ], [ -103.0337, 39.0349 ], [ -103.0302, 39.0365 ], [ -103.0288, 39.0356 ], [ -103.0254, 39.0351 ], [ -103.022, 39.0336 ], [ -103.021, 39.0359 ], [ -103.0184, 39.037 ], [ -103.0173, 39.0382 ], [ -103.0139, 39.0372 ], [ -103.0132, 39.0381 ], [ -103.0119, 39.0383 ], [ -103.0103, 39.0377 ], [ -103.0076, 39.0393 ], [ -103.0056, 39.0395 ], [ -103.0031, 39.038 ], [ -102.9998, 39.0378 ], [ -102.9947, 39.0414 ], [ -102.993, 39.0416 ], [ -102.9893, 39.0398 ], [ -102.9858, 39.0375 ], [ -102.9842, 39.0358 ], [ -102.9828, 39.0357 ], [ -102.9803, 39.0364 ], [ -102.9785, 39.0362 ], [ -102.9761, 39.0375 ], [ -102.9718, 39.0376 ], [ -102.971, 39.0375 ], [ -102.9686, 39.0351 ], [ -102.9658, 39.0347 ], [ -102.9613, 39.0397 ], [ -102.9594, 39.0436 ], [ -102.9579, 39.0432 ], [ -102.9564, 39.0445 ], [ -102.9561, 39.0456 ], [ -102.9526, 39.0474 ], [ -102.9488, 39.0479 ], [ -102.9479, 39.0493 ], [ -102.9462, 39.0497 ], [ -102.9451, 39.0491 ], [ -102.9413, 39.0448 ], [ -102.9384, 39.043 ], [ -102.9376, 39.0401 ], [ -102.935, 39.0372 ], [ -102.9335, 39.0362 ], [ -102.9316, 39.0361 ], [ -102.9303, 39.0343 ], [ -102.9294, 39.0338 ], [ -102.9272, 39.0366 ], [ -102.923, 39.0377 ], [ -102.9214, 39.0349 ], [ -102.9186, 39.0319 ], [ -102.9139, 39.0325 ], [ -102.9119, 39.0352 ], [ -102.9101, 39.0359 ], [ -102.9086, 39.0399 ], [ -102.907, 39.0403 ], [ -102.9049, 39.0396 ], [ -102.9011, 39.0419 ], [ -102.9, 39.0431 ], [ -102.8974, 39.0415 ], [ -102.8954, 39.0413 ], [ -102.8938, 39.0396 ], [ -102.8899, 39.0413 ], [ -102.8891, 39.0412 ], [ -102.8887, 39.04 ], [ -102.8853, 39.0415 ], [ -102.8771, 39.0386 ], [ -102.8752, 39.0373 ], [ -102.8742, 39.0359 ], [ -102.8724, 39.0317 ], [ -102.8722, 39.0293 ], [ -102.8713, 39.0286 ], [ -102.8655, 39.0354 ], [ -102.8624, 39.0369 ], [ -102.8589, 39.0374 ], [ -102.8565, 39.0362 ], [ -102.8543, 39.0365 ], [ -102.8512, 39.035 ], [ -102.8481, 39.0353 ], [ -102.8437, 39.0342 ], [ -102.8424, 39.0342 ], [ -102.8342, 39.0391 ], [ -102.8309, 39.0417 ], [ -102.8297, 39.0439 ], [ -102.8284, 39.0447 ], [ -102.826, 39.0451 ], [ -102.8214, 39.0435 ], [ -102.8132, 39.043 ], [ -102.8112, 39.0413 ], [ -102.8103, 39.0398 ], [ -102.8113, 39.0365 ], [ -102.8111, 39.0349 ], [ -102.8069, 39.0318 ], [ -102.806, 39.0296 ], [ -102.8039, 39.0302 ], [ -102.8019, 39.0285 ], [ -102.7986, 39.028 ], [ -102.7971, 39.0271 ], [ -102.7935, 39.0263 ], [ -102.7926, 39.0256 ], [ -102.7924, 39.0237 ], [ -102.7889, 39.0219 ], [ -102.7836, 39.0161 ], [ -102.7818, 39.0164 ], [ -102.7796, 39.0161 ], [ -102.7765, 39.0142 ], [ -102.7731, 39.0128 ], [ -102.7703, 39.0108 ], [ -102.7595, 39.0111 ], [ -102.7548, 39.0094 ], [ -102.7533, 39.0082 ], [ -102.7515, 39.0052 ], [ -102.7474, 39.0034 ], [ -102.7447, 39.0006 ], [ -102.7428, 38.9978 ], [ -102.7408, 38.9966 ], [ -102.7396, 38.9976 ], [ -102.7359, 38.9986 ], [ -102.7337, 38.9986 ], [ -102.7281, 38.9994 ], [ -102.723, 38.9972 ], [ -102.7183, 38.9979 ], [ -102.7123, 38.9973 ], [ -102.7072, 38.9944 ], [ -102.7051, 38.9943 ], [ -102.7019, 38.9927 ], [ -102.7006, 38.9925 ], [ -102.6963, 38.9935 ], [ -102.6954, 38.9931 ], [ -102.6943, 38.9917 ], [ -102.6898, 38.9944 ], [ -102.6877, 38.9949 ], [ -102.6863, 38.9929 ], [ -102.6845, 38.9884 ], [ -102.6814, 38.9856 ], [ -102.6789, 38.9816 ], [ -102.6768, 38.9796 ], [ -102.6769, 38.9742 ], [ -102.6765, 38.9728 ], [ -102.6755, 38.9719 ], [ -102.6728, 38.9728 ], [ -102.6653, 38.973 ], [ -102.6596, 38.9697 ], [ -102.6564, 38.969 ], [ -102.6544, 38.9693 ], [ -102.6482, 38.9721 ], [ -102.6468, 38.9722 ], [ -102.6459, 38.9697 ], [ -102.6417, 38.9711 ], [ -102.639, 38.9713 ], [ -102.6377, 38.9708 ], [ -102.634, 38.9674 ], [ -102.6309, 38.9658 ], [ -102.6294, 38.9681 ], [ -102.6275, 38.9693 ], [ -102.628, 38.9704 ], [ -102.6278, 38.9718 ], [ -102.6229, 38.9725 ], [ -102.6215, 38.9739 ], [ -102.6211, 38.9755 ], [ -102.6203, 38.976 ], [ -102.6183, 38.9754 ], [ -102.6164, 38.9692 ], [ -102.6132, 38.9665 ], [ -102.6125, 38.9631 ], [ -102.6039, 38.9618 ], [ -102.5986, 38.962 ], [ -102.5971, 38.9523 ], [ -102.5924, 38.9527 ], [ -102.5899, 38.9522 ], [ -102.5872, 38.9469 ], [ -102.5844, 38.9457 ], [ -102.5822, 38.9414 ], [ -102.5787, 38.9392 ], [ -102.576, 38.9363 ], [ -102.575, 38.9324 ], [ -102.5643, 38.9334 ], [ -102.56, 38.9316 ], [ -102.5573, 38.9296 ], [ -102.5557, 38.9277 ], [ -102.554, 38.9244 ], [ -102.5499, 38.9192 ], [ -102.5487, 38.9159 ], [ -102.5452, 38.9159 ], [ -102.5435, 38.9173 ], [ -102.5427, 38.9173 ], [ -102.5376, 38.9138 ], [ -102.5346, 38.9104 ], [ -102.5346, 38.9086 ], [ -102.5337, 38.9072 ], [ -102.5342, 38.9043 ], [ -102.5385, 38.9024 ], [ -102.5405, 38.8977 ], [ -102.5436, 38.8952 ], [ -102.544, 38.8912 ], [ -102.5418, 38.8825 ], [ -102.542, 38.881 ], [ -102.5432, 38.8787 ], [ -102.5492, 38.8725 ], [ -102.5447, 38.8672 ], [ -102.5416, 38.8593 ], [ -102.5414, 38.845 ], [ -102.5421, 38.8429 ], [ -102.54, 38.8392 ], [ -102.5399, 38.8367 ], [ -102.54, 38.8355 ], [ -102.5439, 38.8309 ], [ -102.5448, 38.8278 ], [ -102.5421, 38.8216 ], [ -102.5445, 38.8182 ], [ -102.5486, 38.8147 ], [ -102.5485, 38.813 ], [ -102.5495, 38.8119 ], [ -102.5497, 38.8096 ], [ -102.5485, 38.8044 ], [ -102.5497, 38.8012 ], [ -102.5479, 38.7985 ], [ -102.5475, 38.7964 ], [ -102.5492, 38.7955 ], [ -102.5503, 38.791 ], [ -102.5543, 38.7874 ], [ -102.5558, 38.7874 ], [ -102.5573, 38.7881 ], [ -102.5592, 38.7875 ], [ -102.5604, 38.784 ], [ -102.5623, 38.783 ], [ -102.5617, 38.771 ], [ -102.5599, 38.769 ], [ -102.5573, 38.768 ], [ -102.557, 38.7672 ], [ -102.5539, 38.765 ], [ -102.5514, 38.7623 ], [ -102.5453, 38.7517 ], [ -102.5452, 38.7503 ], [ -102.5466, 38.7495 ], [ -102.545, 38.7494 ], [ -102.5415, 38.7469 ], [ -102.5398, 38.7449 ], [ -102.5386, 38.7405 ], [ -102.5353, 38.7399 ], [ -102.5327, 38.7383 ], [ -102.5312, 38.7353 ], [ -102.5293, 38.7335 ], [ -102.528, 38.7271 ], [ -102.5245, 38.7235 ], [ -102.5217, 38.7195 ], [ -102.5192, 38.7183 ], [ -102.5158, 38.7176 ], [ -102.4992, 38.7148 ], [ -102.4923, 38.7125 ], [ -102.4905, 38.7076 ], [ -102.4862, 38.703 ], [ -102.4833, 38.6988 ], [ -102.4816, 38.6889 ], [ -102.4806, 38.6872 ], [ -102.467, 38.6816 ], [ -102.465, 38.6802 ], [ -102.4634, 38.6777 ], [ -102.46, 38.6671 ], [ -102.4584, 38.6657 ], [ -102.4564, 38.6651 ], [ -102.4542, 38.6633 ], [ -102.4515, 38.6625 ], [ -102.4495, 38.6607 ], [ -102.4445, 38.6589 ], [ -102.4442, 38.6582 ], [ -102.4355, 38.6549 ], [ -102.4358, 38.6527 ], [ -102.433, 38.6508 ], [ -102.4301, 38.6475 ], [ -102.4282, 38.6411 ], [ -102.4255, 38.6373 ], [ -102.4242, 38.6316 ], [ -102.4201, 38.6262 ], [ -102.4168, 38.619 ], [ -102.4107, 38.6107 ], [ -102.4073, 38.604 ], [ -102.4064, 38.6034 ], [ -102.4033, 38.6026 ], [ -102.3986, 38.5969 ], [ -102.395, 38.5941 ], [ -102.3934, 38.5919 ], [ -102.3928, 38.5875 ], [ -102.3949, 38.5843 ], [ -102.3982, 38.5825 ], [ -102.3981, 38.58 ], [ -102.3904, 38.5776 ], [ -102.3856, 38.5774 ], [ -102.3837, 38.5766 ], [ -102.3797, 38.572 ], [ -102.3689, 38.5629 ], [ -102.3675, 38.5611 ], [ -102.367, 38.5581 ], [ -102.3665, 38.5576 ], [ -102.3635, 38.5564 ], [ -102.3521, 38.5465 ], [ -102.3462, 38.5431 ], [ -102.3424, 38.5427 ], [ -102.3412, 38.5415 ], [ -102.3381, 38.5352 ], [ -102.338, 38.533 ], [ -102.3392, 38.5267 ], [ -102.3373, 38.5238 ], [ -102.3295, 38.5195 ], [ -102.3258, 38.5169 ], [ -102.3227, 38.5122 ], [ -102.3217, 38.5091 ], [ -102.3214, 38.5056 ], [ -102.3216, 38.5042 ], [ -102.3231, 38.5012 ], [ -102.3231, 38.4999 ], [ -102.3111, 38.4832 ], [ -102.309, 38.4792 ], [ -102.3088, 38.4767 ], [ -102.31, 38.4739 ], [ -102.3166, 38.4684 ], [ -102.3185, 38.4662 ], [ -102.3201, 38.4616 ], [ -102.3191, 38.4535 ], [ -102.3191, 38.4493 ], [ -102.3199, 38.4474 ], [ -102.3218, 38.4451 ], [ -102.3287, 38.4406 ], [ -102.3348, 38.4323 ], [ -102.3392, 38.4291 ], [ -102.3359, 38.4192 ], [ -102.3355, 38.4124 ], [ -102.3372, 38.4073 ], [ -102.3378, 38.4003 ], [ -102.3373, 38.396 ], [ -102.3356, 38.3924 ], [ -102.3332, 38.3901 ], [ -102.3203, 38.3812 ], [ -102.3086, 38.3698 ], [ -102.3075, 38.3692 ], [ -102.2947, 38.3693 ], [ -102.2924, 38.3694 ], [ -102.2897, 38.3703 ], [ -102.278, 38.375 ], [ -102.2742, 38.3755 ], [ -102.2658, 38.3746 ], [ -102.2516, 38.3744 ], [ -102.2463, 38.3752 ], [ -102.2426, 38.3766 ], [ -102.2382, 38.3773 ], [ -102.2314, 38.3777 ], [ -102.2201, 38.3773 ], [ -102.215, 38.3793 ], [ -102.1975, 38.3781 ], [ -102.1952, 38.3783 ], [ -102.1928, 38.3795 ], [ -102.1872, 38.3856 ], [ -102.1832, 38.3873 ], [ -102.175, 38.3905 ], [ -102.1664, 38.3931 ], [ -102.1605, 38.3939 ], [ -102.1551, 38.3939 ], [ -102.1368, 38.3898 ], [ -102.1291, 38.3873 ], [ -102.1223, 38.387 ], [ -102.1164, 38.3857 ], [ -102.116, 38.3835 ], [ -102.1177, 38.3785 ], [ -102.1175, 38.3773 ], [ -102.1135, 38.3736 ], [ -102.1086, 38.3705 ], [ -102.1038, 38.37 ], [ -102.1006, 38.3704 ], [ -102.0963, 38.3722 ], [ -102.0926, 38.3729 ], [ -102.0903, 38.3727 ], [ -102.0875, 38.3709 ], [ -102.0832, 38.3703 ], [ -102.0656, 38.3741 ], [ -102.0621, 38.3737 ], [ -102.061, 38.3721 ], [ -102.0601, 38.3694 ], [ -102.055, 38.3614 ], [ -102.0486, 38.3497 ], [ -102.0445, 38.3452 ], [ -102.0445, 38.2771 ], [ -102.045, 38.2688 ], [ -102.0444, 38.2625 ], [ -102.0444, 38.2503 ], [ -102.0446, 38.0569 ], [ -102.0458, 38.0563 ], [ -102.0464, 38.0554 ], [ -102.047, 38.0533 ], [ -102.0469, 38.0495 ], [ -102.0457, 38.0437 ], [ -102.047, 38.0329 ], [ -102.0496, 38.029 ], [ -102.0549, 38.0242 ], [ -102.0551, 38.0218 ], [ -102.0573, 38.0158 ], [ -102.0579, 38.0123 ], [ -102.0585, 38.0118 ], [ -102.0627, 38.0121 ], [ -102.0781, 38.0086 ], [ -102.0788, 38.0038 ], [ -102.08, 38.0016 ], [ -102.0843, 37.9983 ], [ -102.0841, 37.9964 ], [ -102.0848, 37.9954 ], [ -102.0899, 37.9929 ], [ -102.0916, 37.9888 ], [ -102.0932, 37.9873 ], [ -102.0953, 37.9827 ], [ -102.097, 37.9806 ], [ -102.0967, 37.98 ], [ -102.0984, 37.9787 ], [ -102.1034, 37.9793 ], [ -102.1038, 37.9776 ], [ -102.1065, 37.9742 ], [ -102.1074, 37.9717 ], [ -102.11, 37.9691 ], [ -102.1103, 37.9644 ], [ -102.1131, 37.9589 ], [ -102.1145, 37.9516 ], [ -102.1158, 37.9488 ], [ -102.1168, 37.9415 ], [ -102.1177, 37.9394 ], [ -102.1205, 37.9377 ], [ -102.1204, 37.9352 ], [ -102.1213, 37.9311 ], [ -102.1209, 37.93 ], [ -102.1222, 37.9261 ], [ -102.1262, 37.9204 ], [ -102.1287, 37.9148 ], [ -102.1314, 37.9131 ], [ -102.132, 37.9091 ], [ -102.1318, 37.907 ], [ -102.1334, 37.9049 ], [ -102.1355, 37.8991 ], [ -102.1404, 37.8913 ], [ -102.1412, 37.8852 ], [ -102.1431, 37.8845 ], [ -102.1439, 37.8819 ], [ -102.1471, 37.8817 ], [ -102.1487, 37.8789 ], [ -102.1488, 37.8761 ], [ -102.1482, 37.8752 ], [ -102.1488, 37.8749 ], [ -102.1491, 37.8735 ], [ -102.15, 37.8731 ], [ -102.1497, 37.8704 ], [ -102.1522, 37.8638 ], [ -102.1528, 37.8553 ], [ -102.1517, 37.852 ], [ -102.1533, 37.8511 ], [ -102.1539, 37.8471 ], [ -102.1563, 37.8418 ], [ -102.1565, 37.8393 ], [ -102.1581, 37.8336 ], [ -102.1577, 37.8309 ], [ -102.1542, 37.8244 ], [ -102.1543, 37.8236 ], [ -102.1587, 37.8182 ], [ -102.1594, 37.8166 ], [ -102.1625, 37.8162 ], [ -102.1638, 37.8146 ], [ -102.1639, 37.8093 ], [ -102.1666, 37.803 ], [ -102.1737, 37.7971 ], [ -102.1778, 37.7921 ], [ -102.1797, 37.7909 ], [ -102.1848, 37.7904 ], [ -102.1898, 37.7877 ], [ -102.196, 37.7767 ], [ -102.2022, 37.7723 ], [ -102.2042, 37.7699 ], [ -102.2088, 37.7658 ], [ -102.21, 37.7635 ], [ -102.2105, 37.7573 ], [ -102.2113, 37.7559 ], [ -102.2138, 37.7537 ], [ -102.214, 37.7447 ], [ -102.2166, 37.7408 ], [ -102.2171, 37.7364 ], [ -102.2232, 37.7284 ], [ -102.2271, 37.7244 ], [ -102.236, 37.718 ], [ -102.2391, 37.7164 ], [ -102.2485, 37.713 ], [ -102.2493, 37.7119 ], [ -102.2505, 37.7071 ], [ -102.2545, 37.7026 ], [ -102.2656, 37.7022 ], [ -102.2692, 37.7026 ], [ -102.2725, 37.6978 ], [ -102.2748, 37.6958 ], [ -102.2815, 37.6948 ], [ -102.2922, 37.6878 ], [ -102.2944, 37.6854 ], [ -102.3051, 37.6806 ], [ -102.3073, 37.679 ], [ -102.3087, 37.677 ], [ -102.3162, 37.6802 ], [ -102.3187, 37.6791 ], [ -102.3202, 37.675 ], [ -102.3241, 37.6698 ], [ -102.3259, 37.6686 ], [ -102.3284, 37.6685 ], [ -102.3292, 37.6659 ], [ -102.3312, 37.6643 ], [ -102.3326, 37.6596 ], [ -102.3351, 37.6595 ], [ -102.3362, 37.6587 ], [ -102.3369, 37.6588 ], [ -102.3447, 37.6629 ], [ -102.3505, 37.6648 ], [ -102.355, 37.669 ], [ -102.3602, 37.6708 ], [ -102.363, 37.6654 ], [ -102.3657, 37.6622 ], [ -102.3714, 37.6615 ], [ -102.3759, 37.6568 ], [ -102.378, 37.6559 ], [ -102.382, 37.6559 ], [ -102.3889, 37.6574 ], [ -102.3908, 37.6545 ], [ -102.392, 37.6537 ], [ -102.3942, 37.6496 ], [ -102.3954, 37.6501 ], [ -102.3967, 37.649 ], [ -102.4006, 37.6477 ], [ -102.4015, 37.6465 ], [ -102.4079, 37.6485 ], [ -102.4324, 37.6506 ], [ -102.4397, 37.6536 ], [ -102.4423, 37.6519 ], [ -102.4424, 37.6506 ], [ -102.4436, 37.6488 ], [ -102.4493, 37.6446 ], [ -102.4512, 37.6442 ], [ -102.4555, 37.6444 ], [ -102.4585, 37.6436 ], [ -102.4627, 37.6394 ], [ -102.4691, 37.6309 ], [ -102.4736, 37.6287 ], [ -102.48, 37.6268 ], [ -102.4852, 37.6245 ], [ -102.4895, 37.6241 ], [ -102.4963, 37.6245 ], [ -102.4989, 37.622 ], [ -102.5033, 37.6217 ], [ -102.5047, 37.6179 ], [ -102.5066, 37.6154 ], [ -102.5139, 37.6148 ], [ -102.522, 37.615 ], [ -102.5347, 37.6137 ], [ -102.5431, 37.6137 ], [ -102.5517, 37.6121 ], [ -102.5601, 37.609 ], [ -102.574, 37.6064 ], [ -102.5796, 37.6059 ], [ -102.5831, 37.6064 ], [ -102.5854, 37.6073 ], [ -102.5954, 37.612 ], [ -102.5993, 37.6134 ], [ -102.6027, 37.6134 ], [ -102.609, 37.6121 ], [ -102.6159, 37.6122 ], [ -102.6233, 37.6116 ], [ -102.6294, 37.6106 ], [ -102.6353, 37.609 ], [ -102.6365, 37.609 ], [ -102.6396, 37.6105 ], [ -102.6473, 37.6126 ], [ -102.6609, 37.614 ], [ -102.6617, 37.6139 ], [ -102.6706, 37.6058 ], [ -102.6772, 37.6033 ], [ -102.6846, 37.6032 ], [ -102.6874, 37.6036 ], [ -102.6948, 37.6059 ], [ -102.6993, 37.606 ], [ -102.703, 37.6056 ], [ -102.7084, 37.6023 ], [ -102.7105, 37.6016 ], [ -102.7146, 37.6014 ], [ -102.7183, 37.6018 ], [ -102.7256, 37.5999 ], [ -102.7321, 37.5996 ], [ -102.7355, 37.5952 ], [ -102.7412, 37.5917 ], [ -102.7438, 37.5882 ], [ -102.7455, 37.5868 ], [ -102.7577, 37.587 ], [ -102.7612, 37.5847 ], [ -102.7633, 37.5814 ], [ -102.767, 37.5789 ], [ -102.769, 37.5781 ], [ -102.7774, 37.5763 ], [ -102.7802, 37.5703 ], [ -102.7858, 37.5617 ], [ -102.7868, 37.5588 ], [ -102.7892, 37.5578 ], [ -102.796, 37.5579 ], [ -102.7994, 37.554 ], [ -102.8082, 37.5482 ], [ -102.8088, 37.5477 ], [ -102.8105, 37.5415 ], [ -102.8161, 37.5381 ], [ -102.8175, 37.5367 ], [ -102.8204, 37.5322 ], [ -102.8306, 37.5222 ], [ -102.8343, 37.5211 ], [ -102.8393, 37.5206 ], [ -102.8429, 37.5189 ], [ -102.8545, 37.5185 ], [ -102.8586, 37.5134 ], [ -102.859, 37.5088 ], [ -102.8616, 37.5069 ], [ -102.8648, 37.506 ], [ -102.8658, 37.5032 ], [ -102.8681, 37.5027 ], [ -102.8725, 37.5038 ], [ -102.8747, 37.5024 ], [ -102.8814, 37.5018 ], [ -102.8822, 37.5014 ], [ -102.8832, 37.498 ], [ -102.8858, 37.4967 ], [ -102.89, 37.4961 ], [ -102.8921, 37.4938 ], [ -102.8928, 37.492 ], [ -102.8936, 37.4915 ], [ -102.8997, 37.4901 ], [ -102.9089, 37.4904 ], [ -102.9175, 37.486 ], [ -102.919, 37.4842 ], [ -102.92, 37.4805 ], [ -102.9221, 37.4791 ], [ -102.9226, 37.4783 ], [ -102.9233, 37.4737 ], [ -102.9222, 37.4682 ], [ -102.923, 37.4655 ], [ -102.9241, 37.4641 ], [ -102.9261, 37.4629 ], [ -102.9329, 37.4608 ], [ -102.9351, 37.4592 ], [ -102.9425, 37.4576 ], [ -102.9474, 37.4549 ], [ -102.9488, 37.4546 ], [ -102.9543, 37.4546 ], [ -102.9592, 37.4535 ], [ -102.963, 37.4507 ], [ -102.9655, 37.4439 ], [ -102.9633, 37.4398 ], [ -102.9641, 37.4385 ], [ -102.9682, 37.4351 ], [ -102.969, 37.4321 ], [ -102.971, 37.4291 ], [ -102.9713, 37.4272 ], [ -102.9735, 37.4243 ], [ -102.9735, 37.4232 ], [ -102.9719, 37.42 ], [ -102.9721, 37.4154 ], [ -102.975, 37.4117 ], [ -102.9774, 37.4111 ], [ -102.9783, 37.4094 ], [ -102.9782, 37.4041 ], [ -102.9769, 37.4013 ], [ -102.9792, 37.4005 ], [ -102.9831, 37.3976 ], [ -102.986, 37.3964 ], [ -102.9907, 37.3959 ], [ -102.9946, 37.396 ], [ -102.9972, 37.393 ], [ -103.0009, 37.3909 ], [ -103.002, 37.3908 ], [ -103.0029, 37.3897 ], [ -103.0055, 37.3903 ], [ -103.0093, 37.3869 ], [ -103.0107, 37.3865 ], [ -103.0135, 37.3866 ], [ -103.0132, 37.3854 ], [ -103.0138, 37.3843 ], [ -103.0182, 37.3803 ], [ -103.0172, 37.3759 ], [ -103.018, 37.3729 ], [ -103.0176, 37.3697 ], [ -103.019, 37.3695 ], [ -103.0227, 37.3676 ], [ -103.0251, 37.3647 ], [ -103.0329, 37.365 ], [ -103.0346, 37.3603 ], [ -103.0361, 37.3581 ], [ -103.0377, 37.358 ], [ -103.0382, 37.3562 ], [ -103.0413, 37.3532 ], [ -103.0422, 37.3505 ], [ -103.0439, 37.3493 ], [ -103.0468, 37.3422 ], [ -103.0494, 37.3411 ], [ -103.0506, 37.3413 ], [ -103.0553, 37.34 ], [ -103.0581, 37.3407 ], [ -103.0623, 37.3433 ], [ -103.0632, 37.3434 ], [ -103.0646, 37.343 ], [ -103.067, 37.3412 ], [ -103.07, 37.3404 ], [ -103.0715, 37.3395 ], [ -103.073, 37.3396 ], [ -103.0745, 37.3383 ], [ -103.0811, 37.3395 ], [ -103.0849, 37.3376 ], [ -103.0904, 37.3374 ], [ -103.0921, 37.3386 ], [ -103.0936, 37.3377 ], [ -103.0966, 37.3383 ], [ -103.0981, 37.3373 ], [ -103.1003, 37.3347 ], [ -103.101, 37.3328 ], [ -103.1034, 37.3294 ], [ -103.1034, 37.328 ], [ -103.1048, 37.3272 ], [ -103.1066, 37.3249 ], [ -103.1079, 37.3244 ], [ -103.1119, 37.326 ], [ -103.1122, 37.3192 ], [ -103.114, 37.3168 ], [ -103.114, 37.3159 ], [ -103.1169, 37.3137 ], [ -103.1175, 37.3123 ], [ -103.1172, 37.3087 ], [ -103.1195, 37.3058 ], [ -103.1231, 37.3039 ], [ -103.1239, 37.3023 ], [ -103.1285, 37.301 ], [ -103.1349, 37.3019 ], [ -103.1369, 37.3025 ], [ -103.1394, 37.3041 ], [ -103.14, 37.3037 ], [ -103.1434, 37.3002 ], [ -103.1443, 37.2972 ], [ -103.1453, 37.2959 ], [ -103.1451, 37.2948 ], [ -103.1495, 37.2916 ], [ -103.1506, 37.2911 ], [ -103.1529, 37.2912 ], [ -103.1574, 37.2888 ], [ -103.1581, 37.287 ], [ -103.1607, 37.2857 ], [ -103.1607, 37.2801 ], [ -103.1634, 37.2774 ], [ -103.1663, 37.2761 ], [ -103.1676, 37.271 ], [ -103.1691, 37.2705 ], [ -103.1744, 37.271 ], [ -103.1774, 37.2707 ], [ -103.1789, 37.2738 ], [ -103.1832, 37.2741 ], [ -103.1886, 37.2735 ], [ -103.1897, 37.2737 ], [ -103.1911, 37.2747 ], [ -103.1945, 37.276 ], [ -103.196, 37.2783 ], [ -103.197, 37.2787 ], [ -103.2008, 37.2782 ], [ -103.2025, 37.2817 ], [ -103.2061, 37.2822 ], [ -103.209, 37.2845 ], [ -103.2098, 37.2844 ], [ -103.211, 37.2832 ], [ -103.2113, 37.2815 ], [ -103.2143, 37.2837 ], [ -103.2172, 37.2841 ], [ -103.2189, 37.2835 ], [ -103.2223, 37.2796 ], [ -103.2246, 37.2792 ], [ -103.2263, 37.2778 ], [ -103.2348, 37.2772 ], [ -103.2353, 37.2793 ], [ -103.2362, 37.2804 ], [ -103.238, 37.2813 ], [ -103.2403, 37.2845 ], [ -103.2418, 37.2846 ], [ -103.2435, 37.2835 ], [ -103.2441, 37.2835 ], [ -103.2462, 37.2853 ], [ -103.2472, 37.2854 ], [ -103.2476, 37.2875 ], [ -103.2494, 37.2881 ], [ -103.2511, 37.287 ], [ -103.2516, 37.2861 ], [ -103.2546, 37.2845 ], [ -103.2587, 37.2845 ], [ -103.2626, 37.2832 ], [ -103.2687, 37.2834 ], [ -103.2712, 37.2849 ], [ -103.275, 37.284 ], [ -103.2792, 37.2844 ], [ -103.2808, 37.2859 ], [ -103.2836, 37.286 ], [ -103.2839, 37.2879 ], [ -103.2854, 37.2882 ], [ -103.2872, 37.2868 ], [ -103.2872, 37.2847 ], [ -103.2884, 37.2827 ], [ -103.29, 37.2816 ], [ -103.2907, 37.2798 ], [ -103.2904, 37.2796 ], [ -103.2908, 37.2779 ], [ -103.2944, 37.2762 ], [ -103.2952, 37.2734 ], [ -103.2964, 37.2731 ], [ -103.2978, 37.2743 ], [ -103.2973, 37.2753 ], [ -103.2983, 37.2762 ], [ -103.2983, 37.2778 ], [ -103.2974, 37.2787 ], [ -103.2976, 37.2792 ], [ -103.3031, 37.2857 ], [ -103.3033, 37.2872 ], [ -103.3113, 37.2859 ], [ -103.3168, 37.2825 ], [ -103.319, 37.2822 ], [ -103.3298, 37.275 ], [ -103.3336, 37.2697 ], [ -103.3335, 37.2665 ], [ -103.3385, 37.2643 ], [ -103.3393, 37.2634 ], [ -103.3429, 37.2549 ], [ -103.3513, 37.2556 ], [ -103.357, 37.2538 ], [ -103.3619, 37.25 ], [ -103.3664, 37.2455 ], [ -103.3734, 37.2425 ], [ -103.3732, 37.2403 ], [ -103.3738, 37.2381 ], [ -103.3771, 37.2353 ], [ -103.3786, 37.2354 ], [ -103.3827, 37.237 ], [ -103.3857, 37.2369 ], [ -103.3891, 37.236 ], [ -103.3924, 37.2334 ], [ -103.3984, 37.2302 ], [ -103.3986, 37.2226 ], [ -103.4003, 37.2214 ], [ -103.4033, 37.2209 ], [ -103.4047, 37.2197 ], [ -103.4089, 37.2189 ], [ -103.4162, 37.22 ], [ -103.4209, 37.2216 ], [ -103.4223, 37.2216 ], [ -103.4254, 37.2198 ], [ -103.4271, 37.2194 ], [ -103.4338, 37.2195 ], [ -103.4458, 37.2149 ], [ -103.4479, 37.2136 ], [ -103.4482, 37.2113 ], [ -103.4492, 37.2097 ], [ -103.4498, 37.2064 ], [ -103.456, 37.2019 ], [ -103.4557, 37.1996 ], [ -103.4563, 37.1984 ], [ -103.4585, 37.197 ], [ -103.4582, 37.1944 ], [ -103.4588, 37.1934 ], [ -103.4599, 37.1917 ], [ -103.463, 37.1902 ], [ -103.4639, 37.1902 ], [ -103.4655, 37.1913 ], [ -103.4673, 37.1904 ], [ -103.4704, 37.1912 ], [ -103.4721, 37.191 ], [ -103.4764, 37.1871 ], [ -103.4778, 37.1867 ], [ -103.4832, 37.1873 ], [ -103.489, 37.1913 ], [ -103.4895, 37.1919 ], [ -103.489, 37.1947 ], [ -103.4894, 37.1953 ], [ -103.4925, 37.1963 ], [ -103.4964, 37.1961 ], [ -103.5002, 37.1928 ], [ -103.5037, 37.1928 ], [ -103.5069, 37.1914 ], [ -103.5091, 37.1887 ], [ -103.5092, 37.1877 ], [ -103.512, 37.1856 ], [ -103.5166, 37.1836 ], [ -103.5256, 37.1832 ], [ -103.5288, 37.1821 ], [ -103.5307, 37.1805 ], [ -103.5318, 37.1774 ], [ -103.5314, 37.1718 ], [ -103.5292, 37.1675 ], [ -103.525, 37.1657 ], [ -103.5251, 37.1641 ], [ -103.5335, 37.1613 ], [ -103.5355, 37.1614 ], [ -103.5415, 37.1635 ], [ -103.5535, 37.1622 ], [ -103.556, 37.1615 ], [ -103.5576, 37.1598 ], [ -103.5588, 37.1592 ], [ -103.5676, 37.1606 ], [ -103.5708, 37.1615 ], [ -103.574, 37.1633 ], [ -103.5767, 37.1627 ], [ -103.5831, 37.1631 ], [ -103.5846, 37.1606 ], [ -103.5907, 37.1585 ], [ -103.6009, 37.1496 ], [ -103.6011, 37.1453 ], [ -103.6061, 37.1334 ], [ -103.6058, 37.1313 ], [ -103.6033, 37.1271 ], [ -103.6051, 37.1261 ], [ -103.6081, 37.1226 ], [ -103.611, 37.1222 ], [ -103.6157, 37.1248 ], [ -103.622, 37.1259 ], [ -103.6228, 37.1262 ], [ -103.6235, 37.1275 ], [ -103.626, 37.1277 ], [ -103.6266, 37.1289 ], [ -103.628, 37.1296 ], [ -103.6292, 37.1309 ], [ -103.6304, 37.1327 ], [ -103.6328, 37.1321 ], [ -103.6338, 37.1328 ], [ -103.6365, 37.1324 ], [ -103.6375, 37.133 ], [ -103.6402, 37.1331 ], [ -103.644, 37.1317 ], [ -103.6464, 37.1323 ], [ -103.6517, 37.1349 ], [ -103.6532, 37.1375 ], [ -103.6552, 37.1374 ], [ -103.6582, 37.1365 ], [ -103.6659, 37.1362 ], [ -103.6688, 37.14 ], [ -103.6697, 37.1404 ], [ -103.6731, 37.1392 ], [ -103.6741, 37.1393 ], [ -103.6764, 37.1404 ], [ -103.6776, 37.1419 ], [ -103.6795, 37.1424 ], [ -103.6844, 37.14 ], [ -103.6908, 37.1389 ], [ -103.6945, 37.1371 ], [ -103.699, 37.1337 ], [ -103.7014, 37.1292 ], [ -103.7023, 37.125 ], [ -103.7056, 37.1214 ], [ -103.7061, 37.1211 ], [ -103.709, 37.1224 ], [ -103.7107, 37.1224 ], [ -103.7143, 37.1216 ], [ -103.7151, 37.1203 ], [ -103.7184, 37.1187 ], [ -103.7233, 37.1195 ], [ -103.7262, 37.1186 ], [ -103.7274, 37.1179 ], [ -103.7266, 37.116 ], [ -103.7255, 37.1154 ], [ -103.7234, 37.1154 ], [ -103.723, 37.1148 ], [ -103.7253, 37.1142 ], [ -103.7278, 37.1122 ], [ -103.7305, 37.1119 ], [ -103.7309, 37.1107 ], [ -103.7322, 37.1106 ], [ -103.7333, 37.1093 ], [ -103.7345, 37.1037 ], [ -103.7368, 37.1026 ], [ -103.7374, 37.0988 ], [ -103.7386, 37.0966 ], [ -103.7398, 37.0918 ], [ -103.7399, 37.0861 ], [ -103.738, 37.0794 ], [ -103.7344, 37.0733 ], [ -103.7339, 37.068 ], [ -103.7355, 37.065 ], [ -103.7353, 37.0619 ], [ -103.7362, 37.0599 ], [ -103.7393, 37.0572 ], [ -103.7429, 37.0562 ], [ -103.7451, 37.0551 ], [ -103.7458, 37.0539 ], [ -103.7471, 37.0496 ], [ -103.7469, 37.0481 ], [ -103.7445, 37.0445 ], [ -103.746, 37.0418 ], [ -103.7454, 37.0401 ], [ -103.7474, 37.0376 ], [ -103.757, 37.0329 ], [ -103.7594, 37.029 ], [ -103.7605, 37.0283 ], [ -103.7765, 37.0286 ], [ -103.7776, 37.0284 ], [ -103.7802, 37.0261 ], [ -103.783, 37.0255 ], [ -103.7864, 37.0257 ], [ -103.7989, 37.0314 ], [ -103.8008, 37.0279 ], [ -103.8049, 37.0244 ], [ -103.8124, 37.0193 ], [ -103.8156, 37.0159 ], [ -103.8299, 37.0086 ], [ -103.8343, 37.0047 ], [ -103.8375, 37.0033 ], [ -103.8394, 37.0037 ], [ -103.8429, 37.0025 ], [ -103.8445, 37.0028 ], [ -103.8453, 37.002 ], [ -103.8452, 36.9991 ], [ -103.8467, 36.9973 ], [ -103.883, 36.997 ], [ -103.8837, 36.9982 ], [ -103.8845, 36.9984 ], [ -103.891, 36.9969 ], [ -103.899, 36.9968 ], [ -103.9028, 36.9984 ], [ -103.9041, 36.9983 ], [ -103.9071, 36.9968 ], [ -104.2856, 36.9942 ], [ -104.2876, 36.9962 ], [ -104.2896, 36.9966 ], [ -104.2917, 36.9947 ], [ -104.2937, 36.9946 ], [ -104.2952, 36.9951 ], [ -104.2988, 36.9997 ], [ -104.3004, 37.0007 ], [ -104.3104, 37.0018 ], [ -104.3184, 37.0021 ], [ -104.3223, 37.003 ], [ -104.3266, 37.0053 ], [ -104.3286, 37.0084 ], [ -104.3325, 37.0112 ], [ -104.3332, 37.0127 ], [ -104.3334, 37.0169 ], [ -104.3312, 37.0238 ], [ -104.332, 37.0292 ], [ -104.3318, 37.0302 ], [ -104.33, 37.0314 ], [ -104.3292, 37.0329 ], [ -104.3304, 37.0349 ], [ -104.3326, 37.0361 ], [ -104.3335, 37.0377 ], [ -104.3335, 37.0391 ], [ -104.3345, 37.0397 ], [ -104.3348, 37.0411 ], [ -104.3359, 37.0415 ], [ -104.3358, 37.0433 ], [ -104.3349, 37.0442 ], [ -104.3353, 37.0451 ], [ -104.3375, 37.047 ], [ -104.3405, 37.0477 ], [ -104.3444, 37.0473 ], [ -104.3467, 37.046 ], [ -104.3492, 37.0468 ], [ -104.3506, 37.045 ], [ -104.3483, 37.0427 ], [ -104.348, 37.0416 ], [ -104.3505, 37.0401 ], [ -104.3529, 37.0376 ], [ -104.3565, 37.0353 ], [ -104.361, 37.0351 ], [ -104.3638, 37.0344 ], [ -104.3658, 37.0332 ], [ -104.3705, 37.0328 ], [ -104.3755, 37.0332 ], [ -104.3811, 37.0343 ], [ -104.3857, 37.0376 ], [ -104.3904, 37.0398 ], [ -104.3983, 37.0399 ], [ -104.4009, 37.039 ], [ -104.4036, 37.0389 ], [ -104.4125, 37.0404 ], [ -104.4138, 37.0401 ], [ -104.4161, 37.0407 ], [ -104.4188, 37.042 ], [ -104.4231, 37.0422 ], [ -104.427, 37.0454 ], [ -104.4321, 37.0458 ], [ -104.4353, 37.0469 ], [ -104.4384, 37.047 ], [ -104.4386, 37.0457 ], [ -104.4362, 37.0436 ], [ -104.4364, 37.0417 ], [ -104.4347, 37.0415 ], [ -104.4339, 37.0406 ], [ -104.4336, 37.0359 ], [ -104.4317, 37.0334 ], [ -104.4332, 37.0292 ], [ -104.4324, 37.0263 ], [ -104.4327, 37.0247 ], [ -104.4309, 37.022 ], [ -104.4294, 37.0157 ], [ -104.4263, 37.0108 ], [ -104.4267, 37.0062 ], [ -104.4302, 37.0038 ], [ -104.43, 37.0024 ], [ -104.4322, 36.9996 ], [ -104.4319, 36.9974 ], [ -104.4348, 36.9945 ], [ -104.4349, 36.9937 ], [ -104.4418, 36.9937 ], [ -104.4476, 36.9952 ], [ -104.4506, 36.9949 ], [ -104.4529, 36.9938 ], [ -104.4955, 36.9939 ], [ -104.4961, 36.9951 ], [ -104.4983, 36.9949 ], [ -104.5001, 36.9955 ], [ -104.5022, 36.9952 ], [ -104.5037, 36.9938 ], [ -104.5066, 36.9938 ], [ -104.5085, 36.9946 ], [ -104.5106, 36.9972 ], [ -104.5141, 36.9968 ], [ -104.5158, 36.9991 ], [ -104.5179, 37.0003 ], [ -104.5199, 37.0005 ], [ -104.5231, 37.002 ], [ -104.5288, 37.0019 ], [ -104.534, 36.9997 ], [ -104.5397, 36.9997 ], [ -104.5426, 36.9976 ], [ -104.5441, 36.9948 ], [ -104.5448, 36.9946 ], [ -104.5485, 36.9951 ], [ -104.5511, 36.994 ], [ -104.5549, 36.9946 ], [ -104.5574, 36.9941 ], [ -104.6246, 36.9944 ], [ -104.6256, 36.9936 ], [ -104.645, 36.9934 ], [ -104.9491, 36.9933 ], [ -104.956, 36.9938 ], [ -104.9599, 36.9933 ], [ -104.9936, 36.9933 ], [ -104.998, 36.9945 ], [ -105.0009, 36.9937 ], [ -105.0056, 36.9949 ], [ -105.0122, 36.9975 ], [ -105.0158, 36.9983 ], [ -105.0196, 37.0006 ], [ -105.0269, 37.0004 ], [ -105.0305, 37.0017 ], [ -105.0342, 37.0037 ], [ -105.0394, 37.0039 ], [ -105.0416, 37.0043 ], [ -105.0461, 37.0063 ], [ -105.0498, 37.0063 ], [ -105.0514, 37.0066 ], [ -105.0526, 37.0074 ], [ -105.054, 37.0094 ], [ -105.0581, 37.0123 ], [ -105.0625, 37.0145 ], [ -105.0642, 37.0165 ], [ -105.0678, 37.019 ], [ -105.0802, 37.0235 ], [ -105.0821, 37.0235 ], [ -105.086, 37.0219 ], [ -105.0882, 37.0231 ], [ -105.0912, 37.0226 ], [ -105.0956, 37.0253 ], [ -105.0981, 37.0251 ], [ -105.1021, 37.0257 ], [ -105.1057, 37.0279 ], [ -105.1092, 37.0282 ], [ -105.1127, 37.0302 ], [ -105.1139, 37.0321 ], [ -105.116, 37.033 ], [ -105.1161, 37.0351 ], [ -105.1167, 37.036 ], [ -105.1179, 37.037 ], [ -105.1202, 37.0376 ], [ -105.1213, 37.0392 ], [ -105.1223, 37.0393 ], [ -105.1255, 37.038 ], [ -105.1271, 37.0382 ], [ -105.1326, 37.0403 ], [ -105.1342, 37.0413 ], [ -105.1351, 37.0423 ], [ -105.1354, 37.0443 ], [ -105.1378, 37.0479 ], [ -105.1409, 37.0498 ], [ -105.1409, 37.0518 ], [ -105.1424, 37.0535 ], [ -105.1496, 37.054 ], [ -105.1531, 37.0555 ], [ -105.1576, 37.0556 ], [ -105.1595, 37.0564 ], [ -105.1608, 37.0579 ], [ -105.164, 37.0583 ], [ -105.1651, 37.0582 ], [ -105.1658, 37.057 ], [ -105.1671, 37.0564 ], [ -105.171, 37.0563 ], [ -105.1747, 37.0555 ], [ -105.1779, 37.056 ], [ -105.1789, 37.057 ], [ -105.1792, 37.0586 ], [ -105.1805, 37.06 ], [ -105.1888, 37.0601 ], [ -105.1918, 37.0616 ], [ -105.1971, 37.0661 ], [ -105.1981, 37.0699 ], [ -105.2026, 37.0698 ], [ -105.2041, 37.0703 ], [ -105.2064, 37.0719 ], [ -105.2108, 37.0725 ], [ -105.2105, 37.0791 ], [ -105.2096, 37.0802 ], [ -105.2095, 37.0823 ], [ -105.2088, 37.0831 ], [ -105.2082, 37.088 ], [ -105.2054, 37.091 ], [ -105.2005, 37.0918 ], [ -105.198, 37.0926 ], [ -105.1951, 37.0921 ], [ -105.1935, 37.0933 ], [ -105.1911, 37.0942 ], [ -105.1908, 37.0958 ], [ -105.1912, 37.0988 ], [ -105.1892, 37.0998 ], [ -105.1878, 37.1024 ], [ -105.1886, 37.1038 ], [ -105.1882, 37.1071 ], [ -105.1867, 37.1083 ], [ -105.1848, 37.109 ], [ -105.1838, 37.1105 ], [ -105.1816, 37.1122 ], [ -105.1843, 37.114 ], [ -105.1871, 37.1167 ], [ -105.1871, 37.1195 ], [ -105.1858, 37.1223 ], [ -105.1798, 37.1228 ], [ -105.1744, 37.126 ], [ -105.1749, 37.1314 ], [ -105.1739, 37.135 ], [ -105.1753, 37.1371 ], [ -105.1755, 37.1404 ], [ -105.1741, 37.1423 ], [ -105.1694, 37.1458 ], [ -105.1692, 37.147 ], [ -105.1698, 37.1486 ], [ -105.1663, 37.1519 ], [ -105.1681, 37.1561 ], [ -105.1678, 37.1575 ], [ -105.1669, 37.1587 ], [ -105.1656, 37.1595 ], [ -105.1665, 37.162 ], [ -105.1655, 37.1653 ], [ -105.1657, 37.166 ], [ -105.167, 37.1667 ], [ -105.1675, 37.1698 ], [ -105.1669, 37.1707 ], [ -105.1691, 37.172 ], [ -105.1715, 37.1726 ], [ -105.1733, 37.172 ], [ -105.1696, 37.1778 ], [ -105.1678, 37.1786 ], [ -105.1672, 37.1811 ], [ -105.1654, 37.1831 ], [ -105.1646, 37.1863 ], [ -105.1649, 37.1896 ], [ -105.1636, 37.1938 ], [ -105.1664, 37.1966 ], [ -105.1661, 37.1978 ], [ -105.1676, 37.2019 ], [ -105.1673, 37.2067 ], [ -105.1669, 37.2076 ], [ -105.1643, 37.2096 ], [ -105.166, 37.2122 ], [ -105.1654, 37.2158 ], [ -105.1643, 37.2183 ], [ -105.1618, 37.2218 ], [ -105.1591, 37.2241 ], [ -105.1609, 37.227 ], [ -105.1604, 37.2303 ], [ -105.1609, 37.231 ], [ -105.1571, 37.2328 ], [ -105.1552, 37.2343 ], [ -105.1551, 37.2351 ], [ -105.1528, 37.2377 ], [ -105.155, 37.2397 ], [ -105.1551, 37.243 ], [ -105.1535, 37.2493 ], [ -105.1556, 37.2543 ], [ -105.1545, 37.258 ], [ -105.1563, 37.2647 ], [ -105.1561, 37.2664 ], [ -105.1567, 37.2687 ], [ -105.1563, 37.2693 ], [ -105.1572, 37.2698 ], [ -105.158, 37.2732 ], [ -105.1604, 37.2754 ], [ -105.1603, 37.2794 ], [ -105.1597, 37.2821 ], [ -105.1653, 37.2848 ], [ -105.1646, 37.2856 ], [ -105.1648, 37.2892 ], [ -105.1657, 37.2915 ], [ -105.1652, 37.2927 ], [ -105.1653, 37.2954 ], [ -105.1634, 37.3005 ], [ -105.1648, 37.304 ], [ -105.1652, 37.3096 ], [ -105.167, 37.3141 ], [ -105.1652, 37.3173 ], [ -105.1668, 37.3229 ], [ -105.1655, 37.3256 ], [ -105.1631, 37.3287 ], [ -105.1634, 37.33 ], [ -105.1657, 37.3337 ], [ -105.1672, 37.3348 ], [ -105.168, 37.337 ], [ -105.1663, 37.3408 ], [ -105.1644, 37.3428 ], [ -105.1641, 37.3452 ], [ -105.1663, 37.3482 ], [ -105.1666, 37.3502 ], [ -105.1661, 37.3525 ], [ -105.1681, 37.3548 ], [ -105.1672, 37.3582 ], [ -105.1689, 37.361 ], [ -105.1687, 37.3627 ], [ -105.1669, 37.3649 ], [ -105.166, 37.3698 ], [ -105.1671, 37.3726 ], [ -105.1687, 37.3737 ], [ -105.169, 37.3749 ], [ -105.1674, 37.3785 ], [ -105.1653, 37.3809 ], [ -105.1671, 37.3856 ], [ -105.1669, 37.3883 ], [ -105.1624, 37.3907 ], [ -105.1628, 37.3914 ], [ -105.1608, 37.3943 ], [ -105.1578, 37.3975 ], [ -105.156, 37.3987 ], [ -105.1516, 37.4003 ], [ -105.145, 37.4005 ], [ -105.1418, 37.4012 ], [ -105.1384, 37.4009 ], [ -105.1325, 37.4036 ], [ -105.1316, 37.4065 ], [ -105.1296, 37.4092 ], [ -105.1305, 37.4117 ], [ -105.1331, 37.4115 ], [ -105.1371, 37.4131 ], [ -105.1397, 37.4162 ], [ -105.1406, 37.4186 ], [ -105.1408, 37.4225 ], [ -105.1415, 37.4236 ], [ -105.141, 37.4287 ], [ -105.1449, 37.4289 ], [ -105.1438, 37.4314 ], [ -105.1449, 37.4339 ], [ -105.1466, 37.436 ], [ -105.146, 37.4384 ], [ -105.1468, 37.4413 ], [ -105.1497, 37.4431 ], [ -105.1504, 37.4441 ], [ -105.152, 37.4516 ], [ -105.1543, 37.453 ], [ -105.1563, 37.4574 ], [ -105.1587, 37.4571 ], [ -105.1633, 37.4541 ], [ -105.1691, 37.4559 ], [ -105.173, 37.4557 ], [ -105.1759, 37.4565 ], [ -105.174, 37.4589 ], [ -105.1735, 37.462 ], [ -105.1753, 37.4655 ], [ -105.1768, 37.4755 ], [ -105.18, 37.4785 ], [ -105.1824, 37.479 ], [ -105.1813, 37.4808 ], [ -105.1771, 37.4829 ], [ -105.1748, 37.4854 ], [ -105.1747, 37.487 ], [ -105.1755, 37.4888 ], [ -105.178, 37.4915 ], [ -105.1726, 37.4984 ], [ -105.1721, 37.4997 ], [ -105.173, 37.5002 ], [ -105.1733, 37.5028 ], [ -105.173, 37.5113 ], [ -105.1716, 37.5129 ], [ -105.1721, 37.5157 ], [ -105.1717, 37.5177 ], [ -105.1722, 37.519 ], [ -105.174, 37.5197 ], [ -105.1736, 37.5224 ], [ -105.1739, 37.5242 ], [ -105.1761, 37.5262 ], [ -105.1774, 37.5295 ], [ -105.1771, 37.533 ], [ -105.1792, 37.5356 ], [ -105.1827, 37.5379 ], [ -105.1837, 37.5396 ], [ -105.1838, 37.541 ], [ -105.1825, 37.5419 ], [ -105.1823, 37.5426 ], [ -105.183, 37.5448 ], [ -105.1828, 37.5468 ], [ -105.1786, 37.5464 ], [ -105.1788, 37.5475 ], [ -105.181, 37.5509 ], [ -105.1839, 37.5529 ], [ -105.1837, 37.5545 ], [ -105.1843, 37.5561 ], [ -105.1884, 37.5591 ], [ -105.1947, 37.5648 ], [ -105.1936, 37.5656 ], [ -105.1934, 37.5665 ], [ -105.1961, 37.5698 ], [ -105.2009, 37.5738 ], [ -105.2054, 37.5744 ], [ -105.2121, 37.5777 ], [ -105.2142, 37.578 ], [ -105.2148, 37.5802 ], [ -105.2177, 37.5817 ], [ -105.2185, 37.5828 ], [ -105.2182, 37.5837 ], [ -105.2172, 37.5846 ], [ -105.2123, 37.5859 ], [ -105.2064, 37.5901 ], [ -105.2049, 37.5916 ], [ -105.204, 37.5941 ], [ -105.2033, 37.5946 ], [ -105.201, 37.5944 ], [ -105.1959, 37.5926 ], [ -105.1932, 37.5923 ], [ -105.1932, 37.5962 ], [ -105.1942, 37.5996 ], [ -105.1942, 37.6074 ], [ -105.195, 37.6075 ], [ -105.1958, 37.6089 ], [ -105.195, 37.6097 ], [ -105.1929, 37.6105 ], [ -105.1926, 37.6121 ], [ -105.1911, 37.6129 ], [ -105.1893, 37.6146 ], [ -105.188, 37.6153 ], [ -105.1844, 37.616 ], [ -105.1874, 37.6194 ], [ -105.19, 37.6191 ], [ -105.1946, 37.6196 ], [ -105.2008, 37.6192 ], [ -105.2028, 37.6196 ], [ -105.2123, 37.6237 ], [ -105.2149, 37.6268 ], [ -105.2192, 37.6245 ], [ -105.2199, 37.6238 ], [ -105.2202, 37.6216 ], [ -105.2209, 37.6213 ], [ -105.2272, 37.6204 ], [ -105.2358, 37.6209 ], [ -105.2366, 37.6218 ], [ -105.2419, 37.6242 ], [ -105.2434, 37.6293 ], [ -105.2459, 37.6301 ], [ -105.2511, 37.6301 ], [ -105.2531, 37.631 ], [ -105.2545, 37.6334 ], [ -105.2537, 37.6371 ], [ -105.2553, 37.6404 ], [ -105.2582, 37.6407 ], [ -105.2602, 37.6394 ], [ -105.2671, 37.6386 ], [ -105.2675, 37.64 ], [ -105.2683, 37.6407 ], [ -105.2729, 37.6409 ], [ -105.2764, 37.6454 ], [ -105.2793, 37.6463 ], [ -105.2827, 37.6454 ], [ -105.285, 37.646 ], [ -105.2867, 37.6504 ], [ -105.2875, 37.6511 ], [ -105.2895, 37.6504 ], [ -105.2911, 37.6517 ], [ -105.2951, 37.6535 ], [ -105.2956, 37.6576 ], [ -105.2972, 37.6581 ], [ -105.298, 37.6579 ], [ -105.3022, 37.6535 ], [ -105.3088, 37.6537 ], [ -105.3096, 37.6528 ], [ -105.3099, 37.6508 ], [ -105.3133, 37.6499 ], [ -105.316, 37.6483 ], [ -105.3169, 37.6488 ], [ -105.3181, 37.6489 ], [ -105.3223, 37.6463 ], [ -105.3302, 37.6432 ], [ -105.3347, 37.6433 ], [ -105.3372, 37.6427 ], [ -105.3446, 37.6424 ], [ -105.3466, 37.6414 ], [ -105.3491, 37.6378 ], [ -105.3512, 37.6385 ], [ -105.3522, 37.6383 ], [ -105.3548, 37.6373 ], [ -105.3547, 37.6362 ], [ -105.3562, 37.6367 ], [ -105.3603, 37.6367 ], [ -105.3641, 37.6386 ], [ -105.368, 37.6386 ], [ -105.37, 37.6395 ], [ -105.3736, 37.636 ], [ -105.3768, 37.6343 ], [ -105.3803, 37.6293 ], [ -105.3807, 37.6278 ], [ -105.3841, 37.6276 ], [ -105.3863, 37.6265 ], [ -105.3896, 37.6222 ], [ -105.3897, 37.6211 ], [ -105.3914, 37.6182 ], [ -105.3961, 37.6171 ], [ -105.4, 37.6139 ], [ -105.4086, 37.618 ], [ -105.4139, 37.6159 ], [ -105.4149, 37.616 ], [ -105.4166, 37.6172 ], [ -105.4229, 37.6168 ], [ -105.4288, 37.614 ], [ -105.4328, 37.6134 ], [ -105.4379, 37.6134 ], [ -105.4394, 37.6125 ], [ -105.4414, 37.6121 ], [ -105.4434, 37.6107 ], [ -105.4441, 37.6097 ], [ -105.4454, 37.6069 ], [ -105.446, 37.6042 ], [ -105.4481, 37.6021 ], [ -105.4478, 37.6002 ], [ -105.4509, 37.5984 ], [ -105.4522, 37.5962 ], [ -105.455, 37.5938 ], [ -105.4544, 37.5903 ], [ -105.4583, 37.5875 ], [ -105.4632, 37.5858 ], [ -105.4639, 37.5847 ], [ -105.4671, 37.5843 ], [ -105.4705, 37.5815 ], [ -105.4769, 37.5802 ], [ -105.4811, 37.5784 ], [ -105.4833, 37.578 ], [ -105.4855, 37.5777 ], [ -105.486, 37.5792 ], [ -105.4877, 37.5806 ], [ -105.4909, 37.5826 ], [ -105.4927, 37.5825 ], [ -105.4933, 37.5843 ], [ -105.4947, 37.5854 ], [ -105.4942, 37.5888 ], [ -105.4945, 37.5919 ], [ -105.4962, 37.5928 ], [ -105.5008, 37.5965 ], [ -105.5012, 37.5986 ], [ -105.4933, 37.6008 ], [ -105.4936, 37.604 ], [ -105.4931, 37.6055 ], [ -105.4947, 37.6078 ], [ -105.4959, 37.6122 ], [ -105.4978, 37.613 ], [ -105.4987, 37.6141 ], [ -105.4986, 37.6147 ], [ -105.4965, 37.6192 ], [ -105.4922, 37.6234 ], [ -105.4915, 37.625 ], [ -105.4924, 37.6294 ], [ -105.4919, 37.6316 ], [ -105.492, 37.6353 ], [ -105.4875, 37.645 ], [ -105.4868, 37.6498 ], [ -105.4871, 37.6531 ], [ -105.4821, 37.658 ], [ -105.4812, 37.6614 ], [ -105.4773, 37.666 ], [ -105.4774, 37.6671 ], [ -105.4785, 37.6686 ], [ -105.4788, 37.6722 ], [ -105.4769, 37.6758 ], [ -105.4766, 37.6789 ], [ -105.4776, 37.682 ], [ -105.4777, 37.6845 ], [ -105.4788, 37.686 ], [ -105.4809, 37.6874 ], [ -105.4808, 37.6919 ], [ -105.4813, 37.6934 ], [ -105.4802, 37.6965 ], [ -105.4804, 37.6982 ], [ -105.4789, 37.7003 ], [ -105.4783, 37.7021 ], [ -105.478, 37.7058 ], [ -105.4774, 37.7075 ], [ -105.4739, 37.7077 ], [ -105.4708, 37.7113 ], [ -105.4687, 37.7111 ], [ -105.467, 37.7115 ], [ -105.4641, 37.7138 ], [ -105.4627, 37.7166 ], [ -105.4612, 37.7176 ], [ -105.4601, 37.7177 ], [ -105.4588, 37.7187 ], [ -105.4573, 37.7191 ], [ -105.454, 37.7241 ], [ -105.4544, 37.7257 ], [ -105.4528, 37.7316 ], [ -105.4552, 37.734 ], [ -105.4552, 37.7359 ], [ -105.4527, 37.741 ], [ -105.4537, 37.7422 ], [ -105.454, 37.7441 ], [ -105.4569, 37.7466 ], [ -105.4572, 37.75 ], [ -105.4565, 37.7509 ], [ -105.4593, 37.7524 ], [ -105.4598, 37.7531 ], [ -105.456, 37.7567 ], [ -105.4562, 37.7579 ], [ -105.458, 37.7586 ], [ -105.4577, 37.7602 ], [ -105.4553, 37.7631 ], [ -105.4536, 37.7675 ], [ -105.4524, 37.7675 ], [ -105.4501, 37.7705 ], [ -105.4509, 37.7718 ], [ -105.451, 37.7741 ], [ -105.4502, 37.7746 ], [ -105.4508, 37.7758 ], [ -105.4496, 37.7777 ], [ -105.4492, 37.7802 ], [ -105.4518, 37.7827 ], [ -105.4523, 37.788 ], [ -105.4555, 37.7912 ], [ -105.4549, 37.7957 ], [ -105.4542, 37.7967 ], [ -105.4501, 37.7979 ], [ -105.4467, 37.8006 ], [ -105.4423, 37.8024 ], [ -105.4361, 37.8041 ], [ -105.435, 37.8056 ], [ -105.4359, 37.808 ], [ -105.4355, 37.8106 ], [ -105.4359, 37.8116 ], [ -105.4347, 37.8135 ], [ -105.4367, 37.819 ], [ -105.4346, 37.8221 ], [ -105.434, 37.8248 ], [ -105.4357, 37.8278 ], [ -105.4352, 37.8293 ], [ -105.4323, 37.8325 ], [ -105.4322, 37.834 ], [ -105.4328, 37.8351 ], [ -105.4309, 37.8377 ], [ -105.431, 37.8393 ], [ -105.4287, 37.8435 ], [ -105.4287, 37.8448 ], [ -105.431, 37.8472 ], [ -105.4299, 37.8501 ], [ -105.4288, 37.8514 ], [ -105.4292, 37.8525 ], [ -105.4319, 37.8544 ], [ -105.4322, 37.8557 ], [ -105.4339, 37.8577 ], [ -105.4371, 37.8583 ], [ -105.4368, 37.8595 ], [ -105.439, 37.861 ], [ -105.4395, 37.8628 ], [ -105.4395, 37.8668 ], [ -105.4405, 37.868 ], [ -105.4409, 37.8695 ], [ -105.4438, 37.8711 ], [ -105.4483, 37.8763 ], [ -105.4509, 37.8781 ], [ -105.4542, 37.8786 ], [ -105.4582, 37.8803 ], [ -105.4591, 37.8805 ], [ -105.4645, 37.8792 ], [ -105.4656, 37.8795 ], [ -105.4692, 37.8789 ], [ -105.4727, 37.8799 ], [ -105.4781, 37.8799 ], [ -105.4763, 37.883 ], [ -105.4773, 37.8877 ], [ -105.4766, 37.8885 ], [ -105.4763, 37.8909 ], [ -105.4739, 37.8948 ], [ -105.4735, 37.897 ], [ -105.4759, 37.8994 ], [ -105.479, 37.9005 ], [ -105.4792, 37.9015 ], [ -105.4785, 37.9035 ], [ -105.4833, 37.9054 ], [ -105.4855, 37.9082 ], [ -105.4864, 37.9084 ], [ -105.4882, 37.9098 ], [ -105.4912, 37.9153 ], [ -105.4943, 37.9172 ], [ -105.4969, 37.9202 ], [ -105.5017, 37.9225 ], [ -105.5028, 37.9236 ], [ -105.5057, 37.9279 ], [ -105.508, 37.9354 ], [ -105.51, 37.9372 ], [ -105.5111, 37.9389 ], [ -105.5146, 37.9401 ], [ -105.516, 37.9418 ], [ -105.5217, 37.9458 ], [ -105.5235, 37.9479 ], [ -105.5253, 37.9484 ], [ -105.5266, 37.9494 ], [ -105.5307, 37.9536 ], [ -105.5332, 37.955 ], [ -105.5376, 37.9549 ], [ -105.5433, 37.9564 ], [ -105.5485, 37.9552 ], [ -105.5504, 37.9536 ], [ -105.5522, 37.9505 ], [ -105.5591, 37.9515 ], [ -105.5608, 37.9522 ], [ -105.5638, 37.9551 ], [ -105.5668, 37.9569 ], [ -105.5705, 37.9583 ], [ -105.5718, 37.9593 ], [ -105.5728, 37.9611 ], [ -105.5752, 37.9631 ], [ -105.5762, 37.9646 ], [ -105.5788, 37.9659 ], [ -105.5816, 37.9662 ], [ -105.5828, 37.966 ], [ -105.5832, 37.9668 ], [ -105.5842, 37.9673 ], [ -105.5843, 37.969 ], [ -105.5852, 37.9702 ], [ -105.5842, 37.9727 ], [ -105.5816, 37.9751 ], [ -105.5824, 37.9786 ], [ -105.5837, 37.9799 ], [ -105.5844, 37.9795 ], [ -105.5858, 37.9795 ], [ -105.5875, 37.9857 ], [ -105.588, 37.9866 ], [ -105.5894, 37.987 ], [ -105.5903, 37.988 ], [ -105.5921, 37.992 ], [ -105.5946, 37.9937 ], [ -105.5958, 37.9963 ], [ -105.5986, 37.9974 ], [ -105.6004, 37.9999 ], [ -105.6004, 38.0014 ], [ -105.6011, 38.0025 ], [ -105.604, 38.0037 ], [ -105.6047, 38.0048 ], [ -105.6049, 38.0072 ], [ -105.6042, 38.0088 ], [ -105.599, 38.0113 ], [ -105.5977, 38.0122 ], [ -105.5972, 38.0134 ], [ -105.5983, 38.0164 ], [ -105.5982, 38.02 ], [ -105.5988, 38.0227 ], [ -105.601, 38.0239 ], [ -105.6031, 38.027 ], [ -105.6032, 38.0309 ], [ -105.6095, 38.0324 ], [ -105.6088, 38.0334 ], [ -105.609, 38.0348 ], [ -105.6133, 38.038 ], [ -105.6151, 38.0437 ], [ -105.6181, 38.0473 ], [ -105.6179, 38.0532 ], [ -105.62, 38.0536 ], [ -105.6283, 38.0573 ], [ -105.6261, 38.0612 ], [ -105.6272, 38.0674 ], [ -105.6323, 38.0685 ], [ -105.6363, 38.0715 ], [ -105.6373, 38.073 ], [ -105.6366, 38.0749 ], [ -105.637, 38.0763 ], [ -105.6395, 38.0786 ], [ -105.6415, 38.0791 ], [ -105.6454, 38.0827 ], [ -105.6466, 38.0852 ], [ -105.6495, 38.0866 ], [ -105.6527, 38.09 ], [ -105.6555, 38.0918 ], [ -105.655, 38.0934 ], [ -105.6554, 38.0956 ], [ -105.6586, 38.0971 ], [ -105.6613, 38.1004 ], [ -105.6615, 38.103 ], [ -105.6623, 38.1045 ], [ -105.6613, 38.1115 ], [ -105.6599, 38.1124 ], [ -105.6576, 38.1174 ], [ -105.6616, 38.1186 ], [ -105.663, 38.1196 ], [ -105.6636, 38.1221 ], [ -105.6663, 38.1257 ], [ -105.6701, 38.1287 ], [ -105.6697, 38.1309 ], [ -105.6708, 38.132 ], [ -105.673, 38.1363 ], [ -105.6733, 38.1385 ], [ -105.6725, 38.1403 ], [ -105.6744, 38.1414 ], [ -105.6763, 38.1461 ], [ -105.6761, 38.1466 ], [ -105.6732, 38.1481 ], [ -105.6703, 38.153 ], [ -105.6721, 38.1548 ], [ -105.6732, 38.1592 ], [ -105.6774, 38.1597 ], [ -105.6813, 38.1608 ], [ -105.6862, 38.1652 ], [ -105.6869, 38.167 ], [ -105.6907, 38.1666 ], [ -105.6933, 38.1658 ], [ -105.6992, 38.1679 ], [ -105.7009, 38.1698 ], [ -105.7014, 38.1729 ], [ -105.7025, 38.1746 ], [ -105.7051, 38.1763 ], [ -105.7067, 38.178 ], [ -105.7079, 38.1797 ], [ -105.7084, 38.1818 ], [ -105.7133, 38.1834 ], [ -105.7163, 38.1853 ], [ -105.7179, 38.1889 ], [ -105.7211, 38.1913 ], [ -105.7236, 38.1956 ], [ -105.727, 38.1997 ], [ -105.7316, 38.2009 ], [ -105.7331, 38.2009 ], [ -105.734, 38.2043 ], [ -105.7364, 38.2093 ], [ -105.7409, 38.2103 ], [ -105.7449, 38.2145 ], [ -105.7477, 38.2141 ], [ -105.7506, 38.2143 ], [ -105.7562, 38.2185 ], [ -105.7566, 38.2191 ], [ -105.7562, 38.2237 ], [ -105.7598, 38.2287 ], [ -105.7663, 38.2312 ], [ -105.7674, 38.232 ], [ -105.7685, 38.234 ], [ -105.7758, 38.2361 ], [ -105.7809, 38.2392 ], [ -105.7834, 38.2395 ], [ -105.7882, 38.2423 ], [ -105.7899, 38.2445 ], [ -105.7892, 38.2462 ], [ -105.7894, 38.2518 ], [ -105.7925, 38.255 ], [ -105.7956, 38.2597 ], [ -105.7969, 38.2625 ], [ -105.7974, 38.2655 ], [ -105.7971, 38.2664 ], [ -105.7993, 38.2685 ], [ -105.7998, 38.2699 ], [ -105.8072, 38.2711 ], [ -105.8113, 38.273 ], [ -105.8144, 38.2728 ], [ -105.8182, 38.2739 ], [ -105.8194, 38.2735 ], [ -105.8223, 38.2764 ], [ -105.8274, 38.2786 ], [ -105.8285, 38.2812 ], [ -105.8317, 38.2859 ], [ -105.8368, 38.288 ], [ -105.8408, 38.2923 ], [ -105.8431, 38.2933 ], [ -105.8463, 38.2906 ], [ -105.8479, 38.2911 ], [ -105.8496, 38.2922 ], [ -105.8509, 38.295 ], [ -105.8534, 38.2966 ], [ -105.8586, 38.2987 ], [ -105.8616, 38.3032 ], [ -105.8674, 38.306 ], [ -105.8689, 38.3088 ], [ -105.872, 38.3108 ], [ -105.8742, 38.3151 ], [ -105.8767, 38.3163 ], [ -105.8769, 38.3188 ], [ -105.8798, 38.3212 ], [ -105.8823, 38.3273 ], [ -105.8852, 38.3289 ], [ -105.8872, 38.3317 ], [ -105.887, 38.3325 ], [ -105.8887, 38.3344 ], [ -105.8885, 38.3382 ], [ -105.889, 38.3411 ], [ -105.891, 38.3415 ], [ -105.8925, 38.3431 ], [ -105.8937, 38.3465 ], [ -105.8953, 38.3473 ], [ -105.8982, 38.3501 ], [ -105.9014, 38.3514 ], [ -105.9021, 38.3524 ], [ -105.9064, 38.3534 ], [ -105.9094, 38.3552 ], [ -105.9125, 38.3615 ], [ -105.9179, 38.3632 ], [ -105.9206, 38.3678 ], [ -105.9217, 38.3675 ], [ -105.9236, 38.3677 ], [ -105.9248, 38.3686 ], [ -105.9279, 38.3689 ], [ -105.9321, 38.37 ], [ -105.936, 38.3731 ], [ -105.9382, 38.3736 ], [ -105.9402, 38.3768 ], [ -105.9444, 38.3785 ], [ -105.9454, 38.3829 ], [ -105.947, 38.3853 ], [ -105.9477, 38.3905 ], [ -105.9501, 38.3926 ], [ -105.9505, 38.3936 ], [ -105.9565, 38.3949 ], [ -105.9598, 38.3974 ], [ -105.96, 38.4016 ], [ -105.961, 38.4035 ], [ -105.9633, 38.4048 ], [ -105.9654, 38.4068 ], [ -105.97, 38.41 ], [ -105.9731, 38.4095 ], [ -105.9736, 38.4098 ], [ -105.9743, 38.4109 ], [ -105.9796, 38.4146 ], [ -105.9804, 38.4173 ], [ -105.9831, 38.419 ], [ -105.984, 38.4203 ], [ -105.9846, 38.4196 ], [ -105.9877, 38.4189 ], [ -105.9936, 38.4194 ], [ -105.9965, 38.4202 ], [ -106.0008, 38.425 ], [ -106.0004, 38.427 ], [ -106.0019, 38.4314 ], [ -106.0074, 38.4329 ], [ -106.0086, 38.4355 ], [ -106.0107, 38.4369 ], [ -106.0123, 38.4389 ], [ -106.0128, 38.4406 ], [ -106.0126, 38.4448 ], [ -106.0111, 38.4466 ], [ -106.0157, 38.4474 ], [ -106.0176, 38.4483 ], [ -106.0175, 38.4522 ], [ -106.0188, 38.4542 ], [ -106.0216, 38.4544 ], [ -106.0239, 38.4539 ], [ -106.031, 38.4535 ], [ -106.0388, 38.4561 ], [ -106.0418, 38.4573 ], [ -106.0428, 38.4582 ], [ -106.0439, 38.4574 ], [ -106.0509, 38.4544 ], [ -106.0557, 38.4549 ], [ -106.0586, 38.4567 ], [ -106.0593, 38.4562 ], [ -106.0601, 38.4549 ], [ -106.0601, 38.4529 ], [ -106.0622, 38.451 ], [ -106.0606, 38.4489 ], [ -106.059, 38.448 ], [ -106.0582, 38.4442 ], [ -106.064, 38.4369 ], [ -106.0654, 38.4358 ], [ -106.0666, 38.4337 ], [ -106.0702, 38.4323 ], [ -106.0695, 38.4303 ], [ -106.0712, 38.4292 ], [ -106.072, 38.4276 ], [ -106.0742, 38.4266 ], [ -106.0747, 38.4248 ], [ -106.0768, 38.4236 ], [ -106.0834, 38.423 ], [ -106.0862, 38.424 ], [ -106.0881, 38.421 ], [ -106.0889, 38.4186 ], [ -106.0917, 38.4181 ], [ -106.0935, 38.4167 ], [ -106.0959, 38.4137 ], [ -106.101, 38.4123 ], [ -106.1042, 38.4096 ], [ -106.1118, 38.4054 ], [ -106.1151, 38.4041 ], [ -106.1131, 38.4013 ], [ -106.114, 38.4004 ], [ -106.1161, 38.3994 ], [ -106.1167, 38.3978 ], [ -106.1154, 38.3949 ], [ -106.1128, 38.3915 ], [ -106.1127, 38.3891 ], [ -106.1101, 38.3861 ], [ -106.1104, 38.3834 ], [ -106.1082, 38.3797 ], [ -106.1135, 38.3781 ], [ -106.1168, 38.3741 ], [ -106.1182, 38.3736 ], [ -106.1191, 38.3735 ], [ -106.1242, 38.3752 ], [ -106.1271, 38.3717 ], [ -106.1281, 38.3678 ], [ -106.1341, 38.3683 ], [ -106.1342, 38.3666 ], [ -106.136, 38.363 ], [ -106.136, 38.3616 ], [ -106.141, 38.3586 ], [ -106.1435, 38.3562 ], [ -106.1435, 38.354 ], [ -106.142, 38.3512 ], [ -106.1435, 38.3527 ], [ -106.1449, 38.3534 ], [ -106.1521, 38.3557 ], [ -106.1552, 38.3528 ], [ -106.1566, 38.353 ], [ -106.1571, 38.3487 ], [ -106.1603, 38.3428 ], [ -106.1657, 38.343 ], [ -106.1757, 38.3404 ], [ -106.1804, 38.3411 ], [ -106.1837, 38.342 ], [ -106.1858, 38.3433 ], [ -106.1911, 38.3483 ], [ -106.1928, 38.3485 ], [ -106.1935, 38.3472 ], [ -106.1938, 38.3445 ], [ -106.195, 38.3429 ], [ -106.1954, 38.3416 ], [ -106.1992, 38.341 ], [ -106.2011, 38.3397 ], [ -106.2011, 38.3389 ], [ -106.2026, 38.3374 ], [ -106.2043, 38.337 ], [ -106.2062, 38.3334 ], [ -106.2111, 38.3324 ], [ -106.2144, 38.3334 ], [ -106.2215, 38.3281 ], [ -106.2241, 38.3313 ], [ -106.2258, 38.3321 ], [ -106.2267, 38.3331 ], [ -106.2272, 38.3351 ], [ -106.2298, 38.3398 ], [ -106.2308, 38.3394 ], [ -106.2343, 38.339 ], [ -106.2402, 38.3416 ], [ -106.2466, 38.3419 ], [ -106.2484, 38.3452 ], [ -106.2529, 38.3476 ], [ -106.2517, 38.3484 ], [ -106.2512, 38.3495 ], [ -106.2439, 38.3523 ], [ -106.2434, 38.3537 ], [ -106.244, 38.3586 ], [ -106.2406, 38.3625 ], [ -106.2397, 38.3628 ], [ -106.238, 38.3662 ], [ -106.2373, 38.3688 ], [ -106.2373, 38.3697 ], [ -106.2392, 38.3717 ], [ -106.2392, 38.3733 ], [ -106.2403, 38.3751 ], [ -106.2386, 38.3771 ], [ -106.2372, 38.3797 ], [ -106.2394, 38.381 ], [ -106.2401, 38.382 ], [ -106.2407, 38.3844 ], [ -106.2424, 38.3864 ], [ -106.2424, 38.3885 ], [ -106.2463, 38.3908 ], [ -106.2521, 38.3975 ], [ -106.2522, 38.3988 ], [ -106.2532, 38.4002 ], [ -106.2526, 38.4026 ], [ -106.2467, 38.4116 ], [ -106.2467, 38.4158 ], [ -106.2441, 38.4187 ], [ -106.2458, 38.4198 ], [ -106.247, 38.4214 ], [ -106.2473, 38.4232 ], [ -106.2489, 38.4262 ], [ -106.249, 38.4303 ], [ -106.2496, 38.4333 ], [ -106.2486, 38.4357 ], [ -106.2457, 38.4392 ], [ -106.2532, 38.4404 ], [ -106.2576, 38.4419 ], [ -106.2627, 38.4421 ], [ -106.2657, 38.4416 ], [ -106.2696, 38.4445 ], [ -106.2715, 38.4471 ], [ -106.2722, 38.45 ], [ -106.2724, 38.4552 ], [ -106.2779, 38.4543 ], [ -106.2806, 38.4544 ], [ -106.2832, 38.4562 ], [ -106.2846, 38.458 ], [ -106.2884, 38.4613 ], [ -106.2899, 38.4661 ], [ -106.2895, 38.4706 ], [ -106.2906, 38.4721 ], [ -106.2905, 38.4734 ], [ -106.2953, 38.4756 ], [ -106.2995, 38.4757 ], [ -106.3023, 38.4766 ], [ -106.3042, 38.4779 ], [ -106.3045, 38.4788 ], [ -106.3041, 38.4799 ], [ -106.3064, 38.4822 ], [ -106.3068, 38.4842 ], [ -106.3091, 38.4874 ], [ -106.3097, 38.4905 ], [ -106.3124, 38.4948 ], [ -106.3152, 38.4945 ], [ -106.3179, 38.495 ], [ -106.3203, 38.4978 ], [ -106.3231, 38.497 ], [ -106.3277, 38.4966 ], [ -106.3297, 38.4937 ], [ -106.3302, 38.4937 ], [ -106.3366, 38.497 ], [ -106.3389, 38.4993 ], [ -106.3392, 38.5013 ], [ -106.3426, 38.5029 ], [ -106.3441, 38.5044 ], [ -106.3479, 38.5125 ], [ -106.345, 38.5167 ], [ -106.3438, 38.5174 ], [ -106.3427, 38.5213 ], [ -106.3444, 38.523 ], [ -106.3462, 38.526 ], [ -106.3471, 38.5286 ], [ -106.3504, 38.5315 ], [ -106.3543, 38.5335 ], [ -106.3547, 38.5366 ], [ -106.3537, 38.5392 ], [ -106.355, 38.5426 ], [ -106.3537, 38.5467 ], [ -106.3534, 38.5502 ], [ -106.3506, 38.5526 ], [ -106.3507, 38.5543 ], [ -106.3499, 38.5559 ], [ -106.3468, 38.5587 ], [ -106.3474, 38.5604 ], [ -106.3467, 38.5629 ], [ -106.3471, 38.5648 ], [ -106.3447, 38.5685 ], [ -106.3465, 38.5714 ], [ -106.3517, 38.5771 ], [ -106.3519, 38.5788 ], [ -106.3533, 38.5815 ], [ -106.3515, 38.5831 ], [ -106.3514, 38.5836 ], [ -106.3551, 38.5874 ], [ -106.356, 38.5901 ], [ -106.3573, 38.5911 ], [ -106.3582, 38.5927 ], [ -106.3609, 38.5945 ], [ -106.3611, 38.5958 ], [ -106.3594, 38.5998 ], [ -106.3644, 38.6056 ], [ -106.3637, 38.6116 ], [ -106.3643, 38.6145 ], [ -106.365, 38.6157 ], [ -106.3691, 38.6186 ], [ -106.3743, 38.6209 ], [ -106.3761, 38.6209 ], [ -106.3788, 38.62 ], [ -106.3812, 38.6208 ], [ -106.382, 38.6216 ], [ -106.3825, 38.6231 ], [ -106.3842, 38.6238 ], [ -106.3856, 38.6254 ], [ -106.3862, 38.628 ], [ -106.3851, 38.6327 ], [ -106.3818, 38.6353 ], [ -106.3801, 38.6376 ], [ -106.38, 38.6386 ], [ -106.3851, 38.6388 ], [ -106.3894, 38.641 ], [ -106.3924, 38.6403 ], [ -106.3971, 38.6404 ], [ -106.3985, 38.6399 ], [ -106.4011, 38.6398 ], [ -106.4022, 38.6422 ], [ -106.4015, 38.6433 ], [ -106.4017, 38.6458 ], [ -106.4084, 38.6477 ], [ -106.4116, 38.6472 ], [ -106.4146, 38.6456 ], [ -106.4176, 38.6446 ], [ -106.42, 38.6467 ], [ -106.4225, 38.6473 ], [ -106.4252, 38.6497 ], [ -106.4295, 38.6514 ], [ -106.43, 38.6545 ], [ -106.429, 38.6575 ], [ -106.4311, 38.6631 ], [ -106.4313, 38.6667 ], [ -106.4318, 38.6679 ], [ -106.4338, 38.6689 ], [ -106.436, 38.6716 ], [ -106.436, 38.6739 ], [ -106.4378, 38.6763 ], [ -106.437, 38.6784 ], [ -106.4382, 38.6833 ], [ -106.4403, 38.6869 ], [ -106.446, 38.6891 ], [ -106.4461, 38.6901 ], [ -106.4481, 38.6929 ], [ -106.4508, 38.6951 ], [ -106.452, 38.6985 ], [ -106.4486, 38.7048 ], [ -106.4456, 38.7057 ], [ -106.4436, 38.7093 ], [ -106.4383, 38.7087 ], [ -106.4365, 38.7091 ], [ -106.4321, 38.7087 ], [ -106.4294, 38.7097 ], [ -106.4252, 38.7103 ], [ -106.4233, 38.7159 ], [ -106.4229, 38.7192 ], [ -106.4233, 38.7205 ], [ -106.421, 38.7229 ], [ -106.4187, 38.7244 ], [ -106.4167, 38.7275 ], [ -106.4168, 38.7337 ], [ -106.4185, 38.7354 ], [ -106.4199, 38.7385 ], [ -106.4181, 38.7413 ], [ -106.418, 38.7459 ], [ -106.4185, 38.7489 ], [ -106.4199, 38.7513 ], [ -106.417, 38.7556 ], [ -106.415, 38.7572 ], [ -106.4161, 38.7595 ], [ -106.4161, 38.7617 ], [ -106.417, 38.7645 ], [ -106.4192, 38.7663 ], [ -106.4177, 38.7687 ], [ -106.4175, 38.7706 ], [ -106.4164, 38.771 ], [ -106.4153, 38.7725 ], [ -106.4137, 38.7791 ], [ -106.4147, 38.7807 ], [ -106.4167, 38.7869 ], [ -106.4149, 38.7892 ], [ -106.4132, 38.79 ], [ -106.4128, 38.7907 ], [ -106.4144, 38.7955 ], [ -106.4146, 38.7992 ], [ -106.418, 38.801 ], [ -106.4187, 38.8031 ], [ -106.4208, 38.8045 ], [ -106.4227, 38.8083 ], [ -106.4206, 38.8112 ], [ -106.416, 38.8138 ], [ -106.4149, 38.8155 ], [ -106.416, 38.8242 ], [ -106.4139, 38.8246 ], [ -106.4118, 38.8256 ], [ -106.4098, 38.8275 ], [ -106.4068, 38.8294 ], [ -106.4028, 38.8264 ], [ -106.3991, 38.8254 ], [ -106.3968, 38.8228 ], [ -106.3944, 38.8224 ], [ -106.3913, 38.8227 ], [ -106.3835, 38.8247 ], [ -106.3836, 38.8282 ], [ -106.3829, 38.8312 ], [ -106.3819, 38.8328 ], [ -106.3791, 38.8348 ], [ -106.3786, 38.8361 ], [ -106.376, 38.8365 ], [ -106.3735, 38.8377 ], [ -106.3702, 38.8385 ], [ -106.37, 38.8406 ], [ -106.3683, 38.8419 ], [ -106.3669, 38.8442 ], [ -106.3648, 38.8457 ], [ -106.3645, 38.8464 ], [ -106.3653, 38.8477 ], [ -106.365, 38.8532 ], [ -106.3612, 38.8536 ], [ -106.3573, 38.8551 ], [ -106.3537, 38.8556 ], [ -106.3515, 38.8556 ], [ -106.3493, 38.8548 ], [ -106.3487, 38.8569 ], [ -106.349, 38.8649 ], [ -106.3466, 38.8674 ], [ -106.3425, 38.8692 ], [ -106.3403, 38.871 ], [ -106.3359, 38.872 ], [ -106.3366, 38.8753 ], [ -106.334, 38.8813 ], [ -106.3323, 38.881 ], [ -106.3275, 38.8824 ], [ -106.3263, 38.8846 ], [ -106.3265, 38.8875 ], [ -106.3259, 38.8893 ], [ -106.321, 38.8934 ], [ -106.3206, 38.8947 ], [ -106.3208, 38.8958 ], [ -106.323, 38.8984 ], [ -106.3247, 38.903 ], [ -106.3241, 38.905 ], [ -106.3262, 38.9111 ], [ -106.3311, 38.9118 ], [ -106.3347, 38.9118 ], [ -106.338, 38.9088 ], [ -106.3455, 38.9072 ], [ -106.3488, 38.9092 ], [ -106.3508, 38.9097 ], [ -106.3575, 38.913 ], [ -106.3618, 38.9124 ], [ -106.3644, 38.9109 ], [ -106.3662, 38.9096 ], [ -106.3675, 38.9071 ], [ -106.3731, 38.9066 ], [ -106.3761, 38.9094 ], [ -106.3756, 38.9131 ], [ -106.3771, 38.9184 ], [ -106.3769, 38.9227 ], [ -106.3809, 38.9258 ], [ -106.3835, 38.9236 ], [ -106.386, 38.923 ], [ -106.3873, 38.9209 ], [ -106.3924, 38.9186 ], [ -106.393, 38.917 ], [ -106.3931, 38.9135 ], [ -106.3938, 38.9124 ], [ -106.3994, 38.9119 ], [ -106.4024, 38.9107 ], [ -106.4061, 38.9131 ], [ -106.4074, 38.9147 ], [ -106.4118, 38.9157 ], [ -106.4133, 38.9165 ], [ -106.417, 38.9207 ], [ -106.4183, 38.9267 ], [ -106.4197, 38.9278 ], [ -106.4214, 38.9281 ], [ -106.4248, 38.9261 ], [ -106.4275, 38.9258 ], [ -106.4307, 38.9244 ], [ -106.4342, 38.9199 ], [ -106.4349, 38.9181 ], [ -106.4368, 38.9162 ], [ -106.4373, 38.9149 ], [ -106.4424, 38.9155 ], [ -106.4456, 38.914 ], [ -106.4481, 38.9142 ], [ -106.4498, 38.913 ], [ -106.4539, 38.9126 ], [ -106.4579, 38.91 ], [ -106.4621, 38.9112 ], [ -106.465, 38.9104 ], [ -106.4695, 38.9126 ], [ -106.472, 38.9158 ], [ -106.4751, 38.9162 ], [ -106.4804, 38.9184 ], [ -106.482, 38.9206 ], [ -106.4862, 38.9225 ], [ -106.49, 38.9264 ], [ -106.4907, 38.9296 ], [ -106.4935, 38.9309 ], [ -106.4956, 38.9329 ], [ -106.4984, 38.9345 ], [ -106.5016, 38.9351 ], [ -106.5028, 38.9364 ], [ -106.5043, 38.9368 ], [ -106.5059, 38.9405 ], [ -106.5054, 38.9444 ], [ -106.5071, 38.9459 ], [ -106.5121, 38.947 ], [ -106.5156, 38.9486 ], [ -106.5168, 38.9504 ], [ -106.5185, 38.9516 ], [ -106.5199, 38.9539 ], [ -106.5212, 38.9536 ], [ -106.5265, 38.9552 ], [ -106.5285, 38.9599 ], [ -106.5263, 38.9626 ], [ -106.5236, 38.9648 ], [ -106.522, 38.9686 ], [ -106.5243, 38.971 ], [ -106.5267, 38.9775 ], [ -106.5284, 38.9806 ], [ -106.5345, 38.9824 ], [ -106.5419, 38.9881 ], [ -106.5438, 38.9888 ], [ -106.5471, 38.9911 ], [ -106.5512, 38.9918 ], [ -106.5542, 38.9986 ], [ -106.5567, 38.9981 ], [ -106.5601, 38.9985 ], [ -106.5661, 38.9938 ], [ -106.5697, 38.9945 ], [ -106.5747, 38.9928 ], [ -106.5772, 38.9904 ], [ -106.5799, 38.9918 ], [ -106.583, 38.9915 ], [ -106.5861, 38.9928 ], [ -106.5905, 38.9913 ], [ -106.595, 38.991 ], [ -106.5993, 38.998 ], [ -106.5946, 39.0028 ], [ -106.5943, 39.0058 ], [ -106.5955, 39.0104 ], [ -106.5952, 39.0145 ], [ -106.5943, 39.0169 ], [ -106.5952, 39.0177 ], [ -106.5946, 39.02 ], [ -106.5948, 39.022 ], [ -106.5944, 39.023 ], [ -106.5923, 39.0242 ], [ -106.5914, 39.0255 ], [ -106.5937, 39.0301 ], [ -106.5979, 39.0317 ], [ -106.5997, 39.0345 ], [ -106.5996, 39.036 ], [ -106.5977, 39.0402 ], [ -106.5973, 39.0446 ], [ -106.5954, 39.0453 ], [ -106.5891, 39.0456 ], [ -106.5846, 39.0467 ], [ -106.5798, 39.0495 ], [ -106.5778, 39.0524 ], [ -106.5784, 39.0562 ], [ -106.5771, 39.0629 ], [ -106.5777, 39.0721 ], [ -106.5795, 39.0746 ], [ -106.5798, 39.0768 ], [ -106.5792, 39.0783 ], [ -106.577, 39.0794 ], [ -106.5798, 39.081 ], [ -106.5812, 39.0825 ], [ -106.5839, 39.0833 ], [ -106.5851, 39.0843 ], [ -106.5868, 39.0894 ], [ -106.586, 39.0922 ], [ -106.5864, 39.0957 ], [ -106.5807, 39.101 ], [ -106.5755, 39.1041 ], [ -106.5736, 39.1045 ], [ -106.5699, 39.1039 ], [ -106.5661, 39.1058 ], [ -106.5636, 39.1064 ], [ -106.5638, 39.108 ], [ -106.5649, 39.1089 ], [ -106.5648, 39.1132 ], [ -106.5636, 39.1154 ], [ -106.5592, 39.1191 ], [ -106.5582, 39.121 ], [ -106.558, 39.124 ], [ -106.5591, 39.1249 ], [ -106.5605, 39.1285 ], [ -106.5639, 39.1312 ], [ -106.5648, 39.1328 ], [ -106.5596, 39.1396 ], [ -106.5589, 39.1439 ], [ -106.5609, 39.1463 ], [ -106.5609, 39.1496 ], [ -106.5622, 39.1505 ], [ -106.5627, 39.1518 ], [ -106.5617, 39.1549 ], [ -106.5613, 39.1557 ], [ -106.5571, 39.157 ], [ -106.5518, 39.1615 ], [ -106.5456, 39.1591 ], [ -106.5388, 39.1579 ], [ -106.5381, 39.158 ], [ -106.5364, 39.1594 ], [ -106.5357, 39.163 ], [ -106.535, 39.1631 ], [ -106.5311, 39.1613 ], [ -106.5273, 39.1609 ], [ -106.5213, 39.1574 ], [ -106.5199, 39.1583 ], [ -106.5189, 39.1597 ], [ -106.5141, 39.1618 ], [ -106.5126, 39.1631 ], [ -106.5113, 39.1634 ], [ -106.5088, 39.1666 ], [ -106.5085, 39.1683 ], [ -106.5091, 39.169 ], [ -106.5089, 39.1703 ], [ -106.51, 39.1746 ], [ -106.5084, 39.178 ], [ -106.5046, 39.1792 ], [ -106.5, 39.1834 ], [ -106.4993, 39.1846 ], [ -106.4981, 39.1925 ], [ -106.4956, 39.1946 ], [ -106.4937, 39.1983 ], [ -106.4946, 39.2001 ], [ -106.4939, 39.2069 ], [ -106.4951, 39.2086 ], [ -106.4945, 39.2118 ], [ -106.4929, 39.2153 ], [ -106.494, 39.2194 ], [ -106.493, 39.2204 ], [ -106.4917, 39.2208 ], [ -106.4921, 39.2218 ], [ -106.4912, 39.2228 ], [ -106.4923, 39.2253 ], [ -106.4897, 39.2278 ], [ -106.4932, 39.2296 ], [ -106.4947, 39.2319 ], [ -106.4973, 39.2328 ], [ -106.4988, 39.2352 ], [ -106.498, 39.2396 ], [ -106.4969, 39.2409 ], [ -106.4977, 39.242 ], [ -106.4968, 39.2433 ], [ -106.4885, 39.2486 ], [ -106.4863, 39.2526 ], [ -106.4861, 39.2539 ], [ -106.4832, 39.2551 ], [ -106.483, 39.2582 ], [ -106.4811, 39.2595 ], [ -106.4811, 39.26 ], [ -106.4818, 39.262 ], [ -106.4842, 39.2657 ], [ -106.4835, 39.2681 ], [ -106.4838, 39.2715 ], [ -106.483, 39.2726 ], [ -106.4901, 39.2733 ], [ -106.4941, 39.278 ], [ -106.4962, 39.278 ], [ -106.4985, 39.2792 ], [ -106.4999, 39.2816 ], [ -106.5041, 39.2849 ], [ -106.5044, 39.2875 ], [ -106.5028, 39.2905 ], [ -106.5035, 39.2953 ], [ -106.5025, 39.2984 ], [ -106.5001, 39.3013 ], [ -106.4927, 39.3039 ], [ -106.4928, 39.3052 ], [ -106.492, 39.3062 ], [ -106.4893, 39.3084 ], [ -106.4875, 39.309 ], [ -106.4872, 39.3104 ], [ -106.4851, 39.3127 ], [ -106.4822, 39.3131 ], [ -106.4765, 39.3151 ], [ -106.4762, 39.3124 ], [ -106.474, 39.3094 ], [ -106.4727, 39.3083 ], [ -106.4705, 39.3078 ], [ -106.4695, 39.3081 ], [ -106.4683, 39.3073 ], [ -106.4683, 39.3081 ], [ -106.4675, 39.3086 ], [ -106.4669, 39.3103 ], [ -106.4658, 39.3115 ], [ -106.4634, 39.3114 ], [ -106.4621, 39.3124 ], [ -106.4595, 39.313 ], [ -106.4547, 39.3121 ], [ -106.4532, 39.3137 ], [ -106.4525, 39.3156 ], [ -106.4512, 39.3164 ], [ -106.4489, 39.3167 ], [ -106.4455, 39.3154 ], [ -106.4435, 39.3152 ], [ -106.4394, 39.3169 ], [ -106.434, 39.317 ], [ -106.4325, 39.3162 ], [ -106.4271, 39.3233 ], [ -106.4288, 39.3283 ], [ -106.4287, 39.3317 ], [ -106.4295, 39.3339 ], [ -106.4288, 39.3353 ], [ -106.4318, 39.3356 ], [ -106.4335, 39.3375 ], [ -106.435, 39.341 ], [ -106.4353, 39.3468 ], [ -106.4338, 39.3508 ], [ -106.4335, 39.3541 ], [ -106.4313, 39.3568 ], [ -106.4295, 39.3578 ], [ -106.4294, 39.3592 ], [ -106.4284, 39.3605 ], [ -106.4216, 39.3638 ], [ -106.4176, 39.367 ], [ -106.4148, 39.3674 ], [ -106.4126, 39.3706 ], [ -106.4079, 39.374 ], [ -106.405, 39.3791 ], [ -106.4034, 39.3801 ], [ -106.4001, 39.3811 ], [ -106.3986, 39.3803 ], [ -106.391, 39.3793 ], [ -106.3897, 39.378 ], [ -106.387, 39.3769 ], [ -106.3806, 39.3763 ], [ -106.3786, 39.3714 ], [ -106.3785, 39.3699 ], [ -106.3763, 39.3681 ], [ -106.3753, 39.3661 ], [ -106.3717, 39.362 ], [ -106.37, 39.3609 ], [ -106.3657, 39.3604 ], [ -106.3595, 39.3558 ], [ -106.3573, 39.3556 ], [ -106.3514, 39.3538 ], [ -106.3492, 39.3554 ], [ -106.3458, 39.3565 ], [ -106.3436, 39.3578 ], [ -106.3389, 39.359 ], [ -106.3375, 39.3592 ], [ -106.3336, 39.3585 ], [ -106.3265, 39.3594 ], [ -106.3238, 39.359 ], [ -106.3207, 39.3594 ], [ -106.3155, 39.3616 ], [ -106.312, 39.3623 ], [ -106.3029, 39.3611 ], [ -106.3005, 39.36 ], [ -106.2928, 39.3548 ], [ -106.2891, 39.353 ], [ -106.2858, 39.3523 ], [ -106.2838, 39.3495 ], [ -106.2825, 39.3511 ], [ -106.28, 39.3522 ], [ -106.2751, 39.3556 ], [ -106.2725, 39.3565 ], [ -106.2711, 39.3581 ], [ -106.2681, 39.3588 ], [ -106.2633, 39.359 ], [ -106.2593, 39.3621 ], [ -106.2528, 39.3594 ], [ -106.2511, 39.3577 ], [ -106.2504, 39.3604 ], [ -106.2485, 39.362 ], [ -106.2446, 39.3643 ], [ -106.2393, 39.3659 ], [ -106.2381, 39.3666 ], [ -106.2363, 39.3704 ], [ -106.2343, 39.3724 ], [ -106.2318, 39.3734 ], [ -106.2289, 39.3733 ], [ -106.2285, 39.374 ], [ -106.2271, 39.3742 ], [ -106.2267, 39.377 ], [ -106.2256, 39.3789 ], [ -106.2255, 39.3814 ], [ -106.217, 39.3833 ], [ -106.211, 39.383 ], [ -106.2097, 39.3823 ], [ -106.2067, 39.3796 ], [ -106.201, 39.371 ], [ -106.198, 39.3683 ], [ -106.1958, 39.368 ], [ -106.1917, 39.3684 ], [ -106.1908, 39.3675 ], [ -106.1866, 39.368 ], [ -106.183, 39.3663 ], [ -106.1815, 39.3661 ], [ -106.1784, 39.3667 ], [ -106.1771, 39.3678 ], [ -106.1748, 39.3674 ], [ -106.1744, 39.3683 ], [ -106.1735, 39.3685 ], [ -106.1723, 39.3666 ], [ -106.1714, 39.3662 ], [ -106.1684, 39.3664 ], [ -106.1622, 39.362 ], [ -106.1599, 39.3619 ], [ -106.157, 39.3629 ], [ -106.1531, 39.3626 ] ] ] } },
{ "type": "Feature", "properties": { "id": "110400" }, "geometry": { "type": "MultiPolygon", "coordinates": [ [ [ [ -103.883, 36.997 ], [ -103.891, 36.9969 ], [ -103.8845, 36.9984 ], [ -103.8837, 36.9982 ], [ -103.883, 36.997 ] ] ], [ [ [ -103.9047, 36.9968 ], [ -103.9071, 36.9968 ], [ -103.9041, 36.9983 ], [ -103.9028, 36.9984 ], [ -103.899, 36.9968 ], [ -103.9047, 36.9968 ] ] ], [ [ [ -102.0915, 37.9102 ], [ -102.089, 37.9087 ], [ -102.0876, 37.9069 ], [ -102.083, 37.9049 ], [ -102.0791, 37.9002 ], [ -102.078, 37.8997 ], [ -102.074, 37.9003 ], [ -102.0669, 37.9033 ], [ -102.0639, 37.903 ], [ -102.0568, 37.8999 ], [ -102.0525, 37.8997 ], [ -102.0501, 37.8992 ], [ -102.0434, 37.8928 ], [ -102.0416, 37.6804 ], [ -102.042, 37.5353 ], [ -102.0415, 37.375 ], [ -102.0421, 37.3528 ], [ -102.0417, 37.2977 ], [ -102.0422, 37.2257 ], [ -102.0418, 37.0344 ], [ -102.0422, 36.9931 ], [ -102.6982, 36.9952 ], [ -102.7421, 36.9977 ], [ -102.7599, 37.0 ], [ -102.7786, 36.9992 ], [ -102.7963, 37.0 ], [ -102.8068, 37.0 ], [ -102.8146, 37.0008 ], [ -102.842, 36.9996 ], [ -102.987, 36.9985 ], [ -103.0022, 37.0002 ], [ -103.1233, 37.0003 ], [ -103.2551, 36.9996 ], [ -103.8467, 36.9973 ], [ -103.8452, 36.9991 ], [ -103.8453, 37.002 ], [ -103.8445, 37.0028 ], [ -103.8429, 37.0025 ], [ -103.8394, 37.0037 ], [ -103.8375, 37.0033 ], [ -103.8343, 37.0047 ], [ -103.8299, 37.0086 ], [ -103.8156, 37.0159 ], [ -103.8124, 37.0193 ], [ -103.8049, 37.0244 ], [ -103.8008, 37.0279 ], [ -103.7989, 37.0314 ], [ -103.7864, 37.0257 ], [ -103.783, 37.0255 ], [ -103.7802, 37.0261 ], [ -103.7776, 37.0284 ], [ -103.7765, 37.0286 ], [ -103.7605, 37.0283 ], [ -103.7594, 37.029 ], [ -103.757, 37.0329 ], [ -103.7474, 37.0376 ], [ -103.7454, 37.0401 ], [ -103.746, 37.0418 ], [ -103.7445, 37.0445 ], [ -103.7469, 37.0481 ], [ -103.7471, 37.0496 ], [ -103.7458, 37.0539 ], [ -103.7451, 37.0551 ], [ -103.7429, 37.0562 ], [ -103.7393, 37.0572 ], [ -103.7362, 37.0599 ], [ -103.7353, 37.0619 ], [ -103.7355, 37.065 ], [ -103.7339, 37.068 ], [ -103.7344, 37.0733 ], [ -103.738, 37.0794 ], [ -103.7399, 37.0861 ], [ -103.7398, 37.0918 ], [ -103.7386, 37.0966 ], [ -103.7374, 37.0988 ], [ -103.7368, 37.1026 ], [ -103.7345, 37.1037 ], [ -103.7333, 37.1093 ], [ -103.7322, 37.1106 ], [ -103.7309, 37.1107 ], [ -103.7305, 37.1119 ], [ -103.7278, 37.1122 ], [ -103.7253, 37.1142 ], [ -103.723, 37.1148 ], [ -103.7234, 37.1154 ], [ -103.7255, 37.1154 ], [ -103.7266, 37.116 ], [ -103.7274, 37.1179 ], [ -103.7262, 37.1186 ], [ -103.7233, 37.1195 ], [ -103.7184, 37.1187 ], [ -103.7151, 37.1203 ], [ -103.7143, 37.1216 ], [ -103.7107, 37.1224 ], [ -103.709, 37.1224 ], [ -103.7061, 37.1211 ], [ -103.7056, 37.1214 ], [ -103.7023, 37.125 ], [ -103.7014, 37.1292 ], [ -103.699, 37.1337 ], [ -103.6945, 37.1371 ], [ -103.6908, 37.1389 ], [ -103.6844, 37.14 ], [ -103.6795, 37.1424 ], [ -103.6776, 37.1419 ], [ -103.6764, 37.1404 ], [ -103.6741, 37.1393 ], [ -103.6731, 37.1392 ], [ -103.6697, 37.1404 ], [ -103.6688, 37.14 ], [ -103.6659, 37.1362 ], [ -103.6582, 37.1365 ], [ -103.6552, 37.1374 ], [ -103.6532, 37.1375 ], [ -103.6517, 37.1349 ], [ -103.6464, 37.1323 ], [ -103.644, 37.1317 ], [ -103.6402, 37.1331 ], [ -103.6375, 37.133 ], [ -103.6365, 37.1324 ], [ -103.6338, 37.1328 ], [ -103.6328, 37.1321 ], [ -103.6304, 37.1327 ], [ -103.6292, 37.1309 ], [ -103.628, 37.1296 ], [ -103.6266, 37.1289 ], [ -103.626, 37.1277 ], [ -103.6235, 37.1275 ], [ -103.6228, 37.1262 ], [ -103.622, 37.1259 ], [ -103.6157, 37.1248 ], [ -103.611, 37.1222 ], [ -103.6081, 37.1226 ], [ -103.6051, 37.1261 ], [ -103.6033, 37.1271 ], [ -103.6058, 37.1313 ], [ -103.6061, 37.1334 ], [ -103.6011, 37.1453 ], [ -103.6009, 37.1496 ], [ -103.5907, 37.1585 ], [ -103.5846, 37.1606 ], [ -103.5831, 37.1631 ], [ -103.5767, 37.1627 ], [ -103.574, 37.1633 ], [ -103.5708, 37.1615 ], [ -103.5676, 37.1606 ], [ -103.5588, 37.1592 ], [ -103.5576, 37.1598 ], [ -103.556, 37.1615 ], [ -103.5535, 37.1622 ], [ -103.5415, 37.1635 ], [ -103.5355, 37.1614 ], [ -103.5335, 37.1613 ], [ -103.5251, 37.1641 ], [ -103.525, 37.1657 ], [ -103.5292, 37.1675 ], [ -103.5314, 37.1718 ], [ -103.5318, 37.1774 ], [ -103.5307, 37.1805 ], [ -103.5288, 37.1821 ], [ -103.5256, 37.1832 ], [ -103.5166, 37.1836 ], [ -103.512, 37.1856 ], [ -103.5092, 37.1877 ], [ -103.5091, 37.1887 ], [ -103.5069, 37.1914 ], [ -103.5037, 37.1928 ], [ -103.5002, 37.1928 ], [ -103.4964, 37.1961 ], [ -103.4925, 37.1963 ], [ -103.4894, 37.1953 ], [ -103.489, 37.1947 ], [ -103.4895, 37.1919 ], [ -103.489, 37.1913 ], [ -103.4832, 37.1873 ], [ -103.4778, 37.1867 ], [ -103.4764, 37.1871 ], [ -103.4721, 37.191 ], [ -103.4704, 37.1912 ], [ -103.4673, 37.1904 ], [ -103.4655, 37.1913 ], [ -103.4639, 37.1902 ], [ -103.463, 37.1902 ], [ -103.4599, 37.1917 ], [ -103.4588, 37.1934 ], [ -103.4582, 37.1944 ], [ -103.4585, 37.197 ], [ -103.4563, 37.1984 ], [ -103.4557, 37.1996 ], [ -103.456, 37.2019 ], [ -103.4498, 37.2064 ], [ -103.4492, 37.2097 ], [ -103.4482, 37.2113 ], [ -103.4479, 37.2136 ], [ -103.4458, 37.2149 ], [ -103.4338, 37.2195 ], [ -103.4271, 37.2194 ], [ -103.4254, 37.2198 ], [ -103.4223, 37.2216 ], [ -103.4209, 37.2216 ], [ -103.4162, 37.22 ], [ -103.4089, 37.2189 ], [ -103.4047, 37.2197 ], [ -103.4033, 37.2209 ], [ -103.4003, 37.2214 ], [ -103.3986, 37.2226 ], [ -103.3984, 37.2302 ], [ -103.3924, 37.2334 ], [ -103.3891, 37.236 ], [ -103.3857, 37.2369 ], [ -103.3827, 37.237 ], [ -103.3786, 37.2354 ], [ -103.3771, 37.2353 ], [ -103.3738, 37.2381 ], [ -103.3732, 37.2403 ], [ -103.3734, 37.2425 ], [ -103.3664, 37.2455 ], [ -103.3619, 37.25 ], [ -103.357, 37.2538 ], [ -103.3513, 37.2556 ], [ -103.3429, 37.2549 ], [ -103.3393, 37.2634 ], [ -103.3385, 37.2643 ], [ -103.3335, 37.2665 ], [ -103.3336, 37.2697 ], [ -103.3298, 37.275 ], [ -103.319, 37.2822 ], [ -103.3168, 37.2825 ], [ -103.3113, 37.2859 ], [ -103.3033, 37.2872 ], [ -103.3031, 37.2857 ], [ -103.2976, 37.2792 ], [ -103.2974, 37.2787 ], [ -103.2983, 37.2778 ], [ -103.2983, 37.2762 ], [ -103.2973, 37.2753 ], [ -103.2978, 37.2743 ], [ -103.2964, 37.2731 ], [ -103.2952, 37.2734 ], [ -103.2944, 37.2762 ], [ -103.2908, 37.2779 ], [ -103.2904, 37.2796 ], [ -103.2907, 37.2798 ], [ -103.29, 37.2816 ], [ -103.2884, 37.2827 ], [ -103.2872, 37.2847 ], [ -103.2872, 37.2868 ], [ -103.2854, 37.2882 ], [ -103.2839, 37.2879 ], [ -103.2836, 37.286 ], [ -103.2808, 37.2859 ], [ -103.2792, 37.2844 ], [ -103.275, 37.284 ], [ -103.2712, 37.2849 ], [ -103.2687, 37.2834 ], [ -103.2626, 37.2832 ], [ -103.2587, 37.2845 ], [ -103.2546, 37.2845 ], [ -103.2516, 37.2861 ], [ -103.2511, 37.287 ], [ -103.2494, 37.2881 ], [ -103.2476, 37.2875 ], [ -103.2472, 37.2854 ], [ -103.2462, 37.2853 ], [ -103.2441, 37.2835 ], [ -103.2435, 37.2835 ], [ -103.2418, 37.2846 ], [ -103.2403, 37.2845 ], [ -103.238, 37.2813 ], [ -103.2362, 37.2804 ], [ -103.2353, 37.2793 ], [ -103.2348, 37.2772 ], [ -103.2263, 37.2778 ], [ -103.2246, 37.2792 ], [ -103.2223, 37.2796 ], [ -103.2189, 37.2835 ], [ -103.2172, 37.2841 ], [ -103.2143, 37.2837 ], [ -103.2113, 37.2815 ], [ -103.211, 37.2832 ], [ -103.2098, 37.2844 ], [ -103.209, 37.2845 ], [ -103.2061, 37.2822 ], [ -103.2025, 37.2817 ], [ -103.2008, 37.2782 ], [ -103.197, 37.2787 ], [ -103.196, 37.2783 ], [ -103.1945, 37.276 ], [ -103.1911, 37.2747 ], [ -103.1897, 37.2737 ], [ -103.1886, 37.2735 ], [ -103.1832, 37.2741 ], [ -103.1789, 37.2738 ], [ -103.1774, 37.2707 ], [ -103.1744, 37.271 ], [ -103.1691, 37.2705 ], [ -103.1676, 37.271 ], [ -103.1663, 37.2761 ], [ -103.1634, 37.2774 ], [ -103.1607, 37.2801 ], [ -103.1607, 37.2857 ], [ -103.1581, 37.287 ], [ -103.1574, 37.2888 ], [ -103.1529, 37.2912 ], [ -103.1506, 37.2911 ], [ -103.1495, 37.2916 ], [ -103.1451, 37.2948 ], [ -103.1453, 37.2959 ], [ -103.1443, 37.2972 ], [ -103.1434, 37.3002 ], [ -103.14, 37.3037 ], [ -103.1394, 37.3041 ], [ -103.1369, 37.3025 ], [ -103.1349, 37.3019 ], [ -103.1285, 37.301 ], [ -103.1239, 37.3023 ], [ -103.1231, 37.3039 ], [ -103.1195, 37.3058 ], [ -103.1172, 37.3087 ], [ -103.1175, 37.3123 ], [ -103.1169, 37.3137 ], [ -103.114, 37.3159 ], [ -103.114, 37.3168 ], [ -103.1122, 37.3192 ], [ -103.1119, 37.326 ], [ -103.1079, 37.3244 ], [ -103.1066, 37.3249 ], [ -103.1048, 37.3272 ], [ -103.1034, 37.328 ], [ -103.1034, 37.3294 ], [ -103.101, 37.3328 ], [ -103.1003, 37.3347 ], [ -103.0981, 37.3373 ], [ -103.0966, 37.3383 ], [ -103.0936, 37.3377 ], [ -103.0921, 37.3386 ], [ -103.0904, 37.3374 ], [ -103.0849, 37.3376 ], [ -103.0811, 37.3395 ], [ -103.0745, 37.3383 ], [ -103.073, 37.3396 ], [ -103.0715, 37.3395 ], [ -103.07, 37.3404 ], [ -103.067, 37.3412 ], [ -103.0646, 37.343 ], [ -103.0632, 37.3434 ], [ -103.0623, 37.3433 ], [ -103.0581, 37.3407 ], [ -103.0553, 37.34 ], [ -103.0506, 37.3413 ], [ -103.0494, 37.3411 ], [ -103.0468, 37.3422 ], [ -103.0439, 37.3493 ], [ -103.0422, 37.3505 ], [ -103.0413, 37.3532 ], [ -103.0382, 37.3562 ], [ -103.0377, 37.358 ], [ -103.0361, 37.3581 ], [ -103.0346, 37.3603 ], [ -103.0329, 37.365 ], [ -103.0251, 37.3647 ], [ -103.0227, 37.3676 ], [ -103.019, 37.3695 ], [ -103.0176, 37.3697 ], [ -103.018, 37.3729 ], [ -103.0172, 37.3759 ], [ -103.0182, 37.3803 ], [ -103.0138, 37.3843 ], [ -103.0132, 37.3854 ], [ -103.0135, 37.3866 ], [ -103.0107, 37.3865 ], [ -103.0093, 37.3869 ], [ -103.0055, 37.3903 ], [ -103.0029, 37.3897 ], [ -103.002, 37.3908 ], [ -103.0009, 37.3909 ], [ -102.9972, 37.393 ], [ -102.9946, 37.396 ], [ -102.9907, 37.3959 ], [ -102.986, 37.3964 ], [ -102.9831, 37.3976 ], [ -102.9792, 37.4005 ], [ -102.9769, 37.4013 ], [ -102.9782, 37.4041 ], [ -102.9783, 37.4094 ], [ -102.9774, 37.4111 ], [ -102.975, 37.4117 ], [ -102.9721, 37.4154 ], [ -102.9719, 37.42 ], [ -102.9735, 37.4232 ], [ -102.9735, 37.4243 ], [ -102.9713, 37.4272 ], [ -102.971, 37.4291 ], [ -102.969, 37.4321 ], [ -102.9682, 37.4351 ], [ -102.9641, 37.4385 ], [ -102.9633, 37.4398 ], [ -102.9655, 37.4439 ], [ -102.963, 37.4507 ], [ -102.9592, 37.4535 ], [ -102.9543, 37.4546 ], [ -102.9488, 37.4546 ], [ -102.9474, 37.4549 ], [ -102.9425, 37.4576 ], [ -102.9351, 37.4592 ], [ -102.9329, 37.4608 ], [ -102.9261, 37.4629 ], [ -102.9241, 37.4641 ], [ -102.923, 37.4655 ], [ -102.9222, 37.4682 ], [ -102.9233, 37.4737 ], [ -102.9226, 37.4783 ], [ -102.9221, 37.4791 ], [ -102.92, 37.4805 ], [ -102.919, 37.4842 ], [ -102.9175, 37.486 ], [ -102.9089, 37.4904 ], [ -102.8997, 37.4901 ], [ -102.8936, 37.4915 ], [ -102.8928, 37.492 ], [ -102.8921, 37.4938 ], [ -102.89, 37.4961 ], [ -102.8858, 37.4967 ], [ -102.8832, 37.498 ], [ -102.8822, 37.5014 ], [ -102.8814, 37.5018 ], [ -102.8747, 37.5024 ], [ -102.8725, 37.5038 ], [ -102.8681, 37.5027 ], [ -102.8658, 37.5032 ], [ -102.8648, 37.506 ], [ -102.8616, 37.5069 ], [ -102.859, 37.5088 ], [ -102.8586, 37.5134 ], [ -102.8545, 37.5185 ], [ -102.8429, 37.5189 ], [ -102.8393, 37.5206 ], [ -102.8343, 37.5211 ], [ -102.8306, 37.5222 ], [ -102.8204, 37.5322 ], [ -102.8175, 37.5367 ], [ -102.8161, 37.5381 ], [ -102.8105, 37.5415 ], [ -102.8088, 37.5477 ], [ -102.8082, 37.5482 ], [ -102.7994, 37.554 ], [ -102.796, 37.5579 ], [ -102.7892, 37.5578 ], [ -102.7868, 37.5588 ], [ -102.7858, 37.5617 ], [ -102.7802, 37.5703 ], [ -102.7774, 37.5763 ], [ -102.769, 37.5781 ], [ -102.767, 37.5789 ], [ -102.7633, 37.5814 ], [ -102.7612, 37.5847 ], [ -102.7577, 37.587 ], [ -102.7455, 37.5868 ], [ -102.7438, 37.5882 ], [ -102.7412, 37.5917 ], [ -102.7355, 37.5952 ], [ -102.7321, 37.5996 ], [ -102.7256, 37.5999 ], [ -102.7183, 37.6018 ], [ -102.7146, 37.6014 ], [ -102.7105, 37.6016 ], [ -102.7084, 37.6023 ], [ -102.703, 37.6056 ], [ -102.6993, 37.606 ], [ -102.6948, 37.6059 ], [ -102.6874, 37.6036 ], [ -102.6846, 37.6032 ], [ -102.6772, 37.6033 ], [ -102.6706, 37.6058 ], [ -102.6617, 37.6139 ], [ -102.6609, 37.614 ], [ -102.6473, 37.6126 ], [ -102.6396, 37.6105 ], [ -102.6365, 37.609 ], [ -102.6353, 37.609 ], [ -102.6294, 37.6106 ], [ -102.6233, 37.6116 ], [ -102.6159, 37.6122 ], [ -102.609, 37.6121 ], [ -102.6027, 37.6134 ], [ -102.5993, 37.6134 ], [ -102.5954, 37.612 ], [ -102.5854, 37.6073 ], [ -102.5831, 37.6064 ], [ -102.5796, 37.6059 ], [ -102.574, 37.6064 ], [ -102.5601, 37.609 ], [ -102.5517, 37.6121 ], [ -102.5431, 37.6137 ], [ -102.5347, 37.6137 ], [ -102.522, 37.615 ], [ -102.5139, 37.6148 ], [ -102.5066, 37.6154 ], [ -102.5047, 37.6179 ], [ -102.5033, 37.6217 ], [ -102.4989, 37.622 ], [ -102.4963, 37.6245 ], [ -102.4895, 37.6241 ], [ -102.4852, 37.6245 ], [ -102.48, 37.6268 ], [ -102.4736, 37.6287 ], [ -102.4691, 37.6309 ], [ -102.4627, 37.6394 ], [ -102.4585, 37.6436 ], [ -102.4555, 37.6444 ], [ -102.4512, 37.6442 ], [ -102.4493, 37.6446 ], [ -102.4436, 37.6488 ], [ -102.4424, 37.6506 ], [ -102.4423, 37.6519 ], [ -102.4397, 37.6536 ], [ -102.4324, 37.6506 ], [ -102.4079, 37.6485 ], [ -102.4015, 37.6465 ], [ -102.4006, 37.6477 ], [ -102.3967, 37.649 ], [ -102.3954, 37.6501 ], [ -102.3942, 37.6496 ], [ -102.392, 37.6537 ], [ -102.3908, 37.6545 ], [ -102.3889, 37.6574 ], [ -102.382, 37.6559 ], [ -102.378, 37.6559 ], [ -102.3759, 37.6568 ], [ -102.3714, 37.6615 ], [ -102.3657, 37.6622 ], [ -102.363, 37.6654 ], [ -102.3602, 37.6708 ], [ -102.355, 37.669 ], [ -102.3505, 37.6648 ], [ -102.3447, 37.6629 ], [ -102.3369, 37.6588 ], [ -102.3362, 37.6587 ], [ -102.3351, 37.6595 ], [ -102.3326, 37.6596 ], [ -102.3312, 37.6643 ], [ -102.3292, 37.6659 ], [ -102.3284, 37.6685 ], [ -102.3259, 37.6686 ], [ -102.3241, 37.6698 ], [ -102.3202, 37.675 ], [ -102.3187, 37.6791 ], [ -102.3162, 37.6802 ], [ -102.3087, 37.677 ], [ -102.3073, 37.679 ], [ -102.3051, 37.6806 ], [ -102.2944, 37.6854 ], [ -102.2922, 37.6878 ], [ -102.2815, 37.6948 ], [ -102.2748, 37.6958 ], [ -102.2725, 37.6978 ], [ -102.2692, 37.7026 ], [ -102.2656, 37.7022 ], [ -102.2545, 37.7026 ], [ -102.2505, 37.7071 ], [ -102.2493, 37.7119 ], [ -102.2485, 37.713 ], [ -102.2391, 37.7164 ], [ -102.236, 37.718 ], [ -102.2271, 37.7244 ], [ -102.224, 37.7274 ], [ -102.2171, 37.7364 ], [ -102.2166, 37.7408 ], [ -102.214, 37.7447 ], [ -102.2138, 37.7537 ], [ -102.2113, 37.7559 ], [ -102.2105, 37.7573 ], [ -102.21, 37.7635 ], [ -102.2088, 37.7658 ], [ -102.2042, 37.7699 ], [ -102.2022, 37.7723 ], [ -102.196, 37.7767 ], [ -102.1898, 37.7877 ], [ -102.1848, 37.7904 ], [ -102.1797, 37.7909 ], [ -102.1778, 37.7921 ], [ -102.1737, 37.7971 ], [ -102.1674, 37.802 ], [ -102.1661, 37.8037 ], [ -102.1639, 37.8093 ], [ -102.1638, 37.8146 ], [ -102.1625, 37.8162 ], [ -102.1594, 37.8166 ], [ -102.1587, 37.8182 ], [ -102.1543, 37.8236 ], [ -102.1542, 37.8244 ], [ -102.1577, 37.8309 ], [ -102.1581, 37.8336 ], [ -102.1565, 37.8393 ], [ -102.1563, 37.8418 ], [ -102.1539, 37.8471 ], [ -102.1533, 37.8511 ], [ -102.1517, 37.852 ], [ -102.1521, 37.8534 ], [ -102.1481, 37.8559 ], [ -102.1458, 37.8596 ], [ -102.1459, 37.8611 ], [ -102.1448, 37.8638 ], [ -102.1415, 37.866 ], [ -102.1406, 37.8695 ], [ -102.1376, 37.8708 ], [ -102.1366, 37.8721 ], [ -102.1346, 37.8758 ], [ -102.1337, 37.8804 ], [ -102.1329, 37.882 ], [ -102.1321, 37.8826 ], [ -102.1281, 37.8839 ], [ -102.1245, 37.8864 ], [ -102.1215, 37.8918 ], [ -102.1179, 37.8951 ], [ -102.1161, 37.8978 ], [ -102.1124, 37.9016 ], [ -102.1093, 37.9097 ], [ -102.1016, 37.9103 ], [ -102.0996, 37.9111 ], [ -102.0971, 37.9128 ], [ -102.0915, 37.9102 ] ] ] ] } },
{ "type": "Feature", "properties": { "id": "140300" }, "geometry": { "type": "MultiPolygon", "coordinates": [ [ [ [ -108.822, 39.0948 ], [ -108.8204, 39.095 ], [ -108.8182, 39.0944 ], [ -108.8169, 39.093 ], [ -108.8134, 39.0918 ], [ -108.8106, 39.0925 ], [ -108.8088, 39.0921 ], [ -108.8058, 39.0928 ], [ -108.8019, 39.0926 ], [ -108.7988, 39.094 ], [ -108.7973, 39.094 ], [ -108.7948, 39.0931 ], [ -108.7932, 39.0885 ], [ -108.7912, 39.0869 ], [ -108.7895, 39.084 ], [ -108.7909, 39.0794 ], [ -108.7901, 39.0772 ], [ -108.7837, 39.0732 ], [ -108.781, 39.0682 ], [ -108.7776, 39.0674 ], [ -108.7702, 39.0644 ], [ -108.7657, 39.0636 ], [ -108.7669, 39.0612 ], [ -108.7708, 39.0586 ], [ -108.771, 39.0558 ], [ -108.77, 39.0551 ], [ -108.7671, 39.0553 ], [ -108.7658, 39.0539 ], [ -108.7631, 39.0538 ], [ -108.7585, 39.0492 ], [ -108.7513, 39.0463 ], [ -108.75, 39.0433 ], [ -108.7495, 39.035 ], [ -108.751, 39.0315 ], [ -108.7538, 39.0299 ], [ -108.7528, 39.0282 ], [ -108.7549, 39.0247 ], [ -108.7561, 39.0192 ], [ -108.7553, 39.0153 ], [ -108.7543, 39.0147 ], [ -108.7478, 39.0147 ], [ -108.7425, 39.0136 ], [ -108.7414, 39.0128 ], [ -108.7406, 39.011 ], [ -108.7405, 39.0072 ], [ -108.7384, 39.0075 ], [ -108.7348, 39.0092 ], [ -108.733, 39.0092 ], [ -108.7283, 39.0061 ], [ -108.7263, 39.0029 ], [ -108.7232, 39.0 ], [ -108.7143, 38.9995 ], [ -108.7127, 38.9985 ], [ -108.7101, 38.9953 ], [ -108.709, 38.9925 ], [ -108.7089, 38.9901 ], [ -108.7097, 38.9852 ], [ -108.7109, 38.9817 ], [ -108.7152, 38.974 ], [ -108.7148, 38.9721 ], [ -108.71, 38.9677 ], [ -108.7059, 38.967 ], [ -108.705, 38.9653 ], [ -108.7015, 38.9631 ], [ -108.7011, 38.9622 ], [ -108.7015, 38.9598 ], [ -108.7037, 38.9571 ], [ -108.7032, 38.9545 ], [ -108.7041, 38.9521 ], [ -108.7063, 38.9505 ], [ -108.7118, 38.9482 ], [ -108.7109, 38.9448 ], [ -108.7077, 38.9425 ], [ -108.7088, 38.9409 ], [ -108.7107, 38.9404 ], [ -108.7116, 38.9361 ], [ -108.7133, 38.9338 ], [ -108.7136, 38.9312 ], [ -108.7202, 38.9257 ], [ -108.7192, 38.9226 ], [ -108.7222, 38.9171 ], [ -108.7222, 38.915 ], [ -108.7248, 38.9093 ], [ -108.7288, 38.9071 ], [ -108.7304, 38.9024 ], [ -108.7362, 38.8969 ], [ -108.7366, 38.8958 ], [ -108.7397, 38.894 ], [ -108.7452, 38.8926 ], [ -108.7467, 38.8904 ], [ -108.7489, 38.8891 ], [ -108.7496, 38.8881 ], [ -108.7567, 38.8859 ], [ -108.7574, 38.8852 ], [ -108.7575, 38.8833 ], [ -108.7582, 38.8826 ], [ -108.7616, 38.8815 ], [ -108.7616, 38.8752 ], [ -108.7626, 38.8735 ], [ -108.7623, 38.8724 ], [ -108.7668, 38.8682 ], [ -108.7704, 38.8635 ], [ -108.7717, 38.8605 ], [ -108.7722, 38.8577 ], [ -108.7759, 38.8521 ], [ -108.7763, 38.846 ], [ -108.7774, 38.8442 ], [ -108.7766, 38.8426 ], [ -108.7745, 38.8405 ], [ -108.7732, 38.8375 ], [ -108.7683, 38.8385 ], [ -108.7665, 38.8398 ], [ -108.7641, 38.8391 ], [ -108.7609, 38.8389 ], [ -108.7521, 38.8363 ], [ -108.7489, 38.8358 ], [ -108.7471, 38.8363 ], [ -108.7454, 38.8381 ], [ -108.7431, 38.8388 ], [ -108.7408, 38.8387 ], [ -108.7389, 38.8378 ], [ -108.7373, 38.8385 ], [ -108.7352, 38.8403 ], [ -108.7326, 38.8443 ], [ -108.7298, 38.8458 ], [ -108.7247, 38.8427 ], [ -108.718, 38.8426 ], [ -108.713, 38.8484 ], [ -108.7073, 38.8532 ], [ -108.7052, 38.8541 ], [ -108.701, 38.8538 ], [ -108.6925, 38.8503 ], [ -108.6876, 38.8503 ], [ -108.6862, 38.8446 ], [ -108.6877, 38.8405 ], [ -108.6868, 38.8374 ], [ -108.6871, 38.8311 ], [ -108.6852, 38.8255 ], [ -108.6863, 38.8243 ], [ -108.686, 38.8236 ], [ -108.6873, 38.8217 ], [ -108.6874, 38.8192 ], [ -108.6884, 38.818 ], [ -108.6913, 38.8153 ], [ -108.6955, 38.8098 ], [ -108.6978, 38.8088 ], [ -108.7018, 38.8055 ], [ -108.6995, 38.7978 ], [ -108.6982, 38.7994 ], [ -108.6941, 38.8011 ], [ -108.6904, 38.802 ], [ -108.6839, 38.8021 ], [ -108.6822, 38.7991 ], [ -108.682, 38.7955 ], [ -108.6814, 38.7953 ], [ -108.6791, 38.7963 ], [ -108.6772, 38.796 ], [ -108.6756, 38.7964 ], [ -108.6708, 38.7992 ], [ -108.6698, 38.8011 ], [ -108.6677, 38.8013 ], [ -108.6658, 38.8029 ], [ -108.6628, 38.8042 ], [ -108.661, 38.8042 ], [ -108.6578, 38.8036 ], [ -108.6578, 38.7997 ], [ -108.6595, 38.7977 ], [ -108.6594, 38.7961 ], [ -108.6512, 38.7867 ], [ -108.6503, 38.785 ], [ -108.6498, 38.7807 ], [ -108.6467, 38.7788 ], [ -108.6462, 38.778 ], [ -108.6465, 38.7763 ], [ -108.6485, 38.7734 ], [ -108.6491, 38.7687 ], [ -108.6544, 38.7655 ], [ -108.6584, 38.7645 ], [ -108.6656, 38.761 ], [ -108.671, 38.7613 ], [ -108.6743, 38.7606 ], [ -108.6729, 38.76 ], [ -108.6651, 38.7592 ], [ -108.6617, 38.7578 ], [ -108.6615, 38.7566 ], [ -108.6562, 38.7553 ], [ -108.6455, 38.7541 ], [ -108.6416, 38.7528 ], [ -108.641, 38.7518 ], [ -108.6368, 38.7515 ], [ -108.6337, 38.7527 ], [ -108.6324, 38.7526 ], [ -108.6245, 38.7496 ], [ -108.6234, 38.7489 ], [ -108.6218, 38.7466 ], [ -108.62, 38.7455 ], [ -108.6204, 38.7432 ], [ -108.6244, 38.7389 ], [ -108.6257, 38.7362 ], [ -108.6308, 38.7307 ], [ -108.6325, 38.7278 ], [ -108.6369, 38.7233 ], [ -108.6376, 38.7212 ], [ -108.6401, 38.7198 ], [ -108.6423, 38.7195 ], [ -108.6451, 38.717 ], [ -108.6448, 38.7138 ], [ -108.6436, 38.7123 ], [ -108.6449, 38.7099 ], [ -108.6484, 38.709 ], [ -108.6526, 38.7098 ], [ -108.6537, 38.7096 ], [ -108.6551, 38.7085 ], [ -108.6565, 38.7033 ], [ -108.6621, 38.7004 ], [ -108.6679, 38.7 ], [ -108.6732, 38.6982 ], [ -108.6791, 38.697 ], [ -108.6842, 38.697 ], [ -108.6886, 38.6961 ], [ -108.6931, 38.6934 ], [ -108.6985, 38.6913 ], [ -108.7014, 38.6888 ], [ -108.7026, 38.6866 ], [ -108.7042, 38.6862 ], [ -108.711, 38.6816 ], [ -108.7146, 38.6817 ], [ -108.7179, 38.6795 ], [ -108.7181, 38.6787 ], [ -108.7167, 38.675 ], [ -108.7141, 38.6738 ], [ -108.7123, 38.6723 ], [ -108.7119, 38.6701 ], [ -108.7082, 38.6701 ], [ -108.7074, 38.6694 ], [ -108.7037, 38.6609 ], [ -108.7017, 38.6581 ], [ -108.6999, 38.6569 ], [ -108.7008, 38.6535 ], [ -108.6962, 38.6532 ], [ -108.6942, 38.6522 ], [ -108.6937, 38.6514 ], [ -108.691, 38.6511 ], [ -108.6872, 38.6463 ], [ -108.6869, 38.6451 ], [ -108.6873, 38.6433 ], [ -108.6895, 38.642 ], [ -108.6883, 38.6418 ], [ -108.6865, 38.6399 ], [ -108.6834, 38.6378 ], [ -108.6804, 38.6319 ], [ -108.6769, 38.6324 ], [ -108.6756, 38.6319 ], [ -108.673, 38.6294 ], [ -108.6706, 38.625 ], [ -108.6674, 38.6239 ], [ -108.6681, 38.62 ], [ -108.6666, 38.6179 ], [ -108.6667, 38.614 ], [ -108.6659, 38.6107 ], [ -108.6636, 38.6083 ], [ -108.6634, 38.6066 ], [ -108.6637, 38.606 ], [ -108.6674, 38.6052 ], [ -108.6716, 38.6035 ], [ -108.6722, 38.6028 ], [ -108.6718, 38.6013 ], [ -108.671, 38.6007 ], [ -108.664, 38.599 ], [ -108.6619, 38.5957 ], [ -108.6576, 38.5974 ], [ -108.6498, 38.5946 ], [ -108.6474, 38.5932 ], [ -108.645, 38.5899 ], [ -108.6446, 38.5874 ], [ -108.6459, 38.5858 ], [ -108.6448, 38.582 ], [ -108.6452, 38.5791 ], [ -108.6467, 38.577 ], [ -108.6495, 38.575 ], [ -108.6506, 38.5737 ], [ -108.6506, 38.5727 ], [ -108.6494, 38.571 ], [ -108.6495, 38.5677 ], [ -108.6464, 38.5647 ], [ -108.6457, 38.5616 ], [ -108.6458, 38.5607 ], [ -108.6467, 38.5601 ], [ -108.6452, 38.5602 ], [ -108.6441, 38.559 ], [ -108.644, 38.5512 ], [ -108.6425, 38.5501 ], [ -108.6378, 38.5483 ], [ -108.6252, 38.5487 ], [ -108.621, 38.5478 ], [ -108.617, 38.5429 ], [ -108.6163, 38.5412 ], [ -108.6164, 38.5386 ], [ -108.6144, 38.5364 ], [ -108.6171, 38.5335 ], [ -108.6154, 38.5305 ], [ -108.6115, 38.5271 ], [ -108.6109, 38.5255 ], [ -108.6078, 38.5247 ], [ -108.6036, 38.5214 ], [ -108.5939, 38.518 ], [ -108.5926, 38.5163 ], [ -108.5914, 38.5122 ], [ -108.591, 38.5078 ], [ -108.5862, 38.5027 ], [ -108.5866, 38.5 ], [ -108.5843, 38.4989 ], [ -108.5827, 38.4972 ], [ -108.5823, 38.4964 ], [ -108.5828, 38.4944 ], [ -108.5791, 38.4927 ], [ -108.5763, 38.4879 ], [ -108.5746, 38.4877 ], [ -108.5722, 38.4862 ], [ -108.5709, 38.484 ], [ -108.5692, 38.4829 ], [ -108.5681, 38.48 ], [ -108.5684, 38.4778 ], [ -108.5663, 38.4764 ], [ -108.5641, 38.4769 ], [ -108.5607, 38.4767 ], [ -108.5555, 38.4749 ], [ -108.5547, 38.474 ], [ -108.553, 38.4733 ], [ -108.5524, 38.4723 ], [ -108.5508, 38.4718 ], [ -108.5489, 38.468 ], [ -108.5458, 38.4663 ], [ -108.5443, 38.4646 ], [ -108.5405, 38.4623 ], [ -108.5395, 38.4607 ], [ -108.5376, 38.4593 ], [ -108.5383, 38.4581 ], [ -108.5361, 38.4583 ], [ -108.5342, 38.4594 ], [ -108.5256, 38.4622 ], [ -108.5184, 38.4673 ], [ -108.5132, 38.4685 ], [ -108.5113, 38.4698 ], [ -108.5046, 38.4697 ], [ -108.501, 38.4713 ], [ -108.4978, 38.4719 ], [ -108.4911, 38.4719 ], [ -108.4887, 38.4711 ], [ -108.4856, 38.4677 ], [ -108.4835, 38.4671 ], [ -108.4798, 38.4667 ], [ -108.4743, 38.4642 ], [ -108.468, 38.4622 ], [ -108.4628, 38.4625 ], [ -108.4618, 38.4622 ], [ -108.4613, 38.4602 ], [ -108.457, 38.453 ], [ -108.456, 38.449 ], [ -108.4542, 38.447 ], [ -108.4489, 38.4461 ], [ -108.4439, 38.4476 ], [ -108.4409, 38.4471 ], [ -108.4406, 38.4465 ], [ -108.4423, 38.4438 ], [ -108.4416, 38.4386 ], [ -108.4361, 38.4347 ], [ -108.4349, 38.4294 ], [ -108.4329, 38.4251 ], [ -108.429, 38.4224 ], [ -108.4266, 38.4217 ], [ -108.4247, 38.4199 ], [ -108.4193, 38.4186 ], [ -108.4186, 38.4175 ], [ -108.4165, 38.4162 ], [ -108.4154, 38.4161 ], [ -108.4102, 38.4171 ], [ -108.407, 38.4168 ], [ -108.4014, 38.4172 ], [ -108.3999, 38.417 ], [ -108.397, 38.4156 ], [ -108.3903, 38.4139 ], [ -108.3884, 38.4144 ], [ -108.3859, 38.4168 ], [ -108.3843, 38.4177 ], [ -108.3825, 38.4177 ], [ -108.379, 38.4152 ], [ -108.3782, 38.4138 ], [ -108.3781, 38.4119 ], [ -108.3771, 38.4116 ], [ -108.3604, 38.4101 ], [ -108.3561, 38.4086 ], [ -108.3447, 38.407 ], [ -108.3406, 38.4058 ], [ -108.3361, 38.4054 ], [ -108.3318, 38.4029 ], [ -108.3284, 38.4017 ], [ -108.3269, 38.4002 ], [ -108.3246, 38.3994 ], [ -108.32, 38.3959 ], [ -108.3113, 38.3926 ], [ -108.3015, 38.3864 ], [ -108.2968, 38.3854 ], [ -108.2905, 38.382 ], [ -108.2879, 38.3815 ], [ -108.2846, 38.3798 ], [ -108.2781, 38.3786 ], [ -108.2726, 38.3756 ], [ -108.2702, 38.3737 ], [ -108.2679, 38.371 ], [ -108.2619, 38.368 ], [ -108.2597, 38.3674 ], [ -108.2575, 38.3639 ], [ -108.2551, 38.3636 ], [ -108.2537, 38.3629 ], [ -108.2517, 38.3606 ], [ -108.2509, 38.3557 ], [ -108.2433, 38.3498 ], [ -108.2418, 38.3483 ], [ -108.2415, 38.3467 ], [ -108.2377, 38.3436 ], [ -108.2373, 38.342 ], [ -108.2349, 38.3395 ], [ -108.2285, 38.3264 ], [ -108.2283, 38.3227 ], [ -108.2276, 38.3217 ], [ -108.2222, 38.3189 ], [ -108.2132, 38.3159 ], [ -108.2063, 38.3154 ], [ -108.2037, 38.3144 ], [ -108.2013, 38.3147 ], [ -108.1998, 38.3151 ], [ -108.1986, 38.3161 ], [ -108.195, 38.3213 ], [ -108.19, 38.3245 ], [ -108.1845, 38.3249 ], [ -108.1819, 38.3239 ], [ -108.1805, 38.3226 ], [ -108.1793, 38.3194 ], [ -108.1785, 38.3186 ], [ -108.1759, 38.3188 ], [ -108.1723, 38.3201 ], [ -108.168, 38.3204 ], [ -108.1663, 38.3199 ], [ -108.1644, 38.3179 ], [ -108.1648, 38.3162 ], [ -108.1674, 38.3123 ], [ -108.1708, 38.3096 ], [ -108.1725, 38.3057 ], [ -108.1664, 38.3052 ], [ -108.1628, 38.3058 ], [ -108.1589, 38.3038 ], [ -108.1574, 38.3024 ], [ -108.1548, 38.3015 ], [ -108.1492, 38.3032 ], [ -108.146, 38.3072 ], [ -108.1408, 38.3102 ], [ -108.1348, 38.3116 ], [ -108.1317, 38.313 ], [ -108.13, 38.3133 ], [ -108.1273, 38.3102 ], [ -108.1226, 38.3064 ], [ -108.123, 38.2993 ], [ -108.1208, 38.2933 ], [ -108.1231, 38.2893 ], [ -108.1213, 38.285 ], [ -108.1219, 38.2841 ], [ -108.1221, 38.2809 ], [ -108.1217, 38.2753 ], [ -108.1209, 38.2741 ], [ -108.1201, 38.2747 ], [ -108.1178, 38.2749 ], [ -108.108, 38.2732 ], [ -108.106, 38.2734 ], [ -108.1029, 38.2745 ], [ -108.1014, 38.279 ], [ -108.0979, 38.281 ], [ -108.0948, 38.2812 ], [ -108.0925, 38.2797 ], [ -108.0908, 38.2746 ], [ -108.0883, 38.2768 ], [ -108.0838, 38.277 ], [ -108.0785, 38.274 ], [ -108.0795, 38.2717 ], [ -108.0822, 38.269 ], [ -108.0812, 38.2689 ], [ -108.0794, 38.2675 ], [ -108.0777, 38.2611 ], [ -108.0776, 38.2593 ], [ -108.0794, 38.2569 ], [ -108.0796, 38.2554 ], [ -108.0715, 38.2538 ], [ -108.0688, 38.2559 ], [ -108.0641, 38.2572 ], [ -108.0571, 38.26 ], [ -108.049, 38.261 ], [ -108.0456, 38.2607 ], [ -108.0429, 38.2595 ], [ -108.0393, 38.2593 ], [ -108.0372, 38.2583 ], [ -108.037, 38.2568 ], [ -108.0394, 38.2472 ], [ -108.0394, 38.2452 ], [ -108.0415, 38.2419 ], [ -108.0387, 38.2362 ], [ -108.0395, 38.2344 ], [ -108.0429, 38.2304 ], [ -108.0346, 38.2222 ], [ -108.0335, 38.2223 ], [ -108.0273, 38.2253 ], [ -108.0234, 38.2287 ], [ -108.0177, 38.2319 ], [ -108.0152, 38.2325 ], [ -108.0123, 38.2319 ], [ -108.0084, 38.232 ], [ -108.004, 38.2347 ], [ -107.9994, 38.236 ], [ -107.9983, 38.2359 ], [ -107.9939, 38.2338 ], [ -107.9863, 38.234 ], [ -107.9838, 38.2315 ], [ -107.9851, 38.2275 ], [ -107.9821, 38.2297 ], [ -107.976, 38.2298 ], [ -107.9737, 38.2309 ], [ -107.9734, 38.2319 ], [ -107.9712, 38.2315 ], [ -107.9696, 38.2304 ], [ -107.9676, 38.2304 ], [ -107.9644, 38.2297 ], [ -107.964, 38.2285 ], [ -107.9622, 38.2278 ], [ -107.9641, 38.2275 ], [ -107.968, 38.2225 ], [ -107.9639, 38.2206 ], [ -107.9563, 38.2191 ], [ -107.9543, 38.2182 ], [ -107.9526, 38.2163 ], [ -107.9504, 38.2157 ], [ -107.9458, 38.2131 ], [ -107.9434, 38.2123 ], [ -107.9427, 38.211 ], [ -107.9402, 38.209 ], [ -107.9397, 38.2066 ], [ -107.9386, 38.2049 ], [ -107.9331, 38.2001 ], [ -107.9325, 38.1961 ], [ -107.9344, 38.1943 ], [ -107.934, 38.1924 ], [ -107.9354, 38.1921 ], [ -107.9381, 38.1906 ], [ -107.941, 38.1879 ], [ -107.9393, 38.1852 ], [ -107.9401, 38.1846 ], [ -107.9392, 38.184 ], [ -107.9393, 38.1796 ], [ -107.9402, 38.1773 ], [ -107.9437, 38.1748 ], [ -107.9506, 38.1722 ], [ -107.9533, 38.1692 ], [ -107.9555, 38.1678 ], [ -107.9672, 38.1615 ], [ -107.9651, 38.159 ], [ -107.9649, 38.157 ], [ -107.9669, 38.1524 ], [ -107.9672, 38.1499 ], [ -107.9696, 38.147 ], [ -107.9681, 38.1441 ], [ -107.9649, 38.1437 ], [ -107.9644, 38.1448 ], [ -107.9633, 38.1454 ], [ -107.9583, 38.1457 ], [ -107.9567, 38.145 ], [ -107.9565, 38.1435 ], [ -107.9554, 38.1425 ], [ -107.953, 38.1437 ], [ -107.9498, 38.1432 ], [ -107.9505, 38.14 ], [ -107.9489, 38.1372 ], [ -107.9499, 38.1356 ], [ -107.9504, 38.1329 ], [ -107.9489, 38.1341 ], [ -107.9468, 38.1343 ], [ -107.9456, 38.1339 ], [ -107.9455, 38.133 ], [ -107.9473, 38.1298 ], [ -107.9478, 38.1289 ], [ -107.9501, 38.1278 ], [ -107.9513, 38.125 ], [ -107.9519, 38.1227 ], [ -107.9514, 38.1173 ], [ -107.9523, 38.11 ], [ -107.9512, 38.1102 ], [ -107.949, 38.1123 ], [ -107.942, 38.1166 ], [ -107.936, 38.1182 ], [ -107.9338, 38.1181 ], [ -107.9319, 38.1164 ], [ -107.9313, 38.114 ], [ -107.9317, 38.111 ], [ -107.9312, 38.1106 ], [ -107.9269, 38.1153 ], [ -107.9241, 38.1147 ], [ -107.924, 38.1171 ], [ -107.9223, 38.1198 ], [ -107.9154, 38.1175 ], [ -107.9061, 38.1167 ], [ -107.9048, 38.1161 ], [ -107.9036, 38.1147 ], [ -107.9023, 38.1151 ], [ -107.9004, 38.1175 ], [ -107.8968, 38.1143 ], [ -107.8923, 38.112 ], [ -107.8894, 38.1087 ], [ -107.889, 38.1058 ], [ -107.8899, 38.1043 ], [ -107.8893, 38.1031 ], [ -107.8895, 38.1011 ], [ -107.8887, 38.0987 ], [ -107.8896, 38.098 ], [ -107.8899, 38.094 ], [ -107.8913, 38.0916 ], [ -107.8892, 38.0876 ], [ -107.8907, 38.0851 ], [ -107.8903, 38.0819 ], [ -107.8942, 38.0798 ], [ -107.8938, 38.0756 ], [ -107.8956, 38.073 ], [ -107.8908, 38.0665 ], [ -107.8935, 38.0578 ], [ -107.892, 38.0545 ], [ -107.8911, 38.0484 ], [ -107.888, 38.0454 ], [ -107.8891, 38.0445 ], [ -107.8919, 38.0435 ], [ -107.893, 38.0426 ], [ -107.8931, 38.0391 ], [ -107.8965, 38.0349 ], [ -107.8966, 38.0318 ], [ -107.9003, 38.0264 ], [ -107.8991, 38.0258 ], [ -107.8955, 38.0258 ], [ -107.8933, 38.0252 ], [ -107.8911, 38.0253 ], [ -107.8908, 38.0238 ], [ -107.8913, 38.0224 ], [ -107.8894, 38.018 ], [ -107.8899, 38.0158 ], [ -107.8911, 38.0147 ], [ -107.8903, 38.0126 ], [ -107.8872, 38.01 ], [ -107.8832, 38.0074 ], [ -107.8791, 38.0083 ], [ -107.8771, 38.008 ], [ -107.8744, 38.0069 ], [ -107.8696, 38.0073 ], [ -107.8673, 38.0076 ], [ -107.8624, 38.0095 ], [ -107.8611, 38.0086 ], [ -107.8593, 38.0082 ], [ -107.8565, 38.0087 ], [ -107.8526, 38.0082 ], [ -107.8488, 38.0084 ], [ -107.8446, 38.0059 ], [ -107.8423, 38.0057 ], [ -107.8415, 38.003 ], [ -107.8418, 38.0005 ], [ -107.8437, 37.999 ], [ -107.8477, 37.9973 ], [ -107.8496, 37.9945 ], [ -107.8491, 37.9926 ], [ -107.8481, 37.9923 ], [ -107.8432, 37.9916 ], [ -107.8374, 37.9924 ], [ -107.8327, 37.9907 ], [ -107.8308, 37.9897 ], [ -107.8302, 37.9889 ], [ -107.8283, 37.9889 ], [ -107.8249, 37.9882 ], [ -107.8218, 37.9887 ], [ -107.8199, 37.9897 ], [ -107.8162, 37.9893 ], [ -107.8143, 37.9906 ], [ -107.8098, 37.9901 ], [ -107.8077, 37.9891 ], [ -107.8047, 37.9888 ], [ -107.8024, 37.987 ], [ -107.8017, 37.987 ], [ -107.7997, 37.9881 ], [ -107.7955, 37.9885 ], [ -107.7933, 37.9864 ], [ -107.7917, 37.9824 ], [ -107.787, 37.9791 ], [ -107.7869, 37.9777 ], [ -107.7897, 37.975 ], [ -107.7885, 37.9745 ], [ -107.7855, 37.9714 ], [ -107.7845, 37.9684 ], [ -107.7803, 37.9619 ], [ -107.7785, 37.961 ], [ -107.7758, 37.9621 ], [ -107.7726, 37.9617 ], [ -107.7694, 37.962 ], [ -107.7682, 37.9614 ], [ -107.7655, 37.9609 ], [ -107.7637, 37.9592 ], [ -107.761, 37.9598 ], [ -107.759, 37.9585 ], [ -107.7554, 37.9547 ], [ -107.749, 37.9532 ], [ -107.7473, 37.9498 ], [ -107.746, 37.9489 ], [ -107.7445, 37.9461 ], [ -107.7442, 37.9425 ], [ -107.7435, 37.9414 ], [ -107.7425, 37.9404 ], [ -107.739, 37.939 ], [ -107.7381, 37.9345 ], [ -107.7361, 37.9321 ], [ -107.7328, 37.9299 ], [ -107.7336, 37.9267 ], [ -107.7359, 37.9249 ], [ -107.7332, 37.9216 ], [ -107.7334, 37.9201 ], [ -107.7377, 37.9176 ], [ -107.7371, 37.9169 ], [ -107.7371, 37.9147 ], [ -107.7351, 37.9105 ], [ -107.7363, 37.9095 ], [ -107.7371, 37.9072 ], [ -107.7413, 37.9008 ], [ -107.745, 37.8983 ], [ -107.7491, 37.8978 ], [ -107.7482, 37.895 ], [ -107.7489, 37.8938 ], [ -107.7528, 37.8913 ], [ -107.7562, 37.8901 ], [ -107.7566, 37.8854 ], [ -107.756, 37.8831 ], [ -107.761, 37.8775 ], [ -107.7659, 37.8777 ], [ -107.7689, 37.8739 ], [ -107.7755, 37.8683 ], [ -107.7779, 37.8678 ], [ -107.7828, 37.8677 ], [ -107.7828, 37.8658 ], [ -107.7802, 37.8623 ], [ -107.7808, 37.86 ], [ -107.7793, 37.8569 ], [ -107.7805, 37.8531 ], [ -107.7793, 37.8529 ], [ -107.7796, 37.8492 ], [ -107.78, 37.8486 ], [ -107.7818, 37.849 ], [ -107.783, 37.8487 ], [ -107.7853, 37.8466 ], [ -107.7838, 37.8444 ], [ -107.7825, 37.8435 ], [ -107.7831, 37.8406 ], [ -107.7852, 37.8401 ], [ -107.7878, 37.8382 ], [ -107.7891, 37.8381 ], [ -107.7905, 37.8372 ], [ -107.7905, 37.835 ], [ -107.7926, 37.8317 ], [ -107.7928, 37.8305 ], [ -107.7945, 37.8292 ], [ -107.7953, 37.8253 ], [ -107.7966, 37.8227 ], [ -107.7998, 37.823 ], [ -107.8041, 37.8243 ], [ -107.8046, 37.825 ], [ -107.8085, 37.8241 ], [ -107.8098, 37.8232 ], [ -107.8112, 37.821 ], [ -107.8133, 37.8207 ], [ -107.8171, 37.8193 ], [ -107.8182, 37.8176 ], [ -107.8216, 37.8146 ], [ -107.8246, 37.8138 ], [ -107.8287, 37.8117 ], [ -107.8293, 37.81 ], [ -107.829, 37.8085 ], [ -107.8266, 37.8057 ], [ -107.8248, 37.8047 ], [ -107.8279, 37.801 ], [ -107.8286, 37.7993 ], [ -107.8222, 37.7956 ], [ -107.8238, 37.7932 ], [ -107.8247, 37.7901 ], [ -107.8276, 37.7894 ], [ -107.8328, 37.7841 ], [ -107.8361, 37.7828 ], [ -107.8388, 37.7793 ], [ -107.8407, 37.7743 ], [ -107.8438, 37.7734 ], [ -107.846, 37.7746 ], [ -107.8511, 37.7762 ], [ -107.8605, 37.7754 ], [ -107.8634, 37.7725 ], [ -107.8654, 37.7716 ], [ -107.865, 37.769 ], [ -107.8653, 37.7686 ], [ -107.8686, 37.767 ], [ -107.8703, 37.7628 ], [ -107.8662, 37.7618 ], [ -107.8632, 37.7601 ], [ -107.863, 37.7567 ], [ -107.8618, 37.756 ], [ -107.8645, 37.753 ], [ -107.8646, 37.7505 ], [ -107.866, 37.749 ], [ -107.8662, 37.7471 ], [ -107.8694, 37.7457 ], [ -107.8758, 37.7388 ], [ -107.8754, 37.7326 ], [ -107.8746, 37.7298 ], [ -107.8757, 37.7262 ], [ -107.8731, 37.7218 ], [ -107.8738, 37.7199 ], [ -107.875, 37.7192 ], [ -107.8777, 37.7158 ], [ -107.8817, 37.7182 ], [ -107.8857, 37.7178 ], [ -107.8902, 37.7182 ], [ -107.895, 37.7175 ], [ -107.8965, 37.719 ], [ -107.8992, 37.7191 ], [ -107.9006, 37.7184 ], [ -107.9029, 37.7188 ], [ -107.9072, 37.7174 ], [ -107.9093, 37.7161 ], [ -107.9106, 37.7163 ], [ -107.9118, 37.715 ], [ -107.9112, 37.7126 ], [ -107.9117, 37.7124 ], [ -107.9146, 37.7123 ], [ -107.9178, 37.7109 ], [ -107.9212, 37.7103 ], [ -107.9259, 37.7105 ], [ -107.9286, 37.7098 ], [ -107.9302, 37.7089 ], [ -107.9325, 37.7062 ], [ -107.9348, 37.7053 ], [ -107.9363, 37.7031 ], [ -107.9373, 37.7025 ], [ -107.9415, 37.7028 ], [ -107.9437, 37.7056 ], [ -107.9448, 37.7063 ], [ -107.9492, 37.7068 ], [ -107.9494, 37.7063 ], [ -107.9507, 37.7062 ], [ -107.9526, 37.7069 ], [ -107.9576, 37.705 ], [ -107.9583, 37.703 ], [ -107.9635, 37.7006 ], [ -107.9649, 37.6988 ], [ -107.9659, 37.6981 ], [ -107.9677, 37.698 ], [ -107.9688, 37.6967 ], [ -107.969, 37.6937 ], [ -107.9707, 37.6902 ], [ -107.9705, 37.6878 ], [ -107.9718, 37.687 ], [ -107.975, 37.6837 ], [ -107.9721, 37.6819 ], [ -107.9693, 37.679 ], [ -107.9694, 37.677 ], [ -107.9688, 37.6755 ], [ -107.966, 37.6718 ], [ -107.9659, 37.6696 ], [ -107.9647, 37.6681 ], [ -107.9647, 37.6651 ], [ -107.9614, 37.6613 ], [ -107.9615, 37.6582 ], [ -107.9587, 37.6516 ], [ -107.9573, 37.6502 ], [ -107.9573, 37.6485 ], [ -107.9585, 37.6468 ], [ -107.9595, 37.6428 ], [ -107.9622, 37.6411 ], [ -107.967, 37.641 ], [ -107.9686, 37.6399 ], [ -107.9716, 37.6398 ], [ -107.9729, 37.6388 ], [ -107.9727, 37.6363 ], [ -107.9744, 37.6343 ], [ -107.9749, 37.6319 ], [ -107.9747, 37.6295 ], [ -107.9824, 37.6282 ], [ -107.984, 37.6265 ], [ -107.9885, 37.6247 ], [ -107.9904, 37.6223 ], [ -107.9911, 37.6205 ], [ -107.9932, 37.6191 ], [ -107.9946, 37.6156 ], [ -107.997, 37.6145 ], [ -108.0001, 37.6143 ], [ -108.0006, 37.6146 ], [ -108.0012, 37.6141 ], [ -108.0016, 37.6113 ], [ -108.0023, 37.6103 ], [ -108.0037, 37.6098 ], [ -108.0052, 37.6067 ], [ -108.0062, 37.6062 ], [ -108.0102, 37.606 ], [ -108.014, 37.6042 ], [ -108.0156, 37.6009 ], [ -108.014, 37.5991 ], [ -108.014, 37.5965 ], [ -108.0146, 37.5961 ], [ -108.017, 37.5958 ], [ -108.0163, 37.5939 ], [ -108.0176, 37.5922 ], [ -108.0218, 37.5917 ], [ -108.0231, 37.591 ], [ -108.0213, 37.5888 ], [ -108.0198, 37.5852 ], [ -108.0204, 37.5825 ], [ -108.0198, 37.581 ], [ -108.02, 37.5783 ], [ -108.0192, 37.5761 ], [ -108.0197, 37.5738 ], [ -108.0209, 37.5718 ], [ -108.0183, 37.5675 ], [ -108.0218, 37.5628 ], [ -108.0211, 37.5598 ], [ -108.0195, 37.5587 ], [ -108.0205, 37.557 ], [ -108.02, 37.5537 ], [ -108.0217, 37.5518 ], [ -108.0215, 37.549 ], [ -108.0237, 37.5463 ], [ -108.0239, 37.5433 ], [ -108.0255, 37.5398 ], [ -108.0285, 37.5367 ], [ -108.0319, 37.5343 ], [ -108.0347, 37.5329 ], [ -108.0335, 37.5265 ], [ -108.0344, 37.5238 ], [ -108.0343, 37.5222 ], [ -108.0321, 37.5184 ], [ -108.034, 37.5154 ], [ -108.0341, 37.5129 ], [ -108.0328, 37.5107 ], [ -108.0312, 37.5095 ], [ -108.0336, 37.5088 ], [ -108.0358, 37.507 ], [ -108.0376, 37.5028 ], [ -108.0362, 37.4994 ], [ -108.0345, 37.4971 ], [ -108.0364, 37.4911 ], [ -108.0365, 37.488 ], [ -108.036, 37.4857 ], [ -108.0337, 37.4845 ], [ -108.0337, 37.48 ], [ -108.0327, 37.4786 ], [ -108.0345, 37.4768 ], [ -108.0363, 37.4709 ], [ -108.0331, 37.4648 ], [ -108.0347, 37.4605 ], [ -108.037, 37.4597 ], [ -108.0383, 37.4576 ], [ -108.0392, 37.4557 ], [ -108.0382, 37.4522 ], [ -108.0424, 37.4483 ], [ -108.0437, 37.4435 ], [ -108.0445, 37.4426 ], [ -108.0484, 37.4426 ], [ -108.0532, 37.4374 ], [ -108.0576, 37.438 ], [ -108.0592, 37.4375 ], [ -108.0618, 37.4374 ], [ -108.0657, 37.4384 ], [ -108.0692, 37.4379 ], [ -108.0734, 37.4391 ], [ -108.0776, 37.4387 ], [ -108.0789, 37.4393 ], [ -108.081, 37.4415 ], [ -108.0797, 37.4427 ], [ -108.0795, 37.4444 ], [ -108.0787, 37.4456 ], [ -108.0766, 37.4475 ], [ -108.0773, 37.4511 ], [ -108.0762, 37.4543 ], [ -108.0761, 37.4578 ], [ -108.0749, 37.4592 ], [ -108.0731, 37.4598 ], [ -108.0792, 37.4641 ], [ -108.0802, 37.4657 ], [ -108.0841, 37.4681 ], [ -108.0866, 37.4712 ], [ -108.0918, 37.4744 ], [ -108.093, 37.4768 ], [ -108.0965, 37.4791 ], [ -108.0981, 37.482 ], [ -108.1024, 37.483 ], [ -108.1064, 37.4857 ], [ -108.109, 37.4856 ], [ -108.1117, 37.4864 ], [ -108.1136, 37.4888 ], [ -108.1167, 37.4912 ], [ -108.1224, 37.4924 ], [ -108.1285, 37.4927 ], [ -108.1321, 37.4952 ], [ -108.1326, 37.4967 ], [ -108.1367, 37.497 ], [ -108.1399, 37.4957 ], [ -108.1418, 37.4941 ], [ -108.1474, 37.4943 ], [ -108.1526, 37.4952 ], [ -108.1594, 37.4943 ], [ -108.1628, 37.4928 ], [ -108.1651, 37.4926 ], [ -108.1715, 37.4971 ], [ -108.1753, 37.4976 ], [ -108.1785, 37.499 ], [ -108.181, 37.499 ], [ -108.1904, 37.4967 ], [ -108.1941, 37.4984 ], [ -108.2056, 37.4949 ], [ -108.2078, 37.4917 ], [ -108.2144, 37.4855 ], [ -108.2168, 37.4813 ], [ -108.2194, 37.4812 ], [ -108.2235, 37.4823 ], [ -108.2249, 37.4822 ], [ -108.2294, 37.4802 ], [ -108.2321, 37.4772 ], [ -108.2353, 37.4756 ], [ -108.2385, 37.4753 ], [ -108.2392, 37.473 ], [ -108.2415, 37.4688 ], [ -108.2436, 37.4665 ], [ -108.2475, 37.4654 ], [ -108.2497, 37.4641 ], [ -108.2506, 37.4639 ], [ -108.2551, 37.4651 ], [ -108.2596, 37.4645 ], [ -108.2629, 37.4658 ], [ -108.2638, 37.4667 ], [ -108.2642, 37.4665 ], [ -108.2658, 37.4652 ], [ -108.2661, 37.464 ], [ -108.265, 37.4583 ], [ -108.2655, 37.4577 ], [ -108.2667, 37.4569 ], [ -108.2711, 37.4555 ], [ -108.2756, 37.4522 ], [ -108.2803, 37.4467 ], [ -108.2861, 37.444 ], [ -108.2859, 37.4432 ], [ -108.287, 37.4424 ], [ -108.289, 37.4383 ], [ -108.2922, 37.4365 ], [ -108.2936, 37.435 ], [ -108.3008, 37.433 ], [ -108.3027, 37.4318 ], [ -108.3027, 37.4285 ], [ -108.3016, 37.4267 ], [ -108.3045, 37.4236 ], [ -108.3081, 37.4219 ], [ -108.3113, 37.4197 ], [ -108.3154, 37.4204 ], [ -108.3185, 37.4195 ], [ -108.327, 37.4192 ], [ -108.3294, 37.4198 ], [ -108.3353, 37.4228 ], [ -108.3394, 37.4267 ], [ -108.3423, 37.4279 ], [ -108.3441, 37.4291 ], [ -108.3465, 37.4301 ], [ -108.3478, 37.4296 ], [ -108.3499, 37.4297 ], [ -108.3529, 37.4305 ], [ -108.3518, 37.4343 ], [ -108.3537, 37.4342 ], [ -108.3588, 37.4353 ], [ -108.3595, 37.4344 ], [ -108.3598, 37.4292 ], [ -108.3607, 37.4267 ], [ -108.3661, 37.4242 ], [ -108.369, 37.4207 ], [ -108.3737, 37.4185 ], [ -108.3723, 37.4144 ], [ -108.3725, 37.4139 ], [ -108.3742, 37.4123 ], [ -108.3768, 37.4122 ], [ -108.377, 37.4099 ], [ -108.3789, 37.4082 ], [ -108.3795, 37.4061 ], [ -108.3833, 37.4054 ], [ -108.3836, 37.4049 ], [ -108.3872, 37.4052 ], [ -108.3875, 37.4056 ], [ -108.3875, 37.4076 ], [ -108.3882, 37.4089 ], [ -108.3879, 37.4109 ], [ -108.3893, 37.4125 ], [ -108.3887, 37.4132 ], [ -108.3886, 37.4179 ], [ -108.39, 37.4189 ], [ -108.3902, 37.4202 ], [ -108.3921, 37.4233 ], [ -108.3946, 37.4246 ], [ -108.3994, 37.425 ], [ -108.4004, 37.4258 ], [ -108.4008, 37.4276 ], [ -108.4043, 37.4274 ], [ -108.4069, 37.4283 ], [ -108.411, 37.4323 ], [ -108.4117, 37.4339 ], [ -108.4142, 37.436 ], [ -108.4138, 37.4373 ], [ -108.4143, 37.4391 ], [ -108.4174, 37.4388 ], [ -108.4257, 37.4416 ], [ -108.4345, 37.4411 ], [ -108.4392, 37.4426 ], [ -108.4407, 37.4418 ], [ -108.4445, 37.4421 ], [ -108.4456, 37.4408 ], [ -108.4462, 37.4377 ], [ -108.4473, 37.4364 ], [ -108.4495, 37.436 ], [ -108.4526, 37.4362 ], [ -108.4548, 37.4347 ], [ -108.4565, 37.4347 ], [ -108.4585, 37.4342 ], [ -108.4606, 37.4358 ], [ -108.4633, 37.436 ], [ -108.4647, 37.4371 ], [ -108.4654, 37.4372 ], [ -108.4645, 37.4397 ], [ -108.4649, 37.4402 ], [ -108.4672, 37.4411 ], [ -108.4687, 37.4405 ], [ -108.4709, 37.4418 ], [ -108.4754, 37.4436 ], [ -108.4757, 37.4462 ], [ -108.477, 37.447 ], [ -108.4791, 37.4458 ], [ -108.4805, 37.4457 ], [ -108.4823, 37.4462 ], [ -108.4844, 37.4476 ], [ -108.4886, 37.4484 ], [ -108.4886, 37.4492 ], [ -108.4895, 37.4502 ], [ -108.4915, 37.4499 ], [ -108.4947, 37.4518 ], [ -108.4958, 37.4511 ], [ -108.4983, 37.4522 ], [ -108.5012, 37.4525 ], [ -108.5046, 37.4557 ], [ -108.5077, 37.4569 ], [ -108.5089, 37.4606 ], [ -108.5103, 37.4595 ], [ -108.514, 37.4595 ], [ -108.5145, 37.4588 ], [ -108.519, 37.4573 ], [ -108.5189, 37.4563 ], [ -108.5195, 37.4561 ], [ -108.5212, 37.4562 ], [ -108.5244, 37.4556 ], [ -108.525, 37.4558 ], [ -108.5266, 37.4571 ], [ -108.5267, 37.4592 ], [ -108.528, 37.4596 ], [ -108.5289, 37.4621 ], [ -108.5315, 37.4634 ], [ -108.5337, 37.4653 ], [ -108.5352, 37.4651 ], [ -108.54, 37.4657 ], [ -108.5417, 37.467 ], [ -108.545, 37.4727 ], [ -108.5457, 37.4753 ], [ -108.5457, 37.4777 ], [ -108.5465, 37.4795 ], [ -108.5482, 37.4797 ], [ -108.5496, 37.4806 ], [ -108.554, 37.4797 ], [ -108.555, 37.4813 ], [ -108.5545, 37.483 ], [ -108.5551, 37.4852 ], [ -108.5543, 37.4863 ], [ -108.5529, 37.4867 ], [ -108.5519, 37.4887 ], [ -108.553, 37.4897 ], [ -108.5529, 37.4908 ], [ -108.5535, 37.4913 ], [ -108.5555, 37.4918 ], [ -108.5574, 37.4906 ], [ -108.5594, 37.4923 ], [ -108.5626, 37.4926 ], [ -108.5647, 37.4941 ], [ -108.5649, 37.4962 ], [ -108.5689, 37.4952 ], [ -108.5733, 37.4919 ], [ -108.5777, 37.4906 ], [ -108.5784, 37.4907 ], [ -108.5802, 37.4925 ], [ -108.5844, 37.4914 ], [ -108.5868, 37.4913 ], [ -108.5876, 37.4935 ], [ -108.5853, 37.4943 ], [ -108.5833, 37.4958 ], [ -108.5833, 37.4966 ], [ -108.5861, 37.498 ], [ -108.5871, 37.4995 ], [ -108.5891, 37.501 ], [ -108.5893, 37.5036 ], [ -108.5903, 37.5062 ], [ -108.5899, 37.5087 ], [ -108.5874, 37.5112 ], [ -108.5883, 37.5133 ], [ -108.5879, 37.5145 ], [ -108.5885, 37.516 ], [ -108.5896, 37.5168 ], [ -108.5914, 37.5218 ], [ -108.5948, 37.528 ], [ -108.5947, 37.535 ], [ -108.5929, 37.5442 ], [ -108.5909, 37.5509 ], [ -108.5918, 37.5514 ], [ -108.5936, 37.5512 ], [ -108.5933, 37.5518 ], [ -108.595, 37.5529 ], [ -108.5993, 37.5527 ], [ -108.5992, 37.5544 ], [ -108.6011, 37.555 ], [ -108.6023, 37.5546 ], [ -108.602, 37.5557 ], [ -108.6028, 37.5568 ], [ -108.604, 37.5575 ], [ -108.6066, 37.5577 ], [ -108.6089, 37.5601 ], [ -108.6089, 37.5621 ], [ -108.6074, 37.5629 ], [ -108.606, 37.5671 ], [ -108.604, 37.5701 ], [ -108.6023, 37.571 ], [ -108.6011, 37.5735 ], [ -108.6069, 37.5767 ], [ -108.6068, 37.578 ], [ -108.6086, 37.5788 ], [ -108.6088, 37.5797 ], [ -108.607, 37.5818 ], [ -108.61, 37.5824 ], [ -108.6104, 37.5829 ], [ -108.6111, 37.5827 ], [ -108.6122, 37.5834 ], [ -108.6123, 37.5845 ], [ -108.6111, 37.5861 ], [ -108.6119, 37.5867 ], [ -108.6128, 37.5895 ], [ -108.6126, 37.5906 ], [ -108.6118, 37.5911 ], [ -108.6136, 37.5925 ], [ -108.6155, 37.593 ], [ -108.6169, 37.5924 ], [ -108.6172, 37.5917 ], [ -108.6186, 37.5918 ], [ -108.6231, 37.5905 ], [ -108.6241, 37.59 ], [ -108.6247, 37.5885 ], [ -108.6265, 37.5883 ], [ -108.6331, 37.586 ], [ -108.6346, 37.5862 ], [ -108.6364, 37.5877 ], [ -108.6386, 37.5878 ], [ -108.6398, 37.5885 ], [ -108.6432, 37.5876 ], [ -108.6437, 37.5878 ], [ -108.6457, 37.5908 ], [ -108.6487, 37.5932 ], [ -108.652, 37.597 ], [ -108.6538, 37.5939 ], [ -108.6549, 37.5936 ], [ -108.6563, 37.5944 ], [ -108.6585, 37.5949 ], [ -108.6598, 37.597 ], [ -108.6629, 37.5944 ], [ -108.6725, 37.5907 ], [ -108.6733, 37.5893 ], [ -108.6768, 37.5892 ], [ -108.6798, 37.5902 ], [ -108.6816, 37.59 ], [ -108.6849, 37.5891 ], [ -108.6892, 37.5866 ], [ -108.6912, 37.5861 ], [ -108.6951, 37.588 ], [ -108.699, 37.5906 ], [ -108.7031, 37.5917 ], [ -108.7045, 37.5932 ], [ -108.7081, 37.595 ], [ -108.7126, 37.5964 ], [ -108.7158, 37.5989 ], [ -108.7171, 37.6012 ], [ -108.7188, 37.6027 ], [ -108.7194, 37.6022 ], [ -108.7191, 37.5997 ], [ -108.7224, 37.5993 ], [ -108.7254, 37.5969 ], [ -108.732, 37.5955 ], [ -108.7359, 37.5983 ], [ -108.737, 37.5997 ], [ -108.7384, 37.5995 ], [ -108.7397, 37.5999 ], [ -108.7424, 37.6044 ], [ -108.7437, 37.6049 ], [ -108.7462, 37.608 ], [ -108.7471, 37.6101 ], [ -108.7501, 37.6112 ], [ -108.7504, 37.6118 ], [ -108.7521, 37.6117 ], [ -108.7512, 37.6144 ], [ -108.7509, 37.6184 ], [ -108.7497, 37.6226 ], [ -108.7463, 37.6255 ], [ -108.7488, 37.6257 ], [ -108.7518, 37.6266 ], [ -108.7533, 37.6275 ], [ -108.7536, 37.6289 ], [ -108.7551, 37.6303 ], [ -108.7552, 37.6361 ], [ -108.7579, 37.6378 ], [ -108.7589, 37.6439 ], [ -108.7573, 37.6469 ], [ -108.7568, 37.6489 ], [ -108.7586, 37.6541 ], [ -108.7543, 37.6658 ], [ -108.7524, 37.6675 ], [ -108.7486, 37.6698 ], [ -108.7478, 37.6713 ], [ -108.7487, 37.6736 ], [ -108.7504, 37.6743 ], [ -108.7556, 37.6739 ], [ -108.76, 37.6745 ], [ -108.7615, 37.6755 ], [ -108.7624, 37.6801 ], [ -108.7641, 37.6829 ], [ -108.7671, 37.6863 ], [ -108.767, 37.689 ], [ -108.7689, 37.6916 ], [ -108.7713, 37.6979 ], [ -108.7727, 37.6997 ], [ -108.7716, 37.7053 ], [ -108.7707, 37.7068 ], [ -108.7728, 37.7129 ], [ -108.7723, 37.7182 ], [ -108.7745, 37.72 ], [ -108.7747, 37.7213 ], [ -108.7722, 37.7257 ], [ -108.7714, 37.7281 ], [ -108.7719, 37.7325 ], [ -108.7716, 37.7341 ], [ -108.7727, 37.7382 ], [ -108.7709, 37.7415 ], [ -108.7705, 37.7446 ], [ -108.7693, 37.7455 ], [ -108.7694, 37.7468 ], [ -108.7658, 37.7483 ], [ -108.7652, 37.753 ], [ -108.7635, 37.7573 ], [ -108.7623, 37.758 ], [ -108.758, 37.7624 ], [ -108.757, 37.7628 ], [ -108.7574, 37.7638 ], [ -108.7614, 37.7655 ], [ -108.7637, 37.7644 ], [ -108.7662, 37.7644 ], [ -108.7678, 37.7651 ], [ -108.7685, 37.7669 ], [ -108.7701, 37.7678 ], [ -108.7724, 37.7702 ], [ -108.7733, 37.7729 ], [ -108.7748, 37.7743 ], [ -108.7748, 37.7759 ], [ -108.7757, 37.7775 ], [ -108.7812, 37.7803 ], [ -108.7818, 37.7818 ], [ -108.7806, 37.7844 ], [ -108.7821, 37.787 ], [ -108.7849, 37.7868 ], [ -108.7869, 37.7876 ], [ -108.7886, 37.7866 ], [ -108.7901, 37.7789 ], [ -108.7953, 37.7771 ], [ -108.7964, 37.7742 ], [ -108.7984, 37.7715 ], [ -108.7987, 37.7691 ], [ -108.8023, 37.7649 ], [ -108.8066, 37.7647 ], [ -108.8077, 37.7637 ], [ -108.8098, 37.7628 ], [ -108.8142, 37.7579 ], [ -108.8176, 37.7569 ], [ -108.8208, 37.7596 ], [ -108.8232, 37.761 ], [ -108.8263, 37.7609 ], [ -108.8277, 37.7627 ], [ -108.828, 37.7662 ], [ -108.8286, 37.7669 ], [ -108.83, 37.7656 ], [ -108.8321, 37.7661 ], [ -108.8364, 37.7652 ], [ -108.8412, 37.7667 ], [ -108.8439, 37.7663 ], [ -108.8554, 37.7701 ], [ -108.8573, 37.7717 ], [ -108.8573, 37.7729 ], [ -108.8585, 37.7735 ], [ -108.8594, 37.7749 ], [ -108.8595, 37.7759 ], [ -108.8602, 37.7762 ], [ -108.8626, 37.7765 ], [ -108.8659, 37.7745 ], [ -108.8692, 37.774 ], [ -108.8732, 37.778 ], [ -108.8757, 37.7787 ], [ -108.8788, 37.7813 ], [ -108.8802, 37.7835 ], [ -108.8803, 37.7865 ], [ -108.8799, 37.7885 ], [ -108.8786, 37.7899 ], [ -108.8785, 37.7911 ], [ -108.8773, 37.7919 ], [ -108.8791, 37.7925 ], [ -108.8824, 37.7952 ], [ -108.8833, 37.8009 ], [ -108.8825, 37.8032 ], [ -108.8822, 37.8102 ], [ -108.8798, 37.813 ], [ -108.8782, 37.814 ], [ -108.8776, 37.8141 ], [ -108.8767, 37.8133 ], [ -108.8744, 37.8136 ], [ -108.8715, 37.8161 ], [ -108.8648, 37.817 ], [ -108.8612, 37.8192 ], [ -108.859, 37.8214 ], [ -108.8573, 37.8224 ], [ -108.8555, 37.8228 ], [ -108.8548, 37.8246 ], [ -108.8548, 37.827 ], [ -108.8491, 37.8342 ], [ -108.8502, 37.8375 ], [ -108.8496, 37.8417 ], [ -108.8457, 37.8472 ], [ -108.8359, 37.8523 ], [ -108.8317, 37.8558 ], [ -108.8276, 37.8577 ], [ -108.8274, 37.8586 ], [ -108.8288, 37.8597 ], [ -108.8294, 37.8622 ], [ -108.8319, 37.8654 ], [ -108.8316, 37.8664 ], [ -108.8346, 37.8686 ], [ -108.8363, 37.8711 ], [ -108.8373, 37.875 ], [ -108.8371, 37.8779 ], [ -108.8377, 37.8791 ], [ -108.8362, 37.8847 ], [ -108.8373, 37.8862 ], [ -108.8359, 37.8884 ], [ -108.8334, 37.8903 ], [ -108.8328, 37.8914 ], [ -108.8351, 37.8965 ], [ -108.835, 37.8987 ], [ -108.8337, 37.9017 ], [ -108.8335, 37.9035 ], [ -108.8316, 37.9053 ], [ -108.8318, 37.906 ], [ -108.8308, 37.9071 ], [ -108.8343, 37.908 ], [ -108.8347, 37.9096 ], [ -108.8363, 37.9104 ], [ -108.8354, 37.9116 ], [ -108.8353, 37.9158 ], [ -108.8375, 37.9155 ], [ -108.8404, 37.9168 ], [ -108.845, 37.9172 ], [ -108.8469, 37.9182 ], [ -108.849, 37.9179 ], [ -108.8515, 37.9158 ], [ -108.8526, 37.9134 ], [ -108.8551, 37.9132 ], [ -108.8556, 37.9119 ], [ -108.8571, 37.9118 ], [ -108.8581, 37.9122 ], [ -108.8614, 37.9152 ], [ -108.861, 37.919 ], [ -108.8644, 37.9252 ], [ -108.8662, 37.9266 ], [ -108.8665, 37.9316 ], [ -108.8707, 37.931 ], [ -108.8737, 37.9275 ], [ -108.8795, 37.9254 ], [ -108.8831, 37.9243 ], [ -108.8886, 37.9243 ], [ -108.891, 37.9235 ], [ -108.8938, 37.9233 ], [ -108.9009, 37.9256 ], [ -108.901, 37.9264 ], [ -108.9003, 37.9272 ], [ -108.9037, 37.9305 ], [ -108.903, 37.9329 ], [ -108.9043, 37.9345 ], [ -108.9044, 37.9354 ], [ -108.9066, 37.9369 ], [ -108.9078, 37.9362 ], [ -108.9089, 37.934 ], [ -108.9131, 37.9311 ], [ -108.9159, 37.9305 ], [ -108.9215, 37.9278 ], [ -108.9262, 37.9245 ], [ -108.9302, 37.925 ], [ -108.9317, 37.9259 ], [ -108.9358, 37.9337 ], [ -108.937, 37.934 ], [ -108.9401, 37.931 ], [ -108.9428, 37.9271 ], [ -108.9463, 37.9265 ], [ -108.9524, 37.9207 ], [ -108.9552, 37.9203 ], [ -108.9572, 37.9193 ], [ -108.9592, 37.9157 ], [ -108.9599, 37.9118 ], [ -108.961, 37.91 ], [ -108.9695, 37.9075 ], [ -108.9712, 37.9075 ], [ -108.9719, 37.9081 ], [ -108.9738, 37.9082 ], [ -108.9749, 37.9088 ], [ -108.9767, 37.9107 ], [ -108.9776, 37.911 ], [ -108.9798, 37.9102 ], [ -108.9816, 37.9109 ], [ -108.9826, 37.9123 ], [ -108.9828, 37.9139 ], [ -108.982, 37.9164 ], [ -108.9811, 37.9175 ], [ -108.9813, 37.9193 ], [ -108.9843, 37.9206 ], [ -108.9882, 37.9211 ], [ -108.9889, 37.9222 ], [ -108.9882, 37.9251 ], [ -108.9907, 37.9277 ], [ -108.994, 37.9324 ], [ -108.9968, 37.9342 ], [ -108.9975, 37.9342 ], [ -108.9983, 37.9334 ], [ -108.9995, 37.9353 ], [ -109.0025, 37.9374 ], [ -109.0027, 37.9388 ], [ -109.0007, 37.9423 ], [ -109.0008, 37.9431 ], [ -109.0021, 37.9442 ], [ -109.0005, 37.9496 ], [ -109.0005, 37.9543 ], [ -109.0018, 37.9576 ], [ -109.0025, 37.9582 ], [ -109.0018, 37.9613 ], [ -109.0032, 37.9622 ], [ -109.0049, 37.9611 ], [ -109.0113, 37.9596 ], [ -109.0132, 37.9588 ], [ -109.0169, 37.9547 ], [ -109.0206, 37.9546 ], [ -109.0215, 37.9537 ], [ -109.0245, 37.9536 ], [ -109.027, 37.9545 ], [ -109.0288, 37.9561 ], [ -109.0301, 37.9559 ], [ -109.0319, 37.9544 ], [ -109.0324, 37.953 ], [ -109.0311, 37.9493 ], [ -109.0324, 37.9453 ], [ -109.0321, 37.9442 ], [ -109.0305, 37.9424 ], [ -109.03, 37.9403 ], [ -109.0312, 37.9375 ], [ -109.033, 37.9352 ], [ -109.0335, 37.9316 ], [ -109.0341, 37.9308 ], [ -109.0352, 37.9307 ], [ -109.0372, 37.9319 ], [ -109.0417, 37.9296 ], [ -109.043, 37.9771 ], [ -109.0418, 38.1647 ], [ -109.0556, 38.251 ], [ -109.0601, 38.2755 ], [ -109.0603, 38.5993 ], [ -109.0595, 38.7199 ], [ -109.0574, 38.7955 ], [ -109.0542, 38.875 ], [ -109.0519, 39.0782 ], [ -109.051, 39.0777 ], [ -109.0507, 39.0765 ], [ -109.0479, 39.0743 ], [ -109.0459, 39.0748 ], [ -109.0405, 39.0741 ], [ -109.0396, 39.0749 ], [ -109.0385, 39.0791 ], [ -109.0353, 39.0801 ], [ -109.0343, 39.0799 ], [ -109.0323, 39.0782 ], [ -109.0272, 39.0794 ], [ -109.0244, 39.0792 ], [ -109.0236, 39.0788 ], [ -109.0235, 39.0774 ], [ -109.022, 39.0762 ], [ -109.0209, 39.0771 ], [ -109.0197, 39.0769 ], [ -109.017, 39.0779 ], [ -109.0106, 39.0783 ], [ -109.0093, 39.0778 ], [ -109.0071, 39.0782 ], [ -109.0053, 39.077 ], [ -109.0038, 39.0768 ], [ -108.9949, 39.0776 ], [ -108.9913, 39.0752 ], [ -108.9894, 39.0724 ], [ -108.9858, 39.0722 ], [ -108.9853, 39.0713 ], [ -108.9821, 39.0695 ], [ -108.9785, 39.0686 ], [ -108.977, 39.0694 ], [ -108.9747, 39.0693 ], [ -108.9723, 39.0677 ], [ -108.9706, 39.0677 ], [ -108.9689, 39.0669 ], [ -108.9668, 39.0673 ], [ -108.9651, 39.0657 ], [ -108.9619, 39.0646 ], [ -108.9598, 39.0614 ], [ -108.958, 39.0606 ], [ -108.9553, 39.0575 ], [ -108.9544, 39.0586 ], [ -108.9527, 39.0592 ], [ -108.9491, 39.0591 ], [ -108.9462, 39.0579 ], [ -108.9429, 39.0572 ], [ -108.9406, 39.0572 ], [ -108.9378, 39.0581 ], [ -108.9369, 39.0555 ], [ -108.9355, 39.0546 ], [ -108.9335, 39.0516 ], [ -108.9296, 39.0501 ], [ -108.926, 39.0532 ], [ -108.9247, 39.0537 ], [ -108.9217, 39.0538 ], [ -108.9184, 39.0554 ], [ -108.9165, 39.0583 ], [ -108.913, 39.0586 ], [ -108.9096, 39.06 ], [ -108.9062, 39.0624 ], [ -108.9039, 39.0634 ], [ -108.9016, 39.0637 ], [ -108.8973, 39.0635 ], [ -108.8927, 39.0647 ], [ -108.8886, 39.0637 ], [ -108.8852, 39.0679 ], [ -108.8825, 39.0693 ], [ -108.8766, 39.071 ], [ -108.8753, 39.0719 ], [ -108.8741, 39.0739 ], [ -108.8762, 39.0767 ], [ -108.8744, 39.0782 ], [ -108.8686, 39.0782 ], [ -108.8638, 39.0795 ], [ -108.862, 39.0786 ], [ -108.8591, 39.0804 ], [ -108.8579, 39.0805 ], [ -108.8561, 39.0814 ], [ -108.853, 39.0795 ], [ -108.8505, 39.08 ], [ -108.8505, 39.0832 ], [ -108.8496, 39.085 ], [ -108.8498, 39.0878 ], [ -108.8484, 39.0895 ], [ -108.8444, 39.0924 ], [ -108.8399, 39.0928 ], [ -108.8379, 39.0944 ], [ -108.8309, 39.0967 ], [ -108.8257, 39.0963 ], [ -108.822, 39.0948 ] ] ], [ [ [ -109.0454, 39.3506 ], [ -109.0434, 39.3511 ], [ -109.043, 39.3522 ], [ -109.0404, 39.3514 ], [ -109.04, 39.3485 ], [ -109.0375, 39.3451 ], [ -109.0375, 39.343 ], [ -109.0348, 39.3408 ], [ -109.0344, 39.3382 ], [ -109.0322, 39.3366 ], [ -109.0318, 39.335 ], [ -109.0311, 39.3346 ], [ -109.0311, 39.3332 ], [ -109.0284, 39.3325 ], [ -109.0265, 39.331 ], [ -109.0259, 39.3289 ], [ -109.0259, 39.3243 ], [ -109.0215, 39.3205 ], [ -109.02, 39.3172 ], [ -109.0178, 39.3155 ], [ -109.0155, 39.3117 ], [ -109.0142, 39.3112 ], [ -109.0146, 39.3078 ], [ -109.0141, 39.3056 ], [ -109.0133, 39.3042 ], [ -109.0122, 39.3042 ], [ -109.0118, 39.3038 ], [ -109.0118, 39.302 ], [ -109.011, 39.3004 ], [ -109.011, 39.2975 ], [ -109.0101, 39.2938 ], [ -109.0079, 39.2924 ], [ -109.0078, 39.2918 ], [ -109.0093, 39.2904 ], [ -109.0083, 39.2888 ], [ -109.0086, 39.2873 ], [ -109.0093, 39.2869 ], [ -109.0108, 39.287 ], [ -109.0109, 39.2861 ], [ -109.0101, 39.2851 ], [ -109.0103, 39.2843 ], [ -109.0121, 39.2834 ], [ -109.0118, 39.2812 ], [ -109.0131, 39.2795 ], [ -109.0128, 39.2782 ], [ -109.0134, 39.2775 ], [ -109.0129, 39.2761 ], [ -109.0139, 39.2746 ], [ -109.0133, 39.2713 ], [ -109.0123, 39.2708 ], [ -109.013, 39.2694 ], [ -109.0094, 39.265 ], [ -109.0092, 39.2632 ], [ -109.0113, 39.258 ], [ -109.0141, 39.2565 ], [ -109.0157, 39.2569 ], [ -109.0169, 39.2551 ], [ -109.0155, 39.2534 ], [ -109.0172, 39.2524 ], [ -109.0177, 39.2515 ], [ -109.0191, 39.2516 ], [ -109.0205, 39.2498 ], [ -109.0199, 39.2473 ], [ -109.0208, 39.2458 ], [ -109.0228, 39.2442 ], [ -109.0222, 39.2406 ], [ -109.0238, 39.2383 ], [ -109.0239, 39.2369 ], [ -109.0248, 39.2362 ], [ -109.0238, 39.235 ], [ -109.0246, 39.2336 ], [ -109.0238, 39.2329 ], [ -109.0236, 39.2308 ], [ -109.0247, 39.2261 ], [ -109.0337, 39.2192 ], [ -109.0366, 39.2149 ], [ -109.0359, 39.2132 ], [ -109.0372, 39.2117 ], [ -109.037, 39.2098 ], [ -109.0327, 39.2084 ], [ -109.0323, 39.2078 ], [ -109.0328, 39.2069 ], [ -109.0318, 39.2036 ], [ -109.0269, 39.2006 ], [ -109.0261, 39.1981 ], [ -109.0274, 39.1971 ], [ -109.0293, 39.1942 ], [ -109.0305, 39.1937 ], [ -109.031, 39.1919 ], [ -109.0317, 39.1913 ], [ -109.0355, 39.1904 ], [ -109.0386, 39.1913 ], [ -109.04, 39.1911 ], [ -109.0407, 39.1905 ], [ -109.0411, 39.1897 ], [ -109.0392, 39.1852 ], [ -109.0407, 39.1821 ], [ -109.0387, 39.1804 ], [ -109.0384, 39.1784 ], [ -109.0372, 39.1779 ], [ -109.035, 39.1755 ], [ -109.0371, 39.1735 ], [ -109.0394, 39.1734 ], [ -109.042, 39.1715 ], [ -109.044, 39.1712 ], [ -109.0471, 39.169 ], [ -109.0496, 39.1658 ], [ -109.0514, 39.1624 ], [ -109.0508, 39.3634 ], [ -109.0484, 39.3588 ], [ -109.0475, 39.3537 ], [ -109.0463, 39.3522 ], [ -109.0461, 39.3507 ], [ -109.0454, 39.3506 ] ] ] ] } },
{ "type": "Feature", "properties": { "id": "101800" }, "geometry": { "type": "Polygon", "coordinates": [ [ [ -105.6457, 40.9971 ], [ -105.6496, 40.9942 ], [ -105.6525, 40.9935 ], [ -105.653, 40.9928 ], [ -105.6525, 40.9916 ], [ -105.6537, 40.991 ], [ -105.6536, 40.9897 ], [ -105.6549, 40.9892 ], [ -105.657, 40.9864 ], [ -105.6605, 40.9851 ], [ -105.6608, 40.983 ], [ -105.6645, 40.9799 ], [ -105.6638, 40.9769 ], [ -105.6646, 40.9746 ], [ -105.6676, 40.9756 ], [ -105.6711, 40.9762 ], [ -105.6726, 40.974 ], [ -105.6746, 40.9731 ], [ -105.6854, 40.9717 ], [ -105.6897, 40.9698 ], [ -105.6913, 40.9687 ], [ -105.6957, 40.9679 ], [ -105.6961, 40.967 ], [ -105.7009, 40.9638 ], [ -105.7022, 40.9646 ], [ -105.7036, 40.9627 ], [ -105.7085, 40.964 ], [ -105.7108, 40.964 ], [ -105.7129, 40.9634 ], [ -105.7137, 40.9625 ], [ -105.7131, 40.9615 ], [ -105.7199, 40.9594 ], [ -105.7291, 40.9553 ], [ -105.7318, 40.9527 ], [ -105.7327, 40.9497 ], [ -105.7347, 40.949 ], [ -105.7345, 40.9472 ], [ -105.7363, 40.9461 ], [ -105.7358, 40.9452 ], [ -105.7371, 40.9442 ], [ -105.7362, 40.9429 ], [ -105.7364, 40.9415 ], [ -105.7388, 40.9398 ], [ -105.7398, 40.9382 ], [ -105.7387, 40.9359 ], [ -105.74, 40.9356 ], [ -105.7423, 40.9335 ], [ -105.744, 40.9328 ], [ -105.7457, 40.9313 ], [ -105.746, 40.9303 ], [ -105.7515, 40.9281 ], [ -105.7574, 40.9241 ], [ -105.7591, 40.9243 ], [ -105.7618, 40.9229 ], [ -105.7626, 40.9221 ], [ -105.7631, 40.92 ], [ -105.7661, 40.9186 ], [ -105.7664, 40.9178 ], [ -105.7721, 40.9161 ], [ -105.7715, 40.9141 ], [ -105.7739, 40.9121 ], [ -105.7738, 40.9097 ], [ -105.7756, 40.9041 ], [ -105.776, 40.9013 ], [ -105.7749, 40.899 ], [ -105.777, 40.8961 ], [ -105.7802, 40.8946 ], [ -105.7819, 40.8927 ], [ -105.781, 40.8914 ], [ -105.778, 40.8905 ], [ -105.7777, 40.8892 ], [ -105.7744, 40.8869 ], [ -105.7714, 40.8784 ], [ -105.7756, 40.8742 ], [ -105.7789, 40.8717 ], [ -105.7842, 40.8717 ], [ -105.787, 40.8712 ], [ -105.7876, 40.8707 ], [ -105.7889, 40.8668 ], [ -105.788, 40.864 ], [ -105.7932, 40.8548 ], [ -105.7941, 40.852 ], [ -105.7906, 40.8511 ], [ -105.7862, 40.8483 ], [ -105.7839, 40.8448 ], [ -105.7828, 40.8441 ], [ -105.7787, 40.8438 ], [ -105.7697, 40.8418 ], [ -105.761, 40.8421 ], [ -105.7603, 40.8384 ], [ -105.7605, 40.833 ], [ -105.7582, 40.8304 ], [ -105.757, 40.8299 ], [ -105.7549, 40.8297 ], [ -105.7576, 40.8241 ], [ -105.7585, 40.8235 ], [ -105.7621, 40.823 ], [ -105.7635, 40.8219 ], [ -105.764, 40.8204 ], [ -105.7633, 40.8165 ], [ -105.7643, 40.8147 ], [ -105.767, 40.8128 ], [ -105.7734, 40.8105 ], [ -105.7717, 40.8049 ], [ -105.7714, 40.8016 ], [ -105.7736, 40.796 ], [ -105.7731, 40.7953 ], [ -105.7693, 40.7937 ], [ -105.7674, 40.7922 ], [ -105.767, 40.7899 ], [ -105.7655, 40.7888 ], [ -105.7625, 40.7849 ], [ -105.7623, 40.7826 ], [ -105.7657, 40.7827 ], [ -105.7679, 40.7813 ], [ -105.7685, 40.7818 ], [ -105.7717, 40.7818 ], [ -105.776, 40.779 ], [ -105.774, 40.773 ], [ -105.7779, 40.7719 ], [ -105.7785, 40.7716 ], [ -105.7785, 40.7705 ], [ -105.776, 40.7688 ], [ -105.7741, 40.7682 ], [ -105.7732, 40.7639 ], [ -105.7777, 40.7605 ], [ -105.7776, 40.7581 ], [ -105.7807, 40.7576 ], [ -105.7865, 40.7591 ], [ -105.7891, 40.7589 ], [ -105.7882, 40.7553 ], [ -105.7903, 40.7521 ], [ -105.7882, 40.7504 ], [ -105.7909, 40.7474 ], [ -105.7908, 40.7422 ], [ -105.7947, 40.7387 ], [ -105.8011, 40.7365 ], [ -105.8069, 40.7353 ], [ -105.8126, 40.7332 ], [ -105.815, 40.724 ], [ -105.8167, 40.7232 ], [ -105.8181, 40.7212 ], [ -105.8198, 40.7206 ], [ -105.8211, 40.7195 ], [ -105.8224, 40.7165 ], [ -105.8227, 40.7136 ], [ -105.8178, 40.7078 ], [ -105.8202, 40.7028 ], [ -105.8207, 40.7 ], [ -105.8194, 40.6971 ], [ -105.8161, 40.6919 ], [ -105.8158, 40.6895 ], [ -105.8213, 40.6864 ], [ -105.8241, 40.6855 ], [ -105.8276, 40.6851 ], [ -105.8363, 40.6862 ], [ -105.8381, 40.686 ], [ -105.842, 40.6814 ], [ -105.8422, 40.6799 ], [ -105.8426, 40.6796 ], [ -105.8439, 40.6801 ], [ -105.8447, 40.6787 ], [ -105.8451, 40.6755 ], [ -105.8447, 40.6734 ], [ -105.8455, 40.6699 ], [ -105.8446, 40.6675 ], [ -105.8461, 40.6638 ], [ -105.8458, 40.6633 ], [ -105.8445, 40.6628 ], [ -105.844, 40.66 ], [ -105.8405, 40.6612 ], [ -105.8392, 40.6608 ], [ -105.8339, 40.6626 ], [ -105.8309, 40.6615 ], [ -105.8315, 40.6589 ], [ -105.8331, 40.6587 ], [ -105.8339, 40.658 ], [ -105.8378, 40.6538 ], [ -105.8382, 40.6521 ], [ -105.8421, 40.6508 ], [ -105.8422, 40.6469 ], [ -105.8463, 40.6449 ], [ -105.8473, 40.6431 ], [ -105.8464, 40.6417 ], [ -105.8476, 40.6399 ], [ -105.8446, 40.6371 ], [ -105.8411, 40.6367 ], [ -105.8396, 40.6358 ], [ -105.8378, 40.6337 ], [ -105.8367, 40.6311 ], [ -105.8338, 40.6302 ], [ -105.8308, 40.6305 ], [ -105.8306, 40.631 ], [ -105.8287, 40.6304 ], [ -105.8273, 40.6269 ], [ -105.8289, 40.6254 ], [ -105.8288, 40.6233 ], [ -105.8299, 40.6224 ], [ -105.8318, 40.6224 ], [ -105.8331, 40.6214 ], [ -105.8334, 40.6204 ], [ -105.8321, 40.6193 ], [ -105.834, 40.6184 ], [ -105.8358, 40.6159 ], [ -105.8394, 40.6144 ], [ -105.8402, 40.6134 ], [ -105.8428, 40.6129 ], [ -105.8446, 40.6103 ], [ -105.8499, 40.6089 ], [ -105.8521, 40.6131 ], [ -105.8551, 40.617 ], [ -105.8602, 40.6157 ], [ -105.8636, 40.6169 ], [ -105.868, 40.6167 ], [ -105.8719, 40.6172 ], [ -105.8756, 40.6162 ], [ -105.8814, 40.6162 ], [ -105.8868, 40.6149 ], [ -105.888, 40.6142 ], [ -105.8894, 40.6143 ], [ -105.8921, 40.616 ], [ -105.8939, 40.6192 ], [ -105.8944, 40.6244 ], [ -105.8961, 40.6265 ], [ -105.8993, 40.6279 ], [ -105.9043, 40.625 ], [ -105.9065, 40.6243 ], [ -105.9117, 40.6242 ], [ -105.9151, 40.6249 ], [ -105.9162, 40.623 ], [ -105.9163, 40.6199 ], [ -105.9178, 40.6181 ], [ -105.9205, 40.6161 ], [ -105.9222, 40.6126 ], [ -105.9301, 40.6068 ], [ -105.9288, 40.6043 ], [ -105.9289, 40.6022 ], [ -105.9279, 40.6009 ], [ -105.9281, 40.5984 ], [ -105.9274, 40.5958 ], [ -105.9277, 40.5929 ], [ -105.9262, 40.5911 ], [ -105.9264, 40.59 ], [ -105.9255, 40.5887 ], [ -105.9254, 40.5869 ], [ -105.9238, 40.5833 ], [ -105.9244, 40.5815 ], [ -105.9232, 40.5784 ], [ -105.9218, 40.5767 ], [ -105.9218, 40.5751 ], [ -105.9208, 40.5735 ], [ -105.9187, 40.572 ], [ -105.9166, 40.5713 ], [ -105.9141, 40.5714 ], [ -105.9134, 40.5699 ], [ -105.9107, 40.5674 ], [ -105.9104, 40.5654 ], [ -105.9094, 40.564 ], [ -105.9094, 40.559 ], [ -105.9107, 40.5567 ], [ -105.9115, 40.5534 ], [ -105.9101, 40.5498 ], [ -105.9091, 40.5487 ], [ -105.9091, 40.5451 ], [ -105.9072, 40.5437 ], [ -105.9069, 40.541 ], [ -105.9047, 40.5359 ], [ -105.906, 40.5295 ], [ -105.9074, 40.5266 ], [ -105.9109, 40.5222 ], [ -105.9107, 40.521 ], [ -105.9079, 40.5163 ], [ -105.9043, 40.5142 ], [ -105.9005, 40.5174 ], [ -105.8938, 40.5206 ], [ -105.8828, 40.522 ], [ -105.8815, 40.5231 ], [ -105.8796, 40.5236 ], [ -105.8747, 40.5218 ], [ -105.8705, 40.5213 ], [ -105.8673, 40.5194 ], [ -105.8663, 40.5171 ], [ -105.8621, 40.5147 ], [ -105.8605, 40.5114 ], [ -105.8581, 40.5095 ], [ -105.8572, 40.5079 ], [ -105.8524, 40.5067 ], [ -105.8518, 40.499 ], [ -105.8527, 40.4967 ], [ -105.8552, 40.4939 ], [ -105.8561, 40.4902 ], [ -105.855, 40.4862 ], [ -105.8576, 40.4831 ], [ -105.8609, 40.4816 ], [ -105.8628, 40.4801 ], [ -105.8654, 40.4811 ], [ -105.8702, 40.4806 ], [ -105.8712, 40.4802 ], [ -105.8725, 40.4784 ], [ -105.8769, 40.4776 ], [ -105.8799, 40.4766 ], [ -105.8812, 40.4756 ], [ -105.886, 40.4771 ], [ -105.8883, 40.4765 ], [ -105.8917, 40.4766 ], [ -105.8922, 40.4759 ], [ -105.8923, 40.4737 ], [ -105.8943, 40.4696 ], [ -105.8973, 40.4691 ], [ -105.8992, 40.4656 ], [ -105.8984, 40.4634 ], [ -105.8984, 40.4572 ], [ -105.8998, 40.4543 ], [ -105.899, 40.4503 ], [ -105.8971, 40.4486 ], [ -105.8988, 40.4462 ], [ -105.9, 40.4402 ], [ -105.9021, 40.4361 ], [ -105.9019, 40.4346 ], [ -105.9035, 40.4317 ], [ -105.9025, 40.4299 ], [ -105.8988, 40.427 ], [ -105.8988, 40.4253 ], [ -105.898, 40.4236 ], [ -105.8982, 40.4196 ], [ -105.8977, 40.4179 ], [ -105.8988, 40.4154 ], [ -105.9022, 40.4128 ], [ -105.9018, 40.4063 ], [ -105.9033, 40.4027 ], [ -105.9034, 40.4005 ], [ -105.9051, 40.3989 ], [ -105.9073, 40.4 ], [ -105.911, 40.4004 ], [ -105.9138, 40.4016 ], [ -105.9206, 40.4016 ], [ -105.9252, 40.3926 ], [ -105.9278, 40.391 ], [ -105.9308, 40.3902 ], [ -105.9313, 40.3894 ], [ -105.9352, 40.3877 ], [ -105.9365, 40.3861 ], [ -105.9387, 40.3852 ], [ -105.9409, 40.3847 ], [ -105.9465, 40.385 ], [ -105.9461, 40.3818 ], [ -105.9473, 40.3779 ], [ -105.9436, 40.3751 ], [ -105.9398, 40.3734 ], [ -105.9377, 40.3719 ], [ -105.939, 40.3674 ], [ -105.9385, 40.3661 ], [ -105.9406, 40.3655 ], [ -105.9429, 40.3643 ], [ -105.95, 40.3628 ], [ -105.9543, 40.3604 ], [ -105.9556, 40.3548 ], [ -105.9593, 40.3501 ], [ -105.9599, 40.3489 ], [ -105.9597, 40.3482 ], [ -105.9624, 40.348 ], [ -105.9661, 40.3494 ], [ -105.9692, 40.3495 ], [ -105.9706, 40.3501 ], [ -105.9721, 40.3514 ], [ -105.973, 40.3544 ], [ -105.9757, 40.358 ], [ -105.9782, 40.3579 ], [ -105.9816, 40.3604 ], [ -105.9836, 40.363 ], [ -105.9858, 40.3642 ], [ -105.9915, 40.3642 ], [ -105.9938, 40.3646 ], [ -105.996, 40.364 ], [ -105.9984, 40.3625 ], [ -106.0002, 40.3628 ], [ -106.0021, 40.3622 ], [ -106.0051, 40.3623 ], [ -106.0069, 40.3617 ], [ -106.0113, 40.3622 ], [ -106.011, 40.3632 ], [ -106.0127, 40.3658 ], [ -106.0132, 40.3678 ], [ -106.0125, 40.3695 ], [ -106.0139, 40.3708 ], [ -106.0134, 40.3718 ], [ -106.0139, 40.3729 ], [ -106.0165, 40.3728 ], [ -106.0194, 40.3733 ], [ -106.0274, 40.3709 ], [ -106.0286, 40.3695 ], [ -106.0306, 40.3684 ], [ -106.036, 40.3691 ], [ -106.0396, 40.3669 ], [ -106.0434, 40.3632 ], [ -106.0472, 40.3619 ], [ -106.0535, 40.3584 ], [ -106.0583, 40.3571 ], [ -106.0625, 40.3575 ], [ -106.0643, 40.3569 ], [ -106.0664, 40.3543 ], [ -106.0795, 40.3491 ], [ -106.0859, 40.3473 ], [ -106.0874, 40.3504 ], [ -106.0918, 40.3503 ], [ -106.0941, 40.3509 ], [ -106.0966, 40.352 ], [ -106.0989, 40.3541 ], [ -106.1007, 40.3542 ], [ -106.102, 40.3535 ], [ -106.1057, 40.3501 ], [ -106.1165, 40.3461 ], [ -106.1201, 40.3442 ], [ -106.1225, 40.3414 ], [ -106.127, 40.339 ], [ -106.1286, 40.3376 ], [ -106.1338, 40.3364 ], [ -106.1349, 40.3349 ], [ -106.1363, 40.3302 ], [ -106.142, 40.3301 ], [ -106.1486, 40.3321 ], [ -106.151, 40.3337 ], [ -106.1516, 40.3351 ], [ -106.1563, 40.337 ], [ -106.1584, 40.3395 ], [ -106.1608, 40.3406 ], [ -106.1626, 40.3428 ], [ -106.1644, 40.3433 ], [ -106.1712, 40.3439 ], [ -106.1744, 40.3434 ], [ -106.1757, 40.3416 ], [ -106.1778, 40.3404 ], [ -106.1797, 40.3373 ], [ -106.1799, 40.3341 ], [ -106.1882, 40.3284 ], [ -106.1893, 40.3273 ], [ -106.1891, 40.3265 ], [ -106.1931, 40.3259 ], [ -106.1948, 40.3265 ], [ -106.1968, 40.3256 ], [ -106.1989, 40.327 ], [ -106.2018, 40.3264 ], [ -106.2037, 40.3272 ], [ -106.2066, 40.3278 ], [ -106.214, 40.3279 ], [ -106.2174, 40.3291 ], [ -106.2191, 40.3286 ], [ -106.221, 40.3273 ], [ -106.2217, 40.3257 ], [ -106.2258, 40.325 ], [ -106.2305, 40.3232 ], [ -106.2312, 40.3246 ], [ -106.2358, 40.3256 ], [ -106.2393, 40.328 ], [ -106.2389, 40.3297 ], [ -106.2402, 40.3314 ], [ -106.2421, 40.3325 ], [ -106.244, 40.3365 ], [ -106.2465, 40.338 ], [ -106.2476, 40.3393 ], [ -106.2509, 40.3406 ], [ -106.251, 40.3429 ], [ -106.2534, 40.347 ], [ -106.2534, 40.3501 ], [ -106.2562, 40.3514 ], [ -106.2571, 40.3543 ], [ -106.26, 40.3579 ], [ -106.2617, 40.3582 ], [ -106.2658, 40.361 ], [ -106.2691, 40.3593 ], [ -106.2697, 40.3573 ], [ -106.2713, 40.3571 ], [ -106.2744, 40.3558 ], [ -106.2762, 40.3556 ], [ -106.2786, 40.3537 ], [ -106.28, 40.3549 ], [ -106.2841, 40.3558 ], [ -106.2856, 40.3576 ], [ -106.2857, 40.3588 ], [ -106.2881, 40.3581 ], [ -106.2911, 40.3582 ], [ -106.2954, 40.3544 ], [ -106.2955, 40.3522 ], [ -106.2986, 40.3499 ], [ -106.2972, 40.3466 ], [ -106.2984, 40.3449 ], [ -106.2981, 40.341 ], [ -106.2966, 40.3392 ], [ -106.2938, 40.3376 ], [ -106.2963, 40.3355 ], [ -106.2958, 40.3332 ], [ -106.2978, 40.3328 ], [ -106.299, 40.331 ], [ -106.299, 40.3302 ], [ -106.3052, 40.3305 ], [ -106.306, 40.3285 ], [ -106.3132, 40.3308 ], [ -106.3161, 40.3335 ], [ -106.3195, 40.3351 ], [ -106.3219, 40.3376 ], [ -106.3261, 40.3386 ], [ -106.3349, 40.339 ], [ -106.3371, 40.3396 ], [ -106.3388, 40.3436 ], [ -106.344, 40.3469 ], [ -106.3454, 40.3505 ], [ -106.35, 40.3529 ], [ -106.3514, 40.3555 ], [ -106.3535, 40.3572 ], [ -106.354, 40.3585 ], [ -106.3559, 40.359 ], [ -106.3604, 40.3585 ], [ -106.3662, 40.3562 ], [ -106.3676, 40.3561 ], [ -106.3697, 40.3578 ], [ -106.3724, 40.3569 ], [ -106.3746, 40.3554 ], [ -106.3778, 40.355 ], [ -106.3818, 40.3527 ], [ -106.3827, 40.3531 ], [ -106.385, 40.3527 ], [ -106.386, 40.3522 ], [ -106.386, 40.3506 ], [ -106.3877, 40.3488 ], [ -106.3896, 40.3455 ], [ -106.3944, 40.3459 ], [ -106.3969, 40.3471 ], [ -106.3995, 40.3468 ], [ -106.4012, 40.3458 ], [ -106.4035, 40.3451 ], [ -106.4077, 40.3464 ], [ -106.4096, 40.3495 ], [ -106.4105, 40.3501 ], [ -106.4139, 40.3509 ], [ -106.4181, 40.3501 ], [ -106.4194, 40.3508 ], [ -106.4199, 40.3521 ], [ -106.4219, 40.3527 ], [ -106.4244, 40.3524 ], [ -106.427, 40.3509 ], [ -106.4301, 40.3514 ], [ -106.432, 40.3508 ], [ -106.4334, 40.3496 ], [ -106.4381, 40.3505 ], [ -106.4394, 40.3498 ], [ -106.4397, 40.3486 ], [ -106.4407, 40.3486 ], [ -106.4433, 40.3465 ], [ -106.451, 40.3518 ], [ -106.4528, 40.354 ], [ -106.452, 40.3557 ], [ -106.4535, 40.3569 ], [ -106.4552, 40.3578 ], [ -106.4574, 40.3579 ], [ -106.4582, 40.3589 ], [ -106.4564, 40.3608 ], [ -106.4573, 40.3629 ], [ -106.4574, 40.3653 ], [ -106.4591, 40.3674 ], [ -106.4632, 40.3678 ], [ -106.4643, 40.3755 ], [ -106.466, 40.3779 ], [ -106.4675, 40.3791 ], [ -106.4716, 40.3792 ], [ -106.4732, 40.3798 ], [ -106.4712, 40.3823 ], [ -106.4739, 40.3868 ], [ -106.4755, 40.3883 ], [ -106.4776, 40.3894 ], [ -106.4811, 40.3897 ], [ -106.4795, 40.3931 ], [ -106.4804, 40.3959 ], [ -106.479, 40.3967 ], [ -106.4771, 40.3994 ], [ -106.4776, 40.4007 ], [ -106.4776, 40.4047 ], [ -106.4821, 40.4084 ], [ -106.4858, 40.4104 ], [ -106.4897, 40.4116 ], [ -106.4947, 40.4069 ], [ -106.4956, 40.404 ], [ -106.4971, 40.4034 ], [ -106.4983, 40.4038 ], [ -106.5003, 40.4031 ], [ -106.5021, 40.4009 ], [ -106.5023, 40.3997 ], [ -106.5039, 40.3988 ], [ -106.5081, 40.3948 ], [ -106.5104, 40.3933 ], [ -106.5101, 40.3894 ], [ -106.5122, 40.3869 ], [ -106.516, 40.3887 ], [ -106.5177, 40.3906 ], [ -106.5188, 40.391 ], [ -106.5199, 40.39 ], [ -106.5203, 40.3886 ], [ -106.5242, 40.3866 ], [ -106.5262, 40.3849 ], [ -106.5266, 40.3836 ], [ -106.5258, 40.3826 ], [ -106.5268, 40.3813 ], [ -106.5257, 40.3803 ], [ -106.5271, 40.3782 ], [ -106.5267, 40.3764 ], [ -106.5293, 40.3727 ], [ -106.5301, 40.3683 ], [ -106.5314, 40.3665 ], [ -106.5347, 40.3651 ], [ -106.5376, 40.3677 ], [ -106.5385, 40.3703 ], [ -106.54, 40.3713 ], [ -106.5444, 40.372 ], [ -106.5463, 40.3702 ], [ -106.5535, 40.37 ], [ -106.5554, 40.3724 ], [ -106.556, 40.3767 ], [ -106.5612, 40.3786 ], [ -106.5638, 40.3782 ], [ -106.5645, 40.3775 ], [ -106.5653, 40.3781 ], [ -106.5698, 40.3786 ], [ -106.5772, 40.3784 ], [ -106.5802, 40.3794 ], [ -106.5814, 40.3805 ], [ -106.5837, 40.3813 ], [ -106.5851, 40.3824 ], [ -106.587, 40.3816 ], [ -106.5894, 40.3817 ], [ -106.592, 40.3811 ], [ -106.5944, 40.3831 ], [ -106.5944, 40.3818 ], [ -106.5967, 40.3809 ], [ -106.5965, 40.379 ], [ -106.6006, 40.3761 ], [ -106.6025, 40.3768 ], [ -106.6033, 40.3782 ], [ -106.6072, 40.3796 ], [ -106.608, 40.3797 ], [ -106.6097, 40.3782 ], [ -106.6121, 40.3797 ], [ -106.6115, 40.3826 ], [ -106.6118, 40.3869 ], [ -106.6177, 40.394 ], [ -106.6178, 40.3985 ], [ -106.6191, 40.4045 ], [ -106.6209, 40.4082 ], [ -106.6241, 40.4113 ], [ -106.6244, 40.4137 ], [ -106.6259, 40.4162 ], [ -106.6288, 40.4185 ], [ -106.6287, 40.422 ], [ -106.6269, 40.4263 ], [ -106.624, 40.4294 ], [ -106.6223, 40.4302 ], [ -106.6224, 40.4305 ], [ -106.6233, 40.4315 ], [ -106.6286, 40.4311 ], [ -106.6323, 40.4326 ], [ -106.6351, 40.4322 ], [ -106.6393, 40.4326 ], [ -106.6437, 40.436 ], [ -106.6464, 40.4371 ], [ -106.6506, 40.44 ], [ -106.6516, 40.4414 ], [ -106.6516, 40.4436 ], [ -106.6524, 40.4452 ], [ -106.6513, 40.4494 ], [ -106.6503, 40.4509 ], [ -106.6509, 40.4531 ], [ -106.6506, 40.4553 ], [ -106.6518, 40.4558 ], [ -106.6549, 40.4559 ], [ -106.659, 40.4587 ], [ -106.6593, 40.4594 ], [ -106.657, 40.4636 ], [ -106.6553, 40.4647 ], [ -106.6556, 40.4664 ], [ -106.6544, 40.4671 ], [ -106.6543, 40.4676 ], [ -106.6573, 40.4686 ], [ -106.6586, 40.472 ], [ -106.6649, 40.4698 ], [ -106.6658, 40.47 ], [ -106.667, 40.4721 ], [ -106.6669, 40.4759 ], [ -106.6646, 40.4773 ], [ -106.663, 40.4804 ], [ -106.6574, 40.4831 ], [ -106.6561, 40.4846 ], [ -106.6573, 40.4886 ], [ -106.6594, 40.4902 ], [ -106.6541, 40.4922 ], [ -106.6532, 40.4938 ], [ -106.6531, 40.4951 ], [ -106.6543, 40.496 ], [ -106.655, 40.4987 ], [ -106.6571, 40.5001 ], [ -106.6556, 40.504 ], [ -106.6557, 40.5088 ], [ -106.6564, 40.5096 ], [ -106.659, 40.5104 ], [ -106.6614, 40.5122 ], [ -106.6613, 40.5128 ], [ -106.6593, 40.5139 ], [ -106.6591, 40.5147 ], [ -106.6598, 40.515 ], [ -106.6612, 40.5149 ], [ -106.6665, 40.5201 ], [ -106.6699, 40.52 ], [ -106.6717, 40.5206 ], [ -106.6739, 40.523 ], [ -106.6746, 40.5257 ], [ -106.6744, 40.5273 ], [ -106.6715, 40.53 ], [ -106.6692, 40.5336 ], [ -106.6705, 40.5356 ], [ -106.6763, 40.5373 ], [ -106.6783, 40.5386 ], [ -106.68, 40.5421 ], [ -106.6837, 40.5446 ], [ -106.6845, 40.5491 ], [ -106.6861, 40.5505 ], [ -106.6859, 40.5513 ], [ -106.6882, 40.5518 ], [ -106.6913, 40.5511 ], [ -106.6938, 40.5512 ], [ -106.6975, 40.5533 ], [ -106.6968, 40.5566 ], [ -106.6921, 40.5598 ], [ -106.6923, 40.5626 ], [ -106.6946, 40.5671 ], [ -106.6967, 40.5698 ], [ -106.6971, 40.5725 ], [ -106.6993, 40.5754 ], [ -106.7023, 40.578 ], [ -106.7003, 40.5801 ], [ -106.6987, 40.5829 ], [ -106.6997, 40.5864 ], [ -106.6978, 40.5877 ], [ -106.6956, 40.5913 ], [ -106.6948, 40.5916 ], [ -106.6942, 40.5958 ], [ -106.6954, 40.5982 ], [ -106.6983, 40.5993 ], [ -106.6986, 40.6013 ], [ -106.7016, 40.6054 ], [ -106.7045, 40.6075 ], [ -106.7037, 40.6087 ], [ -106.7036, 40.6101 ], [ -106.7057, 40.6137 ], [ -106.7063, 40.6157 ], [ -106.706, 40.6169 ], [ -106.7042, 40.6191 ], [ -106.7036, 40.6223 ], [ -106.7014, 40.6253 ], [ -106.7019, 40.627 ], [ -106.7037, 40.6278 ], [ -106.6978, 40.6275 ], [ -106.6968, 40.6301 ], [ -106.6939, 40.6331 ], [ -106.6902, 40.6349 ], [ -106.6869, 40.6346 ], [ -106.687, 40.6356 ], [ -106.6888, 40.6378 ], [ -106.6889, 40.6402 ], [ -106.6864, 40.6414 ], [ -106.6838, 40.6443 ], [ -106.683, 40.6472 ], [ -106.6819, 40.6479 ], [ -106.6802, 40.648 ], [ -106.6806, 40.6492 ], [ -106.682, 40.6496 ], [ -106.6868, 40.6497 ], [ -106.688, 40.6507 ], [ -106.6922, 40.6571 ], [ -106.6923, 40.6588 ], [ -106.6916, 40.6598 ], [ -106.6858, 40.6626 ], [ -106.6857, 40.6653 ], [ -106.6874, 40.6716 ], [ -106.6869, 40.6731 ], [ -106.6851, 40.6746 ], [ -106.6816, 40.6751 ], [ -106.681, 40.6755 ], [ -106.6842, 40.6792 ], [ -106.6872, 40.6809 ], [ -106.6876, 40.682 ], [ -106.6873, 40.6829 ], [ -106.6827, 40.683 ], [ -106.6813, 40.6834 ], [ -106.6799, 40.684 ], [ -106.6792, 40.6861 ], [ -106.6729, 40.6884 ], [ -106.6726, 40.6903 ], [ -106.6686, 40.6948 ], [ -106.6683, 40.6957 ], [ -106.6687, 40.6987 ], [ -106.6707, 40.7008 ], [ -106.6712, 40.7024 ], [ -106.6691, 40.7037 ], [ -106.6681, 40.7056 ], [ -106.6691, 40.7091 ], [ -106.6688, 40.712 ], [ -106.6712, 40.7159 ], [ -106.6699, 40.7203 ], [ -106.6708, 40.7221 ], [ -106.674, 40.724 ], [ -106.67, 40.7281 ], [ -106.6698, 40.729 ], [ -106.6711, 40.7329 ], [ -106.6721, 40.7332 ], [ -106.6766, 40.7368 ], [ -106.6744, 40.7367 ], [ -106.6731, 40.7377 ], [ -106.672, 40.7378 ], [ -106.6712, 40.7386 ], [ -106.6684, 40.7391 ], [ -106.6632, 40.7436 ], [ -106.6626, 40.7445 ], [ -106.6645, 40.7448 ], [ -106.6653, 40.7455 ], [ -106.6648, 40.7475 ], [ -106.6654, 40.7493 ], [ -106.6641, 40.7512 ], [ -106.6618, 40.7528 ], [ -106.6615, 40.7537 ], [ -106.6618, 40.7541 ], [ -106.6636, 40.7544 ], [ -106.6644, 40.7566 ], [ -106.6659, 40.7579 ], [ -106.6695, 40.7597 ], [ -106.6699, 40.7616 ], [ -106.6686, 40.7633 ], [ -106.6638, 40.7665 ], [ -106.6626, 40.77 ], [ -106.6587, 40.7731 ], [ -106.6517, 40.7758 ], [ -106.6494, 40.7755 ], [ -106.6499, 40.7775 ], [ -106.6486, 40.7815 ], [ -106.6451, 40.7843 ], [ -106.6428, 40.785 ], [ -106.639, 40.7886 ], [ -106.637, 40.7897 ], [ -106.6361, 40.7921 ], [ -106.6368, 40.7939 ], [ -106.6368, 40.7997 ], [ -106.6359, 40.8024 ], [ -106.6374, 40.8077 ], [ -106.6357, 40.8119 ], [ -106.6393, 40.8144 ], [ -106.6392, 40.8163 ], [ -106.6385, 40.8171 ], [ -106.6405, 40.8182 ], [ -106.6437, 40.8215 ], [ -106.6451, 40.8212 ], [ -106.6472, 40.8214 ], [ -106.6528, 40.8235 ], [ -106.6552, 40.8233 ], [ -106.6583, 40.824 ], [ -106.6591, 40.8238 ], [ -106.659, 40.8254 ], [ -106.6597, 40.8263 ], [ -106.6639, 40.8281 ], [ -106.6637, 40.8302 ], [ -106.6628, 40.832 ], [ -106.664, 40.8351 ], [ -106.6634, 40.8373 ], [ -106.6613, 40.8409 ], [ -106.6623, 40.8428 ], [ -106.661, 40.8436 ], [ -106.654, 40.8456 ], [ -106.6548, 40.8492 ], [ -106.6572, 40.8527 ], [ -106.6621, 40.8559 ], [ -106.6646, 40.8568 ], [ -106.6647, 40.8588 ], [ -106.6658, 40.8583 ], [ -106.6671, 40.8593 ], [ -106.6682, 40.8654 ], [ -106.6777, 40.8679 ], [ -106.6797, 40.8698 ], [ -106.6804, 40.8725 ], [ -106.6802, 40.8743 ], [ -106.6818, 40.8753 ], [ -106.6825, 40.8774 ], [ -106.6847, 40.8788 ], [ -106.686, 40.8805 ], [ -106.6856, 40.8853 ], [ -106.686, 40.8858 ], [ -106.6912, 40.888 ], [ -106.6928, 40.8883 ], [ -106.6946, 40.8879 ], [ -106.7002, 40.8847 ], [ -106.7006, 40.8821 ], [ -106.7034, 40.8804 ], [ -106.7036, 40.8787 ], [ -106.7047, 40.8765 ], [ -106.7063, 40.8758 ], [ -106.7131, 40.874 ], [ -106.7216, 40.8732 ], [ -106.7273, 40.8716 ], [ -106.7323, 40.8721 ], [ -106.7366, 40.8734 ], [ -106.7386, 40.8724 ], [ -106.7389, 40.8712 ], [ -106.7424, 40.875 ], [ -106.7424, 40.8772 ], [ -106.744, 40.8789 ], [ -106.7461, 40.8802 ], [ -106.7467, 40.8822 ], [ -106.7408, 40.8899 ], [ -106.7435, 40.8919 ], [ -106.7502, 40.8938 ], [ -106.7606, 40.894 ], [ -106.7645, 40.8963 ], [ -106.77, 40.8966 ], [ -106.7674, 40.8989 ], [ -106.7677, 40.9024 ], [ -106.7694, 40.9042 ], [ -106.7712, 40.9043 ], [ -106.7735, 40.9053 ], [ -106.7777, 40.9056 ], [ -106.7795, 40.9066 ], [ -106.7815, 40.9069 ], [ -106.7847, 40.905 ], [ -106.7868, 40.9029 ], [ -106.7885, 40.9028 ], [ -106.7886, 40.9021 ], [ -106.7874, 40.9006 ], [ -106.7896, 40.9008 ], [ -106.7914, 40.9 ], [ -106.7938, 40.9008 ], [ -106.7956, 40.8977 ], [ -106.7971, 40.8967 ], [ -106.7999, 40.896 ], [ -106.8038, 40.8971 ], [ -106.8074, 40.8992 ], [ -106.8094, 40.8997 ], [ -106.8053, 40.9021 ], [ -106.8061, 40.9063 ], [ -106.8094, 40.9104 ], [ -106.8109, 40.9152 ], [ -106.8116, 40.9162 ], [ -106.8188, 40.9185 ], [ -106.8183, 40.9203 ], [ -106.8187, 40.9225 ], [ -106.8202, 40.9256 ], [ -106.8223, 40.9275 ], [ -106.8233, 40.93 ], [ -106.8249, 40.932 ], [ -106.8252, 40.9288 ], [ -106.8274, 40.9258 ], [ -106.8286, 40.9247 ], [ -106.83, 40.9241 ], [ -106.8321, 40.9239 ], [ -106.8343, 40.9243 ], [ -106.8368, 40.9237 ], [ -106.8395, 40.9246 ], [ -106.8453, 40.925 ], [ -106.8498, 40.9242 ], [ -106.8522, 40.9252 ], [ -106.8497, 40.9256 ], [ -106.8487, 40.9266 ], [ -106.8523, 40.9295 ], [ -106.8518, 40.9331 ], [ -106.8522, 40.9338 ], [ -106.8558, 40.9349 ], [ -106.8561, 40.9371 ], [ -106.8607, 40.9396 ], [ -106.8622, 40.9413 ], [ -106.8621, 40.9477 ], [ -106.8638, 40.9534 ], [ -106.8697, 40.9561 ], [ -106.8697, 40.9606 ], [ -106.8726, 40.9678 ], [ -106.8724, 40.971 ], [ -106.8732, 40.9742 ], [ -106.8702, 40.9813 ], [ -106.8643, 40.9834 ], [ -106.8612, 40.9837 ], [ -106.8585, 40.9826 ], [ -106.8569, 40.9812 ], [ -106.8549, 40.9876 ], [ -106.8505, 40.9904 ], [ -106.8509, 40.9913 ], [ -106.8575, 40.9941 ], [ -106.8615, 40.9966 ], [ -106.8612, 41.0008 ], [ -106.8587, 41.0027 ], [ -106.6256, 41.0021 ], [ -106.4563, 41.0021 ], [ -106.3864, 41.0011 ], [ -106.3464, 40.9996 ], [ -106.3142, 40.9989 ], [ -106.1953, 40.9976 ], [ -106.0612, 40.997 ], [ -105.7506, 40.9969 ], [ -105.6457, 40.9971 ] ] ] } },
{ "type": "Feature", "properties": { "id": "140100" }, "geometry": { "type": "Polygon", "coordinates": [ [ [ -106.1531, 39.3626 ], [ -106.157, 39.3629 ], [ -106.1599, 39.3619 ], [ -106.1622, 39.362 ], [ -106.1684, 39.3664 ], [ -106.1714, 39.3662 ], [ -106.1723, 39.3666 ], [ -106.1735, 39.3685 ], [ -106.1744, 39.3683 ], [ -106.1748, 39.3674 ], [ -106.1771, 39.3678 ], [ -106.1784, 39.3667 ], [ -106.1815, 39.3661 ], [ -106.183, 39.3663 ], [ -106.1866, 39.368 ], [ -106.1908, 39.3675 ], [ -106.1917, 39.3684 ], [ -106.1958, 39.368 ], [ -106.198, 39.3683 ], [ -106.201, 39.371 ], [ -106.2067, 39.3796 ], [ -106.2097, 39.3823 ], [ -106.211, 39.383 ], [ -106.217, 39.3833 ], [ -106.2255, 39.3814 ], [ -106.2256, 39.3789 ], [ -106.2267, 39.377 ], [ -106.2271, 39.3742 ], [ -106.2285, 39.374 ], [ -106.2289, 39.3733 ], [ -106.2318, 39.3734 ], [ -106.2343, 39.3724 ], [ -106.2363, 39.3704 ], [ -106.2381, 39.3666 ], [ -106.2393, 39.3659 ], [ -106.2446, 39.3643 ], [ -106.2485, 39.362 ], [ -106.2504, 39.3604 ], [ -106.2511, 39.3577 ], [ -106.2528, 39.3594 ], [ -106.2593, 39.3621 ], [ -106.2633, 39.359 ], [ -106.2681, 39.3588 ], [ -106.2711, 39.3581 ], [ -106.2725, 39.3565 ], [ -106.2751, 39.3556 ], [ -106.28, 39.3522 ], [ -106.2825, 39.3511 ], [ -106.2838, 39.3495 ], [ -106.2858, 39.3523 ], [ -106.2891, 39.353 ], [ -106.2928, 39.3548 ], [ -106.3005, 39.36 ], [ -106.3029, 39.3611 ], [ -106.312, 39.3623 ], [ -106.3155, 39.3616 ], [ -106.3207, 39.3594 ], [ -106.3238, 39.359 ], [ -106.3265, 39.3594 ], [ -106.3336, 39.3585 ], [ -106.3375, 39.3592 ], [ -106.3389, 39.359 ], [ -106.3436, 39.3578 ], [ -106.3458, 39.3565 ], [ -106.3492, 39.3554 ], [ -106.3514, 39.3538 ], [ -106.3573, 39.3556 ], [ -106.3595, 39.3558 ], [ -106.3657, 39.3604 ], [ -106.37, 39.3609 ], [ -106.3717, 39.362 ], [ -106.3753, 39.3661 ], [ -106.3763, 39.3681 ], [ -106.3785, 39.3699 ], [ -106.3786, 39.3714 ], [ -106.3806, 39.3763 ], [ -106.387, 39.3769 ], [ -106.3897, 39.378 ], [ -106.391, 39.3793 ], [ -106.3986, 39.3803 ], [ -106.4001, 39.3811 ], [ -106.4034, 39.3801 ], [ -106.405, 39.3791 ], [ -106.4079, 39.374 ], [ -106.4126, 39.3706 ], [ -106.4148, 39.3674 ], [ -106.4176, 39.367 ], [ -106.4216, 39.3638 ], [ -106.4284, 39.3605 ], [ -106.4294, 39.3592 ], [ -106.4295, 39.3578 ], [ -106.4313, 39.3568 ], [ -106.4335, 39.3541 ], [ -106.4338, 39.3508 ], [ -106.4353, 39.3468 ], [ -106.435, 39.341 ], [ -106.4335, 39.3375 ], [ -106.4318, 39.3356 ], [ -106.4288, 39.3353 ], [ -106.4295, 39.3339 ], [ -106.4287, 39.3317 ], [ -106.4288, 39.3283 ], [ -106.4271, 39.3233 ], [ -106.4325, 39.3162 ], [ -106.434, 39.317 ], [ -106.4394, 39.3169 ], [ -106.4435, 39.3152 ], [ -106.4455, 39.3154 ], [ -106.4489, 39.3167 ], [ -106.4512, 39.3164 ], [ -106.4525, 39.3156 ], [ -106.4532, 39.3137 ], [ -106.4547, 39.3121 ], [ -106.4595, 39.313 ], [ -106.4621, 39.3124 ], [ -106.4634, 39.3114 ], [ -106.4658, 39.3115 ], [ -106.4669, 39.3103 ], [ -106.4675, 39.3086 ], [ -106.4683, 39.3081 ], [ -106.4683, 39.3073 ], [ -106.4695, 39.3081 ], [ -106.4705, 39.3078 ], [ -106.4727, 39.3083 ], [ -106.474, 39.3094 ], [ -106.4762, 39.3124 ], [ -106.4765, 39.3151 ], [ -106.4822, 39.3131 ], [ -106.4851, 39.3127 ], [ -106.4872, 39.3104 ], [ -106.4875, 39.309 ], [ -106.4893, 39.3084 ], [ -106.492, 39.3062 ], [ -106.4928, 39.3052 ], [ -106.4927, 39.3039 ], [ -106.5001, 39.3013 ], [ -106.5025, 39.2984 ], [ -106.5035, 39.2953 ], [ -106.5028, 39.2905 ], [ -106.5044, 39.2875 ], [ -106.5041, 39.2849 ], [ -106.4999, 39.2816 ], [ -106.4985, 39.2792 ], [ -106.4962, 39.278 ], [ -106.4941, 39.278 ], [ -106.4901, 39.2733 ], [ -106.483, 39.2726 ], [ -106.4838, 39.2715 ], [ -106.4835, 39.2681 ], [ -106.4842, 39.2657 ], [ -106.4818, 39.262 ], [ -106.4811, 39.26 ], [ -106.4811, 39.2595 ], [ -106.483, 39.2582 ], [ -106.4832, 39.2551 ], [ -106.4861, 39.2539 ], [ -106.4863, 39.2526 ], [ -106.4885, 39.2486 ], [ -106.4968, 39.2433 ], [ -106.4977, 39.242 ], [ -106.4969, 39.2409 ], [ -106.498, 39.2396 ], [ -106.4988, 39.2352 ], [ -106.4973, 39.2328 ], [ -106.4947, 39.2319 ], [ -106.4932, 39.2296 ], [ -106.4897, 39.2278 ], [ -106.4923, 39.2253 ], [ -106.4912, 39.2228 ], [ -106.4921, 39.2218 ], [ -106.4917, 39.2208 ], [ -106.493, 39.2204 ], [ -106.494, 39.2194 ], [ -106.4929, 39.2153 ], [ -106.4945, 39.2118 ], [ -106.4951, 39.2086 ], [ -106.4939, 39.2069 ], [ -106.4946, 39.2001 ], [ -106.4937, 39.1983 ], [ -106.4956, 39.1946 ], [ -106.4981, 39.1925 ], [ -106.4993, 39.1846 ], [ -106.5, 39.1834 ], [ -106.5046, 39.1792 ], [ -106.5084, 39.178 ], [ -106.51, 39.1746 ], [ -106.5089, 39.1703 ], [ -106.5091, 39.169 ], [ -106.5085, 39.1683 ], [ -106.5088, 39.1666 ], [ -106.5113, 39.1634 ], [ -106.5126, 39.1631 ], [ -106.5141, 39.1618 ], [ -106.5189, 39.1597 ], [ -106.5199, 39.1583 ], [ -106.5213, 39.1574 ], [ -106.5273, 39.1609 ], [ -106.5311, 39.1613 ], [ -106.535, 39.1631 ], [ -106.5357, 39.163 ], [ -106.5364, 39.1594 ], [ -106.5381, 39.158 ], [ -106.5388, 39.1579 ], [ -106.5456, 39.1591 ], [ -106.5518, 39.1615 ], [ -106.5571, 39.157 ], [ -106.5614, 39.1555 ], [ -106.5627, 39.1518 ], [ -106.5622, 39.1505 ], [ -106.5609, 39.1496 ], [ -106.5609, 39.1463 ], [ -106.5589, 39.1439 ], [ -106.5596, 39.1396 ], [ -106.5648, 39.1328 ], [ -106.5639, 39.1312 ], [ -106.5605, 39.1285 ], [ -106.5601, 39.1268 ], [ -106.5581, 39.1238 ], [ -106.5582, 39.121 ], [ -106.5592, 39.1191 ], [ -106.5636, 39.1154 ], [ -106.5648, 39.1132 ], [ -106.5649, 39.1089 ], [ -106.564, 39.1083 ], [ -106.5634, 39.1068 ], [ -106.5639, 39.1063 ], [ -106.5661, 39.1058 ], [ -106.5699, 39.1039 ], [ -106.5736, 39.1045 ], [ -106.5755, 39.1041 ], [ -106.5807, 39.101 ], [ -106.5864, 39.0957 ], [ -106.586, 39.0922 ], [ -106.5868, 39.0894 ], [ -106.5851, 39.0843 ], [ -106.5839, 39.0833 ], [ -106.5812, 39.0825 ], [ -106.5798, 39.081 ], [ -106.577, 39.0794 ], [ -106.5792, 39.0783 ], [ -106.5798, 39.0768 ], [ -106.5795, 39.0746 ], [ -106.5777, 39.0721 ], [ -106.5771, 39.0629 ], [ -106.5784, 39.0562 ], [ -106.5778, 39.0524 ], [ -106.5798, 39.0495 ], [ -106.5846, 39.0467 ], [ -106.5891, 39.0456 ], [ -106.5954, 39.0453 ], [ -106.5973, 39.0446 ], [ -106.5977, 39.0402 ], [ -106.5996, 39.036 ], [ -106.5997, 39.0345 ], [ -106.5979, 39.0317 ], [ -106.5937, 39.0301 ], [ -106.5914, 39.0259 ], [ -106.5918, 39.0246 ], [ -106.5941, 39.0233 ], [ -106.5948, 39.022 ], [ -106.5946, 39.02 ], [ -106.5952, 39.0177 ], [ -106.5943, 39.0169 ], [ -106.5952, 39.0145 ], [ -106.5955, 39.0104 ], [ -106.5943, 39.0058 ], [ -106.5946, 39.0028 ], [ -106.5993, 38.998 ], [ -106.6013, 38.9979 ], [ -106.6034, 38.9967 ], [ -106.6111, 38.9954 ], [ -106.6134, 38.9962 ], [ -106.614, 38.999 ], [ -106.615, 39.0002 ], [ -106.6196, 39.0028 ], [ -106.6235, 39.0037 ], [ -106.6245, 39.0061 ], [ -106.6277, 39.0077 ], [ -106.6296, 39.0103 ], [ -106.6301, 39.0122 ], [ -106.6332, 39.0121 ], [ -106.6377, 39.0146 ], [ -106.6383, 39.0193 ], [ -106.6486, 39.0223 ], [ -106.6501, 39.0265 ], [ -106.6496, 39.0277 ], [ -106.6465, 39.0308 ], [ -106.6468, 39.0331 ], [ -106.6482, 39.0361 ], [ -106.652, 39.0386 ], [ -106.652, 39.0411 ], [ -106.6552, 39.0442 ], [ -106.6582, 39.0438 ], [ -106.6626, 39.042 ], [ -106.6647, 39.0419 ], [ -106.6666, 39.0424 ], [ -106.6679, 39.0436 ], [ -106.6703, 39.0437 ], [ -106.6731, 39.0447 ], [ -106.6745, 39.0459 ], [ -106.679, 39.0452 ], [ -106.6814, 39.0455 ], [ -106.6849, 39.0452 ], [ -106.6855, 39.0457 ], [ -106.6864, 39.0481 ], [ -106.688, 39.0498 ], [ -106.6906, 39.0512 ], [ -106.6929, 39.055 ], [ -106.6967, 39.0557 ], [ -106.702, 39.0555 ], [ -106.703, 39.0559 ], [ -106.7065, 39.0544 ], [ -106.7087, 39.0518 ], [ -106.7103, 39.0476 ], [ -106.7136, 39.0487 ], [ -106.717, 39.0484 ], [ -106.7197, 39.0473 ], [ -106.7229, 39.0451 ], [ -106.7294, 39.0465 ], [ -106.7321, 39.0464 ], [ -106.7356, 39.0449 ], [ -106.7375, 39.0451 ], [ -106.7396, 39.0461 ], [ -106.7405, 39.0459 ], [ -106.7422, 39.0441 ], [ -106.746, 39.0429 ], [ -106.7497, 39.0428 ], [ -106.747, 39.039 ], [ -106.7447, 39.0267 ], [ -106.7482, 39.0266 ], [ -106.7516, 39.0253 ], [ -106.7552, 39.0209 ], [ -106.7567, 39.0197 ], [ -106.7618, 39.0193 ], [ -106.7616, 39.0159 ], [ -106.7637, 39.0133 ], [ -106.7681, 39.0102 ], [ -106.7687, 39.0076 ], [ -106.7729, 39.0069 ], [ -106.775, 39.006 ], [ -106.7763, 39.005 ], [ -106.7776, 39.0016 ], [ -106.7806, 38.9997 ], [ -106.7825, 38.9993 ], [ -106.7821, 38.9987 ], [ -106.7833, 38.9972 ], [ -106.7837, 38.9955 ], [ -106.7836, 38.9939 ], [ -106.7822, 38.9909 ], [ -106.7846, 38.9863 ], [ -106.7879, 38.9843 ], [ -106.7907, 38.9841 ], [ -106.7941, 38.9847 ], [ -106.7963, 38.9843 ], [ -106.8003, 38.9821 ], [ -106.7998, 38.9794 ], [ -106.802, 38.9783 ], [ -106.804, 38.9781 ], [ -106.8084, 38.979 ], [ -106.811, 38.9787 ], [ -106.817, 38.9813 ], [ -106.8196, 38.98 ], [ -106.8236, 38.9794 ], [ -106.8273, 38.9776 ], [ -106.8308, 38.9793 ], [ -106.8322, 38.9808 ], [ -106.8344, 38.9809 ], [ -106.8362, 38.9836 ], [ -106.8395, 38.9845 ], [ -106.8411, 38.9857 ], [ -106.8438, 38.9857 ], [ -106.8458, 38.9863 ], [ -106.8488, 38.9892 ], [ -106.8495, 38.991 ], [ -106.8524, 38.9954 ], [ -106.8548, 38.9969 ], [ -106.8565, 38.9989 ], [ -106.8569, 39.001 ], [ -106.8597, 39.0057 ], [ -106.8592, 39.0071 ], [ -106.8604, 39.0092 ], [ -106.8614, 39.0096 ], [ -106.8656, 39.0083 ], [ -106.8675, 39.0069 ], [ -106.8711, 39.0066 ], [ -106.8766, 39.0072 ], [ -106.8782, 39.0048 ], [ -106.8766, 38.9997 ], [ -106.8768, 38.9974 ], [ -106.8776, 38.9962 ], [ -106.878, 38.9944 ], [ -106.8819, 38.9926 ], [ -106.8844, 38.9905 ], [ -106.8871, 38.9911 ], [ -106.8905, 38.9911 ], [ -106.8933, 38.9896 ], [ -106.8964, 38.9903 ], [ -106.9002, 38.9924 ], [ -106.9038, 38.992 ], [ -106.9081, 38.9925 ], [ -106.9076, 38.995 ], [ -106.9103, 39.0008 ], [ -106.9113, 39.0001 ], [ -106.9178, 38.9993 ], [ -106.9235, 39.0017 ], [ -106.9293, 39.005 ], [ -106.931, 39.0048 ], [ -106.9346, 39.0056 ], [ -106.9358, 39.0072 ], [ -106.9377, 39.0077 ], [ -106.9455, 39.0148 ], [ -106.949, 39.0148 ], [ -106.9507, 39.0163 ], [ -106.9546, 39.0168 ], [ -106.959, 39.0154 ], [ -106.962, 39.0168 ], [ -106.9641, 39.0171 ], [ -106.965, 39.0193 ], [ -106.9641, 39.0207 ], [ -106.9652, 39.0234 ], [ -106.9638, 39.0288 ], [ -106.9675, 39.031 ], [ -106.969, 39.0293 ], [ -106.9728, 39.0286 ], [ -106.9797, 39.0306 ], [ -106.9832, 39.0303 ], [ -106.9889, 39.0312 ], [ -106.9916, 39.0326 ], [ -106.996, 39.034 ], [ -107.0011, 39.0318 ], [ -107.0022, 39.0309 ], [ -107.0084, 39.0292 ], [ -107.011, 39.0272 ], [ -107.0121, 39.0238 ], [ -107.0126, 39.0231 ], [ -107.0141, 39.0229 ], [ -107.0158, 39.0204 ], [ -107.0169, 39.016 ], [ -107.0214, 39.0138 ], [ -107.023, 39.0141 ], [ -107.0251, 39.0164 ], [ -107.0323, 39.015 ], [ -107.0355, 39.0154 ], [ -107.0407, 39.0178 ], [ -107.0435, 39.0161 ], [ -107.0459, 39.0156 ], [ -107.0475, 39.0146 ], [ -107.0485, 39.0105 ], [ -107.0476, 39.0091 ], [ -107.0478, 39.0057 ], [ -107.0469, 39.0009 ], [ -107.0446, 38.9979 ], [ -107.0464, 38.9928 ], [ -107.0467, 38.9908 ], [ -107.0462, 38.9884 ], [ -107.049, 38.9857 ], [ -107.0515, 38.985 ], [ -107.0546, 38.9856 ], [ -107.0595, 38.9878 ], [ -107.0622, 38.9876 ], [ -107.0654, 38.9884 ], [ -107.0668, 38.9895 ], [ -107.0658, 38.9915 ], [ -107.0665, 38.9932 ], [ -107.0702, 38.9947 ], [ -107.0712, 38.9946 ], [ -107.0772, 38.9966 ], [ -107.0774, 38.9982 ], [ -107.0787, 38.9999 ], [ -107.0827, 38.9994 ], [ -107.0848, 39.0004 ], [ -107.091, 39.0073 ], [ -107.0921, 39.0093 ], [ -107.0953, 39.0107 ], [ -107.0959, 39.0108 ], [ -107.0956, 39.009 ], [ -107.0969, 39.003 ], [ -107.0966, 39.002 ], [ -107.0984, 38.9996 ], [ -107.098, 38.9981 ], [ -107.0993, 38.9969 ], [ -107.1014, 38.9966 ], [ -107.1025, 38.996 ], [ -107.1035, 38.9918 ], [ -107.1069, 38.9931 ], [ -107.1101, 38.9934 ], [ -107.1116, 38.9929 ], [ -107.1139, 38.9937 ], [ -107.1162, 38.9939 ], [ -107.1175, 38.9947 ], [ -107.1209, 38.9921 ], [ -107.1252, 38.9911 ], [ -107.1291, 38.994 ], [ -107.1313, 38.9928 ], [ -107.1343, 38.9922 ], [ -107.1375, 38.9934 ], [ -107.14, 38.9938 ], [ -107.1433, 38.9962 ], [ -107.1473, 38.9939 ], [ -107.1538, 38.9938 ], [ -107.1567, 38.9951 ], [ -107.1597, 38.9975 ], [ -107.1612, 39.0013 ], [ -107.1651, 39.0035 ], [ -107.1659, 39.0045 ], [ -107.1661, 39.007 ], [ -107.1688, 39.0091 ], [ -107.1705, 39.0137 ], [ -107.1721, 39.0154 ], [ -107.1725, 39.0179 ], [ -107.1716, 39.0204 ], [ -107.1726, 39.0229 ], [ -107.1773, 39.0284 ], [ -107.1782, 39.0303 ], [ -107.18, 39.0298 ], [ -107.181, 39.0308 ], [ -107.1845, 39.0317 ], [ -107.1875, 39.0313 ], [ -107.1894, 39.0328 ], [ -107.1915, 39.0328 ], [ -107.1934, 39.0334 ], [ -107.1987, 39.0314 ], [ -107.2041, 39.0307 ], [ -107.2133, 39.0317 ], [ -107.2154, 39.0302 ], [ -107.2188, 39.0297 ], [ -107.22, 39.0288 ], [ -107.2227, 39.028 ], [ -107.2255, 39.0234 ], [ -107.2275, 39.022 ], [ -107.2324, 39.0199 ], [ -107.2354, 39.0203 ], [ -107.237, 39.0219 ], [ -107.2391, 39.0219 ], [ -107.2438, 39.0239 ], [ -107.2457, 39.0249 ], [ -107.2476, 39.0268 ], [ -107.2509, 39.0286 ], [ -107.2576, 39.0265 ], [ -107.2595, 39.0273 ], [ -107.2625, 39.0273 ], [ -107.2659, 39.0298 ], [ -107.2687, 39.0297 ], [ -107.2726, 39.031 ], [ -107.2766, 39.0302 ], [ -107.2781, 39.0321 ], [ -107.2805, 39.0336 ], [ -107.2818, 39.0365 ], [ -107.2774, 39.0411 ], [ -107.2778, 39.0441 ], [ -107.2797, 39.046 ], [ -107.2806, 39.0484 ], [ -107.2804, 39.0499 ], [ -107.2788, 39.0523 ], [ -107.2784, 39.0541 ], [ -107.2803, 39.0571 ], [ -107.2857, 39.0602 ], [ -107.2868, 39.0621 ], [ -107.287, 39.0638 ], [ -107.2859, 39.065 ], [ -107.285, 39.0671 ], [ -107.2866, 39.0699 ], [ -107.2824, 39.0748 ], [ -107.2819, 39.078 ], [ -107.2825, 39.0805 ], [ -107.2807, 39.0825 ], [ -107.2795, 39.0851 ], [ -107.2778, 39.0866 ], [ -107.2769, 39.0899 ], [ -107.2818, 39.0951 ], [ -107.2811, 39.0967 ], [ -107.2791, 39.0977 ], [ -107.282, 39.1002 ], [ -107.2825, 39.1025 ], [ -107.2839, 39.105 ], [ -107.2841, 39.1098 ], [ -107.2833, 39.1113 ], [ -107.2831, 39.1128 ], [ -107.2836, 39.1134 ], [ -107.288, 39.1145 ], [ -107.2818, 39.1194 ], [ -107.2828, 39.1219 ], [ -107.2827, 39.1238 ], [ -107.285, 39.1254 ], [ -107.2846, 39.1266 ], [ -107.2838, 39.1267 ], [ -107.2838, 39.1284 ], [ -107.2861, 39.1335 ], [ -107.2863, 39.1368 ], [ -107.2878, 39.1383 ], [ -107.2885, 39.1401 ], [ -107.2907, 39.1421 ], [ -107.2921, 39.1441 ], [ -107.2937, 39.1448 ], [ -107.2947, 39.1485 ], [ -107.296, 39.1505 ], [ -107.2957, 39.1538 ], [ -107.2991, 39.1567 ], [ -107.3003, 39.1568 ], [ -107.304, 39.1557 ], [ -107.305, 39.1567 ], [ -107.308, 39.1575 ], [ -107.3111, 39.1594 ], [ -107.3157, 39.164 ], [ -107.3189, 39.1655 ], [ -107.3245, 39.166 ], [ -107.3277, 39.1654 ], [ -107.3328, 39.1662 ], [ -107.3358, 39.1675 ], [ -107.3372, 39.1691 ], [ -107.3412, 39.1685 ], [ -107.3437, 39.1687 ], [ -107.3535, 39.173 ], [ -107.3541, 39.1761 ], [ -107.3557, 39.1775 ], [ -107.3581, 39.1807 ], [ -107.3596, 39.1848 ], [ -107.3632, 39.1861 ], [ -107.3652, 39.1883 ], [ -107.3671, 39.1921 ], [ -107.3707, 39.1944 ], [ -107.3729, 39.1968 ], [ -107.3756, 39.1979 ], [ -107.3766, 39.1988 ], [ -107.3776, 39.2006 ], [ -107.3771, 39.2038 ], [ -107.3784, 39.2062 ], [ -107.3786, 39.2081 ], [ -107.3806, 39.2101 ], [ -107.3793, 39.2133 ], [ -107.3781, 39.2148 ], [ -107.377, 39.2202 ], [ -107.3768, 39.2233 ], [ -107.3781, 39.2244 ], [ -107.3786, 39.2262 ], [ -107.378, 39.2287 ], [ -107.3793, 39.2311 ], [ -107.3759, 39.2369 ], [ -107.3715, 39.239 ], [ -107.3751, 39.2425 ], [ -107.3769, 39.2463 ], [ -107.3788, 39.2471 ], [ -107.3843, 39.2478 ], [ -107.3862, 39.2503 ], [ -107.3881, 39.2501 ], [ -107.3905, 39.2506 ], [ -107.3916, 39.2523 ], [ -107.3922, 39.255 ], [ -107.3944, 39.2563 ], [ -107.3976, 39.254 ], [ -107.4003, 39.253 ], [ -107.4032, 39.254 ], [ -107.4073, 39.2534 ], [ -107.41, 39.2545 ], [ -107.4126, 39.2545 ], [ -107.4147, 39.2555 ], [ -107.4166, 39.2558 ], [ -107.4217, 39.2555 ], [ -107.4242, 39.2565 ], [ -107.4246, 39.2574 ], [ -107.4266, 39.2577 ], [ -107.4298, 39.2572 ], [ -107.4304, 39.2566 ], [ -107.4296, 39.2507 ], [ -107.4306, 39.247 ], [ -107.4293, 39.2419 ], [ -107.4305, 39.2404 ], [ -107.4356, 39.2391 ], [ -107.44, 39.2368 ], [ -107.4429, 39.2364 ], [ -107.4443, 39.2343 ], [ -107.4501, 39.2322 ], [ -107.4517, 39.2306 ], [ -107.458, 39.2294 ], [ -107.4606, 39.2303 ], [ -107.4638, 39.2284 ], [ -107.4668, 39.2287 ], [ -107.4693, 39.2284 ], [ -107.4711, 39.2292 ], [ -107.4747, 39.2291 ], [ -107.4777, 39.2307 ], [ -107.4788, 39.2336 ], [ -107.4812, 39.2343 ], [ -107.4826, 39.2355 ], [ -107.484, 39.2354 ], [ -107.487, 39.2269 ], [ -107.4924, 39.2218 ], [ -107.4946, 39.2186 ], [ -107.4975, 39.2175 ], [ -107.5005, 39.218 ], [ -107.5054, 39.2172 ], [ -107.5064, 39.2165 ], [ -107.5076, 39.2168 ], [ -107.5106, 39.2163 ], [ -107.5141, 39.2137 ], [ -107.5205, 39.2066 ], [ -107.5286, 39.2033 ], [ -107.5289, 39.2023 ], [ -107.5264, 39.2009 ], [ -107.5236, 39.1979 ], [ -107.5283, 39.199 ], [ -107.5335, 39.1989 ], [ -107.5368, 39.1981 ], [ -107.5429, 39.1958 ], [ -107.5438, 39.1951 ], [ -107.5428, 39.1898 ], [ -107.5438, 39.1858 ], [ -107.5419, 39.1844 ], [ -107.5427, 39.1822 ], [ -107.5511, 39.1798 ], [ -107.5592, 39.1783 ], [ -107.5609, 39.1785 ], [ -107.5645, 39.1805 ], [ -107.5678, 39.1814 ], [ -107.5689, 39.1813 ], [ -107.5712, 39.1779 ], [ -107.5753, 39.1755 ], [ -107.5773, 39.1748 ], [ -107.581, 39.1745 ], [ -107.5833, 39.1738 ], [ -107.5893, 39.1682 ], [ -107.5926, 39.1661 ], [ -107.5933, 39.1649 ], [ -107.6017, 39.1638 ], [ -107.6057, 39.162 ], [ -107.6074, 39.1617 ], [ -107.6098, 39.159 ], [ -107.6106, 39.1568 ], [ -107.6139, 39.1547 ], [ -107.6169, 39.1552 ], [ -107.6191, 39.1549 ], [ -107.6202, 39.1521 ], [ -107.6212, 39.1511 ], [ -107.6277, 39.149 ], [ -107.6289, 39.1481 ], [ -107.6304, 39.146 ], [ -107.6307, 39.1442 ], [ -107.6325, 39.1409 ], [ -107.6343, 39.1407 ], [ -107.6376, 39.1419 ], [ -107.6386, 39.1417 ], [ -107.6401, 39.1406 ], [ -107.6414, 39.1382 ], [ -107.6454, 39.1347 ], [ -107.6478, 39.1313 ], [ -107.6512, 39.1309 ], [ -107.6533, 39.1277 ], [ -107.6536, 39.1243 ], [ -107.6567, 39.1227 ], [ -107.6579, 39.1213 ], [ -107.6585, 39.1199 ], [ -107.6614, 39.1181 ], [ -107.6628, 39.1164 ], [ -107.662, 39.1141 ], [ -107.6598, 39.1124 ], [ -107.6641, 39.1097 ], [ -107.6695, 39.1088 ], [ -107.6705, 39.1082 ], [ -107.6727, 39.1059 ], [ -107.6739, 39.1012 ], [ -107.6802, 39.1004 ], [ -107.683, 39.0928 ], [ -107.6878, 39.0881 ], [ -107.6901, 39.0872 ], [ -107.6939, 39.0874 ], [ -107.6945, 39.0851 ], [ -107.7002, 39.0839 ], [ -107.7041, 39.0851 ], [ -107.7094, 39.0829 ], [ -107.7101, 39.0813 ], [ -107.7131, 39.0804 ], [ -107.7132, 39.0787 ], [ -107.7164, 39.0742 ], [ -107.7175, 39.0739 ], [ -107.7219, 39.0686 ], [ -107.7223, 39.0662 ], [ -107.7211, 39.0649 ], [ -107.7294, 39.0663 ], [ -107.731, 39.0658 ], [ -107.732, 39.0631 ], [ -107.7327, 39.0629 ], [ -107.7349, 39.0661 ], [ -107.737, 39.0656 ], [ -107.7386, 39.066 ], [ -107.7443, 39.0624 ], [ -107.7447, 39.0608 ], [ -107.7442, 39.0601 ], [ -107.7449, 39.0597 ], [ -107.7424, 39.0593 ], [ -107.7433, 39.058 ], [ -107.7461, 39.0573 ], [ -107.7472, 39.0561 ], [ -107.7505, 39.0541 ], [ -107.7533, 39.0544 ], [ -107.7558, 39.0539 ], [ -107.7566, 39.0523 ], [ -107.7563, 39.0498 ], [ -107.7581, 39.0492 ], [ -107.7588, 39.0479 ], [ -107.7612, 39.0477 ], [ -107.7636, 39.0469 ], [ -107.7641, 39.0454 ], [ -107.7659, 39.0434 ], [ -107.7683, 39.0441 ], [ -107.7712, 39.0437 ], [ -107.7736, 39.0466 ], [ -107.7768, 39.0483 ], [ -107.7801, 39.0524 ], [ -107.7836, 39.0538 ], [ -107.7868, 39.0563 ], [ -107.7889, 39.0562 ], [ -107.7924, 39.0605 ], [ -107.7949, 39.0619 ], [ -107.8013, 39.0636 ], [ -107.8024, 39.0642 ], [ -107.8024, 39.0648 ], [ -107.8124, 39.0669 ], [ -107.8192, 39.0697 ], [ -107.8193, 39.0707 ], [ -107.8227, 39.0705 ], [ -107.8259, 39.0716 ], [ -107.8283, 39.0718 ], [ -107.8302, 39.073 ], [ -107.8322, 39.0733 ], [ -107.8396, 39.0771 ], [ -107.842, 39.0767 ], [ -107.8461, 39.0774 ], [ -107.8476, 39.0781 ], [ -107.849, 39.0778 ], [ -107.8495, 39.0783 ], [ -107.8493, 39.0789 ], [ -107.8497, 39.0789 ], [ -107.8532, 39.0784 ], [ -107.8544, 39.077 ], [ -107.8555, 39.0767 ], [ -107.8565, 39.0775 ], [ -107.8573, 39.0795 ], [ -107.8589, 39.0801 ], [ -107.8602, 39.0792 ], [ -107.8605, 39.078 ], [ -107.8616, 39.0775 ], [ -107.8626, 39.0789 ], [ -107.8649, 39.0768 ], [ -107.8664, 39.0762 ], [ -107.8671, 39.0747 ], [ -107.8687, 39.0743 ], [ -107.8703, 39.075 ], [ -107.8708, 39.0748 ], [ -107.8742, 39.0727 ], [ -107.876, 39.0709 ], [ -107.8776, 39.0709 ], [ -107.8786, 39.0716 ], [ -107.8805, 39.0712 ], [ -107.8836, 39.0694 ], [ -107.8871, 39.0686 ], [ -107.8868, 39.0673 ], [ -107.8915, 39.0666 ], [ -107.8922, 39.0659 ], [ -107.8967, 39.0662 ], [ -107.9004, 39.0657 ], [ -107.9023, 39.0635 ], [ -107.9042, 39.0637 ], [ -107.9053, 39.0633 ], [ -107.9065, 39.0621 ], [ -107.9061, 39.0612 ], [ -107.9074, 39.0608 ], [ -107.9089, 39.0607 ], [ -107.9098, 39.0617 ], [ -107.9116, 39.0625 ], [ -107.9138, 39.0627 ], [ -107.9169, 39.0647 ], [ -107.9201, 39.0636 ], [ -107.9243, 39.0633 ], [ -107.9277, 39.0624 ], [ -107.9284, 39.0628 ], [ -107.9369, 39.062 ], [ -107.9423, 39.0607 ], [ -107.9482, 39.0605 ], [ -107.9514, 39.0596 ], [ -107.9599, 39.0602 ], [ -107.965, 39.0597 ], [ -107.9743, 39.0613 ], [ -107.9832, 39.0594 ], [ -107.987, 39.0535 ], [ -107.9886, 39.0518 ], [ -107.9905, 39.0521 ], [ -107.9934, 39.0539 ], [ -107.9946, 39.0541 ], [ -107.9977, 39.0515 ], [ -108.0006, 39.051 ], [ -108.0078, 39.0508 ], [ -108.0152, 39.0523 ], [ -108.0186, 39.0542 ], [ -108.0235, 39.0539 ], [ -108.0239, 39.0544 ], [ -108.0248, 39.0543 ], [ -108.0263, 39.0534 ], [ -108.0279, 39.0514 ], [ -108.0293, 39.051 ], [ -108.0319, 39.0514 ], [ -108.0357, 39.05 ], [ -108.0419, 39.0488 ], [ -108.0464, 39.0462 ], [ -108.0549, 39.0468 ], [ -108.0557, 39.0474 ], [ -108.0559, 39.0486 ], [ -108.0613, 39.0474 ], [ -108.0658, 39.0438 ], [ -108.0666, 39.0425 ], [ -108.0686, 39.0416 ], [ -108.0697, 39.0404 ], [ -108.076, 39.0383 ], [ -108.0807, 39.0357 ], [ -108.0875, 39.0347 ], [ -108.0911, 39.0337 ], [ -108.0923, 39.033 ], [ -108.1005, 39.0326 ], [ -108.1046, 39.0316 ], [ -108.1084, 39.0336 ], [ -108.109, 39.0345 ], [ -108.1105, 39.0404 ], [ -108.1147, 39.0432 ], [ -108.1165, 39.0436 ], [ -108.12, 39.0439 ], [ -108.1253, 39.0423 ], [ -108.1266, 39.0399 ], [ -108.1296, 39.0367 ], [ -108.1316, 39.0324 ], [ -108.1331, 39.0322 ], [ -108.1377, 39.0324 ], [ -108.1426, 39.0356 ], [ -108.1458, 39.0362 ], [ -108.1498, 39.0377 ], [ -108.1605, 39.0397 ], [ -108.1716, 39.0453 ], [ -108.1744, 39.0478 ], [ -108.1849, 39.0546 ], [ -108.1889, 39.0586 ], [ -108.194, 39.0577 ], [ -108.2009, 39.0533 ], [ -108.203, 39.0506 ], [ -108.2072, 39.0495 ], [ -108.2147, 39.0496 ], [ -108.2198, 39.0491 ], [ -108.222, 39.0493 ], [ -108.2295, 39.0522 ], [ -108.2386, 39.0522 ], [ -108.2463, 39.0515 ], [ -108.2525, 39.0456 ], [ -108.261, 39.0409 ], [ -108.2677, 39.0385 ], [ -108.2696, 39.0385 ], [ -108.2721, 39.0398 ], [ -108.2771, 39.0403 ], [ -108.2826, 39.0376 ], [ -108.2834, 39.0358 ], [ -108.2874, 39.0336 ], [ -108.2897, 39.0312 ], [ -108.2945, 39.0298 ], [ -108.3071, 39.0227 ], [ -108.317, 39.0196 ], [ -108.3233, 39.0168 ], [ -108.3263, 39.0147 ], [ -108.3352, 39.0122 ], [ -108.3398, 39.0126 ], [ -108.3452, 39.0141 ], [ -108.3478, 39.0139 ], [ -108.3532, 39.0152 ], [ -108.358, 39.0146 ], [ -108.3597, 39.015 ], [ -108.3617, 39.0167 ], [ -108.3638, 39.0201 ], [ -108.3654, 39.0207 ], [ -108.3662, 39.0224 ], [ -108.3657, 39.0257 ], [ -108.3648, 39.0267 ], [ -108.3646, 39.028 ], [ -108.3681, 39.0276 ], [ -108.3759, 39.0281 ], [ -108.3784, 39.0293 ], [ -108.3798, 39.0294 ], [ -108.3804, 39.0283 ], [ -108.3826, 39.0275 ], [ -108.3884, 39.0323 ], [ -108.3897, 39.0321 ], [ -108.3919, 39.0294 ], [ -108.3942, 39.0275 ], [ -108.3941, 39.0234 ], [ -108.3951, 39.0212 ], [ -108.3972, 39.0205 ], [ -108.3982, 39.0195 ], [ -108.4017, 39.0194 ], [ -108.4044, 39.0172 ], [ -108.407, 39.0165 ], [ -108.4091, 39.0171 ], [ -108.4102, 39.0181 ], [ -108.4106, 39.0202 ], [ -108.4116, 39.0209 ], [ -108.4177, 39.02 ], [ -108.4202, 39.0215 ], [ -108.4216, 39.0214 ], [ -108.4227, 39.0206 ], [ -108.4238, 39.0209 ], [ -108.4252, 39.0225 ], [ -108.428, 39.0216 ], [ -108.4293, 39.0204 ], [ -108.4275, 39.0172 ], [ -108.4279, 39.0164 ], [ -108.429, 39.0158 ], [ -108.4304, 39.016 ], [ -108.4323, 39.0186 ], [ -108.4359, 39.0185 ], [ -108.4377, 39.0191 ], [ -108.4414, 39.0181 ], [ -108.4438, 39.0158 ], [ -108.4455, 39.0149 ], [ -108.4473, 39.0156 ], [ -108.4492, 39.017 ], [ -108.4574, 39.0157 ], [ -108.468, 39.0152 ], [ -108.4687, 39.0144 ], [ -108.47, 39.0142 ], [ -108.4717, 39.0151 ], [ -108.4718, 39.0159 ], [ -108.4752, 39.0169 ], [ -108.4776, 39.0151 ], [ -108.4804, 39.0146 ], [ -108.4814, 39.0139 ], [ -108.4847, 39.0146 ], [ -108.4897, 39.0143 ], [ -108.4943, 39.0164 ], [ -108.4974, 39.0158 ], [ -108.5012, 39.0183 ], [ -108.5034, 39.0175 ], [ -108.5047, 39.0192 ], [ -108.5087, 39.0213 ], [ -108.5096, 39.0221 ], [ -108.5101, 39.0238 ], [ -108.5099, 39.0261 ], [ -108.5086, 39.0294 ], [ -108.5087, 39.0326 ], [ -108.5114, 39.0348 ], [ -108.5152, 39.0398 ], [ -108.5193, 39.0429 ], [ -108.5207, 39.0449 ], [ -108.5227, 39.0464 ], [ -108.5251, 39.0471 ], [ -108.5278, 39.0465 ], [ -108.5294, 39.0468 ], [ -108.5343, 39.0482 ], [ -108.5407, 39.0483 ], [ -108.5468, 39.0501 ], [ -108.5522, 39.0502 ], [ -108.5584, 39.0495 ], [ -108.5621, 39.0499 ], [ -108.5645, 39.0514 ], [ -108.5689, 39.0557 ], [ -108.5769, 39.0597 ], [ -108.5775, 39.0616 ], [ -108.5791, 39.063 ], [ -108.5799, 39.0624 ], [ -108.5853, 39.063 ], [ -108.587, 39.0624 ], [ -108.5874, 39.0578 ], [ -108.5878, 39.0574 ], [ -108.5909, 39.0572 ], [ -108.5933, 39.0549 ], [ -108.5961, 39.0541 ], [ -108.6018, 39.0509 ], [ -108.6023, 39.0482 ], [ -108.6056, 39.0448 ], [ -108.604, 39.0438 ], [ -108.6039, 39.0419 ], [ -108.6047, 39.0404 ], [ -108.6078, 39.0369 ], [ -108.6086, 39.0351 ], [ -108.6107, 39.0334 ], [ -108.6125, 39.0293 ], [ -108.6146, 39.0269 ], [ -108.6152, 39.0244 ], [ -108.6171, 39.0243 ], [ -108.6185, 39.0227 ], [ -108.6183, 39.0222 ], [ -108.6117, 39.0219 ], [ -108.6103, 39.021 ], [ -108.6085, 39.0211 ], [ -108.6076, 39.02 ], [ -108.6114, 39.0182 ], [ -108.6088, 39.0161 ], [ -108.6099, 39.0147 ], [ -108.6101, 39.0138 ], [ -108.6085, 39.0089 ], [ -108.6092, 39.0076 ], [ -108.6087, 39.0064 ], [ -108.6095, 39.0061 ], [ -108.6096, 39.0051 ], [ -108.6073, 39.0034 ], [ -108.6079, 39.0017 ], [ -108.608, 38.9994 ], [ -108.6101, 38.9968 ], [ -108.6092, 38.9957 ], [ -108.6107, 38.9938 ], [ -108.6144, 38.9906 ], [ -108.6155, 38.9906 ], [ -108.6183, 38.992 ], [ -108.6215, 38.9909 ], [ -108.6241, 38.9931 ], [ -108.6267, 38.9933 ], [ -108.6299, 38.9954 ], [ -108.6325, 38.9958 ], [ -108.634, 38.9965 ], [ -108.6351, 38.9964 ], [ -108.637, 38.995 ], [ -108.6418, 38.9941 ], [ -108.6442, 38.9943 ], [ -108.649, 38.9932 ], [ -108.654, 38.9898 ], [ -108.6573, 38.9895 ], [ -108.659, 38.9887 ], [ -108.661, 38.9866 ], [ -108.6612, 38.9848 ], [ -108.6627, 38.9839 ], [ -108.6674, 38.9821 ], [ -108.6694, 38.9818 ], [ -108.6716, 38.9823 ], [ -108.6746, 38.9803 ], [ -108.6764, 38.9783 ], [ -108.6768, 38.9763 ], [ -108.6782, 38.9738 ], [ -108.6817, 38.9723 ], [ -108.6831, 38.97 ], [ -108.6825, 38.9672 ], [ -108.6877, 38.9586 ], [ -108.6904, 38.9566 ], [ -108.6921, 38.9547 ], [ -108.6971, 38.9531 ], [ -108.7028, 38.9487 ], [ -108.7081, 38.9465 ], [ -108.7075, 38.9441 ], [ -108.7084, 38.943 ], [ -108.7109, 38.9448 ], [ -108.7118, 38.9482 ], [ -108.7063, 38.9505 ], [ -108.7041, 38.9521 ], [ -108.7032, 38.9545 ], [ -108.7037, 38.9571 ], [ -108.7015, 38.9598 ], [ -108.7011, 38.9622 ], [ -108.7015, 38.9631 ], [ -108.705, 38.9653 ], [ -108.7059, 38.967 ], [ -108.71, 38.9677 ], [ -108.7113, 38.9693 ], [ -108.7146, 38.9717 ], [ -108.7149, 38.9725 ], [ -108.7152, 38.974 ], [ -108.7109, 38.9817 ], [ -108.7097, 38.9852 ], [ -108.709, 38.9916 ], [ -108.7101, 38.9953 ], [ -108.7137, 38.9993 ], [ -108.7225, 38.9998 ], [ -108.7237, 39.0003 ], [ -108.7263, 39.0029 ], [ -108.7283, 39.0061 ], [ -108.7319, 39.0087 ], [ -108.7348, 39.0092 ], [ -108.7384, 39.0075 ], [ -108.7405, 39.0072 ], [ -108.7406, 39.011 ], [ -108.7414, 39.0128 ], [ -108.7425, 39.0136 ], [ -108.7478, 39.0147 ], [ -108.755, 39.0149 ], [ -108.7561, 39.0192 ], [ -108.7549, 39.0247 ], [ -108.7528, 39.0282 ], [ -108.7538, 39.0299 ], [ -108.751, 39.0315 ], [ -108.7495, 39.035 ], [ -108.75, 39.0433 ], [ -108.7508, 39.0455 ], [ -108.7522, 39.0468 ], [ -108.7585, 39.0492 ], [ -108.7631, 39.0538 ], [ -108.7658, 39.0539 ], [ -108.7671, 39.0553 ], [ -108.77, 39.0551 ], [ -108.771, 39.0558 ], [ -108.7708, 39.0586 ], [ -108.7669, 39.0612 ], [ -108.7657, 39.0636 ], [ -108.7702, 39.0644 ], [ -108.7776, 39.0674 ], [ -108.781, 39.0682 ], [ -108.7837, 39.0732 ], [ -108.7901, 39.0772 ], [ -108.7909, 39.0794 ], [ -108.7895, 39.0828 ], [ -108.7897, 39.0846 ], [ -108.7912, 39.0869 ], [ -108.7932, 39.0885 ], [ -108.7945, 39.093 ], [ -108.7957, 39.0935 ], [ -108.7988, 39.094 ], [ -108.8019, 39.0926 ], [ -108.8058, 39.0928 ], [ -108.8088, 39.0921 ], [ -108.8106, 39.0925 ], [ -108.8134, 39.0918 ], [ -108.8169, 39.093 ], [ -108.8176, 39.0942 ], [ -108.8186, 39.0946 ], [ -108.8204, 39.095 ], [ -108.8221, 39.0948 ], [ -108.8257, 39.0963 ], [ -108.8297, 39.0968 ], [ -108.8321, 39.0964 ], [ -108.8376, 39.0945 ], [ -108.8399, 39.0928 ], [ -108.8444, 39.0924 ], [ -108.8484, 39.0895 ], [ -108.8498, 39.0878 ], [ -108.8496, 39.085 ], [ -108.8505, 39.0832 ], [ -108.8505, 39.08 ], [ -108.853, 39.0795 ], [ -108.8561, 39.0814 ], [ -108.8579, 39.0805 ], [ -108.8591, 39.0804 ], [ -108.862, 39.0786 ], [ -108.8638, 39.0795 ], [ -108.8686, 39.0782 ], [ -108.8744, 39.0782 ], [ -108.8762, 39.0767 ], [ -108.8741, 39.0739 ], [ -108.8753, 39.0719 ], [ -108.8766, 39.071 ], [ -108.8825, 39.0693 ], [ -108.8852, 39.0679 ], [ -108.8886, 39.0637 ], [ -108.8927, 39.0647 ], [ -108.8973, 39.0635 ], [ -108.9016, 39.0637 ], [ -108.9039, 39.0634 ], [ -108.9062, 39.0624 ], [ -108.9096, 39.06 ], [ -108.913, 39.0586 ], [ -108.9165, 39.0583 ], [ -108.9184, 39.0554 ], [ -108.9217, 39.0538 ], [ -108.9247, 39.0537 ], [ -108.926, 39.0532 ], [ -108.9296, 39.0501 ], [ -108.9335, 39.0516 ], [ -108.9355, 39.0546 ], [ -108.9369, 39.0555 ], [ -108.9378, 39.0581 ], [ -108.9406, 39.0572 ], [ -108.9429, 39.0572 ], [ -108.9462, 39.0579 ], [ -108.9491, 39.0591 ], [ -108.9527, 39.0592 ], [ -108.9544, 39.0586 ], [ -108.9553, 39.0575 ], [ -108.958, 39.0606 ], [ -108.9598, 39.0614 ], [ -108.9619, 39.0646 ], [ -108.9651, 39.0657 ], [ -108.9668, 39.0673 ], [ -108.9689, 39.0669 ], [ -108.9706, 39.0677 ], [ -108.9723, 39.0677 ], [ -108.9747, 39.0693 ], [ -108.977, 39.0694 ], [ -108.9785, 39.0686 ], [ -108.9821, 39.0695 ], [ -108.9853, 39.0713 ], [ -108.9858, 39.0722 ], [ -108.9894, 39.0724 ], [ -108.9913, 39.0752 ], [ -108.9949, 39.0776 ], [ -109.0038, 39.0768 ], [ -109.0053, 39.077 ], [ -109.0071, 39.0782 ], [ -109.0093, 39.0778 ], [ -109.0106, 39.0783 ], [ -109.017, 39.0779 ], [ -109.0197, 39.0769 ], [ -109.0209, 39.0771 ], [ -109.022, 39.0762 ], [ -109.0235, 39.0774 ], [ -109.0236, 39.0788 ], [ -109.0244, 39.0792 ], [ -109.0272, 39.0794 ], [ -109.0323, 39.0782 ], [ -109.0343, 39.0799 ], [ -109.0353, 39.0801 ], [ -109.0385, 39.0791 ], [ -109.0396, 39.0749 ], [ -109.0405, 39.0741 ], [ -109.0459, 39.0748 ], [ -109.0479, 39.0743 ], [ -109.0507, 39.0765 ], [ -109.051, 39.0777 ], [ -109.0519, 39.0782 ], [ -109.0514, 39.1624 ], [ -109.0496, 39.1658 ], [ -109.0471, 39.169 ], [ -109.044, 39.1712 ], [ -109.042, 39.1715 ], [ -109.0394, 39.1734 ], [ -109.0371, 39.1735 ], [ -109.035, 39.1755 ], [ -109.0372, 39.1779 ], [ -109.0384, 39.1784 ], [ -109.0387, 39.1804 ], [ -109.0407, 39.1821 ], [ -109.0392, 39.1852 ], [ -109.0411, 39.1897 ], [ -109.0407, 39.1905 ], [ -109.04, 39.1911 ], [ -109.0386, 39.1913 ], [ -109.0355, 39.1904 ], [ -109.0317, 39.1913 ], [ -109.031, 39.1919 ], [ -109.0305, 39.1937 ], [ -109.0293, 39.1942 ], [ -109.0274, 39.1971 ], [ -109.0261, 39.1981 ], [ -109.0269, 39.2006 ], [ -109.0318, 39.2036 ], [ -109.0328, 39.2069 ], [ -109.0323, 39.2078 ], [ -109.0327, 39.2084 ], [ -109.037, 39.2098 ], [ -109.0372, 39.2117 ], [ -109.0359, 39.2132 ], [ -109.0366, 39.2149 ], [ -109.0337, 39.2192 ], [ -109.0247, 39.2261 ], [ -109.0236, 39.2308 ], [ -109.0238, 39.2329 ], [ -109.0246, 39.2336 ], [ -109.0238, 39.235 ], [ -109.0248, 39.2362 ], [ -109.0239, 39.2369 ], [ -109.0238, 39.2383 ], [ -109.0222, 39.2406 ], [ -109.0228, 39.2442 ], [ -109.0208, 39.2458 ], [ -109.0199, 39.2473 ], [ -109.0205, 39.2498 ], [ -109.0191, 39.2516 ], [ -109.0177, 39.2515 ], [ -109.0172, 39.2524 ], [ -109.0155, 39.2534 ], [ -109.0169, 39.2551 ], [ -109.0157, 39.2569 ], [ -109.0141, 39.2565 ], [ -109.0113, 39.258 ], [ -109.0092, 39.2632 ], [ -109.0094, 39.265 ], [ -109.013, 39.2694 ], [ -109.0123, 39.2708 ], [ -109.0133, 39.2713 ], [ -109.0139, 39.2746 ], [ -109.0129, 39.2761 ], [ -109.0134, 39.2775 ], [ -109.0128, 39.2782 ], [ -109.0131, 39.2795 ], [ -109.0118, 39.2812 ], [ -109.0121, 39.2834 ], [ -109.0103, 39.2843 ], [ -109.0101, 39.2851 ], [ -109.0109, 39.2861 ], [ -109.0108, 39.287 ], [ -109.0093, 39.2869 ], [ -109.0086, 39.2873 ], [ -109.0083, 39.2888 ], [ -109.0093, 39.2904 ], [ -109.0078, 39.2918 ], [ -109.0079, 39.2924 ], [ -109.0101, 39.2938 ], [ -109.011, 39.2975 ], [ -109.011, 39.3004 ], [ -109.0118, 39.302 ], [ -109.0118, 39.3038 ], [ -109.0122, 39.3042 ], [ -109.0133, 39.3042 ], [ -109.0141, 39.3056 ], [ -109.0146, 39.3078 ], [ -109.0142, 39.3112 ], [ -109.0155, 39.3117 ], [ -109.0178, 39.3155 ], [ -109.02, 39.3172 ], [ -109.0215, 39.3205 ], [ -109.0259, 39.3243 ], [ -109.0259, 39.3289 ], [ -109.0265, 39.331 ], [ -109.0284, 39.3325 ], [ -109.0311, 39.3332 ], [ -109.0311, 39.3346 ], [ -109.0318, 39.335 ], [ -109.0322, 39.3366 ], [ -109.0344, 39.3382 ], [ -109.0348, 39.3408 ], [ -109.0375, 39.343 ], [ -109.0375, 39.3451 ], [ -109.04, 39.3485 ], [ -109.0404, 39.3514 ], [ -109.043, 39.3522 ], [ -109.0434, 39.3511 ], [ -109.0461, 39.3507 ], [ -109.0463, 39.3522 ], [ -109.0479, 39.3545 ], [ -109.0475, 39.3555 ], [ -109.0484, 39.3588 ], [ -109.0508, 39.3634 ], [ -109.0514, 39.4977 ], [ -109.0494, 39.499 ], [ -109.0491, 39.5017 ], [ -109.0472, 39.5051 ], [ -109.0463, 39.5057 ], [ -109.0428, 39.5054 ], [ -109.0421, 39.5076 ], [ -109.0427, 39.5094 ], [ -109.0416, 39.5117 ], [ -109.0387, 39.5125 ], [ -109.0376, 39.5137 ], [ -109.037, 39.5153 ], [ -109.035, 39.5154 ], [ -109.0329, 39.5148 ], [ -109.0302, 39.5155 ], [ -109.0277, 39.5147 ], [ -109.0269, 39.5149 ], [ -109.0229, 39.5208 ], [ -109.0201, 39.5235 ], [ -109.0204, 39.5254 ], [ -109.0198, 39.5288 ], [ -109.0156, 39.5308 ], [ -109.0134, 39.5331 ], [ -109.0085, 39.5346 ], [ -109.0061, 39.5389 ], [ -109.0056, 39.5441 ], [ -109.0049, 39.5461 ], [ -109.0051, 39.5473 ], [ -109.007, 39.5478 ], [ -109.0074, 39.5482 ], [ -109.0055, 39.5488 ], [ -109.0037, 39.5515 ], [ -109.0, 39.5545 ], [ -109.0002, 39.5582 ], [ -108.9971, 39.5587 ], [ -108.9932, 39.5625 ], [ -108.9931, 39.5634 ], [ -108.9939, 39.5649 ], [ -108.9958, 39.5661 ], [ -108.996, 39.568 ], [ -108.995, 39.5693 ], [ -108.9926, 39.5701 ], [ -108.9895, 39.5735 ], [ -108.988, 39.5743 ], [ -108.9864, 39.5732 ], [ -108.9818, 39.5728 ], [ -108.9791, 39.5731 ], [ -108.9762, 39.5706 ], [ -108.9757, 39.5707 ], [ -108.9743, 39.5721 ], [ -108.9734, 39.5747 ], [ -108.966, 39.5769 ], [ -108.9625, 39.5804 ], [ -108.9578, 39.5811 ], [ -108.9534, 39.5824 ], [ -108.9509, 39.5854 ], [ -108.9505, 39.5876 ], [ -108.9454, 39.5914 ], [ -108.9421, 39.5984 ], [ -108.9417, 39.6014 ], [ -108.9379, 39.5993 ], [ -108.9369, 39.5979 ], [ -108.9352, 39.5967 ], [ -108.934, 39.5964 ], [ -108.9318, 39.5968 ], [ -108.9298, 39.5964 ], [ -108.9285, 39.5945 ], [ -108.9263, 39.5927 ], [ -108.9233, 39.5924 ], [ -108.9212, 39.593 ], [ -108.919, 39.5977 ], [ -108.919, 39.6012 ], [ -108.9133, 39.6106 ], [ -108.9139, 39.6126 ], [ -108.9156, 39.6131 ], [ -108.914, 39.6134 ], [ -108.9124, 39.6145 ], [ -108.9091, 39.6192 ], [ -108.9066, 39.6216 ], [ -108.9032, 39.6211 ], [ -108.9007, 39.6225 ], [ -108.8979, 39.6188 ], [ -108.8941, 39.622 ], [ -108.8903, 39.6226 ], [ -108.889, 39.6235 ], [ -108.887, 39.6236 ], [ -108.8852, 39.6216 ], [ -108.8846, 39.6232 ], [ -108.8828, 39.6246 ], [ -108.8805, 39.6284 ], [ -108.8799, 39.6285 ], [ -108.8781, 39.6271 ], [ -108.8786, 39.6249 ], [ -108.8772, 39.6204 ], [ -108.877, 39.6201 ], [ -108.8738, 39.6201 ], [ -108.8731, 39.6198 ], [ -108.8726, 39.6186 ], [ -108.8728, 39.6169 ], [ -108.8681, 39.6183 ], [ -108.8658, 39.6203 ], [ -108.864, 39.6207 ], [ -108.8633, 39.6206 ], [ -108.8614, 39.6184 ], [ -108.8592, 39.617 ], [ -108.8578, 39.6169 ], [ -108.8561, 39.6176 ], [ -108.8529, 39.6211 ], [ -108.8492, 39.6134 ], [ -108.8455, 39.6119 ], [ -108.8434, 39.6139 ], [ -108.8391, 39.6127 ], [ -108.8362, 39.6111 ], [ -108.8346, 39.6095 ], [ -108.8315, 39.6104 ], [ -108.8311, 39.6146 ], [ -108.8267, 39.616 ], [ -108.825, 39.6188 ], [ -108.8212, 39.6136 ], [ -108.8223, 39.6097 ], [ -108.8212, 39.6054 ], [ -108.8194, 39.6037 ], [ -108.8176, 39.603 ], [ -108.8172, 39.6015 ], [ -108.8164, 39.6008 ], [ -108.811, 39.5973 ], [ -108.8092, 39.5979 ], [ -108.8068, 39.5974 ], [ -108.8046, 39.5975 ], [ -108.8021, 39.5986 ], [ -108.8009, 39.6001 ], [ -108.8003, 39.6002 ], [ -108.7936, 39.5988 ], [ -108.7924, 39.5989 ], [ -108.7911, 39.5996 ], [ -108.7881, 39.6027 ], [ -108.7838, 39.6009 ], [ -108.7792, 39.605 ], [ -108.7761, 39.6055 ], [ -108.7745, 39.6048 ], [ -108.7717, 39.6068 ], [ -108.7695, 39.6058 ], [ -108.7661, 39.6052 ], [ -108.7662, 39.6041 ], [ -108.7642, 39.6027 ], [ -108.7634, 39.6007 ], [ -108.7575, 39.5978 ], [ -108.7557, 39.5982 ], [ -108.753, 39.6004 ], [ -108.7506, 39.6008 ], [ -108.7488, 39.6004 ], [ -108.747, 39.6011 ], [ -108.7458, 39.6001 ], [ -108.7451, 39.5974 ], [ -108.744, 39.5965 ], [ -108.7417, 39.5956 ], [ -108.7373, 39.5957 ], [ -108.7366, 39.5937 ], [ -108.7353, 39.5949 ], [ -108.731, 39.5955 ], [ -108.7299, 39.5978 ], [ -108.7268, 39.5988 ], [ -108.7244, 39.5978 ], [ -108.7208, 39.6012 ], [ -108.7169, 39.6035 ], [ -108.7166, 39.6045 ], [ -108.712, 39.6043 ], [ -108.7111, 39.6032 ], [ -108.7094, 39.6029 ], [ -108.7048, 39.6038 ], [ -108.7038, 39.6032 ], [ -108.7027, 39.6016 ], [ -108.7008, 39.6011 ], [ -108.6998, 39.6013 ], [ -108.6974, 39.6031 ], [ -108.6961, 39.6016 ], [ -108.695, 39.6011 ], [ -108.6933, 39.6021 ], [ -108.6922, 39.6022 ], [ -108.6863, 39.6007 ], [ -108.6803, 39.6008 ], [ -108.6788, 39.603 ], [ -108.6767, 39.603 ], [ -108.6724, 39.6043 ], [ -108.6698, 39.6091 ], [ -108.6657, 39.6108 ], [ -108.6638, 39.6152 ], [ -108.6608, 39.6192 ], [ -108.6586, 39.6218 ], [ -108.6562, 39.6229 ], [ -108.6548, 39.6244 ], [ -108.6544, 39.6266 ], [ -108.6558, 39.6278 ], [ -108.6564, 39.6312 ], [ -108.6563, 39.6329 ], [ -108.655, 39.636 ], [ -108.6568, 39.6381 ], [ -108.6547, 39.6425 ], [ -108.6571, 39.6478 ], [ -108.6546, 39.6502 ], [ -108.6526, 39.6543 ], [ -108.6532, 39.6561 ], [ -108.6525, 39.6591 ], [ -108.6513, 39.659 ], [ -108.6479, 39.6573 ], [ -108.6425, 39.6571 ], [ -108.6416, 39.6558 ], [ -108.6374, 39.6546 ], [ -108.6358, 39.655 ], [ -108.6331, 39.657 ], [ -108.6293, 39.6565 ], [ -108.6246, 39.6584 ], [ -108.6239, 39.6598 ], [ -108.6225, 39.6609 ], [ -108.6223, 39.6649 ], [ -108.6184, 39.6656 ], [ -108.6156, 39.668 ], [ -108.6141, 39.6679 ], [ -108.6125, 39.6683 ], [ -108.6094, 39.6703 ], [ -108.6063, 39.6701 ], [ -108.605, 39.6727 ], [ -108.5998, 39.6753 ], [ -108.598, 39.6739 ], [ -108.595, 39.6734 ], [ -108.5948, 39.6718 ], [ -108.594, 39.6712 ], [ -108.5923, 39.6711 ], [ -108.5888, 39.6756 ], [ -108.5874, 39.6765 ], [ -108.5849, 39.6792 ], [ -108.5838, 39.6797 ], [ -108.5815, 39.6787 ], [ -108.58, 39.6794 ], [ -108.5774, 39.6831 ], [ -108.5755, 39.6844 ], [ -108.5735, 39.6837 ], [ -108.5725, 39.6853 ], [ -108.5706, 39.6861 ], [ -108.5654, 39.6912 ], [ -108.5636, 39.6897 ], [ -108.5635, 39.6879 ], [ -108.5616, 39.6855 ], [ -108.5588, 39.6841 ], [ -108.5556, 39.6863 ], [ -108.5545, 39.6881 ], [ -108.5522, 39.6903 ], [ -108.5507, 39.6911 ], [ -108.5493, 39.6911 ], [ -108.5479, 39.6917 ], [ -108.5459, 39.6917 ], [ -108.5439, 39.6933 ], [ -108.5412, 39.6974 ], [ -108.5387, 39.6979 ], [ -108.5379, 39.6978 ], [ -108.5343, 39.6948 ], [ -108.532, 39.6943 ], [ -108.529, 39.6924 ], [ -108.5274, 39.6902 ], [ -108.5188, 39.6918 ], [ -108.5168, 39.6915 ], [ -108.515, 39.6901 ], [ -108.5126, 39.6911 ], [ -108.5089, 39.6919 ], [ -108.5084, 39.6904 ], [ -108.5039, 39.6885 ], [ -108.5017, 39.6882 ], [ -108.5004, 39.6894 ], [ -108.4954, 39.6882 ], [ -108.4936, 39.6915 ], [ -108.4909, 39.6929 ], [ -108.488, 39.6957 ], [ -108.4797, 39.6959 ], [ -108.4777, 39.6986 ], [ -108.477, 39.6983 ], [ -108.4737, 39.6985 ], [ -108.4739, 39.6964 ], [ -108.4727, 39.6955 ], [ -108.4699, 39.6968 ], [ -108.4669, 39.6962 ], [ -108.4674, 39.695 ], [ -108.4674, 39.6928 ], [ -108.4665, 39.6916 ], [ -108.4642, 39.6921 ], [ -108.4633, 39.6918 ], [ -108.4627, 39.6884 ], [ -108.4613, 39.6872 ], [ -108.4574, 39.6868 ], [ -108.4556, 39.6876 ], [ -108.4513, 39.6835 ], [ -108.4502, 39.683 ], [ -108.4469, 39.6832 ], [ -108.4462, 39.6821 ], [ -108.4463, 39.6806 ], [ -108.442, 39.6815 ], [ -108.4389, 39.6792 ], [ -108.4375, 39.681 ], [ -108.4357, 39.6818 ], [ -108.4331, 39.6796 ], [ -108.4279, 39.6826 ], [ -108.4239, 39.6815 ], [ -108.4194, 39.6814 ], [ -108.416, 39.68 ], [ -108.4143, 39.6813 ], [ -108.4105, 39.6813 ], [ -108.4098, 39.6783 ], [ -108.4078, 39.6782 ], [ -108.407, 39.6773 ], [ -108.4076, 39.6754 ], [ -108.4063, 39.6731 ], [ -108.4052, 39.6722 ], [ -108.4027, 39.6714 ], [ -108.4023, 39.6696 ], [ -108.4004, 39.67 ], [ -108.3969, 39.6733 ], [ -108.3953, 39.6734 ], [ -108.3946, 39.6729 ], [ -108.3945, 39.6703 ], [ -108.3937, 39.6695 ], [ -108.3928, 39.669 ], [ -108.3907, 39.6697 ], [ -108.3901, 39.6679 ], [ -108.3876, 39.666 ], [ -108.3854, 39.6686 ], [ -108.3811, 39.6675 ], [ -108.3807, 39.6636 ], [ -108.378, 39.6644 ], [ -108.3758, 39.6658 ], [ -108.3751, 39.6642 ], [ -108.3751, 39.6622 ], [ -108.3743, 39.6619 ], [ -108.3697, 39.6623 ], [ -108.3684, 39.6636 ], [ -108.367, 39.6636 ], [ -108.3651, 39.6613 ], [ -108.363, 39.6608 ], [ -108.3622, 39.66 ], [ -108.3612, 39.6605 ], [ -108.3579, 39.66 ], [ -108.3518, 39.6571 ], [ -108.3504, 39.6571 ], [ -108.3484, 39.659 ], [ -108.3471, 39.6589 ], [ -108.3447, 39.657 ], [ -108.3417, 39.651 ], [ -108.3409, 39.6502 ], [ -108.3395, 39.6499 ], [ -108.3384, 39.647 ], [ -108.3369, 39.6476 ], [ -108.3335, 39.6478 ], [ -108.333, 39.6491 ], [ -108.331, 39.6494 ], [ -108.3273, 39.6462 ], [ -108.3252, 39.6485 ], [ -108.3225, 39.6498 ], [ -108.3217, 39.6496 ], [ -108.3211, 39.6486 ], [ -108.3191, 39.6493 ], [ -108.3171, 39.6492 ], [ -108.3163, 39.6485 ], [ -108.3163, 39.6469 ], [ -108.3134, 39.6463 ], [ -108.3122, 39.645 ], [ -108.3132, 39.639 ], [ -108.3123, 39.638 ], [ -108.3125, 39.6362 ], [ -108.3113, 39.6317 ], [ -108.3091, 39.6318 ], [ -108.3056, 39.634 ], [ -108.3039, 39.6343 ], [ -108.3035, 39.632 ], [ -108.3009, 39.6304 ], [ -108.3012, 39.6258 ], [ -108.2976, 39.6254 ], [ -108.297, 39.6244 ], [ -108.2939, 39.6233 ], [ -108.2926, 39.6234 ], [ -108.2916, 39.625 ], [ -108.2889, 39.6268 ], [ -108.2852, 39.6281 ], [ -108.2836, 39.6295 ], [ -108.2812, 39.6304 ], [ -108.2801, 39.6319 ], [ -108.2778, 39.6334 ], [ -108.2787, 39.6355 ], [ -108.2777, 39.6416 ], [ -108.2704, 39.6494 ], [ -108.2618, 39.6504 ], [ -108.2598, 39.6516 ], [ -108.2573, 39.6517 ], [ -108.2561, 39.6524 ], [ -108.2538, 39.6518 ], [ -108.2514, 39.6533 ], [ -108.2504, 39.6549 ], [ -108.2464, 39.6564 ], [ -108.2453, 39.6558 ], [ -108.2445, 39.653 ], [ -108.2405, 39.654 ], [ -108.2387, 39.6527 ], [ -108.2377, 39.6526 ], [ -108.2363, 39.6538 ], [ -108.2348, 39.6568 ], [ -108.2321, 39.6561 ], [ -108.2312, 39.6545 ], [ -108.2289, 39.6582 ], [ -108.2258, 39.6595 ], [ -108.2261, 39.6573 ], [ -108.2252, 39.6523 ], [ -108.2242, 39.6521 ], [ -108.2218, 39.653 ], [ -108.2199, 39.6552 ], [ -108.2177, 39.6563 ], [ -108.2166, 39.6576 ], [ -108.2146, 39.6576 ], [ -108.2124, 39.6566 ], [ -108.2108, 39.6553 ], [ -108.2119, 39.6512 ], [ -108.2113, 39.6491 ], [ -108.2081, 39.6494 ], [ -108.206, 39.6487 ], [ -108.2029, 39.6468 ], [ -108.2007, 39.6493 ], [ -108.198, 39.6462 ], [ -108.194, 39.6473 ], [ -108.1911, 39.6507 ], [ -108.1872, 39.6488 ], [ -108.1859, 39.6488 ], [ -108.1783, 39.6533 ], [ -108.1771, 39.6521 ], [ -108.1717, 39.651 ], [ -108.1707, 39.6523 ], [ -108.1682, 39.6531 ], [ -108.1677, 39.6551 ], [ -108.1656, 39.6555 ], [ -108.1622, 39.6537 ], [ -108.1581, 39.6554 ], [ -108.1566, 39.652 ], [ -108.1545, 39.6512 ], [ -108.1527, 39.6527 ], [ -108.1503, 39.6529 ], [ -108.1494, 39.6534 ], [ -108.1473, 39.6573 ], [ -108.1458, 39.6586 ], [ -108.1437, 39.6624 ], [ -108.1407, 39.6656 ], [ -108.1404, 39.6692 ], [ -108.1397, 39.6708 ], [ -108.1376, 39.6716 ], [ -108.1333, 39.6706 ], [ -108.1286, 39.6702 ], [ -108.1281, 39.6712 ], [ -108.1261, 39.6723 ], [ -108.1227, 39.677 ], [ -108.1204, 39.6746 ], [ -108.1181, 39.6741 ], [ -108.1177, 39.6725 ], [ -108.1131, 39.6712 ], [ -108.1124, 39.6695 ], [ -108.1107, 39.6681 ], [ -108.1075, 39.6681 ], [ -108.1059, 39.6652 ], [ -108.1054, 39.665 ], [ -108.104, 39.6656 ], [ -108.1023, 39.6686 ], [ -108.1009, 39.6697 ], [ -108.096, 39.6718 ], [ -108.0938, 39.6722 ], [ -108.0926, 39.6736 ], [ -108.0903, 39.674 ], [ -108.0883, 39.6763 ], [ -108.0875, 39.6763 ], [ -108.0859, 39.6751 ], [ -108.0845, 39.6747 ], [ -108.0811, 39.6768 ], [ -108.0801, 39.6768 ], [ -108.0784, 39.6762 ], [ -108.0758, 39.6779 ], [ -108.0732, 39.6779 ], [ -108.0726, 39.6769 ], [ -108.0732, 39.6719 ], [ -108.0724, 39.6713 ], [ -108.0698, 39.6714 ], [ -108.0687, 39.671 ], [ -108.0691, 39.6677 ], [ -108.0657, 39.6666 ], [ -108.0642, 39.6651 ], [ -108.0609, 39.6661 ], [ -108.0597, 39.6655 ], [ -108.0592, 39.6638 ], [ -108.0553, 39.6637 ], [ -108.0549, 39.6627 ], [ -108.0553, 39.6585 ], [ -108.0549, 39.6573 ], [ -108.0507, 39.6579 ], [ -108.0511, 39.6548 ], [ -108.0499, 39.6548 ], [ -108.0487, 39.6556 ], [ -108.048, 39.6556 ], [ -108.0467, 39.6531 ], [ -108.0456, 39.6538 ], [ -108.045, 39.6553 ], [ -108.0431, 39.6559 ], [ -108.0419, 39.6586 ], [ -108.0398, 39.6605 ], [ -108.0372, 39.6613 ], [ -108.0359, 39.6577 ], [ -108.0349, 39.6572 ], [ -108.0328, 39.6575 ], [ -108.0315, 39.6581 ], [ -108.0301, 39.6609 ], [ -108.0286, 39.6613 ], [ -108.0263, 39.6606 ], [ -108.0246, 39.663 ], [ -108.0207, 39.6653 ], [ -108.0201, 39.6646 ], [ -108.0193, 39.6593 ], [ -108.0156, 39.6574 ], [ -108.0137, 39.6589 ], [ -108.0104, 39.6588 ], [ -108.0086, 39.6556 ], [ -108.0092, 39.6546 ], [ -108.0089, 39.6529 ], [ -108.0081, 39.6525 ], [ -108.0047, 39.6535 ], [ -108.0042, 39.6513 ], [ -108.0016, 39.6505 ], [ -108.0, 39.6492 ], [ -107.9977, 39.6488 ], [ -107.9977, 39.6459 ], [ -107.9956, 39.6444 ], [ -107.9945, 39.6444 ], [ -107.9936, 39.6449 ], [ -107.9892, 39.6495 ], [ -107.9846, 39.6456 ], [ -107.9823, 39.646 ], [ -107.9806, 39.6448 ], [ -107.9791, 39.6458 ], [ -107.9763, 39.6455 ], [ -107.9749, 39.6479 ], [ -107.9715, 39.646 ], [ -107.9696, 39.6473 ], [ -107.9672, 39.6463 ], [ -107.9656, 39.6462 ], [ -107.9631, 39.6491 ], [ -107.9601, 39.6468 ], [ -107.9583, 39.6466 ], [ -107.9561, 39.6484 ], [ -107.954, 39.6476 ], [ -107.9513, 39.6482 ], [ -107.9498, 39.6501 ], [ -107.9452, 39.6513 ], [ -107.9423, 39.6539 ], [ -107.9394, 39.6536 ], [ -107.9367, 39.6548 ], [ -107.9335, 39.6545 ], [ -107.9314, 39.6557 ], [ -107.9281, 39.6563 ], [ -107.9262, 39.6571 ], [ -107.927, 39.6601 ], [ -107.9311, 39.663 ], [ -107.9312, 39.6642 ], [ -107.9324, 39.6653 ], [ -107.9364, 39.6741 ], [ -107.9372, 39.6746 ], [ -107.9396, 39.6743 ], [ -107.94, 39.6747 ], [ -107.9402, 39.6759 ], [ -107.9394, 39.6789 ], [ -107.9384, 39.6798 ], [ -107.9382, 39.6808 ], [ -107.9404, 39.6825 ], [ -107.9421, 39.6866 ], [ -107.942, 39.6889 ], [ -107.9429, 39.6901 ], [ -107.9446, 39.6909 ], [ -107.9474, 39.6965 ], [ -107.9467, 39.6994 ], [ -107.945, 39.7015 ], [ -107.9427, 39.7025 ], [ -107.9403, 39.7028 ], [ -107.9368, 39.7047 ], [ -107.934, 39.7056 ], [ -107.9286, 39.7068 ], [ -107.9251, 39.7069 ], [ -107.9238, 39.7078 ], [ -107.9227, 39.7115 ], [ -107.922, 39.7123 ], [ -107.9194, 39.7134 ], [ -107.9176, 39.7164 ], [ -107.9165, 39.7197 ], [ -107.9138, 39.7199 ], [ -107.9143, 39.7221 ], [ -107.9134, 39.724 ], [ -107.9095, 39.7278 ], [ -107.9078, 39.7282 ], [ -107.9061, 39.7297 ], [ -107.905, 39.7336 ], [ -107.9058, 39.7356 ], [ -107.9037, 39.738 ], [ -107.9036, 39.7403 ], [ -107.9014, 39.7408 ], [ -107.8989, 39.7408 ], [ -107.8994, 39.7439 ], [ -107.8989, 39.7448 ], [ -107.8977, 39.7454 ], [ -107.89, 39.7473 ], [ -107.8864, 39.7493 ], [ -107.8829, 39.7528 ], [ -107.8817, 39.7552 ], [ -107.8819, 39.7571 ], [ -107.8746, 39.7614 ], [ -107.8728, 39.7634 ], [ -107.8685, 39.7653 ], [ -107.8633, 39.7659 ], [ -107.8614, 39.7652 ], [ -107.8526, 39.7679 ], [ -107.8536, 39.7709 ], [ -107.8505, 39.7744 ], [ -107.8495, 39.7783 ], [ -107.8482, 39.7802 ], [ -107.8476, 39.7789 ], [ -107.8448, 39.7787 ], [ -107.8387, 39.7772 ], [ -107.836, 39.7781 ], [ -107.8329, 39.7778 ], [ -107.8315, 39.7767 ], [ -107.8281, 39.7777 ], [ -107.8275, 39.7742 ], [ -107.8265, 39.7731 ], [ -107.8236, 39.7747 ], [ -107.8179, 39.7748 ], [ -107.8129, 39.7763 ], [ -107.8131, 39.778 ], [ -107.8126, 39.7799 ], [ -107.8143, 39.7824 ], [ -107.8141, 39.7878 ], [ -107.8148, 39.7924 ], [ -107.8144, 39.7928 ], [ -107.8117, 39.7934 ], [ -107.8099, 39.7953 ], [ -107.8072, 39.7962 ], [ -107.8054, 39.7962 ], [ -107.8026, 39.7937 ], [ -107.7982, 39.7919 ], [ -107.7925, 39.7878 ], [ -107.788, 39.7897 ], [ -107.7854, 39.7928 ], [ -107.7806, 39.7919 ], [ -107.7787, 39.7903 ], [ -107.7769, 39.7895 ], [ -107.7747, 39.7901 ], [ -107.773, 39.7916 ], [ -107.7703, 39.7916 ], [ -107.7674, 39.7922 ], [ -107.7665, 39.7929 ], [ -107.7631, 39.7927 ], [ -107.7612, 39.7905 ], [ -107.7587, 39.7895 ], [ -107.7546, 39.7904 ], [ -107.7535, 39.7902 ], [ -107.7517, 39.7915 ], [ -107.7491, 39.7914 ], [ -107.7482, 39.7906 ], [ -107.7483, 39.7888 ], [ -107.7439, 39.787 ], [ -107.7405, 39.7927 ], [ -107.7407, 39.7948 ], [ -107.7421, 39.7983 ], [ -107.7411, 39.8027 ], [ -107.7377, 39.8025 ], [ -107.7342, 39.8033 ], [ -107.7337, 39.8053 ], [ -107.7327, 39.8066 ], [ -107.7227, 39.81 ], [ -107.7216, 39.8122 ], [ -107.7181, 39.8096 ], [ -107.7165, 39.8092 ], [ -107.7117, 39.8107 ], [ -107.7098, 39.8127 ], [ -107.7057, 39.8133 ], [ -107.7015, 39.8146 ], [ -107.7001, 39.8164 ], [ -107.7005, 39.8187 ], [ -107.7018, 39.8204 ], [ -107.7015, 39.8213 ], [ -107.6995, 39.8234 ], [ -107.6972, 39.8228 ], [ -107.6944, 39.8239 ], [ -107.6937, 39.8237 ], [ -107.6928, 39.8218 ], [ -107.6934, 39.8196 ], [ -107.6911, 39.8164 ], [ -107.6908, 39.8146 ], [ -107.6932, 39.8119 ], [ -107.693, 39.8116 ], [ -107.6885, 39.8107 ], [ -107.6881, 39.8093 ], [ -107.6864, 39.8075 ], [ -107.6848, 39.8068 ], [ -107.6808, 39.8056 ], [ -107.6783, 39.8053 ], [ -107.6769, 39.806 ], [ -107.676, 39.8093 ], [ -107.6702, 39.8107 ], [ -107.6673, 39.8141 ], [ -107.6652, 39.8142 ], [ -107.6578, 39.8105 ], [ -107.6551, 39.81 ], [ -107.6522, 39.8078 ], [ -107.6518, 39.8046 ], [ -107.6499, 39.8044 ], [ -107.647, 39.8091 ], [ -107.6403, 39.8141 ], [ -107.6377, 39.8122 ], [ -107.6389, 39.8083 ], [ -107.6374, 39.8072 ], [ -107.6375, 39.8065 ], [ -107.6351, 39.805 ], [ -107.6325, 39.8023 ], [ -107.6323, 39.8033 ], [ -107.6299, 39.8062 ], [ -107.6268, 39.8081 ], [ -107.6242, 39.8059 ], [ -107.6241, 39.805 ], [ -107.6227, 39.8032 ], [ -107.6194, 39.8026 ], [ -107.6177, 39.8016 ], [ -107.6164, 39.8 ], [ -107.6147, 39.7996 ], [ -107.6134, 39.8012 ], [ -107.6119, 39.8055 ], [ -107.61, 39.8068 ], [ -107.6014, 39.8095 ], [ -107.5985, 39.8097 ], [ -107.5966, 39.8088 ], [ -107.5927, 39.8129 ], [ -107.5923, 39.8144 ], [ -107.5908, 39.8145 ], [ -107.5857, 39.8121 ], [ -107.5852, 39.8127 ], [ -107.5843, 39.8174 ], [ -107.5848, 39.8189 ], [ -107.5859, 39.8199 ], [ -107.5824, 39.8235 ], [ -107.5826, 39.8261 ], [ -107.5818, 39.828 ], [ -107.5799, 39.8277 ], [ -107.575, 39.828 ], [ -107.5744, 39.8295 ], [ -107.5753, 39.8307 ], [ -107.575, 39.8329 ], [ -107.5735, 39.8349 ], [ -107.573, 39.8377 ], [ -107.5714, 39.8412 ], [ -107.5694, 39.8423 ], [ -107.5669, 39.8428 ], [ -107.5639, 39.8422 ], [ -107.5608, 39.8421 ], [ -107.5567, 39.8409 ], [ -107.5506, 39.841 ], [ -107.5475, 39.8386 ], [ -107.5454, 39.8355 ], [ -107.545, 39.8346 ], [ -107.5462, 39.8329 ], [ -107.5457, 39.8322 ], [ -107.535, 39.8317 ], [ -107.5338, 39.8318 ], [ -107.5311, 39.8335 ], [ -107.5238, 39.834 ], [ -107.5157, 39.8329 ], [ -107.5115, 39.8307 ], [ -107.5094, 39.8321 ], [ -107.5077, 39.8324 ], [ -107.5048, 39.8339 ], [ -107.5048, 39.8366 ], [ -107.5034, 39.8404 ], [ -107.5003, 39.8414 ], [ -107.496, 39.8401 ], [ -107.4936, 39.8406 ], [ -107.4887, 39.8404 ], [ -107.487, 39.8397 ], [ -107.4872, 39.8366 ], [ -107.4851, 39.8347 ], [ -107.4841, 39.8327 ], [ -107.4849, 39.8313 ], [ -107.4848, 39.8297 ], [ -107.479, 39.8257 ], [ -107.4749, 39.8213 ], [ -107.4731, 39.818 ], [ -107.471, 39.8154 ], [ -107.4707, 39.8135 ], [ -107.469, 39.812 ], [ -107.4653, 39.8111 ], [ -107.464, 39.8098 ], [ -107.4576, 39.8086 ], [ -107.4526, 39.8093 ], [ -107.449, 39.8112 ], [ -107.4467, 39.8112 ], [ -107.4442, 39.8099 ], [ -107.4401, 39.809 ], [ -107.4347, 39.8093 ], [ -107.427, 39.8074 ], [ -107.4204, 39.8068 ], [ -107.4188, 39.8028 ], [ -107.4188, 39.799 ], [ -107.4176, 39.7944 ], [ -107.4195, 39.791 ], [ -107.4216, 39.784 ], [ -107.4238, 39.7806 ], [ -107.4236, 39.7757 ], [ -107.4281, 39.7689 ], [ -107.4279, 39.766 ], [ -107.4285, 39.7648 ], [ -107.4274, 39.7604 ], [ -107.4274, 39.7557 ], [ -107.4263, 39.7525 ], [ -107.4265, 39.7519 ], [ -107.4249, 39.7492 ], [ -107.421, 39.747 ], [ -107.4198, 39.7449 ], [ -107.4164, 39.7433 ], [ -107.4129, 39.7441 ], [ -107.41, 39.7424 ], [ -107.4078, 39.7431 ], [ -107.4069, 39.7449 ], [ -107.4039, 39.7461 ], [ -107.402, 39.7492 ], [ -107.395, 39.7512 ], [ -107.3901, 39.7518 ], [ -107.3866, 39.7514 ], [ -107.3832, 39.7528 ], [ -107.3803, 39.7533 ], [ -107.3786, 39.7531 ], [ -107.3769, 39.7522 ], [ -107.3725, 39.7538 ], [ -107.3686, 39.7544 ], [ -107.366, 39.7553 ], [ -107.3633, 39.7576 ], [ -107.3627, 39.7588 ], [ -107.3628, 39.7614 ], [ -107.3613, 39.7625 ], [ -107.3605, 39.7645 ], [ -107.3589, 39.7655 ], [ -107.3571, 39.7676 ], [ -107.3556, 39.7717 ], [ -107.355, 39.7722 ], [ -107.3508, 39.773 ], [ -107.3466, 39.7733 ], [ -107.342, 39.7772 ], [ -107.3391, 39.7823 ], [ -107.3374, 39.7797 ], [ -107.3332, 39.7786 ], [ -107.3294, 39.7753 ], [ -107.3241, 39.7758 ], [ -107.3158, 39.7753 ], [ -107.3128, 39.7764 ], [ -107.3096, 39.7767 ], [ -107.3066, 39.7783 ], [ -107.305, 39.7785 ], [ -107.3031, 39.7777 ], [ -107.2962, 39.7779 ], [ -107.2943, 39.7773 ], [ -107.2937, 39.7763 ], [ -107.2916, 39.7748 ], [ -107.2881, 39.7745 ], [ -107.2846, 39.7769 ], [ -107.2821, 39.7762 ], [ -107.281, 39.7771 ], [ -107.2771, 39.7782 ], [ -107.2733, 39.781 ], [ -107.2698, 39.7816 ], [ -107.2682, 39.7833 ], [ -107.2666, 39.7839 ], [ -107.2662, 39.7847 ], [ -107.2668, 39.7871 ], [ -107.2661, 39.79 ], [ -107.2645, 39.7924 ], [ -107.262, 39.7982 ], [ -107.2637, 39.7987 ], [ -107.271, 39.7992 ], [ -107.2733, 39.7982 ], [ -107.2796, 39.7975 ], [ -107.2833, 39.7976 ], [ -107.285, 39.7984 ], [ -107.288, 39.801 ], [ -107.2888, 39.8043 ], [ -107.288, 39.8072 ], [ -107.2892, 39.8083 ], [ -107.291, 39.8086 ], [ -107.2913, 39.8116 ], [ -107.2904, 39.8131 ], [ -107.2862, 39.8157 ], [ -107.2859, 39.8174 ], [ -107.2833, 39.8183 ], [ -107.2822, 39.8193 ], [ -107.2835, 39.8223 ], [ -107.2865, 39.8258 ], [ -107.2888, 39.8272 ], [ -107.2953, 39.8286 ], [ -107.2997, 39.8287 ], [ -107.3025, 39.828 ], [ -107.3034, 39.8286 ], [ -107.3032, 39.8314 ], [ -107.3046, 39.8347 ], [ -107.3038, 39.8373 ], [ -107.3042, 39.8397 ], [ -107.3019, 39.8393 ], [ -107.3011, 39.8387 ], [ -107.3005, 39.8389 ], [ -107.2985, 39.8405 ], [ -107.2976, 39.8407 ], [ -107.2972, 39.8424 ], [ -107.2962, 39.8429 ], [ -107.2961, 39.8435 ], [ -107.2894, 39.8454 ], [ -107.2867, 39.8456 ], [ -107.2796, 39.8508 ], [ -107.2757, 39.8501 ], [ -107.277, 39.8515 ], [ -107.2778, 39.8537 ], [ -107.2805, 39.8551 ], [ -107.2817, 39.8577 ], [ -107.2841, 39.859 ], [ -107.2843, 39.8609 ], [ -107.2871, 39.8622 ], [ -107.2872, 39.8641 ], [ -107.2863, 39.8661 ], [ -107.2863, 39.8684 ], [ -107.2872, 39.8706 ], [ -107.2869, 39.8719 ], [ -107.2845, 39.8741 ], [ -107.2823, 39.8752 ], [ -107.2811, 39.875 ], [ -107.2778, 39.8726 ], [ -107.2752, 39.873 ], [ -107.2719, 39.8728 ], [ -107.267, 39.8748 ], [ -107.2662, 39.8747 ], [ -107.2659, 39.8728 ], [ -107.265, 39.8725 ], [ -107.2636, 39.8727 ], [ -107.262, 39.8738 ], [ -107.2567, 39.8744 ], [ -107.2561, 39.8763 ], [ -107.2564, 39.8783 ], [ -107.2571, 39.8788 ], [ -107.2591, 39.879 ], [ -107.2592, 39.8794 ], [ -107.2588, 39.8831 ], [ -107.2577, 39.8842 ], [ -107.2587, 39.8863 ], [ -107.2553, 39.888 ], [ -107.2534, 39.89 ], [ -107.2479, 39.8926 ], [ -107.245, 39.893 ], [ -107.2446, 39.8935 ], [ -107.2448, 39.8944 ], [ -107.2457, 39.8953 ], [ -107.2424, 39.8954 ], [ -107.2401, 39.898 ], [ -107.24, 39.8989 ], [ -107.2408, 39.8996 ], [ -107.2382, 39.9006 ], [ -107.2364, 39.9025 ], [ -107.2363, 39.9035 ], [ -107.2345, 39.9046 ], [ -107.2326, 39.9051 ], [ -107.226, 39.9011 ], [ -107.2223, 39.903 ], [ -107.2201, 39.9049 ], [ -107.2177, 39.9026 ], [ -107.2141, 39.9018 ], [ -107.2125, 39.8995 ], [ -107.2096, 39.8991 ], [ -107.208, 39.8995 ], [ -107.2056, 39.9011 ], [ -107.2015, 39.9 ], [ -107.1983, 39.9007 ], [ -107.1975, 39.9012 ], [ -107.1975, 39.9027 ], [ -107.1947, 39.9031 ], [ -107.1928, 39.9029 ], [ -107.1926, 39.9033 ], [ -107.1935, 39.9051 ], [ -107.1917, 39.9069 ], [ -107.1888, 39.9053 ], [ -107.186, 39.9062 ], [ -107.1854, 39.907 ], [ -107.1854, 39.9066 ], [ -107.1848, 39.9067 ], [ -107.1809, 39.9088 ], [ -107.1793, 39.9129 ], [ -107.1777, 39.9142 ], [ -107.1753, 39.9153 ], [ -107.1745, 39.9168 ], [ -107.1745, 39.9195 ], [ -107.1749, 39.9205 ], [ -107.1771, 39.9205 ], [ -107.1793, 39.9211 ], [ -107.1805, 39.9233 ], [ -107.1837, 39.925 ], [ -107.185, 39.9263 ], [ -107.1849, 39.928 ], [ -107.1822, 39.9321 ], [ -107.1794, 39.9335 ], [ -107.1786, 39.936 ], [ -107.1794, 39.9374 ], [ -107.1791, 39.941 ], [ -107.1775, 39.9432 ], [ -107.1757, 39.9442 ], [ -107.1763, 39.9459 ], [ -107.1754, 39.9477 ], [ -107.1721, 39.9504 ], [ -107.172, 39.9522 ], [ -107.1736, 39.953 ], [ -107.1738, 39.9537 ], [ -107.1725, 39.9559 ], [ -107.1737, 39.9607 ], [ -107.1732, 39.9656 ], [ -107.1713, 39.9681 ], [ -107.1711, 39.9701 ], [ -107.1621, 39.9735 ], [ -107.1593, 39.975 ], [ -107.1558, 39.9757 ], [ -107.1517, 39.976 ], [ -107.1489, 39.9756 ], [ -107.1466, 39.9763 ], [ -107.1449, 39.976 ], [ -107.1428, 39.9764 ], [ -107.1388, 39.9747 ], [ -107.1372, 39.9749 ], [ -107.1361, 39.9791 ], [ -107.1374, 39.9806 ], [ -107.1375, 39.9819 ], [ -107.1348, 39.986 ], [ -107.1332, 39.99 ], [ -107.1309, 39.9922 ], [ -107.1326, 39.9951 ], [ -107.1324, 39.9969 ], [ -107.1314, 39.9995 ], [ -107.1288, 40.0025 ], [ -107.1264, 40.0025 ], [ -107.1242, 40.0037 ], [ -107.1227, 40.0039 ], [ -107.1211, 40.0053 ], [ -107.1171, 40.0059 ], [ -107.112, 40.0057 ], [ -107.1059, 40.0084 ], [ -107.0934, 40.0128 ], [ -107.0919, 40.0138 ], [ -107.0834, 40.0149 ], [ -107.0786, 40.0129 ], [ -107.0728, 40.0126 ], [ -107.0704, 40.0097 ], [ -107.0693, 40.0091 ], [ -107.0651, 40.0091 ], [ -107.0661, 40.0067 ], [ -107.0657, 40.0053 ], [ -107.0647, 40.0044 ], [ -107.0619, 40.0037 ], [ -107.0636, 39.9999 ], [ -107.0634, 39.9986 ], [ -107.0615, 39.9975 ], [ -107.0576, 39.9971 ], [ -107.0569, 39.9955 ], [ -107.0549, 39.997 ], [ -107.0529, 40.0009 ], [ -107.0513, 40.002 ], [ -107.0514, 40.0041 ], [ -107.0492, 40.006 ], [ -107.0493, 40.0072 ], [ -107.0482, 40.0097 ], [ -107.0463, 40.0121 ], [ -107.0477, 40.0152 ], [ -107.048, 40.0175 ], [ -107.0439, 40.023 ], [ -107.0407, 40.0249 ], [ -107.0376, 40.0257 ], [ -107.0335, 40.0254 ], [ -107.0311, 40.0247 ], [ -107.0279, 40.0262 ], [ -107.0266, 40.0259 ], [ -107.0206, 40.0301 ], [ -107.0189, 40.0332 ], [ -107.0183, 40.0361 ], [ -107.0171, 40.0367 ], [ -107.016, 40.0389 ], [ -107.0162, 40.0403 ], [ -107.017, 40.041 ], [ -107.0137, 40.0431 ], [ -107.0138, 40.0449 ], [ -107.0129, 40.0459 ], [ -107.013, 40.0471 ], [ -107.0065, 40.049 ], [ -107.0022, 40.0519 ], [ -106.998, 40.054 ], [ -106.9974, 40.0547 ], [ -106.9969, 40.0595 ], [ -106.9939, 40.0649 ], [ -106.9902, 40.0669 ], [ -106.986, 40.0711 ], [ -106.9829, 40.0712 ], [ -106.975, 40.0688 ], [ -106.9673, 40.0691 ], [ -106.9652, 40.0705 ], [ -106.9638, 40.0705 ], [ -106.961, 40.0716 ], [ -106.9538, 40.0764 ], [ -106.9474, 40.0785 ], [ -106.9443, 40.0785 ], [ -106.9391, 40.0779 ], [ -106.933, 40.0735 ], [ -106.9206, 40.0697 ], [ -106.9093, 40.0683 ], [ -106.8923, 40.0677 ], [ -106.8894, 40.0671 ], [ -106.8881, 40.0651 ], [ -106.8857, 40.0643 ], [ -106.8782, 40.0634 ], [ -106.8664, 40.0629 ], [ -106.86, 40.0631 ], [ -106.847, 40.0589 ], [ -106.8419, 40.0591 ], [ -106.8365, 40.0584 ], [ -106.834, 40.0608 ], [ -106.8297, 40.0614 ], [ -106.8273, 40.0626 ], [ -106.8233, 40.063 ], [ -106.8213, 40.0642 ], [ -106.8212, 40.0712 ], [ -106.8191, 40.0755 ], [ -106.8181, 40.0809 ], [ -106.8147, 40.083 ], [ -106.8143, 40.0842 ], [ -106.8133, 40.0849 ], [ -106.809, 40.086 ], [ -106.8049, 40.0896 ], [ -106.8031, 40.0901 ], [ -106.8018, 40.0918 ], [ -106.8018, 40.0932 ], [ -106.7981, 40.096 ], [ -106.7989, 40.098 ], [ -106.798, 40.1011 ], [ -106.7994, 40.1049 ], [ -106.8005, 40.1076 ], [ -106.803, 40.109 ], [ -106.8029, 40.1117 ], [ -106.8006, 40.1203 ], [ -106.8007, 40.1231 ], [ -106.7959, 40.1265 ], [ -106.7933, 40.1294 ], [ -106.7932, 40.1336 ], [ -106.7905, 40.136 ], [ -106.7858, 40.1378 ], [ -106.7843, 40.138 ], [ -106.7817, 40.1367 ], [ -106.7799, 40.1368 ], [ -106.7778, 40.1352 ], [ -106.7736, 40.1352 ], [ -106.7705, 40.1357 ], [ -106.7659, 40.1344 ], [ -106.762, 40.1348 ], [ -106.7618, 40.1306 ], [ -106.7595, 40.1298 ], [ -106.7555, 40.1295 ], [ -106.7529, 40.13 ], [ -106.7496, 40.1288 ], [ -106.7476, 40.1297 ], [ -106.7493, 40.1279 ], [ -106.7494, 40.1253 ], [ -106.7478, 40.123 ], [ -106.7443, 40.1218 ], [ -106.7412, 40.1194 ], [ -106.7397, 40.1194 ], [ -106.7369, 40.1209 ], [ -106.7345, 40.1194 ], [ -106.7318, 40.1195 ], [ -106.7293, 40.119 ], [ -106.7268, 40.12 ], [ -106.7238, 40.1199 ], [ -106.7237, 40.1209 ], [ -106.7227, 40.121 ], [ -106.7183, 40.1186 ], [ -106.7172, 40.1188 ], [ -106.712, 40.1127 ], [ -106.7113, 40.1112 ], [ -106.7118, 40.1105 ], [ -106.7116, 40.1085 ], [ -106.7089, 40.1049 ], [ -106.7103, 40.1025 ], [ -106.709, 40.1019 ], [ -106.7056, 40.1036 ], [ -106.6989, 40.1047 ], [ -106.6942, 40.1035 ], [ -106.6918, 40.1061 ], [ -106.6868, 40.1079 ], [ -106.6858, 40.1088 ], [ -106.6858, 40.1099 ], [ -106.6868, 40.1111 ], [ -106.6853, 40.114 ], [ -106.6842, 40.1184 ], [ -106.6811, 40.1192 ], [ -106.6786, 40.1232 ], [ -106.6764, 40.1253 ], [ -106.6709, 40.1272 ], [ -106.6693, 40.1291 ], [ -106.6629, 40.1302 ], [ -106.6622, 40.1308 ], [ -106.66, 40.1345 ], [ -106.6596, 40.137 ], [ -106.6606, 40.1383 ], [ -106.6659, 40.1404 ], [ -106.6648, 40.1442 ], [ -106.6655, 40.1468 ], [ -106.6668, 40.1478 ], [ -106.669, 40.1484 ], [ -106.671, 40.1479 ], [ -106.6723, 40.1484 ], [ -106.6747, 40.1483 ], [ -106.6772, 40.1508 ], [ -106.6781, 40.1535 ], [ -106.6805, 40.1546 ], [ -106.6806, 40.156 ], [ -106.677, 40.1578 ], [ -106.6776, 40.1606 ], [ -106.675, 40.1635 ], [ -106.6746, 40.1639 ], [ -106.6705, 40.1638 ], [ -106.6693, 40.1659 ], [ -106.6668, 40.1641 ], [ -106.6649, 40.1618 ], [ -106.6616, 40.1612 ], [ -106.6583, 40.1599 ], [ -106.6547, 40.1615 ], [ -106.651, 40.1618 ], [ -106.6472, 40.1629 ], [ -106.6465, 40.1637 ], [ -106.6464, 40.1665 ], [ -106.6449, 40.1684 ], [ -106.6433, 40.1695 ], [ -106.6387, 40.1708 ], [ -106.6364, 40.1729 ], [ -106.6344, 40.1733 ], [ -106.6285, 40.1718 ], [ -106.6259, 40.1718 ], [ -106.6258, 40.1739 ], [ -106.627, 40.1754 ], [ -106.6271, 40.1765 ], [ -106.6344, 40.1789 ], [ -106.6365, 40.1806 ], [ -106.6371, 40.1815 ], [ -106.6362, 40.1836 ], [ -106.6368, 40.1862 ], [ -106.6363, 40.1881 ], [ -106.6383, 40.189 ], [ -106.6399, 40.1888 ], [ -106.6401, 40.1893 ], [ -106.6395, 40.1905 ], [ -106.636, 40.1926 ], [ -106.6347, 40.1938 ], [ -106.6341, 40.1952 ], [ -106.633, 40.1957 ], [ -106.6282, 40.1968 ], [ -106.6255, 40.197 ], [ -106.6213, 40.1964 ], [ -106.618, 40.1969 ], [ -106.6177, 40.2007 ], [ -106.6185, 40.2026 ], [ -106.623, 40.2056 ], [ -106.6249, 40.2062 ], [ -106.6325, 40.2059 ], [ -106.635, 40.2081 ], [ -106.6382, 40.2087 ], [ -106.6394, 40.2095 ], [ -106.6386, 40.2129 ], [ -106.6371, 40.2145 ], [ -106.6385, 40.2153 ], [ -106.6409, 40.2184 ], [ -106.6454, 40.2224 ], [ -106.6469, 40.2233 ], [ -106.6518, 40.2246 ], [ -106.6546, 40.2245 ], [ -106.6572, 40.2235 ], [ -106.6546, 40.228 ], [ -106.65, 40.2305 ], [ -106.649, 40.2303 ], [ -106.6478, 40.2309 ], [ -106.646, 40.231 ], [ -106.6448, 40.2306 ], [ -106.6401, 40.2271 ], [ -106.6341, 40.2247 ], [ -106.6323, 40.2251 ], [ -106.6307, 40.2246 ], [ -106.6294, 40.2247 ], [ -106.6277, 40.2256 ], [ -106.6256, 40.226 ], [ -106.6213, 40.2256 ], [ -106.6185, 40.2263 ], [ -106.6168, 40.2252 ], [ -106.6096, 40.2242 ], [ -106.6086, 40.2291 ], [ -106.6077, 40.2301 ], [ -106.6066, 40.2306 ], [ -106.6051, 40.2306 ], [ -106.5997, 40.2289 ], [ -106.5987, 40.2312 ], [ -106.5966, 40.2337 ], [ -106.5955, 40.2345 ], [ -106.5915, 40.2358 ], [ -106.5918, 40.239 ], [ -106.5896, 40.2428 ], [ -106.5903, 40.2447 ], [ -106.5936, 40.2478 ], [ -106.5961, 40.2527 ], [ -106.6006, 40.2537 ], [ -106.607, 40.2537 ], [ -106.6099, 40.2556 ], [ -106.6108, 40.2592 ], [ -106.6119, 40.2608 ], [ -106.6139, 40.262 ], [ -106.6128, 40.2651 ], [ -106.6131, 40.2681 ], [ -106.6145, 40.2713 ], [ -106.6173, 40.2735 ], [ -106.617, 40.2747 ], [ -106.6155, 40.2763 ], [ -106.6158, 40.2773 ], [ -106.6172, 40.2779 ], [ -106.6212, 40.2775 ], [ -106.6246, 40.2779 ], [ -106.6275, 40.2816 ], [ -106.6299, 40.2822 ], [ -106.6324, 40.284 ], [ -106.6361, 40.2854 ], [ -106.64, 40.2859 ], [ -106.6411, 40.2868 ], [ -106.6427, 40.2868 ], [ -106.6431, 40.2889 ], [ -106.6442, 40.289 ], [ -106.6458, 40.2883 ], [ -106.6484, 40.2892 ], [ -106.6506, 40.2891 ], [ -106.6523, 40.2898 ], [ -106.6534, 40.2911 ], [ -106.6544, 40.2915 ], [ -106.6555, 40.2941 ], [ -106.6569, 40.2949 ], [ -106.658, 40.2967 ], [ -106.661, 40.2987 ], [ -106.6633, 40.301 ], [ -106.6653, 40.3009 ], [ -106.6678, 40.2999 ], [ -106.6703, 40.2998 ], [ -106.6739, 40.2979 ], [ -106.6756, 40.2978 ], [ -106.6763, 40.2982 ], [ -106.6792, 40.3003 ], [ -106.6808, 40.3029 ], [ -106.6833, 40.3049 ], [ -106.6838, 40.3063 ], [ -106.6835, 40.3091 ], [ -106.6858, 40.3097 ], [ -106.6877, 40.3156 ], [ -106.6879, 40.3179 ], [ -106.687, 40.3215 ], [ -106.681, 40.3219 ], [ -106.6788, 40.3237 ], [ -106.6754, 40.324 ], [ -106.672, 40.3272 ], [ -106.6688, 40.3285 ], [ -106.6684, 40.3312 ], [ -106.6676, 40.3326 ], [ -106.6649, 40.3328 ], [ -106.6628, 40.3337 ], [ -106.66, 40.3336 ], [ -106.656, 40.3352 ], [ -106.6539, 40.3366 ], [ -106.6509, 40.3408 ], [ -106.6504, 40.3441 ], [ -106.6485, 40.3477 ], [ -106.6445, 40.35 ], [ -106.6456, 40.3518 ], [ -106.6458, 40.3542 ], [ -106.6472, 40.3556 ], [ -106.6495, 40.36 ], [ -106.6526, 40.3608 ], [ -106.6529, 40.3631 ], [ -106.6539, 40.3653 ], [ -106.6527, 40.366 ], [ -106.6545, 40.3682 ], [ -106.6536, 40.3694 ], [ -106.6508, 40.3698 ], [ -106.6468, 40.372 ], [ -106.6448, 40.3757 ], [ -106.6393, 40.3783 ], [ -106.6347, 40.3823 ], [ -106.6338, 40.3833 ], [ -106.6338, 40.3846 ], [ -106.6373, 40.3896 ], [ -106.6384, 40.3907 ], [ -106.642, 40.3921 ], [ -106.6419, 40.395 ], [ -106.6407, 40.3959 ], [ -106.6399, 40.3974 ], [ -106.64, 40.3985 ], [ -106.6417, 40.4003 ], [ -106.6409, 40.4016 ], [ -106.641, 40.4023 ], [ -106.642, 40.4023 ], [ -106.644, 40.4033 ], [ -106.6462, 40.4061 ], [ -106.6562, 40.4088 ], [ -106.6543, 40.4097 ], [ -106.6466, 40.4106 ], [ -106.6449, 40.4113 ], [ -106.6444, 40.412 ], [ -106.6442, 40.4137 ], [ -106.645, 40.4171 ], [ -106.6456, 40.4176 ], [ -106.6482, 40.4179 ], [ -106.6512, 40.4214 ], [ -106.6485, 40.4228 ], [ -106.6467, 40.4248 ], [ -106.6464, 40.4271 ], [ -106.6476, 40.4297 ], [ -106.6453, 40.4318 ], [ -106.6427, 40.432 ], [ -106.6401, 40.4329 ], [ -106.6353, 40.4322 ], [ -106.6323, 40.4326 ], [ -106.6286, 40.4311 ], [ -106.6233, 40.4315 ], [ -106.6224, 40.4305 ], [ -106.6223, 40.4302 ], [ -106.624, 40.4294 ], [ -106.6269, 40.4263 ], [ -106.6287, 40.422 ], [ -106.6288, 40.4185 ], [ -106.6259, 40.4162 ], [ -106.6244, 40.4137 ], [ -106.6241, 40.4113 ], [ -106.6209, 40.4082 ], [ -106.6195, 40.4055 ], [ -106.6178, 40.3987 ], [ -106.6178, 40.3944 ], [ -106.6118, 40.3869 ], [ -106.6115, 40.3821 ], [ -106.6123, 40.3799 ], [ -106.61, 40.3782 ], [ -106.608, 40.3797 ], [ -106.6072, 40.3796 ], [ -106.6033, 40.3782 ], [ -106.6025, 40.3768 ], [ -106.6006, 40.3761 ], [ -106.5965, 40.379 ], [ -106.5967, 40.3809 ], [ -106.5944, 40.3818 ], [ -106.5944, 40.3831 ], [ -106.592, 40.3811 ], [ -106.5894, 40.3817 ], [ -106.587, 40.3816 ], [ -106.5851, 40.3824 ], [ -106.5837, 40.3813 ], [ -106.5814, 40.3805 ], [ -106.5802, 40.3794 ], [ -106.5772, 40.3784 ], [ -106.5698, 40.3786 ], [ -106.5653, 40.3781 ], [ -106.5645, 40.3775 ], [ -106.5638, 40.3782 ], [ -106.5612, 40.3786 ], [ -106.556, 40.3767 ], [ -106.5554, 40.3724 ], [ -106.5535, 40.37 ], [ -106.5463, 40.3702 ], [ -106.5444, 40.372 ], [ -106.54, 40.3713 ], [ -106.5385, 40.3703 ], [ -106.5376, 40.3677 ], [ -106.5347, 40.3651 ], [ -106.5314, 40.3665 ], [ -106.5301, 40.3683 ], [ -106.5293, 40.3727 ], [ -106.5267, 40.3764 ], [ -106.5271, 40.3782 ], [ -106.5257, 40.3803 ], [ -106.5268, 40.3813 ], [ -106.5258, 40.3826 ], [ -106.5266, 40.3836 ], [ -106.5262, 40.3849 ], [ -106.5242, 40.3866 ], [ -106.5203, 40.3886 ], [ -106.5199, 40.39 ], [ -106.5188, 40.391 ], [ -106.5177, 40.3906 ], [ -106.516, 40.3887 ], [ -106.5122, 40.3869 ], [ -106.5101, 40.3894 ], [ -106.5104, 40.3933 ], [ -106.5081, 40.3948 ], [ -106.5039, 40.3988 ], [ -106.5023, 40.3997 ], [ -106.5021, 40.4009 ], [ -106.5003, 40.4031 ], [ -106.4983, 40.4038 ], [ -106.4971, 40.4034 ], [ -106.4956, 40.404 ], [ -106.4947, 40.4069 ], [ -106.4897, 40.4116 ], [ -106.4858, 40.4104 ], [ -106.4821, 40.4084 ], [ -106.4776, 40.4047 ], [ -106.4776, 40.4007 ], [ -106.4771, 40.3994 ], [ -106.479, 40.3967 ], [ -106.4804, 40.3959 ], [ -106.4795, 40.3931 ], [ -106.4811, 40.3897 ], [ -106.4776, 40.3894 ], [ -106.4755, 40.3883 ], [ -106.4739, 40.3868 ], [ -106.4712, 40.3823 ], [ -106.4732, 40.3798 ], [ -106.4716, 40.3792 ], [ -106.4675, 40.3791 ], [ -106.466, 40.3779 ], [ -106.4643, 40.3755 ], [ -106.4632, 40.3678 ], [ -106.4591, 40.3674 ], [ -106.4574, 40.3653 ], [ -106.4573, 40.3629 ], [ -106.4564, 40.3608 ], [ -106.4582, 40.3589 ], [ -106.4574, 40.3579 ], [ -106.4552, 40.3578 ], [ -106.4535, 40.3569 ], [ -106.452, 40.3557 ], [ -106.4528, 40.354 ], [ -106.451, 40.3518 ], [ -106.4433, 40.3465 ], [ -106.4407, 40.3486 ], [ -106.4397, 40.3486 ], [ -106.4394, 40.3498 ], [ -106.4381, 40.3505 ], [ -106.4334, 40.3496 ], [ -106.432, 40.3508 ], [ -106.4301, 40.3514 ], [ -106.427, 40.3509 ], [ -106.4244, 40.3524 ], [ -106.4219, 40.3527 ], [ -106.4199, 40.3521 ], [ -106.4194, 40.3508 ], [ -106.4181, 40.3501 ], [ -106.4139, 40.3509 ], [ -106.4105, 40.3501 ], [ -106.4096, 40.3495 ], [ -106.4077, 40.3464 ], [ -106.4035, 40.3451 ], [ -106.4012, 40.3458 ], [ -106.3995, 40.3468 ], [ -106.3969, 40.3471 ], [ -106.3944, 40.3459 ], [ -106.3896, 40.3455 ], [ -106.3877, 40.3488 ], [ -106.386, 40.3506 ], [ -106.386, 40.3522 ], [ -106.385, 40.3527 ], [ -106.3827, 40.3531 ], [ -106.3818, 40.3527 ], [ -106.3778, 40.355 ], [ -106.3746, 40.3554 ], [ -106.3724, 40.3569 ], [ -106.3697, 40.3578 ], [ -106.3676, 40.3561 ], [ -106.3662, 40.3562 ], [ -106.3604, 40.3585 ], [ -106.3559, 40.359 ], [ -106.354, 40.3585 ], [ -106.3535, 40.3572 ], [ -106.3514, 40.3555 ], [ -106.35, 40.3529 ], [ -106.3454, 40.3505 ], [ -106.344, 40.3469 ], [ -106.3388, 40.3436 ], [ -106.3371, 40.3396 ], [ -106.3349, 40.339 ], [ -106.3261, 40.3386 ], [ -106.3219, 40.3376 ], [ -106.3195, 40.3351 ], [ -106.3161, 40.3335 ], [ -106.3132, 40.3308 ], [ -106.306, 40.3285 ], [ -106.3052, 40.3305 ], [ -106.299, 40.3302 ], [ -106.299, 40.331 ], [ -106.2978, 40.3328 ], [ -106.2958, 40.3332 ], [ -106.2963, 40.3355 ], [ -106.2938, 40.3376 ], [ -106.2966, 40.3392 ], [ -106.2981, 40.341 ], [ -106.2984, 40.3449 ], [ -106.2972, 40.3466 ], [ -106.2986, 40.3499 ], [ -106.2955, 40.3522 ], [ -106.2954, 40.3544 ], [ -106.2911, 40.3582 ], [ -106.2881, 40.3581 ], [ -106.2857, 40.3588 ], [ -106.2856, 40.3576 ], [ -106.2841, 40.3558 ], [ -106.28, 40.3549 ], [ -106.2786, 40.3537 ], [ -106.2762, 40.3556 ], [ -106.2744, 40.3558 ], [ -106.2713, 40.3571 ], [ -106.2697, 40.3573 ], [ -106.2691, 40.3593 ], [ -106.2658, 40.361 ], [ -106.2617, 40.3582 ], [ -106.26, 40.3579 ], [ -106.2571, 40.3543 ], [ -106.2562, 40.3514 ], [ -106.2534, 40.3501 ], [ -106.2534, 40.347 ], [ -106.251, 40.3429 ], [ -106.2509, 40.3406 ], [ -106.2476, 40.3393 ], [ -106.2465, 40.338 ], [ -106.244, 40.3365 ], [ -106.2421, 40.3325 ], [ -106.2402, 40.3314 ], [ -106.2389, 40.3297 ], [ -106.2393, 40.328 ], [ -106.2358, 40.3256 ], [ -106.2312, 40.3246 ], [ -106.2305, 40.3232 ], [ -106.2258, 40.325 ], [ -106.2217, 40.3257 ], [ -106.221, 40.3273 ], [ -106.2191, 40.3286 ], [ -106.2174, 40.3291 ], [ -106.214, 40.3279 ], [ -106.2066, 40.3278 ], [ -106.2037, 40.3272 ], [ -106.2018, 40.3264 ], [ -106.1989, 40.327 ], [ -106.1968, 40.3256 ], [ -106.1948, 40.3265 ], [ -106.1931, 40.3259 ], [ -106.1891, 40.3265 ], [ -106.1893, 40.3273 ], [ -106.1882, 40.3284 ], [ -106.1799, 40.3341 ], [ -106.1797, 40.3373 ], [ -106.1778, 40.3404 ], [ -106.1757, 40.3416 ], [ -106.1744, 40.3434 ], [ -106.1712, 40.3439 ], [ -106.1644, 40.3433 ], [ -106.1626, 40.3428 ], [ -106.1608, 40.3406 ], [ -106.1584, 40.3395 ], [ -106.1563, 40.337 ], [ -106.1516, 40.3351 ], [ -106.151, 40.3337 ], [ -106.1486, 40.3321 ], [ -106.142, 40.3301 ], [ -106.1363, 40.3302 ], [ -106.1349, 40.3349 ], [ -106.1338, 40.3364 ], [ -106.1286, 40.3376 ], [ -106.127, 40.339 ], [ -106.1225, 40.3414 ], [ -106.1201, 40.3442 ], [ -106.1165, 40.3461 ], [ -106.1057, 40.3501 ], [ -106.102, 40.3535 ], [ -106.1007, 40.3542 ], [ -106.0989, 40.3541 ], [ -106.0966, 40.352 ], [ -106.0941, 40.3509 ], [ -106.0918, 40.3503 ], [ -106.0874, 40.3504 ], [ -106.0859, 40.3473 ], [ -106.0795, 40.3491 ], [ -106.0664, 40.3543 ], [ -106.0643, 40.3569 ], [ -106.0625, 40.3575 ], [ -106.0583, 40.3571 ], [ -106.0535, 40.3584 ], [ -106.0472, 40.3619 ], [ -106.0434, 40.3632 ], [ -106.0396, 40.3669 ], [ -106.036, 40.3691 ], [ -106.0306, 40.3684 ], [ -106.0286, 40.3695 ], [ -106.0274, 40.3709 ], [ -106.0194, 40.3733 ], [ -106.0165, 40.3728 ], [ -106.0139, 40.3729 ], [ -106.0134, 40.3718 ], [ -106.0139, 40.3708 ], [ -106.0125, 40.3695 ], [ -106.0132, 40.3678 ], [ -106.0127, 40.3658 ], [ -106.011, 40.3632 ], [ -106.0113, 40.3622 ], [ -106.0069, 40.3617 ], [ -106.0051, 40.3623 ], [ -106.0021, 40.3622 ], [ -106.0002, 40.3628 ], [ -105.9984, 40.3625 ], [ -105.996, 40.364 ], [ -105.9938, 40.3646 ], [ -105.9915, 40.3642 ], [ -105.9858, 40.3642 ], [ -105.9836, 40.363 ], [ -105.9816, 40.3604 ], [ -105.9782, 40.3579 ], [ -105.9757, 40.358 ], [ -105.973, 40.3544 ], [ -105.9721, 40.3514 ], [ -105.9706, 40.3501 ], [ -105.9692, 40.3495 ], [ -105.9661, 40.3494 ], [ -105.9624, 40.348 ], [ -105.9597, 40.3482 ], [ -105.9599, 40.3489 ], [ -105.9593, 40.3501 ], [ -105.9556, 40.3548 ], [ -105.9543, 40.3604 ], [ -105.95, 40.3628 ], [ -105.9429, 40.3643 ], [ -105.9406, 40.3655 ], [ -105.9385, 40.3661 ], [ -105.939, 40.3674 ], [ -105.9377, 40.3719 ], [ -105.9398, 40.3734 ], [ -105.9436, 40.3751 ], [ -105.9473, 40.3779 ], [ -105.9461, 40.3818 ], [ -105.9465, 40.385 ], [ -105.9409, 40.3847 ], [ -105.9387, 40.3852 ], [ -105.9365, 40.3861 ], [ -105.9352, 40.3877 ], [ -105.9313, 40.3894 ], [ -105.9308, 40.3902 ], [ -105.9278, 40.391 ], [ -105.9252, 40.3926 ], [ -105.9206, 40.4016 ], [ -105.9138, 40.4016 ], [ -105.911, 40.4004 ], [ -105.9073, 40.4 ], [ -105.9051, 40.3989 ], [ -105.9034, 40.4005 ], [ -105.9033, 40.4027 ], [ -105.9018, 40.4063 ], [ -105.9022, 40.4128 ], [ -105.8988, 40.4154 ], [ -105.8977, 40.4179 ], [ -105.8982, 40.4196 ], [ -105.898, 40.4236 ], [ -105.8988, 40.4253 ], [ -105.8988, 40.427 ], [ -105.9025, 40.4299 ], [ -105.9035, 40.4317 ], [ -105.9019, 40.4346 ], [ -105.9021, 40.4361 ], [ -105.9, 40.4402 ], [ -105.8988, 40.4462 ], [ -105.8971, 40.4486 ], [ -105.899, 40.4503 ], [ -105.8998, 40.4543 ], [ -105.8984, 40.4572 ], [ -105.8984, 40.4634 ], [ -105.8992, 40.4656 ], [ -105.8973, 40.4691 ], [ -105.8943, 40.4696 ], [ -105.8922, 40.474 ], [ -105.8921, 40.4761 ], [ -105.8917, 40.4766 ], [ -105.8883, 40.4765 ], [ -105.886, 40.4771 ], [ -105.8812, 40.4756 ], [ -105.8799, 40.4766 ], [ -105.8769, 40.4776 ], [ -105.8725, 40.4784 ], [ -105.8712, 40.4802 ], [ -105.8702, 40.4806 ], [ -105.8654, 40.4811 ], [ -105.8628, 40.4801 ], [ -105.8609, 40.4816 ], [ -105.8576, 40.4831 ], [ -105.855, 40.4862 ], [ -105.8477, 40.4838 ], [ -105.8465, 40.4828 ], [ -105.8447, 40.4827 ], [ -105.8405, 40.4833 ], [ -105.8375, 40.4823 ], [ -105.8345, 40.4799 ], [ -105.8306, 40.4796 ], [ -105.8165, 40.4751 ], [ -105.8123, 40.475 ], [ -105.8074, 40.4739 ], [ -105.8085, 40.4716 ], [ -105.8113, 40.4708 ], [ -105.8108, 40.4699 ], [ -105.8062, 40.4665 ], [ -105.8045, 40.4642 ], [ -105.8051, 40.4591 ], [ -105.8059, 40.4577 ], [ -105.8064, 40.4545 ], [ -105.8072, 40.4538 ], [ -105.8077, 40.452 ], [ -105.8057, 40.4477 ], [ -105.8073, 40.4454 ], [ -105.8118, 40.4426 ], [ -105.8133, 40.439 ], [ -105.8161, 40.4373 ], [ -105.8163, 40.4355 ], [ -105.8145, 40.432 ], [ -105.8144, 40.4292 ], [ -105.8154, 40.4277 ], [ -105.8163, 40.4275 ], [ -105.8166, 40.4267 ], [ -105.8175, 40.4264 ], [ -105.8175, 40.4252 ], [ -105.8152, 40.421 ], [ -105.8134, 40.4193 ], [ -105.8106, 40.4183 ], [ -105.8081, 40.4147 ], [ -105.8018, 40.4108 ], [ -105.7996, 40.406 ], [ -105.7974, 40.4052 ], [ -105.7912, 40.3991 ], [ -105.7918, 40.3945 ], [ -105.7909, 40.3928 ], [ -105.7906, 40.3903 ], [ -105.7911, 40.3872 ], [ -105.7905, 40.3861 ], [ -105.7885, 40.3843 ], [ -105.7872, 40.381 ], [ -105.7819, 40.3772 ], [ -105.7815, 40.3762 ], [ -105.7821, 40.3745 ], [ -105.7816, 40.3734 ], [ -105.7762, 40.3694 ], [ -105.7742, 40.3671 ], [ -105.7738, 40.3652 ], [ -105.7721, 40.3645 ], [ -105.7693, 40.3646 ], [ -105.768, 40.3603 ], [ -105.7667, 40.3593 ], [ -105.7642, 40.3592 ], [ -105.7632, 40.3575 ], [ -105.7599, 40.3559 ], [ -105.7588, 40.3527 ], [ -105.7558, 40.3511 ], [ -105.7533, 40.3516 ], [ -105.752, 40.349 ], [ -105.7481, 40.3477 ], [ -105.7446, 40.3483 ], [ -105.7426, 40.3493 ], [ -105.7406, 40.3475 ], [ -105.7368, 40.3466 ], [ -105.7369, 40.3449 ], [ -105.7349, 40.3421 ], [ -105.7332, 40.3408 ], [ -105.7303, 40.3398 ], [ -105.7293, 40.3355 ], [ -105.7287, 40.3349 ], [ -105.7193, 40.3303 ], [ -105.7137, 40.3259 ], [ -105.707, 40.323 ], [ -105.7025, 40.3227 ], [ -105.7017, 40.3215 ], [ -105.6988, 40.3207 ], [ -105.6979, 40.3185 ], [ -105.7005, 40.3163 ], [ -105.7026, 40.3126 ], [ -105.7008, 40.3106 ], [ -105.6972, 40.3111 ], [ -105.6952, 40.3095 ], [ -105.6919, 40.3095 ], [ -105.6905, 40.3089 ], [ -105.6903, 40.3083 ], [ -105.6916, 40.3062 ], [ -105.6912, 40.3049 ], [ -105.6889, 40.3033 ], [ -105.6861, 40.3027 ], [ -105.6885, 40.2985 ], [ -105.6877, 40.2939 ], [ -105.6862, 40.2927 ], [ -105.6821, 40.2921 ], [ -105.686, 40.2899 ], [ -105.6868, 40.2881 ], [ -105.6866, 40.2875 ], [ -105.6845, 40.2859 ], [ -105.6807, 40.2844 ], [ -105.6812, 40.2825 ], [ -105.6795, 40.279 ], [ -105.6799, 40.2786 ], [ -105.6816, 40.2786 ], [ -105.6807, 40.2746 ], [ -105.6825, 40.2734 ], [ -105.6826, 40.2726 ], [ -105.6794, 40.2701 ], [ -105.6788, 40.2684 ], [ -105.6779, 40.268 ], [ -105.6756, 40.2674 ], [ -105.6723, 40.2682 ], [ -105.6679, 40.2677 ], [ -105.6654, 40.2668 ], [ -105.6642, 40.2652 ], [ -105.6628, 40.2643 ], [ -105.661, 40.2644 ], [ -105.6545, 40.2614 ], [ -105.6516, 40.258 ], [ -105.6509, 40.2538 ], [ -105.6473, 40.2513 ], [ -105.6437, 40.2499 ], [ -105.6502, 40.2493 ], [ -105.6589, 40.2495 ], [ -105.66, 40.2489 ], [ -105.6605, 40.2448 ], [ -105.6622, 40.2433 ], [ -105.6621, 40.2425 ], [ -105.6655, 40.2381 ], [ -105.6655, 40.2367 ], [ -105.6643, 40.2338 ], [ -105.6663, 40.2317 ], [ -105.6674, 40.2313 ], [ -105.6674, 40.2306 ], [ -105.6685, 40.2299 ], [ -105.6688, 40.2288 ], [ -105.6679, 40.2271 ], [ -105.669, 40.2247 ], [ -105.6688, 40.2234 ], [ -105.6675, 40.2223 ], [ -105.6629, 40.2199 ], [ -105.6685, 40.2204 ], [ -105.6705, 40.2192 ], [ -105.6713, 40.2171 ], [ -105.6713, 40.2158 ], [ -105.6703, 40.2136 ], [ -105.6712, 40.2121 ], [ -105.6707, 40.2076 ], [ -105.6722, 40.2066 ], [ -105.6739, 40.2042 ], [ -105.6778, 40.2024 ], [ -105.6765, 40.1996 ], [ -105.6777, 40.1975 ], [ -105.6775, 40.1917 ], [ -105.6779, 40.191 ], [ -105.6775, 40.1886 ], [ -105.6764, 40.187 ], [ -105.6742, 40.1859 ], [ -105.671, 40.1857 ], [ -105.6705, 40.185 ], [ -105.6706, 40.1833 ], [ -105.6719, 40.1819 ], [ -105.672, 40.1799 ], [ -105.6707, 40.1782 ], [ -105.6685, 40.1769 ], [ -105.6699, 40.1744 ], [ -105.6685, 40.1735 ], [ -105.6683, 40.1712 ], [ -105.667, 40.1701 ], [ -105.6693, 40.1692 ], [ -105.6699, 40.1675 ], [ -105.6715, 40.1664 ], [ -105.6716, 40.1656 ], [ -105.6708, 40.1629 ], [ -105.6676, 40.1612 ], [ -105.6682, 40.1601 ], [ -105.6677, 40.1583 ], [ -105.6662, 40.1571 ], [ -105.6613, 40.1565 ], [ -105.6608, 40.1548 ], [ -105.6568, 40.1531 ], [ -105.6559, 40.1512 ], [ -105.6498, 40.1506 ], [ -105.6474, 40.151 ], [ -105.6474, 40.1489 ], [ -105.6361, 40.1463 ], [ -105.6353, 40.1449 ], [ -105.6355, 40.1404 ], [ -105.6328, 40.1384 ], [ -105.6299, 40.1379 ], [ -105.6303, 40.1311 ], [ -105.6291, 40.1291 ], [ -105.6266, 40.1275 ], [ -105.628, 40.1259 ], [ -105.6288, 40.1234 ], [ -105.6276, 40.122 ], [ -105.6283, 40.1204 ], [ -105.6264, 40.1187 ], [ -105.6274, 40.1186 ], [ -105.6285, 40.1179 ], [ -105.6302, 40.1142 ], [ -105.6316, 40.1137 ], [ -105.6347, 40.1133 ], [ -105.636, 40.1093 ], [ -105.6358, 40.1083 ], [ -105.6367, 40.1072 ], [ -105.6361, 40.1047 ], [ -105.6366, 40.1027 ], [ -105.636, 40.1011 ], [ -105.6321, 40.0972 ], [ -105.6332, 40.0956 ], [ -105.6344, 40.0956 ], [ -105.6348, 40.0952 ], [ -105.6346, 40.091 ], [ -105.6337, 40.0886 ], [ -105.6353, 40.0872 ], [ -105.6349, 40.0854 ], [ -105.6361, 40.0842 ], [ -105.6354, 40.0826 ], [ -105.6341, 40.0815 ], [ -105.633, 40.0814 ], [ -105.6347, 40.0798 ], [ -105.6357, 40.0758 ], [ -105.6388, 40.0735 ], [ -105.641, 40.0729 ], [ -105.6409, 40.0701 ], [ -105.6391, 40.0672 ], [ -105.6417, 40.0679 ], [ -105.6467, 40.0653 ], [ -105.6497, 40.06 ], [ -105.6511, 40.0585 ], [ -105.6487, 40.0541 ], [ -105.6466, 40.0536 ], [ -105.6457, 40.0528 ], [ -105.6451, 40.0506 ], [ -105.6436, 40.0497 ], [ -105.6425, 40.0483 ], [ -105.6378, 40.0461 ], [ -105.6376, 40.0451 ], [ -105.6386, 40.0439 ], [ -105.639, 40.0418 ], [ -105.6388, 40.0391 ], [ -105.6407, 40.0368 ], [ -105.6412, 40.0343 ], [ -105.6452, 40.0325 ], [ -105.649, 40.0289 ], [ -105.6505, 40.0266 ], [ -105.6515, 40.0262 ], [ -105.6525, 40.0244 ], [ -105.6529, 40.0222 ], [ -105.652, 40.021 ], [ -105.6595, 40.0189 ], [ -105.6619, 40.0164 ], [ -105.6678, 40.0164 ], [ -105.6701, 40.017 ], [ -105.6757, 40.0159 ], [ -105.678, 40.0146 ], [ -105.6809, 40.0139 ], [ -105.6859, 40.0147 ], [ -105.6883, 40.0155 ], [ -105.6897, 40.0137 ], [ -105.6898, 40.0117 ], [ -105.6893, 40.011 ], [ -105.6901, 40.0092 ], [ -105.6885, 40.007 ], [ -105.6897, 40.0062 ], [ -105.6911, 40.0037 ], [ -105.6904, 40.0016 ], [ -105.6912, 39.9995 ], [ -105.6912, 39.997 ], [ -105.6907, 39.9962 ], [ -105.6883, 39.9952 ], [ -105.6831, 39.9947 ], [ -105.6831, 39.9928 ], [ -105.6861, 39.9898 ], [ -105.6861, 39.9873 ], [ -105.6876, 39.9855 ], [ -105.6852, 39.983 ], [ -105.6856, 39.9806 ], [ -105.6849, 39.9796 ], [ -105.6884, 39.9756 ], [ -105.6903, 39.9698 ], [ -105.6887, 39.9673 ], [ -105.6893, 39.9644 ], [ -105.6884, 39.9629 ], [ -105.6883, 39.9598 ], [ -105.6853, 39.9587 ], [ -105.6886, 39.9565 ], [ -105.6891, 39.9538 ], [ -105.6916, 39.9529 ], [ -105.6943, 39.9505 ], [ -105.6941, 39.949 ], [ -105.6918, 39.9464 ], [ -105.6935, 39.9441 ], [ -105.6938, 39.9423 ], [ -105.6934, 39.9414 ], [ -105.6906, 39.9399 ], [ -105.69, 39.9388 ], [ -105.6861, 39.9373 ], [ -105.6834, 39.9355 ], [ -105.682, 39.934 ], [ -105.6784, 39.9329 ], [ -105.6765, 39.9328 ], [ -105.6752, 39.9333 ], [ -105.678, 39.9306 ], [ -105.6766, 39.9287 ], [ -105.6799, 39.9269 ], [ -105.6803, 39.9251 ], [ -105.6824, 39.9218 ], [ -105.6829, 39.9186 ], [ -105.6822, 39.9175 ], [ -105.686, 39.9157 ], [ -105.6864, 39.9132 ], [ -105.6879, 39.9118 ], [ -105.6886, 39.9075 ], [ -105.6873, 39.9041 ], [ -105.6891, 39.9032 ], [ -105.6903, 39.902 ], [ -105.6919, 39.8985 ], [ -105.6911, 39.8974 ], [ -105.6977, 39.8943 ], [ -105.6996, 39.8916 ], [ -105.6998, 39.8894 ], [ -105.6991, 39.8877 ], [ -105.6994, 39.8857 ], [ -105.6978, 39.8843 ], [ -105.6984, 39.883 ], [ -105.6984, 39.881 ], [ -105.7006, 39.8786 ], [ -105.6992, 39.8741 ], [ -105.6968, 39.8714 ], [ -105.6977, 39.8676 ], [ -105.6962, 39.8646 ], [ -105.6963, 39.8621 ], [ -105.6935, 39.8579 ], [ -105.6936, 39.8567 ], [ -105.6927, 39.8547 ], [ -105.6904, 39.852 ], [ -105.6937, 39.8478 ], [ -105.6938, 39.8454 ], [ -105.6945, 39.8444 ], [ -105.6959, 39.8391 ], [ -105.7013, 39.8371 ], [ -105.7035, 39.8367 ], [ -105.7078, 39.8368 ], [ -105.7133, 39.8381 ], [ -105.7166, 39.8358 ], [ -105.7188, 39.8323 ], [ -105.7193, 39.8308 ], [ -105.7189, 39.8277 ], [ -105.7238, 39.8245 ], [ -105.7245, 39.8225 ], [ -105.7237, 39.818 ], [ -105.7319, 39.8141 ], [ -105.7335, 39.8128 ], [ -105.7337, 39.8115 ], [ -105.7352, 39.8097 ], [ -105.7353, 39.8079 ], [ -105.7363, 39.806 ], [ -105.736, 39.8049 ], [ -105.7393, 39.805 ], [ -105.7422, 39.8044 ], [ -105.7447, 39.8034 ], [ -105.7469, 39.8015 ], [ -105.7507, 39.8013 ], [ -105.7558, 39.7987 ], [ -105.7609, 39.7971 ], [ -105.7639, 39.795 ], [ -105.7697, 39.7957 ], [ -105.7795, 39.7987 ], [ -105.7845, 39.8024 ], [ -105.791, 39.8032 ], [ -105.794, 39.8019 ], [ -105.796, 39.8028 ], [ -105.799, 39.8033 ], [ -105.8013, 39.8018 ], [ -105.8021, 39.7993 ], [ -105.8056, 39.7989 ], [ -105.8086, 39.7972 ], [ -105.8097, 39.7954 ], [ -105.8107, 39.7914 ], [ -105.8134, 39.7904 ], [ -105.8199, 39.7894 ], [ -105.8219, 39.7877 ], [ -105.8231, 39.7857 ], [ -105.8254, 39.7867 ], [ -105.8279, 39.787 ], [ -105.8301, 39.7882 ], [ -105.8335, 39.7879 ], [ -105.8386, 39.788 ], [ -105.8403, 39.7888 ], [ -105.8436, 39.7894 ], [ -105.8479, 39.7892 ], [ -105.8515, 39.7877 ], [ -105.851, 39.789 ], [ -105.8536, 39.7926 ], [ -105.855, 39.7961 ], [ -105.8561, 39.7955 ], [ -105.8577, 39.7957 ], [ -105.8604, 39.7968 ], [ -105.8724, 39.7968 ], [ -105.8746, 39.799 ], [ -105.8759, 39.7994 ], [ -105.8786, 39.7987 ], [ -105.8832, 39.7982 ], [ -105.8876, 39.7971 ], [ -105.8877, 39.7888 ], [ -105.8921, 39.7844 ], [ -105.8925, 39.7822 ], [ -105.8918, 39.7806 ], [ -105.8902, 39.7788 ], [ -105.8894, 39.7737 ], [ -105.8876, 39.7713 ], [ -105.8864, 39.7662 ], [ -105.885, 39.7642 ], [ -105.8822, 39.7633 ], [ -105.8805, 39.7595 ], [ -105.8807, 39.7582 ], [ -105.8847, 39.7523 ], [ -105.8847, 39.7495 ], [ -105.8824, 39.7465 ], [ -105.8832, 39.7436 ], [ -105.8823, 39.7411 ], [ -105.8834, 39.7373 ], [ -105.8844, 39.7356 ], [ -105.8876, 39.7336 ], [ -105.8895, 39.7314 ], [ -105.891, 39.7306 ], [ -105.8936, 39.7304 ], [ -105.9002, 39.7287 ], [ -105.9045, 39.7287 ], [ -105.9075, 39.727 ], [ -105.9082, 39.7261 ], [ -105.9074, 39.7239 ], [ -105.9104, 39.7209 ], [ -105.912, 39.7165 ], [ -105.9118, 39.7154 ], [ -105.9161, 39.7137 ], [ -105.9212, 39.7102 ], [ -105.922, 39.7078 ], [ -105.9244, 39.7041 ], [ -105.9242, 39.7016 ], [ -105.9246, 39.699 ], [ -105.921, 39.6957 ], [ -105.9201, 39.694 ], [ -105.9205, 39.6923 ], [ -105.9196, 39.6901 ], [ -105.921, 39.6845 ], [ -105.9224, 39.6833 ], [ -105.9232, 39.6814 ], [ -105.9269, 39.6767 ], [ -105.9265, 39.6733 ], [ -105.9222, 39.67 ], [ -105.9206, 39.6695 ], [ -105.9172, 39.6667 ], [ -105.915, 39.6657 ], [ -105.911, 39.6623 ], [ -105.9093, 39.6622 ], [ -105.9043, 39.6642 ], [ -105.8969, 39.6645 ], [ -105.894, 39.6594 ], [ -105.8926, 39.6589 ], [ -105.8887, 39.6586 ], [ -105.885, 39.6571 ], [ -105.8795, 39.6635 ], [ -105.8739, 39.6659 ], [ -105.865, 39.6672 ], [ -105.8633, 39.6655 ], [ -105.8621, 39.6626 ], [ -105.8596, 39.659 ], [ -105.8567, 39.6579 ], [ -105.8561, 39.6534 ], [ -105.8544, 39.6492 ], [ -105.8488, 39.6442 ], [ -105.8461, 39.6442 ], [ -105.8412, 39.6463 ], [ -105.8345, 39.6419 ], [ -105.8289, 39.642 ], [ -105.8262, 39.641 ], [ -105.8229, 39.6424 ], [ -105.8211, 39.6426 ], [ -105.8193, 39.6396 ], [ -105.8186, 39.6368 ], [ -105.8186, 39.6347 ], [ -105.8174, 39.6337 ], [ -105.8107, 39.6355 ], [ -105.8067, 39.635 ], [ -105.8011, 39.6355 ], [ -105.7979, 39.6364 ], [ -105.793, 39.6363 ], [ -105.791, 39.634 ], [ -105.7849, 39.6313 ], [ -105.7827, 39.6292 ], [ -105.7829, 39.6277 ], [ -105.7823, 39.6263 ], [ -105.783, 39.6228 ], [ -105.7826, 39.6217 ], [ -105.7828, 39.618 ], [ -105.7808, 39.6154 ], [ -105.7785, 39.6137 ], [ -105.7764, 39.6111 ], [ -105.7761, 39.6052 ], [ -105.778, 39.6044 ], [ -105.7815, 39.6009 ], [ -105.7922, 39.5978 ], [ -105.7961, 39.594 ], [ -105.801, 39.5935 ], [ -105.8016, 39.5915 ], [ -105.804, 39.5892 ], [ -105.8078, 39.5837 ], [ -105.8142, 39.5824 ], [ -105.8178, 39.581 ], [ -105.8213, 39.5827 ], [ -105.8235, 39.5807 ], [ -105.8265, 39.5804 ], [ -105.8279, 39.5792 ], [ -105.8323, 39.578 ], [ -105.8385, 39.5726 ], [ -105.8382, 39.5709 ], [ -105.8366, 39.5687 ], [ -105.8302, 39.5661 ], [ -105.8287, 39.5636 ], [ -105.8291, 39.5622 ], [ -105.8288, 39.5609 ], [ -105.8261, 39.5574 ], [ -105.8257, 39.5556 ], [ -105.8222, 39.553 ], [ -105.8194, 39.5523 ], [ -105.8159, 39.5522 ], [ -105.8163, 39.5486 ], [ -105.8188, 39.5464 ], [ -105.8191, 39.5455 ], [ -105.8191, 39.5434 ], [ -105.8179, 39.5384 ], [ -105.8198, 39.5371 ], [ -105.8207, 39.5342 ], [ -105.8231, 39.5299 ], [ -105.8244, 39.5308 ], [ -105.8284, 39.532 ], [ -105.831, 39.532 ], [ -105.837, 39.5292 ], [ -105.8397, 39.5274 ], [ -105.8441, 39.5263 ], [ -105.8453, 39.524 ], [ -105.8468, 39.5238 ], [ -105.8478, 39.524 ], [ -105.8495, 39.5256 ], [ -105.8541, 39.5275 ], [ -105.8578, 39.5321 ], [ -105.8591, 39.5319 ], [ -105.8602, 39.5312 ], [ -105.8631, 39.5271 ], [ -105.8636, 39.5243 ], [ -105.8649, 39.5221 ], [ -105.8676, 39.5205 ], [ -105.8681, 39.5193 ], [ -105.8666, 39.5164 ], [ -105.8599, 39.5121 ], [ -105.8601, 39.5098 ], [ -105.8559, 39.5051 ], [ -105.8575, 39.5054 ], [ -105.8603, 39.5049 ], [ -105.8637, 39.5025 ], [ -105.8644, 39.5013 ], [ -105.8642, 39.4998 ], [ -105.8661, 39.4978 ], [ -105.8669, 39.4961 ], [ -105.8666, 39.4942 ], [ -105.8714, 39.4949 ], [ -105.8732, 39.4944 ], [ -105.8753, 39.4929 ], [ -105.8769, 39.4909 ], [ -105.8786, 39.4896 ], [ -105.8797, 39.4856 ], [ -105.8795, 39.4839 ], [ -105.8845, 39.4843 ], [ -105.8884, 39.484 ], [ -105.8899, 39.4835 ], [ -105.8921, 39.4842 ], [ -105.8927, 39.4802 ], [ -105.8942, 39.4789 ], [ -105.8942, 39.4777 ], [ -105.8982, 39.474 ], [ -105.899, 39.4717 ], [ -105.9012, 39.4704 ], [ -105.9019, 39.4652 ], [ -105.9059, 39.4597 ], [ -105.9085, 39.4595 ], [ -105.9106, 39.4583 ], [ -105.9116, 39.4568 ], [ -105.9142, 39.4579 ], [ -105.9227, 39.4586 ], [ -105.927, 39.4594 ], [ -105.9306, 39.4592 ], [ -105.9346, 39.4579 ], [ -105.9377, 39.4586 ], [ -105.9392, 39.4581 ], [ -105.9411, 39.4559 ], [ -105.9422, 39.4528 ], [ -105.9425, 39.4504 ], [ -105.9419, 39.4484 ], [ -105.944, 39.4455 ], [ -105.944, 39.4408 ], [ -105.9551, 39.4385 ], [ -105.9566, 39.4386 ], [ -105.9587, 39.4398 ], [ -105.9614, 39.4401 ], [ -105.964, 39.4397 ], [ -105.9666, 39.4385 ], [ -105.9669, 39.4378 ], [ -105.9661, 39.4353 ], [ -105.9642, 39.4325 ], [ -105.9608, 39.4291 ], [ -105.9568, 39.4283 ], [ -105.9548, 39.4263 ], [ -105.9554, 39.4236 ], [ -105.9551, 39.4217 ], [ -105.9538, 39.4206 ], [ -105.9535, 39.418 ], [ -105.9516, 39.4147 ], [ -105.952, 39.4144 ], [ -105.9528, 39.4155 ], [ -105.9544, 39.4163 ], [ -105.959, 39.4157 ], [ -105.9609, 39.4142 ], [ -105.965, 39.4123 ], [ -105.9728, 39.4094 ], [ -105.977, 39.4086 ], [ -105.9782, 39.4072 ], [ -105.9813, 39.4064 ], [ -105.9826, 39.4051 ], [ -105.9837, 39.4024 ], [ -105.9846, 39.4018 ], [ -105.9877, 39.4015 ], [ -105.9905, 39.4022 ], [ -105.9926, 39.4017 ], [ -105.995, 39.3965 ], [ -105.9965, 39.3946 ], [ -106.0001, 39.3939 ], [ -106.0034, 39.3918 ], [ -106.0053, 39.3895 ], [ -106.0086, 39.3873 ], [ -106.0142, 39.387 ], [ -106.0187, 39.3809 ], [ -106.0176, 39.3793 ], [ -106.0169, 39.3765 ], [ -106.0174, 39.3737 ], [ -106.0171, 39.3717 ], [ -106.0176, 39.3711 ], [ -106.0172, 39.3654 ], [ -106.0192, 39.3633 ], [ -106.0219, 39.3616 ], [ -106.0241, 39.3611 ], [ -106.0271, 39.3612 ], [ -106.0341, 39.3584 ], [ -106.0387, 39.3586 ], [ -106.0431, 39.3575 ], [ -106.0465, 39.3574 ], [ -106.0501, 39.3582 ], [ -106.0565, 39.3587 ], [ -106.0599, 39.361 ], [ -106.0663, 39.3638 ], [ -106.0682, 39.3641 ], [ -106.0734, 39.3683 ], [ -106.0807, 39.3701 ], [ -106.0832, 39.3693 ], [ -106.0855, 39.3698 ], [ -106.0935, 39.3758 ], [ -106.097, 39.378 ], [ -106.1058, 39.3779 ], [ -106.115, 39.3765 ], [ -106.1195, 39.3765 ], [ -106.1269, 39.3787 ], [ -106.1304, 39.3787 ], [ -106.1323, 39.3796 ], [ -106.1345, 39.3797 ], [ -106.1359, 39.3796 ], [ -106.1376, 39.3775 ], [ -106.1386, 39.3749 ], [ -106.1387, 39.3721 ], [ -106.1413, 39.3708 ], [ -106.1437, 39.3683 ], [ -106.1489, 39.3682 ], [ -106.1531, 39.3626 ] ] ] } },
{ "type": "Feature", "properties": { "id": "140802" }, "geometry": { "type": "Polygon", "coordinates": [ [ [ -108.3872, 37.4052 ], [ -108.3861, 37.4044 ], [ -108.387, 37.4038 ], [ -108.3869, 37.4021 ], [ -108.3887, 37.4014 ], [ -108.3886, 37.4004 ], [ -108.39, 37.4003 ], [ -108.3905, 37.3988 ], [ -108.3941, 37.3976 ], [ -108.3957, 37.3975 ], [ -108.3979, 37.3963 ], [ -108.397, 37.3937 ], [ -108.3976, 37.3933 ], [ -108.3979, 37.3906 ], [ -108.3986, 37.3894 ], [ -108.3981, 37.3871 ], [ -108.3986, 37.3851 ], [ -108.3984, 37.384 ], [ -108.4013, 37.3803 ], [ -108.401, 37.3787 ], [ -108.3995, 37.3778 ], [ -108.3993, 37.3753 ], [ -108.4014, 37.3745 ], [ -108.4043, 37.3723 ], [ -108.4052, 37.3723 ], [ -108.4057, 37.3708 ], [ -108.4052, 37.37 ], [ -108.4054, 37.3686 ], [ -108.4038, 37.3674 ], [ -108.4032, 37.3659 ], [ -108.4019, 37.3658 ], [ -108.4014, 37.3653 ], [ -108.4019, 37.3618 ], [ -108.4027, 37.361 ], [ -108.4023, 37.359 ], [ -108.4032, 37.3583 ], [ -108.4023, 37.3576 ], [ -108.4058, 37.3525 ], [ -108.407, 37.3522 ], [ -108.4086, 37.3508 ], [ -108.4082, 37.3477 ], [ -108.4108, 37.3438 ], [ -108.4101, 37.3419 ], [ -108.4171, 37.3374 ], [ -108.4168, 37.3347 ], [ -108.4188, 37.3306 ], [ -108.4189, 37.3258 ], [ -108.4198, 37.3234 ], [ -108.4199, 37.3201 ], [ -108.4189, 37.318 ], [ -108.4195, 37.3164 ], [ -108.4185, 37.3153 ], [ -108.4192, 37.3114 ], [ -108.4203, 37.3104 ], [ -108.4257, 37.3078 ], [ -108.4266, 37.3063 ], [ -108.4334, 37.3031 ], [ -108.4348, 37.3046 ], [ -108.4357, 37.3042 ], [ -108.4377, 37.3049 ], [ -108.4405, 37.3043 ], [ -108.441, 37.3032 ], [ -108.4405, 37.2977 ], [ -108.4436, 37.2945 ], [ -108.4414, 37.2922 ], [ -108.4424, 37.2894 ], [ -108.4402, 37.2879 ], [ -108.4406, 37.2857 ], [ -108.4394, 37.2833 ], [ -108.4412, 37.2821 ], [ -108.4435, 37.2821 ], [ -108.4461, 37.2801 ], [ -108.4475, 37.2805 ], [ -108.45, 37.2788 ], [ -108.4506, 37.2787 ], [ -108.4532, 37.281 ], [ -108.4567, 37.282 ], [ -108.4602, 37.2804 ], [ -108.4614, 37.2804 ], [ -108.4618, 37.2808 ], [ -108.4662, 37.2805 ], [ -108.4681, 37.2802 ], [ -108.4686, 37.2795 ], [ -108.4709, 37.2788 ], [ -108.4727, 37.2786 ], [ -108.4735, 37.2766 ], [ -108.4755, 37.2761 ], [ -108.4765, 37.2748 ], [ -108.4795, 37.2741 ], [ -108.4819, 37.275 ], [ -108.4835, 37.2769 ], [ -108.4837, 37.2779 ], [ -108.4867, 37.2783 ], [ -108.4859, 37.2764 ], [ -108.4865, 37.2752 ], [ -108.4931, 37.2713 ], [ -108.4961, 37.2707 ], [ -108.499, 37.2729 ], [ -108.4996, 37.2751 ], [ -108.5015, 37.2743 ], [ -108.5029, 37.2712 ], [ -108.5045, 37.27 ], [ -108.5073, 37.2699 ], [ -108.5095, 37.2719 ], [ -108.5118, 37.2701 ], [ -108.5132, 37.2697 ], [ -108.5172, 37.2706 ], [ -108.5184, 37.267 ], [ -108.5199, 37.2648 ], [ -108.5208, 37.2644 ], [ -108.5244, 37.265 ], [ -108.5262, 37.2637 ], [ -108.5283, 37.2636 ], [ -108.5309, 37.2654 ], [ -108.5349, 37.2673 ], [ -108.5388, 37.2652 ], [ -108.5422, 37.2659 ], [ -108.5442, 37.2655 ], [ -108.5447, 37.2676 ], [ -108.5486, 37.267 ], [ -108.5499, 37.2637 ], [ -108.5517, 37.2635 ], [ -108.5556, 37.262 ], [ -108.5585, 37.2638 ], [ -108.5615, 37.2614 ], [ -108.563, 37.2616 ], [ -108.5647, 37.2627 ], [ -108.5683, 37.2625 ], [ -108.5692, 37.2659 ], [ -108.5698, 37.2659 ], [ -108.5736, 37.2649 ], [ -108.5737, 37.2641 ], [ -108.5756, 37.263 ], [ -108.5763, 37.2616 ], [ -108.5777, 37.2605 ], [ -108.5788, 37.2576 ], [ -108.5823, 37.2574 ], [ -108.5834, 37.2563 ], [ -108.5849, 37.256 ], [ -108.5883, 37.259 ], [ -108.5898, 37.2572 ], [ -108.5914, 37.2568 ], [ -108.5928, 37.2554 ], [ -108.5941, 37.2548 ], [ -108.597, 37.2547 ], [ -108.5993, 37.2562 ], [ -108.6008, 37.2558 ], [ -108.601, 37.2529 ], [ -108.6034, 37.251 ], [ -108.6052, 37.2509 ], [ -108.6073, 37.2522 ], [ -108.6085, 37.2491 ], [ -108.6094, 37.2486 ], [ -108.6105, 37.2426 ], [ -108.6123, 37.2432 ], [ -108.6152, 37.2429 ], [ -108.617, 37.2436 ], [ -108.6182, 37.2433 ], [ -108.6203, 37.2441 ], [ -108.6215, 37.244 ], [ -108.6241, 37.2421 ], [ -108.6261, 37.2426 ], [ -108.6288, 37.2453 ], [ -108.6294, 37.2466 ], [ -108.6289, 37.2493 ], [ -108.6299, 37.2515 ], [ -108.6314, 37.2522 ], [ -108.6338, 37.2545 ], [ -108.6353, 37.2568 ], [ -108.6368, 37.2582 ], [ -108.6453, 37.2614 ], [ -108.6493, 37.2624 ], [ -108.6525, 37.264 ], [ -108.6573, 37.2689 ], [ -108.6618, 37.2695 ], [ -108.6639, 37.2707 ], [ -108.6674, 37.2703 ], [ -108.6723, 37.2729 ], [ -108.6738, 37.2707 ], [ -108.6766, 37.2697 ], [ -108.6781, 37.2694 ], [ -108.6837, 37.2695 ], [ -108.6889, 37.2678 ], [ -108.693, 37.2677 ], [ -108.6968, 37.2668 ], [ -108.6996, 37.2654 ], [ -108.7027, 37.2658 ], [ -108.7098, 37.2656 ], [ -108.7124, 37.2663 ], [ -108.7267, 37.2671 ], [ -108.7313, 37.2678 ], [ -108.7414, 37.2668 ], [ -108.745, 37.2674 ], [ -108.7465, 37.2691 ], [ -108.7477, 37.2692 ], [ -108.7493, 37.27 ], [ -108.7525, 37.2691 ], [ -108.7541, 37.2696 ], [ -108.7556, 37.269 ], [ -108.7596, 37.2686 ], [ -108.7613, 37.2711 ], [ -108.7637, 37.2719 ], [ -108.7729, 37.2793 ], [ -108.7747, 37.2834 ], [ -108.7772, 37.2843 ], [ -108.7783, 37.2838 ], [ -108.778, 37.2826 ], [ -108.7788, 37.2802 ], [ -108.7806, 37.2779 ], [ -108.7851, 37.2752 ], [ -108.7888, 37.2744 ], [ -108.7913, 37.2721 ], [ -108.7959, 37.2718 ], [ -108.7963, 37.2704 ], [ -108.7991, 37.2714 ], [ -108.8031, 37.2709 ], [ -108.8046, 37.2699 ], [ -108.8057, 37.2683 ], [ -108.8085, 37.2674 ], [ -108.8102, 37.2681 ], [ -108.8123, 37.2706 ], [ -108.8148, 37.27 ], [ -108.8171, 37.2675 ], [ -108.818, 37.2651 ], [ -108.8196, 37.2636 ], [ -108.8186, 37.2622 ], [ -108.8187, 37.2602 ], [ -108.8169, 37.2603 ], [ -108.8152, 37.256 ], [ -108.8121, 37.2555 ], [ -108.811, 37.2544 ], [ -108.8114, 37.2527 ], [ -108.8107, 37.2512 ], [ -108.809, 37.2497 ], [ -108.8111, 37.2482 ], [ -108.8143, 37.2483 ], [ -108.8156, 37.2472 ], [ -108.817, 37.244 ], [ -108.8153, 37.2414 ], [ -108.816, 37.239 ], [ -108.8129, 37.2373 ], [ -108.8123, 37.2346 ], [ -108.811, 37.2344 ], [ -108.8075, 37.2326 ], [ -108.8058, 37.2327 ], [ -108.8046, 37.2318 ], [ -108.8027, 37.2317 ], [ -108.8026, 37.2308 ], [ -108.8042, 37.2294 ], [ -108.803, 37.2289 ], [ -108.8037, 37.2273 ], [ -108.8029, 37.2263 ], [ -108.803, 37.2248 ], [ -108.8053, 37.221 ], [ -108.8087, 37.2196 ], [ -108.8084, 37.2144 ], [ -108.803, 37.2115 ], [ -108.8001, 37.209 ], [ -108.7988, 37.2067 ], [ -108.8004, 37.2048 ], [ -108.799, 37.2012 ], [ -108.7978, 37.1997 ], [ -108.7958, 37.199 ], [ -108.7944, 37.1962 ], [ -108.7936, 37.1956 ], [ -108.7951, 37.194 ], [ -108.7962, 37.1942 ], [ -108.8001, 37.1937 ], [ -108.8031, 37.1928 ], [ -108.8048, 37.1904 ], [ -108.8065, 37.1892 ], [ -108.8078, 37.1851 ], [ -108.8099, 37.1829 ], [ -108.8116, 37.1815 ], [ -108.8144, 37.1812 ], [ -108.8158, 37.1794 ], [ -108.8191, 37.1772 ], [ -108.8223, 37.1739 ], [ -108.8222, 37.172 ], [ -108.8247, 37.165 ], [ -108.8265, 37.1635 ], [ -108.8261, 37.162 ], [ -108.8287, 37.1597 ], [ -108.8307, 37.156 ], [ -108.8304, 37.155 ], [ -108.8348, 37.1522 ], [ -108.835, 37.1514 ], [ -108.8337, 37.1489 ], [ -108.834, 37.1481 ], [ -108.8357, 37.1466 ], [ -108.8381, 37.1457 ], [ -108.8345, 37.1424 ], [ -108.8334, 37.1406 ], [ -108.84, 37.135 ], [ -108.8409, 37.1319 ], [ -108.8433, 37.1287 ], [ -108.8472, 37.1267 ], [ -108.8478, 37.124 ], [ -108.8487, 37.1228 ], [ -108.8482, 37.1213 ], [ -108.8484, 37.1208 ], [ -108.8511, 37.1197 ], [ -108.8514, 37.118 ], [ -108.8504, 37.1148 ], [ -108.8506, 37.1138 ], [ -108.8499, 37.1131 ], [ -108.8523, 37.1118 ], [ -108.8543, 37.1097 ], [ -108.8581, 37.108 ], [ -108.8595, 37.1038 ], [ -108.8623, 37.101 ], [ -108.8615, 37.1002 ], [ -108.8633, 37.0982 ], [ -108.8677, 37.0971 ], [ -108.8779, 37.0923 ], [ -108.8885, 37.0908 ], [ -108.8901, 37.0897 ], [ -108.8949, 37.0897 ], [ -108.8966, 37.0861 ], [ -108.8972, 37.0854 ], [ -108.8993, 37.0847 ], [ -108.9017, 37.0851 ], [ -108.9037, 37.0865 ], [ -108.9098, 37.085 ], [ -108.912, 37.0849 ], [ -108.9128, 37.0854 ], [ -108.9149, 37.0856 ], [ -108.9157, 37.0853 ], [ -108.9156, 37.0839 ], [ -108.9174, 37.0833 ], [ -108.9179, 37.0778 ], [ -108.9202, 37.0757 ], [ -108.9192, 37.072 ], [ -108.9213, 37.0679 ], [ -108.9238, 37.0658 ], [ -108.9242, 37.0644 ], [ -108.9256, 37.0638 ], [ -108.9262, 37.0625 ], [ -108.9262, 37.0601 ], [ -108.9255, 37.0578 ], [ -108.9264, 37.0571 ], [ -108.9275, 37.0548 ], [ -108.9296, 37.0538 ], [ -108.9315, 37.0509 ], [ -108.9329, 37.051 ], [ -108.9328, 37.0514 ], [ -108.9358, 37.0525 ], [ -108.9369, 37.0519 ], [ -108.9356, 37.0503 ], [ -108.936, 37.0493 ], [ -108.9391, 37.0491 ], [ -108.9393, 37.0486 ], [ -108.9411, 37.0481 ], [ -108.9432, 37.0482 ], [ -108.9443, 37.0469 ], [ -108.9462, 37.0468 ], [ -108.947, 37.0457 ], [ -108.9468, 37.0444 ], [ -108.948, 37.043 ], [ -108.9463, 37.0409 ], [ -108.9463, 37.0375 ], [ -108.9492, 37.0352 ], [ -108.9505, 37.0352 ], [ -108.9532, 37.036 ], [ -108.955, 37.0349 ], [ -108.9562, 37.033 ], [ -108.9602, 37.0307 ], [ -108.9618, 37.029 ], [ -108.9619, 37.0276 ], [ -108.9642, 37.0263 ], [ -108.9655, 37.0234 ], [ -108.9684, 37.0215 ], [ -108.971, 37.0207 ], [ -108.9745, 37.0182 ], [ -108.9763, 37.0182 ], [ -108.9768, 37.0178 ], [ -108.9769, 37.0154 ], [ -108.9781, 37.0131 ], [ -108.9792, 37.0121 ], [ -108.9807, 37.0117 ], [ -108.9806, 37.0108 ], [ -108.9775, 37.0063 ], [ -108.9761, 37.0064 ], [ -108.9753, 37.0046 ], [ -108.9742, 37.0042 ], [ -108.9732, 37.0029 ], [ -108.9726, 37.0011 ], [ -108.9734, 36.9989 ], [ -109.0452, 36.9992 ], [ -109.045, 37.0864 ], [ -109.046, 37.1773 ], [ -109.046, 37.2018 ], [ -109.0455, 37.2108 ], [ -109.0456, 37.2494 ], [ -109.046, 37.25 ], [ -109.0458, 37.375 ], [ -109.0431, 37.5 ], [ -109.0419, 37.5307 ], [ -109.0423, 37.6661 ], [ -109.0415, 37.8001 ], [ -109.0419, 37.8738 ], [ -109.0411, 37.9072 ], [ -109.0417, 37.9296 ], [ -109.0377, 37.9318 ], [ -109.0368, 37.9319 ], [ -109.0347, 37.9307 ], [ -109.0335, 37.9316 ], [ -109.033, 37.9352 ], [ -109.0312, 37.9375 ], [ -109.0299, 37.9407 ], [ -109.0305, 37.9424 ], [ -109.0321, 37.9442 ], [ -109.0324, 37.9453 ], [ -109.0311, 37.9493 ], [ -109.0323, 37.9539 ], [ -109.0306, 37.9555 ], [ -109.0285, 37.9561 ], [ -109.027, 37.9545 ], [ -109.0245, 37.9536 ], [ -109.0215, 37.9537 ], [ -109.0206, 37.9546 ], [ -109.0169, 37.9547 ], [ -109.0124, 37.9592 ], [ -109.0049, 37.9611 ], [ -109.0032, 37.9622 ], [ -109.002, 37.9618 ], [ -109.0018, 37.9603 ], [ -109.0025, 37.9582 ], [ -109.0006, 37.955 ], [ -109.0005, 37.9501 ], [ -109.0021, 37.9442 ], [ -109.0008, 37.9431 ], [ -109.0007, 37.9423 ], [ -109.0027, 37.9388 ], [ -109.0025, 37.9374 ], [ -108.9995, 37.9353 ], [ -108.9983, 37.9334 ], [ -108.9975, 37.9342 ], [ -108.9968, 37.9342 ], [ -108.994, 37.9324 ], [ -108.9907, 37.9277 ], [ -108.9882, 37.9251 ], [ -108.9889, 37.9222 ], [ -108.9882, 37.9211 ], [ -108.9843, 37.9206 ], [ -108.9813, 37.9193 ], [ -108.9811, 37.9175 ], [ -108.982, 37.9164 ], [ -108.9828, 37.9139 ], [ -108.9826, 37.9123 ], [ -108.9816, 37.9109 ], [ -108.9798, 37.9102 ], [ -108.9776, 37.911 ], [ -108.9767, 37.9107 ], [ -108.9749, 37.9088 ], [ -108.9738, 37.9082 ], [ -108.9719, 37.9081 ], [ -108.9705, 37.9073 ], [ -108.961, 37.91 ], [ -108.9599, 37.9118 ], [ -108.9592, 37.9157 ], [ -108.9572, 37.9193 ], [ -108.9552, 37.9203 ], [ -108.9524, 37.9207 ], [ -108.9463, 37.9265 ], [ -108.9428, 37.9271 ], [ -108.9401, 37.931 ], [ -108.937, 37.934 ], [ -108.9358, 37.9337 ], [ -108.9317, 37.9259 ], [ -108.9302, 37.925 ], [ -108.9262, 37.9245 ], [ -108.9215, 37.9278 ], [ -108.9159, 37.9305 ], [ -108.9131, 37.9311 ], [ -108.9089, 37.934 ], [ -108.9078, 37.9362 ], [ -108.9066, 37.9369 ], [ -108.9044, 37.9354 ], [ -108.9043, 37.9345 ], [ -108.903, 37.9329 ], [ -108.9037, 37.9305 ], [ -108.9003, 37.9272 ], [ -108.901, 37.9264 ], [ -108.9009, 37.9256 ], [ -108.8938, 37.9233 ], [ -108.891, 37.9235 ], [ -108.8886, 37.9243 ], [ -108.8831, 37.9243 ], [ -108.8795, 37.9254 ], [ -108.8737, 37.9275 ], [ -108.8707, 37.931 ], [ -108.8665, 37.9316 ], [ -108.8662, 37.9266 ], [ -108.8644, 37.9252 ], [ -108.861, 37.919 ], [ -108.8614, 37.9152 ], [ -108.8581, 37.9122 ], [ -108.8571, 37.9118 ], [ -108.8556, 37.9119 ], [ -108.8551, 37.9132 ], [ -108.8526, 37.9134 ], [ -108.8515, 37.9158 ], [ -108.849, 37.9179 ], [ -108.8469, 37.9182 ], [ -108.845, 37.9172 ], [ -108.8404, 37.9168 ], [ -108.8375, 37.9155 ], [ -108.8353, 37.9158 ], [ -108.8354, 37.9116 ], [ -108.8363, 37.9104 ], [ -108.8347, 37.9096 ], [ -108.8343, 37.908 ], [ -108.8308, 37.9071 ], [ -108.8318, 37.906 ], [ -108.8316, 37.9053 ], [ -108.8335, 37.9035 ], [ -108.8337, 37.9017 ], [ -108.835, 37.8987 ], [ -108.8351, 37.8965 ], [ -108.8328, 37.8914 ], [ -108.8334, 37.8903 ], [ -108.8359, 37.8884 ], [ -108.8373, 37.8862 ], [ -108.8362, 37.8847 ], [ -108.8377, 37.8791 ], [ -108.8371, 37.8779 ], [ -108.8373, 37.875 ], [ -108.8363, 37.8711 ], [ -108.8346, 37.8686 ], [ -108.8316, 37.8664 ], [ -108.8319, 37.8654 ], [ -108.8294, 37.8622 ], [ -108.8288, 37.8597 ], [ -108.8274, 37.8586 ], [ -108.8276, 37.8577 ], [ -108.8317, 37.8558 ], [ -108.8359, 37.8523 ], [ -108.8457, 37.8472 ], [ -108.8496, 37.8417 ], [ -108.8502, 37.8375 ], [ -108.8491, 37.8342 ], [ -108.8548, 37.827 ], [ -108.8548, 37.8246 ], [ -108.8555, 37.8228 ], [ -108.8573, 37.8224 ], [ -108.859, 37.8214 ], [ -108.8612, 37.8192 ], [ -108.8648, 37.817 ], [ -108.8715, 37.8161 ], [ -108.8744, 37.8136 ], [ -108.8767, 37.8133 ], [ -108.8776, 37.8141 ], [ -108.8782, 37.814 ], [ -108.8798, 37.813 ], [ -108.8822, 37.8102 ], [ -108.8825, 37.8032 ], [ -108.8833, 37.8009 ], [ -108.8824, 37.7952 ], [ -108.8791, 37.7925 ], [ -108.8773, 37.7919 ], [ -108.8781, 37.7917 ], [ -108.8786, 37.7899 ], [ -108.8799, 37.7885 ], [ -108.8802, 37.7835 ], [ -108.8777, 37.78 ], [ -108.8749, 37.7783 ], [ -108.8732, 37.778 ], [ -108.8692, 37.774 ], [ -108.8659, 37.7745 ], [ -108.8626, 37.7765 ], [ -108.8609, 37.7764 ], [ -108.8595, 37.7759 ], [ -108.8592, 37.7743 ], [ -108.8573, 37.7729 ], [ -108.8573, 37.7717 ], [ -108.8554, 37.7701 ], [ -108.8439, 37.7663 ], [ -108.8412, 37.7667 ], [ -108.8364, 37.7652 ], [ -108.8321, 37.7661 ], [ -108.83, 37.7656 ], [ -108.8286, 37.7669 ], [ -108.828, 37.7662 ], [ -108.8277, 37.7627 ], [ -108.8263, 37.7609 ], [ -108.8232, 37.761 ], [ -108.8208, 37.7596 ], [ -108.8176, 37.7569 ], [ -108.8142, 37.7579 ], [ -108.8098, 37.7628 ], [ -108.8077, 37.7637 ], [ -108.8066, 37.7647 ], [ -108.8023, 37.7649 ], [ -108.7987, 37.7691 ], [ -108.7984, 37.7715 ], [ -108.7964, 37.7742 ], [ -108.7953, 37.7771 ], [ -108.7901, 37.7789 ], [ -108.7886, 37.7866 ], [ -108.7869, 37.7876 ], [ -108.7849, 37.7868 ], [ -108.7826, 37.7872 ], [ -108.7806, 37.7844 ], [ -108.7818, 37.7818 ], [ -108.7812, 37.7803 ], [ -108.7757, 37.7775 ], [ -108.7748, 37.7759 ], [ -108.7748, 37.7743 ], [ -108.7733, 37.7729 ], [ -108.7724, 37.7702 ], [ -108.7701, 37.7678 ], [ -108.7685, 37.7669 ], [ -108.7678, 37.7651 ], [ -108.7662, 37.7644 ], [ -108.7637, 37.7644 ], [ -108.7614, 37.7655 ], [ -108.7571, 37.7636 ], [ -108.757, 37.7628 ], [ -108.758, 37.7624 ], [ -108.7623, 37.758 ], [ -108.7635, 37.7573 ], [ -108.7652, 37.753 ], [ -108.7658, 37.7483 ], [ -108.7694, 37.7468 ], [ -108.7693, 37.7455 ], [ -108.7705, 37.7446 ], [ -108.7709, 37.7415 ], [ -108.7727, 37.7382 ], [ -108.7716, 37.7341 ], [ -108.7719, 37.7325 ], [ -108.7714, 37.7281 ], [ -108.7722, 37.7257 ], [ -108.7747, 37.7213 ], [ -108.7745, 37.72 ], [ -108.7723, 37.7182 ], [ -108.7728, 37.7129 ], [ -108.7707, 37.7068 ], [ -108.7716, 37.7053 ], [ -108.7727, 37.6997 ], [ -108.7713, 37.6979 ], [ -108.7689, 37.6916 ], [ -108.767, 37.689 ], [ -108.7671, 37.6863 ], [ -108.7641, 37.6829 ], [ -108.7624, 37.6801 ], [ -108.7615, 37.6755 ], [ -108.76, 37.6745 ], [ -108.7556, 37.6739 ], [ -108.7504, 37.6743 ], [ -108.7487, 37.6736 ], [ -108.7478, 37.6713 ], [ -108.7486, 37.6698 ], [ -108.7524, 37.6675 ], [ -108.7543, 37.6658 ], [ -108.7586, 37.6541 ], [ -108.7568, 37.6489 ], [ -108.7573, 37.6469 ], [ -108.7589, 37.6439 ], [ -108.7579, 37.6378 ], [ -108.7552, 37.6361 ], [ -108.7551, 37.6303 ], [ -108.7536, 37.6289 ], [ -108.7533, 37.6275 ], [ -108.7518, 37.6266 ], [ -108.7488, 37.6257 ], [ -108.7463, 37.6255 ], [ -108.7497, 37.6226 ], [ -108.7509, 37.6184 ], [ -108.7512, 37.6144 ], [ -108.7521, 37.6117 ], [ -108.7504, 37.6118 ], [ -108.7501, 37.6112 ], [ -108.7471, 37.6101 ], [ -108.7462, 37.608 ], [ -108.7437, 37.6049 ], [ -108.7424, 37.6044 ], [ -108.7397, 37.5999 ], [ -108.7384, 37.5995 ], [ -108.737, 37.5997 ], [ -108.7359, 37.5983 ], [ -108.732, 37.5955 ], [ -108.7254, 37.5969 ], [ -108.7224, 37.5993 ], [ -108.7191, 37.5997 ], [ -108.7194, 37.6022 ], [ -108.7188, 37.6027 ], [ -108.7171, 37.6012 ], [ -108.7158, 37.5989 ], [ -108.7126, 37.5964 ], [ -108.7081, 37.595 ], [ -108.7045, 37.5932 ], [ -108.7031, 37.5917 ], [ -108.699, 37.5906 ], [ -108.6951, 37.588 ], [ -108.6912, 37.5861 ], [ -108.6892, 37.5866 ], [ -108.6849, 37.5891 ], [ -108.6816, 37.59 ], [ -108.6798, 37.5902 ], [ -108.6768, 37.5892 ], [ -108.6733, 37.5893 ], [ -108.6725, 37.5907 ], [ -108.6629, 37.5944 ], [ -108.6598, 37.597 ], [ -108.6585, 37.5949 ], [ -108.6563, 37.5944 ], [ -108.6549, 37.5936 ], [ -108.6538, 37.5939 ], [ -108.652, 37.597 ], [ -108.6487, 37.5932 ], [ -108.6457, 37.5908 ], [ -108.6437, 37.5878 ], [ -108.6432, 37.5876 ], [ -108.6398, 37.5885 ], [ -108.6386, 37.5878 ], [ -108.6364, 37.5877 ], [ -108.6346, 37.5862 ], [ -108.6331, 37.586 ], [ -108.6265, 37.5883 ], [ -108.6247, 37.5885 ], [ -108.6241, 37.59 ], [ -108.6231, 37.5905 ], [ -108.6186, 37.5918 ], [ -108.6172, 37.5917 ], [ -108.6169, 37.5924 ], [ -108.6155, 37.593 ], [ -108.6136, 37.5925 ], [ -108.6118, 37.5911 ], [ -108.6126, 37.5906 ], [ -108.6128, 37.5895 ], [ -108.6119, 37.5867 ], [ -108.6111, 37.5861 ], [ -108.6123, 37.5845 ], [ -108.6122, 37.5834 ], [ -108.6111, 37.5827 ], [ -108.6104, 37.5829 ], [ -108.61, 37.5824 ], [ -108.607, 37.5818 ], [ -108.6088, 37.5797 ], [ -108.6086, 37.5788 ], [ -108.6068, 37.578 ], [ -108.6069, 37.5767 ], [ -108.6011, 37.5735 ], [ -108.6023, 37.571 ], [ -108.604, 37.5701 ], [ -108.606, 37.5671 ], [ -108.6074, 37.5629 ], [ -108.6089, 37.5621 ], [ -108.6089, 37.5601 ], [ -108.6066, 37.5577 ], [ -108.604, 37.5575 ], [ -108.6028, 37.5568 ], [ -108.602, 37.5557 ], [ -108.6023, 37.5546 ], [ -108.6011, 37.555 ], [ -108.5992, 37.5544 ], [ -108.5993, 37.5527 ], [ -108.595, 37.5529 ], [ -108.5933, 37.5518 ], [ -108.5936, 37.5512 ], [ -108.5918, 37.5514 ], [ -108.5909, 37.5509 ], [ -108.5929, 37.5442 ], [ -108.5947, 37.535 ], [ -108.5948, 37.528 ], [ -108.5914, 37.5218 ], [ -108.5896, 37.5168 ], [ -108.5885, 37.516 ], [ -108.5879, 37.5145 ], [ -108.5883, 37.5133 ], [ -108.5874, 37.5112 ], [ -108.5899, 37.5087 ], [ -108.5903, 37.5062 ], [ -108.5893, 37.5036 ], [ -108.5891, 37.501 ], [ -108.5871, 37.4995 ], [ -108.5861, 37.498 ], [ -108.5833, 37.4966 ], [ -108.5833, 37.4958 ], [ -108.5853, 37.4943 ], [ -108.5876, 37.4935 ], [ -108.5867, 37.4912 ], [ -108.5802, 37.4925 ], [ -108.5784, 37.4907 ], [ -108.5777, 37.4906 ], [ -108.5733, 37.4919 ], [ -108.5689, 37.4952 ], [ -108.5649, 37.4962 ], [ -108.5647, 37.4941 ], [ -108.5626, 37.4926 ], [ -108.5594, 37.4923 ], [ -108.5574, 37.4906 ], [ -108.5555, 37.4918 ], [ -108.5535, 37.4913 ], [ -108.5529, 37.4908 ], [ -108.553, 37.4897 ], [ -108.5519, 37.4887 ], [ -108.5529, 37.4867 ], [ -108.5543, 37.4863 ], [ -108.5551, 37.4852 ], [ -108.5545, 37.483 ], [ -108.555, 37.4813 ], [ -108.554, 37.4797 ], [ -108.5496, 37.4806 ], [ -108.5482, 37.4797 ], [ -108.5465, 37.4795 ], [ -108.5457, 37.4777 ], [ -108.5457, 37.4753 ], [ -108.545, 37.4727 ], [ -108.5417, 37.467 ], [ -108.54, 37.4657 ], [ -108.5352, 37.4651 ], [ -108.5337, 37.4653 ], [ -108.5315, 37.4634 ], [ -108.5289, 37.4621 ], [ -108.528, 37.4596 ], [ -108.5267, 37.4592 ], [ -108.5266, 37.4571 ], [ -108.525, 37.4558 ], [ -108.5244, 37.4556 ], [ -108.5212, 37.4562 ], [ -108.5195, 37.4561 ], [ -108.5189, 37.4563 ], [ -108.519, 37.4573 ], [ -108.5145, 37.4588 ], [ -108.514, 37.4595 ], [ -108.5103, 37.4595 ], [ -108.5089, 37.4606 ], [ -108.5077, 37.4569 ], [ -108.5046, 37.4557 ], [ -108.5012, 37.4525 ], [ -108.4983, 37.4522 ], [ -108.4958, 37.4511 ], [ -108.4947, 37.4518 ], [ -108.4915, 37.4499 ], [ -108.4895, 37.4502 ], [ -108.4886, 37.4492 ], [ -108.4886, 37.4484 ], [ -108.4844, 37.4476 ], [ -108.4823, 37.4462 ], [ -108.4805, 37.4457 ], [ -108.4791, 37.4458 ], [ -108.477, 37.447 ], [ -108.4757, 37.4462 ], [ -108.4754, 37.4436 ], [ -108.4709, 37.4418 ], [ -108.4687, 37.4405 ], [ -108.4672, 37.4411 ], [ -108.4649, 37.4402 ], [ -108.4645, 37.4397 ], [ -108.4654, 37.4372 ], [ -108.4647, 37.4371 ], [ -108.4633, 37.436 ], [ -108.4606, 37.4358 ], [ -108.4585, 37.4342 ], [ -108.4565, 37.4347 ], [ -108.4548, 37.4347 ], [ -108.4526, 37.4362 ], [ -108.4495, 37.436 ], [ -108.4473, 37.4364 ], [ -108.4462, 37.4377 ], [ -108.4456, 37.4408 ], [ -108.4445, 37.4421 ], [ -108.4407, 37.4418 ], [ -108.4392, 37.4426 ], [ -108.4345, 37.4411 ], [ -108.4257, 37.4416 ], [ -108.4174, 37.4388 ], [ -108.4143, 37.4391 ], [ -108.4138, 37.4373 ], [ -108.4142, 37.436 ], [ -108.4117, 37.4339 ], [ -108.411, 37.4323 ], [ -108.4069, 37.4283 ], [ -108.4043, 37.4274 ], [ -108.4008, 37.4276 ], [ -108.4004, 37.4258 ], [ -108.3994, 37.425 ], [ -108.3946, 37.4246 ], [ -108.3921, 37.4233 ], [ -108.3902, 37.4202 ], [ -108.39, 37.4189 ], [ -108.3886, 37.4179 ], [ -108.3887, 37.4132 ], [ -108.3893, 37.4125 ], [ -108.3879, 37.4109 ], [ -108.3882, 37.4089 ], [ -108.3875, 37.4076 ], [ -108.3872, 37.4052 ] ] ] } },
{ "type": "Feature", "properties": { "id": "110800" }, "geometry": { "type": "MultiPolygon", "coordinates": [ [ [ [ -104.9491, 36.9933 ], [ -104.9599, 36.9933 ], [ -104.956, 36.9938 ], [ -104.9522, 36.9934 ], [ -104.9491, 36.9933 ] ] ], [ [ [ -104.5528, 36.994 ], [ -104.5574, 36.9941 ], [ -104.5564, 36.9945 ], [ -104.554, 36.9945 ], [ -104.5528, 36.994 ] ] ], [ [ [ -104.4506, 36.9937 ], [ -104.4529, 36.9938 ], [ -104.4506, 36.9949 ], [ -104.4476, 36.9952 ], [ -104.4418, 36.9937 ], [ -104.4506, 36.9937 ] ] ], [ [ [ -104.4961, 36.9951 ], [ -104.4955, 36.9939 ], [ -104.5037, 36.9938 ], [ -104.5017, 36.9954 ], [ -104.5001, 36.9955 ], [ -104.4988, 36.9951 ], [ -104.4961, 36.9951 ] ] ], [ [ [ -104.5199, 37.0005 ], [ -104.5179, 37.0003 ], [ -104.5158, 36.9991 ], [ -104.5141, 36.9968 ], [ -104.5106, 36.9972 ], [ -104.5085, 36.9946 ], [ -104.5066, 36.9938 ], [ -104.5511, 36.994 ], [ -104.5485, 36.9951 ], [ -104.5448, 36.9946 ], [ -104.5441, 36.9948 ], [ -104.5426, 36.9976 ], [ -104.5397, 36.9997 ], [ -104.534, 36.9997 ], [ -104.5288, 37.0019 ], [ -104.5231, 37.002 ], [ -104.5199, 37.0005 ] ] ], [ [ [ -104.3349, 37.0446 ], [ -104.3358, 37.0433 ], [ -104.3359, 37.0415 ], [ -104.3348, 37.0411 ], [ -104.3345, 37.0397 ], [ -104.3335, 37.0391 ], [ -104.3335, 37.0377 ], [ -104.3326, 37.0361 ], [ -104.3304, 37.0349 ], [ -104.3292, 37.0329 ], [ -104.33, 37.0314 ], [ -104.3319, 37.0299 ], [ -104.3312, 37.0238 ], [ -104.3333, 37.0175 ], [ -104.3332, 37.0127 ], [ -104.3325, 37.0112 ], [ -104.3286, 37.0084 ], [ -104.3272, 37.0057 ], [ -104.3223, 37.003 ], [ -104.3184, 37.0021 ], [ -104.3104, 37.0018 ], [ -104.3004, 37.0007 ], [ -104.2993, 37.0002 ], [ -104.296, 36.9959 ], [ -104.2947, 36.9948 ], [ -104.2917, 36.9947 ], [ -104.2903, 36.9963 ], [ -104.2887, 36.9966 ], [ -104.2868, 36.9956 ], [ -104.2856, 36.9942 ], [ -104.3388, 36.9935 ], [ -104.4349, 36.9937 ], [ -104.4348, 36.9945 ], [ -104.4319, 36.9974 ], [ -104.4322, 36.9996 ], [ -104.43, 37.0024 ], [ -104.4302, 37.0038 ], [ -104.4267, 37.0062 ], [ -104.4263, 37.0108 ], [ -104.4294, 37.0157 ], [ -104.4309, 37.022 ], [ -104.4327, 37.0247 ], [ -104.4324, 37.0263 ], [ -104.4332, 37.0292 ], [ -104.4317, 37.0334 ], [ -104.4336, 37.0359 ], [ -104.4339, 37.0406 ], [ -104.4347, 37.0415 ], [ -104.4364, 37.0417 ], [ -104.4362, 37.0436 ], [ -104.4386, 37.0457 ], [ -104.4384, 37.047 ], [ -104.4353, 37.0469 ], [ -104.4321, 37.0458 ], [ -104.427, 37.0454 ], [ -104.4231, 37.0422 ], [ -104.4188, 37.042 ], [ -104.4161, 37.0407 ], [ -104.4138, 37.0401 ], [ -104.4125, 37.0404 ], [ -104.4036, 37.0389 ], [ -104.4009, 37.039 ], [ -104.3983, 37.0399 ], [ -104.3904, 37.0398 ], [ -104.3857, 37.0376 ], [ -104.3811, 37.0343 ], [ -104.3712, 37.0328 ], [ -104.3658, 37.0332 ], [ -104.3638, 37.0344 ], [ -104.361, 37.0351 ], [ -104.3568, 37.0352 ], [ -104.3529, 37.0376 ], [ -104.3505, 37.0401 ], [ -104.348, 37.0416 ], [ -104.3483, 37.0427 ], [ -104.3506, 37.045 ], [ -104.3492, 37.0468 ], [ -104.3467, 37.046 ], [ -104.3444, 37.0473 ], [ -104.3405, 37.0477 ], [ -104.3375, 37.047 ], [ -104.3364, 37.046 ], [ -104.3349, 37.0446 ] ] ], [ [ [ -105.2064, 37.0719 ], [ -105.2041, 37.0703 ], [ -105.2026, 37.0698 ], [ -105.1981, 37.0699 ], [ -105.1971, 37.0661 ], [ -105.1918, 37.0616 ], [ -105.1888, 37.0601 ], [ -105.1805, 37.06 ], [ -105.1792, 37.0586 ], [ -105.1789, 37.057 ], [ -105.1779, 37.056 ], [ -105.1747, 37.0555 ], [ -105.171, 37.0563 ], [ -105.1671, 37.0564 ], [ -105.1658, 37.057 ], [ -105.1651, 37.0582 ], [ -105.164, 37.0583 ], [ -105.1608, 37.0579 ], [ -105.1595, 37.0564 ], [ -105.1576, 37.0556 ], [ -105.1531, 37.0555 ], [ -105.1496, 37.054 ], [ -105.1424, 37.0535 ], [ -105.1409, 37.0518 ], [ -105.1409, 37.0498 ], [ -105.1378, 37.0479 ], [ -105.1354, 37.0443 ], [ -105.1351, 37.0423 ], [ -105.1342, 37.0413 ], [ -105.1326, 37.0403 ], [ -105.1271, 37.0382 ], [ -105.1255, 37.038 ], [ -105.1223, 37.0393 ], [ -105.1213, 37.0392 ], [ -105.1202, 37.0376 ], [ -105.1179, 37.037 ], [ -105.1167, 37.036 ], [ -105.1161, 37.0351 ], [ -105.116, 37.033 ], [ -105.1139, 37.0321 ], [ -105.1127, 37.0302 ], [ -105.1097, 37.0284 ], [ -105.1057, 37.0279 ], [ -105.1021, 37.0257 ], [ -105.0981, 37.0251 ], [ -105.0956, 37.0253 ], [ -105.0912, 37.0226 ], [ -105.0882, 37.0231 ], [ -105.086, 37.0219 ], [ -105.0821, 37.0235 ], [ -105.0802, 37.0235 ], [ -105.0678, 37.019 ], [ -105.0642, 37.0165 ], [ -105.0625, 37.0145 ], [ -105.0581, 37.0123 ], [ -105.054, 37.0094 ], [ -105.0526, 37.0074 ], [ -105.0514, 37.0066 ], [ -105.0498, 37.0063 ], [ -105.0461, 37.0063 ], [ -105.0416, 37.0043 ], [ -105.0394, 37.0039 ], [ -105.0342, 37.0037 ], [ -105.0305, 37.0017 ], [ -105.0269, 37.0004 ], [ -105.0196, 37.0006 ], [ -105.0158, 36.9983 ], [ -105.0122, 36.9975 ], [ -105.0056, 36.9949 ], [ -105.0009, 36.9937 ], [ -104.998, 36.9945 ], [ -104.9936, 36.9933 ], [ -105.0292, 36.9927 ], [ -105.1208, 36.9954 ], [ -105.2206, 36.9952 ], [ -105.2261, 37.0036 ], [ -105.2277, 37.0073 ], [ -105.2292, 37.0083 ], [ -105.231, 37.0112 ], [ -105.2327, 37.0129 ], [ -105.2349, 37.0142 ], [ -105.2358, 37.0158 ], [ -105.2353, 37.0188 ], [ -105.2332, 37.0218 ], [ -105.236, 37.0259 ], [ -105.2367, 37.0313 ], [ -105.2328, 37.0375 ], [ -105.2307, 37.039 ], [ -105.2297, 37.0404 ], [ -105.2295, 37.0421 ], [ -105.2282, 37.0433 ], [ -105.2169, 37.0492 ], [ -105.2139, 37.0526 ], [ -105.2103, 37.0548 ], [ -105.2098, 37.0571 ], [ -105.211, 37.06 ], [ -105.2095, 37.0629 ], [ -105.2104, 37.064 ], [ -105.211, 37.0679 ], [ -105.212, 37.0695 ], [ -105.2108, 37.0725 ], [ -105.2093, 37.0722 ], [ -105.2064, 37.0719 ] ] ] ] } },
{ "type": "Feature", "properties": { "id": "130100" }, "geometry": { "type": "Polygon", "coordinates": [ [ [ -105.2108, 37.0725 ], [ -105.212, 37.0695 ], [ -105.211, 37.0679 ], [ -105.2104, 37.064 ], [ -105.2095, 37.0629 ], [ -105.211, 37.06 ], [ -105.2098, 37.0571 ], [ -105.2106, 37.0543 ], [ -105.2139, 37.0526 ], [ -105.2169, 37.0492 ], [ -105.2282, 37.0433 ], [ -105.2295, 37.0421 ], [ -105.2297, 37.0404 ], [ -105.2307, 37.039 ], [ -105.235, 37.0352 ], [ -105.2398, 37.034 ], [ -105.2437, 37.035 ], [ -105.2466, 37.0366 ], [ -105.2473, 37.0365 ], [ -105.249, 37.0321 ], [ -105.2501, 37.0309 ], [ -105.2515, 37.0306 ], [ -105.2551, 37.0267 ], [ -105.2569, 37.0227 ], [ -105.2578, 37.022 ], [ -105.26, 37.0219 ], [ -105.263, 37.023 ], [ -105.2652, 37.0225 ], [ -105.2672, 37.0227 ], [ -105.2722, 37.0249 ], [ -105.2728, 37.0246 ], [ -105.2744, 37.0233 ], [ -105.2745, 37.0162 ], [ -105.2752, 37.0151 ], [ -105.2798, 37.0128 ], [ -105.2836, 37.0124 ], [ -105.286, 37.007 ], [ -105.286, 37.0055 ], [ -105.29, 37.0001 ], [ -105.2926, 36.9985 ], [ -105.2958, 36.9985 ], [ -105.2966, 36.9956 ], [ -105.4919, 36.9959 ], [ -105.4937, 37.0009 ], [ -105.4939, 37.0033 ], [ -105.4968, 37.0067 ], [ -105.4964, 37.0148 ], [ -105.4943, 37.0177 ], [ -105.4939, 37.0194 ], [ -105.4957, 37.0213 ], [ -105.4976, 37.0217 ], [ -105.5008, 37.0303 ], [ -105.5039, 37.0319 ], [ -105.5041, 37.0334 ], [ -105.5049, 37.0345 ], [ -105.5048, 37.0382 ], [ -105.5039, 37.0398 ], [ -105.5033, 37.0399 ], [ -105.5037, 37.0401 ], [ -105.5033, 37.0435 ], [ -105.5045, 37.0451 ], [ -105.5018, 37.0466 ], [ -105.5012, 37.0493 ], [ -105.5006, 37.0502 ], [ -105.4942, 37.0511 ], [ -105.4917, 37.0504 ], [ -105.4855, 37.0473 ], [ -105.4823, 37.045 ], [ -105.4776, 37.0436 ], [ -105.4721, 37.0387 ], [ -105.4696, 37.0381 ], [ -105.4664, 37.0389 ], [ -105.4659, 37.0378 ], [ -105.4658, 37.033 ], [ -105.465, 37.0319 ], [ -105.4638, 37.0327 ], [ -105.4615, 37.0334 ], [ -105.4601, 37.0384 ], [ -105.4603, 37.0405 ], [ -105.4617, 37.0439 ], [ -105.4611, 37.046 ], [ -105.4594, 37.0474 ], [ -105.4602, 37.0486 ], [ -105.4606, 37.052 ], [ -105.4619, 37.053 ], [ -105.463, 37.0552 ], [ -105.4621, 37.0589 ], [ -105.4588, 37.0595 ], [ -105.4546, 37.0632 ], [ -105.4545, 37.0639 ], [ -105.4557, 37.0653 ], [ -105.4562, 37.0666 ], [ -105.4548, 37.0678 ], [ -105.455, 37.0692 ], [ -105.4537, 37.0722 ], [ -105.4535, 37.0743 ], [ -105.4553, 37.0832 ], [ -105.4515, 37.0909 ], [ -105.4503, 37.0923 ], [ -105.4482, 37.0932 ], [ -105.45, 37.1002 ], [ -105.4472, 37.1005 ], [ -105.44, 37.1073 ], [ -105.4374, 37.108 ], [ -105.4327, 37.1109 ], [ -105.4301, 37.1111 ], [ -105.4289, 37.1125 ], [ -105.4294, 37.1143 ], [ -105.4329, 37.1163 ], [ -105.4332, 37.1172 ], [ -105.4335, 37.1209 ], [ -105.4346, 37.1225 ], [ -105.4339, 37.1272 ], [ -105.4369, 37.1275 ], [ -105.4385, 37.129 ], [ -105.4396, 37.1313 ], [ -105.4429, 37.1343 ], [ -105.4438, 37.1366 ], [ -105.4482, 37.1433 ], [ -105.4508, 37.1461 ], [ -105.4536, 37.1526 ], [ -105.4543, 37.1575 ], [ -105.4532, 37.1608 ], [ -105.4548, 37.1615 ], [ -105.4568, 37.1644 ], [ -105.4579, 37.1695 ], [ -105.4599, 37.1754 ], [ -105.4587, 37.1771 ], [ -105.459, 37.1782 ], [ -105.4585, 37.1809 ], [ -105.4591, 37.1833 ], [ -105.4579, 37.1852 ], [ -105.4579, 37.1871 ], [ -105.4591, 37.1884 ], [ -105.4609, 37.1894 ], [ -105.4628, 37.1898 ], [ -105.4654, 37.1915 ], [ -105.4722, 37.1915 ], [ -105.4771, 37.1932 ], [ -105.4887, 37.1921 ], [ -105.4916, 37.1924 ], [ -105.4979, 37.1904 ], [ -105.5041, 37.1916 ], [ -105.5091, 37.1915 ], [ -105.5153, 37.1905 ], [ -105.5263, 37.1865 ], [ -105.5353, 37.1861 ], [ -105.5453, 37.1866 ], [ -105.5506, 37.1851 ], [ -105.5588, 37.1838 ], [ -105.5649, 37.1789 ], [ -105.5711, 37.1765 ], [ -105.5767, 37.1735 ], [ -105.585, 37.1657 ], [ -105.5882, 37.1642 ], [ -105.5967, 37.1608 ], [ -105.6082, 37.1584 ], [ -105.6139, 37.1556 ], [ -105.6291, 37.15 ], [ -105.6312, 37.1482 ], [ -105.6347, 37.147 ], [ -105.6372, 37.145 ], [ -105.6432, 37.1435 ], [ -105.644, 37.1439 ], [ -105.6449, 37.1435 ], [ -105.6484, 37.1443 ], [ -105.6502, 37.1436 ], [ -105.6508, 37.1426 ], [ -105.6522, 37.1421 ], [ -105.6523, 37.1412 ], [ -105.6543, 37.1412 ], [ -105.6557, 37.1393 ], [ -105.6585, 37.1376 ], [ -105.6597, 37.1355 ], [ -105.663, 37.1343 ], [ -105.6634, 37.1335 ], [ -105.6663, 37.1334 ], [ -105.6665, 37.1316 ], [ -105.6671, 37.1317 ], [ -105.6688, 37.1308 ], [ -105.6688, 37.1283 ], [ -105.6704, 37.1259 ], [ -105.6718, 37.1257 ], [ -105.6722, 37.1251 ], [ -105.6737, 37.1253 ], [ -105.6776, 37.1228 ], [ -105.6804, 37.1201 ], [ -105.682, 37.1194 ], [ -105.6828, 37.1185 ], [ -105.6833, 37.1159 ], [ -105.6829, 37.1144 ], [ -105.6835, 37.1132 ], [ -105.6824, 37.1103 ], [ -105.6859, 37.108 ], [ -105.6862, 37.1044 ], [ -105.6874, 37.1023 ], [ -105.6902, 37.1 ], [ -105.6922, 37.0974 ], [ -105.692, 37.0964 ], [ -105.6937, 37.0946 ], [ -105.6956, 37.0946 ], [ -105.6971, 37.0927 ], [ -105.6961, 37.0888 ], [ -105.6972, 37.086 ], [ -105.6965, 37.0857 ], [ -105.6968, 37.0852 ], [ -105.6963, 37.0841 ], [ -105.6974, 37.0818 ], [ -105.6973, 37.0767 ], [ -105.7046, 37.0661 ], [ -105.707, 37.0617 ], [ -105.7084, 37.0582 ], [ -105.7112, 37.0455 ], [ -105.7125, 37.043 ], [ -105.7108, 37.0399 ], [ -105.7124, 37.0316 ], [ -105.7098, 37.0251 ], [ -105.7103, 37.0218 ], [ -105.709, 37.0181 ], [ -105.7097, 37.0175 ], [ -105.7127, 37.0105 ], [ -105.7149, 37.0084 ], [ -105.7178, 37.0067 ], [ -105.7202, 37.0045 ], [ -105.7205, 37.0031 ], [ -105.719, 37.0008 ], [ -105.7193, 36.9994 ], [ -105.7276, 36.9958 ], [ -105.7643, 36.9957 ], [ -105.7725, 36.999 ], [ -105.7788, 36.9995 ], [ -105.7789, 36.9998 ], [ -105.7806, 36.9993 ], [ -105.7826, 37.0003 ], [ -105.783, 37.0036 ], [ -105.7851, 37.003 ], [ -105.7873, 37.0046 ], [ -105.788, 37.006 ], [ -105.7886, 37.0063 ], [ -105.7902, 37.0061 ], [ -105.7913, 37.0051 ], [ -105.7923, 37.0029 ], [ -105.7912, 37.0013 ], [ -105.7907, 36.9989 ], [ -105.7927, 36.9973 ], [ -105.7965, 36.9982 ], [ -105.8002, 37.0005 ], [ -105.8049, 37.0003 ], [ -105.8084, 36.9988 ], [ -105.8133, 36.998 ], [ -105.8147, 36.9958 ], [ -105.9968, 36.9955 ], [ -106.2015, 36.9941 ], [ -106.4573, 36.9938 ], [ -106.453, 36.997 ], [ -106.4506, 36.9966 ], [ -106.4506, 36.9974 ], [ -106.4474, 37.001 ], [ -106.4475, 37.003 ], [ -106.4491, 37.0051 ], [ -106.4497, 37.0076 ], [ -106.4496, 37.0116 ], [ -106.4494, 37.0147 ], [ -106.4463, 37.0168 ], [ -106.4465, 37.0176 ], [ -106.4547, 37.0234 ], [ -106.4563, 37.0251 ], [ -106.4555, 37.0263 ], [ -106.4558, 37.0275 ], [ -106.4607, 37.0325 ], [ -106.4624, 37.0372 ], [ -106.4645, 37.0405 ], [ -106.4664, 37.0407 ], [ -106.4672, 37.0391 ], [ -106.4724, 37.0432 ], [ -106.4791, 37.0434 ], [ -106.4861, 37.046 ], [ -106.4926, 37.0457 ], [ -106.495, 37.0474 ], [ -106.5018, 37.0475 ], [ -106.5042, 37.0485 ], [ -106.5065, 37.0512 ], [ -106.507, 37.0523 ], [ -106.5062, 37.0543 ], [ -106.5083, 37.0578 ], [ -106.5097, 37.0585 ], [ -106.5105, 37.0635 ], [ -106.513, 37.0683 ], [ -106.5137, 37.0768 ], [ -106.5162, 37.0807 ], [ -106.5186, 37.0875 ], [ -106.5213, 37.0897 ], [ -106.5207, 37.0958 ], [ -106.5179, 37.1026 ], [ -106.516, 37.1063 ], [ -106.5121, 37.1103 ], [ -106.5144, 37.1129 ], [ -106.5164, 37.1176 ], [ -106.524, 37.1218 ], [ -106.5268, 37.1239 ], [ -106.5376, 37.1272 ], [ -106.5391, 37.1286 ], [ -106.5379, 37.1297 ], [ -106.5373, 37.1312 ], [ -106.5428, 37.1344 ], [ -106.5469, 37.1348 ], [ -106.549, 37.1358 ], [ -106.5503, 37.1349 ], [ -106.5518, 37.1348 ], [ -106.5531, 37.1338 ], [ -106.5548, 37.1338 ], [ -106.5563, 37.1344 ], [ -106.5589, 37.1339 ], [ -106.5608, 37.1308 ], [ -106.5621, 37.13 ], [ -106.569, 37.129 ], [ -106.5699, 37.1283 ], [ -106.5712, 37.1289 ], [ -106.5776, 37.1295 ], [ -106.5811, 37.1291 ], [ -106.5828, 37.1293 ], [ -106.5832, 37.1313 ], [ -106.5875, 37.137 ], [ -106.5899, 37.1413 ], [ -106.5899, 37.1433 ], [ -106.5907, 37.147 ], [ -106.5936, 37.1485 ], [ -106.5944, 37.1498 ], [ -106.5925, 37.1547 ], [ -106.5901, 37.1639 ], [ -106.5906, 37.1668 ], [ -106.5912, 37.1673 ], [ -106.5923, 37.167 ], [ -106.593, 37.1682 ], [ -106.5942, 37.169 ], [ -106.5931, 37.1714 ], [ -106.5938, 37.1723 ], [ -106.594, 37.1747 ], [ -106.5914, 37.1766 ], [ -106.5905, 37.18 ], [ -106.5913, 37.1825 ], [ -106.5904, 37.1896 ], [ -106.5908, 37.1923 ], [ -106.5903, 37.1939 ], [ -106.5917, 37.197 ], [ -106.5909, 37.1975 ], [ -106.5919, 37.1998 ], [ -106.5918, 37.2011 ], [ -106.5929, 37.2021 ], [ -106.5944, 37.2079 ], [ -106.5954, 37.2084 ], [ -106.5963, 37.2083 ], [ -106.598, 37.2066 ], [ -106.5993, 37.2061 ], [ -106.5995, 37.2081 ], [ -106.6011, 37.2084 ], [ -106.6017, 37.2115 ], [ -106.6032, 37.2125 ], [ -106.6045, 37.2128 ], [ -106.6041, 37.2155 ], [ -106.6055, 37.2215 ], [ -106.6071, 37.2202 ], [ -106.6105, 37.2206 ], [ -106.6133, 37.2188 ], [ -106.6167, 37.2183 ], [ -106.6193, 37.2191 ], [ -106.6212, 37.2206 ], [ -106.6229, 37.2208 ], [ -106.6255, 37.2195 ], [ -106.6268, 37.2208 ], [ -106.6287, 37.2211 ], [ -106.6308, 37.2207 ], [ -106.6318, 37.2231 ], [ -106.6303, 37.2257 ], [ -106.6308, 37.2279 ], [ -106.6321, 37.2288 ], [ -106.6348, 37.2329 ], [ -106.6339, 37.2337 ], [ -106.6338, 37.2347 ], [ -106.6301, 37.2355 ], [ -106.6301, 37.2385 ], [ -106.6324, 37.2411 ], [ -106.6327, 37.2424 ], [ -106.6357, 37.2439 ], [ -106.6347, 37.245 ], [ -106.635, 37.2484 ], [ -106.6357, 37.2495 ], [ -106.635, 37.2519 ], [ -106.6353, 37.2537 ], [ -106.6345, 37.2559 ], [ -106.6349, 37.2567 ], [ -106.6364, 37.2571 ], [ -106.64, 37.2562 ], [ -106.6419, 37.257 ], [ -106.6455, 37.2566 ], [ -106.6477, 37.2571 ], [ -106.6488, 37.2564 ], [ -106.6495, 37.2551 ], [ -106.6558, 37.256 ], [ -106.6591, 37.2552 ], [ -106.6627, 37.2532 ], [ -106.6646, 37.2538 ], [ -106.668, 37.2559 ], [ -106.6706, 37.2555 ], [ -106.6739, 37.256 ], [ -106.6765, 37.2553 ], [ -106.6789, 37.2559 ], [ -106.686, 37.2592 ], [ -106.6858, 37.2617 ], [ -106.6882, 37.2629 ], [ -106.6893, 37.2647 ], [ -106.69, 37.2683 ], [ -106.6914, 37.2688 ], [ -106.6924, 37.2709 ], [ -106.6943, 37.2723 ], [ -106.6931, 37.274 ], [ -106.6939, 37.2752 ], [ -106.6916, 37.2791 ], [ -106.6878, 37.2812 ], [ -106.688, 37.2817 ], [ -106.6872, 37.2832 ], [ -106.6858, 37.2843 ], [ -106.6851, 37.2866 ], [ -106.6845, 37.2868 ], [ -106.6826, 37.2914 ], [ -106.6824, 37.2959 ], [ -106.6801, 37.296 ], [ -106.6778, 37.297 ], [ -106.6762, 37.2985 ], [ -106.6769, 37.3001 ], [ -106.675, 37.3028 ], [ -106.6719, 37.3034 ], [ -106.6699, 37.307 ], [ -106.6676, 37.3085 ], [ -106.6653, 37.3093 ], [ -106.6635, 37.3108 ], [ -106.6651, 37.3138 ], [ -106.6665, 37.3153 ], [ -106.666, 37.3209 ], [ -106.6716, 37.3215 ], [ -106.678, 37.3248 ], [ -106.6807, 37.3257 ], [ -106.6837, 37.3255 ], [ -106.6885, 37.3237 ], [ -106.6919, 37.324 ], [ -106.6938, 37.3249 ], [ -106.6959, 37.3272 ], [ -106.7023, 37.3287 ], [ -106.7033, 37.3303 ], [ -106.7067, 37.3314 ], [ -106.7066, 37.333 ], [ -106.7076, 37.3362 ], [ -106.7055, 37.339 ], [ -106.7044, 37.3392 ], [ -106.7014, 37.3421 ], [ -106.7009, 37.3433 ], [ -106.7014, 37.3448 ], [ -106.6983, 37.3496 ], [ -106.6969, 37.3506 ], [ -106.6986, 37.3535 ], [ -106.6986, 37.356 ], [ -106.6973, 37.3579 ], [ -106.6972, 37.3643 ], [ -106.6982, 37.3659 ], [ -106.6993, 37.3666 ], [ -106.6997, 37.3693 ], [ -106.6964, 37.3705 ], [ -106.692, 37.3732 ], [ -106.6864, 37.3721 ], [ -106.684, 37.3751 ], [ -106.6819, 37.3755 ], [ -106.6815, 37.3771 ], [ -106.6822, 37.3797 ], [ -106.681, 37.3806 ], [ -106.6797, 37.3888 ], [ -106.6759, 37.3908 ], [ -106.6739, 37.3935 ], [ -106.6719, 37.3934 ], [ -106.6702, 37.3945 ], [ -106.6702, 37.3958 ], [ -106.671, 37.3969 ], [ -106.6706, 37.4018 ], [ -106.668, 37.4004 ], [ -106.6663, 37.4002 ], [ -106.664, 37.4006 ], [ -106.6628, 37.4025 ], [ -106.663, 37.4042 ], [ -106.6611, 37.4073 ], [ -106.6598, 37.407 ], [ -106.6569, 37.4075 ], [ -106.6561, 37.4085 ], [ -106.6531, 37.4079 ], [ -106.6513, 37.4062 ], [ -106.6499, 37.4063 ], [ -106.6466, 37.405 ], [ -106.6428, 37.4076 ], [ -106.6413, 37.4078 ], [ -106.6414, 37.4088 ], [ -106.6433, 37.4104 ], [ -106.6433, 37.4128 ], [ -106.6448, 37.4139 ], [ -106.647, 37.4147 ], [ -106.6488, 37.4167 ], [ -106.6488, 37.4187 ], [ -106.65, 37.4212 ], [ -106.6517, 37.4212 ], [ -106.6525, 37.4222 ], [ -106.6556, 37.4228 ], [ -106.6568, 37.4249 ], [ -106.6575, 37.4252 ], [ -106.6576, 37.4273 ], [ -106.6584, 37.4279 ], [ -106.6614, 37.4299 ], [ -106.6645, 37.431 ], [ -106.6691, 37.4322 ], [ -106.6725, 37.4321 ], [ -106.6754, 37.4325 ], [ -106.6806, 37.4347 ], [ -106.6816, 37.4355 ], [ -106.6813, 37.4365 ], [ -106.682, 37.4379 ], [ -106.683, 37.4378 ], [ -106.6854, 37.4388 ], [ -106.688, 37.4389 ], [ -106.689, 37.4394 ], [ -106.6973, 37.4466 ], [ -106.6989, 37.4489 ], [ -106.702, 37.4514 ], [ -106.7035, 37.45 ], [ -106.7035, 37.4489 ], [ -106.7055, 37.4455 ], [ -106.7089, 37.4444 ], [ -106.7102, 37.4429 ], [ -106.7114, 37.4424 ], [ -106.7143, 37.4417 ], [ -106.7169, 37.4418 ], [ -106.7209, 37.4456 ], [ -106.7256, 37.4457 ], [ -106.7266, 37.4465 ], [ -106.7289, 37.4502 ], [ -106.729, 37.4534 ], [ -106.734, 37.4593 ], [ -106.7424, 37.4613 ], [ -106.7443, 37.4599 ], [ -106.7465, 37.4601 ], [ -106.7479, 37.4594 ], [ -106.7495, 37.4593 ], [ -106.7524, 37.4621 ], [ -106.7556, 37.4625 ], [ -106.7566, 37.4645 ], [ -106.7619, 37.4643 ], [ -106.7656, 37.4622 ], [ -106.7676, 37.4592 ], [ -106.7679, 37.458 ], [ -106.7689, 37.4573 ], [ -106.7694, 37.452 ], [ -106.7728, 37.4498 ], [ -106.7756, 37.4509 ], [ -106.7788, 37.4532 ], [ -106.7806, 37.4535 ], [ -106.7828, 37.4546 ], [ -106.7942, 37.4557 ], [ -106.7982, 37.4568 ], [ -106.8017, 37.4599 ], [ -106.8067, 37.4663 ], [ -106.806, 37.4694 ], [ -106.8047, 37.4717 ], [ -106.8026, 37.4739 ], [ -106.8013, 37.4766 ], [ -106.8004, 37.4826 ], [ -106.8006, 37.4829 ], [ -106.8033, 37.4835 ], [ -106.8043, 37.4871 ], [ -106.8013, 37.4907 ], [ -106.8003, 37.4911 ], [ -106.8004, 37.4927 ], [ -106.8011, 37.4932 ], [ -106.804, 37.4923 ], [ -106.807, 37.4934 ], [ -106.8079, 37.4944 ], [ -106.8109, 37.4953 ], [ -106.8107, 37.4964 ], [ -106.8112, 37.4967 ], [ -106.816, 37.4991 ], [ -106.8207, 37.4976 ], [ -106.8236, 37.495 ], [ -106.8266, 37.4951 ], [ -106.8282, 37.4947 ], [ -106.8333, 37.4976 ], [ -106.837, 37.5005 ], [ -106.8395, 37.4995 ], [ -106.845, 37.4994 ], [ -106.8494, 37.4952 ], [ -106.8512, 37.4926 ], [ -106.8531, 37.4922 ], [ -106.8536, 37.4923 ], [ -106.8544, 37.4939 ], [ -106.8582, 37.4959 ], [ -106.8597, 37.4963 ], [ -106.8609, 37.4972 ], [ -106.8631, 37.4966 ], [ -106.8645, 37.4972 ], [ -106.8652, 37.4982 ], [ -106.8665, 37.4986 ], [ -106.8744, 37.4996 ], [ -106.877, 37.5017 ], [ -106.8783, 37.5035 ], [ -106.8781, 37.5043 ], [ -106.8785, 37.505 ], [ -106.882, 37.5075 ], [ -106.8833, 37.5099 ], [ -106.8831, 37.5119 ], [ -106.8849, 37.5125 ], [ -106.8866, 37.5141 ], [ -106.8881, 37.5169 ], [ -106.8858, 37.5204 ], [ -106.882, 37.5226 ], [ -106.8831, 37.5252 ], [ -106.883, 37.5276 ], [ -106.8844, 37.5305 ], [ -106.8833, 37.534 ], [ -106.8847, 37.5366 ], [ -106.8826, 37.5382 ], [ -106.8821, 37.5417 ], [ -106.8789, 37.5444 ], [ -106.8806, 37.5457 ], [ -106.8815, 37.5479 ], [ -106.8813, 37.5498 ], [ -106.8793, 37.5531 ], [ -106.8805, 37.5544 ], [ -106.8809, 37.5561 ], [ -106.8812, 37.5612 ], [ -106.884, 37.5619 ], [ -106.8879, 37.5648 ], [ -106.8922, 37.5658 ], [ -106.8937, 37.5641 ], [ -106.8993, 37.5637 ], [ -106.9018, 37.5649 ], [ -106.909, 37.5641 ], [ -106.9112, 37.5648 ], [ -106.9131, 37.5672 ], [ -106.9155, 37.5673 ], [ -106.9215, 37.5703 ], [ -106.9237, 37.5695 ], [ -106.9254, 37.5699 ], [ -106.9265, 37.5695 ], [ -106.9319, 37.5693 ], [ -106.9345, 37.568 ], [ -106.9369, 37.5682 ], [ -106.9392, 37.5666 ], [ -106.9443, 37.568 ], [ -106.9471, 37.5695 ], [ -106.9486, 37.5708 ], [ -106.956, 37.5696 ], [ -106.958, 37.5686 ], [ -106.9597, 37.5669 ], [ -106.9618, 37.5662 ], [ -106.9691, 37.5652 ], [ -106.9703, 37.5658 ], [ -106.9738, 37.5658 ], [ -106.9755, 37.5663 ], [ -106.9766, 37.5686 ], [ -106.9788, 37.5689 ], [ -106.9801, 37.5701 ], [ -106.9801, 37.571 ], [ -106.981, 37.5713 ], [ -106.9845, 37.5713 ], [ -106.9871, 37.5708 ], [ -106.989, 37.5715 ], [ -106.9916, 37.5707 ], [ -106.9946, 37.5719 ], [ -106.9959, 37.5717 ], [ -106.998, 37.5697 ], [ -106.9992, 37.5694 ], [ -107.0006, 37.5699 ], [ -107.0015, 37.5727 ], [ -107.0081, 37.5737 ], [ -107.0096, 37.572 ], [ -107.0115, 37.572 ], [ -107.0123, 37.5711 ], [ -107.0149, 37.5702 ], [ -107.0136, 37.5693 ], [ -107.0136, 37.5686 ], [ -107.0182, 37.5645 ], [ -107.0188, 37.5628 ], [ -107.0221, 37.562 ], [ -107.0244, 37.5628 ], [ -107.0266, 37.5629 ], [ -107.0354, 37.5613 ], [ -107.0411, 37.5625 ], [ -107.045, 37.5603 ], [ -107.0464, 37.5611 ], [ -107.0456, 37.563 ], [ -107.0457, 37.5654 ], [ -107.0465, 37.5669 ], [ -107.0474, 37.5675 ], [ -107.0485, 37.57 ], [ -107.0514, 37.5698 ], [ -107.0556, 37.5708 ], [ -107.0567, 37.5704 ], [ -107.0595, 37.5715 ], [ -107.0632, 37.5718 ], [ -107.0637, 37.5723 ], [ -107.0679, 37.5704 ], [ -107.0696, 37.5707 ], [ -107.0732, 37.5692 ], [ -107.0759, 37.5686 ], [ -107.0777, 37.5689 ], [ -107.0836, 37.5713 ], [ -107.0906, 37.5727 ], [ -107.0931, 37.5739 ], [ -107.0944, 37.5762 ], [ -107.094, 37.5841 ], [ -107.0944, 37.585 ], [ -107.0923, 37.588 ], [ -107.0923, 37.591 ], [ -107.0916, 37.5941 ], [ -107.0919, 37.5959 ], [ -107.0963, 37.5975 ], [ -107.0983, 37.5995 ], [ -107.1035, 37.5991 ], [ -107.1063, 37.5999 ], [ -107.1069, 37.6012 ], [ -107.1067, 37.6033 ], [ -107.1088, 37.6069 ], [ -107.1098, 37.6076 ], [ -107.1118, 37.6084 ], [ -107.1137, 37.6072 ], [ -107.1159, 37.6046 ], [ -107.1174, 37.604 ], [ -107.1201, 37.6036 ], [ -107.1225, 37.6046 ], [ -107.124, 37.6044 ], [ -107.1285, 37.6025 ], [ -107.1319, 37.6029 ], [ -107.1337, 37.6027 ], [ -107.1355, 37.601 ], [ -107.1364, 37.6007 ], [ -107.1393, 37.6022 ], [ -107.1406, 37.6068 ], [ -107.1424, 37.6097 ], [ -107.1413, 37.6126 ], [ -107.1441, 37.6183 ], [ -107.1403, 37.6216 ], [ -107.1401, 37.6244 ], [ -107.1455, 37.6283 ], [ -107.1468, 37.6333 ], [ -107.1491, 37.6341 ], [ -107.1507, 37.6361 ], [ -107.1528, 37.637 ], [ -107.1594, 37.6351 ], [ -107.1613, 37.634 ], [ -107.1622, 37.634 ], [ -107.1637, 37.6362 ], [ -107.1684, 37.6338 ], [ -107.1727, 37.6328 ], [ -107.174, 37.6321 ], [ -107.1747, 37.6301 ], [ -107.1767, 37.6279 ], [ -107.1804, 37.6295 ], [ -107.1846, 37.6287 ], [ -107.186, 37.6272 ], [ -107.1912, 37.6257 ], [ -107.1991, 37.6257 ], [ -107.2, 37.6252 ], [ -107.2015, 37.6229 ], [ -107.2017, 37.6211 ], [ -107.2, 37.6167 ], [ -107.1977, 37.6147 ], [ -107.1992, 37.6135 ], [ -107.2011, 37.6107 ], [ -107.2042, 37.6079 ], [ -107.2072, 37.6077 ], [ -107.2084, 37.6039 ], [ -107.2106, 37.6047 ], [ -107.213, 37.6043 ], [ -107.2145, 37.6034 ], [ -107.2168, 37.6007 ], [ -107.2212, 37.5995 ], [ -107.2229, 37.5946 ], [ -107.2251, 37.5944 ], [ -107.2289, 37.5954 ], [ -107.2308, 37.5952 ], [ -107.2336, 37.5975 ], [ -107.2352, 37.5977 ], [ -107.2378, 37.5996 ], [ -107.2396, 37.6019 ], [ -107.2433, 37.6053 ], [ -107.2445, 37.6061 ], [ -107.2474, 37.607 ], [ -107.2489, 37.608 ], [ -107.2515, 37.6109 ], [ -107.2514, 37.6137 ], [ -107.254, 37.6144 ], [ -107.256, 37.6163 ], [ -107.2573, 37.6187 ], [ -107.2595, 37.6212 ], [ -107.2575, 37.623 ], [ -107.2568, 37.6246 ], [ -107.2566, 37.628 ], [ -107.2592, 37.6291 ], [ -107.2622, 37.6287 ], [ -107.2663, 37.6302 ], [ -107.2665, 37.6321 ], [ -107.2682, 37.6338 ], [ -107.2696, 37.6342 ], [ -107.2698, 37.6369 ], [ -107.2726, 37.6374 ], [ -107.2772, 37.6396 ], [ -107.2788, 37.6409 ], [ -107.2778, 37.6439 ], [ -107.2777, 37.6459 ], [ -107.2788, 37.6494 ], [ -107.277, 37.6528 ], [ -107.276, 37.6534 ], [ -107.2766, 37.6555 ], [ -107.2785, 37.6568 ], [ -107.2801, 37.66 ], [ -107.2852, 37.6647 ], [ -107.2892, 37.6674 ], [ -107.2896, 37.6695 ], [ -107.2908, 37.6712 ], [ -107.2887, 37.6715 ], [ -107.2865, 37.6731 ], [ -107.2832, 37.6729 ], [ -107.2807, 37.6736 ], [ -107.2754, 37.6784 ], [ -107.273, 37.6796 ], [ -107.2728, 37.6804 ], [ -107.2738, 37.682 ], [ -107.2726, 37.6853 ], [ -107.2733, 37.6873 ], [ -107.2703, 37.6906 ], [ -107.269, 37.6939 ], [ -107.2688, 37.696 ], [ -107.2736, 37.6944 ], [ -107.2786, 37.6938 ], [ -107.2812, 37.693 ], [ -107.2827, 37.691 ], [ -107.2835, 37.6908 ], [ -107.287, 37.691 ], [ -107.2911, 37.6876 ], [ -107.2928, 37.6836 ], [ -107.2975, 37.6815 ], [ -107.3027, 37.6802 ], [ -107.3067, 37.6774 ], [ -107.311, 37.68 ], [ -107.315, 37.6803 ], [ -107.3191, 37.6812 ], [ -107.322, 37.6833 ], [ -107.3237, 37.6836 ], [ -107.33, 37.6819 ], [ -107.3325, 37.6803 ], [ -107.3356, 37.6799 ], [ -107.3387, 37.6804 ], [ -107.3411, 37.6799 ], [ -107.3425, 37.6788 ], [ -107.3453, 37.6789 ], [ -107.3474, 37.6801 ], [ -107.3529, 37.6814 ], [ -107.3592, 37.6822 ], [ -107.3656, 37.6845 ], [ -107.3674, 37.6849 ], [ -107.3693, 37.6846 ], [ -107.3751, 37.6876 ], [ -107.3811, 37.6843 ], [ -107.3869, 37.6803 ], [ -107.39, 37.6797 ], [ -107.3924, 37.6797 ], [ -107.3936, 37.6787 ], [ -107.3934, 37.6751 ], [ -107.3939, 37.6721 ], [ -107.3927, 37.6702 ], [ -107.3928, 37.6673 ], [ -107.3947, 37.6651 ], [ -107.3943, 37.6632 ], [ -107.3973, 37.6598 ], [ -107.3976, 37.6576 ], [ -107.3985, 37.6563 ], [ -107.3976, 37.6531 ], [ -107.4011, 37.6513 ], [ -107.4038, 37.6508 ], [ -107.4068, 37.6496 ], [ -107.4091, 37.6496 ], [ -107.411, 37.6503 ], [ -107.4161, 37.6501 ], [ -107.4179, 37.6493 ], [ -107.4191, 37.65 ], [ -107.4222, 37.6499 ], [ -107.4238, 37.6503 ], [ -107.4241, 37.6476 ], [ -107.4268, 37.644 ], [ -107.4289, 37.6428 ], [ -107.4288, 37.642 ], [ -107.4302, 37.6405 ], [ -107.4323, 37.64 ], [ -107.4331, 37.6391 ], [ -107.4348, 37.6381 ], [ -107.436, 37.6383 ], [ -107.4367, 37.6378 ], [ -107.4389, 37.6381 ], [ -107.4414, 37.6374 ], [ -107.4402, 37.6346 ], [ -107.4416, 37.6339 ], [ -107.4419, 37.6324 ], [ -107.4498, 37.6332 ], [ -107.4542, 37.6342 ], [ -107.456, 37.6312 ], [ -107.455, 37.6303 ], [ -107.4552, 37.6299 ], [ -107.4562, 37.6299 ], [ -107.4569, 37.6293 ], [ -107.4614, 37.6294 ], [ -107.4639, 37.6301 ], [ -107.4688, 37.6326 ], [ -107.4722, 37.6361 ], [ -107.4745, 37.6366 ], [ -107.4768, 37.6386 ], [ -107.4794, 37.64 ], [ -107.4801, 37.6413 ], [ -107.4845, 37.6446 ], [ -107.4885, 37.6497 ], [ -107.492, 37.6517 ], [ -107.4922, 37.6527 ], [ -107.4893, 37.659 ], [ -107.4931, 37.6622 ], [ -107.4956, 37.6675 ], [ -107.498, 37.6695 ], [ -107.4982, 37.6755 ], [ -107.5004, 37.6763 ], [ -107.5021, 37.6777 ], [ -107.5003, 37.6807 ], [ -107.5019, 37.6832 ], [ -107.5017, 37.6853 ], [ -107.503, 37.6868 ], [ -107.5022, 37.6908 ], [ -107.504, 37.6921 ], [ -107.504, 37.6933 ], [ -107.5075, 37.6944 ], [ -107.5088, 37.6955 ], [ -107.5082, 37.6966 ], [ -107.5117, 37.6989 ], [ -107.5148, 37.7004 ], [ -107.5173, 37.7006 ], [ -107.519, 37.7017 ], [ -107.5202, 37.7029 ], [ -107.5202, 37.7048 ], [ -107.521, 37.7061 ], [ -107.5234, 37.7069 ], [ -107.525, 37.7069 ], [ -107.5298, 37.7063 ], [ -107.5307, 37.7056 ], [ -107.5318, 37.7054 ], [ -107.5373, 37.7084 ], [ -107.5366, 37.7097 ], [ -107.5368, 37.7104 ], [ -107.5348, 37.7123 ], [ -107.535, 37.7138 ], [ -107.5338, 37.7149 ], [ -107.5355, 37.7165 ], [ -107.5363, 37.7191 ], [ -107.5361, 37.7219 ], [ -107.5374, 37.7241 ], [ -107.5425, 37.7246 ], [ -107.5425, 37.7271 ], [ -107.5436, 37.7296 ], [ -107.5425, 37.7308 ], [ -107.542, 37.7325 ], [ -107.5442, 37.7346 ], [ -107.5485, 37.7365 ], [ -107.5501, 37.7411 ], [ -107.552, 37.7429 ], [ -107.5529, 37.7487 ], [ -107.5541, 37.7505 ], [ -107.555, 37.7534 ], [ -107.5543, 37.7548 ], [ -107.5567, 37.7576 ], [ -107.557, 37.76 ], [ -107.559, 37.7623 ], [ -107.5592, 37.7658 ], [ -107.5566, 37.7681 ], [ -107.5577, 37.7714 ], [ -107.5571, 37.7733 ], [ -107.5557, 37.7739 ], [ -107.5559, 37.7764 ], [ -107.5543, 37.7791 ], [ -107.5548, 37.7812 ], [ -107.5532, 37.7823 ], [ -107.5535, 37.783 ], [ -107.5549, 37.7839 ], [ -107.5555, 37.7867 ], [ -107.5549, 37.7875 ], [ -107.5548, 37.7896 ], [ -107.553, 37.7904 ], [ -107.5525, 37.7915 ], [ -107.5506, 37.7927 ], [ -107.5501, 37.795 ], [ -107.5457, 37.7989 ], [ -107.5456, 37.7997 ], [ -107.5397, 37.8004 ], [ -107.5369, 37.8022 ], [ -107.5348, 37.8023 ], [ -107.5333, 37.8029 ], [ -107.5298, 37.8012 ], [ -107.5302, 37.8029 ], [ -107.5313, 37.8037 ], [ -107.5316, 37.8049 ], [ -107.5304, 37.806 ], [ -107.5301, 37.8074 ], [ -107.528, 37.8094 ], [ -107.5265, 37.8098 ], [ -107.5269, 37.8114 ], [ -107.5259, 37.8133 ], [ -107.5207, 37.8154 ], [ -107.5183, 37.8157 ], [ -107.5188, 37.8164 ], [ -107.5185, 37.8175 ], [ -107.5209, 37.8188 ], [ -107.5214, 37.8209 ], [ -107.5231, 37.8228 ], [ -107.5168, 37.8265 ], [ -107.5173, 37.8292 ], [ -107.5167, 37.8299 ], [ -107.5162, 37.8319 ], [ -107.5168, 37.8332 ], [ -107.5161, 37.8347 ], [ -107.5134, 37.8371 ], [ -107.5115, 37.8379 ], [ -107.5098, 37.8399 ], [ -107.5074, 37.8408 ], [ -107.506, 37.8412 ], [ -107.5017, 37.8406 ], [ -107.4997, 37.8399 ], [ -107.5005, 37.8427 ], [ -107.4997, 37.845 ], [ -107.4979, 37.8458 ], [ -107.4959, 37.8487 ], [ -107.4945, 37.8498 ], [ -107.4929, 37.8497 ], [ -107.4878, 37.846 ], [ -107.4843, 37.8452 ], [ -107.4813, 37.846 ], [ -107.4778, 37.8451 ], [ -107.4753, 37.8473 ], [ -107.4747, 37.8461 ], [ -107.474, 37.8458 ], [ -107.4733, 37.8465 ], [ -107.4718, 37.8467 ], [ -107.4706, 37.8475 ], [ -107.4682, 37.8462 ], [ -107.4674, 37.8461 ], [ -107.4667, 37.8467 ], [ -107.4664, 37.8505 ], [ -107.4639, 37.8567 ], [ -107.4653, 37.8588 ], [ -107.4633, 37.8575 ], [ -107.4604, 37.8565 ], [ -107.4593, 37.8566 ], [ -107.4584, 37.856 ], [ -107.4571, 37.8544 ], [ -107.4569, 37.8528 ], [ -107.455, 37.8516 ], [ -107.455, 37.8507 ], [ -107.4522, 37.8495 ], [ -107.4514, 37.8471 ], [ -107.4486, 37.8479 ], [ -107.4473, 37.8491 ], [ -107.4454, 37.8487 ], [ -107.4456, 37.8438 ], [ -107.4426, 37.8461 ], [ -107.4412, 37.8449 ], [ -107.4399, 37.8447 ], [ -107.4392, 37.8447 ], [ -107.4377, 37.8461 ], [ -107.4362, 37.846 ], [ -107.4355, 37.8472 ], [ -107.4325, 37.8489 ], [ -107.4319, 37.8524 ], [ -107.4301, 37.853 ], [ -107.4296, 37.8547 ], [ -107.4246, 37.8592 ], [ -107.4212, 37.8585 ], [ -107.4177, 37.8584 ], [ -107.4155, 37.8568 ], [ -107.4135, 37.8564 ], [ -107.4092, 37.8563 ], [ -107.4002, 37.8575 ], [ -107.395, 37.8559 ], [ -107.3889, 37.8552 ], [ -107.3879, 37.8562 ], [ -107.386, 37.8566 ], [ -107.3822, 37.8603 ], [ -107.3808, 37.8607 ], [ -107.3787, 37.8585 ], [ -107.3747, 37.8558 ], [ -107.3725, 37.8564 ], [ -107.3688, 37.856 ], [ -107.3674, 37.857 ], [ -107.3663, 37.8568 ], [ -107.3639, 37.8573 ], [ -107.3609, 37.8593 ], [ -107.3556, 37.8584 ], [ -107.353, 37.8569 ], [ -107.3514, 37.8572 ], [ -107.3494, 37.8565 ], [ -107.3481, 37.8571 ], [ -107.3473, 37.8579 ], [ -107.3465, 37.861 ], [ -107.3465, 37.863 ], [ -107.3453, 37.8652 ], [ -107.3407, 37.8692 ], [ -107.3409, 37.8703 ], [ -107.3402, 37.8713 ], [ -107.3381, 37.872 ], [ -107.3367, 37.8747 ], [ -107.3351, 37.8763 ], [ -107.3271, 37.8802 ], [ -107.3264, 37.8823 ], [ -107.3246, 37.8833 ], [ -107.3223, 37.8854 ], [ -107.3202, 37.8863 ], [ -107.3182, 37.89 ], [ -107.3158, 37.892 ], [ -107.3126, 37.8919 ], [ -107.3109, 37.8911 ], [ -107.3089, 37.8915 ], [ -107.3063, 37.8945 ], [ -107.3061, 37.8956 ], [ -107.3038, 37.8962 ], [ -107.3029, 37.8971 ], [ -107.3028, 37.8981 ], [ -107.3006, 37.8987 ], [ -107.2994, 37.9023 ], [ -107.2986, 37.9027 ], [ -107.2992, 37.9053 ], [ -107.2975, 37.9066 ], [ -107.2936, 37.9079 ], [ -107.2922, 37.9124 ], [ -107.2909, 37.9131 ], [ -107.2894, 37.9156 ], [ -107.2857, 37.9174 ], [ -107.2848, 37.9189 ], [ -107.2846, 37.9217 ], [ -107.2825, 37.9228 ], [ -107.2804, 37.9248 ], [ -107.28, 37.9267 ], [ -107.2786, 37.9283 ], [ -107.2781, 37.9301 ], [ -107.2749, 37.9308 ], [ -107.2731, 37.9319 ], [ -107.2716, 37.9332 ], [ -107.2695, 37.9369 ], [ -107.2673, 37.938 ], [ -107.2645, 37.9376 ], [ -107.2608, 37.9358 ], [ -107.2593, 37.9347 ], [ -107.256, 37.931 ], [ -107.2532, 37.9293 ], [ -107.2481, 37.9284 ], [ -107.2386, 37.9279 ], [ -107.2323, 37.9286 ], [ -107.2285, 37.9267 ], [ -107.2257, 37.926 ], [ -107.2245, 37.9263 ], [ -107.2224, 37.9282 ], [ -107.2068, 37.9289 ], [ -107.2018, 37.9298 ], [ -107.1994, 37.9318 ], [ -107.1981, 37.9348 ], [ -107.1905, 37.9366 ], [ -107.1849, 37.9365 ], [ -107.1825, 37.9356 ], [ -107.1812, 37.9356 ], [ -107.1766, 37.9367 ], [ -107.1729, 37.9364 ], [ -107.1682, 37.9376 ], [ -107.1657, 37.939 ], [ -107.1622, 37.9393 ], [ -107.1605, 37.939 ], [ -107.1547, 37.9402 ], [ -107.1474, 37.9401 ], [ -107.1436, 37.9392 ], [ -107.1417, 37.9393 ], [ -107.1402, 37.9385 ], [ -107.1373, 37.9381 ], [ -107.1336, 37.9369 ], [ -107.1325, 37.9369 ], [ -107.1248, 37.9407 ], [ -107.1219, 37.9413 ], [ -107.1197, 37.9424 ], [ -107.1181, 37.9426 ], [ -107.1169, 37.9415 ], [ -107.1092, 37.9437 ], [ -107.1057, 37.9481 ], [ -107.1045, 37.9506 ], [ -107.1045, 37.9528 ], [ -107.1031, 37.9542 ], [ -107.1029, 37.9554 ], [ -107.1015, 37.9539 ], [ -107.1011, 37.9525 ], [ -107.1, 37.9517 ], [ -107.0945, 37.9495 ], [ -107.0915, 37.9492 ], [ -107.0889, 37.9502 ], [ -107.0871, 37.9523 ], [ -107.0846, 37.9536 ], [ -107.0795, 37.9537 ], [ -107.0777, 37.9541 ], [ -107.0751, 37.9537 ], [ -107.073, 37.9546 ], [ -107.0703, 37.9569 ], [ -107.068, 37.9601 ], [ -107.0677, 37.9615 ], [ -107.0648, 37.9597 ], [ -107.0607, 37.9596 ], [ -107.0586, 37.9546 ], [ -107.055, 37.9509 ], [ -107.053, 37.9512 ], [ -107.0506, 37.9522 ], [ -107.0432, 37.9486 ], [ -107.037, 37.9487 ], [ -107.0325, 37.9496 ], [ -107.0313, 37.9515 ], [ -107.0312, 37.9525 ], [ -107.0283, 37.9535 ], [ -107.027, 37.9545 ], [ -107.0249, 37.9544 ], [ -107.0214, 37.9529 ], [ -107.0177, 37.9499 ], [ -107.0168, 37.9485 ], [ -107.0153, 37.9485 ], [ -107.0134, 37.9475 ], [ -107.009, 37.9465 ], [ -107.0076, 37.9471 ], [ -107.0066, 37.9491 ], [ -107.0069, 37.9529 ], [ -107.0053, 37.9566 ], [ -107.0041, 37.9568 ], [ -107.002, 37.9557 ], [ -107.0012, 37.9557 ], [ -106.9988, 37.9572 ], [ -106.9984, 37.9584 ], [ -106.9972, 37.9586 ], [ -106.9964, 37.9605 ], [ -106.9936, 37.9613 ], [ -106.992, 37.9605 ], [ -106.9903, 37.9606 ], [ -106.987, 37.9631 ], [ -106.9872, 37.9694 ], [ -106.9852, 37.969 ], [ -106.9828, 37.9693 ], [ -106.9773, 37.969 ], [ -106.9753, 37.9705 ], [ -106.9691, 37.973 ], [ -106.9683, 37.9744 ], [ -106.9672, 37.9748 ], [ -106.964, 37.9727 ], [ -106.9608, 37.9725 ], [ -106.9624, 37.9704 ], [ -106.9618, 37.9679 ], [ -106.9588, 37.9674 ], [ -106.9544, 37.9645 ], [ -106.9518, 37.9615 ], [ -106.9523, 37.9586 ], [ -106.952, 37.9573 ], [ -106.9481, 37.9562 ], [ -106.9449, 37.9523 ], [ -106.9413, 37.9546 ], [ -106.9372, 37.9562 ], [ -106.9352, 37.9592 ], [ -106.9349, 37.9608 ], [ -106.9326, 37.9612 ], [ -106.9282, 37.9642 ], [ -106.9237, 37.9647 ], [ -106.9203, 37.9674 ], [ -106.9163, 37.9662 ], [ -106.9114, 37.9662 ], [ -106.9093, 37.964 ], [ -106.9073, 37.9633 ], [ -106.9047, 37.964 ], [ -106.9034, 37.9651 ], [ -106.8995, 37.9666 ], [ -106.8975, 37.968 ], [ -106.8962, 37.9677 ], [ -106.894, 37.9667 ], [ -106.8884, 37.9615 ], [ -106.8827, 37.9613 ], [ -106.8806, 37.9608 ], [ -106.8794, 37.96 ], [ -106.8779, 37.9576 ], [ -106.8791, 37.9544 ], [ -106.8795, 37.9495 ], [ -106.8771, 37.9485 ], [ -106.876, 37.9461 ], [ -106.8751, 37.9452 ], [ -106.8735, 37.9445 ], [ -106.8732, 37.9435 ], [ -106.8715, 37.9417 ], [ -106.8582, 37.9495 ], [ -106.8545, 37.9542 ], [ -106.8546, 37.9549 ], [ -106.8532, 37.9559 ], [ -106.8504, 37.9567 ], [ -106.8472, 37.9571 ], [ -106.8439, 37.9558 ], [ -106.8394, 37.956 ], [ -106.831, 37.9547 ], [ -106.8205, 37.9551 ], [ -106.8164, 37.9557 ], [ -106.8144, 37.958 ], [ -106.8131, 37.9616 ], [ -106.8102, 37.9642 ], [ -106.8107, 37.9669 ], [ -106.8098, 37.97 ], [ -106.8069, 37.9717 ], [ -106.8033, 37.9716 ], [ -106.8033, 37.9801 ], [ -106.8024, 37.9842 ], [ -106.8012, 37.9864 ], [ -106.7984, 37.9891 ], [ -106.7964, 37.9884 ], [ -106.7955, 37.989 ], [ -106.7903, 37.9963 ], [ -106.7881, 37.9977 ], [ -106.7868, 37.9994 ], [ -106.7853, 37.9992 ], [ -106.7834, 37.9999 ], [ -106.7822, 38.0021 ], [ -106.7931, 38.0057 ], [ -106.7975, 38.0089 ], [ -106.8029, 38.0115 ], [ -106.8087, 38.0158 ], [ -106.8069, 38.0207 ], [ -106.8071, 38.0263 ], [ -106.8064, 38.0307 ], [ -106.8045, 38.0331 ], [ -106.7998, 38.0367 ], [ -106.7985, 38.0403 ], [ -106.7951, 38.0455 ], [ -106.794, 38.0467 ], [ -106.788, 38.0506 ], [ -106.7868, 38.054 ], [ -106.783, 38.0562 ], [ -106.7815, 38.0577 ], [ -106.7802, 38.0597 ], [ -106.7793, 38.0629 ], [ -106.7777, 38.0654 ], [ -106.7693, 38.0718 ], [ -106.7668, 38.0763 ], [ -106.7677, 38.0783 ], [ -106.7673, 38.0796 ], [ -106.7631, 38.0833 ], [ -106.761, 38.0843 ], [ -106.7598, 38.086 ], [ -106.758, 38.0863 ], [ -106.7551, 38.0853 ], [ -106.7529, 38.0858 ], [ -106.7492, 38.0885 ], [ -106.748, 38.0913 ], [ -106.747, 38.0923 ], [ -106.7444, 38.0935 ], [ -106.743, 38.0933 ], [ -106.7403, 38.0913 ], [ -106.7372, 38.0909 ], [ -106.7329, 38.0917 ], [ -106.7288, 38.0901 ], [ -106.7247, 38.0905 ], [ -106.722, 38.0917 ], [ -106.7203, 38.0916 ], [ -106.7146, 38.0876 ], [ -106.7105, 38.0866 ], [ -106.7093, 38.0849 ], [ -106.7073, 38.0837 ], [ -106.7065, 38.0816 ], [ -106.7042, 38.0805 ], [ -106.6924, 38.0805 ], [ -106.6848, 38.0814 ], [ -106.684, 38.0818 ], [ -106.6827, 38.0847 ], [ -106.6803, 38.0846 ], [ -106.6769, 38.0857 ], [ -106.6733, 38.0858 ], [ -106.6701, 38.0869 ], [ -106.6719, 38.0884 ], [ -106.6722, 38.0914 ], [ -106.6715, 38.0935 ], [ -106.6699, 38.0947 ], [ -106.6665, 38.0953 ], [ -106.6629, 38.0975 ], [ -106.6614, 38.0994 ], [ -106.6606, 38.1028 ], [ -106.6579, 38.1029 ], [ -106.6552, 38.1055 ], [ -106.6548, 38.1076 ], [ -106.6558, 38.1085 ], [ -106.6553, 38.11 ], [ -106.6534, 38.1106 ], [ -106.6498, 38.1108 ], [ -106.6479, 38.1102 ], [ -106.6462, 38.1147 ], [ -106.6447, 38.1153 ], [ -106.6436, 38.1148 ], [ -106.6436, 38.1171 ], [ -106.6409, 38.1202 ], [ -106.6392, 38.1208 ], [ -106.6378, 38.1232 ], [ -106.6364, 38.1232 ], [ -106.6338, 38.1248 ], [ -106.6333, 38.1283 ], [ -106.6313, 38.129 ], [ -106.63, 38.1306 ], [ -106.6268, 38.1296 ], [ -106.6202, 38.132 ], [ -106.6175, 38.1315 ], [ -106.6146, 38.1317 ], [ -106.6106, 38.1346 ], [ -106.609, 38.1395 ], [ -106.6081, 38.1409 ], [ -106.6082, 38.1429 ], [ -106.6063, 38.1444 ], [ -106.6036, 38.1448 ], [ -106.6021, 38.1486 ], [ -106.6029, 38.1506 ], [ -106.5991, 38.153 ], [ -106.5996, 38.1543 ], [ -106.5971, 38.1569 ], [ -106.5993, 38.1597 ], [ -106.6003, 38.1619 ], [ -106.6012, 38.1665 ], [ -106.6008, 38.1668 ], [ -106.6008, 38.1689 ], [ -106.6017, 38.1709 ], [ -106.5981, 38.1753 ], [ -106.5974, 38.1772 ], [ -106.5982, 38.1802 ], [ -106.5967, 38.1823 ], [ -106.5986, 38.1867 ], [ -106.598, 38.1893 ], [ -106.5958, 38.1887 ], [ -106.5908, 38.1903 ], [ -106.5872, 38.1894 ], [ -106.5859, 38.193 ], [ -106.5824, 38.1989 ], [ -106.5811, 38.2034 ], [ -106.5763, 38.2093 ], [ -106.5758, 38.2121 ], [ -106.5714, 38.2154 ], [ -106.5655, 38.2215 ], [ -106.5605, 38.2244 ], [ -106.5576, 38.2273 ], [ -106.5548, 38.2291 ], [ -106.5571, 38.2299 ], [ -106.5589, 38.2311 ], [ -106.5605, 38.2343 ], [ -106.5606, 38.2377 ], [ -106.5593, 38.2416 ], [ -106.5559, 38.2456 ], [ -106.5596, 38.2482 ], [ -106.5593, 38.2516 ], [ -106.5556, 38.2538 ], [ -106.5506, 38.2533 ], [ -106.5448, 38.2561 ], [ -106.5427, 38.2578 ], [ -106.541, 38.2606 ], [ -106.5363, 38.262 ], [ -106.5317, 38.2684 ], [ -106.531, 38.2708 ], [ -106.5291, 38.274 ], [ -106.5287, 38.277 ], [ -106.5247, 38.2801 ], [ -106.5243, 38.2828 ], [ -106.5214, 38.2841 ], [ -106.5199, 38.2854 ], [ -106.5199, 38.2902 ], [ -106.5184, 38.2926 ], [ -106.5181, 38.2952 ], [ -106.5142, 38.2984 ], [ -106.5142, 38.2998 ], [ -106.5114, 38.3044 ], [ -106.5097, 38.3086 ], [ -106.5086, 38.3103 ], [ -106.5066, 38.3119 ], [ -106.5049, 38.3149 ], [ -106.503, 38.3154 ], [ -106.5, 38.3146 ], [ -106.4985, 38.3147 ], [ -106.494, 38.3161 ], [ -106.4883, 38.317 ], [ -106.4863, 38.3162 ], [ -106.4834, 38.3161 ], [ -106.4797, 38.3172 ], [ -106.4739, 38.3222 ], [ -106.4739, 38.3178 ], [ -106.4726, 38.3129 ], [ -106.4684, 38.3143 ], [ -106.466, 38.3141 ], [ -106.464, 38.313 ], [ -106.4629, 38.3116 ], [ -106.4626, 38.3096 ], [ -106.461, 38.3073 ], [ -106.4604, 38.3036 ], [ -106.4589, 38.3011 ], [ -106.4571, 38.2994 ], [ -106.4532, 38.2979 ], [ -106.4464, 38.2904 ], [ -106.4414, 38.2885 ], [ -106.4376, 38.2829 ], [ -106.4342, 38.2819 ], [ -106.4295, 38.2811 ], [ -106.4235, 38.2822 ], [ -106.4203, 38.2807 ], [ -106.417, 38.2807 ], [ -106.4123, 38.2824 ], [ -106.4093, 38.2855 ], [ -106.4061, 38.2857 ], [ -106.4004, 38.2844 ], [ -106.395, 38.2821 ], [ -106.3928, 38.2834 ], [ -106.3883, 38.2844 ], [ -106.3861, 38.2858 ], [ -106.3844, 38.2874 ], [ -106.3847, 38.2878 ], [ -106.3829, 38.2914 ], [ -106.3823, 38.292 ], [ -106.3795, 38.2931 ], [ -106.3688, 38.2928 ], [ -106.3599, 38.291 ], [ -106.357, 38.291 ], [ -106.3538, 38.292 ], [ -106.3526, 38.2919 ], [ -106.3433, 38.2901 ], [ -106.3387, 38.287 ], [ -106.3361, 38.2886 ], [ -106.3335, 38.2927 ], [ -106.3308, 38.3015 ], [ -106.3296, 38.3097 ], [ -106.3282, 38.3139 ], [ -106.3264, 38.3168 ], [ -106.3252, 38.3243 ], [ -106.3227, 38.3264 ], [ -106.3218, 38.3288 ], [ -106.3194, 38.3312 ], [ -106.318, 38.3348 ], [ -106.3178, 38.3375 ], [ -106.3182, 38.3401 ], [ -106.3161, 38.3426 ], [ -106.314, 38.3428 ], [ -106.3096, 38.3444 ], [ -106.3079, 38.3436 ], [ -106.3043, 38.3445 ], [ -106.3013, 38.344 ], [ -106.2992, 38.3447 ], [ -106.296, 38.3444 ], [ -106.2916, 38.345 ], [ -106.2813, 38.3485 ], [ -106.2784, 38.3505 ], [ -106.272, 38.3526 ], [ -106.2689, 38.3527 ], [ -106.2661, 38.3521 ], [ -106.2624, 38.3502 ], [ -106.2584, 38.3498 ], [ -106.2543, 38.3485 ], [ -106.2484, 38.3452 ], [ -106.2466, 38.3419 ], [ -106.2402, 38.3416 ], [ -106.2343, 38.339 ], [ -106.2308, 38.3394 ], [ -106.2298, 38.3398 ], [ -106.2272, 38.3351 ], [ -106.2267, 38.3331 ], [ -106.2258, 38.3321 ], [ -106.2241, 38.3313 ], [ -106.2215, 38.3281 ], [ -106.2144, 38.3334 ], [ -106.2111, 38.3324 ], [ -106.2062, 38.3334 ], [ -106.2043, 38.337 ], [ -106.2026, 38.3374 ], [ -106.2011, 38.3389 ], [ -106.2011, 38.3397 ], [ -106.1992, 38.341 ], [ -106.1954, 38.3416 ], [ -106.195, 38.3429 ], [ -106.1938, 38.3445 ], [ -106.1935, 38.3472 ], [ -106.1928, 38.3485 ], [ -106.1911, 38.3483 ], [ -106.1858, 38.3433 ], [ -106.1837, 38.342 ], [ -106.1804, 38.3411 ], [ -106.1757, 38.3404 ], [ -106.1657, 38.343 ], [ -106.1603, 38.3428 ], [ -106.1571, 38.3487 ], [ -106.1566, 38.353 ], [ -106.1552, 38.3528 ], [ -106.1521, 38.3557 ], [ -106.1449, 38.3534 ], [ -106.1435, 38.3527 ], [ -106.142, 38.3512 ], [ -106.1435, 38.354 ], [ -106.1435, 38.3562 ], [ -106.141, 38.3586 ], [ -106.136, 38.3616 ], [ -106.136, 38.363 ], [ -106.1342, 38.3666 ], [ -106.1341, 38.3683 ], [ -106.1281, 38.3678 ], [ -106.1271, 38.3717 ], [ -106.1242, 38.3752 ], [ -106.1191, 38.3735 ], [ -106.1182, 38.3736 ], [ -106.1168, 38.3741 ], [ -106.1135, 38.3781 ], [ -106.1082, 38.3797 ], [ -106.1104, 38.3834 ], [ -106.1101, 38.3861 ], [ -106.1127, 38.3891 ], [ -106.1128, 38.3915 ], [ -106.1154, 38.3949 ], [ -106.1167, 38.3978 ], [ -106.1161, 38.3994 ], [ -106.114, 38.4004 ], [ -106.1131, 38.4013 ], [ -106.1151, 38.4041 ], [ -106.1118, 38.4054 ], [ -106.1042, 38.4096 ], [ -106.101, 38.4123 ], [ -106.0959, 38.4137 ], [ -106.0935, 38.4167 ], [ -106.0917, 38.4181 ], [ -106.0889, 38.4186 ], [ -106.0881, 38.421 ], [ -106.0862, 38.424 ], [ -106.0834, 38.423 ], [ -106.0768, 38.4236 ], [ -106.0747, 38.4248 ], [ -106.0742, 38.4266 ], [ -106.072, 38.4276 ], [ -106.0712, 38.4292 ], [ -106.0695, 38.4303 ], [ -106.0702, 38.4323 ], [ -106.0666, 38.4337 ], [ -106.0654, 38.4358 ], [ -106.064, 38.4369 ], [ -106.0582, 38.4442 ], [ -106.059, 38.448 ], [ -106.0606, 38.4489 ], [ -106.0622, 38.451 ], [ -106.0601, 38.4529 ], [ -106.0601, 38.4549 ], [ -106.0593, 38.4562 ], [ -106.0586, 38.4567 ], [ -106.0557, 38.4549 ], [ -106.0509, 38.4544 ], [ -106.0439, 38.4574 ], [ -106.0428, 38.4582 ], [ -106.0418, 38.4573 ], [ -106.0388, 38.4561 ], [ -106.031, 38.4535 ], [ -106.0239, 38.4539 ], [ -106.0216, 38.4544 ], [ -106.019, 38.4543 ], [ -106.0175, 38.4522 ], [ -106.0176, 38.4483 ], [ -106.0157, 38.4474 ], [ -106.0111, 38.4466 ], [ -106.0126, 38.4448 ], [ -106.0128, 38.4406 ], [ -106.0123, 38.4389 ], [ -106.0107, 38.4369 ], [ -106.0086, 38.4355 ], [ -106.0074, 38.4329 ], [ -106.0019, 38.4314 ], [ -106.0004, 38.427 ], [ -106.0008, 38.425 ], [ -105.9965, 38.4202 ], [ -105.9936, 38.4194 ], [ -105.9877, 38.4189 ], [ -105.9846, 38.4196 ], [ -105.984, 38.4203 ], [ -105.9831, 38.419 ], [ -105.9804, 38.4173 ], [ -105.9796, 38.4146 ], [ -105.9743, 38.4109 ], [ -105.9736, 38.4098 ], [ -105.9731, 38.4095 ], [ -105.97, 38.41 ], [ -105.9654, 38.4068 ], [ -105.9633, 38.4048 ], [ -105.961, 38.4035 ], [ -105.96, 38.4016 ], [ -105.9598, 38.3974 ], [ -105.9565, 38.3949 ], [ -105.9505, 38.3936 ], [ -105.9501, 38.3926 ], [ -105.9477, 38.3905 ], [ -105.947, 38.3853 ], [ -105.9454, 38.3829 ], [ -105.9444, 38.3785 ], [ -105.9402, 38.3768 ], [ -105.9382, 38.3736 ], [ -105.936, 38.3731 ], [ -105.9321, 38.37 ], [ -105.9279, 38.3689 ], [ -105.9248, 38.3686 ], [ -105.9236, 38.3677 ], [ -105.9217, 38.3675 ], [ -105.9206, 38.3678 ], [ -105.9179, 38.3632 ], [ -105.9125, 38.3615 ], [ -105.9094, 38.3552 ], [ -105.9064, 38.3534 ], [ -105.9021, 38.3524 ], [ -105.9014, 38.3514 ], [ -105.8982, 38.3501 ], [ -105.8953, 38.3473 ], [ -105.8937, 38.3465 ], [ -105.8925, 38.3431 ], [ -105.891, 38.3415 ], [ -105.889, 38.3411 ], [ -105.8885, 38.3382 ], [ -105.8887, 38.3344 ], [ -105.887, 38.3325 ], [ -105.8872, 38.3317 ], [ -105.8852, 38.3289 ], [ -105.8823, 38.3273 ], [ -105.8798, 38.3212 ], [ -105.8769, 38.3188 ], [ -105.8767, 38.3163 ], [ -105.8742, 38.3151 ], [ -105.872, 38.3108 ], [ -105.8689, 38.3088 ], [ -105.8674, 38.306 ], [ -105.8616, 38.3032 ], [ -105.8586, 38.2987 ], [ -105.8534, 38.2966 ], [ -105.8509, 38.295 ], [ -105.8496, 38.2922 ], [ -105.8479, 38.2911 ], [ -105.8463, 38.2906 ], [ -105.8431, 38.2933 ], [ -105.8408, 38.2923 ], [ -105.8368, 38.288 ], [ -105.8317, 38.2859 ], [ -105.8285, 38.2812 ], [ -105.8274, 38.2786 ], [ -105.8223, 38.2764 ], [ -105.8194, 38.2735 ], [ -105.8182, 38.2739 ], [ -105.8144, 38.2728 ], [ -105.8113, 38.273 ], [ -105.8072, 38.2711 ], [ -105.7998, 38.2699 ], [ -105.7993, 38.2685 ], [ -105.7971, 38.2664 ], [ -105.7974, 38.2655 ], [ -105.7969, 38.2625 ], [ -105.7956, 38.2597 ], [ -105.7925, 38.255 ], [ -105.7894, 38.2518 ], [ -105.7892, 38.2462 ], [ -105.7899, 38.2445 ], [ -105.7882, 38.2423 ], [ -105.7834, 38.2395 ], [ -105.7809, 38.2392 ], [ -105.7758, 38.2361 ], [ -105.7685, 38.234 ], [ -105.7674, 38.232 ], [ -105.7663, 38.2312 ], [ -105.7598, 38.2287 ], [ -105.7562, 38.2237 ], [ -105.7566, 38.2191 ], [ -105.7562, 38.2185 ], [ -105.7506, 38.2143 ], [ -105.7477, 38.2141 ], [ -105.7449, 38.2145 ], [ -105.7409, 38.2103 ], [ -105.7364, 38.2093 ], [ -105.734, 38.2043 ], [ -105.7331, 38.2009 ], [ -105.7316, 38.2009 ], [ -105.727, 38.1997 ], [ -105.7236, 38.1956 ], [ -105.7211, 38.1913 ], [ -105.7179, 38.1889 ], [ -105.7163, 38.1853 ], [ -105.7133, 38.1834 ], [ -105.7084, 38.1818 ], [ -105.7079, 38.1797 ], [ -105.7067, 38.178 ], [ -105.7051, 38.1763 ], [ -105.7025, 38.1746 ], [ -105.7014, 38.1729 ], [ -105.7009, 38.1698 ], [ -105.6992, 38.1679 ], [ -105.6933, 38.1658 ], [ -105.6907, 38.1666 ], [ -105.6869, 38.167 ], [ -105.6862, 38.1652 ], [ -105.6813, 38.1608 ], [ -105.6774, 38.1597 ], [ -105.6732, 38.1592 ], [ -105.6721, 38.1548 ], [ -105.6703, 38.153 ], [ -105.6732, 38.1481 ], [ -105.6761, 38.1466 ], [ -105.6763, 38.1461 ], [ -105.6744, 38.1414 ], [ -105.6725, 38.1403 ], [ -105.6733, 38.1385 ], [ -105.673, 38.1363 ], [ -105.6708, 38.132 ], [ -105.6697, 38.1309 ], [ -105.6701, 38.1287 ], [ -105.6663, 38.1257 ], [ -105.6636, 38.1221 ], [ -105.663, 38.1196 ], [ -105.6616, 38.1186 ], [ -105.6576, 38.1174 ], [ -105.6599, 38.1124 ], [ -105.6613, 38.1115 ], [ -105.6623, 38.1045 ], [ -105.6615, 38.103 ], [ -105.6613, 38.1004 ], [ -105.6586, 38.0971 ], [ -105.6554, 38.0956 ], [ -105.655, 38.0934 ], [ -105.6555, 38.0918 ], [ -105.6527, 38.09 ], [ -105.6495, 38.0866 ], [ -105.6466, 38.0852 ], [ -105.6454, 38.0827 ], [ -105.6415, 38.0791 ], [ -105.6395, 38.0786 ], [ -105.637, 38.0763 ], [ -105.6366, 38.0749 ], [ -105.6373, 38.073 ], [ -105.6363, 38.0715 ], [ -105.6323, 38.0685 ], [ -105.6272, 38.0674 ], [ -105.6261, 38.0612 ], [ -105.6283, 38.0573 ], [ -105.62, 38.0536 ], [ -105.6179, 38.0532 ], [ -105.6181, 38.0473 ], [ -105.6151, 38.0437 ], [ -105.6133, 38.038 ], [ -105.609, 38.0348 ], [ -105.6088, 38.0334 ], [ -105.6095, 38.0324 ], [ -105.6032, 38.0309 ], [ -105.6031, 38.027 ], [ -105.601, 38.0239 ], [ -105.5988, 38.0227 ], [ -105.5982, 38.02 ], [ -105.5983, 38.0164 ], [ -105.5972, 38.0134 ], [ -105.5977, 38.0122 ], [ -105.599, 38.0113 ], [ -105.6042, 38.0088 ], [ -105.6049, 38.0072 ], [ -105.6047, 38.0048 ], [ -105.604, 38.0037 ], [ -105.6011, 38.0025 ], [ -105.6004, 38.0014 ], [ -105.6004, 37.9999 ], [ -105.5986, 37.9974 ], [ -105.5958, 37.9963 ], [ -105.5946, 37.9937 ], [ -105.5921, 37.992 ], [ -105.5903, 37.988 ], [ -105.5894, 37.987 ], [ -105.588, 37.9866 ], [ -105.5875, 37.9857 ], [ -105.5858, 37.9795 ], [ -105.5844, 37.9795 ], [ -105.5837, 37.9799 ], [ -105.5824, 37.9786 ], [ -105.5816, 37.9751 ], [ -105.5842, 37.9727 ], [ -105.5852, 37.9702 ], [ -105.5843, 37.969 ], [ -105.5842, 37.9673 ], [ -105.5832, 37.9668 ], [ -105.5828, 37.966 ], [ -105.5816, 37.9662 ], [ -105.5788, 37.9659 ], [ -105.5762, 37.9646 ], [ -105.5752, 37.9631 ], [ -105.5728, 37.9611 ], [ -105.5718, 37.9593 ], [ -105.5705, 37.9583 ], [ -105.5668, 37.9569 ], [ -105.5638, 37.9551 ], [ -105.5608, 37.9522 ], [ -105.5591, 37.9515 ], [ -105.5522, 37.9505 ], [ -105.5504, 37.9536 ], [ -105.5485, 37.9552 ], [ -105.5433, 37.9564 ], [ -105.5376, 37.9549 ], [ -105.5332, 37.955 ], [ -105.5301, 37.9532 ], [ -105.5266, 37.9494 ], [ -105.5253, 37.9484 ], [ -105.5235, 37.9479 ], [ -105.5217, 37.9458 ], [ -105.516, 37.9418 ], [ -105.5146, 37.9401 ], [ -105.5111, 37.9389 ], [ -105.51, 37.9372 ], [ -105.508, 37.9354 ], [ -105.5057, 37.9279 ], [ -105.5028, 37.9236 ], [ -105.5017, 37.9225 ], [ -105.4969, 37.9202 ], [ -105.4943, 37.9172 ], [ -105.4912, 37.9153 ], [ -105.4882, 37.9098 ], [ -105.4864, 37.9084 ], [ -105.4855, 37.9082 ], [ -105.4833, 37.9054 ], [ -105.4785, 37.9035 ], [ -105.4792, 37.9015 ], [ -105.479, 37.9005 ], [ -105.4759, 37.8994 ], [ -105.4735, 37.897 ], [ -105.4739, 37.8948 ], [ -105.4763, 37.8909 ], [ -105.4766, 37.8885 ], [ -105.4773, 37.8877 ], [ -105.4763, 37.883 ], [ -105.4781, 37.8799 ], [ -105.4727, 37.8799 ], [ -105.4692, 37.8789 ], [ -105.4656, 37.8795 ], [ -105.4645, 37.8792 ], [ -105.4591, 37.8805 ], [ -105.4542, 37.8786 ], [ -105.4509, 37.8781 ], [ -105.4483, 37.8763 ], [ -105.4438, 37.8711 ], [ -105.4409, 37.8695 ], [ -105.4405, 37.868 ], [ -105.4395, 37.8668 ], [ -105.4392, 37.8616 ], [ -105.4368, 37.8595 ], [ -105.4371, 37.8583 ], [ -105.4339, 37.8577 ], [ -105.4322, 37.8557 ], [ -105.4319, 37.8544 ], [ -105.4292, 37.8525 ], [ -105.4289, 37.8511 ], [ -105.4299, 37.8501 ], [ -105.431, 37.8472 ], [ -105.4287, 37.8448 ], [ -105.4286, 37.8438 ], [ -105.431, 37.8393 ], [ -105.4309, 37.8377 ], [ -105.4328, 37.8351 ], [ -105.4322, 37.834 ], [ -105.4323, 37.8325 ], [ -105.4352, 37.8293 ], [ -105.4357, 37.8278 ], [ -105.434, 37.8248 ], [ -105.4346, 37.8221 ], [ -105.4367, 37.819 ], [ -105.4347, 37.8135 ], [ -105.4359, 37.8116 ], [ -105.4355, 37.8106 ], [ -105.4359, 37.808 ], [ -105.435, 37.8056 ], [ -105.4361, 37.8041 ], [ -105.4423, 37.8024 ], [ -105.4467, 37.8006 ], [ -105.4501, 37.7979 ], [ -105.4542, 37.7967 ], [ -105.4549, 37.7957 ], [ -105.4555, 37.7912 ], [ -105.4523, 37.788 ], [ -105.4518, 37.7827 ], [ -105.4492, 37.7802 ], [ -105.4496, 37.7777 ], [ -105.4508, 37.7758 ], [ -105.4502, 37.7746 ], [ -105.451, 37.7741 ], [ -105.4509, 37.7718 ], [ -105.4502, 37.7704 ], [ -105.4524, 37.7675 ], [ -105.4536, 37.7675 ], [ -105.4553, 37.7631 ], [ -105.4577, 37.7602 ], [ -105.458, 37.7586 ], [ -105.4562, 37.7579 ], [ -105.456, 37.7567 ], [ -105.4598, 37.7531 ], [ -105.4593, 37.7524 ], [ -105.4565, 37.7509 ], [ -105.4572, 37.75 ], [ -105.4569, 37.7466 ], [ -105.454, 37.7441 ], [ -105.4537, 37.7422 ], [ -105.4527, 37.741 ], [ -105.4552, 37.7359 ], [ -105.4552, 37.734 ], [ -105.4528, 37.7316 ], [ -105.4544, 37.7257 ], [ -105.4541, 37.7237 ], [ -105.4554, 37.7225 ], [ -105.4573, 37.7191 ], [ -105.4588, 37.7187 ], [ -105.4601, 37.7177 ], [ -105.4612, 37.7176 ], [ -105.4627, 37.7166 ], [ -105.4641, 37.7138 ], [ -105.467, 37.7115 ], [ -105.4687, 37.7111 ], [ -105.4708, 37.7113 ], [ -105.4739, 37.7077 ], [ -105.4774, 37.7075 ], [ -105.478, 37.7058 ], [ -105.4783, 37.7021 ], [ -105.4789, 37.7003 ], [ -105.4804, 37.6982 ], [ -105.4802, 37.6965 ], [ -105.4813, 37.6934 ], [ -105.4808, 37.6919 ], [ -105.4809, 37.6874 ], [ -105.4788, 37.686 ], [ -105.4777, 37.6845 ], [ -105.4776, 37.682 ], [ -105.4766, 37.6789 ], [ -105.4769, 37.6758 ], [ -105.4788, 37.6722 ], [ -105.4785, 37.6686 ], [ -105.4774, 37.6671 ], [ -105.4773, 37.666 ], [ -105.4812, 37.6614 ], [ -105.4821, 37.658 ], [ -105.4871, 37.6531 ], [ -105.4868, 37.6498 ], [ -105.4875, 37.645 ], [ -105.492, 37.6353 ], [ -105.4919, 37.6316 ], [ -105.4924, 37.6294 ], [ -105.4915, 37.625 ], [ -105.4922, 37.6234 ], [ -105.4965, 37.6192 ], [ -105.4986, 37.6147 ], [ -105.4987, 37.6141 ], [ -105.4978, 37.613 ], [ -105.4959, 37.6122 ], [ -105.4947, 37.6078 ], [ -105.4931, 37.6055 ], [ -105.4936, 37.604 ], [ -105.4933, 37.6008 ], [ -105.5012, 37.5986 ], [ -105.5008, 37.5965 ], [ -105.4962, 37.5928 ], [ -105.4945, 37.5919 ], [ -105.4942, 37.5888 ], [ -105.4947, 37.5854 ], [ -105.4933, 37.5843 ], [ -105.4927, 37.5825 ], [ -105.4909, 37.5826 ], [ -105.4877, 37.5806 ], [ -105.486, 37.5792 ], [ -105.4855, 37.5777 ], [ -105.4833, 37.578 ], [ -105.4811, 37.5784 ], [ -105.4769, 37.5802 ], [ -105.4705, 37.5815 ], [ -105.4671, 37.5843 ], [ -105.4639, 37.5847 ], [ -105.4632, 37.5858 ], [ -105.4583, 37.5875 ], [ -105.4544, 37.5903 ], [ -105.455, 37.5938 ], [ -105.4522, 37.5962 ], [ -105.4509, 37.5984 ], [ -105.4478, 37.6002 ], [ -105.4481, 37.6021 ], [ -105.446, 37.6042 ], [ -105.4454, 37.6069 ], [ -105.4441, 37.6097 ], [ -105.4434, 37.6107 ], [ -105.4414, 37.6121 ], [ -105.4394, 37.6125 ], [ -105.4379, 37.6134 ], [ -105.4328, 37.6134 ], [ -105.4288, 37.614 ], [ -105.4229, 37.6168 ], [ -105.4166, 37.6172 ], [ -105.4149, 37.616 ], [ -105.4139, 37.6159 ], [ -105.4086, 37.618 ], [ -105.4, 37.6139 ], [ -105.3961, 37.6171 ], [ -105.3914, 37.6182 ], [ -105.3897, 37.6211 ], [ -105.3896, 37.6222 ], [ -105.3863, 37.6265 ], [ -105.3841, 37.6276 ], [ -105.3807, 37.6278 ], [ -105.3803, 37.6293 ], [ -105.3768, 37.6343 ], [ -105.3736, 37.636 ], [ -105.37, 37.6395 ], [ -105.368, 37.6386 ], [ -105.3641, 37.6386 ], [ -105.3603, 37.6367 ], [ -105.3562, 37.6367 ], [ -105.3547, 37.6362 ], [ -105.3548, 37.6373 ], [ -105.3522, 37.6383 ], [ -105.3512, 37.6385 ], [ -105.3491, 37.6378 ], [ -105.3466, 37.6414 ], [ -105.3446, 37.6424 ], [ -105.3372, 37.6427 ], [ -105.3347, 37.6433 ], [ -105.3302, 37.6432 ], [ -105.3223, 37.6463 ], [ -105.3181, 37.6489 ], [ -105.3169, 37.6488 ], [ -105.316, 37.6483 ], [ -105.3133, 37.6499 ], [ -105.3099, 37.6508 ], [ -105.3096, 37.6528 ], [ -105.3088, 37.6537 ], [ -105.3022, 37.6535 ], [ -105.298, 37.6579 ], [ -105.2972, 37.6581 ], [ -105.2956, 37.6576 ], [ -105.2951, 37.6535 ], [ -105.2911, 37.6517 ], [ -105.2895, 37.6504 ], [ -105.2875, 37.6511 ], [ -105.2867, 37.6504 ], [ -105.285, 37.646 ], [ -105.2827, 37.6454 ], [ -105.2793, 37.6463 ], [ -105.2764, 37.6454 ], [ -105.2729, 37.6409 ], [ -105.2683, 37.6407 ], [ -105.2675, 37.64 ], [ -105.2671, 37.6386 ], [ -105.2602, 37.6394 ], [ -105.2582, 37.6407 ], [ -105.2553, 37.6404 ], [ -105.2537, 37.6371 ], [ -105.2545, 37.6334 ], [ -105.2531, 37.631 ], [ -105.2511, 37.6301 ], [ -105.2459, 37.6301 ], [ -105.2434, 37.6293 ], [ -105.2419, 37.6242 ], [ -105.2366, 37.6218 ], [ -105.2358, 37.6209 ], [ -105.2272, 37.6204 ], [ -105.2209, 37.6213 ], [ -105.2202, 37.6216 ], [ -105.2199, 37.6238 ], [ -105.2192, 37.6245 ], [ -105.2149, 37.6268 ], [ -105.2123, 37.6237 ], [ -105.2028, 37.6196 ], [ -105.2008, 37.6192 ], [ -105.1946, 37.6196 ], [ -105.19, 37.6191 ], [ -105.1874, 37.6194 ], [ -105.1844, 37.616 ], [ -105.188, 37.6153 ], [ -105.1893, 37.6146 ], [ -105.1911, 37.6129 ], [ -105.1926, 37.6121 ], [ -105.1929, 37.6105 ], [ -105.195, 37.6097 ], [ -105.1958, 37.6089 ], [ -105.195, 37.6075 ], [ -105.1942, 37.6074 ], [ -105.1942, 37.5996 ], [ -105.1932, 37.5962 ], [ -105.1932, 37.5923 ], [ -105.1959, 37.5926 ], [ -105.201, 37.5944 ], [ -105.2033, 37.5946 ], [ -105.204, 37.5941 ], [ -105.2049, 37.5916 ], [ -105.2064, 37.5901 ], [ -105.2123, 37.5859 ], [ -105.2172, 37.5846 ], [ -105.2182, 37.5837 ], [ -105.2185, 37.5828 ], [ -105.2177, 37.5817 ], [ -105.2148, 37.5802 ], [ -105.2142, 37.578 ], [ -105.2121, 37.5777 ], [ -105.2054, 37.5744 ], [ -105.2009, 37.5738 ], [ -105.1961, 37.5698 ], [ -105.1934, 37.5665 ], [ -105.1936, 37.5656 ], [ -105.1947, 37.5648 ], [ -105.1884, 37.5591 ], [ -105.1843, 37.5561 ], [ -105.1837, 37.5545 ], [ -105.1839, 37.5529 ], [ -105.181, 37.5509 ], [ -105.1788, 37.5475 ], [ -105.1786, 37.5464 ], [ -105.1828, 37.5468 ], [ -105.183, 37.5448 ], [ -105.1823, 37.5426 ], [ -105.1825, 37.5419 ], [ -105.1838, 37.541 ], [ -105.1837, 37.5396 ], [ -105.1827, 37.5379 ], [ -105.1792, 37.5356 ], [ -105.1771, 37.533 ], [ -105.1774, 37.5295 ], [ -105.1761, 37.5262 ], [ -105.1739, 37.5242 ], [ -105.1736, 37.5224 ], [ -105.174, 37.5197 ], [ -105.1722, 37.519 ], [ -105.1717, 37.5177 ], [ -105.1721, 37.5157 ], [ -105.1716, 37.5129 ], [ -105.173, 37.5113 ], [ -105.1733, 37.5028 ], [ -105.173, 37.5002 ], [ -105.1721, 37.4997 ], [ -105.1726, 37.4984 ], [ -105.178, 37.4915 ], [ -105.1755, 37.4888 ], [ -105.1747, 37.487 ], [ -105.1748, 37.4854 ], [ -105.1771, 37.4829 ], [ -105.1813, 37.4808 ], [ -105.1824, 37.479 ], [ -105.18, 37.4785 ], [ -105.1768, 37.4755 ], [ -105.1753, 37.4655 ], [ -105.1735, 37.462 ], [ -105.174, 37.4589 ], [ -105.1759, 37.4565 ], [ -105.173, 37.4557 ], [ -105.1691, 37.4559 ], [ -105.1633, 37.4541 ], [ -105.1587, 37.4571 ], [ -105.1563, 37.4574 ], [ -105.1543, 37.453 ], [ -105.152, 37.4516 ], [ -105.1504, 37.4441 ], [ -105.1497, 37.4431 ], [ -105.1468, 37.4413 ], [ -105.146, 37.4384 ], [ -105.1466, 37.436 ], [ -105.1449, 37.4339 ], [ -105.1438, 37.4314 ], [ -105.1449, 37.4289 ], [ -105.141, 37.4287 ], [ -105.1415, 37.4236 ], [ -105.1408, 37.4225 ], [ -105.1406, 37.4186 ], [ -105.1397, 37.4162 ], [ -105.1371, 37.4131 ], [ -105.1331, 37.4115 ], [ -105.1305, 37.4117 ], [ -105.1296, 37.4092 ], [ -105.1316, 37.4065 ], [ -105.1325, 37.4036 ], [ -105.1384, 37.4009 ], [ -105.1418, 37.4012 ], [ -105.145, 37.4005 ], [ -105.1516, 37.4003 ], [ -105.156, 37.3987 ], [ -105.1578, 37.3975 ], [ -105.1608, 37.3943 ], [ -105.1628, 37.3914 ], [ -105.1624, 37.3907 ], [ -105.1669, 37.3883 ], [ -105.1671, 37.3856 ], [ -105.1653, 37.3809 ], [ -105.1674, 37.3785 ], [ -105.169, 37.3749 ], [ -105.1687, 37.3737 ], [ -105.1671, 37.3726 ], [ -105.166, 37.3698 ], [ -105.1669, 37.3649 ], [ -105.1687, 37.3627 ], [ -105.1689, 37.361 ], [ -105.1672, 37.3582 ], [ -105.1681, 37.3548 ], [ -105.1661, 37.3525 ], [ -105.1666, 37.3502 ], [ -105.1663, 37.3482 ], [ -105.1641, 37.3452 ], [ -105.1644, 37.3428 ], [ -105.1663, 37.3408 ], [ -105.168, 37.337 ], [ -105.1672, 37.3348 ], [ -105.1657, 37.3337 ], [ -105.1634, 37.33 ], [ -105.1631, 37.3287 ], [ -105.1655, 37.3256 ], [ -105.1668, 37.3229 ], [ -105.1652, 37.3173 ], [ -105.167, 37.3141 ], [ -105.1652, 37.3096 ], [ -105.1648, 37.304 ], [ -105.1634, 37.3005 ], [ -105.1653, 37.2954 ], [ -105.1652, 37.2927 ], [ -105.1657, 37.2915 ], [ -105.1648, 37.2892 ], [ -105.1646, 37.2856 ], [ -105.1653, 37.2848 ], [ -105.1597, 37.2821 ], [ -105.1603, 37.2794 ], [ -105.1604, 37.2754 ], [ -105.158, 37.2732 ], [ -105.1572, 37.2698 ], [ -105.1563, 37.2693 ], [ -105.1567, 37.2687 ], [ -105.1561, 37.2664 ], [ -105.1563, 37.2647 ], [ -105.1545, 37.258 ], [ -105.1556, 37.2543 ], [ -105.1535, 37.2493 ], [ -105.1551, 37.243 ], [ -105.155, 37.2397 ], [ -105.1528, 37.2377 ], [ -105.1551, 37.2351 ], [ -105.1552, 37.2343 ], [ -105.1571, 37.2328 ], [ -105.1609, 37.231 ], [ -105.1604, 37.2303 ], [ -105.1609, 37.227 ], [ -105.1591, 37.2241 ], [ -105.1618, 37.2218 ], [ -105.1643, 37.2183 ], [ -105.1654, 37.2158 ], [ -105.166, 37.2122 ], [ -105.1643, 37.2096 ], [ -105.1669, 37.2076 ], [ -105.1673, 37.2067 ], [ -105.1676, 37.2019 ], [ -105.1661, 37.1978 ], [ -105.1664, 37.1966 ], [ -105.1636, 37.1938 ], [ -105.1649, 37.1896 ], [ -105.1646, 37.1863 ], [ -105.1654, 37.1831 ], [ -105.1672, 37.1811 ], [ -105.1678, 37.1786 ], [ -105.1696, 37.1778 ], [ -105.1733, 37.172 ], [ -105.1715, 37.1726 ], [ -105.1691, 37.172 ], [ -105.1669, 37.1707 ], [ -105.1675, 37.1698 ], [ -105.167, 37.1667 ], [ -105.1657, 37.166 ], [ -105.1655, 37.1653 ], [ -105.1665, 37.162 ], [ -105.1656, 37.1595 ], [ -105.1669, 37.1587 ], [ -105.1678, 37.1575 ], [ -105.1681, 37.1561 ], [ -105.1663, 37.1519 ], [ -105.1698, 37.1486 ], [ -105.1692, 37.147 ], [ -105.1694, 37.1458 ], [ -105.1741, 37.1423 ], [ -105.1755, 37.1404 ], [ -105.1753, 37.1371 ], [ -105.1739, 37.135 ], [ -105.1749, 37.1314 ], [ -105.1744, 37.126 ], [ -105.1798, 37.1228 ], [ -105.1858, 37.1223 ], [ -105.1871, 37.1195 ], [ -105.1871, 37.1167 ], [ -105.1843, 37.114 ], [ -105.1816, 37.1122 ], [ -105.1838, 37.1105 ], [ -105.1848, 37.109 ], [ -105.1867, 37.1083 ], [ -105.1882, 37.1071 ], [ -105.1886, 37.1038 ], [ -105.1878, 37.1024 ], [ -105.1892, 37.0998 ], [ -105.1912, 37.0988 ], [ -105.1908, 37.0958 ], [ -105.1911, 37.0942 ], [ -105.1935, 37.0933 ], [ -105.1951, 37.0921 ], [ -105.198, 37.0926 ], [ -105.2005, 37.0918 ], [ -105.2054, 37.091 ], [ -105.2082, 37.088 ], [ -105.2088, 37.0831 ], [ -105.2095, 37.0823 ], [ -105.2096, 37.0802 ], [ -105.2105, 37.0791 ], [ -105.2108, 37.0725 ] ] ] } },
{ "type": "Feature", "properties": { "id": "140401" }, "geometry": { "type": "Polygon", "coordinates": [ [ [ -108.404, 41.0 ], [ -108.4047, 40.997 ], [ -108.4074, 40.9951 ], [ -108.4173, 40.9924 ], [ -108.4149, 40.9812 ], [ -108.4147, 40.9751 ], [ -108.4171, 40.9648 ], [ -108.4202, 40.9581 ], [ -108.4196, 40.9575 ], [ -108.4164, 40.9567 ], [ -108.4152, 40.955 ], [ -108.4152, 40.9543 ], [ -108.416, 40.9522 ], [ -108.4189, 40.9487 ], [ -108.4206, 40.9439 ], [ -108.4238, 40.9411 ], [ -108.4256, 40.9386 ], [ -108.4267, 40.938 ], [ -108.425, 40.9351 ], [ -108.4229, 40.9329 ], [ -108.4201, 40.9309 ], [ -108.4137, 40.9274 ], [ -108.4131, 40.9259 ], [ -108.4158, 40.9217 ], [ -108.4202, 40.9173 ], [ -108.4186, 40.9122 ], [ -108.4196, 40.9093 ], [ -108.4208, 40.9086 ], [ -108.4237, 40.9056 ], [ -108.4261, 40.9046 ], [ -108.423, 40.9024 ], [ -108.4249, 40.9002 ], [ -108.4359, 40.893 ], [ -108.4397, 40.8917 ], [ -108.4459, 40.8855 ], [ -108.4488, 40.8843 ], [ -108.4502, 40.883 ], [ -108.4551, 40.8818 ], [ -108.4569, 40.8803 ], [ -108.459, 40.8775 ], [ -108.4647, 40.8731 ], [ -108.4682, 40.8715 ], [ -108.4708, 40.8691 ], [ -108.4808, 40.8658 ], [ -108.4839, 40.8639 ], [ -108.4855, 40.8635 ], [ -108.4878, 40.8612 ], [ -108.4909, 40.8612 ], [ -108.4925, 40.8603 ], [ -108.4945, 40.8599 ], [ -108.4998, 40.8597 ], [ -108.503, 40.8573 ], [ -108.5056, 40.8574 ], [ -108.5065, 40.8564 ], [ -108.506, 40.8469 ], [ -108.5064, 40.8457 ], [ -108.5073, 40.8452 ], [ -108.5069, 40.8422 ], [ -108.5127, 40.8393 ], [ -108.5157, 40.8399 ], [ -108.5195, 40.8387 ], [ -108.5212, 40.8388 ], [ -108.5259, 40.8372 ], [ -108.5284, 40.839 ], [ -108.5308, 40.8419 ], [ -108.5351, 40.8439 ], [ -108.5377, 40.8446 ], [ -108.539, 40.8456 ], [ -108.5406, 40.8459 ], [ -108.5424, 40.8472 ], [ -108.5441, 40.8475 ], [ -108.5478, 40.8471 ], [ -108.5507, 40.8447 ], [ -108.5538, 40.8444 ], [ -108.5559, 40.8429 ], [ -108.5584, 40.8425 ], [ -108.562, 40.8409 ], [ -108.5648, 40.8408 ], [ -108.5688, 40.8399 ], [ -108.5717, 40.8402 ], [ -108.5752, 40.8393 ], [ -108.5786, 40.8392 ], [ -108.5777, 40.8382 ], [ -108.5802, 40.8354 ], [ -108.5801, 40.831 ], [ -108.584, 40.828 ], [ -108.5829, 40.8231 ], [ -108.5832, 40.8214 ], [ -108.582, 40.8179 ], [ -108.5828, 40.8162 ], [ -108.5864, 40.8157 ], [ -108.6027, 40.8116 ], [ -108.6041, 40.8105 ], [ -108.6073, 40.8095 ], [ -108.6081, 40.8086 ], [ -108.6115, 40.8084 ], [ -108.6119, 40.8076 ], [ -108.6112, 40.8062 ], [ -108.6114, 40.8049 ], [ -108.6108, 40.8032 ], [ -108.6121, 40.8004 ], [ -108.6135, 40.7999 ], [ -108.6149, 40.8005 ], [ -108.6164, 40.8 ], [ -108.6165, 40.7984 ], [ -108.6159, 40.7965 ], [ -108.6142, 40.796 ], [ -108.6145, 40.7942 ], [ -108.6139, 40.7933 ], [ -108.6138, 40.7918 ], [ -108.6119, 40.7896 ], [ -108.6144, 40.7877 ], [ -108.6173, 40.7883 ], [ -108.6191, 40.7872 ], [ -108.6193, 40.7858 ], [ -108.6226, 40.7853 ], [ -108.625, 40.7827 ], [ -108.6283, 40.7813 ], [ -108.6274, 40.7813 ], [ -108.6267, 40.78 ], [ -108.6246, 40.7785 ], [ -108.6245, 40.7776 ], [ -108.6257, 40.7766 ], [ -108.6221, 40.7769 ], [ -108.6204, 40.7762 ], [ -108.6225, 40.7697 ], [ -108.6219, 40.769 ], [ -108.6208, 40.7687 ], [ -108.62, 40.7663 ], [ -108.6216, 40.7656 ], [ -108.6233, 40.7641 ], [ -108.6225, 40.7633 ], [ -108.6239, 40.7623 ], [ -108.623, 40.7611 ], [ -108.6238, 40.7601 ], [ -108.6239, 40.7584 ], [ -108.6245, 40.7575 ], [ -108.6263, 40.7571 ], [ -108.6275, 40.7562 ], [ -108.6274, 40.7549 ], [ -108.6228, 40.7501 ], [ -108.621, 40.7502 ], [ -108.6186, 40.7496 ], [ -108.6176, 40.7485 ], [ -108.6173, 40.7467 ], [ -108.6165, 40.7461 ], [ -108.6156, 40.7457 ], [ -108.6138, 40.7459 ], [ -108.6113, 40.7449 ], [ -108.611, 40.7419 ], [ -108.6096, 40.7385 ], [ -108.6074, 40.7397 ], [ -108.6059, 40.7387 ], [ -108.6038, 40.7398 ], [ -108.6008, 40.7379 ], [ -108.6007, 40.7368 ], [ -108.602, 40.7356 ], [ -108.5962, 40.7344 ], [ -108.595, 40.7334 ], [ -108.5924, 40.7342 ], [ -108.588, 40.7336 ], [ -108.5846, 40.7344 ], [ -108.5812, 40.7341 ], [ -108.5781, 40.7321 ], [ -108.5749, 40.7315 ], [ -108.5723, 40.7297 ], [ -108.5711, 40.7283 ], [ -108.5714, 40.7263 ], [ -108.5703, 40.7253 ], [ -108.5703, 40.7243 ], [ -108.5671, 40.7249 ], [ -108.5619, 40.7242 ], [ -108.5601, 40.7233 ], [ -108.56, 40.7226 ], [ -108.5577, 40.7215 ], [ -108.5558, 40.7213 ], [ -108.5531, 40.7172 ], [ -108.5507, 40.7161 ], [ -108.5498, 40.7134 ], [ -108.5484, 40.7129 ], [ -108.5504, 40.712 ], [ -108.5512, 40.7106 ], [ -108.5501, 40.7084 ], [ -108.5538, 40.7079 ], [ -108.5559, 40.7058 ], [ -108.5561, 40.7051 ], [ -108.5555, 40.7038 ], [ -108.5585, 40.6954 ], [ -108.5601, 40.6936 ], [ -108.5552, 40.6922 ], [ -108.5545, 40.6916 ], [ -108.5541, 40.688 ], [ -108.5532, 40.6866 ], [ -108.5512, 40.685 ], [ -108.5508, 40.6782 ], [ -108.547, 40.6755 ], [ -108.5465, 40.6744 ], [ -108.5428, 40.6734 ], [ -108.5381, 40.6707 ], [ -108.5387, 40.6688 ], [ -108.5424, 40.6644 ], [ -108.5424, 40.6637 ], [ -108.5399, 40.6616 ], [ -108.5395, 40.6605 ], [ -108.5409, 40.6584 ], [ -108.5402, 40.6576 ], [ -108.5417, 40.6546 ], [ -108.5415, 40.6538 ], [ -108.5446, 40.6539 ], [ -108.5467, 40.6551 ], [ -108.549, 40.6523 ], [ -108.5512, 40.6518 ], [ -108.5509, 40.65 ], [ -108.5518, 40.6489 ], [ -108.553, 40.6406 ], [ -108.5524, 40.638 ], [ -108.5504, 40.6332 ], [ -108.5514, 40.6299 ], [ -108.5479, 40.6262 ], [ -108.5459, 40.625 ], [ -108.5456, 40.6239 ], [ -108.55, 40.6207 ], [ -108.5495, 40.6187 ], [ -108.5528, 40.6191 ], [ -108.5548, 40.6184 ], [ -108.555, 40.6151 ], [ -108.5617, 40.6113 ], [ -108.563, 40.6113 ], [ -108.5649, 40.6103 ], [ -108.5653, 40.6091 ], [ -108.5672, 40.6085 ], [ -108.5688, 40.6067 ], [ -108.5697, 40.6067 ], [ -108.5703, 40.608 ], [ -108.5758, 40.6099 ], [ -108.5829, 40.6071 ], [ -108.5842, 40.6046 ], [ -108.5831, 40.6024 ], [ -108.5796, 40.5985 ], [ -108.582, 40.598 ], [ -108.5835, 40.5985 ], [ -108.5845, 40.598 ], [ -108.5877, 40.5938 ], [ -108.5878, 40.5898 ], [ -108.5859, 40.5843 ], [ -108.5862, 40.5829 ], [ -108.59, 40.5805 ], [ -108.5959, 40.5792 ], [ -108.5996, 40.5768 ], [ -108.6021, 40.5729 ], [ -108.6059, 40.5689 ], [ -108.6089, 40.5677 ], [ -108.6129, 40.5672 ], [ -108.6164, 40.5655 ], [ -108.6184, 40.564 ], [ -108.619, 40.5622 ], [ -108.6222, 40.5581 ], [ -108.6224, 40.5556 ], [ -108.6217, 40.5551 ], [ -108.626, 40.5547 ], [ -108.6289, 40.5534 ], [ -108.6322, 40.5545 ], [ -108.6359, 40.555 ], [ -108.6387, 40.5561 ], [ -108.6431, 40.5586 ], [ -108.6446, 40.5585 ], [ -108.6489, 40.5562 ], [ -108.6504, 40.5576 ], [ -108.6537, 40.5593 ], [ -108.6548, 40.5626 ], [ -108.6565, 40.5644 ], [ -108.66, 40.5638 ], [ -108.6629, 40.5617 ], [ -108.6673, 40.5608 ], [ -108.6696, 40.5617 ], [ -108.671, 40.5636 ], [ -108.6725, 40.5647 ], [ -108.6741, 40.5651 ], [ -108.675, 40.5636 ], [ -108.6771, 40.5624 ], [ -108.6799, 40.5622 ], [ -108.6807, 40.5648 ], [ -108.682, 40.5646 ], [ -108.6839, 40.5632 ], [ -108.6862, 40.5634 ], [ -108.6902, 40.5672 ], [ -108.6892, 40.5714 ], [ -108.6953, 40.5723 ], [ -108.699, 40.5759 ], [ -108.7002, 40.5758 ], [ -108.7017, 40.5747 ], [ -108.7027, 40.5747 ], [ -108.7047, 40.5778 ], [ -108.7063, 40.5788 ], [ -108.7096, 40.5787 ], [ -108.7147, 40.5795 ], [ -108.724, 40.5766 ], [ -108.7264, 40.5751 ], [ -108.7283, 40.5752 ], [ -108.7314, 40.5772 ], [ -108.7328, 40.5794 ], [ -108.7344, 40.5799 ], [ -108.7368, 40.5796 ], [ -108.7371, 40.5827 ], [ -108.7401, 40.583 ], [ -108.7457, 40.5851 ], [ -108.7459, 40.5857 ], [ -108.7439, 40.5879 ], [ -108.7436, 40.5895 ], [ -108.746, 40.5929 ], [ -108.747, 40.5931 ], [ -108.7497, 40.5928 ], [ -108.7548, 40.5946 ], [ -108.7578, 40.5936 ], [ -108.7617, 40.5934 ], [ -108.7631, 40.5911 ], [ -108.7659, 40.5942 ], [ -108.7707, 40.5963 ], [ -108.7735, 40.5998 ], [ -108.7755, 40.6007 ], [ -108.7771, 40.6005 ], [ -108.7787, 40.599 ], [ -108.7803, 40.5987 ], [ -108.787, 40.5997 ], [ -108.7925, 40.5989 ], [ -108.7949, 40.5976 ], [ -108.7995, 40.5931 ], [ -108.8035, 40.5922 ], [ -108.8075, 40.5901 ], [ -108.8129, 40.59 ], [ -108.8213, 40.5924 ], [ -108.8206, 40.5951 ], [ -108.8211, 40.5989 ], [ -108.8223, 40.6002 ], [ -108.8258, 40.6013 ], [ -108.8276, 40.6038 ], [ -108.831, 40.6049 ], [ -108.836, 40.6022 ], [ -108.8391, 40.6015 ], [ -108.8417, 40.6004 ], [ -108.8429, 40.6006 ], [ -108.8487, 40.6 ], [ -108.8504, 40.6005 ], [ -108.8539, 40.6031 ], [ -108.8547, 40.6058 ], [ -108.8561, 40.6068 ], [ -108.8551, 40.6086 ], [ -108.8554, 40.6098 ], [ -108.8582, 40.6104 ], [ -108.861, 40.6087 ], [ -108.8634, 40.609 ], [ -108.8702, 40.6071 ], [ -108.875, 40.607 ], [ -108.8768, 40.6024 ], [ -108.8793, 40.6018 ], [ -108.8799, 40.6004 ], [ -108.8858, 40.5968 ], [ -108.8918, 40.5921 ], [ -108.8933, 40.5886 ], [ -108.8927, 40.5854 ], [ -108.895, 40.5834 ], [ -108.8997, 40.5816 ], [ -108.9032, 40.5796 ], [ -108.9087, 40.5782 ], [ -108.9121, 40.5789 ], [ -108.9164, 40.5775 ], [ -108.92, 40.5776 ], [ -108.9233, 40.5767 ], [ -108.9252, 40.5753 ], [ -108.9278, 40.5743 ], [ -108.9282, 40.5728 ], [ -108.9271, 40.5701 ], [ -108.9255, 40.5678 ], [ -108.9255, 40.567 ], [ -108.9268, 40.565 ], [ -108.9294, 40.5633 ], [ -108.934, 40.5622 ], [ -108.9379, 40.5604 ], [ -108.9365, 40.555 ], [ -108.9373, 40.5523 ], [ -108.9451, 40.5517 ], [ -108.9469, 40.5492 ], [ -108.9479, 40.5449 ], [ -108.9505, 40.5434 ], [ -108.9593, 40.5434 ], [ -108.9624, 40.5412 ], [ -108.9674, 40.5392 ], [ -108.9715, 40.5391 ], [ -108.9746, 40.5395 ], [ -108.9779, 40.5389 ], [ -108.98, 40.5345 ], [ -108.9813, 40.5335 ], [ -108.9827, 40.5308 ], [ -108.9846, 40.5296 ], [ -108.9849, 40.5279 ], [ -108.9854, 40.5277 ], [ -108.9863, 40.5281 ], [ -108.9862, 40.5331 ], [ -108.9872, 40.5389 ], [ -108.9892, 40.5413 ], [ -108.9881, 40.5433 ], [ -108.9884, 40.5447 ], [ -108.9902, 40.5472 ], [ -108.9925, 40.5482 ], [ -108.9947, 40.5553 ], [ -108.9959, 40.5565 ], [ -108.9939, 40.5625 ], [ -108.9964, 40.5673 ], [ -108.9957, 40.5693 ], [ -108.9967, 40.5739 ], [ -108.9965, 40.5756 ], [ -108.9989, 40.5764 ], [ -109.002, 40.5789 ], [ -109.0083, 40.5819 ], [ -109.0103, 40.5837 ], [ -109.0126, 40.5842 ], [ -109.0169, 40.5877 ], [ -109.0195, 40.5927 ], [ -109.0196, 40.5954 ], [ -109.0185, 40.5979 ], [ -109.0149, 40.6021 ], [ -109.0141, 40.6053 ], [ -109.0143, 40.6077 ], [ -109.0128, 40.6105 ], [ -109.0167, 40.6124 ], [ -109.0209, 40.6169 ], [ -109.0253, 40.6186 ], [ -109.0261, 40.6225 ], [ -109.0253, 40.6303 ], [ -109.0294, 40.6339 ], [ -109.0326, 40.6396 ], [ -109.0359, 40.6426 ], [ -109.0383, 40.6438 ], [ -109.0394, 40.6456 ], [ -109.0423, 40.6451 ], [ -109.0443, 40.644 ], [ -109.0482, 40.6441 ], [ -109.0491, 40.7146 ], [ -109.0485, 40.8261 ], [ -109.0501, 41.0007 ], [ -108.8538, 41.0 ], [ -108.6312, 41.0002 ], [ -108.5625, 41.0 ], [ -108.5577, 40.9996 ], [ -108.526, 40.9996 ], [ -108.5007, 41.0001 ], [ -108.404, 41.0 ] ] ] } },
{ "type": "Feature", "properties": { "id": "140200" }, "geometry": { "type": "Polygon", "coordinates": [ [ [ -106.5993, 38.998 ], [ -106.595, 38.991 ], [ -106.5905, 38.9913 ], [ -106.5861, 38.9928 ], [ -106.583, 38.9915 ], [ -106.5799, 38.9918 ], [ -106.5772, 38.9904 ], [ -106.5747, 38.9928 ], [ -106.5697, 38.9945 ], [ -106.5661, 38.9938 ], [ -106.5601, 38.9985 ], [ -106.5567, 38.9981 ], [ -106.5542, 38.9986 ], [ -106.5512, 38.9918 ], [ -106.5471, 38.9911 ], [ -106.5438, 38.9888 ], [ -106.5419, 38.9881 ], [ -106.5345, 38.9824 ], [ -106.5284, 38.9806 ], [ -106.5267, 38.9775 ], [ -106.5243, 38.971 ], [ -106.522, 38.9686 ], [ -106.5236, 38.9648 ], [ -106.5263, 38.9626 ], [ -106.5285, 38.9599 ], [ -106.5265, 38.9552 ], [ -106.5212, 38.9536 ], [ -106.5199, 38.9539 ], [ -106.5185, 38.9516 ], [ -106.5168, 38.9504 ], [ -106.5156, 38.9486 ], [ -106.5121, 38.947 ], [ -106.5071, 38.9459 ], [ -106.5054, 38.9444 ], [ -106.5059, 38.9405 ], [ -106.5043, 38.9368 ], [ -106.5028, 38.9364 ], [ -106.5016, 38.9351 ], [ -106.4984, 38.9345 ], [ -106.4956, 38.9329 ], [ -106.4935, 38.9309 ], [ -106.4907, 38.9296 ], [ -106.49, 38.9264 ], [ -106.4862, 38.9225 ], [ -106.482, 38.9206 ], [ -106.4804, 38.9184 ], [ -106.4751, 38.9162 ], [ -106.472, 38.9158 ], [ -106.4695, 38.9126 ], [ -106.465, 38.9104 ], [ -106.4621, 38.9112 ], [ -106.4579, 38.91 ], [ -106.4539, 38.9126 ], [ -106.4498, 38.913 ], [ -106.4481, 38.9142 ], [ -106.4456, 38.914 ], [ -106.4424, 38.9155 ], [ -106.4373, 38.9149 ], [ -106.4368, 38.9162 ], [ -106.4349, 38.9181 ], [ -106.4342, 38.9199 ], [ -106.4307, 38.9244 ], [ -106.4275, 38.9258 ], [ -106.4248, 38.9261 ], [ -106.4214, 38.9281 ], [ -106.4197, 38.9278 ], [ -106.4183, 38.9267 ], [ -106.417, 38.9207 ], [ -106.4133, 38.9165 ], [ -106.4118, 38.9157 ], [ -106.4074, 38.9147 ], [ -106.4061, 38.9131 ], [ -106.4024, 38.9107 ], [ -106.3994, 38.9119 ], [ -106.3938, 38.9124 ], [ -106.3931, 38.9135 ], [ -106.393, 38.917 ], [ -106.3924, 38.9186 ], [ -106.3873, 38.9209 ], [ -106.386, 38.923 ], [ -106.3835, 38.9236 ], [ -106.3809, 38.9258 ], [ -106.3769, 38.9227 ], [ -106.3771, 38.9184 ], [ -106.3756, 38.9131 ], [ -106.3761, 38.9094 ], [ -106.3731, 38.9066 ], [ -106.3675, 38.9071 ], [ -106.3662, 38.9096 ], [ -106.3644, 38.9109 ], [ -106.3618, 38.9124 ], [ -106.3575, 38.913 ], [ -106.3508, 38.9097 ], [ -106.3488, 38.9092 ], [ -106.3455, 38.9072 ], [ -106.338, 38.9088 ], [ -106.3347, 38.9118 ], [ -106.3311, 38.9118 ], [ -106.3262, 38.9111 ], [ -106.3241, 38.905 ], [ -106.3247, 38.903 ], [ -106.323, 38.8984 ], [ -106.3208, 38.8958 ], [ -106.3206, 38.8947 ], [ -106.321, 38.8934 ], [ -106.3259, 38.8893 ], [ -106.3265, 38.8875 ], [ -106.3263, 38.8846 ], [ -106.3275, 38.8824 ], [ -106.3323, 38.881 ], [ -106.334, 38.8813 ], [ -106.3366, 38.8753 ], [ -106.3359, 38.872 ], [ -106.3403, 38.871 ], [ -106.3425, 38.8692 ], [ -106.3466, 38.8674 ], [ -106.349, 38.8649 ], [ -106.3487, 38.8569 ], [ -106.3493, 38.8548 ], [ -106.3515, 38.8556 ], [ -106.3537, 38.8556 ], [ -106.3573, 38.8551 ], [ -106.3612, 38.8536 ], [ -106.365, 38.8532 ], [ -106.3653, 38.8477 ], [ -106.3645, 38.8464 ], [ -106.3648, 38.8457 ], [ -106.3669, 38.8442 ], [ -106.3683, 38.8419 ], [ -106.37, 38.8406 ], [ -106.3702, 38.8385 ], [ -106.3735, 38.8377 ], [ -106.376, 38.8365 ], [ -106.3786, 38.8361 ], [ -106.3791, 38.8348 ], [ -106.3819, 38.8328 ], [ -106.3829, 38.8312 ], [ -106.3836, 38.8282 ], [ -106.3835, 38.8247 ], [ -106.3913, 38.8227 ], [ -106.3944, 38.8224 ], [ -106.3968, 38.8228 ], [ -106.3991, 38.8254 ], [ -106.4028, 38.8264 ], [ -106.4068, 38.8294 ], [ -106.4098, 38.8275 ], [ -106.4118, 38.8256 ], [ -106.4139, 38.8246 ], [ -106.416, 38.8242 ], [ -106.4149, 38.8155 ], [ -106.416, 38.8138 ], [ -106.4206, 38.8112 ], [ -106.4227, 38.8083 ], [ -106.4208, 38.8045 ], [ -106.4187, 38.8031 ], [ -106.418, 38.801 ], [ -106.4146, 38.7992 ], [ -106.4144, 38.7955 ], [ -106.4128, 38.7907 ], [ -106.4132, 38.79 ], [ -106.4149, 38.7892 ], [ -106.4167, 38.7869 ], [ -106.4147, 38.7807 ], [ -106.4137, 38.7791 ], [ -106.4153, 38.7725 ], [ -106.4164, 38.771 ], [ -106.4175, 38.7706 ], [ -106.4177, 38.7687 ], [ -106.4192, 38.7663 ], [ -106.417, 38.7645 ], [ -106.4161, 38.7617 ], [ -106.4161, 38.7595 ], [ -106.415, 38.7572 ], [ -106.417, 38.7556 ], [ -106.4199, 38.7513 ], [ -106.4185, 38.7489 ], [ -106.418, 38.7459 ], [ -106.4181, 38.7413 ], [ -106.4199, 38.7385 ], [ -106.4185, 38.7354 ], [ -106.4168, 38.7337 ], [ -106.4167, 38.7275 ], [ -106.4187, 38.7244 ], [ -106.421, 38.7229 ], [ -106.4233, 38.7205 ], [ -106.4229, 38.7192 ], [ -106.4233, 38.7159 ], [ -106.4252, 38.7103 ], [ -106.4294, 38.7097 ], [ -106.4321, 38.7087 ], [ -106.4365, 38.7091 ], [ -106.4383, 38.7087 ], [ -106.4436, 38.7093 ], [ -106.4456, 38.7057 ], [ -106.4486, 38.7048 ], [ -106.452, 38.6985 ], [ -106.4508, 38.6951 ], [ -106.4481, 38.6929 ], [ -106.4461, 38.6901 ], [ -106.446, 38.6891 ], [ -106.4403, 38.6869 ], [ -106.4382, 38.6833 ], [ -106.437, 38.6784 ], [ -106.4378, 38.6763 ], [ -106.436, 38.6739 ], [ -106.436, 38.6716 ], [ -106.4338, 38.6689 ], [ -106.4318, 38.6679 ], [ -106.4313, 38.6667 ], [ -106.4311, 38.6631 ], [ -106.429, 38.6575 ], [ -106.43, 38.6545 ], [ -106.4295, 38.6514 ], [ -106.4252, 38.6497 ], [ -106.4225, 38.6473 ], [ -106.42, 38.6467 ], [ -106.4176, 38.6446 ], [ -106.4146, 38.6456 ], [ -106.4116, 38.6472 ], [ -106.4084, 38.6477 ], [ -106.4017, 38.6458 ], [ -106.4015, 38.6433 ], [ -106.4022, 38.6422 ], [ -106.4011, 38.6398 ], [ -106.3985, 38.6399 ], [ -106.3971, 38.6404 ], [ -106.3924, 38.6403 ], [ -106.3894, 38.641 ], [ -106.3851, 38.6388 ], [ -106.38, 38.6386 ], [ -106.3801, 38.6376 ], [ -106.3818, 38.6353 ], [ -106.3851, 38.6327 ], [ -106.3862, 38.628 ], [ -106.3856, 38.6254 ], [ -106.3842, 38.6238 ], [ -106.3825, 38.6231 ], [ -106.382, 38.6216 ], [ -106.3812, 38.6208 ], [ -106.3788, 38.62 ], [ -106.3761, 38.6209 ], [ -106.3743, 38.6209 ], [ -106.3691, 38.6186 ], [ -106.365, 38.6157 ], [ -106.3643, 38.6145 ], [ -106.3637, 38.6116 ], [ -106.3644, 38.6056 ], [ -106.3594, 38.5998 ], [ -106.3611, 38.5958 ], [ -106.3609, 38.5945 ], [ -106.3582, 38.5927 ], [ -106.3573, 38.5911 ], [ -106.356, 38.5901 ], [ -106.3551, 38.5874 ], [ -106.3514, 38.5836 ], [ -106.3515, 38.5831 ], [ -106.3533, 38.5815 ], [ -106.3519, 38.5788 ], [ -106.3517, 38.5771 ], [ -106.3465, 38.5714 ], [ -106.3447, 38.5685 ], [ -106.3471, 38.5648 ], [ -106.3467, 38.5629 ], [ -106.3474, 38.5604 ], [ -106.3468, 38.5587 ], [ -106.3499, 38.5559 ], [ -106.3507, 38.5543 ], [ -106.3506, 38.5526 ], [ -106.3534, 38.5502 ], [ -106.3537, 38.5467 ], [ -106.355, 38.5426 ], [ -106.3537, 38.5392 ], [ -106.3547, 38.5366 ], [ -106.3543, 38.5335 ], [ -106.3504, 38.5315 ], [ -106.3471, 38.5286 ], [ -106.3462, 38.526 ], [ -106.3444, 38.523 ], [ -106.3427, 38.5213 ], [ -106.3438, 38.5174 ], [ -106.345, 38.5167 ], [ -106.3479, 38.5125 ], [ -106.3441, 38.5044 ], [ -106.3426, 38.5029 ], [ -106.3392, 38.5013 ], [ -106.3389, 38.4993 ], [ -106.3366, 38.497 ], [ -106.3302, 38.4937 ], [ -106.3297, 38.4937 ], [ -106.3277, 38.4966 ], [ -106.3231, 38.497 ], [ -106.3203, 38.4978 ], [ -106.3179, 38.495 ], [ -106.3152, 38.4945 ], [ -106.3124, 38.4948 ], [ -106.3097, 38.4905 ], [ -106.3091, 38.4874 ], [ -106.3068, 38.4842 ], [ -106.3064, 38.4822 ], [ -106.3041, 38.4799 ], [ -106.3045, 38.4788 ], [ -106.3042, 38.4779 ], [ -106.3023, 38.4766 ], [ -106.2995, 38.4757 ], [ -106.2953, 38.4756 ], [ -106.2905, 38.4734 ], [ -106.2906, 38.4721 ], [ -106.2895, 38.4706 ], [ -106.2899, 38.4661 ], [ -106.2884, 38.4613 ], [ -106.2846, 38.458 ], [ -106.2832, 38.4562 ], [ -106.2806, 38.4544 ], [ -106.2779, 38.4543 ], [ -106.2724, 38.4552 ], [ -106.2722, 38.45 ], [ -106.2715, 38.4471 ], [ -106.2696, 38.4445 ], [ -106.2657, 38.4416 ], [ -106.2627, 38.4421 ], [ -106.2576, 38.4419 ], [ -106.2532, 38.4404 ], [ -106.2457, 38.4392 ], [ -106.2486, 38.4357 ], [ -106.2496, 38.4333 ], [ -106.249, 38.4303 ], [ -106.2489, 38.4262 ], [ -106.2473, 38.4232 ], [ -106.247, 38.4214 ], [ -106.2458, 38.4198 ], [ -106.2441, 38.4187 ], [ -106.2467, 38.4158 ], [ -106.2467, 38.4116 ], [ -106.2526, 38.4026 ], [ -106.2532, 38.4002 ], [ -106.2522, 38.3988 ], [ -106.2521, 38.3975 ], [ -106.2463, 38.3908 ], [ -106.2424, 38.3885 ], [ -106.2424, 38.3864 ], [ -106.2407, 38.3844 ], [ -106.2401, 38.382 ], [ -106.2394, 38.381 ], [ -106.2372, 38.3797 ], [ -106.2386, 38.3771 ], [ -106.2403, 38.3751 ], [ -106.2392, 38.3733 ], [ -106.2392, 38.3717 ], [ -106.2373, 38.3697 ], [ -106.2373, 38.3688 ], [ -106.238, 38.3662 ], [ -106.2397, 38.3628 ], [ -106.2406, 38.3625 ], [ -106.244, 38.3586 ], [ -106.2434, 38.3537 ], [ -106.2439, 38.3523 ], [ -106.2512, 38.3495 ], [ -106.2517, 38.3484 ], [ -106.2529, 38.3476 ], [ -106.2574, 38.3496 ], [ -106.2624, 38.3502 ], [ -106.2661, 38.3521 ], [ -106.2689, 38.3527 ], [ -106.2713, 38.3527 ], [ -106.2784, 38.3505 ], [ -106.2813, 38.3485 ], [ -106.2916, 38.345 ], [ -106.296, 38.3444 ], [ -106.2992, 38.3447 ], [ -106.3013, 38.344 ], [ -106.3043, 38.3445 ], [ -106.3079, 38.3436 ], [ -106.3096, 38.3444 ], [ -106.314, 38.3428 ], [ -106.3161, 38.3426 ], [ -106.3182, 38.3401 ], [ -106.3178, 38.3375 ], [ -106.318, 38.3348 ], [ -106.3194, 38.3312 ], [ -106.3218, 38.3288 ], [ -106.3227, 38.3264 ], [ -106.3252, 38.3243 ], [ -106.3264, 38.3168 ], [ -106.3282, 38.3139 ], [ -106.3296, 38.3097 ], [ -106.3308, 38.3015 ], [ -106.3335, 38.2927 ], [ -106.3361, 38.2886 ], [ -106.3387, 38.287 ], [ -106.3433, 38.2901 ], [ -106.3526, 38.2919 ], [ -106.3538, 38.292 ], [ -106.357, 38.291 ], [ -106.3599, 38.291 ], [ -106.3688, 38.2928 ], [ -106.3795, 38.2931 ], [ -106.3823, 38.292 ], [ -106.3829, 38.2914 ], [ -106.3847, 38.2878 ], [ -106.3844, 38.2874 ], [ -106.3861, 38.2858 ], [ -106.3883, 38.2844 ], [ -106.3928, 38.2834 ], [ -106.395, 38.2821 ], [ -106.4004, 38.2844 ], [ -106.4061, 38.2857 ], [ -106.4093, 38.2855 ], [ -106.4123, 38.2824 ], [ -106.417, 38.2807 ], [ -106.4203, 38.2807 ], [ -106.4235, 38.2822 ], [ -106.4295, 38.2811 ], [ -106.4342, 38.2819 ], [ -106.4376, 38.2829 ], [ -106.4414, 38.2885 ], [ -106.4464, 38.2904 ], [ -106.4532, 38.2979 ], [ -106.4571, 38.2994 ], [ -106.4589, 38.3011 ], [ -106.4604, 38.3036 ], [ -106.461, 38.3073 ], [ -106.4626, 38.3096 ], [ -106.4629, 38.3116 ], [ -106.464, 38.313 ], [ -106.466, 38.3141 ], [ -106.4684, 38.3143 ], [ -106.4726, 38.3129 ], [ -106.4739, 38.3178 ], [ -106.4739, 38.3222 ], [ -106.4797, 38.3172 ], [ -106.4834, 38.3161 ], [ -106.4863, 38.3162 ], [ -106.4883, 38.317 ], [ -106.494, 38.3161 ], [ -106.4985, 38.3147 ], [ -106.5, 38.3146 ], [ -106.503, 38.3154 ], [ -106.5049, 38.3149 ], [ -106.5066, 38.3119 ], [ -106.5086, 38.3103 ], [ -106.5097, 38.3086 ], [ -106.5114, 38.3044 ], [ -106.5142, 38.2998 ], [ -106.5142, 38.2984 ], [ -106.5181, 38.2952 ], [ -106.5184, 38.2926 ], [ -106.5199, 38.2902 ], [ -106.5199, 38.2854 ], [ -106.5214, 38.2841 ], [ -106.5243, 38.2828 ], [ -106.5247, 38.2801 ], [ -106.5287, 38.277 ], [ -106.5291, 38.274 ], [ -106.531, 38.2708 ], [ -106.5317, 38.2684 ], [ -106.5363, 38.262 ], [ -106.541, 38.2606 ], [ -106.5427, 38.2578 ], [ -106.5448, 38.2561 ], [ -106.5506, 38.2533 ], [ -106.5556, 38.2538 ], [ -106.5593, 38.2516 ], [ -106.5596, 38.2482 ], [ -106.5559, 38.2456 ], [ -106.5593, 38.2416 ], [ -106.5606, 38.2377 ], [ -106.5605, 38.2343 ], [ -106.5589, 38.2311 ], [ -106.5571, 38.2299 ], [ -106.5548, 38.2291 ], [ -106.5576, 38.2273 ], [ -106.5605, 38.2244 ], [ -106.5655, 38.2215 ], [ -106.5714, 38.2154 ], [ -106.5758, 38.2121 ], [ -106.5763, 38.2093 ], [ -106.5811, 38.2034 ], [ -106.5824, 38.1989 ], [ -106.5859, 38.193 ], [ -106.5872, 38.1894 ], [ -106.5908, 38.1903 ], [ -106.5958, 38.1887 ], [ -106.598, 38.1893 ], [ -106.5986, 38.1867 ], [ -106.5967, 38.1823 ], [ -106.5982, 38.1802 ], [ -106.5974, 38.1772 ], [ -106.5981, 38.1753 ], [ -106.6017, 38.1709 ], [ -106.6008, 38.1689 ], [ -106.6008, 38.1668 ], [ -106.6012, 38.1665 ], [ -106.6003, 38.1619 ], [ -106.5993, 38.1597 ], [ -106.5971, 38.1569 ], [ -106.5996, 38.1543 ], [ -106.5991, 38.153 ], [ -106.6029, 38.1506 ], [ -106.6021, 38.1486 ], [ -106.6036, 38.1448 ], [ -106.6063, 38.1444 ], [ -106.6082, 38.1429 ], [ -106.6081, 38.1409 ], [ -106.609, 38.1395 ], [ -106.6106, 38.1346 ], [ -106.6146, 38.1317 ], [ -106.6175, 38.1315 ], [ -106.6202, 38.132 ], [ -106.6268, 38.1296 ], [ -106.63, 38.1306 ], [ -106.6313, 38.129 ], [ -106.6333, 38.1283 ], [ -106.6338, 38.1248 ], [ -106.6364, 38.1232 ], [ -106.6378, 38.1232 ], [ -106.6392, 38.1208 ], [ -106.6409, 38.1202 ], [ -106.6436, 38.1171 ], [ -106.6436, 38.1148 ], [ -106.6447, 38.1153 ], [ -106.6462, 38.1147 ], [ -106.6479, 38.1102 ], [ -106.6498, 38.1108 ], [ -106.6534, 38.1106 ], [ -106.6553, 38.11 ], [ -106.6558, 38.1085 ], [ -106.6548, 38.1076 ], [ -106.6552, 38.1055 ], [ -106.6579, 38.1029 ], [ -106.6606, 38.1028 ], [ -106.6614, 38.0994 ], [ -106.6629, 38.0975 ], [ -106.6665, 38.0953 ], [ -106.6699, 38.0947 ], [ -106.6715, 38.0935 ], [ -106.6722, 38.0914 ], [ -106.6719, 38.0884 ], [ -106.6701, 38.0869 ], [ -106.6733, 38.0858 ], [ -106.6769, 38.0857 ], [ -106.6803, 38.0846 ], [ -106.6827, 38.0847 ], [ -106.684, 38.0818 ], [ -106.6848, 38.0814 ], [ -106.6924, 38.0805 ], [ -106.7042, 38.0805 ], [ -106.7065, 38.0816 ], [ -106.7073, 38.0837 ], [ -106.7093, 38.0849 ], [ -106.7105, 38.0866 ], [ -106.7146, 38.0876 ], [ -106.7203, 38.0916 ], [ -106.722, 38.0917 ], [ -106.7247, 38.0905 ], [ -106.7288, 38.0901 ], [ -106.7329, 38.0917 ], [ -106.7372, 38.0909 ], [ -106.7403, 38.0913 ], [ -106.743, 38.0933 ], [ -106.7444, 38.0935 ], [ -106.747, 38.0923 ], [ -106.748, 38.0913 ], [ -106.7492, 38.0885 ], [ -106.7529, 38.0858 ], [ -106.7551, 38.0853 ], [ -106.758, 38.0863 ], [ -106.7598, 38.086 ], [ -106.761, 38.0843 ], [ -106.7631, 38.0833 ], [ -106.7673, 38.0796 ], [ -106.7677, 38.0783 ], [ -106.7668, 38.0763 ], [ -106.7693, 38.0718 ], [ -106.7777, 38.0654 ], [ -106.7793, 38.0629 ], [ -106.7802, 38.0597 ], [ -106.7815, 38.0577 ], [ -106.783, 38.0562 ], [ -106.7868, 38.054 ], [ -106.788, 38.0506 ], [ -106.794, 38.0467 ], [ -106.7951, 38.0455 ], [ -106.7985, 38.0403 ], [ -106.7998, 38.0367 ], [ -106.8045, 38.0331 ], [ -106.8064, 38.0307 ], [ -106.8071, 38.0263 ], [ -106.8069, 38.0207 ], [ -106.8087, 38.0158 ], [ -106.8029, 38.0115 ], [ -106.7975, 38.0089 ], [ -106.7931, 38.0057 ], [ -106.7822, 38.0021 ], [ -106.7834, 37.9999 ], [ -106.7853, 37.9992 ], [ -106.7868, 37.9994 ], [ -106.7881, 37.9977 ], [ -106.7903, 37.9963 ], [ -106.7955, 37.989 ], [ -106.7964, 37.9884 ], [ -106.7984, 37.9891 ], [ -106.8012, 37.9864 ], [ -106.8024, 37.9842 ], [ -106.8033, 37.9801 ], [ -106.8033, 37.9716 ], [ -106.8069, 37.9717 ], [ -106.8098, 37.97 ], [ -106.8107, 37.9669 ], [ -106.8102, 37.9642 ], [ -106.8131, 37.9616 ], [ -106.8144, 37.958 ], [ -106.8164, 37.9557 ], [ -106.8205, 37.9551 ], [ -106.831, 37.9547 ], [ -106.8394, 37.956 ], [ -106.8439, 37.9558 ], [ -106.8472, 37.9571 ], [ -106.8504, 37.9567 ], [ -106.8532, 37.9559 ], [ -106.8546, 37.9549 ], [ -106.8545, 37.9542 ], [ -106.8582, 37.9495 ], [ -106.8715, 37.9417 ], [ -106.8732, 37.9435 ], [ -106.8735, 37.9445 ], [ -106.8751, 37.9452 ], [ -106.876, 37.9461 ], [ -106.8771, 37.9485 ], [ -106.8795, 37.9495 ], [ -106.8791, 37.9544 ], [ -106.8779, 37.9576 ], [ -106.8794, 37.96 ], [ -106.8806, 37.9608 ], [ -106.8827, 37.9613 ], [ -106.8884, 37.9615 ], [ -106.894, 37.9667 ], [ -106.8962, 37.9677 ], [ -106.8975, 37.968 ], [ -106.8995, 37.9666 ], [ -106.9034, 37.9651 ], [ -106.9047, 37.964 ], [ -106.9073, 37.9633 ], [ -106.9093, 37.964 ], [ -106.9114, 37.9662 ], [ -106.9163, 37.9662 ], [ -106.9203, 37.9674 ], [ -106.9237, 37.9647 ], [ -106.9282, 37.9642 ], [ -106.9326, 37.9612 ], [ -106.9349, 37.9608 ], [ -106.9352, 37.9592 ], [ -106.9372, 37.9562 ], [ -106.9413, 37.9546 ], [ -106.9449, 37.9523 ], [ -106.9481, 37.9562 ], [ -106.952, 37.9573 ], [ -106.9523, 37.9586 ], [ -106.9518, 37.9615 ], [ -106.9544, 37.9645 ], [ -106.9588, 37.9674 ], [ -106.9618, 37.9679 ], [ -106.9624, 37.9704 ], [ -106.9608, 37.9725 ], [ -106.964, 37.9727 ], [ -106.9672, 37.9748 ], [ -106.9683, 37.9744 ], [ -106.9691, 37.973 ], [ -106.9753, 37.9705 ], [ -106.9773, 37.969 ], [ -106.9828, 37.9693 ], [ -106.9852, 37.969 ], [ -106.9872, 37.9694 ], [ -106.987, 37.9631 ], [ -106.9903, 37.9606 ], [ -106.992, 37.9605 ], [ -106.9936, 37.9613 ], [ -106.9964, 37.9605 ], [ -106.9972, 37.9586 ], [ -106.9984, 37.9584 ], [ -106.9988, 37.9572 ], [ -107.0012, 37.9557 ], [ -107.002, 37.9557 ], [ -107.0041, 37.9568 ], [ -107.0053, 37.9566 ], [ -107.0069, 37.9529 ], [ -107.0066, 37.9491 ], [ -107.0076, 37.9471 ], [ -107.009, 37.9465 ], [ -107.0134, 37.9475 ], [ -107.0153, 37.9485 ], [ -107.0168, 37.9485 ], [ -107.0177, 37.9499 ], [ -107.0214, 37.9529 ], [ -107.0249, 37.9544 ], [ -107.027, 37.9545 ], [ -107.0283, 37.9535 ], [ -107.0312, 37.9525 ], [ -107.0313, 37.9515 ], [ -107.0325, 37.9496 ], [ -107.037, 37.9487 ], [ -107.0432, 37.9486 ], [ -107.0506, 37.9522 ], [ -107.053, 37.9512 ], [ -107.055, 37.9509 ], [ -107.0586, 37.9546 ], [ -107.0607, 37.9596 ], [ -107.0648, 37.9597 ], [ -107.0677, 37.9615 ], [ -107.068, 37.9601 ], [ -107.0703, 37.9569 ], [ -107.073, 37.9546 ], [ -107.0751, 37.9537 ], [ -107.0777, 37.9541 ], [ -107.0795, 37.9537 ], [ -107.0846, 37.9536 ], [ -107.0871, 37.9523 ], [ -107.0889, 37.9502 ], [ -107.0915, 37.9492 ], [ -107.0945, 37.9495 ], [ -107.1, 37.9517 ], [ -107.1011, 37.9525 ], [ -107.1015, 37.9539 ], [ -107.1029, 37.9554 ], [ -107.1031, 37.9542 ], [ -107.1045, 37.9528 ], [ -107.1045, 37.9506 ], [ -107.1057, 37.9481 ], [ -107.1092, 37.9437 ], [ -107.1169, 37.9415 ], [ -107.1181, 37.9426 ], [ -107.1197, 37.9424 ], [ -107.1219, 37.9413 ], [ -107.1248, 37.9407 ], [ -107.1325, 37.9369 ], [ -107.1336, 37.9369 ], [ -107.1373, 37.9381 ], [ -107.1402, 37.9385 ], [ -107.1417, 37.9393 ], [ -107.1436, 37.9392 ], [ -107.1474, 37.9401 ], [ -107.1547, 37.9402 ], [ -107.1605, 37.939 ], [ -107.1622, 37.9393 ], [ -107.1657, 37.939 ], [ -107.1682, 37.9376 ], [ -107.1729, 37.9364 ], [ -107.1766, 37.9367 ], [ -107.1812, 37.9356 ], [ -107.1825, 37.9356 ], [ -107.1849, 37.9365 ], [ -107.1905, 37.9366 ], [ -107.1981, 37.9348 ], [ -107.1994, 37.9318 ], [ -107.2018, 37.9298 ], [ -107.2068, 37.9289 ], [ -107.2224, 37.9282 ], [ -107.2245, 37.9263 ], [ -107.2257, 37.926 ], [ -107.2285, 37.9267 ], [ -107.2323, 37.9286 ], [ -107.2386, 37.9279 ], [ -107.2481, 37.9284 ], [ -107.2532, 37.9293 ], [ -107.256, 37.931 ], [ -107.2593, 37.9347 ], [ -107.2608, 37.9358 ], [ -107.2645, 37.9376 ], [ -107.2673, 37.938 ], [ -107.2695, 37.9369 ], [ -107.2716, 37.9332 ], [ -107.2731, 37.9319 ], [ -107.2749, 37.9308 ], [ -107.2781, 37.9301 ], [ -107.2786, 37.9283 ], [ -107.28, 37.9267 ], [ -107.2804, 37.9248 ], [ -107.2825, 37.9228 ], [ -107.2846, 37.9217 ], [ -107.2848, 37.9189 ], [ -107.2857, 37.9174 ], [ -107.2894, 37.9156 ], [ -107.2909, 37.9131 ], [ -107.2922, 37.9124 ], [ -107.2936, 37.9079 ], [ -107.2975, 37.9066 ], [ -107.2992, 37.9053 ], [ -107.2986, 37.9027 ], [ -107.2994, 37.9023 ], [ -107.3006, 37.8987 ], [ -107.3028, 37.8981 ], [ -107.3029, 37.8971 ], [ -107.3038, 37.8962 ], [ -107.3061, 37.8956 ], [ -107.3063, 37.8945 ], [ -107.3089, 37.8915 ], [ -107.3109, 37.8911 ], [ -107.3126, 37.8919 ], [ -107.3158, 37.892 ], [ -107.3182, 37.89 ], [ -107.3202, 37.8863 ], [ -107.3223, 37.8854 ], [ -107.3246, 37.8833 ], [ -107.3264, 37.8823 ], [ -107.3266, 37.8809 ], [ -107.3276, 37.8798 ], [ -107.3302, 37.8789 ], [ -107.3357, 37.8759 ], [ -107.3381, 37.872 ], [ -107.3402, 37.8713 ], [ -107.3409, 37.8703 ], [ -107.3407, 37.8692 ], [ -107.3452, 37.8654 ], [ -107.3465, 37.863 ], [ -107.3465, 37.861 ], [ -107.3474, 37.8577 ], [ -107.3486, 37.8569 ], [ -107.3494, 37.8565 ], [ -107.3514, 37.8572 ], [ -107.353, 37.8569 ], [ -107.3556, 37.8584 ], [ -107.3609, 37.8593 ], [ -107.3639, 37.8573 ], [ -107.3663, 37.8568 ], [ -107.3674, 37.857 ], [ -107.3688, 37.856 ], [ -107.3725, 37.8564 ], [ -107.3747, 37.8558 ], [ -107.3787, 37.8585 ], [ -107.3808, 37.8607 ], [ -107.3822, 37.8603 ], [ -107.386, 37.8566 ], [ -107.3879, 37.8562 ], [ -107.3889, 37.8552 ], [ -107.395, 37.8559 ], [ -107.4002, 37.8575 ], [ -107.4092, 37.8563 ], [ -107.4135, 37.8564 ], [ -107.4155, 37.8568 ], [ -107.4177, 37.8584 ], [ -107.4212, 37.8585 ], [ -107.4246, 37.8592 ], [ -107.4296, 37.8547 ], [ -107.4301, 37.853 ], [ -107.4319, 37.8524 ], [ -107.4325, 37.8489 ], [ -107.4355, 37.8472 ], [ -107.4362, 37.846 ], [ -107.4377, 37.8461 ], [ -107.4392, 37.8447 ], [ -107.4399, 37.8447 ], [ -107.4412, 37.8449 ], [ -107.4426, 37.8461 ], [ -107.4456, 37.8438 ], [ -107.4454, 37.8487 ], [ -107.4473, 37.8491 ], [ -107.4486, 37.8479 ], [ -107.4514, 37.8471 ], [ -107.4522, 37.8495 ], [ -107.455, 37.8507 ], [ -107.455, 37.8516 ], [ -107.4569, 37.8528 ], [ -107.4571, 37.8544 ], [ -107.4584, 37.856 ], [ -107.4593, 37.8566 ], [ -107.4604, 37.8565 ], [ -107.4633, 37.8575 ], [ -107.4653, 37.8588 ], [ -107.4639, 37.8567 ], [ -107.4664, 37.8505 ], [ -107.4663, 37.8486 ], [ -107.4672, 37.8462 ], [ -107.4682, 37.8462 ], [ -107.4706, 37.8475 ], [ -107.4718, 37.8467 ], [ -107.4733, 37.8465 ], [ -107.474, 37.8458 ], [ -107.4747, 37.8461 ], [ -107.4753, 37.8473 ], [ -107.4778, 37.8451 ], [ -107.4813, 37.846 ], [ -107.4843, 37.8452 ], [ -107.4878, 37.846 ], [ -107.4929, 37.8497 ], [ -107.4942, 37.8498 ], [ -107.4959, 37.8487 ], [ -107.4979, 37.8458 ], [ -107.4997, 37.845 ], [ -107.5005, 37.8427 ], [ -107.4997, 37.8399 ], [ -107.5017, 37.8406 ], [ -107.506, 37.8412 ], [ -107.5074, 37.8408 ], [ -107.5098, 37.8399 ], [ -107.5115, 37.8379 ], [ -107.5137, 37.8369 ], [ -107.5162, 37.8344 ], [ -107.5184, 37.8389 ], [ -107.5201, 37.8394 ], [ -107.5199, 37.841 ], [ -107.5209, 37.8417 ], [ -107.5221, 37.8414 ], [ -107.5224, 37.8421 ], [ -107.5221, 37.8441 ], [ -107.5209, 37.8449 ], [ -107.5207, 37.8481 ], [ -107.5194, 37.8481 ], [ -107.5189, 37.8486 ], [ -107.5181, 37.8571 ], [ -107.5187, 37.8581 ], [ -107.5205, 37.859 ], [ -107.5209, 37.8617 ], [ -107.5223, 37.8624 ], [ -107.5226, 37.8639 ], [ -107.5243, 37.8649 ], [ -107.5241, 37.8662 ], [ -107.5265, 37.8692 ], [ -107.5319, 37.8725 ], [ -107.5356, 37.8737 ], [ -107.5354, 37.8767 ], [ -107.5367, 37.8798 ], [ -107.5327, 37.8842 ], [ -107.5336, 37.8893 ], [ -107.5314, 37.8892 ], [ -107.5283, 37.8907 ], [ -107.5262, 37.8935 ], [ -107.5265, 37.8965 ], [ -107.5244, 37.8968 ], [ -107.5228, 37.8977 ], [ -107.522, 37.9002 ], [ -107.5204, 37.9012 ], [ -107.5248, 37.9038 ], [ -107.5252, 37.9054 ], [ -107.5283, 37.9064 ], [ -107.5298, 37.9114 ], [ -107.5299, 37.9123 ], [ -107.5291, 37.9131 ], [ -107.5292, 37.9145 ], [ -107.5306, 37.9165 ], [ -107.5361, 37.9201 ], [ -107.5366, 37.9212 ], [ -107.5364, 37.9228 ], [ -107.5346, 37.9245 ], [ -107.5376, 37.9266 ], [ -107.5387, 37.9297 ], [ -107.5383, 37.933 ], [ -107.5377, 37.9346 ], [ -107.5343, 37.9371 ], [ -107.5342, 37.9386 ], [ -107.5326, 37.9405 ], [ -107.5327, 37.9438 ], [ -107.5351, 37.9452 ], [ -107.5372, 37.9473 ], [ -107.541, 37.9482 ], [ -107.5512, 37.9497 ], [ -107.5525, 37.9509 ], [ -107.5575, 37.9532 ], [ -107.5616, 37.9545 ], [ -107.5635, 37.9562 ], [ -107.5651, 37.9612 ], [ -107.5676, 37.9614 ], [ -107.5685, 37.9621 ], [ -107.5728, 37.9619 ], [ -107.5751, 37.961 ], [ -107.5762, 37.9597 ], [ -107.5785, 37.9589 ], [ -107.5796, 37.9559 ], [ -107.5848, 37.953 ], [ -107.5868, 37.9527 ], [ -107.588, 37.9514 ], [ -107.5893, 37.9477 ], [ -107.5905, 37.9476 ], [ -107.5919, 37.9458 ], [ -107.5954, 37.9447 ], [ -107.5957, 37.9424 ], [ -107.597, 37.9408 ], [ -107.6003, 37.9389 ], [ -107.6061, 37.937 ], [ -107.6076, 37.9369 ], [ -107.6078, 37.9361 ], [ -107.6089, 37.9352 ], [ -107.6128, 37.934 ], [ -107.6137, 37.9279 ], [ -107.6143, 37.9268 ], [ -107.6158, 37.9266 ], [ -107.6155, 37.9243 ], [ -107.6171, 37.9214 ], [ -107.6174, 37.9176 ], [ -107.6198, 37.9153 ], [ -107.6215, 37.9147 ], [ -107.6223, 37.9165 ], [ -107.6242, 37.9183 ], [ -107.6259, 37.9196 ], [ -107.6278, 37.9203 ], [ -107.6304, 37.9228 ], [ -107.6318, 37.9234 ], [ -107.6325, 37.9248 ], [ -107.6368, 37.9242 ], [ -107.6378, 37.9237 ], [ -107.6378, 37.9213 ], [ -107.6383, 37.9207 ], [ -107.6429, 37.9182 ], [ -107.6461, 37.9175 ], [ -107.6467, 37.9168 ], [ -107.6476, 37.9131 ], [ -107.6492, 37.9128 ], [ -107.6498, 37.9107 ], [ -107.6507, 37.9099 ], [ -107.6522, 37.9097 ], [ -107.6527, 37.9089 ], [ -107.6574, 37.908 ], [ -107.6611, 37.9095 ], [ -107.6626, 37.9072 ], [ -107.6616, 37.9065 ], [ -107.6627, 37.9058 ], [ -107.664, 37.9034 ], [ -107.6666, 37.9029 ], [ -107.6714, 37.9027 ], [ -107.6732, 37.9033 ], [ -107.6756, 37.9034 ], [ -107.6785, 37.9044 ], [ -107.6808, 37.904 ], [ -107.6835, 37.9007 ], [ -107.6889, 37.9017 ], [ -107.6902, 37.8987 ], [ -107.6922, 37.8974 ], [ -107.6941, 37.8934 ], [ -107.6958, 37.8924 ], [ -107.697, 37.8927 ], [ -107.6985, 37.8923 ], [ -107.699, 37.8929 ], [ -107.7003, 37.8934 ], [ -107.7016, 37.8928 ], [ -107.7051, 37.8939 ], [ -107.7072, 37.894 ], [ -107.7082, 37.8957 ], [ -107.708, 37.8988 ], [ -107.709, 37.8989 ], [ -107.7093, 37.8994 ], [ -107.7114, 37.8982 ], [ -107.7134, 37.8982 ], [ -107.7157, 37.8976 ], [ -107.7166, 37.8969 ], [ -107.7203, 37.8977 ], [ -107.7215, 37.8975 ], [ -107.7246, 37.8988 ], [ -107.7246, 37.8992 ], [ -107.7264, 37.8999 ], [ -107.7265, 37.9003 ], [ -107.7324, 37.904 ], [ -107.7369, 37.9045 ], [ -107.7383, 37.9053 ], [ -107.7364, 37.9093 ], [ -107.7351, 37.9108 ], [ -107.7371, 37.9147 ], [ -107.7371, 37.9169 ], [ -107.7377, 37.9176 ], [ -107.7334, 37.9201 ], [ -107.7332, 37.9216 ], [ -107.7359, 37.9249 ], [ -107.7336, 37.9267 ], [ -107.7328, 37.9299 ], [ -107.7361, 37.9321 ], [ -107.7381, 37.9345 ], [ -107.739, 37.939 ], [ -107.7425, 37.9404 ], [ -107.7435, 37.9414 ], [ -107.7442, 37.9425 ], [ -107.7445, 37.9461 ], [ -107.746, 37.9489 ], [ -107.7473, 37.9498 ], [ -107.749, 37.9532 ], [ -107.7554, 37.9547 ], [ -107.759, 37.9585 ], [ -107.761, 37.9598 ], [ -107.7637, 37.9592 ], [ -107.7655, 37.9609 ], [ -107.7682, 37.9614 ], [ -107.7694, 37.962 ], [ -107.7726, 37.9617 ], [ -107.7758, 37.9621 ], [ -107.7785, 37.961 ], [ -107.7803, 37.9619 ], [ -107.7845, 37.9684 ], [ -107.7855, 37.9714 ], [ -107.7885, 37.9745 ], [ -107.7897, 37.975 ], [ -107.7869, 37.9777 ], [ -107.787, 37.9791 ], [ -107.7917, 37.9824 ], [ -107.7933, 37.9864 ], [ -107.7955, 37.9885 ], [ -107.7997, 37.9881 ], [ -107.8017, 37.987 ], [ -107.8024, 37.987 ], [ -107.8047, 37.9888 ], [ -107.8077, 37.9891 ], [ -107.8098, 37.9901 ], [ -107.8143, 37.9906 ], [ -107.8162, 37.9893 ], [ -107.8199, 37.9897 ], [ -107.8218, 37.9887 ], [ -107.8249, 37.9882 ], [ -107.8283, 37.9889 ], [ -107.8302, 37.9889 ], [ -107.8308, 37.9897 ], [ -107.8327, 37.9907 ], [ -107.8374, 37.9924 ], [ -107.8432, 37.9916 ], [ -107.8481, 37.9923 ], [ -107.8491, 37.9926 ], [ -107.8496, 37.9945 ], [ -107.8477, 37.9973 ], [ -107.8437, 37.999 ], [ -107.8418, 38.0005 ], [ -107.8415, 38.003 ], [ -107.8423, 38.0057 ], [ -107.8446, 38.0059 ], [ -107.8488, 38.0084 ], [ -107.8526, 38.0082 ], [ -107.8565, 38.0087 ], [ -107.8593, 38.0082 ], [ -107.8611, 38.0086 ], [ -107.8624, 38.0095 ], [ -107.8673, 38.0076 ], [ -107.8696, 38.0073 ], [ -107.8744, 38.0069 ], [ -107.8771, 38.008 ], [ -107.8791, 38.0083 ], [ -107.8832, 38.0074 ], [ -107.8898, 38.012 ], [ -107.8911, 38.0143 ], [ -107.8899, 38.0158 ], [ -107.8894, 38.0175 ], [ -107.8913, 38.0224 ], [ -107.8908, 38.0238 ], [ -107.8911, 38.0253 ], [ -107.8933, 38.0252 ], [ -107.8955, 38.0258 ], [ -107.8991, 38.0258 ], [ -107.9003, 38.0264 ], [ -107.8966, 38.0318 ], [ -107.8965, 38.0349 ], [ -107.8931, 38.0391 ], [ -107.893, 38.0426 ], [ -107.8919, 38.0435 ], [ -107.8891, 38.0445 ], [ -107.888, 38.0454 ], [ -107.8911, 38.0484 ], [ -107.892, 38.0545 ], [ -107.8935, 38.0578 ], [ -107.8908, 38.0665 ], [ -107.8956, 38.073 ], [ -107.8938, 38.0756 ], [ -107.8942, 38.0798 ], [ -107.8903, 38.0819 ], [ -107.8907, 38.0851 ], [ -107.8892, 38.0876 ], [ -107.8913, 38.0916 ], [ -107.8899, 38.094 ], [ -107.8896, 38.098 ], [ -107.8887, 38.0987 ], [ -107.8895, 38.1011 ], [ -107.8893, 38.1031 ], [ -107.8899, 38.1043 ], [ -107.889, 38.1058 ], [ -107.8894, 38.1087 ], [ -107.8923, 38.112 ], [ -107.8968, 38.1143 ], [ -107.9004, 38.1175 ], [ -107.9023, 38.1151 ], [ -107.9036, 38.1147 ], [ -107.9048, 38.1161 ], [ -107.9061, 38.1167 ], [ -107.9154, 38.1175 ], [ -107.9223, 38.1198 ], [ -107.924, 38.1171 ], [ -107.9241, 38.1147 ], [ -107.9269, 38.1153 ], [ -107.9312, 38.1106 ], [ -107.9317, 38.111 ], [ -107.9313, 38.114 ], [ -107.9319, 38.1164 ], [ -107.9338, 38.1181 ], [ -107.936, 38.1182 ], [ -107.942, 38.1166 ], [ -107.949, 38.1123 ], [ -107.952, 38.1098 ], [ -107.9522, 38.112 ], [ -107.9514, 38.1173 ], [ -107.9519, 38.1227 ], [ -107.9513, 38.125 ], [ -107.9501, 38.1278 ], [ -107.9478, 38.1289 ], [ -107.9455, 38.133 ], [ -107.9456, 38.1339 ], [ -107.9478, 38.1343 ], [ -107.9492, 38.134 ], [ -107.9504, 38.1329 ], [ -107.9499, 38.1356 ], [ -107.9489, 38.1372 ], [ -107.9505, 38.14 ], [ -107.9498, 38.1432 ], [ -107.953, 38.1437 ], [ -107.9554, 38.1425 ], [ -107.9565, 38.1435 ], [ -107.9567, 38.145 ], [ -107.9583, 38.1457 ], [ -107.9633, 38.1454 ], [ -107.9644, 38.1448 ], [ -107.9649, 38.1437 ], [ -107.967, 38.1439 ], [ -107.9681, 38.1441 ], [ -107.9696, 38.147 ], [ -107.9672, 38.1499 ], [ -107.9669, 38.1524 ], [ -107.9649, 38.157 ], [ -107.9651, 38.159 ], [ -107.9672, 38.1615 ], [ -107.9555, 38.1678 ], [ -107.9533, 38.1692 ], [ -107.9506, 38.1722 ], [ -107.9437, 38.1748 ], [ -107.9402, 38.1773 ], [ -107.9393, 38.1796 ], [ -107.9392, 38.184 ], [ -107.9401, 38.1846 ], [ -107.9393, 38.1852 ], [ -107.941, 38.1879 ], [ -107.9381, 38.1906 ], [ -107.9354, 38.1921 ], [ -107.934, 38.1924 ], [ -107.9344, 38.1943 ], [ -107.9325, 38.1961 ], [ -107.9331, 38.2001 ], [ -107.9386, 38.2049 ], [ -107.9397, 38.2066 ], [ -107.9402, 38.209 ], [ -107.9427, 38.211 ], [ -107.9434, 38.2123 ], [ -107.9458, 38.2131 ], [ -107.9504, 38.2157 ], [ -107.9526, 38.2163 ], [ -107.9543, 38.2182 ], [ -107.9563, 38.2191 ], [ -107.9639, 38.2206 ], [ -107.968, 38.2225 ], [ -107.9641, 38.2275 ], [ -107.9622, 38.2278 ], [ -107.964, 38.2285 ], [ -107.9644, 38.2297 ], [ -107.9676, 38.2304 ], [ -107.9696, 38.2304 ], [ -107.9712, 38.2315 ], [ -107.9734, 38.2319 ], [ -107.9737, 38.2309 ], [ -107.976, 38.2298 ], [ -107.9821, 38.2297 ], [ -107.9851, 38.2275 ], [ -107.9838, 38.2315 ], [ -107.9863, 38.234 ], [ -107.9939, 38.2338 ], [ -107.9983, 38.2359 ], [ -107.9994, 38.236 ], [ -108.004, 38.2347 ], [ -108.0084, 38.232 ], [ -108.0123, 38.2319 ], [ -108.0152, 38.2325 ], [ -108.0177, 38.2319 ], [ -108.0234, 38.2287 ], [ -108.0273, 38.2253 ], [ -108.0335, 38.2223 ], [ -108.0346, 38.2222 ], [ -108.0429, 38.2304 ], [ -108.0395, 38.2344 ], [ -108.0387, 38.2362 ], [ -108.0415, 38.2419 ], [ -108.0394, 38.2452 ], [ -108.0394, 38.2472 ], [ -108.037, 38.2568 ], [ -108.0372, 38.2583 ], [ -108.0393, 38.2593 ], [ -108.0429, 38.2595 ], [ -108.0456, 38.2607 ], [ -108.049, 38.261 ], [ -108.0571, 38.26 ], [ -108.0641, 38.2572 ], [ -108.0688, 38.2559 ], [ -108.0715, 38.2538 ], [ -108.0796, 38.2554 ], [ -108.0794, 38.2569 ], [ -108.0776, 38.2593 ], [ -108.0777, 38.2611 ], [ -108.0794, 38.2675 ], [ -108.0812, 38.2689 ], [ -108.0822, 38.269 ], [ -108.0795, 38.2717 ], [ -108.0785, 38.274 ], [ -108.0838, 38.277 ], [ -108.0883, 38.2768 ], [ -108.0908, 38.2746 ], [ -108.0925, 38.2797 ], [ -108.0948, 38.2812 ], [ -108.0979, 38.281 ], [ -108.1014, 38.279 ], [ -108.1029, 38.2745 ], [ -108.106, 38.2734 ], [ -108.108, 38.2732 ], [ -108.1178, 38.2749 ], [ -108.1201, 38.2747 ], [ -108.1209, 38.2741 ], [ -108.1217, 38.2753 ], [ -108.1221, 38.2809 ], [ -108.1219, 38.2841 ], [ -108.1213, 38.285 ], [ -108.1231, 38.2893 ], [ -108.1208, 38.2933 ], [ -108.123, 38.2993 ], [ -108.1226, 38.3064 ], [ -108.1273, 38.3102 ], [ -108.13, 38.3133 ], [ -108.1317, 38.313 ], [ -108.1348, 38.3116 ], [ -108.1408, 38.3102 ], [ -108.146, 38.3072 ], [ -108.1492, 38.3032 ], [ -108.1548, 38.3015 ], [ -108.1574, 38.3024 ], [ -108.1589, 38.3038 ], [ -108.1628, 38.3058 ], [ -108.1664, 38.3052 ], [ -108.1725, 38.3057 ], [ -108.1708, 38.3096 ], [ -108.1674, 38.3123 ], [ -108.1648, 38.3162 ], [ -108.1644, 38.3179 ], [ -108.1663, 38.3199 ], [ -108.168, 38.3204 ], [ -108.1723, 38.3201 ], [ -108.1759, 38.3188 ], [ -108.1785, 38.3186 ], [ -108.1793, 38.3194 ], [ -108.1805, 38.3226 ], [ -108.1819, 38.3239 ], [ -108.1845, 38.3249 ], [ -108.19, 38.3245 ], [ -108.195, 38.3213 ], [ -108.1986, 38.3161 ], [ -108.1998, 38.3151 ], [ -108.2013, 38.3147 ], [ -108.2037, 38.3144 ], [ -108.2063, 38.3154 ], [ -108.2132, 38.3159 ], [ -108.2222, 38.3189 ], [ -108.2276, 38.3217 ], [ -108.2283, 38.3227 ], [ -108.2285, 38.3264 ], [ -108.2299, 38.3296 ], [ -108.2346, 38.339 ], [ -108.2373, 38.342 ], [ -108.2377, 38.3436 ], [ -108.2415, 38.3467 ], [ -108.2418, 38.3483 ], [ -108.2433, 38.3498 ], [ -108.2509, 38.3557 ], [ -108.2517, 38.3606 ], [ -108.2543, 38.3633 ], [ -108.2575, 38.3639 ], [ -108.2597, 38.3674 ], [ -108.2619, 38.368 ], [ -108.2679, 38.371 ], [ -108.2702, 38.3737 ], [ -108.2726, 38.3756 ], [ -108.2781, 38.3786 ], [ -108.2846, 38.3798 ], [ -108.2879, 38.3815 ], [ -108.2905, 38.382 ], [ -108.2968, 38.3854 ], [ -108.3015, 38.3864 ], [ -108.3113, 38.3926 ], [ -108.32, 38.3959 ], [ -108.3246, 38.3994 ], [ -108.3269, 38.4002 ], [ -108.3284, 38.4017 ], [ -108.3318, 38.4029 ], [ -108.3341, 38.4045 ], [ -108.3361, 38.4054 ], [ -108.3406, 38.4058 ], [ -108.3447, 38.407 ], [ -108.3561, 38.4086 ], [ -108.3604, 38.4101 ], [ -108.3771, 38.4116 ], [ -108.3781, 38.4119 ], [ -108.3782, 38.4138 ], [ -108.379, 38.4152 ], [ -108.3825, 38.4177 ], [ -108.3843, 38.4177 ], [ -108.3859, 38.4168 ], [ -108.3884, 38.4144 ], [ -108.3903, 38.4139 ], [ -108.397, 38.4156 ], [ -108.3999, 38.417 ], [ -108.4014, 38.4172 ], [ -108.407, 38.4168 ], [ -108.4102, 38.4171 ], [ -108.4154, 38.4161 ], [ -108.4177, 38.4168 ], [ -108.4193, 38.4186 ], [ -108.4247, 38.4199 ], [ -108.4266, 38.4217 ], [ -108.429, 38.4224 ], [ -108.4329, 38.4251 ], [ -108.4349, 38.4294 ], [ -108.4361, 38.4347 ], [ -108.4416, 38.4386 ], [ -108.4423, 38.4438 ], [ -108.4406, 38.4465 ], [ -108.4409, 38.4471 ], [ -108.4439, 38.4476 ], [ -108.4489, 38.4461 ], [ -108.4518, 38.4469 ], [ -108.4535, 38.4467 ], [ -108.456, 38.449 ], [ -108.457, 38.453 ], [ -108.4613, 38.4602 ], [ -108.4618, 38.4622 ], [ -108.4628, 38.4625 ], [ -108.468, 38.4622 ], [ -108.4743, 38.4642 ], [ -108.4798, 38.4667 ], [ -108.4835, 38.4671 ], [ -108.4856, 38.4677 ], [ -108.4887, 38.4711 ], [ -108.4911, 38.4719 ], [ -108.4994, 38.4717 ], [ -108.5051, 38.4697 ], [ -108.5113, 38.4698 ], [ -108.5132, 38.4685 ], [ -108.5184, 38.4673 ], [ -108.5256, 38.4622 ], [ -108.5342, 38.4594 ], [ -108.5373, 38.458 ], [ -108.5383, 38.4581 ], [ -108.5376, 38.4593 ], [ -108.5395, 38.4607 ], [ -108.5405, 38.4623 ], [ -108.5443, 38.4646 ], [ -108.5458, 38.4663 ], [ -108.5489, 38.468 ], [ -108.5508, 38.4718 ], [ -108.5524, 38.4723 ], [ -108.553, 38.4733 ], [ -108.5547, 38.474 ], [ -108.5555, 38.4749 ], [ -108.5601, 38.4766 ], [ -108.5641, 38.4769 ], [ -108.5663, 38.4764 ], [ -108.5677, 38.4772 ], [ -108.5686, 38.4782 ], [ -108.5681, 38.48 ], [ -108.5692, 38.4829 ], [ -108.5709, 38.484 ], [ -108.5722, 38.4862 ], [ -108.5746, 38.4877 ], [ -108.5763, 38.4879 ], [ -108.5791, 38.4927 ], [ -108.5828, 38.4944 ], [ -108.5823, 38.4964 ], [ -108.5827, 38.4972 ], [ -108.5843, 38.4989 ], [ -108.5866, 38.5 ], [ -108.5862, 38.5027 ], [ -108.591, 38.5078 ], [ -108.5914, 38.5122 ], [ -108.5926, 38.5163 ], [ -108.5939, 38.518 ], [ -108.6036, 38.5214 ], [ -108.6078, 38.5247 ], [ -108.6109, 38.5255 ], [ -108.6115, 38.5271 ], [ -108.6154, 38.5305 ], [ -108.6171, 38.5335 ], [ -108.6144, 38.5364 ], [ -108.6164, 38.5386 ], [ -108.6163, 38.5412 ], [ -108.6168, 38.5425 ], [ -108.6197, 38.5466 ], [ -108.621, 38.5478 ], [ -108.6252, 38.5487 ], [ -108.6378, 38.5483 ], [ -108.6425, 38.5501 ], [ -108.644, 38.5512 ], [ -108.6441, 38.559 ], [ -108.6452, 38.5602 ], [ -108.6467, 38.5601 ], [ -108.6458, 38.5607 ], [ -108.6457, 38.5616 ], [ -108.6464, 38.5647 ], [ -108.6495, 38.5677 ], [ -108.6494, 38.571 ], [ -108.6506, 38.5727 ], [ -108.6506, 38.5737 ], [ -108.6495, 38.575 ], [ -108.6467, 38.577 ], [ -108.6452, 38.5791 ], [ -108.6448, 38.582 ], [ -108.6459, 38.5858 ], [ -108.6446, 38.5874 ], [ -108.645, 38.5899 ], [ -108.6474, 38.5932 ], [ -108.6498, 38.5946 ], [ -108.6576, 38.5974 ], [ -108.6619, 38.5957 ], [ -108.664, 38.599 ], [ -108.671, 38.6007 ], [ -108.6718, 38.6013 ], [ -108.6722, 38.6028 ], [ -108.6716, 38.6035 ], [ -108.6674, 38.6052 ], [ -108.6637, 38.606 ], [ -108.6634, 38.6066 ], [ -108.6636, 38.6083 ], [ -108.6659, 38.6107 ], [ -108.6667, 38.614 ], [ -108.6666, 38.6179 ], [ -108.6681, 38.62 ], [ -108.6674, 38.6239 ], [ -108.6706, 38.625 ], [ -108.673, 38.6294 ], [ -108.6756, 38.6319 ], [ -108.6769, 38.6324 ], [ -108.6804, 38.6319 ], [ -108.6834, 38.6378 ], [ -108.6865, 38.6399 ], [ -108.6883, 38.6418 ], [ -108.6895, 38.642 ], [ -108.6873, 38.6433 ], [ -108.6869, 38.6451 ], [ -108.6872, 38.6463 ], [ -108.691, 38.6511 ], [ -108.6937, 38.6514 ], [ -108.6942, 38.6522 ], [ -108.6962, 38.6532 ], [ -108.7008, 38.6535 ], [ -108.6999, 38.6569 ], [ -108.7017, 38.6581 ], [ -108.7037, 38.6609 ], [ -108.7077, 38.6698 ], [ -108.7119, 38.6701 ], [ -108.7123, 38.6723 ], [ -108.7141, 38.6738 ], [ -108.7163, 38.6746 ], [ -108.7181, 38.6779 ], [ -108.7179, 38.6795 ], [ -108.7157, 38.681 ], [ -108.7146, 38.6817 ], [ -108.711, 38.6816 ], [ -108.7042, 38.6862 ], [ -108.7026, 38.6866 ], [ -108.7014, 38.6888 ], [ -108.6985, 38.6913 ], [ -108.6931, 38.6934 ], [ -108.6899, 38.6955 ], [ -108.6861, 38.6968 ], [ -108.6791, 38.697 ], [ -108.6732, 38.6982 ], [ -108.6679, 38.7 ], [ -108.6621, 38.7004 ], [ -108.6565, 38.7033 ], [ -108.6551, 38.7085 ], [ -108.6537, 38.7096 ], [ -108.6526, 38.7098 ], [ -108.6484, 38.709 ], [ -108.6449, 38.7099 ], [ -108.6436, 38.7123 ], [ -108.6448, 38.7138 ], [ -108.6451, 38.717 ], [ -108.6423, 38.7195 ], [ -108.6401, 38.7198 ], [ -108.6376, 38.7212 ], [ -108.6369, 38.7233 ], [ -108.6325, 38.7278 ], [ -108.6308, 38.7307 ], [ -108.6257, 38.7362 ], [ -108.6244, 38.7389 ], [ -108.6204, 38.7432 ], [ -108.62, 38.7455 ], [ -108.6218, 38.7466 ], [ -108.6234, 38.7489 ], [ -108.6245, 38.7496 ], [ -108.6324, 38.7526 ], [ -108.6337, 38.7527 ], [ -108.6368, 38.7515 ], [ -108.641, 38.7518 ], [ -108.6416, 38.7528 ], [ -108.6455, 38.7541 ], [ -108.6562, 38.7553 ], [ -108.6615, 38.7566 ], [ -108.6617, 38.7578 ], [ -108.6651, 38.7592 ], [ -108.6729, 38.76 ], [ -108.6743, 38.7606 ], [ -108.671, 38.7613 ], [ -108.6656, 38.761 ], [ -108.6584, 38.7645 ], [ -108.6544, 38.7655 ], [ -108.6491, 38.7687 ], [ -108.6485, 38.7734 ], [ -108.6465, 38.7763 ], [ -108.6462, 38.778 ], [ -108.6467, 38.7788 ], [ -108.6498, 38.7807 ], [ -108.6503, 38.785 ], [ -108.6512, 38.7867 ], [ -108.6594, 38.7961 ], [ -108.6595, 38.7977 ], [ -108.6578, 38.7997 ], [ -108.6578, 38.8036 ], [ -108.661, 38.8042 ], [ -108.6628, 38.8042 ], [ -108.6658, 38.8029 ], [ -108.6677, 38.8013 ], [ -108.6698, 38.8011 ], [ -108.6708, 38.7992 ], [ -108.6756, 38.7964 ], [ -108.6772, 38.796 ], [ -108.6791, 38.7963 ], [ -108.6814, 38.7953 ], [ -108.682, 38.7955 ], [ -108.6822, 38.7991 ], [ -108.6839, 38.8021 ], [ -108.6904, 38.802 ], [ -108.6941, 38.8011 ], [ -108.6982, 38.7994 ], [ -108.6995, 38.7978 ], [ -108.7018, 38.8055 ], [ -108.6978, 38.8088 ], [ -108.6955, 38.8098 ], [ -108.6913, 38.8153 ], [ -108.6884, 38.818 ], [ -108.6874, 38.8192 ], [ -108.6873, 38.8217 ], [ -108.686, 38.8236 ], [ -108.6863, 38.8243 ], [ -108.6852, 38.8255 ], [ -108.6871, 38.8311 ], [ -108.6868, 38.8374 ], [ -108.6877, 38.8405 ], [ -108.6862, 38.8446 ], [ -108.6876, 38.8503 ], [ -108.6925, 38.8503 ], [ -108.701, 38.8538 ], [ -108.7052, 38.8541 ], [ -108.7073, 38.8532 ], [ -108.713, 38.8484 ], [ -108.718, 38.8426 ], [ -108.7247, 38.8427 ], [ -108.7298, 38.8458 ], [ -108.7326, 38.8443 ], [ -108.7352, 38.8403 ], [ -108.7373, 38.8385 ], [ -108.7389, 38.8378 ], [ -108.7408, 38.8387 ], [ -108.7431, 38.8388 ], [ -108.7454, 38.8381 ], [ -108.7471, 38.8363 ], [ -108.7489, 38.8358 ], [ -108.7521, 38.8363 ], [ -108.7609, 38.8389 ], [ -108.7641, 38.8391 ], [ -108.7665, 38.8398 ], [ -108.7683, 38.8385 ], [ -108.7732, 38.8375 ], [ -108.7742, 38.84 ], [ -108.7766, 38.8426 ], [ -108.7774, 38.8442 ], [ -108.7763, 38.846 ], [ -108.7759, 38.8521 ], [ -108.7722, 38.8577 ], [ -108.7717, 38.8605 ], [ -108.7704, 38.8635 ], [ -108.7668, 38.8682 ], [ -108.7623, 38.8724 ], [ -108.7626, 38.8735 ], [ -108.7616, 38.8752 ], [ -108.7616, 38.8815 ], [ -108.7582, 38.8826 ], [ -108.7575, 38.8833 ], [ -108.7574, 38.8852 ], [ -108.7567, 38.8859 ], [ -108.7496, 38.8881 ], [ -108.7489, 38.8891 ], [ -108.7467, 38.8904 ], [ -108.7452, 38.8926 ], [ -108.738, 38.8948 ], [ -108.7313, 38.9011 ], [ -108.73, 38.9032 ], [ -108.7288, 38.9071 ], [ -108.7252, 38.9088 ], [ -108.7242, 38.9104 ], [ -108.7222, 38.915 ], [ -108.7222, 38.9171 ], [ -108.7192, 38.9226 ], [ -108.7202, 38.9257 ], [ -108.7136, 38.9312 ], [ -108.7133, 38.9338 ], [ -108.7116, 38.9361 ], [ -108.7107, 38.9404 ], [ -108.7088, 38.9409 ], [ -108.7079, 38.9419 ], [ -108.7077, 38.9427 ], [ -108.7084, 38.943 ], [ -108.7075, 38.9441 ], [ -108.7081, 38.9465 ], [ -108.7028, 38.9487 ], [ -108.6971, 38.9531 ], [ -108.6921, 38.9547 ], [ -108.6904, 38.9566 ], [ -108.6877, 38.9586 ], [ -108.6825, 38.9672 ], [ -108.683, 38.9702 ], [ -108.6815, 38.9724 ], [ -108.6782, 38.9738 ], [ -108.6768, 38.9763 ], [ -108.6764, 38.9783 ], [ -108.6746, 38.9803 ], [ -108.6716, 38.9823 ], [ -108.6694, 38.9818 ], [ -108.6674, 38.9821 ], [ -108.6627, 38.9839 ], [ -108.6612, 38.9848 ], [ -108.661, 38.9866 ], [ -108.659, 38.9887 ], [ -108.6573, 38.9895 ], [ -108.654, 38.9898 ], [ -108.649, 38.9932 ], [ -108.6442, 38.9943 ], [ -108.6418, 38.9941 ], [ -108.637, 38.995 ], [ -108.6351, 38.9964 ], [ -108.634, 38.9965 ], [ -108.6325, 38.9958 ], [ -108.6299, 38.9954 ], [ -108.6267, 38.9933 ], [ -108.6241, 38.9931 ], [ -108.6215, 38.9909 ], [ -108.6183, 38.992 ], [ -108.6155, 38.9906 ], [ -108.6144, 38.9906 ], [ -108.6107, 38.9938 ], [ -108.6092, 38.9957 ], [ -108.6101, 38.9968 ], [ -108.608, 38.9994 ], [ -108.6079, 39.0017 ], [ -108.6073, 39.0034 ], [ -108.6096, 39.0051 ], [ -108.6095, 39.0061 ], [ -108.6087, 39.0064 ], [ -108.6092, 39.0076 ], [ -108.6085, 39.0089 ], [ -108.6101, 39.0138 ], [ -108.6099, 39.0147 ], [ -108.6088, 39.0161 ], [ -108.6114, 39.0182 ], [ -108.6076, 39.02 ], [ -108.6085, 39.0211 ], [ -108.6103, 39.021 ], [ -108.6117, 39.0219 ], [ -108.6183, 39.0222 ], [ -108.6185, 39.0227 ], [ -108.6171, 39.0243 ], [ -108.6152, 39.0244 ], [ -108.6146, 39.0269 ], [ -108.6125, 39.0293 ], [ -108.6107, 39.0334 ], [ -108.6086, 39.0351 ], [ -108.6078, 39.0369 ], [ -108.6047, 39.0404 ], [ -108.6039, 39.0419 ], [ -108.604, 39.0438 ], [ -108.6056, 39.0448 ], [ -108.6023, 39.0482 ], [ -108.6018, 39.0509 ], [ -108.5961, 39.0541 ], [ -108.5933, 39.0549 ], [ -108.5909, 39.0572 ], [ -108.5878, 39.0574 ], [ -108.5874, 39.0578 ], [ -108.587, 39.0624 ], [ -108.586, 39.0629 ], [ -108.5799, 39.0624 ], [ -108.5791, 39.063 ], [ -108.5775, 39.0616 ], [ -108.5769, 39.0597 ], [ -108.5689, 39.0557 ], [ -108.5645, 39.0514 ], [ -108.5621, 39.0499 ], [ -108.5584, 39.0495 ], [ -108.5522, 39.0502 ], [ -108.5468, 39.0501 ], [ -108.5407, 39.0483 ], [ -108.5343, 39.0482 ], [ -108.5294, 39.0468 ], [ -108.5278, 39.0465 ], [ -108.5251, 39.0471 ], [ -108.5227, 39.0464 ], [ -108.5207, 39.0449 ], [ -108.5193, 39.0429 ], [ -108.5152, 39.0398 ], [ -108.5114, 39.0348 ], [ -108.5087, 39.0326 ], [ -108.5086, 39.0294 ], [ -108.5099, 39.0261 ], [ -108.5101, 39.0238 ], [ -108.5096, 39.0221 ], [ -108.5087, 39.0213 ], [ -108.5047, 39.0192 ], [ -108.5034, 39.0175 ], [ -108.5012, 39.0183 ], [ -108.4974, 39.0158 ], [ -108.4943, 39.0164 ], [ -108.4897, 39.0143 ], [ -108.4847, 39.0146 ], [ -108.4814, 39.0139 ], [ -108.4804, 39.0146 ], [ -108.4776, 39.0151 ], [ -108.4752, 39.0169 ], [ -108.4718, 39.0159 ], [ -108.4717, 39.0151 ], [ -108.47, 39.0142 ], [ -108.4687, 39.0144 ], [ -108.468, 39.0152 ], [ -108.4574, 39.0157 ], [ -108.4492, 39.017 ], [ -108.4473, 39.0156 ], [ -108.4455, 39.0149 ], [ -108.4438, 39.0158 ], [ -108.4414, 39.0181 ], [ -108.4377, 39.0191 ], [ -108.4359, 39.0185 ], [ -108.4323, 39.0186 ], [ -108.4304, 39.016 ], [ -108.429, 39.0158 ], [ -108.4279, 39.0164 ], [ -108.4275, 39.0172 ], [ -108.4293, 39.0204 ], [ -108.428, 39.0216 ], [ -108.4252, 39.0225 ], [ -108.4238, 39.0209 ], [ -108.4227, 39.0206 ], [ -108.4216, 39.0214 ], [ -108.4202, 39.0215 ], [ -108.4177, 39.02 ], [ -108.4116, 39.0209 ], [ -108.4106, 39.0202 ], [ -108.4102, 39.0181 ], [ -108.4091, 39.0171 ], [ -108.407, 39.0165 ], [ -108.4044, 39.0172 ], [ -108.4017, 39.0194 ], [ -108.3982, 39.0195 ], [ -108.3972, 39.0205 ], [ -108.3951, 39.0212 ], [ -108.3941, 39.0234 ], [ -108.3942, 39.0275 ], [ -108.3919, 39.0294 ], [ -108.3897, 39.0321 ], [ -108.3884, 39.0323 ], [ -108.3826, 39.0275 ], [ -108.3804, 39.0283 ], [ -108.3798, 39.0294 ], [ -108.3784, 39.0293 ], [ -108.3759, 39.0281 ], [ -108.3681, 39.0276 ], [ -108.3646, 39.028 ], [ -108.3648, 39.0267 ], [ -108.3657, 39.0257 ], [ -108.3662, 39.0224 ], [ -108.3654, 39.0207 ], [ -108.3638, 39.0201 ], [ -108.3617, 39.0167 ], [ -108.3597, 39.015 ], [ -108.358, 39.0146 ], [ -108.3532, 39.0152 ], [ -108.3478, 39.0139 ], [ -108.3452, 39.0141 ], [ -108.3398, 39.0126 ], [ -108.3352, 39.0122 ], [ -108.3263, 39.0147 ], [ -108.3233, 39.0168 ], [ -108.317, 39.0196 ], [ -108.3071, 39.0227 ], [ -108.2945, 39.0298 ], [ -108.2897, 39.0312 ], [ -108.2874, 39.0336 ], [ -108.2834, 39.0358 ], [ -108.2826, 39.0376 ], [ -108.2771, 39.0403 ], [ -108.2721, 39.0398 ], [ -108.2696, 39.0385 ], [ -108.2677, 39.0385 ], [ -108.261, 39.0409 ], [ -108.2525, 39.0456 ], [ -108.2463, 39.0515 ], [ -108.2386, 39.0522 ], [ -108.2295, 39.0522 ], [ -108.222, 39.0493 ], [ -108.2198, 39.0491 ], [ -108.2147, 39.0496 ], [ -108.2072, 39.0495 ], [ -108.203, 39.0506 ], [ -108.2009, 39.0533 ], [ -108.194, 39.0577 ], [ -108.1889, 39.0586 ], [ -108.1849, 39.0546 ], [ -108.1744, 39.0478 ], [ -108.1716, 39.0453 ], [ -108.1605, 39.0397 ], [ -108.1498, 39.0377 ], [ -108.1458, 39.0362 ], [ -108.1426, 39.0356 ], [ -108.1377, 39.0324 ], [ -108.1331, 39.0322 ], [ -108.1316, 39.0324 ], [ -108.1296, 39.0367 ], [ -108.1266, 39.0399 ], [ -108.1253, 39.0423 ], [ -108.12, 39.0439 ], [ -108.1165, 39.0436 ], [ -108.1147, 39.0432 ], [ -108.1105, 39.0404 ], [ -108.109, 39.0345 ], [ -108.1084, 39.0336 ], [ -108.1046, 39.0316 ], [ -108.1005, 39.0326 ], [ -108.0923, 39.033 ], [ -108.0911, 39.0337 ], [ -108.0875, 39.0347 ], [ -108.0807, 39.0357 ], [ -108.076, 39.0383 ], [ -108.0697, 39.0404 ], [ -108.0686, 39.0416 ], [ -108.0666, 39.0425 ], [ -108.0658, 39.0438 ], [ -108.0613, 39.0474 ], [ -108.0559, 39.0486 ], [ -108.0557, 39.0474 ], [ -108.0549, 39.0468 ], [ -108.0464, 39.0462 ], [ -108.0419, 39.0488 ], [ -108.0357, 39.05 ], [ -108.0319, 39.0514 ], [ -108.0293, 39.051 ], [ -108.0279, 39.0514 ], [ -108.0263, 39.0534 ], [ -108.0248, 39.0543 ], [ -108.0239, 39.0544 ], [ -108.0235, 39.0539 ], [ -108.0186, 39.0542 ], [ -108.0152, 39.0523 ], [ -108.0078, 39.0508 ], [ -108.0006, 39.051 ], [ -107.9977, 39.0515 ], [ -107.9946, 39.0541 ], [ -107.9934, 39.0539 ], [ -107.9905, 39.0521 ], [ -107.9886, 39.0518 ], [ -107.987, 39.0535 ], [ -107.9832, 39.0594 ], [ -107.9743, 39.0613 ], [ -107.965, 39.0597 ], [ -107.9599, 39.0602 ], [ -107.9514, 39.0596 ], [ -107.9482, 39.0605 ], [ -107.9423, 39.0607 ], [ -107.9369, 39.062 ], [ -107.9284, 39.0628 ], [ -107.9277, 39.0624 ], [ -107.9243, 39.0633 ], [ -107.9201, 39.0636 ], [ -107.9169, 39.0647 ], [ -107.9138, 39.0627 ], [ -107.9116, 39.0625 ], [ -107.9098, 39.0617 ], [ -107.9089, 39.0607 ], [ -107.9074, 39.0608 ], [ -107.9061, 39.0612 ], [ -107.9065, 39.0621 ], [ -107.9053, 39.0633 ], [ -107.9042, 39.0637 ], [ -107.9023, 39.0635 ], [ -107.9004, 39.0657 ], [ -107.8967, 39.0662 ], [ -107.8922, 39.0659 ], [ -107.8915, 39.0666 ], [ -107.8868, 39.0673 ], [ -107.8871, 39.0686 ], [ -107.8836, 39.0694 ], [ -107.8805, 39.0712 ], [ -107.8786, 39.0716 ], [ -107.8776, 39.0709 ], [ -107.876, 39.0709 ], [ -107.8742, 39.0727 ], [ -107.8708, 39.0748 ], [ -107.8703, 39.075 ], [ -107.8687, 39.0743 ], [ -107.8671, 39.0747 ], [ -107.8664, 39.0762 ], [ -107.8649, 39.0768 ], [ -107.8626, 39.0789 ], [ -107.8616, 39.0775 ], [ -107.8605, 39.078 ], [ -107.8602, 39.0792 ], [ -107.8589, 39.0801 ], [ -107.8573, 39.0795 ], [ -107.8565, 39.0775 ], [ -107.8555, 39.0767 ], [ -107.8544, 39.077 ], [ -107.8532, 39.0784 ], [ -107.8497, 39.0789 ], [ -107.8493, 39.0789 ], [ -107.8495, 39.0783 ], [ -107.849, 39.0778 ], [ -107.8476, 39.0781 ], [ -107.8461, 39.0774 ], [ -107.842, 39.0767 ], [ -107.8396, 39.0771 ], [ -107.8322, 39.0733 ], [ -107.8302, 39.073 ], [ -107.8283, 39.0718 ], [ -107.8259, 39.0716 ], [ -107.8227, 39.0705 ], [ -107.8193, 39.0707 ], [ -107.8192, 39.0697 ], [ -107.8124, 39.0669 ], [ -107.8024, 39.0648 ], [ -107.8024, 39.0642 ], [ -107.8013, 39.0636 ], [ -107.7949, 39.0619 ], [ -107.7924, 39.0605 ], [ -107.7889, 39.0562 ], [ -107.7868, 39.0563 ], [ -107.7836, 39.0538 ], [ -107.7801, 39.0524 ], [ -107.7768, 39.0483 ], [ -107.7736, 39.0466 ], [ -107.7712, 39.0437 ], [ -107.7683, 39.0441 ], [ -107.7659, 39.0434 ], [ -107.7641, 39.0454 ], [ -107.7636, 39.0469 ], [ -107.7612, 39.0477 ], [ -107.7588, 39.0479 ], [ -107.7581, 39.0492 ], [ -107.7563, 39.0498 ], [ -107.7566, 39.0523 ], [ -107.7558, 39.0539 ], [ -107.7533, 39.0544 ], [ -107.7505, 39.0541 ], [ -107.7472, 39.0561 ], [ -107.7461, 39.0573 ], [ -107.7433, 39.058 ], [ -107.7424, 39.0593 ], [ -107.7449, 39.0597 ], [ -107.7442, 39.0601 ], [ -107.7447, 39.0608 ], [ -107.7443, 39.0624 ], [ -107.7386, 39.066 ], [ -107.737, 39.0656 ], [ -107.7349, 39.0661 ], [ -107.7327, 39.0629 ], [ -107.732, 39.0631 ], [ -107.731, 39.0658 ], [ -107.7294, 39.0663 ], [ -107.7211, 39.0649 ], [ -107.7223, 39.0662 ], [ -107.7219, 39.0686 ], [ -107.7175, 39.0739 ], [ -107.7164, 39.0742 ], [ -107.7132, 39.0787 ], [ -107.7131, 39.0804 ], [ -107.7101, 39.0813 ], [ -107.7094, 39.0829 ], [ -107.7041, 39.0851 ], [ -107.7002, 39.0839 ], [ -107.6945, 39.0851 ], [ -107.6939, 39.0874 ], [ -107.6901, 39.0872 ], [ -107.6878, 39.0881 ], [ -107.683, 39.0928 ], [ -107.6802, 39.1004 ], [ -107.6739, 39.1012 ], [ -107.6727, 39.1059 ], [ -107.6705, 39.1082 ], [ -107.6695, 39.1088 ], [ -107.6641, 39.1097 ], [ -107.6598, 39.1124 ], [ -107.662, 39.1141 ], [ -107.6628, 39.1164 ], [ -107.6614, 39.1181 ], [ -107.6585, 39.1199 ], [ -107.6579, 39.1213 ], [ -107.6567, 39.1227 ], [ -107.6536, 39.1243 ], [ -107.6533, 39.1277 ], [ -107.6512, 39.1309 ], [ -107.6478, 39.1313 ], [ -107.6454, 39.1347 ], [ -107.6414, 39.1382 ], [ -107.6401, 39.1406 ], [ -107.6386, 39.1417 ], [ -107.6376, 39.1419 ], [ -107.6343, 39.1407 ], [ -107.6325, 39.1409 ], [ -107.6307, 39.1442 ], [ -107.6304, 39.146 ], [ -107.6289, 39.1481 ], [ -107.6277, 39.149 ], [ -107.6212, 39.1511 ], [ -107.6202, 39.1521 ], [ -107.6191, 39.1549 ], [ -107.6169, 39.1552 ], [ -107.6139, 39.1547 ], [ -107.6106, 39.1568 ], [ -107.6098, 39.159 ], [ -107.6074, 39.1617 ], [ -107.6057, 39.162 ], [ -107.6017, 39.1638 ], [ -107.5933, 39.1649 ], [ -107.5926, 39.1661 ], [ -107.5893, 39.1682 ], [ -107.5833, 39.1738 ], [ -107.581, 39.1745 ], [ -107.5773, 39.1748 ], [ -107.5753, 39.1755 ], [ -107.5712, 39.1779 ], [ -107.5689, 39.1813 ], [ -107.5678, 39.1814 ], [ -107.5645, 39.1805 ], [ -107.5609, 39.1785 ], [ -107.5592, 39.1783 ], [ -107.5511, 39.1798 ], [ -107.5427, 39.1822 ], [ -107.5419, 39.1844 ], [ -107.5438, 39.1858 ], [ -107.5428, 39.1898 ], [ -107.5438, 39.1951 ], [ -107.5429, 39.1958 ], [ -107.5368, 39.1981 ], [ -107.5335, 39.1989 ], [ -107.5283, 39.199 ], [ -107.5236, 39.1979 ], [ -107.5264, 39.2009 ], [ -107.5289, 39.2023 ], [ -107.5286, 39.2033 ], [ -107.5205, 39.2066 ], [ -107.5141, 39.2137 ], [ -107.5106, 39.2163 ], [ -107.5076, 39.2168 ], [ -107.5064, 39.2165 ], [ -107.5054, 39.2172 ], [ -107.5005, 39.218 ], [ -107.4975, 39.2175 ], [ -107.4946, 39.2186 ], [ -107.4924, 39.2218 ], [ -107.487, 39.2269 ], [ -107.484, 39.2354 ], [ -107.4826, 39.2355 ], [ -107.4812, 39.2343 ], [ -107.4788, 39.2336 ], [ -107.4777, 39.2307 ], [ -107.4747, 39.2291 ], [ -107.4711, 39.2292 ], [ -107.4693, 39.2284 ], [ -107.4668, 39.2287 ], [ -107.4638, 39.2284 ], [ -107.4606, 39.2303 ], [ -107.458, 39.2294 ], [ -107.4517, 39.2306 ], [ -107.4501, 39.2322 ], [ -107.4443, 39.2343 ], [ -107.4429, 39.2364 ], [ -107.44, 39.2368 ], [ -107.4356, 39.2391 ], [ -107.4305, 39.2404 ], [ -107.4293, 39.2419 ], [ -107.4306, 39.247 ], [ -107.4296, 39.2507 ], [ -107.4304, 39.2566 ], [ -107.4298, 39.2572 ], [ -107.4272, 39.2577 ], [ -107.4246, 39.2574 ], [ -107.4242, 39.2565 ], [ -107.4217, 39.2555 ], [ -107.4166, 39.2558 ], [ -107.4147, 39.2555 ], [ -107.4126, 39.2545 ], [ -107.41, 39.2545 ], [ -107.4073, 39.2534 ], [ -107.4032, 39.254 ], [ -107.4003, 39.253 ], [ -107.3976, 39.254 ], [ -107.3944, 39.2563 ], [ -107.3922, 39.255 ], [ -107.3916, 39.2523 ], [ -107.3905, 39.2506 ], [ -107.3881, 39.2501 ], [ -107.3862, 39.2503 ], [ -107.3843, 39.2478 ], [ -107.3788, 39.2471 ], [ -107.3769, 39.2463 ], [ -107.3751, 39.2425 ], [ -107.3715, 39.239 ], [ -107.3759, 39.2369 ], [ -107.3793, 39.2311 ], [ -107.378, 39.2287 ], [ -107.3786, 39.2262 ], [ -107.3781, 39.2244 ], [ -107.3768, 39.2233 ], [ -107.377, 39.2202 ], [ -107.3781, 39.2148 ], [ -107.3793, 39.2133 ], [ -107.3806, 39.2101 ], [ -107.3786, 39.2081 ], [ -107.3784, 39.2062 ], [ -107.3771, 39.2038 ], [ -107.3776, 39.2006 ], [ -107.3766, 39.1988 ], [ -107.3756, 39.1979 ], [ -107.3729, 39.1968 ], [ -107.3707, 39.1944 ], [ -107.3671, 39.1921 ], [ -107.3652, 39.1883 ], [ -107.3632, 39.1861 ], [ -107.3596, 39.1848 ], [ -107.3581, 39.1807 ], [ -107.3557, 39.1775 ], [ -107.3541, 39.1761 ], [ -107.3535, 39.173 ], [ -107.3437, 39.1687 ], [ -107.3412, 39.1685 ], [ -107.3372, 39.1691 ], [ -107.3358, 39.1675 ], [ -107.3328, 39.1662 ], [ -107.3277, 39.1654 ], [ -107.3245, 39.166 ], [ -107.3189, 39.1655 ], [ -107.3157, 39.164 ], [ -107.3111, 39.1594 ], [ -107.308, 39.1575 ], [ -107.305, 39.1567 ], [ -107.304, 39.1557 ], [ -107.3003, 39.1568 ], [ -107.2991, 39.1567 ], [ -107.2957, 39.1538 ], [ -107.296, 39.1505 ], [ -107.2947, 39.1485 ], [ -107.2937, 39.1448 ], [ -107.2921, 39.1441 ], [ -107.2907, 39.1421 ], [ -107.2885, 39.1401 ], [ -107.2878, 39.1383 ], [ -107.2863, 39.1368 ], [ -107.2861, 39.1335 ], [ -107.2838, 39.1284 ], [ -107.2838, 39.1267 ], [ -107.2846, 39.1266 ], [ -107.285, 39.1254 ], [ -107.2827, 39.1238 ], [ -107.2828, 39.1219 ], [ -107.2818, 39.1194 ], [ -107.288, 39.1145 ], [ -107.2836, 39.1134 ], [ -107.2831, 39.1128 ], [ -107.2833, 39.1113 ], [ -107.2841, 39.1098 ], [ -107.2839, 39.105 ], [ -107.2825, 39.1025 ], [ -107.282, 39.1002 ], [ -107.2791, 39.0977 ], [ -107.2811, 39.0967 ], [ -107.2818, 39.0951 ], [ -107.2769, 39.0899 ], [ -107.2778, 39.0866 ], [ -107.2795, 39.0851 ], [ -107.2807, 39.0825 ], [ -107.2825, 39.0805 ], [ -107.2819, 39.078 ], [ -107.2824, 39.0748 ], [ -107.2866, 39.0699 ], [ -107.285, 39.0671 ], [ -107.2859, 39.065 ], [ -107.287, 39.0638 ], [ -107.2868, 39.0621 ], [ -107.2857, 39.0602 ], [ -107.2803, 39.0571 ], [ -107.2784, 39.0541 ], [ -107.2788, 39.0523 ], [ -107.2804, 39.0499 ], [ -107.2806, 39.0484 ], [ -107.2797, 39.046 ], [ -107.2778, 39.0441 ], [ -107.2774, 39.0411 ], [ -107.2818, 39.0365 ], [ -107.2805, 39.0336 ], [ -107.2781, 39.0321 ], [ -107.2766, 39.0302 ], [ -107.2726, 39.031 ], [ -107.2687, 39.0297 ], [ -107.2659, 39.0298 ], [ -107.2625, 39.0273 ], [ -107.2595, 39.0273 ], [ -107.2576, 39.0265 ], [ -107.2509, 39.0286 ], [ -107.2476, 39.0268 ], [ -107.2457, 39.0249 ], [ -107.2438, 39.0239 ], [ -107.2391, 39.0219 ], [ -107.237, 39.0219 ], [ -107.2354, 39.0203 ], [ -107.2324, 39.0199 ], [ -107.2275, 39.022 ], [ -107.2255, 39.0234 ], [ -107.2227, 39.028 ], [ -107.22, 39.0288 ], [ -107.2188, 39.0297 ], [ -107.2154, 39.0302 ], [ -107.2133, 39.0317 ], [ -107.2041, 39.0307 ], [ -107.1987, 39.0314 ], [ -107.1934, 39.0334 ], [ -107.1915, 39.0328 ], [ -107.1894, 39.0328 ], [ -107.1875, 39.0313 ], [ -107.1845, 39.0317 ], [ -107.181, 39.0308 ], [ -107.18, 39.0298 ], [ -107.1782, 39.0303 ], [ -107.1773, 39.0284 ], [ -107.1726, 39.0229 ], [ -107.1716, 39.0204 ], [ -107.1725, 39.0179 ], [ -107.1721, 39.0154 ], [ -107.1705, 39.0137 ], [ -107.1688, 39.0091 ], [ -107.1661, 39.007 ], [ -107.1659, 39.0045 ], [ -107.1651, 39.0035 ], [ -107.1612, 39.0013 ], [ -107.1597, 38.9975 ], [ -107.1567, 38.9951 ], [ -107.1538, 38.9938 ], [ -107.1473, 38.9939 ], [ -107.1433, 38.9962 ], [ -107.14, 38.9938 ], [ -107.1375, 38.9934 ], [ -107.1343, 38.9922 ], [ -107.1313, 38.9928 ], [ -107.1291, 38.994 ], [ -107.1252, 38.9911 ], [ -107.1209, 38.9921 ], [ -107.1175, 38.9947 ], [ -107.1162, 38.9939 ], [ -107.1139, 38.9937 ], [ -107.1116, 38.9929 ], [ -107.1101, 38.9934 ], [ -107.1069, 38.9931 ], [ -107.1035, 38.9918 ], [ -107.1025, 38.996 ], [ -107.1014, 38.9966 ], [ -107.0993, 38.9969 ], [ -107.098, 38.9981 ], [ -107.0984, 38.9996 ], [ -107.0966, 39.002 ], [ -107.0969, 39.003 ], [ -107.0956, 39.009 ], [ -107.0959, 39.0108 ], [ -107.0953, 39.0107 ], [ -107.0921, 39.0093 ], [ -107.091, 39.0073 ], [ -107.0848, 39.0004 ], [ -107.0827, 38.9994 ], [ -107.0787, 38.9999 ], [ -107.0774, 38.9982 ], [ -107.0772, 38.9966 ], [ -107.0712, 38.9946 ], [ -107.0702, 38.9947 ], [ -107.0665, 38.9932 ], [ -107.0658, 38.9915 ], [ -107.0668, 38.9895 ], [ -107.0654, 38.9884 ], [ -107.0622, 38.9876 ], [ -107.0595, 38.9878 ], [ -107.0546, 38.9856 ], [ -107.0515, 38.985 ], [ -107.049, 38.9857 ], [ -107.0462, 38.9884 ], [ -107.0467, 38.9908 ], [ -107.0464, 38.9928 ], [ -107.0446, 38.9979 ], [ -107.0469, 39.0009 ], [ -107.0478, 39.0057 ], [ -107.0476, 39.0091 ], [ -107.0485, 39.0105 ], [ -107.0475, 39.0146 ], [ -107.0459, 39.0156 ], [ -107.0435, 39.0161 ], [ -107.0407, 39.0178 ], [ -107.0355, 39.0154 ], [ -107.0323, 39.015 ], [ -107.0251, 39.0164 ], [ -107.023, 39.0141 ], [ -107.0214, 39.0138 ], [ -107.0169, 39.016 ], [ -107.0158, 39.0204 ], [ -107.0141, 39.0229 ], [ -107.0126, 39.0231 ], [ -107.0121, 39.0238 ], [ -107.011, 39.0272 ], [ -107.0084, 39.0292 ], [ -107.0022, 39.0309 ], [ -107.0011, 39.0318 ], [ -106.996, 39.034 ], [ -106.9916, 39.0326 ], [ -106.9889, 39.0312 ], [ -106.9832, 39.0303 ], [ -106.9797, 39.0306 ], [ -106.9728, 39.0286 ], [ -106.969, 39.0293 ], [ -106.9675, 39.031 ], [ -106.9638, 39.0288 ], [ -106.9652, 39.0234 ], [ -106.9641, 39.0207 ], [ -106.965, 39.0193 ], [ -106.9641, 39.0171 ], [ -106.962, 39.0168 ], [ -106.959, 39.0154 ], [ -106.9546, 39.0168 ], [ -106.9507, 39.0163 ], [ -106.949, 39.0148 ], [ -106.9455, 39.0148 ], [ -106.9377, 39.0077 ], [ -106.9358, 39.0072 ], [ -106.9346, 39.0056 ], [ -106.931, 39.0048 ], [ -106.9293, 39.005 ], [ -106.9235, 39.0017 ], [ -106.9178, 38.9993 ], [ -106.9113, 39.0001 ], [ -106.9103, 39.0008 ], [ -106.9076, 38.995 ], [ -106.9081, 38.9925 ], [ -106.9038, 38.992 ], [ -106.9002, 38.9924 ], [ -106.8964, 38.9903 ], [ -106.8933, 38.9896 ], [ -106.8905, 38.9911 ], [ -106.8871, 38.9911 ], [ -106.8844, 38.9905 ], [ -106.8819, 38.9926 ], [ -106.878, 38.9944 ], [ -106.8776, 38.9962 ], [ -106.8768, 38.9974 ], [ -106.8766, 38.9997 ], [ -106.8782, 39.0048 ], [ -106.8766, 39.0072 ], [ -106.8711, 39.0066 ], [ -106.8675, 39.0069 ], [ -106.8656, 39.0083 ], [ -106.8614, 39.0096 ], [ -106.8604, 39.0092 ], [ -106.8592, 39.0071 ], [ -106.8597, 39.0057 ], [ -106.8569, 39.001 ], [ -106.8565, 38.9989 ], [ -106.8548, 38.9969 ], [ -106.8524, 38.9954 ], [ -106.8495, 38.991 ], [ -106.8488, 38.9892 ], [ -106.8458, 38.9863 ], [ -106.8438, 38.9857 ], [ -106.8411, 38.9857 ], [ -106.8395, 38.9845 ], [ -106.8362, 38.9836 ], [ -106.8344, 38.9809 ], [ -106.8322, 38.9808 ], [ -106.8308, 38.9793 ], [ -106.8273, 38.9776 ], [ -106.8236, 38.9794 ], [ -106.8196, 38.98 ], [ -106.817, 38.9813 ], [ -106.811, 38.9787 ], [ -106.8084, 38.979 ], [ -106.804, 38.9781 ], [ -106.802, 38.9783 ], [ -106.7998, 38.9794 ], [ -106.8003, 38.9821 ], [ -106.7963, 38.9843 ], [ -106.7941, 38.9847 ], [ -106.7907, 38.9841 ], [ -106.7879, 38.9843 ], [ -106.7846, 38.9863 ], [ -106.7822, 38.9909 ], [ -106.7836, 38.9939 ], [ -106.7837, 38.9955 ], [ -106.7833, 38.9972 ], [ -106.7821, 38.9987 ], [ -106.7825, 38.9993 ], [ -106.7806, 38.9997 ], [ -106.7776, 39.0016 ], [ -106.7763, 39.005 ], [ -106.775, 39.006 ], [ -106.7729, 39.0069 ], [ -106.7687, 39.0076 ], [ -106.7681, 39.0102 ], [ -106.7637, 39.0133 ], [ -106.7616, 39.0159 ], [ -106.7618, 39.0193 ], [ -106.7567, 39.0197 ], [ -106.7552, 39.0209 ], [ -106.7516, 39.0253 ], [ -106.7482, 39.0266 ], [ -106.7447, 39.0267 ], [ -106.747, 39.039 ], [ -106.7497, 39.0428 ], [ -106.746, 39.0429 ], [ -106.7422, 39.0441 ], [ -106.7405, 39.0459 ], [ -106.7396, 39.0461 ], [ -106.7375, 39.0451 ], [ -106.7356, 39.0449 ], [ -106.7321, 39.0464 ], [ -106.7294, 39.0465 ], [ -106.7229, 39.0451 ], [ -106.7197, 39.0473 ], [ -106.717, 39.0484 ], [ -106.7136, 39.0487 ], [ -106.7103, 39.0476 ], [ -106.7087, 39.0518 ], [ -106.7068, 39.0543 ], [ -106.7032, 39.0559 ], [ -106.702, 39.0555 ], [ -106.6987, 39.0558 ], [ -106.6929, 39.055 ], [ -106.6906, 39.0512 ], [ -106.688, 39.0498 ], [ -106.6864, 39.0481 ], [ -106.6855, 39.0457 ], [ -106.6849, 39.0452 ], [ -106.6814, 39.0455 ], [ -106.679, 39.0452 ], [ -106.6745, 39.0459 ], [ -106.6731, 39.0447 ], [ -106.6703, 39.0437 ], [ -106.6679, 39.0436 ], [ -106.6666, 39.0424 ], [ -106.6647, 39.0419 ], [ -106.6626, 39.042 ], [ -106.6582, 39.0438 ], [ -106.6552, 39.0442 ], [ -106.652, 39.0411 ], [ -106.652, 39.0386 ], [ -106.6482, 39.0361 ], [ -106.6468, 39.0331 ], [ -106.6465, 39.0308 ], [ -106.6496, 39.0277 ], [ -106.6501, 39.0265 ], [ -106.6484, 39.0222 ], [ -106.6383, 39.0193 ], [ -106.6377, 39.0146 ], [ -106.6332, 39.0121 ], [ -106.6301, 39.0122 ], [ -106.6296, 39.0103 ], [ -106.6277, 39.0077 ], [ -106.6245, 39.0061 ], [ -106.6235, 39.0037 ], [ -106.6196, 39.0028 ], [ -106.6148, 39.0 ], [ -106.613, 38.9958 ], [ -106.6116, 38.9954 ], [ -106.6077, 38.9959 ], [ -106.6034, 38.9967 ], [ -106.6013, 38.9979 ], [ -106.5993, 38.998 ] ] ] } }
]
}
