{
"type": "FeatureCollection",
"name": "huc6_coarse",
"crs": { "type": "name", "properties": { "name": "urn:ogc:def:crs:OGC:1.3:CRS84" } },
"xy_coordinate_resolution": 0.001,
"features": [
{ "type": "Feature", "properties": { "id": "140600" }, "geometry": { "type": "Polygon", "coordinates": [ [ [ -108.985, 40.528 ], [ -108.974, 40.526 ], [ -108.98, 40.513 ], [ -108.978, 40.505 ], [ -108.996, 40.49 ], [ -109.01, 40.492 ], [ -109.011, 40.488 ], [ -109.024, 40.483 ], [ -109.039, 40.466 ], [ -109.041, 40.448 ], [ -109.019, 40.431 ], [ -109.03, 40.418 ], [ -109.024, 40.403 ], [ -109.031, 40.394 ], [ -109.02, 40.381 ], [ -109.021, 40.371 ], [ -108.949, 40.351 ], [ -108.942, 40.342 ], [ -108.948, 40.328 ], [ -108.935, 40.317 ], [ -108.909, 40.312 ], [ -108.905, 40.307 ], [ -108.923, 40.299 ], [ -108.949, 40.301 ], [ -108.981, 40.288 ], [ -109.0, 40.254 ], [ -109.006, 40.254 ], [ -109.009, 40.246 ], [ -109.024, 40.238 ], [ -109.049, 40.233 ], [ -109.051, 40.217 ], [ -109.048, 40.644 ], [ -109.039, 40.646 ], [ -109.033, 40.64 ], [ -109.025, 40.63 ], [ -109.025, 40.619 ], [ -109.013, 40.611 ], [ -109.019, 40.593 ], [ -108.997, 40.576 ], [ -108.996, 40.557 ], [ -108.985, 40.528 ] ] ] } },
{ "type": "Feature", "properties": { "id": "140801" }, "geometry": { "type": "Polygon", "coordinates": [ [ [ -107.516, 37.834 ], [ -107.517, 37.826 ], [ -107.523, 37.823 ], [ -107.518, 37.816 ], [ -107.526, 37.813 ], [ -107.53, 37.801 ], [ -107.546, 37.8 ], [ -107.555, 37.79 ], [ -107.559, 37.762 ], [ -107.548, 37.736 ], [ -107.542, 37.732 ], [ -107.542, 37.725 ], [ -107.536, 37.722 ], [ -107.537, 37.708 ], [ -107.521, 37.706 ], [ -107.504, 37.693 ], [ -107.502, 37.678 ], [ -107.489, 37.659 ], [ -107.492, 37.652 ], [ -107.464, 37.63 ], [ -107.455, 37.63 ], [ -107.454, 37.634 ], [ -107.442, 37.632 ], [ -107.441, 37.637 ], [ -107.43, 37.641 ], [ -107.424, 37.65 ], [ -107.398, 37.653 ], [ -107.394, 37.679 ], [ -107.375, 37.688 ], [ -107.345, 37.679 ], [ -107.324, 37.684 ], [ -107.307, 37.677 ], [ -107.287, 37.691 ], [ -107.269, 37.696 ], [ -107.273, 37.68 ], [ -107.291, 37.671 ], [ -107.277, 37.656 ], [ -107.279, 37.641 ], [ -107.266, 37.63 ], [ -107.257, 37.628 ], [ -107.256, 37.616 ], [ -107.231, 37.595 ], [ -107.223, 37.595 ], [ -107.201, 37.611 ], [ -107.199, 37.626 ], [ -107.177, 37.628 ], [ -107.173, 37.633 ], [ -107.153, 37.637 ], [ -107.14, 37.624 ], [ -107.144, 37.618 ], [ -107.139, 37.602 ], [ -107.11, 37.608 ], [ -107.106, 37.6 ], [ -107.092, 37.596 ], [ -107.093, 37.574 ], [ -107.078, 37.569 ], [ -107.064, 37.572 ], [ -107.049, 37.57 ], [ -107.045, 37.56 ], [ -107.019, 37.563 ], [ -107.008, 37.574 ], [ -106.999, 37.569 ], [ -106.981, 37.571 ], [ -106.969, 37.565 ], [ -106.949, 37.571 ], [ -106.939, 37.567 ], [ -106.921, 37.57 ], [ -106.909, 37.564 ], [ -106.888, 37.565 ], [ -106.881, 37.561 ], [ -106.879, 37.544 ], [ -106.885, 37.537 ], [ -106.882, 37.523 ], [ -106.888, 37.517 ], [ -106.874, 37.5 ], [ -106.853, 37.492 ], [ -106.845, 37.499 ], [ -106.837, 37.501 ], [ -106.828, 37.495 ], [ -106.816, 37.499 ], [ -106.8, 37.493 ], [ -106.807, 37.466 ], [ -106.799, 37.457 ], [ -106.773, 37.45 ], [ -106.762, 37.464 ], [ -106.749, 37.459 ], [ -106.735, 37.46 ], [ -106.726, 37.446 ], [ -106.711, 37.442 ], [ -106.702, 37.451 ], [ -106.688, 37.439 ], [ -106.661, 37.43 ], [ -106.65, 37.421 ], [ -106.641, 37.408 ], [ -106.647, 37.405 ], [ -106.656, 37.408 ], [ -106.664, 37.401 ], [ -106.671, 37.402 ], [ -106.682, 37.376 ], [ -106.7, 37.369 ], [ -106.697, 37.351 ], [ -106.707, 37.331 ], [ -106.691, 37.324 ], [ -106.681, 37.326 ], [ -106.666, 37.321 ], [ -106.663, 37.311 ], [ -106.682, 37.296 ], [ -106.694, 37.272 ], [ -106.679, 37.256 ], [ -106.663, 37.253 ], [ -106.635, 37.257 ], [ -106.631, 37.221 ], [ -106.617, 37.218 ], [ -106.606, 37.222 ], [ -106.599, 37.206 ], [ -106.594, 37.208 ], [ -106.59, 37.194 ], [ -106.594, 37.169 ], [ -106.59, 37.164 ], [ -106.594, 37.15 ], [ -106.588, 37.138 ], [ -106.613, 37.136 ], [ -106.627, 37.116 ], [ -106.623, 37.098 ], [ -106.64, 37.054 ], [ -106.629, 37.04 ], [ -106.649, 37.031 ], [ -106.691, 37.04 ], [ -106.688, 37.006 ], [ -106.698, 36.993 ], [ -106.87, 36.992 ], [ -106.879, 37.0 ], [ -108.249, 36.999 ], [ -108.973, 36.999 ], [ -108.981, 37.011 ], [ -108.977, 37.018 ], [ -108.946, 37.038 ], [ -108.946, 37.047 ], [ -108.928, 37.055 ], [ -108.916, 37.085 ], [ -108.899, 37.085 ], [ -108.895, 37.09 ], [ -108.863, 37.099 ], [ -108.85, 37.113 ], [ -108.847, 37.127 ], [ -108.833, 37.141 ], [ -108.838, 37.146 ], [ -108.822, 37.174 ], [ -108.803, 37.193 ], [ -108.794, 37.195 ], [ -108.8, 37.209 ], [ -108.808, 37.214 ], [ -108.803, 37.232 ], [ -108.816, 37.239 ], [ -108.816, 37.247 ], [ -108.809, 37.25 ], [ -108.819, 37.26 ], [ -108.815, 37.27 ], [ -108.808, 37.267 ], [ -108.791, 37.272 ], [ -108.777, 37.284 ], [ -108.76, 37.269 ], [ -108.7, 37.265 ], [ -108.672, 37.273 ], [ -108.637, 37.258 ], [ -108.624, 37.242 ], [ -108.61, 37.243 ], [ -108.607, 37.252 ], [ -108.588, 37.259 ], [ -108.579, 37.258 ], [ -108.57, 37.266 ], [ -108.562, 37.261 ], [ -108.545, 37.268 ], [ -108.526, 37.264 ], [ -108.5, 37.275 ], [ -108.493, 37.271 ], [ -108.487, 37.278 ], [ -108.479, 37.274 ], [ -108.468, 37.28 ], [ -108.446, 37.28 ], [ -108.439, 37.283 ], [ -108.444, 37.295 ], [ -108.44, 37.304 ], [ -108.433, 37.303 ], [ -108.419, 37.311 ], [ -108.417, 37.337 ], [ -108.402, 37.358 ], [ -108.406, 37.371 ], [ -108.399, 37.375 ], [ -108.398, 37.397 ], [ -108.379, 37.406 ], [ -108.374, 37.418 ], [ -108.361, 37.427 ], [ -108.359, 37.435 ], [ -108.328, 37.419 ], [ -108.311, 37.42 ], [ -108.302, 37.427 ], [ -108.303, 37.432 ], [ -108.265, 37.458 ], [ -108.264, 37.466 ], [ -108.244, 37.466 ], [ -108.238, 37.475 ], [ -108.225, 37.482 ], [ -108.217, 37.481 ], [ -108.206, 37.495 ], [ -108.195, 37.498 ], [ -108.178, 37.499 ], [ -108.165, 37.493 ], [ -108.134, 37.497 ], [ -108.117, 37.491 ], [ -108.098, 37.482 ], [ -108.073, 37.46 ], [ -108.079, 37.439 ], [ -108.054, 37.437 ], [ -108.044, 37.443 ], [ -108.033, 37.465 ], [ -108.038, 37.503 ], [ -108.031, 37.509 ], [ -108.035, 37.533 ], [ -108.026, 37.54 ], [ -108.02, 37.554 ], [ -108.023, 37.591 ], [ -108.014, 37.597 ], [ -108.014, 37.604 ], [ -108.005, 37.607 ], [ -107.989, 37.625 ], [ -107.975, 37.629 ], [ -107.973, 37.639 ], [ -107.962, 37.641 ], [ -107.957, 37.649 ], [ -107.975, 37.684 ], [ -107.969, 37.697 ], [ -107.953, 37.707 ], [ -107.937, 37.703 ], [ -107.929, 37.71 ], [ -107.912, 37.712 ], [ -107.903, 37.719 ], [ -107.878, 37.716 ], [ -107.873, 37.722 ], [ -107.876, 37.739 ], [ -107.862, 37.756 ], [ -107.87, 37.763 ], [ -107.865, 37.772 ], [ -107.86, 37.775 ], [ -107.841, 37.774 ], [ -107.825, 37.79 ], [ -107.822, 37.796 ], [ -107.829, 37.799 ], [ -107.825, 37.805 ], [ -107.829, 37.812 ], [ -107.809, 37.824 ], [ -107.797, 37.823 ], [ -107.79, 37.837 ], [ -107.783, 37.841 ], [ -107.785, 37.847 ], [ -107.78, 37.849 ], [ -107.783, 37.868 ], [ -107.761, 37.878 ], [ -107.756, 37.89 ], [ -107.738, 37.905 ], [ -107.722, 37.898 ], [ -107.709, 37.899 ], [ -107.707, 37.894 ], [ -107.696, 37.892 ], [ -107.689, 37.902 ], [ -107.664, 37.903 ], [ -107.661, 37.909 ], [ -107.651, 37.91 ], [ -107.637, 37.924 ], [ -107.622, 37.915 ], [ -107.613, 37.934 ], [ -107.597, 37.941 ], [ -107.575, 37.961 ], [ -107.565, 37.961 ], [ -107.562, 37.955 ], [ -107.533, 37.944 ], [ -107.538, 37.933 ], [ -107.537, 37.921 ], [ -107.52, 37.901 ], [ -107.534, 37.889 ], [ -107.537, 37.88 ], [ -107.518, 37.857 ], [ -107.522, 37.842 ], [ -107.516, 37.834 ] ] ] } },
{ "type": "Feature", "properties": { "id": "110300" }, "geometry": { "type": "MultiPolygon", "coordinates": [ [ [ [ -102.045, 38.025 ], [ -102.043, 37.893 ], [ -102.064, 37.903 ], [ -102.078, 37.9 ], [ -102.096, 37.913 ], [ -102.109, 37.91 ], [ -102.152, 37.853 ], [ -102.149, 37.879 ], [ -102.141, 37.885 ], [ -102.122, 37.926 ], [ -102.11, 37.969 ], [ -102.103, 37.979 ], [ -102.097, 37.98 ], [ -102.078, 38.009 ], [ -102.058, 38.012 ], [ -102.047, 38.033 ], [ -102.045, 38.057 ], [ -102.045, 38.025 ] ] ], [ [ [ -102.353, 38.73 ], [ -102.346, 38.727 ], [ -102.331, 38.73 ], [ -102.318, 38.718 ], [ -102.28, 38.701 ], [ -102.249, 38.703 ], [ -102.225, 38.692 ], [ -102.204, 38.689 ], [ -102.188, 38.679 ], [ -102.14, 38.667 ], [ -102.109, 38.669 ], [ -102.09, 38.659 ], [ -102.045, 38.663 ], [ -102.045, 38.345 ], [ -102.062, 38.374 ], [ -102.109, 38.371 ], [ -102.118, 38.377 ], [ -102.116, 38.386 ], [ -102.155, 38.394 ], [ -102.183, 38.387 ], [ -102.195, 38.378 ], [ -102.274, 38.376 ], [ -102.295, 38.369 ], [ -102.309, 38.37 ], [ -102.336, 38.392 ], [ -102.339, 38.429 ], [ -102.32, 38.447 ], [ -102.318, 38.466 ], [ -102.309, 38.477 ], [ -102.323, 38.5 ], [ -102.323, 38.512 ], [ -102.339, 38.527 ], [ -102.342, 38.543 ], [ -102.366, 38.558 ], [ -102.384, 38.577 ], [ -102.398, 38.58 ], [ -102.393, 38.592 ], [ -102.407, 38.604 ], [ -102.43, 38.647 ], [ -102.436, 38.655 ], [ -102.46, 38.667 ], [ -102.465, 38.68 ], [ -102.481, 38.687 ], [ -102.492, 38.711 ], [ -102.467, 38.702 ], [ -102.465, 38.708 ], [ -102.455, 38.711 ], [ -102.438, 38.714 ], [ -102.423, 38.71 ], [ -102.42, 38.714 ], [ -102.391, 38.718 ], [ -102.386, 38.723 ], [ -102.371, 38.722 ], [ -102.353, 38.73 ] ] ] ] } },
{ "type": "Feature", "properties": { "id": "102500" }, "geometry": { "type": "Polygon", "coordinates": [ [ [ -102.051, 40.959 ], [ -102.048, 39.215 ], [ -102.063, 39.212 ], [ -102.073, 39.216 ], [ -102.088, 39.211 ], [ -102.117, 39.22 ], [ -102.141, 39.211 ], [ -102.165, 39.21 ], [ -102.176, 39.202 ], [ -102.202, 39.206 ], [ -102.233, 39.197 ], [ -102.246, 39.185 ], [ -102.262, 39.189 ], [ -102.297, 39.189 ], [ -102.328, 39.173 ], [ -102.335, 39.162 ], [ -102.356, 39.161 ], [ -102.357, 39.148 ], [ -102.385, 39.143 ], [ -102.389, 39.134 ], [ -102.399, 39.138 ], [ -102.406, 39.129 ], [ -102.424, 39.123 ], [ -102.433, 39.115 ], [ -102.463, 39.123 ], [ -102.484, 39.114 ], [ -102.536, 39.113 ], [ -102.541, 39.12 ], [ -102.557, 39.119 ], [ -102.568, 39.124 ], [ -102.579, 39.108 ], [ -102.598, 39.102 ], [ -102.613, 39.106 ], [ -102.626, 39.093 ], [ -102.633, 39.102 ], [ -102.644, 39.1 ], [ -102.657, 39.117 ], [ -102.675, 39.086 ], [ -102.688, 39.085 ], [ -102.709, 39.064 ], [ -102.726, 39.059 ], [ -102.733, 39.049 ], [ -102.745, 39.047 ], [ -102.774, 39.052 ], [ -102.793, 39.044 ], [ -102.827, 39.045 ], [ -102.842, 39.034 ], [ -102.86, 39.037 ], [ -102.871, 39.029 ], [ -102.877, 39.039 ], [ -102.9, 39.043 ], [ -102.914, 39.032 ], [ -102.923, 39.038 ], [ -102.929, 39.034 ], [ -102.946, 39.05 ], [ -102.959, 39.044 ], [ -102.966, 39.035 ], [ -102.984, 39.036 ], [ -102.993, 39.042 ], [ -103.0, 39.038 ], [ -103.017, 39.038 ], [ -103.022, 39.034 ], [ -103.042, 39.037 ], [ -103.069, 39.032 ], [ -103.085, 39.042 ], [ -103.09, 39.056 ], [ -103.109, 39.053 ], [ -103.129, 39.039 ], [ -103.139, 39.053 ], [ -103.153, 39.06 ], [ -103.174, 39.053 ], [ -103.197, 39.058 ], [ -103.215, 39.078 ], [ -103.232, 39.073 ], [ -103.246, 39.08 ], [ -103.265, 39.118 ], [ -103.271, 39.117 ], [ -103.29, 39.127 ], [ -103.299, 39.126 ], [ -103.305, 39.132 ], [ -103.317, 39.153 ], [ -103.312, 39.167 ], [ -103.335, 39.179 ], [ -103.351, 39.218 ], [ -103.365, 39.216 ], [ -103.365, 39.211 ], [ -103.375, 39.216 ], [ -103.389, 39.215 ], [ -103.414, 39.241 ], [ -103.446, 39.24 ], [ -103.459, 39.256 ], [ -103.512, 39.278 ], [ -103.521, 39.274 ], [ -103.558, 39.276 ], [ -103.568, 39.289 ], [ -103.603, 39.303 ], [ -103.616, 39.334 ], [ -103.628, 39.336 ], [ -103.639, 39.351 ], [ -103.685, 39.372 ], [ -103.704, 39.373 ], [ -103.745, 39.359 ], [ -103.754, 39.36 ], [ -103.771, 39.373 ], [ -103.792, 39.372 ], [ -103.789, 39.378 ], [ -103.785, 39.384 ], [ -103.778, 39.382 ], [ -103.756, 39.394 ], [ -103.749, 39.402 ], [ -103.731, 39.401 ], [ -103.723, 39.409 ], [ -103.705, 39.411 ], [ -103.699, 39.42 ], [ -103.687, 39.424 ], [ -103.687, 39.447 ], [ -103.677, 39.455 ], [ -103.673, 39.475 ], [ -103.659, 39.48 ], [ -103.653, 39.476 ], [ -103.648, 39.483 ], [ -103.637, 39.48 ], [ -103.612, 39.494 ], [ -103.594, 39.494 ], [ -103.589, 39.504 ], [ -103.574, 39.506 ], [ -103.572, 39.518 ], [ -103.563, 39.519 ], [ -103.555, 39.526 ], [ -103.56, 39.536 ], [ -103.556, 39.539 ], [ -103.56, 39.554 ], [ -103.557, 39.565 ], [ -103.548, 39.564 ], [ -103.541, 39.572 ], [ -103.523, 39.574 ], [ -103.501, 39.589 ], [ -103.469, 39.598 ], [ -103.473, 39.612 ], [ -103.456, 39.616 ], [ -103.449, 39.624 ], [ -103.44, 39.624 ], [ -103.435, 39.63 ], [ -103.405, 39.634 ], [ -103.401, 39.631 ], [ -103.4, 39.638 ], [ -103.388, 39.635 ], [ -103.381, 39.638 ], [ -103.376, 39.645 ], [ -103.374, 39.668 ], [ -103.349, 39.678 ], [ -103.349, 39.692 ], [ -103.336, 39.7 ], [ -103.335, 39.711 ], [ -103.326, 39.713 ], [ -103.33, 39.722 ], [ -103.323, 39.737 ], [ -103.332, 39.748 ], [ -103.331, 39.761 ], [ -103.344, 39.767 ], [ -103.338, 39.796 ], [ -103.344, 39.807 ], [ -103.338, 39.825 ], [ -103.346, 39.838 ], [ -103.338, 39.841 ], [ -103.341, 39.852 ], [ -103.323, 39.858 ], [ -103.301, 39.872 ], [ -103.309, 39.881 ], [ -103.319, 39.917 ], [ -103.329, 39.919 ], [ -103.332, 39.924 ], [ -103.326, 39.936 ], [ -103.318, 39.939 ], [ -103.322, 39.948 ], [ -103.312, 39.956 ], [ -103.314, 39.962 ], [ -103.307, 39.972 ], [ -103.318, 39.983 ], [ -103.307, 39.992 ], [ -103.311, 40.005 ], [ -103.307, 40.009 ], [ -103.317, 40.017 ], [ -103.322, 40.029 ], [ -103.316, 40.04 ], [ -103.317, 40.052 ], [ -103.284, 40.069 ], [ -103.283, 40.078 ], [ -103.273, 40.084 ], [ -103.284, 40.1 ], [ -103.28, 40.105 ], [ -103.29, 40.121 ], [ -103.29, 40.131 ], [ -103.283, 40.139 ], [ -103.286, 40.148 ], [ -103.273, 40.151 ], [ -103.264, 40.166 ], [ -103.225, 40.19 ], [ -103.223, 40.199 ], [ -103.216, 40.198 ], [ -103.214, 40.212 ], [ -103.208, 40.21 ], [ -103.19, 40.221 ], [ -103.166, 40.221 ], [ -103.151, 40.236 ], [ -103.122, 40.246 ], [ -103.109, 40.257 ], [ -103.109, 40.262 ], [ -103.119, 40.269 ], [ -103.115, 40.283 ], [ -103.121, 40.288 ], [ -103.11, 40.305 ], [ -103.123, 40.336 ], [ -103.115, 40.337 ], [ -103.115, 40.344 ], [ -103.124, 40.345 ], [ -103.135, 40.368 ], [ -103.126, 40.379 ], [ -103.11, 40.385 ], [ -103.102, 40.422 ], [ -103.086, 40.44 ], [ -103.087, 40.448 ], [ -103.079, 40.451 ], [ -103.087, 40.465 ], [ -103.1, 40.47 ], [ -103.096, 40.479 ], [ -103.09, 40.477 ], [ -103.088, 40.499 ], [ -103.093, 40.503 ], [ -103.08, 40.518 ], [ -103.066, 40.518 ], [ -103.061, 40.527 ], [ -103.055, 40.523 ], [ -103.053, 40.532 ], [ -103.038, 40.528 ], [ -103.032, 40.548 ], [ -103.041, 40.569 ], [ -103.029, 40.584 ], [ -103.036, 40.593 ], [ -102.976, 40.619 ], [ -102.987, 40.642 ], [ -102.974, 40.643 ], [ -102.971, 40.654 ], [ -102.941, 40.668 ], [ -102.945, 40.676 ], [ -102.936, 40.681 ], [ -102.934, 40.689 ], [ -102.917, 40.687 ], [ -102.911, 40.681 ], [ -102.885, 40.691 ], [ -102.878, 40.7 ], [ -102.861, 40.704 ], [ -102.848, 40.7 ], [ -102.843, 40.706 ], [ -102.849, 40.714 ], [ -102.842, 40.718 ], [ -102.842, 40.725 ], [ -102.815, 40.725 ], [ -102.792, 40.717 ], [ -102.782, 40.719 ], [ -102.793, 40.73 ], [ -102.775, 40.728 ], [ -102.78, 40.743 ], [ -102.776, 40.75 ], [ -102.761, 40.744 ], [ -102.756, 40.754 ], [ -102.745, 40.745 ], [ -102.756, 40.76 ], [ -102.752, 40.766 ], [ -102.734, 40.771 ], [ -102.722, 40.766 ], [ -102.716, 40.769 ], [ -102.719, 40.78 ], [ -102.707, 40.782 ], [ -102.707, 40.787 ], [ -102.694, 40.782 ], [ -102.681, 40.782 ], [ -102.679, 40.791 ], [ -102.657, 40.785 ], [ -102.657, 40.796 ], [ -102.646, 40.79 ], [ -102.637, 40.795 ], [ -102.634, 40.804 ], [ -102.614, 40.811 ], [ -102.619, 40.82 ], [ -102.609, 40.813 ], [ -102.602, 40.815 ], [ -102.606, 40.818 ], [ -102.599, 40.831 ], [ -102.58, 40.824 ], [ -102.569, 40.826 ], [ -102.556, 40.836 ], [ -102.549, 40.836 ], [ -102.552, 40.845 ], [ -102.543, 40.849 ], [ -102.535, 40.846 ], [ -102.533, 40.857 ], [ -102.509, 40.86 ], [ -102.511, 40.868 ], [ -102.467, 40.87 ], [ -102.456, 40.859 ], [ -102.425, 40.866 ], [ -102.431, 40.894 ], [ -102.401, 40.884 ], [ -102.364, 40.877 ], [ -102.3, 40.881 ], [ -102.302, 40.888 ], [ -102.284, 40.893 ], [ -102.287, 40.903 ], [ -102.279, 40.907 ], [ -102.264, 40.905 ], [ -102.253, 40.913 ], [ -102.243, 40.904 ], [ -102.226, 40.908 ], [ -102.225, 40.913 ], [ -102.215, 40.91 ], [ -102.205, 40.915 ], [ -102.184, 40.915 ], [ -102.179, 40.921 ], [ -102.151, 40.928 ], [ -102.154, 40.947 ], [ -102.144, 40.955 ], [ -102.135, 40.955 ], [ -102.127, 40.944 ], [ -102.116, 40.941 ], [ -102.085, 40.95 ], [ -102.087, 40.964 ], [ -102.067, 40.966 ], [ -102.063, 40.961 ], [ -102.051, 40.959 ] ] ] } },
{ "type": "Feature", "properties": { "id": "130201" }, "geometry": { "type": "MultiPolygon", "coordinates": [ [ [ [ -105.786, 37.003 ], [ -105.764, 36.996 ], [ -105.815, 36.996 ], [ -105.805, 37.0 ], [ -105.793, 36.997 ], [ -105.79, 37.006 ], [ -105.786, 37.003 ] ] ], [ [ [ -105.24, 37.034 ], [ -105.234, 37.036 ], [ -105.236, 37.016 ], [ -105.221, 36.995 ], [ -105.297, 36.996 ], [ -105.284, 37.012 ], [ -105.275, 37.015 ], [ -105.273, 37.025 ], [ -105.258, 37.022 ], [ -105.247, 37.036 ], [ -105.24, 37.034 ] ] ], [ [ [ -106.595, 37.137 ], [ -106.588, 37.138 ], [ -106.583, 37.129 ], [ -106.57, 37.128 ], [ -106.558, 37.134 ], [ -106.543, 37.134 ], [ -106.538, 37.127 ], [ -106.516, 37.118 ], [ -106.512, 37.11 ], [ -106.521, 37.09 ], [ -106.507, 37.052 ], [ -106.464, 37.04 ], [ -106.446, 37.017 ], [ -106.451, 36.997 ], [ -106.698, 36.993 ], [ -106.688, 37.006 ], [ -106.691, 37.04 ], [ -106.649, 37.031 ], [ -106.629, 37.04 ], [ -106.64, 37.054 ], [ -106.623, 37.098 ], [ -106.627, 37.116 ], [ -106.613, 37.135 ], [ -106.595, 37.137 ] ] ], [ [ [ -105.476, 37.193 ], [ -105.458, 37.187 ], [ -105.46, 37.175 ], [ -105.454, 37.153 ], [ -105.434, 37.127 ], [ -105.429, 37.113 ], [ -105.45, 37.1 ], [ -105.455, 37.063 ], [ -105.463, 37.055 ], [ -105.462, 37.033 ], [ -105.465, 37.032 ], [ -105.466, 37.039 ], [ -105.494, 37.051 ], [ -105.504, 37.045 ], [ -105.504, 37.032 ], [ -105.494, 37.019 ], [ -105.497, 37.007 ], [ -105.492, 36.996 ], [ -105.728, 36.996 ], [ -105.719, 36.999 ], [ -105.72, 37.004 ], [ -105.709, 37.018 ], [ -105.713, 37.043 ], [ -105.697, 37.077 ], [ -105.697, 37.093 ], [ -105.682, 37.11 ], [ -105.683, 37.119 ], [ -105.666, 37.133 ], [ -105.65, 37.144 ], [ -105.637, 37.145 ], [ -105.585, 37.166 ], [ -105.559, 37.184 ], [ -105.476, 37.193 ] ] ] ] } },
{ "type": "Feature", "properties": { "id": "101900" }, "geometry": { "type": "Polygon", "coordinates": [ [ [ -102.051, 40.959 ], [ -102.063, 40.961 ], [ -102.067, 40.966 ], [ -102.087, 40.964 ], [ -102.085, 40.95 ], [ -102.116, 40.941 ], [ -102.127, 40.944 ], [ -102.135, 40.955 ], [ -102.144, 40.955 ], [ -102.154, 40.947 ], [ -102.151, 40.928 ], [ -102.179, 40.921 ], [ -102.184, 40.915 ], [ -102.205, 40.915 ], [ -102.215, 40.91 ], [ -102.225, 40.913 ], [ -102.226, 40.908 ], [ -102.243, 40.904 ], [ -102.253, 40.913 ], [ -102.264, 40.905 ], [ -102.279, 40.907 ], [ -102.287, 40.903 ], [ -102.284, 40.893 ], [ -102.302, 40.888 ], [ -102.3, 40.881 ], [ -102.364, 40.877 ], [ -102.401, 40.884 ], [ -102.431, 40.894 ], [ -102.425, 40.866 ], [ -102.456, 40.859 ], [ -102.467, 40.87 ], [ -102.511, 40.868 ], [ -102.509, 40.86 ], [ -102.533, 40.857 ], [ -102.535, 40.846 ], [ -102.543, 40.849 ], [ -102.552, 40.845 ], [ -102.549, 40.836 ], [ -102.556, 40.836 ], [ -102.569, 40.826 ], [ -102.58, 40.824 ], [ -102.599, 40.831 ], [ -102.606, 40.818 ], [ -102.602, 40.815 ], [ -102.609, 40.813 ], [ -102.619, 40.82 ], [ -102.614, 40.811 ], [ -102.634, 40.804 ], [ -102.637, 40.795 ], [ -102.646, 40.79 ], [ -102.657, 40.796 ], [ -102.657, 40.785 ], [ -102.679, 40.791 ], [ -102.681, 40.782 ], [ -102.694, 40.782 ], [ -102.707, 40.787 ], [ -102.707, 40.782 ], [ -102.719, 40.78 ], [ -102.716, 40.769 ], [ -102.722, 40.766 ], [ -102.734, 40.771 ], [ -102.752, 40.766 ], [ -102.756, 40.76 ], [ -102.745, 40.745 ], [ -102.756, 40.754 ], [ -102.761, 40.744 ], [ -102.776, 40.75 ], [ -102.78, 40.743 ], [ -102.775, 40.728 ], [ -102.793, 40.73 ], [ -102.782, 40.719 ], [ -102.792, 40.717 ], [ -102.815, 40.725 ], [ -102.842, 40.725 ], [ -102.842, 40.718 ], [ -102.849, 40.714 ], [ -102.843, 40.706 ], [ -102.848, 40.7 ], [ -102.861, 40.704 ], [ -102.878, 40.7 ], [ -102.885, 40.691 ], [ -102.911, 40.681 ], [ -102.917, 40.687 ], [ -102.934, 40.689 ], [ -102.936, 40.681 ], [ -102.945, 40.676 ], [ -102.941, 40.668 ], [ -102.971, 40.654 ], [ -102.974, 40.643 ], [ -102.987, 40.642 ], [ -102.976, 40.619 ], [ -103.036, 40.593 ], [ -103.029, 40.584 ], [ -103.041, 40.569 ], [ -103.032, 40.548 ], [ -103.038, 40.528 ], [ -103.053, 40.532 ], [ -103.055, 40.523 ], [ -103.061, 40.527 ], [ -103.066, 40.518 ], [ -103.08, 40.518 ], [ -103.093, 40.503 ], [ -103.088, 40.499 ], [ -103.09, 40.477 ], [ -103.096, 40.479 ], [ -103.1, 40.47 ], [ -103.087, 40.465 ], [ -103.079, 40.451 ], [ -103.087, 40.448 ], [ -103.086, 40.44 ], [ -103.102, 40.422 ], [ -103.11, 40.385 ], [ -103.126, 40.379 ], [ -103.135, 40.368 ], [ -103.124, 40.345 ], [ -103.115, 40.344 ], [ -103.115, 40.337 ], [ -103.123, 40.336 ], [ -103.11, 40.305 ], [ -103.121, 40.288 ], [ -103.115, 40.283 ], [ -103.119, 40.269 ], [ -103.109, 40.262 ], [ -103.109, 40.257 ], [ -103.122, 40.246 ], [ -103.151, 40.236 ], [ -103.166, 40.221 ], [ -103.19, 40.221 ], [ -103.208, 40.21 ], [ -103.214, 40.212 ], [ -103.216, 40.198 ], [ -103.223, 40.199 ], [ -103.225, 40.19 ], [ -103.264, 40.166 ], [ -103.273, 40.151 ], [ -103.286, 40.148 ], [ -103.283, 40.139 ], [ -103.29, 40.131 ], [ -103.29, 40.121 ], [ -103.28, 40.105 ], [ -103.284, 40.1 ], [ -103.273, 40.084 ], [ -103.283, 40.078 ], [ -103.284, 40.069 ], [ -103.317, 40.052 ], [ -103.316, 40.04 ], [ -103.322, 40.029 ], [ -103.317, 40.017 ], [ -103.307, 40.009 ], [ -103.311, 40.005 ], [ -103.307, 39.992 ], [ -103.318, 39.983 ], [ -103.307, 39.972 ], [ -103.314, 39.962 ], [ -103.312, 39.956 ], [ -103.322, 39.948 ], [ -103.318, 39.939 ], [ -103.326, 39.936 ], [ -103.332, 39.924 ], [ -103.329, 39.919 ], [ -103.319, 39.917 ], [ -103.309, 39.881 ], [ -103.301, 39.872 ], [ -103.323, 39.858 ], [ -103.341, 39.852 ], [ -103.338, 39.841 ], [ -103.346, 39.838 ], [ -103.338, 39.825 ], [ -103.344, 39.807 ], [ -103.338, 39.796 ], [ -103.344, 39.766 ], [ -103.332, 39.764 ], [ -103.332, 39.748 ], [ -103.323, 39.737 ], [ -103.33, 39.722 ], [ -103.326, 39.713 ], [ -103.335, 39.711 ], [ -103.336, 39.7 ], [ -103.349, 39.692 ], [ -103.349, 39.678 ], [ -103.374, 39.668 ], [ -103.376, 39.645 ], [ -103.383, 39.637 ], [ -103.4, 39.638 ], [ -103.401, 39.631 ], [ -103.405, 39.634 ], [ -103.435, 39.63 ], [ -103.44, 39.624 ], [ -103.449, 39.624 ], [ -103.456, 39.616 ], [ -103.473, 39.612 ], [ -103.469, 39.598 ], [ -103.501, 39.589 ], [ -103.523, 39.574 ], [ -103.541, 39.572 ], [ -103.548, 39.564 ], [ -103.557, 39.565 ], [ -103.56, 39.554 ], [ -103.556, 39.539 ], [ -103.56, 39.536 ], [ -103.555, 39.526 ], [ -103.563, 39.519 ], [ -103.572, 39.518 ], [ -103.574, 39.506 ], [ -103.589, 39.504 ], [ -103.594, 39.494 ], [ -103.607, 39.491 ], [ -103.611, 39.494 ], [ -103.633, 39.481 ], [ -103.648, 39.483 ], [ -103.653, 39.476 ], [ -103.659, 39.48 ], [ -103.673, 39.475 ], [ -103.677, 39.455 ], [ -103.687, 39.447 ], [ -103.687, 39.425 ], [ -103.699, 39.42 ], [ -103.705, 39.411 ], [ -103.723, 39.409 ], [ -103.733, 39.4 ], [ -103.749, 39.402 ], [ -103.778, 39.382 ], [ -103.785, 39.384 ], [ -103.792, 39.372 ], [ -103.812, 39.366 ], [ -103.816, 39.359 ], [ -103.821, 39.362 ], [ -103.829, 39.357 ], [ -103.84, 39.362 ], [ -103.852, 39.359 ], [ -103.861, 39.349 ], [ -103.866, 39.35 ], [ -103.875, 39.317 ], [ -103.895, 39.321 ], [ -103.899, 39.314 ], [ -103.907, 39.314 ], [ -103.909, 39.308 ], [ -103.915, 39.309 ], [ -103.921, 39.303 ], [ -103.971, 39.296 ], [ -103.977, 39.286 ], [ -103.972, 39.27 ], [ -103.978, 39.249 ], [ -103.989, 39.233 ], [ -103.997, 39.232 ], [ -104.002, 39.223 ], [ -104.028, 39.206 ], [ -104.047, 39.202 ], [ -104.057, 39.208 ], [ -104.061, 39.206 ], [ -104.072, 39.209 ], [ -104.077, 39.191 ], [ -104.119, 39.18 ], [ -104.129, 39.17 ], [ -104.138, 39.169 ], [ -104.145, 39.16 ], [ -104.152, 39.16 ], [ -104.163, 39.153 ], [ -104.183, 39.156 ], [ -104.204, 39.151 ], [ -104.229, 39.161 ], [ -104.245, 39.147 ], [ -104.262, 39.144 ], [ -104.265, 39.137 ], [ -104.275, 39.135 ], [ -104.284, 39.139 ], [ -104.286, 39.126 ], [ -104.299, 39.119 ], [ -104.315, 39.124 ], [ -104.326, 39.134 ], [ -104.343, 39.135 ], [ -104.359, 39.121 ], [ -104.367, 39.122 ], [ -104.388, 39.113 ], [ -104.41, 39.115 ], [ -104.423, 39.103 ], [ -104.428, 39.091 ], [ -104.444, 39.091 ], [ -104.449, 39.084 ], [ -104.467, 39.076 ], [ -104.488, 39.086 ], [ -104.503, 39.078 ], [ -104.51, 39.079 ], [ -104.52, 39.075 ], [ -104.528, 39.079 ], [ -104.537, 39.07 ], [ -104.55, 39.072 ], [ -104.581, 39.06 ], [ -104.619, 39.038 ], [ -104.63, 39.04 ], [ -104.633, 39.046 ], [ -104.664, 39.026 ], [ -104.682, 39.037 ], [ -104.709, 39.045 ], [ -104.717, 39.04 ], [ -104.723, 39.044 ], [ -104.723, 39.049 ], [ -104.738, 39.061 ], [ -104.74, 39.069 ], [ -104.764, 39.065 ], [ -104.778, 39.072 ], [ -104.8, 39.074 ], [ -104.802, 39.087 ], [ -104.816, 39.09 ], [ -104.811, 39.104 ], [ -104.842, 39.122 ], [ -104.863, 39.12 ], [ -104.871, 39.126 ], [ -104.916, 39.119 ], [ -104.935, 39.129 ], [ -104.941, 39.139 ], [ -104.954, 39.13 ], [ -104.969, 39.13 ], [ -104.973, 39.125 ], [ -104.999, 39.127 ], [ -105.003, 39.12 ], [ -105.013, 39.119 ], [ -105.025, 39.105 ], [ -105.021, 39.097 ], [ -105.028, 39.088 ], [ -105.024, 39.063 ], [ -105.018, 39.057 ], [ -105.022, 39.051 ], [ -105.01, 39.028 ], [ -105.015, 39.003 ], [ -105.025, 38.999 ], [ -105.034, 39.004 ], [ -105.072, 38.992 ], [ -105.064, 38.978 ], [ -105.08, 38.96 ], [ -105.079, 38.95 ], [ -105.104, 38.935 ], [ -105.107, 38.925 ], [ -105.124, 38.909 ], [ -105.127, 38.896 ], [ -105.138, 38.894 ], [ -105.147, 38.901 ], [ -105.156, 38.901 ], [ -105.179, 38.893 ], [ -105.201, 38.896 ], [ -105.211, 38.894 ], [ -105.223, 38.881 ], [ -105.235, 38.883 ], [ -105.244, 38.879 ], [ -105.255, 38.879 ], [ -105.257, 38.883 ], [ -105.274, 38.884 ], [ -105.277, 38.888 ], [ -105.297, 38.873 ], [ -105.308, 38.883 ], [ -105.315, 38.877 ], [ -105.335, 38.873 ], [ -105.34, 38.886 ], [ -105.352, 38.886 ], [ -105.384, 38.861 ], [ -105.408, 38.862 ], [ -105.417, 38.85 ], [ -105.443, 38.849 ], [ -105.467, 38.832 ], [ -105.476, 38.837 ], [ -105.538, 38.837 ], [ -105.575, 38.827 ], [ -105.597, 38.831 ], [ -105.604, 38.844 ], [ -105.632, 38.843 ], [ -105.645, 38.83 ], [ -105.651, 38.832 ], [ -105.656, 38.816 ], [ -105.686, 38.81 ], [ -105.685, 38.795 ], [ -105.677, 38.787 ], [ -105.679, 38.781 ], [ -105.691, 38.777 ], [ -105.689, 38.757 ], [ -105.694, 38.753 ], [ -105.72, 38.762 ], [ -105.736, 38.758 ], [ -105.735, 38.762 ], [ -105.756, 38.773 ], [ -105.755, 38.778 ], [ -105.763, 38.786 ], [ -105.784, 38.783 ], [ -105.805, 38.796 ], [ -105.81, 38.806 ], [ -105.837, 38.803 ], [ -105.851, 38.815 ], [ -105.867, 38.816 ], [ -105.899, 38.808 ], [ -105.909, 38.809 ], [ -105.942, 38.84 ], [ -105.943, 38.853 ], [ -105.925, 38.872 ], [ -105.942, 38.886 ], [ -105.974, 38.883 ], [ -105.979, 38.895 ], [ -105.966, 38.906 ], [ -105.977, 38.911 ], [ -105.977, 38.915 ], [ -105.986, 38.918 ], [ -105.999, 38.916 ], [ -106.028, 38.943 ], [ -106.054, 38.943 ], [ -106.065, 38.932 ], [ -106.085, 38.939 ], [ -106.094, 38.937 ], [ -106.114, 38.941 ], [ -106.114, 38.956 ], [ -106.105, 38.973 ], [ -106.109, 38.987 ], [ -106.146, 38.998 ], [ -106.169, 38.993 ], [ -106.179, 39.011 ], [ -106.193, 39.018 ], [ -106.192, 39.029 ], [ -106.183, 39.04 ], [ -106.192, 39.067 ], [ -106.169, 39.088 ], [ -106.178, 39.103 ], [ -106.21, 39.103 ], [ -106.204, 39.116 ], [ -106.189, 39.121 ], [ -106.186, 39.129 ], [ -106.173, 39.138 ], [ -106.178, 39.175 ], [ -106.185, 39.186 ], [ -106.179, 39.198 ], [ -106.185, 39.209 ], [ -106.169, 39.231 ], [ -106.185, 39.243 ], [ -106.18, 39.261 ], [ -106.187, 39.279 ], [ -106.181, 39.299 ], [ -106.184, 39.31 ], [ -106.177, 39.311 ], [ -106.17, 39.322 ], [ -106.151, 39.321 ], [ -106.14, 39.339 ], [ -106.153, 39.363 ], [ -106.135, 39.38 ], [ -106.097, 39.378 ], [ -106.057, 39.359 ], [ -106.022, 39.362 ], [ -106.014, 39.387 ], [ -105.997, 39.395 ], [ -105.993, 39.402 ], [ -105.985, 39.402 ], [ -105.959, 39.416 ], [ -105.952, 39.415 ], [ -105.955, 39.426 ], [ -105.967, 39.439 ], [ -105.944, 39.441 ], [ -105.939, 39.458 ], [ -105.906, 39.46 ], [ -105.892, 39.484 ], [ -105.879, 39.484 ], [ -105.875, 39.493 ], [ -105.867, 39.494 ], [ -105.864, 39.502 ], [ -105.856, 39.505 ], [ -105.868, 39.519 ], [ -105.86, 39.531 ], [ -105.847, 39.524 ], [ -105.831, 39.532 ], [ -105.823, 39.53 ], [ -105.816, 39.552 ], [ -105.826, 39.556 ], [ -105.839, 39.573 ], [ -105.821, 39.583 ], [ -105.808, 39.584 ], [ -105.801, 39.594 ], [ -105.776, 39.605 ], [ -105.783, 39.629 ], [ -105.793, 39.636 ], [ -105.817, 39.634 ], [ -105.821, 39.643 ], [ -105.849, 39.644 ], [ -105.865, 39.667 ], [ -105.88, 39.664 ], [ -105.885, 39.657 ], [ -105.897, 39.665 ], [ -105.911, 39.662 ], [ -105.927, 39.673 ], [ -105.92, 39.69 ], [ -105.925, 39.699 ], [ -105.921, 39.71 ], [ -105.912, 39.715 ], [ -105.907, 39.727 ], [ -105.891, 39.731 ], [ -105.883, 39.739 ], [ -105.88, 39.759 ], [ -105.892, 39.782 ], [ -105.888, 39.797 ], [ -105.876, 39.799 ], [ -105.855, 39.796 ], [ -105.852, 39.788 ], [ -105.823, 39.786 ], [ -105.799, 39.803 ], [ -105.764, 39.795 ], [ -105.736, 39.805 ], [ -105.734, 39.813 ], [ -105.724, 39.818 ], [ -105.717, 39.836 ], [ -105.696, 39.839 ], [ -105.69, 39.852 ], [ -105.701, 39.879 ], [ -105.7, 39.892 ], [ -105.691, 39.897 ], [ -105.675, 39.933 ], [ -105.694, 39.942 ], [ -105.694, 39.95 ], [ -105.685, 39.959 ], [ -105.69, 39.97 ], [ -105.683, 39.993 ], [ -105.691, 39.997 ], [ -105.69, 40.014 ], [ -105.662, 40.016 ], [ -105.652, 40.021 ], [ -105.641, 40.035 ], [ -105.638, 40.046 ], [ -105.651, 40.059 ], [ -105.639, 40.067 ], [ -105.641, 40.073 ], [ -105.633, 40.081 ], [ -105.637, 40.107 ], [ -105.626, 40.119 ], [ -105.636, 40.146 ], [ -105.668, 40.158 ], [ -105.67, 40.185 ], [ -105.678, 40.189 ], [ -105.671, 40.219 ], [ -105.663, 40.22 ], [ -105.669, 40.229 ], [ -105.66, 40.249 ], [ -105.644, 40.25 ], [ -105.654, 40.261 ], [ -105.683, 40.273 ], [ -105.681, 40.284 ], [ -105.687, 40.288 ], [ -105.682, 40.292 ], [ -105.688, 40.294 ], [ -105.691, 40.309 ], [ -105.703, 40.313 ], [ -105.699, 40.321 ], [ -105.729, 40.335 ], [ -105.737, 40.347 ], [ -105.759, 40.353 ], [ -105.787, 40.381 ], [ -105.791, 40.399 ], [ -105.818, 40.425 ], [ -105.816, 40.437 ], [ -105.806, 40.448 ], [ -105.804, 40.464 ], [ -105.811, 40.471 ], [ -105.807, 40.474 ], [ -105.855, 40.486 ], [ -105.852, 40.507 ], [ -105.87, 40.521 ], [ -105.88, 40.524 ], [ -105.904, 40.514 ], [ -105.908, 40.516 ], [ -105.911, 40.522 ], [ -105.905, 40.536 ], [ -105.911, 40.553 ], [ -105.909, 40.564 ], [ -105.922, 40.575 ], [ -105.93, 40.607 ], [ -105.915, 40.625 ], [ -105.899, 40.628 ], [ -105.889, 40.614 ], [ -105.855, 40.617 ], [ -105.85, 40.609 ], [ -105.829, 40.623 ], [ -105.829, 40.63 ], [ -105.837, 40.631 ], [ -105.848, 40.64 ], [ -105.831, 40.661 ], [ -105.844, 40.66 ], [ -105.845, 40.679 ], [ -105.838, 40.686 ], [ -105.816, 40.69 ], [ -105.821, 40.72 ], [ -105.813, 40.733 ], [ -105.791, 40.742 ], [ -105.789, 40.759 ], [ -105.778, 40.758 ], [ -105.773, 40.764 ], [ -105.779, 40.77 ], [ -105.774, 40.773 ], [ -105.776, 40.779 ], [ -105.762, 40.783 ], [ -105.774, 40.796 ], [ -105.773, 40.811 ], [ -105.764, 40.815 ], [ -105.755, 40.83 ], [ -105.761, 40.833 ], [ -105.761, 40.842 ], [ -105.783, 40.844 ], [ -105.794, 40.852 ], [ -105.788, 40.871 ], [ -105.779, 40.872 ], [ -105.771, 40.878 ], [ -105.782, 40.893 ], [ -105.775, 40.899 ], [ -105.772, 40.916 ], [ -105.739, 40.936 ], [ -105.729, 40.955 ], [ -105.671, 40.976 ], [ -105.665, 40.975 ], [ -105.661, 40.985 ], [ -105.646, 40.997 ], [ -104.855, 40.998 ], [ -103.535, 41.001 ], [ -102.052, 41.002 ], [ -102.051, 40.959 ] ] ] } },
{ "type": "Feature", "properties": { "id": "102600" }, "geometry": { "type": "Polygon", "coordinates": [ [ [ -102.048, 39.215 ], [ -102.045, 38.663 ], [ -102.09, 38.659 ], [ -102.109, 38.669 ], [ -102.14, 38.667 ], [ -102.188, 38.679 ], [ -102.204, 38.689 ], [ -102.225, 38.692 ], [ -102.249, 38.703 ], [ -102.28, 38.701 ], [ -102.318, 38.718 ], [ -102.331, 38.73 ], [ -102.345, 38.727 ], [ -102.357, 38.73 ], [ -102.371, 38.722 ], [ -102.386, 38.723 ], [ -102.391, 38.718 ], [ -102.42, 38.714 ], [ -102.423, 38.71 ], [ -102.438, 38.714 ], [ -102.455, 38.711 ], [ -102.465, 38.708 ], [ -102.467, 38.702 ], [ -102.521, 38.719 ], [ -102.562, 38.772 ], [ -102.562, 38.783 ], [ -102.55, 38.791 ], [ -102.549, 38.812 ], [ -102.542, 38.822 ], [ -102.542, 38.859 ], [ -102.549, 38.872 ], [ -102.542, 38.882 ], [ -102.544, 38.895 ], [ -102.534, 38.904 ], [ -102.537, 38.913 ], [ -102.549, 38.916 ], [ -102.56, 38.932 ], [ -102.575, 38.932 ], [ -102.59, 38.952 ], [ -102.597, 38.952 ], [ -102.599, 38.962 ], [ -102.612, 38.963 ], [ -102.618, 38.975 ], [ -102.631, 38.966 ], [ -102.639, 38.971 ], [ -102.676, 38.972 ], [ -102.688, 38.995 ], [ -102.694, 38.992 ], [ -102.728, 38.999 ], [ -102.741, 38.997 ], [ -102.755, 39.009 ], [ -102.784, 39.016 ], [ -102.811, 39.035 ], [ -102.813, 39.043 ], [ -102.79, 39.044 ], [ -102.774, 39.052 ], [ -102.745, 39.047 ], [ -102.733, 39.049 ], [ -102.726, 39.059 ], [ -102.709, 39.064 ], [ -102.688, 39.085 ], [ -102.675, 39.086 ], [ -102.657, 39.117 ], [ -102.644, 39.1 ], [ -102.633, 39.102 ], [ -102.626, 39.093 ], [ -102.613, 39.106 ], [ -102.598, 39.102 ], [ -102.579, 39.108 ], [ -102.568, 39.124 ], [ -102.557, 39.119 ], [ -102.541, 39.12 ], [ -102.536, 39.113 ], [ -102.484, 39.114 ], [ -102.463, 39.123 ], [ -102.433, 39.115 ], [ -102.424, 39.123 ], [ -102.406, 39.129 ], [ -102.399, 39.138 ], [ -102.389, 39.134 ], [ -102.385, 39.143 ], [ -102.357, 39.148 ], [ -102.356, 39.161 ], [ -102.335, 39.162 ], [ -102.328, 39.173 ], [ -102.297, 39.189 ], [ -102.262, 39.189 ], [ -102.246, 39.185 ], [ -102.233, 39.197 ], [ -102.202, 39.206 ], [ -102.176, 39.202 ], [ -102.165, 39.21 ], [ -102.141, 39.211 ], [ -102.117, 39.22 ], [ -102.088, 39.211 ], [ -102.073, 39.216 ], [ -102.063, 39.212 ], [ -102.048, 39.215 ] ] ] } },
{ "type": "Feature", "properties": { "id": "140500" }, "geometry": { "type": "Polygon", "coordinates": [ [ [ -106.859, 41.003 ], [ -106.861, 40.997 ], [ -106.851, 40.99 ], [ -106.857, 40.981 ], [ -106.87, 40.981 ], [ -106.873, 40.974 ], [ -106.87, 40.956 ], [ -106.852, 40.933 ], [ -106.852, 40.925 ], [ -106.83, 40.924 ], [ -106.825, 40.932 ], [ -106.806, 40.906 ], [ -106.809, 40.9 ], [ -106.8, 40.896 ], [ -106.782, 40.907 ], [ -106.769, 40.904 ], [ -106.77, 40.897 ], [ -106.741, 40.89 ], [ -106.747, 40.882 ], [ -106.739, 40.871 ], [ -106.706, 40.876 ], [ -106.695, 40.888 ], [ -106.686, 40.886 ], [ -106.68, 40.87 ], [ -106.668, 40.865 ], [ -106.655, 40.849 ], [ -106.654, 40.846 ], [ -106.662, 40.843 ], [ -106.664, 40.828 ], [ -106.644, 40.821 ], [ -106.636, 40.812 ], [ -106.637, 40.79 ], [ -106.67, 40.762 ], [ -106.662, 40.754 ], [ -106.663, 40.744 ], [ -106.677, 40.737 ], [ -106.67, 40.729 ], [ -106.674, 40.724 ], [ -106.668, 40.696 ], [ -106.673, 40.688 ], [ -106.687, 40.683 ], [ -106.681, 40.676 ], [ -106.687, 40.673 ], [ -106.686, 40.663 ], [ -106.692, 40.659 ], [ -106.688, 40.651 ], [ -106.68, 40.648 ], [ -106.689, 40.64 ], [ -106.687, 40.635 ], [ -106.704, 40.628 ], [ -106.706, 40.616 ], [ -106.694, 40.596 ], [ -106.702, 40.578 ], [ -106.692, 40.563 ], [ -106.697, 40.553 ], [ -106.686, 40.551 ], [ -106.678, 40.539 ], [ -106.67, 40.536 ], [ -106.674, 40.523 ], [ -106.656, 40.509 ], [ -106.653, 40.494 ], [ -106.667, 40.473 ], [ -106.654, 40.468 ], [ -106.659, 40.459 ], [ -106.651, 40.455 ], [ -106.652, 40.441 ], [ -106.64, 40.433 ], [ -106.647, 40.43 ], [ -106.651, 40.421 ], [ -106.645, 40.412 ], [ -106.656, 40.409 ], [ -106.641, 40.402 ], [ -106.642, 40.392 ], [ -106.634, 40.384 ], [ -106.655, 40.368 ], [ -106.645, 40.35 ], [ -106.653, 40.337 ], [ -106.687, 40.321 ], [ -106.688, 40.317 ], [ -106.676, 40.298 ], [ -106.663, 40.301 ], [ -106.652, 40.29 ], [ -106.616, 40.277 ], [ -106.61, 40.256 ], [ -106.596, 40.253 ], [ -106.59, 40.243 ], [ -106.592, 40.236 ], [ -106.6, 40.229 ], [ -106.608, 40.23 ], [ -106.61, 40.224 ], [ -106.634, 40.225 ], [ -106.646, 40.231 ], [ -106.655, 40.228 ], [ -106.657, 40.223 ], [ -106.647, 40.223 ], [ -106.637, 40.214 ], [ -106.639, 40.21 ], [ -106.622, 40.205 ], [ -106.618, 40.197 ], [ -106.633, 40.196 ], [ -106.64, 40.189 ], [ -106.626, 40.172 ], [ -106.636, 40.173 ], [ -106.647, 40.163 ], [ -106.658, 40.16 ], [ -106.669, 40.166 ], [ -106.678, 40.161 ], [ -106.681, 40.155 ], [ -106.675, 40.148 ], [ -106.666, 40.147 ], [ -106.666, 40.141 ], [ -106.659, 40.136 ], [ -106.684, 40.118 ], [ -106.686, 40.108 ], [ -106.709, 40.102 ], [ -106.717, 40.119 ], [ -106.741, 40.119 ], [ -106.749, 40.125 ], [ -106.748, 40.13 ], [ -106.786, 40.138 ], [ -106.801, 40.123 ], [ -106.803, 40.109 ], [ -106.798, 40.096 ], [ -106.818, 40.081 ], [ -106.823, 40.063 ], [ -106.847, 40.059 ], [ -106.921, 40.07 ], [ -106.944, 40.079 ], [ -106.967, 40.069 ], [ -106.986, 40.071 ], [ -106.998, 40.054 ], [ -107.013, 40.047 ], [ -107.021, 40.03 ], [ -107.044, 40.023 ], [ -107.057, 39.995 ], [ -107.063, 39.999 ], [ -107.065, 40.009 ], [ -107.083, 40.015 ], [ -107.129, 40.002 ], [ -107.137, 39.975 ], [ -107.156, 39.976 ], [ -107.171, 39.97 ], [ -107.172, 39.95 ], [ -107.185, 39.928 ], [ -107.175, 39.92 ], [ -107.181, 39.909 ], [ -107.21, 39.899 ], [ -107.22, 39.905 ], [ -107.226, 39.901 ], [ -107.235, 39.905 ], [ -107.259, 39.886 ], [ -107.257, 39.874 ], [ -107.282, 39.875 ], [ -107.287, 39.872 ], [ -107.287, 39.862 ], [ -107.276, 39.85 ], [ -107.304, 39.84 ], [ -107.303, 39.829 ], [ -107.289, 39.827 ], [ -107.284, 39.822 ], [ -107.291, 39.812 ], [ -107.285, 39.798 ], [ -107.262, 39.798 ], [ -107.267, 39.784 ], [ -107.289, 39.774 ], [ -107.305, 39.778 ], [ -107.329, 39.775 ], [ -107.339, 39.782 ], [ -107.347, 39.773 ], [ -107.356, 39.772 ], [ -107.366, 39.755 ], [ -107.402, 39.749 ], [ -107.41, 39.742 ], [ -107.42, 39.745 ], [ -107.427, 39.755 ], [ -107.428, 39.769 ], [ -107.418, 39.794 ], [ -107.42, 39.807 ], [ -107.469, 39.812 ], [ -107.489, 39.84 ], [ -107.503, 39.84 ], [ -107.512, 39.831 ], [ -107.524, 39.834 ], [ -107.545, 39.832 ], [ -107.551, 39.841 ], [ -107.568, 39.843 ], [ -107.575, 39.828 ], [ -107.582, 39.828 ], [ -107.586, 39.812 ], [ -107.592, 39.814 ], [ -107.597, 39.809 ], [ -107.61, 39.807 ], [ -107.615, 39.8 ], [ -107.627, 39.808 ], [ -107.632, 39.802 ], [ -107.64, 39.814 ], [ -107.65, 39.804 ], [ -107.665, 39.814 ], [ -107.678, 39.805 ], [ -107.685, 39.807 ], [ -107.693, 39.812 ], [ -107.694, 39.824 ], [ -107.701, 39.821 ], [ -107.702, 39.815 ], [ -107.717, 39.809 ], [ -107.722, 39.812 ], [ -107.741, 39.803 ], [ -107.744, 39.787 ], [ -107.749, 39.791 ], [ -107.759, 39.789 ], [ -107.767, 39.793 ], [ -107.777, 39.79 ], [ -107.785, 39.793 ], [ -107.792, 39.788 ], [ -107.807, 39.796 ], [ -107.815, 39.792 ], [ -107.813, 39.776 ], [ -107.826, 39.773 ], [ -107.828, 39.778 ], [ -107.848, 39.78 ], [ -107.853, 39.768 ], [ -107.873, 39.763 ], [ -107.886, 39.749 ], [ -107.904, 39.74 ], [ -107.906, 39.73 ], [ -107.924, 39.708 ], [ -107.947, 39.699 ], [ -107.94, 39.675 ], [ -107.926, 39.657 ], [ -107.953, 39.648 ], [ -107.981, 39.645 ], [ -107.989, 39.649 ], [ -107.996, 39.644 ], [ -108.009, 39.653 ], [ -108.01, 39.659 ], [ -108.019, 39.659 ], [ -108.021, 39.665 ], [ -108.033, 39.657 ], [ -108.04, 39.661 ], [ -108.047, 39.653 ], [ -108.055, 39.657 ], [ -108.055, 39.664 ], [ -108.069, 39.668 ], [ -108.073, 39.678 ], [ -108.088, 39.676 ], [ -108.105, 39.665 ], [ -108.123, 39.677 ], [ -108.129, 39.67 ], [ -108.14, 39.671 ], [ -108.155, 39.651 ], [ -108.166, 39.656 ], [ -108.198, 39.646 ], [ -108.211, 39.649 ], [ -108.215, 39.658 ], [ -108.225, 39.652 ], [ -108.226, 39.659 ], [ -108.238, 39.653 ], [ -108.246, 39.656 ], [ -108.27, 39.649 ], [ -108.278, 39.633 ], [ -108.294, 39.623 ], [ -108.301, 39.626 ], [ -108.304, 39.634 ], [ -108.311, 39.632 ], [ -108.317, 39.649 ], [ -108.338, 39.647 ], [ -108.347, 39.659 ], [ -108.374, 39.662 ], [ -108.376, 39.666 ], [ -108.381, 39.664 ], [ -108.381, 39.668 ], [ -108.388, 39.666 ], [ -108.395, 39.673 ], [ -108.402, 39.67 ], [ -108.411, 39.681 ], [ -108.446, 39.681 ], [ -108.474, 39.699 ], [ -108.488, 39.696 ], [ -108.495, 39.688 ], [ -108.509, 39.692 ], [ -108.527, 39.69 ], [ -108.539, 39.698 ], [ -108.559, 39.684 ], [ -108.565, 39.691 ], [ -108.592, 39.671 ], [ -108.6, 39.675 ], [ -108.622, 39.665 ], [ -108.629, 39.656 ], [ -108.637, 39.655 ], [ -108.653, 39.659 ], [ -108.657, 39.648 ], [ -108.655, 39.624 ], [ -108.68, 39.601 ], [ -108.717, 39.604 ], [ -108.737, 39.594 ], [ -108.747, 39.601 ], [ -108.757, 39.598 ], [ -108.772, 39.607 ], [ -108.784, 39.601 ], [ -108.811, 39.597 ], [ -108.821, 39.605 ], [ -108.825, 39.619 ], [ -108.835, 39.61 ], [ -108.849, 39.613 ], [ -108.853, 39.621 ], [ -108.858, 39.617 ], [ -108.864, 39.621 ], [ -108.873, 39.617 ], [ -108.88, 39.629 ], [ -108.885, 39.622 ], [ -108.898, 39.619 ], [ -108.907, 39.622 ], [ -108.916, 39.613 ], [ -108.921, 39.593 ], [ -108.942, 39.601 ], [ -108.953, 39.582 ], [ -108.976, 39.571 ], [ -108.988, 39.574 ], [ -108.995, 39.569 ], [ -108.993, 39.563 ], [ -109.007, 39.548 ], [ -109.009, 39.535 ], [ -109.02, 39.529 ], [ -109.027, 39.515 ], [ -109.042, 39.512 ], [ -109.051, 39.498 ], [ -109.049, 40.232 ], [ -109.024, 40.238 ], [ -109.009, 40.246 ], [ -108.978, 40.289 ], [ -108.956, 40.296 ], [ -108.949, 40.301 ], [ -108.923, 40.299 ], [ -108.905, 40.308 ], [ -108.909, 40.312 ], [ -108.935, 40.317 ], [ -108.948, 40.328 ], [ -108.942, 40.342 ], [ -108.949, 40.351 ], [ -109.022, 40.372 ], [ -109.02, 40.381 ], [ -109.031, 40.394 ], [ -109.024, 40.403 ], [ -109.03, 40.416 ], [ -109.019, 40.431 ], [ -109.041, 40.448 ], [ -109.039, 40.466 ], [ -109.024, 40.483 ], [ -109.011, 40.488 ], [ -109.01, 40.492 ], [ -108.996, 40.49 ], [ -108.978, 40.505 ], [ -108.98, 40.513 ], [ -108.974, 40.526 ], [ -108.985, 40.528 ], [ -108.978, 40.539 ], [ -108.948, 40.545 ], [ -108.945, 40.552 ], [ -108.937, 40.553 ], [ -108.938, 40.561 ], [ -108.927, 40.565 ], [ -108.928, 40.574 ], [ -108.894, 40.584 ], [ -108.892, 40.592 ], [ -108.875, 40.607 ], [ -108.856, 40.61 ], [ -108.848, 40.6 ], [ -108.83, 40.605 ], [ -108.821, 40.599 ], [ -108.821, 40.592 ], [ -108.813, 40.59 ], [ -108.792, 40.599 ], [ -108.775, 40.601 ], [ -108.763, 40.591 ], [ -108.746, 40.593 ], [ -108.746, 40.585 ], [ -108.728, 40.575 ], [ -108.706, 40.579 ], [ -108.689, 40.571 ], [ -108.686, 40.563 ], [ -108.674, 40.565 ], [ -108.667, 40.561 ], [ -108.657, 40.564 ], [ -108.649, 40.556 ], [ -108.643, 40.559 ], [ -108.629, 40.553 ], [ -108.586, 40.583 ], [ -108.588, 40.594 ], [ -108.58, 40.598 ], [ -108.583, 40.607 ], [ -108.576, 40.61 ], [ -108.569, 40.607 ], [ -108.546, 40.624 ], [ -108.551, 40.63 ], [ -108.552, 40.649 ], [ -108.547, 40.655 ], [ -108.542, 40.654 ], [ -108.538, 40.671 ], [ -108.551, 40.678 ], [ -108.555, 40.692 ], [ -108.56, 40.694 ], [ -108.556, 40.706 ], [ -108.55, 40.708 ], [ -108.551, 40.716 ], [ -108.581, 40.734 ], [ -108.595, 40.733 ], [ -108.604, 40.74 ], [ -108.61, 40.738 ], [ -108.611, 40.745 ], [ -108.627, 40.755 ], [ -108.62, 40.766 ], [ -108.62, 40.776 ], [ -108.628, 40.781 ], [ -108.612, 40.79 ], [ -108.617, 40.798 ], [ -108.611, 40.808 ], [ -108.583, 40.816 ], [ -108.579, 40.839 ], [ -108.544, 40.847 ], [ -108.526, 40.837 ], [ -108.513, 40.839 ], [ -108.507, 40.842 ], [ -108.506, 40.857 ], [ -108.471, 40.869 ], [ -108.425, 40.9 ], [ -108.413, 40.926 ], [ -108.427, 40.938 ], [ -108.415, 40.954 ], [ -108.42, 40.958 ], [ -108.415, 40.975 ], [ -108.417, 40.992 ], [ -108.404, 41.0 ], [ -106.859, 41.003 ] ] ] } },
{ "type": "Feature", "properties": { "id": "110200" }, "geometry": { "type": "Polygon", "coordinates": [ [ [ -106.153, 39.363 ], [ -106.14, 39.339 ], [ -106.151, 39.321 ], [ -106.17, 39.322 ], [ -106.177, 39.311 ], [ -106.184, 39.31 ], [ -106.181, 39.299 ], [ -106.187, 39.279 ], [ -106.18, 39.261 ], [ -106.185, 39.243 ], [ -106.169, 39.231 ], [ -106.185, 39.209 ], [ -106.179, 39.198 ], [ -106.185, 39.186 ], [ -106.178, 39.175 ], [ -106.173, 39.138 ], [ -106.186, 39.129 ], [ -106.189, 39.121 ], [ -106.204, 39.116 ], [ -106.21, 39.103 ], [ -106.178, 39.103 ], [ -106.169, 39.088 ], [ -106.192, 39.067 ], [ -106.183, 39.04 ], [ -106.192, 39.029 ], [ -106.193, 39.018 ], [ -106.179, 39.011 ], [ -106.169, 38.993 ], [ -106.146, 38.998 ], [ -106.109, 38.987 ], [ -106.105, 38.973 ], [ -106.114, 38.956 ], [ -106.114, 38.941 ], [ -106.094, 38.937 ], [ -106.085, 38.939 ], [ -106.065, 38.932 ], [ -106.054, 38.943 ], [ -106.028, 38.943 ], [ -105.999, 38.916 ], [ -105.986, 38.918 ], [ -105.977, 38.915 ], [ -105.977, 38.911 ], [ -105.966, 38.906 ], [ -105.979, 38.895 ], [ -105.974, 38.883 ], [ -105.942, 38.886 ], [ -105.925, 38.872 ], [ -105.943, 38.853 ], [ -105.942, 38.84 ], [ -105.909, 38.809 ], [ -105.899, 38.808 ], [ -105.867, 38.816 ], [ -105.851, 38.815 ], [ -105.837, 38.803 ], [ -105.81, 38.806 ], [ -105.805, 38.796 ], [ -105.784, 38.783 ], [ -105.763, 38.786 ], [ -105.755, 38.778 ], [ -105.756, 38.773 ], [ -105.735, 38.762 ], [ -105.736, 38.758 ], [ -105.72, 38.762 ], [ -105.695, 38.753 ], [ -105.689, 38.757 ], [ -105.691, 38.777 ], [ -105.679, 38.781 ], [ -105.677, 38.787 ], [ -105.685, 38.795 ], [ -105.686, 38.81 ], [ -105.656, 38.816 ], [ -105.651, 38.832 ], [ -105.645, 38.83 ], [ -105.632, 38.843 ], [ -105.604, 38.844 ], [ -105.597, 38.831 ], [ -105.575, 38.827 ], [ -105.538, 38.837 ], [ -105.476, 38.837 ], [ -105.467, 38.832 ], [ -105.443, 38.849 ], [ -105.417, 38.85 ], [ -105.408, 38.862 ], [ -105.384, 38.861 ], [ -105.352, 38.886 ], [ -105.34, 38.886 ], [ -105.335, 38.873 ], [ -105.315, 38.877 ], [ -105.308, 38.883 ], [ -105.297, 38.873 ], [ -105.277, 38.888 ], [ -105.274, 38.884 ], [ -105.257, 38.883 ], [ -105.255, 38.879 ], [ -105.244, 38.879 ], [ -105.235, 38.883 ], [ -105.223, 38.881 ], [ -105.211, 38.894 ], [ -105.201, 38.896 ], [ -105.179, 38.893 ], [ -105.156, 38.901 ], [ -105.147, 38.901 ], [ -105.138, 38.894 ], [ -105.127, 38.896 ], [ -105.124, 38.909 ], [ -105.107, 38.925 ], [ -105.104, 38.935 ], [ -105.079, 38.95 ], [ -105.08, 38.96 ], [ -105.064, 38.978 ], [ -105.072, 38.992 ], [ -105.034, 39.004 ], [ -105.025, 38.999 ], [ -105.015, 39.003 ], [ -105.01, 39.028 ], [ -105.022, 39.051 ], [ -105.018, 39.057 ], [ -105.024, 39.063 ], [ -105.028, 39.088 ], [ -105.021, 39.097 ], [ -105.025, 39.105 ], [ -105.013, 39.119 ], [ -105.003, 39.12 ], [ -104.999, 39.127 ], [ -104.973, 39.125 ], [ -104.969, 39.13 ], [ -104.954, 39.13 ], [ -104.941, 39.139 ], [ -104.935, 39.129 ], [ -104.916, 39.119 ], [ -104.871, 39.126 ], [ -104.863, 39.12 ], [ -104.842, 39.122 ], [ -104.811, 39.104 ], [ -104.816, 39.09 ], [ -104.802, 39.087 ], [ -104.8, 39.074 ], [ -104.778, 39.072 ], [ -104.764, 39.065 ], [ -104.74, 39.069 ], [ -104.738, 39.061 ], [ -104.723, 39.049 ], [ -104.723, 39.044 ], [ -104.717, 39.04 ], [ -104.709, 39.045 ], [ -104.682, 39.037 ], [ -104.664, 39.026 ], [ -104.633, 39.046 ], [ -104.63, 39.04 ], [ -104.619, 39.038 ], [ -104.581, 39.06 ], [ -104.55, 39.072 ], [ -104.537, 39.07 ], [ -104.528, 39.079 ], [ -104.52, 39.075 ], [ -104.51, 39.079 ], [ -104.503, 39.078 ], [ -104.488, 39.086 ], [ -104.467, 39.076 ], [ -104.449, 39.084 ], [ -104.444, 39.091 ], [ -104.428, 39.091 ], [ -104.423, 39.103 ], [ -104.41, 39.115 ], [ -104.388, 39.113 ], [ -104.367, 39.122 ], [ -104.359, 39.121 ], [ -104.343, 39.135 ], [ -104.326, 39.134 ], [ -104.315, 39.124 ], [ -104.299, 39.119 ], [ -104.286, 39.126 ], [ -104.284, 39.139 ], [ -104.275, 39.135 ], [ -104.265, 39.137 ], [ -104.262, 39.144 ], [ -104.245, 39.147 ], [ -104.229, 39.161 ], [ -104.217, 39.154 ], [ -104.212, 39.156 ], [ -104.201, 39.151 ], [ -104.2, 39.155 ], [ -104.183, 39.156 ], [ -104.166, 39.152 ], [ -104.152, 39.16 ], [ -104.145, 39.16 ], [ -104.138, 39.169 ], [ -104.129, 39.17 ], [ -104.119, 39.18 ], [ -104.077, 39.191 ], [ -104.072, 39.209 ], [ -104.061, 39.206 ], [ -104.057, 39.208 ], [ -104.047, 39.202 ], [ -104.028, 39.206 ], [ -104.002, 39.223 ], [ -103.997, 39.232 ], [ -103.989, 39.233 ], [ -103.976, 39.254 ], [ -103.972, 39.275 ], [ -103.977, 39.286 ], [ -103.971, 39.296 ], [ -103.921, 39.303 ], [ -103.915, 39.309 ], [ -103.909, 39.308 ], [ -103.907, 39.314 ], [ -103.899, 39.314 ], [ -103.895, 39.321 ], [ -103.875, 39.317 ], [ -103.866, 39.35 ], [ -103.862, 39.349 ], [ -103.852, 39.359 ], [ -103.84, 39.362 ], [ -103.829, 39.357 ], [ -103.821, 39.362 ], [ -103.816, 39.359 ], [ -103.812, 39.366 ], [ -103.786, 39.372 ], [ -103.771, 39.373 ], [ -103.754, 39.36 ], [ -103.745, 39.359 ], [ -103.704, 39.373 ], [ -103.685, 39.372 ], [ -103.639, 39.351 ], [ -103.628, 39.336 ], [ -103.616, 39.334 ], [ -103.603, 39.303 ], [ -103.568, 39.289 ], [ -103.558, 39.276 ], [ -103.521, 39.274 ], [ -103.512, 39.278 ], [ -103.459, 39.256 ], [ -103.446, 39.24 ], [ -103.414, 39.241 ], [ -103.389, 39.215 ], [ -103.375, 39.216 ], [ -103.365, 39.211 ], [ -103.365, 39.216 ], [ -103.351, 39.218 ], [ -103.335, 39.179 ], [ -103.312, 39.167 ], [ -103.317, 39.153 ], [ -103.305, 39.132 ], [ -103.299, 39.126 ], [ -103.29, 39.127 ], [ -103.271, 39.117 ], [ -103.265, 39.118 ], [ -103.246, 39.08 ], [ -103.232, 39.073 ], [ -103.215, 39.078 ], [ -103.197, 39.058 ], [ -103.174, 39.053 ], [ -103.153, 39.06 ], [ -103.139, 39.053 ], [ -103.129, 39.039 ], [ -103.109, 39.053 ], [ -103.09, 39.056 ], [ -103.085, 39.042 ], [ -103.067, 39.032 ], [ -103.042, 39.037 ], [ -103.022, 39.034 ], [ -103.017, 39.038 ], [ -103.0, 39.038 ], [ -102.993, 39.042 ], [ -102.984, 39.036 ], [ -102.966, 39.035 ], [ -102.959, 39.044 ], [ -102.946, 39.05 ], [ -102.929, 39.034 ], [ -102.923, 39.038 ], [ -102.914, 39.032 ], [ -102.9, 39.043 ], [ -102.877, 39.039 ], [ -102.871, 39.029 ], [ -102.862, 39.037 ], [ -102.842, 39.034 ], [ -102.826, 39.045 ], [ -102.813, 39.043 ], [ -102.806, 39.03 ], [ -102.794, 39.026 ], [ -102.784, 39.016 ], [ -102.77, 39.011 ], [ -102.755, 39.009 ], [ -102.741, 38.997 ], [ -102.728, 38.999 ], [ -102.694, 38.992 ], [ -102.688, 38.995 ], [ -102.676, 38.972 ], [ -102.639, 38.971 ], [ -102.631, 38.966 ], [ -102.618, 38.975 ], [ -102.612, 38.963 ], [ -102.599, 38.962 ], [ -102.597, 38.952 ], [ -102.59, 38.952 ], [ -102.575, 38.932 ], [ -102.56, 38.932 ], [ -102.549, 38.916 ], [ -102.543, 38.917 ], [ -102.535, 38.91 ], [ -102.534, 38.904 ], [ -102.544, 38.895 ], [ -102.542, 38.881 ], [ -102.549, 38.872 ], [ -102.542, 38.859 ], [ -102.542, 38.822 ], [ -102.549, 38.812 ], [ -102.55, 38.791 ], [ -102.562, 38.783 ], [ -102.562, 38.771 ], [ -102.522, 38.719 ], [ -102.492, 38.713 ], [ -102.481, 38.687 ], [ -102.465, 38.68 ], [ -102.458, 38.666 ], [ -102.436, 38.655 ], [ -102.407, 38.604 ], [ -102.393, 38.592 ], [ -102.398, 38.58 ], [ -102.384, 38.577 ], [ -102.366, 38.558 ], [ -102.342, 38.543 ], [ -102.339, 38.527 ], [ -102.323, 38.512 ], [ -102.323, 38.5 ], [ -102.309, 38.477 ], [ -102.318, 38.466 ], [ -102.32, 38.447 ], [ -102.339, 38.429 ], [ -102.336, 38.392 ], [ -102.309, 38.37 ], [ -102.295, 38.369 ], [ -102.274, 38.376 ], [ -102.195, 38.378 ], [ -102.183, 38.387 ], [ -102.155, 38.394 ], [ -102.116, 38.386 ], [ -102.118, 38.377 ], [ -102.109, 38.371 ], [ -102.062, 38.374 ], [ -102.045, 38.345 ], [ -102.047, 38.033 ], [ -102.058, 38.012 ], [ -102.078, 38.009 ], [ -102.097, 37.98 ], [ -102.103, 37.979 ], [ -102.11, 37.969 ], [ -102.122, 37.926 ], [ -102.141, 37.885 ], [ -102.149, 37.879 ], [ -102.158, 37.834 ], [ -102.154, 37.824 ], [ -102.164, 37.815 ], [ -102.167, 37.803 ], [ -102.178, 37.792 ], [ -102.19, 37.788 ], [ -102.209, 37.766 ], [ -102.217, 37.736 ], [ -102.227, 37.724 ], [ -102.248, 37.713 ], [ -102.255, 37.703 ], [ -102.269, 37.703 ], [ -102.309, 37.677 ], [ -102.319, 37.679 ], [ -102.333, 37.66 ], [ -102.36, 37.671 ], [ -102.366, 37.662 ], [ -102.378, 37.656 ], [ -102.389, 37.657 ], [ -102.402, 37.647 ], [ -102.44, 37.654 ], [ -102.449, 37.645 ], [ -102.458, 37.644 ], [ -102.469, 37.631 ], [ -102.503, 37.622 ], [ -102.507, 37.615 ], [ -102.543, 37.614 ], [ -102.58, 37.606 ], [ -102.599, 37.613 ], [ -102.635, 37.609 ], [ -102.661, 37.614 ], [ -102.677, 37.603 ], [ -102.699, 37.606 ], [ -102.732, 37.6 ], [ -102.746, 37.587 ], [ -102.758, 37.587 ], [ -102.777, 37.576 ], [ -102.787, 37.559 ], [ -102.796, 37.558 ], [ -102.808, 37.548 ], [ -102.831, 37.522 ], [ -102.854, 37.518 ], [ -102.866, 37.503 ], [ -102.881, 37.502 ], [ -102.894, 37.492 ], [ -102.917, 37.486 ], [ -102.924, 37.464 ], [ -102.963, 37.451 ], [ -102.963, 37.44 ], [ -102.974, 37.424 ], [ -102.972, 37.415 ], [ -102.978, 37.409 ], [ -102.977, 37.401 ], [ -103.014, 37.387 ], [ -103.018, 37.37 ], [ -103.033, 37.365 ], [ -103.047, 37.342 ], [ -103.055, 37.34 ], [ -103.063, 37.343 ], [ -103.074, 37.338 ], [ -103.098, 37.337 ], [ -103.107, 37.325 ], [ -103.112, 37.326 ], [ -103.119, 37.306 ], [ -103.129, 37.301 ], [ -103.14, 37.304 ], [ -103.145, 37.295 ], [ -103.161, 37.286 ], [ -103.168, 37.271 ], [ -103.19, 37.274 ], [ -103.209, 37.284 ], [ -103.235, 37.277 ], [ -103.249, 37.288 ], [ -103.263, 37.283 ], [ -103.285, 37.288 ], [ -103.296, 37.273 ], [ -103.303, 37.287 ], [ -103.311, 37.286 ], [ -103.33, 37.275 ], [ -103.343, 37.255 ], [ -103.357, 37.254 ], [ -103.377, 37.235 ], [ -103.389, 37.236 ], [ -103.398, 37.23 ], [ -103.4, 37.221 ], [ -103.422, 37.222 ], [ -103.448, 37.214 ], [ -103.463, 37.19 ], [ -103.483, 37.187 ], [ -103.489, 37.195 ], [ -103.496, 37.196 ], [ -103.512, 37.186 ], [ -103.531, 37.18 ], [ -103.531, 37.172 ], [ -103.525, 37.164 ], [ -103.559, 37.159 ], [ -103.583, 37.163 ], [ -103.601, 37.15 ], [ -103.606, 37.133 ], [ -103.603, 37.127 ], [ -103.608, 37.123 ], [ -103.653, 37.137 ], [ -103.666, 37.136 ], [ -103.679, 37.142 ], [ -103.691, 37.139 ], [ -103.706, 37.121 ], [ -103.726, 37.119 ], [ -103.723, 37.115 ], [ -103.733, 37.109 ], [ -103.74, 37.086 ], [ -103.734, 37.068 ], [ -103.736, 37.06 ], [ -103.746, 37.054 ], [ -103.747, 37.038 ], [ -103.761, 37.028 ], [ -103.783, 37.025 ], [ -103.799, 37.031 ], [ -103.816, 37.016 ], [ -103.844, 37.003 ], [ -103.847, 36.997 ], [ -104.294, 36.995 ], [ -104.3, 37.001 ], [ -104.322, 37.003 ], [ -104.332, 37.011 ], [ -104.329, 37.033 ], [ -104.341, 37.048 ], [ -104.349, 37.047 ], [ -104.348, 37.042 ], [ -104.357, 37.035 ], [ -104.371, 37.033 ], [ -104.39, 37.04 ], [ -104.414, 37.04 ], [ -104.438, 37.047 ], [ -104.426, 37.011 ], [ -104.435, 36.994 ], [ -104.507, 36.994 ], [ -104.523, 37.002 ], [ -104.551, 36.994 ], [ -104.994, 36.993 ], [ -105.051, 37.007 ], [ -105.068, 37.019 ], [ -105.109, 37.028 ], [ -105.121, 37.039 ], [ -105.134, 37.041 ], [ -105.142, 37.053 ], [ -105.164, 37.058 ], [ -105.178, 37.056 ], [ -105.192, 37.062 ], [ -105.198, 37.07 ], [ -105.211, 37.072 ], [ -105.208, 37.088 ], [ -105.191, 37.094 ], [ -105.188, 37.107 ], [ -105.182, 37.112 ], [ -105.187, 37.117 ], [ -105.186, 37.122 ], [ -105.174, 37.126 ], [ -105.175, 37.14 ], [ -105.166, 37.159 ], [ -105.167, 37.171 ], [ -105.173, 37.172 ], [ -105.165, 37.186 ], [ -105.167, 37.207 ], [ -105.159, 37.224 ], [ -105.161, 37.231 ], [ -105.153, 37.238 ], [ -105.16, 37.282 ], [ -105.165, 37.285 ], [ -105.167, 37.388 ], [ -105.156, 37.399 ], [ -105.138, 37.401 ], [ -105.13, 37.409 ], [ -105.14, 37.416 ], [ -105.141, 37.429 ], [ -105.145, 37.429 ], [ -105.156, 37.457 ], [ -105.163, 37.454 ], [ -105.176, 37.457 ], [ -105.177, 37.475 ], [ -105.182, 37.479 ], [ -105.175, 37.485 ], [ -105.178, 37.491 ], [ -105.172, 37.5 ], [ -105.172, 37.518 ], [ -105.184, 37.54 ], [ -105.179, 37.548 ], [ -105.196, 37.57 ], [ -105.219, 37.583 ], [ -105.203, 37.595 ], [ -105.193, 37.592 ], [ -105.196, 37.609 ], [ -105.184, 37.616 ], [ -105.215, 37.627 ], [ -105.221, 37.621 ], [ -105.236, 37.621 ], [ -105.243, 37.629 ], [ -105.253, 37.631 ], [ -105.255, 37.64 ], [ -105.267, 37.639 ], [ -105.285, 37.646 ], [ -105.297, 37.658 ], [ -105.355, 37.636 ], [ -105.37, 37.64 ], [ -105.4, 37.614 ], [ -105.409, 37.618 ], [ -105.441, 37.612 ], [ -105.458, 37.588 ], [ -105.483, 37.578 ], [ -105.493, 37.583 ], [ -105.501, 37.599 ], [ -105.493, 37.601 ], [ -105.499, 37.615 ], [ -105.492, 37.625 ], [ -105.487, 37.653 ], [ -105.477, 37.666 ], [ -105.48, 37.698 ], [ -105.477, 37.708 ], [ -105.454, 37.724 ], [ -105.453, 37.741 ], [ -105.46, 37.753 ], [ -105.45, 37.771 ], [ -105.455, 37.796 ], [ -105.435, 37.806 ], [ -105.436, 37.828 ], [ -105.429, 37.851 ], [ -105.441, 37.87 ], [ -105.458, 37.88 ], [ -105.478, 37.88 ], [ -105.473, 37.897 ], [ -105.503, 37.924 ], [ -105.511, 37.939 ], [ -105.531, 37.954 ], [ -105.543, 37.956 ], [ -105.552, 37.95 ], [ -105.559, 37.951 ], [ -105.584, 37.967 ], [ -105.582, 37.979 ], [ -105.605, 38.005 ], [ -105.597, 38.013 ], [ -105.603, 38.031 ], [ -105.613, 38.038 ], [ -105.618, 38.053 ], [ -105.628, 38.057 ], [ -105.627, 38.067 ], [ -105.636, 38.071 ], [ -105.661, 38.1 ], [ -105.658, 38.117 ], [ -105.673, 38.136 ], [ -105.673, 38.159 ], [ -105.687, 38.167 ], [ -105.699, 38.168 ], [ -105.736, 38.209 ], [ -105.756, 38.219 ], [ -105.76, 38.229 ], [ -105.788, 38.242 ], [ -105.8, 38.27 ], [ -105.819, 38.274 ], [ -105.841, 38.292 ], [ -105.848, 38.291 ], [ -105.867, 38.306 ], [ -105.894, 38.346 ], [ -105.921, 38.368 ], [ -105.944, 38.378 ], [ -105.951, 38.394 ], [ -105.984, 38.42 ], [ -105.997, 38.42 ], [ -106.019, 38.454 ], [ -106.043, 38.458 ], [ -106.051, 38.454 ], [ -106.059, 38.456 ], [ -106.058, 38.444 ], [ -106.075, 38.425 ], [ -106.086, 38.424 ], [ -106.096, 38.414 ], [ -106.115, 38.404 ], [ -106.108, 38.38 ], [ -106.134, 38.368 ], [ -106.143, 38.356 ], [ -106.142, 38.351 ], [ -106.152, 38.356 ], [ -106.157, 38.353 ], [ -106.16, 38.343 ], [ -106.18, 38.341 ], [ -106.193, 38.348 ], [ -106.206, 38.333 ], [ -106.222, 38.328 ], [ -106.23, 38.34 ], [ -106.247, 38.342 ], [ -106.253, 38.348 ], [ -106.244, 38.352 ], [ -106.237, 38.369 ], [ -106.237, 38.38 ], [ -106.253, 38.4 ], [ -106.244, 38.419 ], [ -106.25, 38.433 ], [ -106.246, 38.439 ], [ -106.27, 38.445 ], [ -106.272, 38.455 ], [ -106.281, 38.454 ], [ -106.288, 38.461 ], [ -106.29, 38.473 ], [ -106.304, 38.478 ], [ -106.312, 38.495 ], [ -106.32, 38.498 ], [ -106.33, 38.494 ], [ -106.344, 38.504 ], [ -106.348, 38.513 ], [ -106.343, 38.521 ], [ -106.354, 38.534 ], [ -106.355, 38.543 ], [ -106.345, 38.569 ], [ -106.361, 38.595 ], [ -106.364, 38.615 ], [ -106.386, 38.625 ], [ -106.38, 38.639 ], [ -106.401, 38.64 ], [ -106.402, 38.646 ], [ -106.418, 38.645 ], [ -106.43, 38.651 ], [ -106.438, 38.683 ], [ -106.452, 38.698 ], [ -106.444, 38.709 ], [ -106.425, 38.71 ], [ -106.417, 38.728 ], [ -106.42, 38.751 ], [ -106.415, 38.757 ], [ -106.419, 38.766 ], [ -106.413, 38.791 ], [ -106.423, 38.808 ], [ -106.415, 38.816 ], [ -106.416, 38.824 ], [ -106.407, 38.829 ], [ -106.397, 38.823 ], [ -106.384, 38.825 ], [ -106.382, 38.833 ], [ -106.365, 38.846 ], [ -106.365, 38.853 ], [ -106.349, 38.855 ], [ -106.349, 38.865 ], [ -106.336, 38.872 ], [ -106.334, 38.881 ], [ -106.328, 38.882 ], [ -106.321, 38.893 ], [ -106.326, 38.911 ], [ -106.345, 38.907 ], [ -106.358, 38.913 ], [ -106.373, 38.907 ], [ -106.381, 38.926 ], [ -106.392, 38.919 ], [ -106.394, 38.912 ], [ -106.402, 38.911 ], [ -106.421, 38.928 ], [ -106.431, 38.924 ], [ -106.437, 38.915 ], [ -106.465, 38.91 ], [ -106.504, 38.937 ], [ -106.507, 38.946 ], [ -106.527, 38.955 ], [ -106.522, 38.969 ], [ -106.528, 38.981 ], [ -106.551, 38.992 ], [ -106.554, 38.999 ], [ -106.577, 38.99 ], [ -106.595, 38.991 ], [ -106.599, 38.998 ], [ -106.591, 39.026 ], [ -106.6, 39.035 ], [ -106.597, 39.045 ], [ -106.578, 39.052 ], [ -106.577, 39.079 ], [ -106.585, 39.084 ], [ -106.586, 39.096 ], [ -106.576, 39.104 ], [ -106.564, 39.106 ], [ -106.565, 39.113 ], [ -106.558, 39.121 ], [ -106.565, 39.133 ], [ -106.559, 39.144 ], [ -106.562, 39.155 ], [ -106.552, 39.162 ], [ -106.539, 39.158 ], [ -106.535, 39.163 ], [ -106.521, 39.157 ], [ -106.511, 39.163 ], [ -106.508, 39.178 ], [ -106.5, 39.183 ], [ -106.494, 39.198 ], [ -106.49, 39.228 ], [ -106.499, 39.235 ], [ -106.498, 39.242 ], [ -106.481, 39.26 ], [ -106.483, 39.273 ], [ -106.49, 39.273 ], [ -106.504, 39.285 ], [ -106.503, 39.298 ], [ -106.476, 39.315 ], [ -106.468, 39.307 ], [ -106.451, 39.316 ], [ -106.433, 39.316 ], [ -106.427, 39.323 ], [ -106.435, 39.347 ], [ -106.428, 39.361 ], [ -106.4, 39.381 ], [ -106.381, 39.376 ], [ -106.372, 39.362 ], [ -106.36, 39.356 ], [ -106.351, 39.354 ], [ -106.312, 39.362 ], [ -106.284, 39.35 ], [ -106.259, 39.362 ], [ -106.251, 39.358 ], [ -106.227, 39.374 ], [ -106.226, 39.381 ], [ -106.217, 39.383 ], [ -106.21, 39.382 ], [ -106.198, 39.368 ], [ -106.173, 39.369 ], [ -106.162, 39.362 ], [ -106.153, 39.363 ] ] ] } },
{ "type": "Feature", "properties": { "id": "110400" }, "geometry": { "type": "MultiPolygon", "coordinates": [ [ [ [ -103.891, 36.997 ], [ -103.885, 36.998 ], [ -103.883, 36.997 ], [ -103.891, 36.997 ] ] ], [ [ [ -102.078, 37.9 ], [ -102.064, 37.903 ], [ -102.043, 37.893 ], [ -102.042, 36.993 ], [ -103.847, 36.997 ], [ -103.844, 37.003 ], [ -103.816, 37.016 ], [ -103.799, 37.031 ], [ -103.783, 37.025 ], [ -103.761, 37.028 ], [ -103.747, 37.038 ], [ -103.746, 37.054 ], [ -103.736, 37.06 ], [ -103.734, 37.068 ], [ -103.74, 37.086 ], [ -103.733, 37.109 ], [ -103.723, 37.115 ], [ -103.726, 37.119 ], [ -103.706, 37.121 ], [ -103.691, 37.139 ], [ -103.679, 37.142 ], [ -103.666, 37.136 ], [ -103.653, 37.137 ], [ -103.608, 37.123 ], [ -103.603, 37.127 ], [ -103.606, 37.133 ], [ -103.601, 37.15 ], [ -103.583, 37.163 ], [ -103.559, 37.159 ], [ -103.525, 37.164 ], [ -103.531, 37.172 ], [ -103.531, 37.18 ], [ -103.512, 37.186 ], [ -103.496, 37.196 ], [ -103.489, 37.195 ], [ -103.483, 37.187 ], [ -103.463, 37.19 ], [ -103.448, 37.214 ], [ -103.422, 37.222 ], [ -103.4, 37.221 ], [ -103.398, 37.23 ], [ -103.389, 37.236 ], [ -103.377, 37.235 ], [ -103.357, 37.254 ], [ -103.343, 37.255 ], [ -103.33, 37.275 ], [ -103.311, 37.286 ], [ -103.303, 37.287 ], [ -103.296, 37.273 ], [ -103.285, 37.288 ], [ -103.263, 37.283 ], [ -103.249, 37.288 ], [ -103.235, 37.277 ], [ -103.209, 37.284 ], [ -103.19, 37.274 ], [ -103.168, 37.271 ], [ -103.161, 37.286 ], [ -103.145, 37.295 ], [ -103.14, 37.304 ], [ -103.129, 37.301 ], [ -103.119, 37.306 ], [ -103.112, 37.326 ], [ -103.107, 37.325 ], [ -103.098, 37.337 ], [ -103.074, 37.338 ], [ -103.063, 37.343 ], [ -103.055, 37.34 ], [ -103.047, 37.342 ], [ -103.033, 37.365 ], [ -103.018, 37.37 ], [ -103.014, 37.387 ], [ -102.977, 37.401 ], [ -102.978, 37.409 ], [ -102.972, 37.415 ], [ -102.974, 37.424 ], [ -102.963, 37.44 ], [ -102.963, 37.451 ], [ -102.924, 37.464 ], [ -102.917, 37.486 ], [ -102.894, 37.492 ], [ -102.881, 37.502 ], [ -102.866, 37.503 ], [ -102.854, 37.518 ], [ -102.831, 37.522 ], [ -102.808, 37.548 ], [ -102.796, 37.558 ], [ -102.787, 37.559 ], [ -102.777, 37.576 ], [ -102.758, 37.587 ], [ -102.746, 37.587 ], [ -102.732, 37.6 ], [ -102.699, 37.606 ], [ -102.677, 37.603 ], [ -102.661, 37.614 ], [ -102.635, 37.609 ], [ -102.599, 37.613 ], [ -102.58, 37.606 ], [ -102.543, 37.614 ], [ -102.507, 37.615 ], [ -102.503, 37.622 ], [ -102.469, 37.631 ], [ -102.458, 37.644 ], [ -102.449, 37.645 ], [ -102.44, 37.654 ], [ -102.402, 37.647 ], [ -102.389, 37.657 ], [ -102.378, 37.656 ], [ -102.366, 37.662 ], [ -102.36, 37.671 ], [ -102.333, 37.66 ], [ -102.319, 37.679 ], [ -102.309, 37.677 ], [ -102.269, 37.703 ], [ -102.255, 37.703 ], [ -102.248, 37.713 ], [ -102.224, 37.727 ], [ -102.209, 37.766 ], [ -102.19, 37.788 ], [ -102.167, 37.802 ], [ -102.164, 37.815 ], [ -102.154, 37.824 ], [ -102.158, 37.834 ], [ -102.153, 37.851 ], [ -102.133, 37.882 ], [ -102.124, 37.886 ], [ -102.109, 37.91 ], [ -102.097, 37.913 ], [ -102.091, 37.91 ], [ -102.078, 37.9 ] ] ] ] } },
{ "type": "Feature", "properties": { "id": "140300" }, "geometry": { "type": "MultiPolygon", "coordinates": [ [ [ [ -108.822, 39.095 ], [ -108.795, 39.093 ], [ -108.79, 39.077 ], [ -108.781, 39.068 ], [ -108.766, 39.064 ], [ -108.771, 39.056 ], [ -108.75, 39.043 ], [ -108.755, 39.015 ], [ -108.742, 39.014 ], [ -108.74, 39.007 ], [ -108.733, 39.009 ], [ -108.723, 39.0 ], [ -108.713, 38.998 ], [ -108.709, 38.99 ], [ -108.715, 38.972 ], [ -108.701, 38.962 ], [ -108.704, 38.952 ], [ -108.712, 38.948 ], [ -108.708, 38.942 ], [ -108.72, 38.926 ], [ -108.725, 38.909 ], [ -108.737, 38.896 ], [ -108.762, 38.882 ], [ -108.777, 38.843 ], [ -108.773, 38.837 ], [ -108.767, 38.84 ], [ -108.749, 38.836 ], [ -108.737, 38.838 ], [ -108.73, 38.846 ], [ -108.718, 38.843 ], [ -108.705, 38.854 ], [ -108.688, 38.85 ], [ -108.685, 38.825 ], [ -108.702, 38.806 ], [ -108.7, 38.798 ], [ -108.684, 38.802 ], [ -108.681, 38.795 ], [ -108.658, 38.804 ], [ -108.659, 38.796 ], [ -108.646, 38.778 ], [ -108.649, 38.769 ], [ -108.674, 38.761 ], [ -108.632, 38.753 ], [ -108.62, 38.746 ], [ -108.645, 38.717 ], [ -108.645, 38.71 ], [ -108.654, 38.71 ], [ -108.662, 38.7 ], [ -108.689, 38.696 ], [ -108.718, 38.679 ], [ -108.707, 38.669 ], [ -108.701, 38.654 ], [ -108.691, 38.651 ], [ -108.69, 38.642 ], [ -108.667, 38.624 ], [ -108.663, 38.607 ], [ -108.672, 38.601 ], [ -108.645, 38.59 ], [ -108.651, 38.574 ], [ -108.644, 38.551 ], [ -108.621, 38.548 ], [ -108.615, 38.53 ], [ -108.594, 38.518 ], [ -108.587, 38.5 ], [ -108.568, 38.478 ], [ -108.555, 38.475 ], [ -108.538, 38.458 ], [ -108.498, 38.472 ], [ -108.462, 38.462 ], [ -108.454, 38.447 ], [ -108.441, 38.447 ], [ -108.442, 38.439 ], [ -108.425, 38.42 ], [ -108.39, 38.414 ], [ -108.383, 38.418 ], [ -108.377, 38.412 ], [ -108.336, 38.405 ], [ -108.273, 38.376 ], [ -108.254, 38.363 ], [ -108.222, 38.319 ], [ -108.201, 38.315 ], [ -108.184, 38.325 ], [ -108.178, 38.319 ], [ -108.164, 38.318 ], [ -108.173, 38.306 ], [ -108.155, 38.302 ], [ -108.13, 38.313 ], [ -108.123, 38.306 ], [ -108.121, 38.274 ], [ -108.106, 38.273 ], [ -108.095, 38.281 ], [ -108.091, 38.275 ], [ -108.084, 38.277 ], [ -108.078, 38.274 ], [ -108.08, 38.255 ], [ -108.072, 38.254 ], [ -108.049, 38.261 ], [ -108.037, 38.258 ], [ -108.043, 38.23 ], [ -108.035, 38.222 ], [ -108.018, 38.232 ], [ -107.999, 38.236 ], [ -107.986, 38.234 ], [ -107.985, 38.227 ], [ -107.973, 38.232 ], [ -107.964, 38.23 ], [ -107.968, 38.223 ], [ -107.943, 38.212 ], [ -107.933, 38.196 ], [ -107.941, 38.188 ], [ -107.94, 38.177 ], [ -107.967, 38.162 ], [ -107.968, 38.144 ], [ -107.95, 38.143 ], [ -107.95, 38.133 ], [ -107.946, 38.134 ], [ -107.952, 38.11 ], [ -107.936, 38.118 ], [ -107.931, 38.111 ], [ -107.922, 38.12 ], [ -107.904, 38.115 ], [ -107.9, 38.118 ], [ -107.889, 38.109 ], [ -107.889, 38.088 ], [ -107.896, 38.073 ], [ -107.888, 38.045 ], [ -107.9, 38.026 ], [ -107.891, 38.025 ], [ -107.89, 38.013 ], [ -107.883, 38.007 ], [ -107.862, 38.009 ], [ -107.842, 38.006 ], [ -107.848, 37.992 ], [ -107.796, 37.988 ], [ -107.78, 37.962 ], [ -107.761, 37.96 ], [ -107.749, 37.953 ], [ -107.733, 37.93 ], [ -107.741, 37.901 ], [ -107.756, 37.89 ], [ -107.761, 37.877 ], [ -107.783, 37.868 ], [ -107.78, 37.849 ], [ -107.785, 37.847 ], [ -107.783, 37.841 ], [ -107.79, 37.837 ], [ -107.797, 37.823 ], [ -107.809, 37.824 ], [ -107.829, 37.812 ], [ -107.825, 37.805 ], [ -107.829, 37.799 ], [ -107.822, 37.796 ], [ -107.841, 37.774 ], [ -107.861, 37.775 ], [ -107.869, 37.767 ], [ -107.87, 37.763 ], [ -107.862, 37.756 ], [ -107.876, 37.739 ], [ -107.873, 37.722 ], [ -107.878, 37.716 ], [ -107.903, 37.719 ], [ -107.912, 37.712 ], [ -107.929, 37.71 ], [ -107.937, 37.703 ], [ -107.953, 37.707 ], [ -107.969, 37.697 ], [ -107.975, 37.684 ], [ -107.957, 37.649 ], [ -107.962, 37.641 ], [ -107.973, 37.639 ], [ -107.975, 37.629 ], [ -107.989, 37.625 ], [ -108.005, 37.607 ], [ -108.014, 37.604 ], [ -108.014, 37.597 ], [ -108.023, 37.591 ], [ -108.02, 37.554 ], [ -108.026, 37.54 ], [ -108.035, 37.533 ], [ -108.031, 37.509 ], [ -108.038, 37.503 ], [ -108.033, 37.465 ], [ -108.044, 37.444 ], [ -108.053, 37.437 ], [ -108.079, 37.439 ], [ -108.073, 37.46 ], [ -108.098, 37.482 ], [ -108.117, 37.491 ], [ -108.137, 37.497 ], [ -108.165, 37.493 ], [ -108.178, 37.499 ], [ -108.206, 37.495 ], [ -108.217, 37.481 ], [ -108.229, 37.48 ], [ -108.25, 37.464 ], [ -108.264, 37.466 ], [ -108.265, 37.458 ], [ -108.303, 37.432 ], [ -108.302, 37.427 ], [ -108.311, 37.42 ], [ -108.329, 37.42 ], [ -108.359, 37.435 ], [ -108.361, 37.427 ], [ -108.384, 37.405 ], [ -108.392, 37.423 ], [ -108.407, 37.428 ], [ -108.414, 37.439 ], [ -108.444, 37.442 ], [ -108.447, 37.436 ], [ -108.458, 37.434 ], [ -108.477, 37.447 ], [ -108.501, 37.453 ], [ -108.509, 37.461 ], [ -108.525, 37.456 ], [ -108.529, 37.462 ], [ -108.542, 37.467 ], [ -108.546, 37.479 ], [ -108.554, 37.48 ], [ -108.553, 37.491 ], [ -108.565, 37.496 ], [ -108.587, 37.491 ], [ -108.583, 37.497 ], [ -108.589, 37.501 ], [ -108.588, 37.514 ], [ -108.595, 37.528 ], [ -108.591, 37.551 ], [ -108.609, 37.56 ], [ -108.601, 37.573 ], [ -108.612, 37.583 ], [ -108.614, 37.593 ], [ -108.633, 37.586 ], [ -108.644, 37.588 ], [ -108.652, 37.597 ], [ -108.655, 37.594 ], [ -108.66, 37.597 ], [ -108.673, 37.589 ], [ -108.691, 37.586 ], [ -108.719, 37.603 ], [ -108.732, 37.595 ], [ -108.752, 37.612 ], [ -108.746, 37.625 ], [ -108.755, 37.63 ], [ -108.759, 37.654 ], [ -108.748, 37.671 ], [ -108.762, 37.675 ], [ -108.773, 37.7 ], [ -108.775, 37.721 ], [ -108.771, 37.745 ], [ -108.757, 37.763 ], [ -108.768, 37.765 ], [ -108.782, 37.787 ], [ -108.789, 37.787 ], [ -108.802, 37.765 ], [ -108.818, 37.757 ], [ -108.829, 37.767 ], [ -108.844, 37.766 ], [ -108.86, 37.776 ], [ -108.869, 37.774 ], [ -108.879, 37.781 ], [ -108.882, 37.81 ], [ -108.855, 37.823 ], [ -108.846, 37.847 ], [ -108.828, 37.858 ], [ -108.837, 37.875 ], [ -108.831, 37.907 ], [ -108.836, 37.91 ], [ -108.835, 37.916 ], [ -108.849, 37.918 ], [ -108.857, 37.912 ], [ -108.867, 37.932 ], [ -108.894, 37.923 ], [ -108.901, 37.926 ], [ -108.907, 37.937 ], [ -108.926, 37.924 ], [ -108.937, 37.934 ], [ -108.957, 37.919 ], [ -108.961, 37.91 ], [ -108.971, 37.908 ], [ -108.982, 37.911 ], [ -108.981, 37.919 ], [ -108.988, 37.921 ], [ -109.002, 37.937 ], [ -109.003, 37.962 ], [ -109.017, 37.955 ], [ -109.032, 37.954 ], [ -109.03, 37.94 ], [ -109.034, 37.931 ], [ -109.042, 37.93 ], [ -109.042, 38.165 ], [ -109.06, 38.275 ], [ -109.06, 38.72 ], [ -109.052, 39.078 ], [ -109.041, 39.074 ], [ -109.035, 39.08 ], [ -109.022, 39.076 ], [ -108.995, 39.078 ], [ -108.982, 39.069 ], [ -108.967, 39.067 ], [ -108.955, 39.057 ], [ -108.938, 39.058 ], [ -108.93, 39.05 ], [ -108.904, 39.063 ], [ -108.889, 39.064 ], [ -108.875, 39.072 ], [ -108.874, 39.078 ], [ -108.851, 39.08 ], [ -108.844, 39.092 ], [ -108.831, 39.097 ], [ -108.822, 39.095 ] ] ], [ [ [ -109.045, 39.351 ], [ -109.04, 39.351 ], [ -109.027, 39.331 ], [ -109.008, 39.292 ], [ -109.014, 39.275 ], [ -109.009, 39.263 ], [ -109.021, 39.25 ], [ -109.025, 39.226 ], [ -109.037, 39.215 ], [ -109.026, 39.198 ], [ -109.032, 39.191 ], [ -109.041, 39.19 ], [ -109.035, 39.175 ], [ -109.051, 39.162 ], [ -109.051, 39.363 ], [ -109.045, 39.351 ] ] ] ] } },
{ "type": "Feature", "properties": { "id": "101800" }, "geometry": { "type": "Polygon", "coordinates": [ [ [ -105.646, 40.997 ], [ -105.661, 40.985 ], [ -105.665, 40.975 ], [ -105.671, 40.976 ], [ -105.729, 40.955 ], [ -105.739, 40.936 ], [ -105.772, 40.916 ], [ -105.775, 40.899 ], [ -105.782, 40.893 ], [ -105.771, 40.878 ], [ -105.779, 40.872 ], [ -105.788, 40.871 ], [ -105.794, 40.852 ], [ -105.783, 40.844 ], [ -105.761, 40.842 ], [ -105.761, 40.833 ], [ -105.755, 40.83 ], [ -105.764, 40.815 ], [ -105.773, 40.811 ], [ -105.774, 40.796 ], [ -105.762, 40.783 ], [ -105.776, 40.779 ], [ -105.774, 40.773 ], [ -105.779, 40.77 ], [ -105.773, 40.764 ], [ -105.778, 40.758 ], [ -105.789, 40.759 ], [ -105.791, 40.742 ], [ -105.813, 40.733 ], [ -105.821, 40.72 ], [ -105.816, 40.69 ], [ -105.838, 40.686 ], [ -105.845, 40.679 ], [ -105.844, 40.66 ], [ -105.831, 40.661 ], [ -105.848, 40.64 ], [ -105.837, 40.631 ], [ -105.829, 40.63 ], [ -105.829, 40.623 ], [ -105.85, 40.609 ], [ -105.855, 40.617 ], [ -105.889, 40.614 ], [ -105.899, 40.628 ], [ -105.915, 40.625 ], [ -105.93, 40.607 ], [ -105.922, 40.575 ], [ -105.909, 40.564 ], [ -105.911, 40.553 ], [ -105.905, 40.536 ], [ -105.911, 40.522 ], [ -105.908, 40.516 ], [ -105.904, 40.514 ], [ -105.88, 40.524 ], [ -105.87, 40.521 ], [ -105.852, 40.507 ], [ -105.852, 40.499 ], [ -105.858, 40.483 ], [ -105.881, 40.476 ], [ -105.892, 40.477 ], [ -105.897, 40.469 ], [ -105.897, 40.449 ], [ -105.904, 40.432 ], [ -105.898, 40.418 ], [ -105.903, 40.401 ], [ -105.921, 40.402 ], [ -105.925, 40.393 ], [ -105.946, 40.385 ], [ -105.947, 40.378 ], [ -105.938, 40.372 ], [ -105.938, 40.366 ], [ -105.954, 40.36 ], [ -105.96, 40.348 ], [ -105.971, 40.35 ], [ -105.986, 40.364 ], [ -106.011, 40.362 ], [ -106.014, 40.373 ], [ -106.019, 40.373 ], [ -106.086, 40.347 ], [ -106.101, 40.354 ], [ -106.134, 40.336 ], [ -106.136, 40.33 ], [ -106.171, 40.344 ], [ -106.189, 40.327 ], [ -106.217, 40.329 ], [ -106.231, 40.323 ], [ -106.266, 40.361 ], [ -106.279, 40.354 ], [ -106.291, 40.358 ], [ -106.299, 40.35 ], [ -106.296, 40.333 ], [ -106.306, 40.328 ], [ -106.322, 40.338 ], [ -106.337, 40.34 ], [ -106.356, 40.359 ], [ -106.385, 40.353 ], [ -106.39, 40.345 ], [ -106.403, 40.345 ], [ -106.422, 40.353 ], [ -106.443, 40.346 ], [ -106.458, 40.359 ], [ -106.466, 40.378 ], [ -106.481, 40.39 ], [ -106.478, 40.405 ], [ -106.49, 40.412 ], [ -106.512, 40.387 ], [ -106.519, 40.391 ], [ -106.526, 40.385 ], [ -106.535, 40.365 ], [ -106.54, 40.371 ], [ -106.553, 40.37 ], [ -106.561, 40.379 ], [ -106.594, 40.383 ], [ -106.601, 40.376 ], [ -106.612, 40.38 ], [ -106.619, 40.405 ], [ -106.629, 40.419 ], [ -106.622, 40.43 ], [ -106.639, 40.433 ], [ -106.651, 40.44 ], [ -106.651, 40.455 ], [ -106.659, 40.459 ], [ -106.654, 40.468 ], [ -106.667, 40.472 ], [ -106.653, 40.494 ], [ -106.656, 40.509 ], [ -106.674, 40.523 ], [ -106.67, 40.536 ], [ -106.678, 40.539 ], [ -106.686, 40.551 ], [ -106.697, 40.553 ], [ -106.692, 40.563 ], [ -106.702, 40.578 ], [ -106.694, 40.596 ], [ -106.706, 40.616 ], [ -106.704, 40.628 ], [ -106.687, 40.635 ], [ -106.689, 40.64 ], [ -106.68, 40.648 ], [ -106.688, 40.651 ], [ -106.692, 40.659 ], [ -106.686, 40.663 ], [ -106.687, 40.673 ], [ -106.681, 40.676 ], [ -106.687, 40.683 ], [ -106.673, 40.688 ], [ -106.668, 40.696 ], [ -106.674, 40.724 ], [ -106.67, 40.729 ], [ -106.677, 40.737 ], [ -106.663, 40.744 ], [ -106.662, 40.754 ], [ -106.67, 40.762 ], [ -106.637, 40.79 ], [ -106.636, 40.812 ], [ -106.644, 40.821 ], [ -106.664, 40.828 ], [ -106.662, 40.843 ], [ -106.654, 40.846 ], [ -106.655, 40.849 ], [ -106.668, 40.865 ], [ -106.68, 40.87 ], [ -106.686, 40.886 ], [ -106.695, 40.888 ], [ -106.706, 40.876 ], [ -106.739, 40.871 ], [ -106.747, 40.882 ], [ -106.741, 40.89 ], [ -106.77, 40.897 ], [ -106.769, 40.904 ], [ -106.782, 40.907 ], [ -106.8, 40.896 ], [ -106.809, 40.9 ], [ -106.806, 40.906 ], [ -106.825, 40.932 ], [ -106.83, 40.924 ], [ -106.852, 40.925 ], [ -106.852, 40.933 ], [ -106.87, 40.956 ], [ -106.873, 40.974 ], [ -106.87, 40.981 ], [ -106.857, 40.981 ], [ -106.851, 40.99 ], [ -106.861, 40.997 ], [ -106.859, 41.003 ], [ -106.195, 40.998 ], [ -105.646, 40.997 ] ] ] } },
{ "type": "Feature", "properties": { "id": "140100" }, "geometry": { "type": "Polygon", "coordinates": [ [ [ -106.153, 39.363 ], [ -106.162, 39.362 ], [ -106.173, 39.369 ], [ -106.198, 39.368 ], [ -106.21, 39.382 ], [ -106.217, 39.383 ], [ -106.226, 39.381 ], [ -106.227, 39.374 ], [ -106.251, 39.358 ], [ -106.259, 39.362 ], [ -106.284, 39.35 ], [ -106.312, 39.362 ], [ -106.351, 39.354 ], [ -106.36, 39.356 ], [ -106.372, 39.362 ], [ -106.381, 39.376 ], [ -106.4, 39.381 ], [ -106.428, 39.361 ], [ -106.435, 39.347 ], [ -106.427, 39.323 ], [ -106.433, 39.316 ], [ -106.451, 39.316 ], [ -106.468, 39.307 ], [ -106.476, 39.315 ], [ -106.503, 39.298 ], [ -106.504, 39.285 ], [ -106.49, 39.273 ], [ -106.483, 39.273 ], [ -106.481, 39.26 ], [ -106.498, 39.242 ], [ -106.499, 39.235 ], [ -106.49, 39.228 ], [ -106.494, 39.198 ], [ -106.5, 39.183 ], [ -106.508, 39.178 ], [ -106.511, 39.163 ], [ -106.521, 39.157 ], [ -106.535, 39.163 ], [ -106.539, 39.158 ], [ -106.552, 39.162 ], [ -106.561, 39.156 ], [ -106.559, 39.144 ], [ -106.565, 39.133 ], [ -106.558, 39.124 ], [ -106.563, 39.107 ], [ -106.576, 39.104 ], [ -106.586, 39.096 ], [ -106.585, 39.084 ], [ -106.577, 39.079 ], [ -106.578, 39.052 ], [ -106.597, 39.045 ], [ -106.6, 39.035 ], [ -106.591, 39.026 ], [ -106.595, 39.003 ], [ -106.611, 38.995 ], [ -106.638, 39.015 ], [ -106.638, 39.019 ], [ -106.649, 39.022 ], [ -106.647, 39.033 ], [ -106.655, 39.044 ], [ -106.685, 39.045 ], [ -106.697, 39.056 ], [ -106.707, 39.054 ], [ -106.71, 39.048 ], [ -106.75, 39.043 ], [ -106.745, 39.027 ], [ -106.762, 39.019 ], [ -106.769, 39.008 ], [ -106.783, 38.999 ], [ -106.785, 38.986 ], [ -106.804, 38.978 ], [ -106.817, 38.981 ], [ -106.827, 38.978 ], [ -106.846, 38.986 ], [ -106.861, 39.01 ], [ -106.877, 39.007 ], [ -106.878, 38.994 ], [ -106.884, 38.991 ], [ -106.908, 38.993 ], [ -106.91, 39.001 ], [ -106.918, 38.999 ], [ -106.945, 39.015 ], [ -106.964, 39.017 ], [ -106.968, 39.031 ], [ -106.973, 39.029 ], [ -106.996, 39.034 ], [ -107.011, 39.027 ], [ -107.021, 39.014 ], [ -107.046, 39.016 ], [ -107.046, 38.988 ], [ -107.051, 38.985 ], [ -107.065, 38.988 ], [ -107.066, 38.993 ], [ -107.085, 39.0 ], [ -107.095, 39.011 ], [ -107.103, 38.992 ], [ -107.118, 38.995 ], [ -107.125, 38.991 ], [ -107.143, 38.996 ], [ -107.154, 38.994 ], [ -107.166, 39.005 ], [ -107.178, 39.03 ], [ -107.189, 39.033 ], [ -107.213, 39.032 ], [ -107.232, 39.02 ], [ -107.251, 39.029 ], [ -107.277, 39.03 ], [ -107.282, 39.037 ], [ -107.277, 39.041 ], [ -107.278, 39.054 ], [ -107.287, 39.064 ], [ -107.277, 39.09 ], [ -107.283, 39.113 ], [ -107.288, 39.115 ], [ -107.282, 39.119 ], [ -107.284, 39.128 ], [ -107.296, 39.154 ], [ -107.319, 39.166 ], [ -107.353, 39.173 ], [ -107.36, 39.185 ], [ -107.377, 39.199 ], [ -107.379, 39.231 ], [ -107.371, 39.239 ], [ -107.377, 39.246 ], [ -107.39, 39.251 ], [ -107.394, 39.256 ], [ -107.4, 39.253 ], [ -107.427, 39.258 ], [ -107.43, 39.257 ], [ -107.43, 39.24 ], [ -107.464, 39.228 ], [ -107.475, 39.229 ], [ -107.484, 39.235 ], [ -107.495, 39.219 ], [ -107.511, 39.216 ], [ -107.529, 39.203 ], [ -107.524, 39.198 ], [ -107.543, 39.196 ], [ -107.543, 39.182 ], [ -107.559, 39.178 ], [ -107.569, 39.181 ], [ -107.593, 39.165 ], [ -107.619, 39.155 ], [ -107.632, 39.141 ], [ -107.639, 39.142 ], [ -107.651, 39.131 ], [ -107.663, 39.116 ], [ -107.66, 39.112 ], [ -107.68, 39.1 ], [ -107.688, 39.088 ], [ -107.709, 39.083 ], [ -107.721, 39.065 ], [ -107.739, 39.066 ], [ -107.743, 39.058 ], [ -107.756, 39.054 ], [ -107.766, 39.043 ], [ -107.795, 39.062 ], [ -107.859, 39.08 ], [ -107.907, 39.061 ], [ -107.917, 39.065 ], [ -107.951, 39.06 ], [ -107.974, 39.061 ], [ -107.983, 39.059 ], [ -107.989, 39.052 ], [ -108.001, 39.051 ], [ -108.025, 39.054 ], [ -108.046, 39.046 ], [ -108.061, 39.047 ], [ -108.081, 39.036 ], [ -108.105, 39.032 ], [ -108.116, 39.044 ], [ -108.125, 39.042 ], [ -108.133, 39.032 ], [ -108.161, 39.04 ], [ -108.189, 39.059 ], [ -108.207, 39.05 ], [ -108.246, 39.051 ], [ -108.261, 39.041 ], [ -108.277, 39.04 ], [ -108.335, 39.012 ], [ -108.36, 39.015 ], [ -108.366, 39.022 ], [ -108.365, 39.028 ], [ -108.383, 39.028 ], [ -108.388, 39.032 ], [ -108.395, 39.021 ], [ -108.407, 39.016 ], [ -108.425, 39.022 ], [ -108.429, 39.016 ], [ -108.438, 39.019 ], [ -108.445, 39.015 ], [ -108.475, 39.017 ], [ -108.481, 39.014 ], [ -108.509, 39.021 ], [ -108.509, 39.033 ], [ -108.523, 39.046 ], [ -108.562, 39.05 ], [ -108.579, 39.063 ], [ -108.585, 39.063 ], [ -108.588, 39.057 ], [ -108.602, 39.051 ], [ -108.619, 39.023 ], [ -108.608, 39.02 ], [ -108.611, 39.018 ], [ -108.607, 39.003 ], [ -108.611, 38.994 ], [ -108.621, 38.991 ], [ -108.635, 38.996 ], [ -108.672, 38.982 ], [ -108.688, 38.959 ], [ -108.708, 38.943 ], [ -108.712, 38.948 ], [ -108.704, 38.952 ], [ -108.701, 38.962 ], [ -108.715, 38.973 ], [ -108.71, 38.995 ], [ -108.732, 39.009 ], [ -108.74, 39.007 ], [ -108.742, 39.014 ], [ -108.755, 39.015 ], [ -108.751, 39.046 ], [ -108.771, 39.056 ], [ -108.766, 39.064 ], [ -108.781, 39.068 ], [ -108.79, 39.077 ], [ -108.796, 39.093 ], [ -108.813, 39.092 ], [ -108.83, 39.097 ], [ -108.844, 39.092 ], [ -108.851, 39.08 ], [ -108.874, 39.078 ], [ -108.875, 39.072 ], [ -108.889, 39.064 ], [ -108.904, 39.063 ], [ -108.93, 39.05 ], [ -108.938, 39.058 ], [ -108.955, 39.057 ], [ -108.967, 39.067 ], [ -108.982, 39.069 ], [ -108.995, 39.078 ], [ -109.022, 39.076 ], [ -109.035, 39.08 ], [ -109.041, 39.074 ], [ -109.052, 39.078 ], [ -109.051, 39.162 ], [ -109.035, 39.175 ], [ -109.041, 39.19 ], [ -109.032, 39.191 ], [ -109.026, 39.198 ], [ -109.037, 39.215 ], [ -109.025, 39.226 ], [ -109.021, 39.25 ], [ -109.009, 39.263 ], [ -109.014, 39.275 ], [ -109.008, 39.292 ], [ -109.014, 39.311 ], [ -109.04, 39.351 ], [ -109.046, 39.351 ], [ -109.051, 39.363 ], [ -109.051, 39.498 ], [ -109.042, 39.512 ], [ -109.027, 39.515 ], [ -109.02, 39.529 ], [ -109.009, 39.535 ], [ -109.007, 39.548 ], [ -108.993, 39.563 ], [ -108.995, 39.569 ], [ -108.988, 39.574 ], [ -108.976, 39.571 ], [ -108.953, 39.582 ], [ -108.942, 39.601 ], [ -108.921, 39.593 ], [ -108.916, 39.613 ], [ -108.907, 39.622 ], [ -108.898, 39.619 ], [ -108.885, 39.622 ], [ -108.88, 39.629 ], [ -108.873, 39.617 ], [ -108.864, 39.621 ], [ -108.858, 39.617 ], [ -108.853, 39.621 ], [ -108.849, 39.613 ], [ -108.835, 39.61 ], [ -108.825, 39.619 ], [ -108.821, 39.605 ], [ -108.811, 39.597 ], [ -108.784, 39.601 ], [ -108.772, 39.607 ], [ -108.757, 39.598 ], [ -108.747, 39.601 ], [ -108.737, 39.594 ], [ -108.717, 39.604 ], [ -108.68, 39.601 ], [ -108.655, 39.624 ], [ -108.657, 39.648 ], [ -108.653, 39.659 ], [ -108.637, 39.655 ], [ -108.629, 39.656 ], [ -108.622, 39.665 ], [ -108.6, 39.675 ], [ -108.592, 39.671 ], [ -108.565, 39.691 ], [ -108.559, 39.684 ], [ -108.539, 39.698 ], [ -108.527, 39.69 ], [ -108.509, 39.692 ], [ -108.495, 39.688 ], [ -108.488, 39.696 ], [ -108.474, 39.699 ], [ -108.446, 39.681 ], [ -108.411, 39.681 ], [ -108.402, 39.67 ], [ -108.395, 39.673 ], [ -108.388, 39.666 ], [ -108.381, 39.668 ], [ -108.381, 39.664 ], [ -108.376, 39.666 ], [ -108.374, 39.662 ], [ -108.347, 39.659 ], [ -108.338, 39.647 ], [ -108.317, 39.649 ], [ -108.311, 39.632 ], [ -108.304, 39.634 ], [ -108.301, 39.626 ], [ -108.294, 39.623 ], [ -108.278, 39.633 ], [ -108.27, 39.649 ], [ -108.246, 39.656 ], [ -108.238, 39.653 ], [ -108.226, 39.659 ], [ -108.225, 39.652 ], [ -108.215, 39.658 ], [ -108.211, 39.649 ], [ -108.198, 39.646 ], [ -108.166, 39.656 ], [ -108.155, 39.651 ], [ -108.14, 39.671 ], [ -108.129, 39.67 ], [ -108.123, 39.677 ], [ -108.105, 39.665 ], [ -108.088, 39.676 ], [ -108.073, 39.678 ], [ -108.069, 39.668 ], [ -108.055, 39.664 ], [ -108.055, 39.657 ], [ -108.047, 39.653 ], [ -108.04, 39.661 ], [ -108.033, 39.657 ], [ -108.021, 39.665 ], [ -108.019, 39.659 ], [ -108.01, 39.659 ], [ -108.009, 39.653 ], [ -107.996, 39.644 ], [ -107.989, 39.649 ], [ -107.981, 39.645 ], [ -107.963, 39.649 ], [ -107.958, 39.647 ], [ -107.926, 39.657 ], [ -107.94, 39.675 ], [ -107.945, 39.701 ], [ -107.924, 39.708 ], [ -107.906, 39.73 ], [ -107.904, 39.74 ], [ -107.886, 39.749 ], [ -107.873, 39.763 ], [ -107.853, 39.768 ], [ -107.848, 39.78 ], [ -107.828, 39.778 ], [ -107.826, 39.773 ], [ -107.813, 39.776 ], [ -107.815, 39.792 ], [ -107.807, 39.796 ], [ -107.792, 39.788 ], [ -107.785, 39.793 ], [ -107.777, 39.79 ], [ -107.767, 39.793 ], [ -107.759, 39.789 ], [ -107.749, 39.791 ], [ -107.744, 39.787 ], [ -107.741, 39.803 ], [ -107.722, 39.812 ], [ -107.717, 39.809 ], [ -107.702, 39.815 ], [ -107.701, 39.821 ], [ -107.694, 39.824 ], [ -107.693, 39.812 ], [ -107.685, 39.807 ], [ -107.678, 39.805 ], [ -107.665, 39.814 ], [ -107.65, 39.804 ], [ -107.64, 39.814 ], [ -107.632, 39.802 ], [ -107.627, 39.808 ], [ -107.615, 39.8 ], [ -107.61, 39.807 ], [ -107.597, 39.809 ], [ -107.592, 39.814 ], [ -107.586, 39.812 ], [ -107.582, 39.828 ], [ -107.575, 39.828 ], [ -107.567, 39.843 ], [ -107.551, 39.841 ], [ -107.546, 39.832 ], [ -107.524, 39.834 ], [ -107.512, 39.831 ], [ -107.503, 39.84 ], [ -107.489, 39.84 ], [ -107.469, 39.812 ], [ -107.42, 39.807 ], [ -107.418, 39.794 ], [ -107.428, 39.765 ], [ -107.427, 39.752 ], [ -107.416, 39.743 ], [ -107.366, 39.755 ], [ -107.356, 39.772 ], [ -107.347, 39.773 ], [ -107.339, 39.782 ], [ -107.329, 39.775 ], [ -107.305, 39.778 ], [ -107.288, 39.775 ], [ -107.267, 39.784 ], [ -107.262, 39.798 ], [ -107.285, 39.798 ], [ -107.291, 39.812 ], [ -107.284, 39.822 ], [ -107.289, 39.827 ], [ -107.303, 39.829 ], [ -107.304, 39.84 ], [ -107.276, 39.85 ], [ -107.287, 39.862 ], [ -107.287, 39.872 ], [ -107.282, 39.875 ], [ -107.257, 39.874 ], [ -107.259, 39.886 ], [ -107.235, 39.905 ], [ -107.226, 39.901 ], [ -107.22, 39.905 ], [ -107.21, 39.899 ], [ -107.181, 39.909 ], [ -107.175, 39.92 ], [ -107.185, 39.928 ], [ -107.172, 39.95 ], [ -107.171, 39.97 ], [ -107.156, 39.976 ], [ -107.137, 39.975 ], [ -107.129, 40.002 ], [ -107.083, 40.015 ], [ -107.065, 40.009 ], [ -107.063, 39.999 ], [ -107.057, 39.995 ], [ -107.044, 40.023 ], [ -107.021, 40.03 ], [ -107.013, 40.047 ], [ -106.998, 40.054 ], [ -106.986, 40.071 ], [ -106.967, 40.069 ], [ -106.944, 40.079 ], [ -106.921, 40.07 ], [ -106.847, 40.059 ], [ -106.823, 40.063 ], [ -106.818, 40.081 ], [ -106.798, 40.096 ], [ -106.803, 40.109 ], [ -106.801, 40.123 ], [ -106.786, 40.138 ], [ -106.748, 40.13 ], [ -106.749, 40.125 ], [ -106.741, 40.119 ], [ -106.717, 40.119 ], [ -106.709, 40.102 ], [ -106.687, 40.108 ], [ -106.684, 40.118 ], [ -106.662, 40.131 ], [ -106.66, 40.137 ], [ -106.666, 40.14 ], [ -106.665, 40.147 ], [ -106.675, 40.148 ], [ -106.681, 40.156 ], [ -106.669, 40.166 ], [ -106.658, 40.16 ], [ -106.647, 40.163 ], [ -106.636, 40.173 ], [ -106.626, 40.172 ], [ -106.64, 40.189 ], [ -106.633, 40.196 ], [ -106.618, 40.197 ], [ -106.618, 40.201 ], [ -106.639, 40.21 ], [ -106.637, 40.214 ], [ -106.645, 40.222 ], [ -106.657, 40.223 ], [ -106.655, 40.228 ], [ -106.646, 40.231 ], [ -106.634, 40.225 ], [ -106.61, 40.224 ], [ -106.608, 40.23 ], [ -106.6, 40.229 ], [ -106.592, 40.236 ], [ -106.59, 40.243 ], [ -106.596, 40.253 ], [ -106.61, 40.256 ], [ -106.616, 40.277 ], [ -106.652, 40.29 ], [ -106.663, 40.301 ], [ -106.676, 40.298 ], [ -106.688, 40.316 ], [ -106.687, 40.321 ], [ -106.654, 40.337 ], [ -106.644, 40.35 ], [ -106.655, 40.368 ], [ -106.634, 40.385 ], [ -106.642, 40.392 ], [ -106.641, 40.402 ], [ -106.656, 40.409 ], [ -106.644, 40.412 ], [ -106.651, 40.421 ], [ -106.645, 40.432 ], [ -106.622, 40.43 ], [ -106.629, 40.419 ], [ -106.61, 40.378 ], [ -106.601, 40.376 ], [ -106.594, 40.383 ], [ -106.561, 40.379 ], [ -106.553, 40.37 ], [ -106.54, 40.371 ], [ -106.535, 40.365 ], [ -106.526, 40.385 ], [ -106.519, 40.391 ], [ -106.512, 40.387 ], [ -106.49, 40.412 ], [ -106.478, 40.405 ], [ -106.481, 40.39 ], [ -106.466, 40.378 ], [ -106.458, 40.359 ], [ -106.443, 40.346 ], [ -106.422, 40.353 ], [ -106.403, 40.345 ], [ -106.39, 40.345 ], [ -106.385, 40.353 ], [ -106.356, 40.359 ], [ -106.337, 40.34 ], [ -106.322, 40.338 ], [ -106.306, 40.328 ], [ -106.296, 40.333 ], [ -106.299, 40.35 ], [ -106.291, 40.358 ], [ -106.279, 40.354 ], [ -106.266, 40.361 ], [ -106.231, 40.323 ], [ -106.217, 40.329 ], [ -106.189, 40.327 ], [ -106.171, 40.344 ], [ -106.136, 40.33 ], [ -106.134, 40.336 ], [ -106.101, 40.354 ], [ -106.086, 40.347 ], [ -106.019, 40.373 ], [ -106.014, 40.373 ], [ -106.011, 40.362 ], [ -105.986, 40.364 ], [ -105.971, 40.35 ], [ -105.96, 40.348 ], [ -105.954, 40.36 ], [ -105.938, 40.366 ], [ -105.938, 40.372 ], [ -105.947, 40.378 ], [ -105.946, 40.385 ], [ -105.925, 40.393 ], [ -105.921, 40.402 ], [ -105.903, 40.401 ], [ -105.898, 40.418 ], [ -105.904, 40.432 ], [ -105.897, 40.449 ], [ -105.899, 40.466 ], [ -105.892, 40.476 ], [ -105.863, 40.48 ], [ -105.855, 40.486 ], [ -105.807, 40.474 ], [ -105.811, 40.471 ], [ -105.804, 40.464 ], [ -105.806, 40.448 ], [ -105.816, 40.437 ], [ -105.818, 40.425 ], [ -105.791, 40.399 ], [ -105.787, 40.381 ], [ -105.759, 40.353 ], [ -105.737, 40.347 ], [ -105.729, 40.335 ], [ -105.699, 40.321 ], [ -105.703, 40.313 ], [ -105.691, 40.309 ], [ -105.688, 40.294 ], [ -105.682, 40.292 ], [ -105.687, 40.288 ], [ -105.681, 40.284 ], [ -105.683, 40.273 ], [ -105.654, 40.261 ], [ -105.644, 40.25 ], [ -105.66, 40.249 ], [ -105.669, 40.229 ], [ -105.663, 40.22 ], [ -105.671, 40.219 ], [ -105.678, 40.191 ], [ -105.67, 40.185 ], [ -105.668, 40.158 ], [ -105.636, 40.146 ], [ -105.627, 40.127 ], [ -105.626, 40.119 ], [ -105.637, 40.107 ], [ -105.633, 40.081 ], [ -105.641, 40.073 ], [ -105.639, 40.067 ], [ -105.651, 40.059 ], [ -105.638, 40.046 ], [ -105.639, 40.039 ], [ -105.652, 40.021 ], [ -105.69, 40.014 ], [ -105.691, 39.997 ], [ -105.683, 39.993 ], [ -105.69, 39.97 ], [ -105.685, 39.959 ], [ -105.694, 39.95 ], [ -105.694, 39.942 ], [ -105.675, 39.933 ], [ -105.691, 39.897 ], [ -105.7, 39.892 ], [ -105.701, 39.879 ], [ -105.69, 39.852 ], [ -105.696, 39.839 ], [ -105.713, 39.838 ], [ -105.736, 39.805 ], [ -105.764, 39.795 ], [ -105.799, 39.803 ], [ -105.823, 39.786 ], [ -105.852, 39.788 ], [ -105.855, 39.796 ], [ -105.888, 39.797 ], [ -105.892, 39.782 ], [ -105.88, 39.759 ], [ -105.883, 39.737 ], [ -105.891, 39.731 ], [ -105.907, 39.727 ], [ -105.912, 39.715 ], [ -105.924, 39.704 ], [ -105.92, 39.69 ], [ -105.927, 39.673 ], [ -105.911, 39.662 ], [ -105.897, 39.665 ], [ -105.885, 39.657 ], [ -105.88, 39.664 ], [ -105.865, 39.667 ], [ -105.849, 39.644 ], [ -105.821, 39.643 ], [ -105.817, 39.634 ], [ -105.793, 39.636 ], [ -105.783, 39.629 ], [ -105.776, 39.605 ], [ -105.801, 39.594 ], [ -105.808, 39.584 ], [ -105.821, 39.583 ], [ -105.839, 39.573 ], [ -105.826, 39.556 ], [ -105.816, 39.552 ], [ -105.823, 39.53 ], [ -105.831, 39.532 ], [ -105.847, 39.524 ], [ -105.86, 39.531 ], [ -105.868, 39.519 ], [ -105.856, 39.505 ], [ -105.864, 39.502 ], [ -105.867, 39.494 ], [ -105.875, 39.493 ], [ -105.879, 39.484 ], [ -105.892, 39.484 ], [ -105.906, 39.46 ], [ -105.939, 39.458 ], [ -105.944, 39.441 ], [ -105.967, 39.439 ], [ -105.955, 39.426 ], [ -105.952, 39.415 ], [ -105.959, 39.416 ], [ -105.985, 39.402 ], [ -105.993, 39.402 ], [ -105.997, 39.395 ], [ -106.014, 39.387 ], [ -106.022, 39.362 ], [ -106.057, 39.359 ], [ -106.097, 39.378 ], [ -106.135, 39.38 ], [ -106.153, 39.363 ] ] ] } },
{ "type": "Feature", "properties": { "id": "140802" }, "geometry": { "type": "Polygon", "coordinates": [ [ [ -108.387, 37.405 ], [ -108.398, 37.396 ], [ -108.399, 37.375 ], [ -108.406, 37.371 ], [ -108.402, 37.358 ], [ -108.417, 37.337 ], [ -108.419, 37.311 ], [ -108.433, 37.303 ], [ -108.44, 37.304 ], [ -108.444, 37.295 ], [ -108.439, 37.283 ], [ -108.45, 37.279 ], [ -108.466, 37.281 ], [ -108.479, 37.274 ], [ -108.487, 37.278 ], [ -108.493, 37.271 ], [ -108.5, 37.275 ], [ -108.526, 37.264 ], [ -108.545, 37.268 ], [ -108.562, 37.261 ], [ -108.57, 37.266 ], [ -108.579, 37.258 ], [ -108.588, 37.259 ], [ -108.607, 37.252 ], [ -108.61, 37.243 ], [ -108.624, 37.242 ], [ -108.637, 37.258 ], [ -108.672, 37.273 ], [ -108.7, 37.265 ], [ -108.76, 37.269 ], [ -108.777, 37.284 ], [ -108.791, 37.272 ], [ -108.808, 37.267 ], [ -108.815, 37.27 ], [ -108.819, 37.26 ], [ -108.809, 37.25 ], [ -108.816, 37.247 ], [ -108.816, 37.239 ], [ -108.803, 37.232 ], [ -108.808, 37.214 ], [ -108.8, 37.209 ], [ -108.794, 37.196 ], [ -108.803, 37.193 ], [ -108.822, 37.174 ], [ -108.838, 37.146 ], [ -108.833, 37.141 ], [ -108.851, 37.12 ], [ -108.85, 37.113 ], [ -108.863, 37.098 ], [ -108.895, 37.09 ], [ -108.899, 37.085 ], [ -108.916, 37.085 ], [ -108.928, 37.055 ], [ -108.946, 37.047 ], [ -108.946, 37.038 ], [ -108.977, 37.018 ], [ -108.981, 37.011 ], [ -108.973, 36.999 ], [ -109.045, 36.999 ], [ -109.042, 37.93 ], [ -109.034, 37.932 ], [ -109.031, 37.956 ], [ -109.022, 37.954 ], [ -109.002, 37.962 ], [ -109.002, 37.937 ], [ -108.988, 37.921 ], [ -108.981, 37.919 ], [ -108.982, 37.911 ], [ -108.971, 37.907 ], [ -108.961, 37.91 ], [ -108.957, 37.919 ], [ -108.937, 37.934 ], [ -108.926, 37.924 ], [ -108.907, 37.937 ], [ -108.901, 37.926 ], [ -108.894, 37.923 ], [ -108.867, 37.932 ], [ -108.857, 37.912 ], [ -108.849, 37.918 ], [ -108.835, 37.916 ], [ -108.836, 37.91 ], [ -108.831, 37.907 ], [ -108.837, 37.875 ], [ -108.828, 37.858 ], [ -108.846, 37.847 ], [ -108.855, 37.823 ], [ -108.882, 37.81 ], [ -108.882, 37.795 ], [ -108.877, 37.792 ], [ -108.88, 37.783 ], [ -108.869, 37.774 ], [ -108.861, 37.776 ], [ -108.844, 37.766 ], [ -108.829, 37.767 ], [ -108.818, 37.757 ], [ -108.802, 37.765 ], [ -108.789, 37.787 ], [ -108.783, 37.787 ], [ -108.768, 37.765 ], [ -108.757, 37.764 ], [ -108.771, 37.745 ], [ -108.775, 37.721 ], [ -108.773, 37.7 ], [ -108.762, 37.675 ], [ -108.748, 37.671 ], [ -108.759, 37.654 ], [ -108.755, 37.63 ], [ -108.746, 37.625 ], [ -108.752, 37.612 ], [ -108.732, 37.595 ], [ -108.719, 37.603 ], [ -108.691, 37.586 ], [ -108.673, 37.589 ], [ -108.66, 37.597 ], [ -108.655, 37.594 ], [ -108.652, 37.597 ], [ -108.644, 37.588 ], [ -108.633, 37.586 ], [ -108.614, 37.593 ], [ -108.612, 37.583 ], [ -108.601, 37.573 ], [ -108.609, 37.56 ], [ -108.591, 37.551 ], [ -108.595, 37.528 ], [ -108.588, 37.514 ], [ -108.589, 37.501 ], [ -108.583, 37.497 ], [ -108.587, 37.491 ], [ -108.565, 37.496 ], [ -108.553, 37.491 ], [ -108.554, 37.48 ], [ -108.546, 37.479 ], [ -108.542, 37.467 ], [ -108.529, 37.462 ], [ -108.525, 37.456 ], [ -108.509, 37.461 ], [ -108.501, 37.453 ], [ -108.477, 37.447 ], [ -108.458, 37.434 ], [ -108.447, 37.436 ], [ -108.444, 37.442 ], [ -108.414, 37.439 ], [ -108.407, 37.428 ], [ -108.392, 37.423 ], [ -108.387, 37.405 ] ] ] } },
{ "type": "Feature", "properties": { "id": "110800" }, "geometry": { "type": "MultiPolygon", "coordinates": [ [ [ [ -104.96, 36.993 ], [ -104.956, 36.994 ], [ -104.952, 36.993 ], [ -104.96, 36.993 ] ] ], [ [ [ -104.557, 36.994 ], [ -104.556, 36.995 ], [ -104.554, 36.994 ], [ -104.557, 36.994 ] ] ], [ [ [ -104.451, 36.994 ], [ -104.448, 36.995 ], [ -104.442, 36.994 ], [ -104.451, 36.994 ] ] ], [ [ [ -104.496, 36.994 ], [ -104.504, 36.994 ], [ -104.502, 36.995 ], [ -104.499, 36.995 ], [ -104.496, 36.994 ] ] ], [ [ [ -104.507, 36.994 ], [ -104.551, 36.994 ], [ -104.54, 37.0 ], [ -104.523, 37.002 ], [ -104.507, 36.994 ] ] ], [ [ [ -104.329, 37.033 ], [ -104.333, 37.013 ], [ -104.327, 37.006 ], [ -104.286, 36.994 ], [ -104.435, 36.994 ], [ -104.426, 37.011 ], [ -104.438, 37.047 ], [ -104.414, 37.04 ], [ -104.39, 37.04 ], [ -104.371, 37.033 ], [ -104.353, 37.038 ], [ -104.349, 37.047 ], [ -104.336, 37.046 ], [ -104.329, 37.033 ] ] ], [ [ [ -105.198, 37.07 ], [ -105.192, 37.062 ], [ -105.178, 37.056 ], [ -105.164, 37.058 ], [ -105.142, 37.053 ], [ -105.134, 37.041 ], [ -105.121, 37.039 ], [ -105.11, 37.028 ], [ -105.068, 37.019 ], [ -105.051, 37.007 ], [ -104.994, 36.993 ], [ -105.221, 36.995 ], [ -105.236, 37.016 ], [ -105.237, 37.031 ], [ -105.228, 37.043 ], [ -105.21, 37.055 ], [ -105.209, 37.072 ], [ -105.198, 37.07 ] ] ] ] } },
{ "type": "Feature", "properties": { "id": "130100" }, "geometry": { "type": "Polygon", "coordinates": [ [ [ -105.211, 37.072 ], [ -105.211, 37.054 ], [ -105.235, 37.035 ], [ -105.247, 37.036 ], [ -105.258, 37.022 ], [ -105.273, 37.025 ], [ -105.275, 37.015 ], [ -105.284, 37.012 ], [ -105.297, 36.996 ], [ -105.492, 36.996 ], [ -105.497, 37.007 ], [ -105.494, 37.019 ], [ -105.504, 37.032 ], [ -105.504, 37.045 ], [ -105.494, 37.051 ], [ -105.466, 37.039 ], [ -105.465, 37.032 ], [ -105.462, 37.033 ], [ -105.463, 37.055 ], [ -105.455, 37.063 ], [ -105.45, 37.1 ], [ -105.429, 37.113 ], [ -105.434, 37.127 ], [ -105.454, 37.153 ], [ -105.459, 37.188 ], [ -105.477, 37.193 ], [ -105.509, 37.191 ], [ -105.559, 37.184 ], [ -105.588, 37.164 ], [ -105.637, 37.145 ], [ -105.65, 37.144 ], [ -105.682, 37.119 ], [ -105.682, 37.11 ], [ -105.697, 37.093 ], [ -105.697, 37.077 ], [ -105.713, 37.043 ], [ -105.709, 37.018 ], [ -105.72, 37.004 ], [ -105.719, 36.999 ], [ -105.728, 36.996 ], [ -105.764, 36.996 ], [ -105.781, 36.999 ], [ -105.789, 37.006 ], [ -105.793, 36.997 ], [ -105.805, 37.0 ], [ -105.815, 36.996 ], [ -106.457, 36.994 ], [ -106.447, 37.001 ], [ -106.447, 37.018 ], [ -106.464, 37.041 ], [ -106.507, 37.051 ], [ -106.521, 37.09 ], [ -106.512, 37.11 ], [ -106.516, 37.118 ], [ -106.549, 37.136 ], [ -106.57, 37.128 ], [ -106.583, 37.129 ], [ -106.594, 37.15 ], [ -106.59, 37.164 ], [ -106.594, 37.169 ], [ -106.59, 37.194 ], [ -106.594, 37.208 ], [ -106.599, 37.206 ], [ -106.606, 37.222 ], [ -106.617, 37.218 ], [ -106.631, 37.221 ], [ -106.635, 37.257 ], [ -106.663, 37.253 ], [ -106.679, 37.256 ], [ -106.694, 37.272 ], [ -106.682, 37.296 ], [ -106.663, 37.311 ], [ -106.666, 37.321 ], [ -106.681, 37.326 ], [ -106.692, 37.324 ], [ -106.707, 37.331 ], [ -106.708, 37.336 ], [ -106.697, 37.351 ], [ -106.7, 37.369 ], [ -106.682, 37.376 ], [ -106.671, 37.402 ], [ -106.664, 37.401 ], [ -106.656, 37.408 ], [ -106.647, 37.405 ], [ -106.641, 37.408 ], [ -106.658, 37.428 ], [ -106.681, 37.435 ], [ -106.702, 37.451 ], [ -106.706, 37.446 ], [ -106.717, 37.442 ], [ -106.727, 37.447 ], [ -106.734, 37.459 ], [ -106.749, 37.459 ], [ -106.757, 37.465 ], [ -106.766, 37.462 ], [ -106.773, 37.45 ], [ -106.798, 37.457 ], [ -106.807, 37.466 ], [ -106.8, 37.493 ], [ -106.816, 37.499 ], [ -106.828, 37.495 ], [ -106.837, 37.501 ], [ -106.845, 37.499 ], [ -106.853, 37.492 ], [ -106.874, 37.5 ], [ -106.888, 37.517 ], [ -106.882, 37.523 ], [ -106.885, 37.537 ], [ -106.879, 37.544 ], [ -106.881, 37.561 ], [ -106.888, 37.565 ], [ -106.909, 37.564 ], [ -106.921, 37.57 ], [ -106.939, 37.567 ], [ -106.949, 37.571 ], [ -106.969, 37.565 ], [ -106.981, 37.571 ], [ -106.999, 37.569 ], [ -107.008, 37.574 ], [ -107.019, 37.563 ], [ -107.045, 37.56 ], [ -107.049, 37.57 ], [ -107.064, 37.572 ], [ -107.078, 37.569 ], [ -107.093, 37.574 ], [ -107.092, 37.596 ], [ -107.106, 37.6 ], [ -107.11, 37.608 ], [ -107.139, 37.602 ], [ -107.144, 37.618 ], [ -107.14, 37.624 ], [ -107.153, 37.637 ], [ -107.173, 37.633 ], [ -107.177, 37.628 ], [ -107.199, 37.626 ], [ -107.201, 37.611 ], [ -107.223, 37.595 ], [ -107.231, 37.595 ], [ -107.256, 37.616 ], [ -107.257, 37.628 ], [ -107.266, 37.63 ], [ -107.279, 37.641 ], [ -107.277, 37.656 ], [ -107.291, 37.671 ], [ -107.273, 37.68 ], [ -107.269, 37.696 ], [ -107.287, 37.691 ], [ -107.307, 37.677 ], [ -107.324, 37.684 ], [ -107.345, 37.679 ], [ -107.375, 37.688 ], [ -107.394, 37.679 ], [ -107.398, 37.653 ], [ -107.424, 37.65 ], [ -107.43, 37.641 ], [ -107.441, 37.637 ], [ -107.442, 37.632 ], [ -107.454, 37.634 ], [ -107.455, 37.63 ], [ -107.464, 37.63 ], [ -107.492, 37.652 ], [ -107.489, 37.659 ], [ -107.502, 37.678 ], [ -107.504, 37.693 ], [ -107.521, 37.706 ], [ -107.537, 37.708 ], [ -107.536, 37.722 ], [ -107.542, 37.725 ], [ -107.542, 37.732 ], [ -107.548, 37.736 ], [ -107.559, 37.762 ], [ -107.555, 37.79 ], [ -107.546, 37.8 ], [ -107.53, 37.801 ], [ -107.526, 37.813 ], [ -107.518, 37.816 ], [ -107.523, 37.823 ], [ -107.517, 37.826 ], [ -107.516, 37.835 ], [ -107.507, 37.841 ], [ -107.5, 37.84 ], [ -107.495, 37.85 ], [ -107.484, 37.845 ], [ -107.467, 37.846 ], [ -107.465, 37.859 ], [ -107.451, 37.847 ], [ -107.445, 37.849 ], [ -107.446, 37.844 ], [ -107.436, 37.846 ], [ -107.425, 37.859 ], [ -107.389, 37.855 ], [ -107.381, 37.861 ], [ -107.375, 37.856 ], [ -107.361, 37.859 ], [ -107.348, 37.857 ], [ -107.34, 37.871 ], [ -107.316, 37.892 ], [ -107.309, 37.891 ], [ -107.301, 37.899 ], [ -107.299, 37.905 ], [ -107.267, 37.938 ], [ -107.253, 37.929 ], [ -107.226, 37.926 ], [ -107.202, 37.93 ], [ -107.19, 37.937 ], [ -107.155, 37.94 ], [ -107.132, 37.937 ], [ -107.109, 37.944 ], [ -107.103, 37.955 ], [ -107.092, 37.949 ], [ -107.073, 37.955 ], [ -107.068, 37.961 ], [ -107.061, 37.96 ], [ -107.055, 37.951 ], [ -107.037, 37.949 ], [ -107.025, 37.954 ], [ -107.009, 37.946 ], [ -107.005, 37.957 ], [ -106.987, 37.963 ], [ -106.987, 37.969 ], [ -106.977, 37.969 ], [ -106.967, 37.975 ], [ -106.945, 37.952 ], [ -106.92, 37.967 ], [ -106.907, 37.963 ], [ -106.896, 37.968 ], [ -106.879, 37.96 ], [ -106.879, 37.95 ], [ -106.872, 37.942 ], [ -106.85, 37.957 ], [ -106.816, 37.956 ], [ -106.81, 37.97 ], [ -106.803, 37.972 ], [ -106.801, 37.986 ], [ -106.782, 38.002 ], [ -106.809, 38.016 ], [ -106.806, 38.031 ], [ -106.769, 38.072 ], [ -106.767, 38.08 ], [ -106.744, 38.093 ], [ -106.72, 38.092 ], [ -106.704, 38.08 ], [ -106.685, 38.081 ], [ -106.67, 38.087 ], [ -106.671, 38.094 ], [ -106.663, 38.097 ], [ -106.655, 38.11 ], [ -106.648, 38.11 ], [ -106.633, 38.128 ], [ -106.611, 38.135 ], [ -106.597, 38.157 ], [ -106.602, 38.171 ], [ -106.598, 38.189 ], [ -106.587, 38.189 ], [ -106.576, 38.212 ], [ -106.555, 38.229 ], [ -106.56, 38.234 ], [ -106.556, 38.246 ], [ -106.559, 38.252 ], [ -106.536, 38.262 ], [ -106.505, 38.315 ], [ -106.483, 38.316 ], [ -106.474, 38.322 ], [ -106.473, 38.313 ], [ -106.464, 38.313 ], [ -106.459, 38.301 ], [ -106.434, 38.282 ], [ -106.417, 38.281 ], [ -106.406, 38.286 ], [ -106.395, 38.282 ], [ -106.38, 38.293 ], [ -106.353, 38.292 ], [ -106.339, 38.287 ], [ -106.316, 38.343 ], [ -106.292, 38.345 ], [ -106.269, 38.353 ], [ -106.247, 38.342 ], [ -106.23, 38.34 ], [ -106.222, 38.328 ], [ -106.206, 38.333 ], [ -106.193, 38.348 ], [ -106.18, 38.341 ], [ -106.16, 38.343 ], [ -106.157, 38.353 ], [ -106.152, 38.356 ], [ -106.142, 38.351 ], [ -106.143, 38.356 ], [ -106.134, 38.368 ], [ -106.108, 38.38 ], [ -106.115, 38.404 ], [ -106.096, 38.414 ], [ -106.086, 38.424 ], [ -106.075, 38.425 ], [ -106.058, 38.444 ], [ -106.059, 38.456 ], [ -106.051, 38.454 ], [ -106.043, 38.458 ], [ -106.019, 38.454 ], [ -105.997, 38.42 ], [ -105.984, 38.42 ], [ -105.951, 38.394 ], [ -105.944, 38.378 ], [ -105.921, 38.368 ], [ -105.894, 38.346 ], [ -105.867, 38.306 ], [ -105.848, 38.291 ], [ -105.841, 38.292 ], [ -105.819, 38.274 ], [ -105.8, 38.27 ], [ -105.788, 38.242 ], [ -105.76, 38.229 ], [ -105.756, 38.219 ], [ -105.736, 38.209 ], [ -105.699, 38.168 ], [ -105.687, 38.167 ], [ -105.673, 38.159 ], [ -105.673, 38.136 ], [ -105.658, 38.117 ], [ -105.661, 38.1 ], [ -105.636, 38.071 ], [ -105.627, 38.067 ], [ -105.628, 38.057 ], [ -105.618, 38.053 ], [ -105.613, 38.038 ], [ -105.603, 38.031 ], [ -105.597, 38.013 ], [ -105.605, 38.005 ], [ -105.582, 37.979 ], [ -105.584, 37.967 ], [ -105.559, 37.951 ], [ -105.552, 37.95 ], [ -105.543, 37.956 ], [ -105.53, 37.953 ], [ -105.511, 37.939 ], [ -105.503, 37.924 ], [ -105.473, 37.897 ], [ -105.478, 37.88 ], [ -105.451, 37.878 ], [ -105.429, 37.852 ], [ -105.436, 37.828 ], [ -105.435, 37.806 ], [ -105.455, 37.796 ], [ -105.449, 37.78 ], [ -105.46, 37.753 ], [ -105.453, 37.741 ], [ -105.454, 37.724 ], [ -105.477, 37.708 ], [ -105.48, 37.698 ], [ -105.477, 37.666 ], [ -105.487, 37.653 ], [ -105.492, 37.625 ], [ -105.499, 37.615 ], [ -105.493, 37.601 ], [ -105.501, 37.599 ], [ -105.493, 37.583 ], [ -105.483, 37.578 ], [ -105.458, 37.588 ], [ -105.441, 37.612 ], [ -105.409, 37.618 ], [ -105.4, 37.614 ], [ -105.37, 37.64 ], [ -105.355, 37.636 ], [ -105.297, 37.658 ], [ -105.285, 37.646 ], [ -105.267, 37.639 ], [ -105.255, 37.64 ], [ -105.253, 37.631 ], [ -105.243, 37.629 ], [ -105.236, 37.621 ], [ -105.221, 37.621 ], [ -105.215, 37.627 ], [ -105.184, 37.616 ], [ -105.196, 37.609 ], [ -105.193, 37.592 ], [ -105.203, 37.595 ], [ -105.219, 37.583 ], [ -105.196, 37.57 ], [ -105.179, 37.548 ], [ -105.184, 37.54 ], [ -105.172, 37.518 ], [ -105.172, 37.5 ], [ -105.178, 37.491 ], [ -105.175, 37.485 ], [ -105.182, 37.479 ], [ -105.177, 37.475 ], [ -105.176, 37.457 ], [ -105.163, 37.454 ], [ -105.156, 37.457 ], [ -105.145, 37.429 ], [ -105.141, 37.429 ], [ -105.14, 37.416 ], [ -105.13, 37.409 ], [ -105.138, 37.401 ], [ -105.156, 37.399 ], [ -105.167, 37.388 ], [ -105.165, 37.285 ], [ -105.16, 37.282 ], [ -105.153, 37.238 ], [ -105.161, 37.231 ], [ -105.159, 37.224 ], [ -105.167, 37.207 ], [ -105.165, 37.186 ], [ -105.173, 37.172 ], [ -105.167, 37.171 ], [ -105.166, 37.159 ], [ -105.175, 37.14 ], [ -105.174, 37.126 ], [ -105.186, 37.122 ], [ -105.187, 37.117 ], [ -105.182, 37.112 ], [ -105.188, 37.107 ], [ -105.191, 37.094 ], [ -105.208, 37.088 ], [ -105.211, 37.072 ] ] ] } },
{ "type": "Feature", "properties": { "id": "140401" }, "geometry": { "type": "Polygon", "coordinates": [ [ [ -108.404, 41.0 ], [ -108.417, 40.992 ], [ -108.415, 40.975 ], [ -108.42, 40.958 ], [ -108.415, 40.954 ], [ -108.427, 40.938 ], [ -108.413, 40.926 ], [ -108.425, 40.9 ], [ -108.471, 40.869 ], [ -108.506, 40.857 ], [ -108.507, 40.842 ], [ -108.513, 40.839 ], [ -108.526, 40.837 ], [ -108.544, 40.847 ], [ -108.579, 40.839 ], [ -108.583, 40.816 ], [ -108.611, 40.808 ], [ -108.617, 40.798 ], [ -108.612, 40.79 ], [ -108.628, 40.781 ], [ -108.62, 40.776 ], [ -108.62, 40.766 ], [ -108.627, 40.755 ], [ -108.611, 40.745 ], [ -108.61, 40.738 ], [ -108.604, 40.74 ], [ -108.595, 40.733 ], [ -108.581, 40.734 ], [ -108.551, 40.716 ], [ -108.55, 40.708 ], [ -108.556, 40.706 ], [ -108.56, 40.694 ], [ -108.555, 40.692 ], [ -108.551, 40.678 ], [ -108.538, 40.671 ], [ -108.542, 40.654 ], [ -108.547, 40.655 ], [ -108.552, 40.649 ], [ -108.551, 40.63 ], [ -108.546, 40.624 ], [ -108.569, 40.607 ], [ -108.576, 40.61 ], [ -108.583, 40.607 ], [ -108.58, 40.598 ], [ -108.588, 40.594 ], [ -108.586, 40.583 ], [ -108.629, 40.553 ], [ -108.643, 40.559 ], [ -108.649, 40.556 ], [ -108.657, 40.564 ], [ -108.667, 40.561 ], [ -108.674, 40.565 ], [ -108.686, 40.563 ], [ -108.689, 40.571 ], [ -108.706, 40.579 ], [ -108.728, 40.575 ], [ -108.746, 40.585 ], [ -108.746, 40.593 ], [ -108.763, 40.591 ], [ -108.775, 40.601 ], [ -108.792, 40.599 ], [ -108.813, 40.59 ], [ -108.821, 40.592 ], [ -108.828, 40.604 ], [ -108.849, 40.6 ], [ -108.858, 40.61 ], [ -108.875, 40.607 ], [ -108.895, 40.583 ], [ -108.928, 40.574 ], [ -108.926, 40.567 ], [ -108.938, 40.56 ], [ -108.937, 40.552 ], [ -108.945, 40.552 ], [ -108.95, 40.543 ], [ -108.978, 40.539 ], [ -108.986, 40.528 ], [ -108.997, 40.576 ], [ -109.019, 40.593 ], [ -109.013, 40.611 ], [ -109.025, 40.619 ], [ -109.025, 40.63 ], [ -109.033, 40.64 ], [ -109.039, 40.646 ], [ -109.048, 40.644 ], [ -109.05, 41.001 ], [ -108.404, 41.0 ] ] ] } },
{ "type": "Feature", "properties": { "id": "140200" }, "geometry": { "type": "Polygon", "coordinates": [ [ [ -106.599, 38.998 ], [ -106.595, 38.991 ], [ -106.577, 38.99 ], [ -106.554, 38.999 ], [ -106.551, 38.992 ], [ -106.528, 38.981 ], [ -106.522, 38.969 ], [ -106.527, 38.955 ], [ -106.507, 38.946 ], [ -106.504, 38.937 ], [ -106.465, 38.91 ], [ -106.437, 38.915 ], [ -106.431, 38.924 ], [ -106.421, 38.928 ], [ -106.402, 38.911 ], [ -106.394, 38.912 ], [ -106.392, 38.919 ], [ -106.381, 38.926 ], [ -106.373, 38.907 ], [ -106.358, 38.913 ], [ -106.345, 38.907 ], [ -106.326, 38.911 ], [ -106.321, 38.893 ], [ -106.328, 38.882 ], [ -106.334, 38.881 ], [ -106.336, 38.872 ], [ -106.349, 38.865 ], [ -106.349, 38.855 ], [ -106.365, 38.853 ], [ -106.365, 38.846 ], [ -106.382, 38.833 ], [ -106.384, 38.825 ], [ -106.397, 38.823 ], [ -106.407, 38.829 ], [ -106.416, 38.824 ], [ -106.415, 38.816 ], [ -106.423, 38.808 ], [ -106.413, 38.791 ], [ -106.419, 38.766 ], [ -106.415, 38.757 ], [ -106.42, 38.751 ], [ -106.417, 38.728 ], [ -106.425, 38.71 ], [ -106.444, 38.709 ], [ -106.452, 38.698 ], [ -106.438, 38.683 ], [ -106.43, 38.651 ], [ -106.418, 38.645 ], [ -106.402, 38.646 ], [ -106.401, 38.64 ], [ -106.38, 38.639 ], [ -106.386, 38.625 ], [ -106.364, 38.615 ], [ -106.361, 38.595 ], [ -106.345, 38.569 ], [ -106.355, 38.543 ], [ -106.354, 38.534 ], [ -106.343, 38.521 ], [ -106.348, 38.513 ], [ -106.344, 38.504 ], [ -106.33, 38.494 ], [ -106.32, 38.498 ], [ -106.312, 38.495 ], [ -106.304, 38.478 ], [ -106.29, 38.473 ], [ -106.288, 38.461 ], [ -106.281, 38.454 ], [ -106.272, 38.455 ], [ -106.27, 38.445 ], [ -106.246, 38.439 ], [ -106.25, 38.433 ], [ -106.244, 38.419 ], [ -106.253, 38.4 ], [ -106.237, 38.38 ], [ -106.244, 38.352 ], [ -106.253, 38.348 ], [ -106.271, 38.353 ], [ -106.292, 38.345 ], [ -106.316, 38.343 ], [ -106.339, 38.287 ], [ -106.353, 38.292 ], [ -106.38, 38.293 ], [ -106.395, 38.282 ], [ -106.406, 38.286 ], [ -106.417, 38.281 ], [ -106.434, 38.282 ], [ -106.459, 38.301 ], [ -106.464, 38.313 ], [ -106.473, 38.313 ], [ -106.474, 38.322 ], [ -106.483, 38.316 ], [ -106.505, 38.315 ], [ -106.536, 38.262 ], [ -106.559, 38.252 ], [ -106.556, 38.246 ], [ -106.56, 38.234 ], [ -106.555, 38.229 ], [ -106.576, 38.212 ], [ -106.587, 38.189 ], [ -106.598, 38.189 ], [ -106.602, 38.171 ], [ -106.597, 38.157 ], [ -106.611, 38.135 ], [ -106.633, 38.128 ], [ -106.648, 38.11 ], [ -106.655, 38.11 ], [ -106.663, 38.097 ], [ -106.671, 38.094 ], [ -106.67, 38.087 ], [ -106.685, 38.081 ], [ -106.704, 38.08 ], [ -106.72, 38.092 ], [ -106.744, 38.093 ], [ -106.767, 38.08 ], [ -106.769, 38.072 ], [ -106.806, 38.031 ], [ -106.809, 38.016 ], [ -106.782, 38.002 ], [ -106.801, 37.986 ], [ -106.803, 37.972 ], [ -106.81, 37.97 ], [ -106.816, 37.956 ], [ -106.85, 37.957 ], [ -106.872, 37.942 ], [ -106.879, 37.95 ], [ -106.879, 37.96 ], [ -106.896, 37.968 ], [ -106.907, 37.963 ], [ -106.92, 37.967 ], [ -106.945, 37.952 ], [ -106.967, 37.975 ], [ -106.977, 37.969 ], [ -106.987, 37.969 ], [ -106.987, 37.963 ], [ -107.005, 37.957 ], [ -107.009, 37.946 ], [ -107.025, 37.954 ], [ -107.037, 37.949 ], [ -107.055, 37.951 ], [ -107.061, 37.96 ], [ -107.068, 37.961 ], [ -107.073, 37.955 ], [ -107.092, 37.949 ], [ -107.103, 37.955 ], [ -107.109, 37.944 ], [ -107.132, 37.937 ], [ -107.155, 37.94 ], [ -107.19, 37.937 ], [ -107.202, 37.93 ], [ -107.226, 37.926 ], [ -107.253, 37.929 ], [ -107.267, 37.938 ], [ -107.299, 37.905 ], [ -107.301, 37.899 ], [ -107.336, 37.876 ], [ -107.349, 37.857 ], [ -107.361, 37.859 ], [ -107.375, 37.856 ], [ -107.381, 37.861 ], [ -107.389, 37.855 ], [ -107.425, 37.859 ], [ -107.436, 37.846 ], [ -107.446, 37.844 ], [ -107.445, 37.849 ], [ -107.451, 37.847 ], [ -107.465, 37.859 ], [ -107.467, 37.846 ], [ -107.484, 37.845 ], [ -107.494, 37.85 ], [ -107.5, 37.84 ], [ -107.507, 37.841 ], [ -107.516, 37.834 ], [ -107.522, 37.842 ], [ -107.518, 37.857 ], [ -107.537, 37.88 ], [ -107.534, 37.889 ], [ -107.52, 37.901 ], [ -107.537, 37.921 ], [ -107.538, 37.933 ], [ -107.533, 37.944 ], [ -107.562, 37.955 ], [ -107.565, 37.961 ], [ -107.575, 37.961 ], [ -107.597, 37.941 ], [ -107.613, 37.934 ], [ -107.62, 37.915 ], [ -107.637, 37.924 ], [ -107.653, 37.909 ], [ -107.661, 37.909 ], [ -107.664, 37.903 ], [ -107.689, 37.902 ], [ -107.699, 37.892 ], [ -107.707, 37.894 ], [ -107.709, 37.899 ], [ -107.722, 37.898 ], [ -107.738, 37.905 ], [ -107.733, 37.93 ], [ -107.749, 37.953 ], [ -107.761, 37.96 ], [ -107.78, 37.962 ], [ -107.796, 37.988 ], [ -107.848, 37.992 ], [ -107.842, 38.006 ], [ -107.862, 38.009 ], [ -107.883, 38.007 ], [ -107.89, 38.012 ], [ -107.891, 38.025 ], [ -107.9, 38.026 ], [ -107.888, 38.045 ], [ -107.896, 38.073 ], [ -107.889, 38.088 ], [ -107.889, 38.109 ], [ -107.9, 38.118 ], [ -107.904, 38.115 ], [ -107.922, 38.12 ], [ -107.931, 38.111 ], [ -107.936, 38.118 ], [ -107.952, 38.11 ], [ -107.951, 38.125 ], [ -107.946, 38.133 ], [ -107.95, 38.133 ], [ -107.95, 38.143 ], [ -107.97, 38.147 ], [ -107.967, 38.162 ], [ -107.94, 38.177 ], [ -107.941, 38.188 ], [ -107.933, 38.196 ], [ -107.943, 38.212 ], [ -107.968, 38.223 ], [ -107.964, 38.23 ], [ -107.973, 38.232 ], [ -107.985, 38.227 ], [ -107.986, 38.234 ], [ -107.999, 38.236 ], [ -108.018, 38.232 ], [ -108.035, 38.222 ], [ -108.043, 38.23 ], [ -108.037, 38.258 ], [ -108.049, 38.261 ], [ -108.072, 38.254 ], [ -108.08, 38.255 ], [ -108.078, 38.274 ], [ -108.084, 38.277 ], [ -108.091, 38.275 ], [ -108.095, 38.281 ], [ -108.106, 38.273 ], [ -108.121, 38.274 ], [ -108.123, 38.306 ], [ -108.13, 38.313 ], [ -108.155, 38.302 ], [ -108.173, 38.306 ], [ -108.164, 38.318 ], [ -108.178, 38.319 ], [ -108.184, 38.325 ], [ -108.201, 38.315 ], [ -108.222, 38.319 ], [ -108.26, 38.367 ], [ -108.334, 38.405 ], [ -108.377, 38.412 ], [ -108.383, 38.418 ], [ -108.39, 38.414 ], [ -108.418, 38.417 ], [ -108.433, 38.425 ], [ -108.442, 38.439 ], [ -108.441, 38.447 ], [ -108.454, 38.447 ], [ -108.462, 38.462 ], [ -108.491, 38.472 ], [ -108.511, 38.47 ], [ -108.537, 38.458 ], [ -108.555, 38.475 ], [ -108.568, 38.477 ], [ -108.587, 38.5 ], [ -108.594, 38.518 ], [ -108.615, 38.53 ], [ -108.62, 38.547 ], [ -108.644, 38.551 ], [ -108.651, 38.574 ], [ -108.645, 38.59 ], [ -108.672, 38.601 ], [ -108.663, 38.607 ], [ -108.667, 38.624 ], [ -108.69, 38.642 ], [ -108.691, 38.651 ], [ -108.701, 38.654 ], [ -108.708, 38.67 ], [ -108.718, 38.678 ], [ -108.69, 38.696 ], [ -108.662, 38.7 ], [ -108.654, 38.71 ], [ -108.645, 38.71 ], [ -108.645, 38.717 ], [ -108.62, 38.746 ], [ -108.632, 38.753 ], [ -108.674, 38.761 ], [ -108.649, 38.769 ], [ -108.646, 38.778 ], [ -108.659, 38.796 ], [ -108.658, 38.804 ], [ -108.681, 38.795 ], [ -108.684, 38.802 ], [ -108.7, 38.798 ], [ -108.702, 38.806 ], [ -108.685, 38.825 ], [ -108.688, 38.85 ], [ -108.705, 38.854 ], [ -108.718, 38.843 ], [ -108.73, 38.846 ], [ -108.737, 38.838 ], [ -108.749, 38.836 ], [ -108.767, 38.84 ], [ -108.773, 38.837 ], [ -108.777, 38.844 ], [ -108.762, 38.882 ], [ -108.731, 38.901 ], [ -108.708, 38.947 ], [ -108.688, 38.959 ], [ -108.675, 38.98 ], [ -108.635, 38.996 ], [ -108.621, 38.991 ], [ -108.611, 38.994 ], [ -108.607, 39.003 ], [ -108.611, 39.018 ], [ -108.608, 39.02 ], [ -108.619, 39.023 ], [ -108.602, 39.051 ], [ -108.588, 39.057 ], [ -108.586, 39.063 ], [ -108.579, 39.063 ], [ -108.562, 39.05 ], [ -108.523, 39.046 ], [ -108.509, 39.033 ], [ -108.509, 39.021 ], [ -108.481, 39.014 ], [ -108.475, 39.017 ], [ -108.445, 39.015 ], [ -108.438, 39.019 ], [ -108.429, 39.016 ], [ -108.425, 39.022 ], [ -108.407, 39.016 ], [ -108.395, 39.021 ], [ -108.388, 39.032 ], [ -108.383, 39.028 ], [ -108.365, 39.028 ], [ -108.366, 39.022 ], [ -108.36, 39.015 ], [ -108.335, 39.012 ], [ -108.277, 39.04 ], [ -108.261, 39.041 ], [ -108.246, 39.051 ], [ -108.207, 39.05 ], [ -108.189, 39.059 ], [ -108.161, 39.04 ], [ -108.133, 39.032 ], [ -108.125, 39.042 ], [ -108.116, 39.044 ], [ -108.105, 39.032 ], [ -108.081, 39.036 ], [ -108.061, 39.047 ], [ -108.046, 39.046 ], [ -108.025, 39.054 ], [ -108.001, 39.051 ], [ -107.989, 39.052 ], [ -107.983, 39.059 ], [ -107.974, 39.061 ], [ -107.951, 39.06 ], [ -107.917, 39.065 ], [ -107.907, 39.061 ], [ -107.859, 39.08 ], [ -107.795, 39.062 ], [ -107.766, 39.043 ], [ -107.756, 39.054 ], [ -107.743, 39.058 ], [ -107.739, 39.066 ], [ -107.721, 39.065 ], [ -107.709, 39.083 ], [ -107.688, 39.088 ], [ -107.68, 39.1 ], [ -107.66, 39.112 ], [ -107.663, 39.116 ], [ -107.651, 39.131 ], [ -107.639, 39.142 ], [ -107.632, 39.141 ], [ -107.619, 39.155 ], [ -107.593, 39.165 ], [ -107.569, 39.181 ], [ -107.559, 39.178 ], [ -107.543, 39.182 ], [ -107.543, 39.196 ], [ -107.524, 39.198 ], [ -107.529, 39.203 ], [ -107.511, 39.216 ], [ -107.495, 39.219 ], [ -107.484, 39.235 ], [ -107.475, 39.229 ], [ -107.464, 39.228 ], [ -107.43, 39.24 ], [ -107.427, 39.258 ], [ -107.4, 39.253 ], [ -107.394, 39.256 ], [ -107.39, 39.251 ], [ -107.377, 39.246 ], [ -107.371, 39.239 ], [ -107.379, 39.231 ], [ -107.377, 39.199 ], [ -107.36, 39.185 ], [ -107.353, 39.173 ], [ -107.319, 39.166 ], [ -107.296, 39.154 ], [ -107.284, 39.128 ], [ -107.282, 39.119 ], [ -107.288, 39.115 ], [ -107.283, 39.113 ], [ -107.277, 39.09 ], [ -107.287, 39.064 ], [ -107.278, 39.054 ], [ -107.277, 39.041 ], [ -107.282, 39.037 ], [ -107.277, 39.03 ], [ -107.251, 39.029 ], [ -107.232, 39.02 ], [ -107.213, 39.032 ], [ -107.189, 39.033 ], [ -107.178, 39.03 ], [ -107.166, 39.005 ], [ -107.154, 38.994 ], [ -107.143, 38.996 ], [ -107.125, 38.991 ], [ -107.118, 38.995 ], [ -107.103, 38.992 ], [ -107.095, 39.011 ], [ -107.085, 39.0 ], [ -107.066, 38.993 ], [ -107.065, 38.988 ], [ -107.051, 38.985 ], [ -107.046, 38.988 ], [ -107.046, 39.016 ], [ -107.021, 39.014 ], [ -107.011, 39.027 ], [ -106.996, 39.034 ], [ -106.973, 39.029 ], [ -106.968, 39.031 ], [ -106.964, 39.017 ], [ -106.945, 39.015 ], [ -106.918, 38.999 ], [ -106.91, 39.001 ], [ -106.908, 38.993 ], [ -106.884, 38.991 ], [ -106.878, 38.994 ], [ -106.877, 39.007 ], [ -106.861, 39.01 ], [ -106.846, 38.986 ], [ -106.827, 38.978 ], [ -106.817, 38.981 ], [ -106.804, 38.978 ], [ -106.785, 38.986 ], [ -106.783, 38.999 ], [ -106.769, 39.008 ], [ -106.762, 39.019 ], [ -106.745, 39.027 ], [ -106.75, 39.043 ], [ -106.71, 39.048 ], [ -106.707, 39.054 ], [ -106.699, 39.056 ], [ -106.685, 39.045 ], [ -106.655, 39.044 ], [ -106.647, 39.033 ], [ -106.648, 39.022 ], [ -106.638, 39.019 ], [ -106.613, 38.996 ], [ -106.599, 38.998 ] ] ] } }
]
}
