{
"type": "FeatureCollection",
"name": "huc8_coarse",
"crs": { "type": "name", "properties": { "name": "urn:ogc:def:crs:OGC:1.3:CRS84" } },
"xy_coordinate_resolution": 0.001,
"features": [
{ "type": "Feature", "properties": { "id": "11080001" }, "geometry": { "type": "MultiPolygon", "coordinates": [ [ [ [ -104.96, 36.993 ], [ -104.956, 36.994 ], [ -104.952, 36.993 ], [ -104.96, 36.993 ] ] ], [ [ [ -104.557, 36.994 ], [ -104.556, 36.995 ], [ -104.554, 36.994 ], [ -104.557, 36.994 ] ] ], [ [ [ -104.451, 36.994 ], [ -104.448, 36.995 ], [ -104.442, 36.994 ], [ -104.451, 36.994 ] ] ], [ [ [ -104.496, 36.994 ], [ -104.504, 36.994 ], [ -104.502, 36.995 ], [ -104.499, 36.995 ], [ -104.496, 36.994 ] ] ], [ [ [ -104.507, 36.994 ], [ -104.551, 36.994 ], [ -104.54, 37.0 ], [ -104.523, 37.002 ], [ -104.507, 36.994 ] ] ], [ [ [ -104.329, 37.033 ], [ -104.333, 37.013 ], [ -104.327, 37.006 ], [ -104.286, 36.994 ], [ -104.435, 36.994 ], [ -104.426, 37.011 ], [ -104.438, 37.047 ], [ -104.414, 37.04 ], [ -104.39, 37.04 ], [ -104.371, 37.033 ], [ -104.353, 37.038 ], [ -104.349, 37.047 ], [ -104.336, 37.046 ], [ -104.329, 37.033 ] ] ], [ [ [ -105.198, 37.07 ], [ -105.192, 37.062 ], [ -105.178, 37.056 ], [ -105.164, 37.058 ], [ -105.142, 37.053 ], [ -105.134, 37.041 ], [ -105.121, 37.039 ], [ -105.11, 37.028 ], [ -105.068, 37.019 ], [ -105.051, 37.007 ], [ -104.994, 36.993 ], [ -105.221, 36.995 ], [ -105.236, 37.016 ], [ -105.237, 37.031 ], [ -105.228, 37.043 ], [ -105.21, 37.055 ], [ -105.209, 37.072 ], [ -105.198, 37.07 ] ] ] ] } },
{ "type": "Feature", "properties": { "id": "10190003" }, "geometry": { "type": "Polygon", "coordinates": [ [ [ -104.222, 40.638 ], [ -104.203, 40.62 ], [ -104.193, 40.62 ], [ -104.186, 40.59 ], [ -104.191, 40.584 ], [ -104.176, 40.575 ], [ -104.166, 40.561 ], [ -104.136, 40.554 ], [ -104.11, 40.537 ], [ -104.098, 40.534 ], [ -104.085, 40.54 ], [ -104.081, 40.549 ], [ -104.076, 40.542 ], [ -104.043, 40.534 ], [ -104.028, 40.519 ], [ -103.997, 40.501 ], [ -103.993, 40.488 ], [ -103.983, 40.485 ], [ -103.981, 40.471 ], [ -103.972, 40.465 ], [ -103.956, 40.462 ], [ -103.943, 40.449 ], [ -103.925, 40.453 ], [ -103.891, 40.421 ], [ -103.861, 40.37 ], [ -103.854, 40.37 ], [ -103.849, 40.364 ], [ -103.855, 40.35 ], [ -103.839, 40.327 ], [ -103.845, 40.315 ], [ -103.863, 40.305 ], [ -103.861, 40.285 ], [ -103.879, 40.286 ], [ -103.904, 40.276 ], [ -103.931, 40.276 ], [ -103.945, 40.269 ], [ -103.961, 40.268 ], [ -103.977, 40.294 ], [ -103.985, 40.298 ], [ -103.998, 40.298 ], [ -104.019, 40.283 ], [ -104.034, 40.261 ], [ -104.055, 40.247 ], [ -104.053, 40.237 ], [ -104.064, 40.227 ], [ -104.07, 40.228 ], [ -104.072, 40.235 ], [ -104.064, 40.239 ], [ -104.069, 40.26 ], [ -104.064, 40.306 ], [ -104.076, 40.332 ], [ -104.089, 40.338 ], [ -104.083, 40.326 ], [ -104.095, 40.308 ], [ -104.094, 40.274 ], [ -104.101, 40.262 ], [ -104.101, 40.25 ], [ -104.107, 40.248 ], [ -104.102, 40.235 ], [ -104.112, 40.22 ], [ -104.107, 40.198 ], [ -104.125, 40.191 ], [ -104.135, 40.199 ], [ -104.135, 40.204 ], [ -104.143, 40.205 ], [ -104.156, 40.223 ], [ -104.164, 40.226 ], [ -104.17, 40.216 ], [ -104.183, 40.215 ], [ -104.193, 40.201 ], [ -104.201, 40.202 ], [ -104.206, 40.183 ], [ -104.213, 40.186 ], [ -104.218, 40.177 ], [ -104.213, 40.156 ], [ -104.223, 40.154 ], [ -104.224, 40.149 ], [ -104.23, 40.15 ], [ -104.246, 40.136 ], [ -104.245, 40.126 ], [ -104.255, 40.107 ], [ -104.251, 40.102 ], [ -104.263, 40.081 ], [ -104.284, 40.074 ], [ -104.292, 40.042 ], [ -104.309, 40.036 ], [ -104.311, 40.012 ], [ -104.32, 39.99 ], [ -104.318, 39.966 ], [ -104.326, 39.952 ], [ -104.337, 39.949 ], [ -104.345, 39.952 ], [ -104.348, 39.946 ], [ -104.342, 39.925 ], [ -104.352, 39.912 ], [ -104.344, 39.892 ], [ -104.351, 39.886 ], [ -104.351, 39.876 ], [ -104.364, 39.869 ], [ -104.37, 39.846 ], [ -104.39, 39.831 ], [ -104.402, 39.812 ], [ -104.41, 39.774 ], [ -104.43, 39.755 ], [ -104.428, 39.742 ], [ -104.452, 39.713 ], [ -104.455, 39.694 ], [ -104.488, 39.683 ], [ -104.494, 39.67 ], [ -104.493, 39.642 ], [ -104.501, 39.637 ], [ -104.5, 39.617 ], [ -104.509, 39.605 ], [ -104.501, 39.539 ], [ -104.509, 39.525 ], [ -104.505, 39.497 ], [ -104.517, 39.49 ], [ -104.509, 39.48 ], [ -104.513, 39.462 ], [ -104.507, 39.451 ], [ -104.517, 39.448 ], [ -104.518, 39.434 ], [ -104.535, 39.433 ], [ -104.549, 39.423 ], [ -104.552, 39.407 ], [ -104.575, 39.375 ], [ -104.57, 39.368 ], [ -104.571, 39.349 ], [ -104.565, 39.343 ], [ -104.57, 39.32 ], [ -104.563, 39.311 ], [ -104.553, 39.256 ], [ -104.573, 39.253 ], [ -104.579, 39.246 ], [ -104.576, 39.229 ], [ -104.581, 39.218 ], [ -104.577, 39.202 ], [ -104.587, 39.197 ], [ -104.598, 39.176 ], [ -104.609, 39.172 ], [ -104.618, 39.145 ], [ -104.628, 39.141 ], [ -104.64, 39.126 ], [ -104.656, 39.118 ], [ -104.659, 39.108 ], [ -104.648, 39.105 ], [ -104.643, 39.092 ], [ -104.662, 39.076 ], [ -104.672, 39.056 ], [ -104.675, 39.032 ], [ -104.709, 39.045 ], [ -104.717, 39.04 ], [ -104.723, 39.044 ], [ -104.723, 39.049 ], [ -104.738, 39.061 ], [ -104.74, 39.069 ], [ -104.764, 39.065 ], [ -104.778, 39.072 ], [ -104.8, 39.074 ], [ -104.802, 39.087 ], [ -104.816, 39.09 ], [ -104.811, 39.104 ], [ -104.841, 39.121 ], [ -104.826, 39.137 ], [ -104.829, 39.141 ], [ -104.815, 39.144 ], [ -104.813, 39.161 ], [ -104.818, 39.17 ], [ -104.81, 39.185 ], [ -104.821, 39.208 ], [ -104.831, 39.209 ], [ -104.844, 39.221 ], [ -104.839, 39.228 ], [ -104.842, 39.24 ], [ -104.854, 39.258 ], [ -104.831, 39.272 ], [ -104.825, 39.293 ], [ -104.816, 39.303 ], [ -104.809, 39.328 ], [ -104.819, 39.337 ], [ -104.816, 39.348 ], [ -104.821, 39.354 ], [ -104.813, 39.362 ], [ -104.83, 39.375 ], [ -104.837, 39.411 ], [ -104.842, 39.418 ], [ -104.851, 39.415 ], [ -104.857, 39.419 ], [ -104.856, 39.428 ], [ -104.87, 39.438 ], [ -104.866, 39.444 ], [ -104.873, 39.45 ], [ -104.898, 39.446 ], [ -104.903, 39.457 ], [ -104.899, 39.465 ], [ -104.904, 39.469 ], [ -104.919, 39.471 ], [ -104.925, 39.481 ], [ -104.901, 39.493 ], [ -104.885, 39.511 ], [ -104.889, 39.518 ], [ -104.869, 39.531 ], [ -104.873, 39.538 ], [ -104.868, 39.556 ], [ -104.88, 39.583 ], [ -104.878, 39.591 ], [ -104.891, 39.599 ], [ -104.89, 39.605 ], [ -104.921, 39.646 ], [ -104.915, 39.662 ], [ -104.925, 39.672 ], [ -104.924, 39.683 ], [ -104.958, 39.709 ], [ -104.982, 39.717 ], [ -105.001, 39.731 ], [ -105.001, 39.747 ], [ -105.01, 39.754 ], [ -105.049, 39.764 ], [ -105.037, 39.767 ], [ -105.023, 39.791 ], [ -104.995, 39.8 ], [ -104.981, 39.809 ], [ -104.978, 39.818 ], [ -104.958, 39.823 ], [ -104.949, 39.83 ], [ -104.963, 39.84 ], [ -104.979, 39.839 ], [ -104.992, 39.844 ], [ -104.997, 39.842 ], [ -105.017, 39.851 ], [ -105.026, 39.849 ], [ -105.028, 39.856 ], [ -105.038, 39.859 ], [ -105.057, 39.863 ], [ -105.085, 39.858 ], [ -105.105, 39.86 ], [ -105.115, 39.849 ], [ -105.124, 39.853 ], [ -105.169, 39.851 ], [ -105.198, 39.862 ], [ -105.226, 39.863 ], [ -105.266, 39.874 ], [ -105.273, 39.868 ], [ -105.275, 39.871 ], [ -105.188, 39.911 ], [ -105.175, 39.908 ], [ -105.145, 39.915 ], [ -105.109, 39.914 ], [ -105.101, 39.922 ], [ -105.106, 39.93 ], [ -105.086, 39.935 ], [ -105.085, 39.941 ], [ -105.069, 39.948 ], [ -105.069, 39.954 ], [ -105.05, 39.96 ], [ -105.025, 39.977 ], [ -105.025, 39.99 ], [ -105.012, 40.0 ], [ -105.003, 40.018 ], [ -105.013, 40.021 ], [ -105.017, 40.033 ], [ -105.001, 40.041 ], [ -104.976, 40.042 ], [ -104.966, 40.052 ], [ -104.956, 40.053 ], [ -104.903, 40.097 ], [ -104.889, 40.128 ], [ -104.892, 40.14 ], [ -104.886, 40.143 ], [ -104.886, 40.157 ], [ -104.871, 40.171 ], [ -104.869, 40.198 ], [ -104.878, 40.223 ], [ -104.869, 40.237 ], [ -104.874, 40.272 ], [ -104.889, 40.28 ], [ -104.87, 40.285 ], [ -104.87, 40.296 ], [ -104.845, 40.306 ], [ -104.835, 40.32 ], [ -104.761, 40.354 ], [ -104.783, 40.373 ], [ -104.806, 40.371 ], [ -104.822, 40.381 ], [ -104.815, 40.384 ], [ -104.814, 40.391 ], [ -104.789, 40.39 ], [ -104.774, 40.399 ], [ -104.753, 40.389 ], [ -104.734, 40.388 ], [ -104.721, 40.4 ], [ -104.712, 40.4 ], [ -104.705, 40.406 ], [ -104.694, 40.396 ], [ -104.676, 40.393 ], [ -104.667, 40.396 ], [ -104.663, 40.405 ], [ -104.64, 40.409 ], [ -104.629, 40.407 ], [ -104.618, 40.417 ], [ -104.603, 40.418 ], [ -104.6, 40.423 ], [ -104.61, 40.434 ], [ -104.627, 40.44 ], [ -104.631, 40.464 ], [ -104.602, 40.464 ], [ -104.597, 40.426 ], [ -104.585, 40.423 ], [ -104.58, 40.447 ], [ -104.584, 40.469 ], [ -104.571, 40.474 ], [ -104.56, 40.489 ], [ -104.563, 40.501 ], [ -104.555, 40.507 ], [ -104.541, 40.489 ], [ -104.529, 40.438 ], [ -104.49, 40.386 ], [ -104.489, 40.395 ], [ -104.475, 40.403 ], [ -104.475, 40.409 ], [ -104.459, 40.409 ], [ -104.457, 40.412 ], [ -104.451, 40.409 ], [ -104.445, 40.439 ], [ -104.411, 40.457 ], [ -104.402, 40.457 ], [ -104.396, 40.469 ], [ -104.345, 40.491 ], [ -104.351, 40.508 ], [ -104.335, 40.537 ], [ -104.324, 40.548 ], [ -104.315, 40.548 ], [ -104.309, 40.565 ], [ -104.278, 40.587 ], [ -104.277, 40.595 ], [ -104.265, 40.597 ], [ -104.272, 40.61 ], [ -104.27, 40.62 ], [ -104.256, 40.633 ], [ -104.259, 40.64 ], [ -104.234, 40.643 ], [ -104.222, 40.638 ] ] ] } },
{ "type": "Feature", "properties": { "id": "10190004" }, "geometry": { "type": "Polygon", "coordinates": [ [ [ -105.273, 39.868 ], [ -105.266, 39.874 ], [ -105.226, 39.863 ], [ -105.198, 39.862 ], [ -105.178, 39.852 ], [ -105.124, 39.853 ], [ -105.115, 39.849 ], [ -105.105, 39.86 ], [ -105.085, 39.858 ], [ -105.057, 39.863 ], [ -105.038, 39.859 ], [ -105.028, 39.856 ], [ -105.026, 39.849 ], [ -105.017, 39.851 ], [ -104.997, 39.842 ], [ -104.992, 39.844 ], [ -104.979, 39.839 ], [ -104.963, 39.84 ], [ -104.949, 39.828 ], [ -104.977, 39.819 ], [ -104.981, 39.809 ], [ -104.994, 39.801 ], [ -105.023, 39.791 ], [ -105.038, 39.767 ], [ -105.071, 39.761 ], [ -105.084, 39.764 ], [ -105.112, 39.747 ], [ -105.146, 39.737 ], [ -105.166, 39.718 ], [ -105.166, 39.705 ], [ -105.172, 39.7 ], [ -105.183, 39.709 ], [ -105.191, 39.705 ], [ -105.197, 39.708 ], [ -105.201, 39.7 ], [ -105.212, 39.698 ], [ -105.253, 39.715 ], [ -105.263, 39.712 ], [ -105.292, 39.719 ], [ -105.298, 39.7 ], [ -105.311, 39.712 ], [ -105.327, 39.711 ], [ -105.34, 39.693 ], [ -105.354, 39.698 ], [ -105.373, 39.687 ], [ -105.39, 39.688 ], [ -105.395, 39.666 ], [ -105.409, 39.665 ], [ -105.416, 39.671 ], [ -105.44, 39.674 ], [ -105.456, 39.667 ], [ -105.472, 39.679 ], [ -105.485, 39.676 ], [ -105.5, 39.683 ], [ -105.531, 39.674 ], [ -105.56, 39.675 ], [ -105.568, 39.67 ], [ -105.582, 39.67 ], [ -105.596, 39.66 ], [ -105.608, 39.623 ], [ -105.646, 39.601 ], [ -105.655, 39.601 ], [ -105.651, 39.613 ], [ -105.661, 39.617 ], [ -105.676, 39.611 ], [ -105.681, 39.614 ], [ -105.69, 39.6 ], [ -105.711, 39.591 ], [ -105.719, 39.601 ], [ -105.734, 39.595 ], [ -105.765, 39.593 ], [ -105.783, 39.618 ], [ -105.783, 39.629 ], [ -105.793, 39.636 ], [ -105.817, 39.634 ], [ -105.821, 39.643 ], [ -105.849, 39.644 ], [ -105.865, 39.667 ], [ -105.88, 39.664 ], [ -105.885, 39.657 ], [ -105.897, 39.665 ], [ -105.911, 39.662 ], [ -105.927, 39.673 ], [ -105.92, 39.69 ], [ -105.925, 39.699 ], [ -105.921, 39.71 ], [ -105.912, 39.715 ], [ -105.907, 39.727 ], [ -105.891, 39.731 ], [ -105.883, 39.739 ], [ -105.88, 39.759 ], [ -105.892, 39.782 ], [ -105.887, 39.797 ], [ -105.855, 39.796 ], [ -105.852, 39.788 ], [ -105.823, 39.786 ], [ -105.799, 39.803 ], [ -105.764, 39.795 ], [ -105.736, 39.805 ], [ -105.734, 39.813 ], [ -105.724, 39.818 ], [ -105.717, 39.836 ], [ -105.696, 39.839 ], [ -105.69, 39.852 ], [ -105.681, 39.847 ], [ -105.66, 39.85 ], [ -105.651, 39.848 ], [ -105.647, 39.854 ], [ -105.607, 39.866 ], [ -105.592, 39.876 ], [ -105.538, 39.865 ], [ -105.533, 39.869 ], [ -105.521, 39.869 ], [ -105.505, 39.859 ], [ -105.47, 39.875 ], [ -105.449, 39.877 ], [ -105.433, 39.864 ], [ -105.432, 39.874 ], [ -105.421, 39.879 ], [ -105.425, 39.889 ], [ -105.419, 39.894 ], [ -105.397, 39.888 ], [ -105.363, 39.869 ], [ -105.352, 39.877 ], [ -105.333, 39.869 ], [ -105.307, 39.871 ], [ -105.29, 39.864 ], [ -105.274, 39.85 ], [ -105.273, 39.868 ] ] ] } },
{ "type": "Feature", "properties": { "id": "10190006" }, "geometry": { "type": "Polygon", "coordinates": [ [ [ -104.822, 40.381 ], [ -104.806, 40.371 ], [ -104.783, 40.373 ], [ -104.761, 40.354 ], [ -104.835, 40.32 ], [ -104.845, 40.306 ], [ -104.87, 40.296 ], [ -104.87, 40.285 ], [ -104.891, 40.278 ], [ -104.907, 40.28 ], [ -104.921, 40.274 ], [ -104.932, 40.278 ], [ -104.946, 40.273 ], [ -104.958, 40.278 ], [ -104.972, 40.27 ], [ -105.007, 40.268 ], [ -105.02, 40.251 ], [ -105.043, 40.244 ], [ -105.057, 40.235 ], [ -105.097, 40.235 ], [ -105.102, 40.244 ], [ -105.118, 40.253 ], [ -105.144, 40.247 ], [ -105.157, 40.254 ], [ -105.178, 40.242 ], [ -105.198, 40.246 ], [ -105.198, 40.234 ], [ -105.216, 40.25 ], [ -105.236, 40.257 ], [ -105.248, 40.255 ], [ -105.251, 40.262 ], [ -105.264, 40.259 ], [ -105.269, 40.251 ], [ -105.271, 40.256 ], [ -105.284, 40.257 ], [ -105.281, 40.272 ], [ -105.29, 40.272 ], [ -105.302, 40.28 ], [ -105.306, 40.277 ], [ -105.316, 40.28 ], [ -105.325, 40.27 ], [ -105.34, 40.278 ], [ -105.362, 40.262 ], [ -105.378, 40.263 ], [ -105.386, 40.259 ], [ -105.385, 40.256 ], [ -105.392, 40.258 ], [ -105.405, 40.251 ], [ -105.422, 40.249 ], [ -105.438, 40.236 ], [ -105.449, 40.236 ], [ -105.448, 40.231 ], [ -105.456, 40.227 ], [ -105.484, 40.23 ], [ -105.487, 40.245 ], [ -105.505, 40.262 ], [ -105.524, 40.299 ], [ -105.569, 40.296 ], [ -105.593, 40.286 ], [ -105.606, 40.274 ], [ -105.607, 40.263 ], [ -105.615, 40.255 ], [ -105.631, 40.248 ], [ -105.647, 40.251 ], [ -105.654, 40.261 ], [ -105.683, 40.273 ], [ -105.681, 40.284 ], [ -105.687, 40.288 ], [ -105.682, 40.292 ], [ -105.688, 40.294 ], [ -105.691, 40.309 ], [ -105.703, 40.313 ], [ -105.698, 40.32 ], [ -105.729, 40.335 ], [ -105.737, 40.347 ], [ -105.757, 40.351 ], [ -105.774, 40.365 ], [ -105.791, 40.387 ], [ -105.791, 40.399 ], [ -105.803, 40.412 ], [ -105.799, 40.418 ], [ -105.793, 40.418 ], [ -105.794, 40.427 ], [ -105.779, 40.433 ], [ -105.76, 40.432 ], [ -105.75, 40.445 ], [ -105.726, 40.434 ], [ -105.702, 40.434 ], [ -105.701, 40.438 ], [ -105.689, 40.444 ], [ -105.691, 40.449 ], [ -105.683, 40.454 ], [ -105.683, 40.462 ], [ -105.664, 40.468 ], [ -105.662, 40.478 ], [ -105.647, 40.483 ], [ -105.647, 40.49 ], [ -105.631, 40.5 ], [ -105.632, 40.514 ], [ -105.59, 40.515 ], [ -105.587, 40.52 ], [ -105.556, 40.505 ], [ -105.516, 40.519 ], [ -105.506, 40.536 ], [ -105.522, 40.555 ], [ -105.514, 40.58 ], [ -105.481, 40.595 ], [ -105.472, 40.605 ], [ -105.446, 40.605 ], [ -105.437, 40.617 ], [ -105.419, 40.621 ], [ -105.404, 40.615 ], [ -105.395, 40.602 ], [ -105.379, 40.603 ], [ -105.364, 40.609 ], [ -105.362, 40.617 ], [ -105.35, 40.624 ], [ -105.337, 40.628 ], [ -105.331, 40.624 ], [ -105.319, 40.629 ], [ -105.303, 40.622 ], [ -105.28, 40.624 ], [ -105.272, 40.618 ], [ -105.25, 40.624 ], [ -105.244, 40.598 ], [ -105.21, 40.576 ], [ -105.202, 40.564 ], [ -105.197, 40.539 ], [ -105.179, 40.517 ], [ -105.183, 40.497 ], [ -105.177, 40.489 ], [ -105.159, 40.494 ], [ -105.152, 40.483 ], [ -105.143, 40.49 ], [ -105.135, 40.473 ], [ -105.092, 40.471 ], [ -105.073, 40.467 ], [ -105.062, 40.47 ], [ -105.051, 40.464 ], [ -105.041, 40.464 ], [ -105.031, 40.454 ], [ -105.018, 40.458 ], [ -105.012, 40.448 ], [ -104.99, 40.444 ], [ -104.983, 40.436 ], [ -104.969, 40.433 ], [ -104.94, 40.416 ], [ -104.923, 40.4 ], [ -104.892, 40.398 ], [ -104.865, 40.374 ], [ -104.848, 40.378 ], [ -104.834, 40.375 ], [ -104.822, 40.381 ] ] ] } },
{ "type": "Feature", "properties": { "id": "10190007" }, "geometry": { "type": "Polygon", "coordinates": [ [ [ -105.031, 40.998 ], [ -105.025, 40.987 ], [ -105.011, 40.977 ], [ -105.009, 40.954 ], [ -104.973, 40.91 ], [ -104.973, 40.903 ], [ -104.965, 40.901 ], [ -104.968, 40.892 ], [ -104.959, 40.868 ], [ -104.95, 40.864 ], [ -104.952, 40.858 ], [ -104.944, 40.851 ], [ -104.946, 40.848 ], [ -104.928, 40.83 ], [ -104.93, 40.813 ], [ -104.916, 40.795 ], [ -104.885, 40.771 ], [ -104.884, 40.764 ], [ -104.897, 40.748 ], [ -104.895, 40.739 ], [ -104.885, 40.735 ], [ -104.883, 40.721 ], [ -104.857, 40.704 ], [ -104.846, 40.686 ], [ -104.827, 40.683 ], [ -104.824, 40.675 ], [ -104.791, 40.661 ], [ -104.751, 40.622 ], [ -104.743, 40.606 ], [ -104.697, 40.58 ], [ -104.687, 40.562 ], [ -104.694, 40.552 ], [ -104.693, 40.533 ], [ -104.699, 40.527 ], [ -104.688, 40.505 ], [ -104.651, 40.488 ], [ -104.646, 40.474 ], [ -104.627, 40.46 ], [ -104.631, 40.45 ], [ -104.627, 40.44 ], [ -104.609, 40.434 ], [ -104.6, 40.425 ], [ -104.603, 40.419 ], [ -104.618, 40.417 ], [ -104.629, 40.407 ], [ -104.64, 40.409 ], [ -104.663, 40.405 ], [ -104.667, 40.396 ], [ -104.675, 40.393 ], [ -104.694, 40.396 ], [ -104.705, 40.406 ], [ -104.712, 40.4 ], [ -104.721, 40.4 ], [ -104.734, 40.388 ], [ -104.753, 40.389 ], [ -104.774, 40.399 ], [ -104.789, 40.39 ], [ -104.814, 40.391 ], [ -104.815, 40.384 ], [ -104.829, 40.381 ], [ -104.834, 40.375 ], [ -104.848, 40.378 ], [ -104.865, 40.374 ], [ -104.892, 40.398 ], [ -104.923, 40.4 ], [ -104.94, 40.416 ], [ -104.969, 40.433 ], [ -104.983, 40.436 ], [ -104.99, 40.444 ], [ -105.012, 40.448 ], [ -105.018, 40.458 ], [ -105.031, 40.454 ], [ -105.041, 40.464 ], [ -105.051, 40.464 ], [ -105.062, 40.47 ], [ -105.073, 40.467 ], [ -105.092, 40.471 ], [ -105.135, 40.473 ], [ -105.143, 40.49 ], [ -105.152, 40.483 ], [ -105.159, 40.494 ], [ -105.178, 40.49 ], [ -105.183, 40.497 ], [ -105.179, 40.517 ], [ -105.197, 40.539 ], [ -105.202, 40.564 ], [ -105.21, 40.576 ], [ -105.244, 40.598 ], [ -105.25, 40.624 ], [ -105.272, 40.618 ], [ -105.28, 40.624 ], [ -105.303, 40.622 ], [ -105.319, 40.629 ], [ -105.331, 40.624 ], [ -105.337, 40.628 ], [ -105.35, 40.624 ], [ -105.362, 40.617 ], [ -105.364, 40.609 ], [ -105.379, 40.603 ], [ -105.395, 40.602 ], [ -105.404, 40.615 ], [ -105.419, 40.621 ], [ -105.437, 40.617 ], [ -105.446, 40.605 ], [ -105.472, 40.605 ], [ -105.481, 40.595 ], [ -105.514, 40.58 ], [ -105.522, 40.555 ], [ -105.506, 40.536 ], [ -105.516, 40.519 ], [ -105.556, 40.505 ], [ -105.587, 40.52 ], [ -105.59, 40.515 ], [ -105.632, 40.514 ], [ -105.631, 40.5 ], [ -105.647, 40.49 ], [ -105.647, 40.483 ], [ -105.662, 40.478 ], [ -105.664, 40.468 ], [ -105.683, 40.462 ], [ -105.683, 40.454 ], [ -105.691, 40.449 ], [ -105.689, 40.444 ], [ -105.701, 40.438 ], [ -105.702, 40.434 ], [ -105.726, 40.434 ], [ -105.75, 40.445 ], [ -105.76, 40.432 ], [ -105.779, 40.433 ], [ -105.794, 40.427 ], [ -105.793, 40.418 ], [ -105.799, 40.418 ], [ -105.803, 40.412 ], [ -105.808, 40.415 ], [ -105.818, 40.426 ], [ -105.816, 40.437 ], [ -105.806, 40.448 ], [ -105.804, 40.464 ], [ -105.811, 40.471 ], [ -105.807, 40.474 ], [ -105.855, 40.486 ], [ -105.852, 40.507 ], [ -105.87, 40.521 ], [ -105.88, 40.524 ], [ -105.908, 40.516 ], [ -105.911, 40.522 ], [ -105.905, 40.536 ], [ -105.911, 40.553 ], [ -105.909, 40.564 ], [ -105.922, 40.575 ], [ -105.93, 40.607 ], [ -105.915, 40.625 ], [ -105.899, 40.628 ], [ -105.889, 40.614 ], [ -105.855, 40.617 ], [ -105.85, 40.609 ], [ -105.829, 40.623 ], [ -105.829, 40.63 ], [ -105.837, 40.631 ], [ -105.848, 40.64 ], [ -105.831, 40.661 ], [ -105.844, 40.66 ], [ -105.845, 40.679 ], [ -105.838, 40.686 ], [ -105.816, 40.69 ], [ -105.821, 40.72 ], [ -105.813, 40.733 ], [ -105.791, 40.742 ], [ -105.789, 40.759 ], [ -105.778, 40.758 ], [ -105.773, 40.764 ], [ -105.779, 40.77 ], [ -105.774, 40.773 ], [ -105.776, 40.779 ], [ -105.762, 40.783 ], [ -105.774, 40.796 ], [ -105.773, 40.811 ], [ -105.764, 40.815 ], [ -105.755, 40.83 ], [ -105.761, 40.833 ], [ -105.761, 40.842 ], [ -105.783, 40.844 ], [ -105.794, 40.852 ], [ -105.788, 40.871 ], [ -105.779, 40.872 ], [ -105.771, 40.878 ], [ -105.782, 40.893 ], [ -105.775, 40.899 ], [ -105.772, 40.916 ], [ -105.739, 40.936 ], [ -105.729, 40.955 ], [ -105.671, 40.976 ], [ -105.665, 40.975 ], [ -105.661, 40.985 ], [ -105.646, 40.997 ], [ -105.031, 40.998 ] ] ] } },
{ "type": "Feature", "properties": { "id": "10190008" }, "geometry": { "type": "Polygon", "coordinates": [ [ [ -104.555, 40.507 ], [ -104.563, 40.501 ], [ -104.56, 40.489 ], [ -104.571, 40.474 ], [ -104.584, 40.469 ], [ -104.58, 40.447 ], [ -104.585, 40.423 ], [ -104.589, 40.424 ], [ -104.597, 40.426 ], [ -104.602, 40.464 ], [ -104.631, 40.464 ], [ -104.647, 40.475 ], [ -104.652, 40.489 ], [ -104.688, 40.505 ], [ -104.699, 40.527 ], [ -104.693, 40.533 ], [ -104.694, 40.552 ], [ -104.687, 40.562 ], [ -104.697, 40.58 ], [ -104.743, 40.606 ], [ -104.751, 40.622 ], [ -104.791, 40.661 ], [ -104.824, 40.675 ], [ -104.827, 40.683 ], [ -104.846, 40.686 ], [ -104.857, 40.704 ], [ -104.883, 40.721 ], [ -104.885, 40.735 ], [ -104.895, 40.739 ], [ -104.897, 40.748 ], [ -104.884, 40.764 ], [ -104.885, 40.771 ], [ -104.916, 40.795 ], [ -104.93, 40.813 ], [ -104.928, 40.83 ], [ -104.946, 40.848 ], [ -104.944, 40.851 ], [ -104.952, 40.858 ], [ -104.95, 40.864 ], [ -104.959, 40.868 ], [ -104.968, 40.892 ], [ -104.965, 40.901 ], [ -104.973, 40.903 ], [ -104.973, 40.91 ], [ -105.009, 40.954 ], [ -105.011, 40.977 ], [ -105.025, 40.987 ], [ -105.031, 40.998 ], [ -104.829, 40.999 ], [ -104.833, 40.991 ], [ -104.821, 40.989 ], [ -104.806, 40.997 ], [ -104.789, 40.998 ], [ -104.764, 40.99 ], [ -104.762, 40.976 ], [ -104.71, 40.969 ], [ -104.705, 40.963 ], [ -104.708, 40.958 ], [ -104.695, 40.95 ], [ -104.695, 40.94 ], [ -104.684, 40.941 ], [ -104.672, 40.937 ], [ -104.677, 40.92 ], [ -104.662, 40.904 ], [ -104.661, 40.884 ], [ -104.653, 40.876 ], [ -104.649, 40.862 ], [ -104.652, 40.859 ], [ -104.647, 40.855 ], [ -104.657, 40.845 ], [ -104.653, 40.837 ], [ -104.663, 40.836 ], [ -104.616, 40.766 ], [ -104.625, 40.757 ], [ -104.634, 40.756 ], [ -104.634, 40.75 ], [ -104.603, 40.717 ], [ -104.6, 40.679 ], [ -104.591, 40.673 ], [ -104.602, 40.649 ], [ -104.582, 40.624 ], [ -104.582, 40.597 ], [ -104.56, 40.566 ], [ -104.549, 40.563 ], [ -104.546, 40.557 ], [ -104.546, 40.539 ], [ -104.553, 40.532 ], [ -104.55, 40.523 ], [ -104.558, 40.511 ], [ -104.555, 40.507 ] ] ] } },
{ "type": "Feature", "properties": { "id": "10190011" }, "geometry": { "type": "Polygon", "coordinates": [ [ [ -103.861, 40.285 ], [ -103.885, 40.248 ], [ -103.916, 40.242 ], [ -103.921, 40.233 ], [ -103.952, 40.231 ], [ -103.955, 40.218 ], [ -103.965, 40.209 ], [ -103.969, 40.213 ], [ -103.982, 40.211 ], [ -103.98, 40.2 ], [ -103.988, 40.199 ], [ -103.985, 40.19 ], [ -103.992, 40.188 ], [ -103.989, 40.18 ], [ -103.994, 40.177 ], [ -103.987, 40.17 ], [ -103.991, 40.163 ], [ -103.98, 40.143 ], [ -103.98, 40.124 ], [ -103.973, 40.108 ], [ -103.961, 40.096 ], [ -103.963, 40.089 ], [ -103.946, 40.071 ], [ -103.953, 40.061 ], [ -103.938, 40.032 ], [ -103.946, 40.007 ], [ -103.943, 39.997 ], [ -103.917, 39.961 ], [ -103.909, 39.927 ], [ -103.89, 39.901 ], [ -103.902, 39.886 ], [ -103.898, 39.876 ], [ -103.902, 39.865 ], [ -103.913, 39.855 ], [ -103.92, 39.856 ], [ -103.931, 39.803 ], [ -103.923, 39.786 ], [ -103.927, 39.768 ], [ -103.918, 39.762 ], [ -103.923, 39.712 ], [ -103.908, 39.698 ], [ -103.914, 39.698 ], [ -103.918, 39.689 ], [ -103.914, 39.675 ], [ -103.921, 39.668 ], [ -103.909, 39.662 ], [ -103.906, 39.649 ], [ -103.898, 39.645 ], [ -103.9, 39.635 ], [ -103.884, 39.619 ], [ -103.872, 39.593 ], [ -103.88, 39.59 ], [ -103.88, 39.579 ], [ -103.889, 39.573 ], [ -103.886, 39.559 ], [ -103.894, 39.56 ], [ -103.896, 39.55 ], [ -103.888, 39.534 ], [ -103.897, 39.529 ], [ -103.888, 39.509 ], [ -103.874, 39.497 ], [ -103.883, 39.487 ], [ -103.871, 39.451 ], [ -103.887, 39.438 ], [ -103.882, 39.413 ], [ -103.89, 39.392 ], [ -103.866, 39.349 ], [ -103.874, 39.318 ], [ -103.895, 39.321 ], [ -103.899, 39.314 ], [ -103.907, 39.314 ], [ -103.909, 39.308 ], [ -103.915, 39.309 ], [ -103.921, 39.303 ], [ -103.971, 39.296 ], [ -103.977, 39.286 ], [ -103.972, 39.27 ], [ -103.978, 39.249 ], [ -103.989, 39.233 ], [ -103.997, 39.232 ], [ -104.01, 39.217 ], [ -104.042, 39.202 ], [ -104.072, 39.209 ], [ -104.077, 39.191 ], [ -104.119, 39.18 ], [ -104.129, 39.17 ], [ -104.138, 39.169 ], [ -104.145, 39.16 ], [ -104.152, 39.16 ], [ -104.163, 39.153 ], [ -104.183, 39.156 ], [ -104.204, 39.151 ], [ -104.229, 39.161 ], [ -104.245, 39.147 ], [ -104.262, 39.144 ], [ -104.265, 39.137 ], [ -104.275, 39.135 ], [ -104.284, 39.139 ], [ -104.286, 39.126 ], [ -104.299, 39.119 ], [ -104.315, 39.124 ], [ -104.326, 39.134 ], [ -104.343, 39.135 ], [ -104.359, 39.121 ], [ -104.367, 39.122 ], [ -104.388, 39.113 ], [ -104.41, 39.115 ], [ -104.423, 39.103 ], [ -104.428, 39.091 ], [ -104.444, 39.091 ], [ -104.449, 39.084 ], [ -104.467, 39.076 ], [ -104.488, 39.086 ], [ -104.503, 39.078 ], [ -104.51, 39.079 ], [ -104.52, 39.075 ], [ -104.528, 39.079 ], [ -104.535, 39.075 ], [ -104.538, 39.078 ], [ -104.53, 39.081 ], [ -104.531, 39.087 ], [ -104.542, 39.107 ], [ -104.533, 39.109 ], [ -104.525, 39.125 ], [ -104.511, 39.132 ], [ -104.506, 39.142 ], [ -104.487, 39.152 ], [ -104.484, 39.147 ], [ -104.478, 39.152 ], [ -104.465, 39.152 ], [ -104.464, 39.16 ], [ -104.454, 39.17 ], [ -104.452, 39.184 ], [ -104.444, 39.196 ], [ -104.436, 39.196 ], [ -104.43, 39.205 ], [ -104.422, 39.223 ], [ -104.424, 39.232 ], [ -104.416, 39.233 ], [ -104.405, 39.243 ], [ -104.397, 39.27 ], [ -104.389, 39.273 ], [ -104.362, 39.33 ], [ -104.348, 39.342 ], [ -104.345, 39.354 ], [ -104.353, 39.365 ], [ -104.356, 39.395 ], [ -104.346, 39.406 ], [ -104.337, 39.422 ], [ -104.337, 39.436 ], [ -104.328, 39.445 ], [ -104.336, 39.472 ], [ -104.334, 39.528 ], [ -104.324, 39.541 ], [ -104.316, 39.567 ], [ -104.314, 39.601 ], [ -104.301, 39.608 ], [ -104.309, 39.629 ], [ -104.292, 39.641 ], [ -104.289, 39.649 ], [ -104.296, 39.658 ], [ -104.303, 39.695 ], [ -104.301, 39.711 ], [ -104.293, 39.72 ], [ -104.298, 39.743 ], [ -104.293, 39.785 ], [ -104.299, 39.797 ], [ -104.292, 39.799 ], [ -104.282, 39.826 ], [ -104.266, 39.849 ], [ -104.268, 39.854 ], [ -104.259, 39.859 ], [ -104.242, 39.858 ], [ -104.231, 39.866 ], [ -104.23, 39.875 ], [ -104.215, 39.884 ], [ -104.214, 39.902 ], [ -104.202, 39.905 ], [ -104.205, 39.924 ], [ -104.201, 39.93 ], [ -104.179, 39.941 ], [ -104.16, 39.963 ], [ -104.159, 39.972 ], [ -104.147, 39.977 ], [ -104.136, 40.0 ], [ -104.109, 40.02 ], [ -104.099, 40.043 ], [ -104.086, 40.039 ], [ -104.082, 40.051 ], [ -104.076, 40.053 ], [ -104.075, 40.081 ], [ -104.069, 40.088 ], [ -104.072, 40.103 ], [ -104.065, 40.107 ], [ -104.06, 40.12 ], [ -104.072, 40.142 ], [ -104.071, 40.166 ], [ -104.076, 40.18 ], [ -104.067, 40.18 ], [ -104.072, 40.19 ], [ -104.067, 40.206 ], [ -104.053, 40.211 ], [ -104.064, 40.227 ], [ -104.053, 40.237 ], [ -104.055, 40.247 ], [ -104.034, 40.261 ], [ -104.019, 40.283 ], [ -103.997, 40.298 ], [ -103.985, 40.298 ], [ -103.977, 40.294 ], [ -103.963, 40.269 ], [ -103.956, 40.268 ], [ -103.931, 40.276 ], [ -103.902, 40.277 ], [ -103.879, 40.287 ], [ -103.861, 40.285 ] ] ] } },
{ "type": "Feature", "properties": { "id": "10180010" }, "geometry": { "type": "Polygon", "coordinates": [ [ [ -105.646, 40.997 ], [ -105.661, 40.985 ], [ -105.665, 40.975 ], [ -105.671, 40.976 ], [ -105.729, 40.955 ], [ -105.739, 40.936 ], [ -105.772, 40.916 ], [ -105.775, 40.899 ], [ -105.782, 40.893 ], [ -105.771, 40.878 ], [ -105.779, 40.872 ], [ -105.788, 40.871 ], [ -105.794, 40.852 ], [ -105.783, 40.844 ], [ -105.761, 40.842 ], [ -105.761, 40.833 ], [ -105.755, 40.83 ], [ -105.764, 40.815 ], [ -105.773, 40.811 ], [ -105.774, 40.796 ], [ -105.762, 40.783 ], [ -105.776, 40.779 ], [ -105.774, 40.773 ], [ -105.779, 40.77 ], [ -105.773, 40.764 ], [ -105.778, 40.758 ], [ -105.789, 40.759 ], [ -105.791, 40.742 ], [ -105.813, 40.733 ], [ -105.821, 40.72 ], [ -105.816, 40.69 ], [ -105.838, 40.686 ], [ -105.845, 40.679 ], [ -105.844, 40.66 ], [ -105.831, 40.661 ], [ -105.848, 40.64 ], [ -105.837, 40.631 ], [ -105.829, 40.63 ], [ -105.829, 40.623 ], [ -105.85, 40.609 ], [ -105.855, 40.617 ], [ -105.889, 40.614 ], [ -105.899, 40.628 ], [ -105.915, 40.625 ], [ -105.93, 40.607 ], [ -105.942, 40.61 ], [ -105.949, 40.627 ], [ -105.948, 40.642 ], [ -105.972, 40.681 ], [ -105.972, 40.695 ], [ -105.989, 40.71 ], [ -105.991, 40.728 ], [ -106.022, 40.755 ], [ -106.03, 40.781 ], [ -106.045, 40.791 ], [ -106.047, 40.803 ], [ -106.058, 40.817 ], [ -106.101, 40.843 ], [ -106.099, 40.85 ], [ -106.108, 40.852 ], [ -106.104, 40.86 ], [ -106.127, 40.87 ], [ -106.132, 40.877 ], [ -106.128, 40.886 ], [ -106.131, 40.897 ], [ -106.158, 40.911 ], [ -106.187, 40.937 ], [ -106.185, 40.964 ], [ -106.192, 40.983 ], [ -106.186, 40.995 ], [ -105.646, 40.997 ] ] ] } },
{ "type": "Feature", "properties": { "id": "14040106" }, "geometry": { "type": "Polygon", "coordinates": [ [ [ -109.001, 41.001 ], [ -108.983, 40.989 ], [ -108.961, 40.983 ], [ -108.952, 40.984 ], [ -108.927, 40.963 ], [ -108.911, 40.963 ], [ -108.902, 40.958 ], [ -108.897, 40.949 ], [ -108.916, 40.942 ], [ -108.921, 40.929 ], [ -108.931, 40.924 ], [ -108.93, 40.913 ], [ -108.908, 40.91 ], [ -108.878, 40.894 ], [ -108.858, 40.892 ], [ -108.848, 40.88 ], [ -108.807, 40.863 ], [ -108.797, 40.853 ], [ -108.808, 40.846 ], [ -108.8, 40.832 ], [ -108.809, 40.82 ], [ -108.826, 40.819 ], [ -108.854, 40.83 ], [ -108.863, 40.826 ], [ -108.867, 40.807 ], [ -108.892, 40.781 ], [ -108.891, 40.768 ], [ -108.887, 40.762 ], [ -108.864, 40.758 ], [ -108.847, 40.741 ], [ -108.81, 40.731 ], [ -108.791, 40.734 ], [ -108.768, 40.725 ], [ -108.739, 40.685 ], [ -108.719, 40.679 ], [ -108.71, 40.666 ], [ -108.691, 40.665 ], [ -108.691, 40.656 ], [ -108.699, 40.65 ], [ -108.693, 40.646 ], [ -108.681, 40.623 ], [ -108.673, 40.62 ], [ -108.675, 40.602 ], [ -108.667, 40.589 ], [ -108.682, 40.571 ], [ -108.706, 40.579 ], [ -108.728, 40.575 ], [ -108.746, 40.585 ], [ -108.746, 40.593 ], [ -108.763, 40.591 ], [ -108.775, 40.601 ], [ -108.792, 40.599 ], [ -108.813, 40.59 ], [ -108.821, 40.592 ], [ -108.828, 40.604 ], [ -108.849, 40.6 ], [ -108.858, 40.61 ], [ -108.875, 40.607 ], [ -108.895, 40.583 ], [ -108.928, 40.574 ], [ -108.926, 40.567 ], [ -108.938, 40.56 ], [ -108.937, 40.552 ], [ -108.945, 40.552 ], [ -108.95, 40.543 ], [ -108.978, 40.539 ], [ -108.986, 40.528 ], [ -108.997, 40.576 ], [ -109.019, 40.593 ], [ -109.013, 40.611 ], [ -109.025, 40.619 ], [ -109.025, 40.63 ], [ -109.033, 40.64 ], [ -109.039, 40.646 ], [ -109.048, 40.644 ], [ -109.05, 41.001 ], [ -109.001, 41.001 ] ] ] } },
{ "type": "Feature", "properties": { "id": "11020001" }, "geometry": { "type": "Polygon", "coordinates": [ [ [ -106.21, 39.382 ], [ -106.198, 39.368 ], [ -106.173, 39.369 ], [ -106.162, 39.362 ], [ -106.153, 39.363 ], [ -106.14, 39.34 ], [ -106.151, 39.321 ], [ -106.17, 39.322 ], [ -106.177, 39.311 ], [ -106.184, 39.31 ], [ -106.181, 39.299 ], [ -106.187, 39.279 ], [ -106.18, 39.26 ], [ -106.185, 39.243 ], [ -106.169, 39.23 ], [ -106.185, 39.209 ], [ -106.179, 39.198 ], [ -106.185, 39.186 ], [ -106.178, 39.175 ], [ -106.173, 39.138 ], [ -106.186, 39.129 ], [ -106.189, 39.121 ], [ -106.204, 39.116 ], [ -106.21, 39.103 ], [ -106.178, 39.103 ], [ -106.17, 39.091 ], [ -106.17, 39.086 ], [ -106.192, 39.067 ], [ -106.183, 39.04 ], [ -106.193, 39.019 ], [ -106.179, 39.011 ], [ -106.169, 38.993 ], [ -106.146, 38.998 ], [ -106.109, 38.987 ], [ -106.105, 38.973 ], [ -106.114, 38.956 ], [ -106.114, 38.941 ], [ -106.094, 38.937 ], [ -106.085, 38.939 ], [ -106.065, 38.932 ], [ -106.054, 38.943 ], [ -106.028, 38.943 ], [ -105.999, 38.916 ], [ -105.986, 38.918 ], [ -105.977, 38.915 ], [ -105.977, 38.911 ], [ -105.966, 38.906 ], [ -105.979, 38.895 ], [ -105.974, 38.883 ], [ -105.942, 38.886 ], [ -105.925, 38.872 ], [ -105.943, 38.853 ], [ -105.942, 38.84 ], [ -105.909, 38.809 ], [ -105.899, 38.808 ], [ -105.867, 38.816 ], [ -105.851, 38.815 ], [ -105.837, 38.803 ], [ -105.81, 38.806 ], [ -105.805, 38.796 ], [ -105.784, 38.783 ], [ -105.763, 38.786 ], [ -105.755, 38.778 ], [ -105.756, 38.773 ], [ -105.735, 38.762 ], [ -105.736, 38.758 ], [ -105.72, 38.762 ], [ -105.692, 38.754 ], [ -105.691, 38.777 ], [ -105.679, 38.781 ], [ -105.677, 38.787 ], [ -105.685, 38.795 ], [ -105.686, 38.81 ], [ -105.656, 38.816 ], [ -105.651, 38.832 ], [ -105.645, 38.83 ], [ -105.632, 38.843 ], [ -105.604, 38.844 ], [ -105.597, 38.831 ], [ -105.587, 38.828 ], [ -105.555, 38.832 ], [ -105.547, 38.813 ], [ -105.529, 38.801 ], [ -105.532, 38.783 ], [ -105.511, 38.777 ], [ -105.482, 38.76 ], [ -105.469, 38.735 ], [ -105.458, 38.734 ], [ -105.448, 38.726 ], [ -105.461, 38.716 ], [ -105.453, 38.706 ], [ -105.466, 38.695 ], [ -105.462, 38.683 ], [ -105.466, 38.672 ], [ -105.399, 38.631 ], [ -105.406, 38.62 ], [ -105.393, 38.607 ], [ -105.393, 38.594 ], [ -105.375, 38.589 ], [ -105.368, 38.576 ], [ -105.373, 38.572 ], [ -105.364, 38.569 ], [ -105.357, 38.543 ], [ -105.343, 38.537 ], [ -105.327, 38.542 ], [ -105.321, 38.531 ], [ -105.305, 38.525 ], [ -105.314, 38.517 ], [ -105.3, 38.512 ], [ -105.308, 38.489 ], [ -105.292, 38.475 ], [ -105.293, 38.456 ], [ -105.269, 38.443 ], [ -105.257, 38.431 ], [ -105.266, 38.423 ], [ -105.273, 38.391 ], [ -105.282, 38.389 ], [ -105.287, 38.378 ], [ -105.299, 38.376 ], [ -105.303, 38.362 ], [ -105.315, 38.363 ], [ -105.307, 38.351 ], [ -105.309, 38.323 ], [ -105.29, 38.321 ], [ -105.283, 38.316 ], [ -105.283, 38.309 ], [ -105.293, 38.309 ], [ -105.304, 38.298 ], [ -105.321, 38.292 ], [ -105.338, 38.271 ], [ -105.328, 38.266 ], [ -105.328, 38.254 ], [ -105.319, 38.243 ], [ -105.322, 38.237 ], [ -105.31, 38.23 ], [ -105.318, 38.215 ], [ -105.328, 38.212 ], [ -105.323, 38.194 ], [ -105.328, 38.19 ], [ -105.316, 38.185 ], [ -105.305, 38.186 ], [ -105.298, 38.179 ], [ -105.313, 38.163 ], [ -105.304, 38.163 ], [ -105.298, 38.154 ], [ -105.323, 38.135 ], [ -105.318, 38.13 ], [ -105.306, 38.131 ], [ -105.309, 38.116 ], [ -105.285, 38.117 ], [ -105.292, 38.107 ], [ -105.285, 38.101 ], [ -105.284, 38.092 ], [ -105.265, 38.096 ], [ -105.233, 38.091 ], [ -105.233, 38.08 ], [ -105.221, 38.065 ], [ -105.208, 38.059 ], [ -105.207, 38.048 ], [ -105.191, 38.039 ], [ -105.183, 38.04 ], [ -105.185, 38.034 ], [ -105.175, 38.026 ], [ -105.173, 38.018 ], [ -105.199, 38.003 ], [ -105.197, 37.992 ], [ -105.206, 37.989 ], [ -105.206, 37.982 ], [ -105.219, 37.975 ], [ -105.216, 37.969 ], [ -105.239, 37.962 ], [ -105.24, 37.955 ], [ -105.25, 37.951 ], [ -105.262, 37.937 ], [ -105.263, 37.923 ], [ -105.283, 37.9 ], [ -105.3, 37.913 ], [ -105.305, 37.933 ], [ -105.317, 37.939 ], [ -105.376, 37.916 ], [ -105.414, 37.891 ], [ -105.424, 37.89 ], [ -105.441, 37.897 ], [ -105.472, 37.896 ], [ -105.503, 37.924 ], [ -105.511, 37.939 ], [ -105.531, 37.954 ], [ -105.543, 37.956 ], [ -105.552, 37.95 ], [ -105.559, 37.951 ], [ -105.583, 37.966 ], [ -105.582, 37.979 ], [ -105.605, 38.005 ], [ -105.597, 38.013 ], [ -105.603, 38.031 ], [ -105.613, 38.038 ], [ -105.618, 38.053 ], [ -105.628, 38.057 ], [ -105.627, 38.067 ], [ -105.636, 38.071 ], [ -105.661, 38.1 ], [ -105.658, 38.117 ], [ -105.673, 38.136 ], [ -105.673, 38.159 ], [ -105.687, 38.167 ], [ -105.699, 38.168 ], [ -105.736, 38.209 ], [ -105.756, 38.219 ], [ -105.76, 38.229 ], [ -105.788, 38.242 ], [ -105.8, 38.27 ], [ -105.819, 38.274 ], [ -105.841, 38.292 ], [ -105.848, 38.291 ], [ -105.867, 38.306 ], [ -105.894, 38.346 ], [ -105.921, 38.368 ], [ -105.944, 38.378 ], [ -105.951, 38.394 ], [ -105.984, 38.42 ], [ -105.997, 38.42 ], [ -106.019, 38.454 ], [ -106.043, 38.458 ], [ -106.051, 38.454 ], [ -106.059, 38.456 ], [ -106.058, 38.444 ], [ -106.075, 38.425 ], [ -106.086, 38.424 ], [ -106.096, 38.414 ], [ -106.115, 38.404 ], [ -106.108, 38.38 ], [ -106.134, 38.368 ], [ -106.143, 38.356 ], [ -106.142, 38.351 ], [ -106.152, 38.356 ], [ -106.157, 38.353 ], [ -106.16, 38.343 ], [ -106.18, 38.341 ], [ -106.193, 38.348 ], [ -106.206, 38.333 ], [ -106.222, 38.328 ], [ -106.23, 38.34 ], [ -106.247, 38.342 ], [ -106.253, 38.348 ], [ -106.244, 38.352 ], [ -106.237, 38.369 ], [ -106.237, 38.38 ], [ -106.253, 38.4 ], [ -106.244, 38.419 ], [ -106.25, 38.433 ], [ -106.246, 38.439 ], [ -106.27, 38.445 ], [ -106.272, 38.455 ], [ -106.281, 38.454 ], [ -106.288, 38.461 ], [ -106.29, 38.473 ], [ -106.304, 38.478 ], [ -106.312, 38.495 ], [ -106.32, 38.498 ], [ -106.33, 38.494 ], [ -106.344, 38.504 ], [ -106.348, 38.513 ], [ -106.343, 38.521 ], [ -106.354, 38.534 ], [ -106.355, 38.543 ], [ -106.345, 38.569 ], [ -106.361, 38.595 ], [ -106.364, 38.615 ], [ -106.386, 38.625 ], [ -106.38, 38.639 ], [ -106.401, 38.64 ], [ -106.402, 38.646 ], [ -106.418, 38.645 ], [ -106.43, 38.651 ], [ -106.438, 38.683 ], [ -106.452, 38.698 ], [ -106.444, 38.709 ], [ -106.425, 38.71 ], [ -106.417, 38.728 ], [ -106.42, 38.751 ], [ -106.415, 38.757 ], [ -106.419, 38.766 ], [ -106.413, 38.791 ], [ -106.423, 38.808 ], [ -106.415, 38.816 ], [ -106.416, 38.824 ], [ -106.407, 38.829 ], [ -106.397, 38.823 ], [ -106.384, 38.825 ], [ -106.382, 38.833 ], [ -106.365, 38.846 ], [ -106.365, 38.853 ], [ -106.349, 38.855 ], [ -106.349, 38.865 ], [ -106.336, 38.872 ], [ -106.334, 38.881 ], [ -106.328, 38.882 ], [ -106.321, 38.893 ], [ -106.326, 38.911 ], [ -106.345, 38.907 ], [ -106.358, 38.913 ], [ -106.373, 38.907 ], [ -106.381, 38.926 ], [ -106.392, 38.919 ], [ -106.394, 38.912 ], [ -106.402, 38.911 ], [ -106.421, 38.928 ], [ -106.431, 38.924 ], [ -106.437, 38.915 ], [ -106.465, 38.91 ], [ -106.504, 38.937 ], [ -106.507, 38.946 ], [ -106.527, 38.955 ], [ -106.522, 38.969 ], [ -106.528, 38.981 ], [ -106.551, 38.992 ], [ -106.554, 38.999 ], [ -106.577, 38.99 ], [ -106.595, 38.991 ], [ -106.599, 38.998 ], [ -106.591, 39.026 ], [ -106.6, 39.035 ], [ -106.597, 39.045 ], [ -106.578, 39.052 ], [ -106.577, 39.079 ], [ -106.585, 39.084 ], [ -106.586, 39.096 ], [ -106.576, 39.104 ], [ -106.563, 39.107 ], [ -106.558, 39.124 ], [ -106.565, 39.133 ], [ -106.559, 39.144 ], [ -106.561, 39.156 ], [ -106.552, 39.162 ], [ -106.539, 39.158 ], [ -106.535, 39.163 ], [ -106.521, 39.157 ], [ -106.511, 39.163 ], [ -106.508, 39.178 ], [ -106.5, 39.183 ], [ -106.494, 39.198 ], [ -106.49, 39.228 ], [ -106.499, 39.235 ], [ -106.498, 39.242 ], [ -106.481, 39.26 ], [ -106.483, 39.273 ], [ -106.49, 39.273 ], [ -106.504, 39.285 ], [ -106.5, 39.301 ], [ -106.476, 39.315 ], [ -106.468, 39.307 ], [ -106.451, 39.316 ], [ -106.433, 39.316 ], [ -106.427, 39.323 ], [ -106.435, 39.341 ], [ -106.433, 39.354 ], [ -106.4, 39.381 ], [ -106.381, 39.376 ], [ -106.372, 39.362 ], [ -106.36, 39.356 ], [ -106.351, 39.354 ], [ -106.312, 39.362 ], [ -106.284, 39.35 ], [ -106.259, 39.362 ], [ -106.251, 39.358 ], [ -106.227, 39.374 ], [ -106.226, 39.381 ], [ -106.21, 39.382 ] ] ] } },
{ "type": "Feature", "properties": { "id": "14010003" }, "geometry": { "type": "Polygon", "coordinates": [ [ [ -106.292, 39.706 ], [ -106.277, 39.699 ], [ -106.272, 39.704 ], [ -106.264, 39.701 ], [ -106.266, 39.688 ], [ -106.258, 39.68 ], [ -106.239, 39.68 ], [ -106.241, 39.668 ], [ -106.235, 39.662 ], [ -106.22, 39.663 ], [ -106.217, 39.655 ], [ -106.184, 39.653 ], [ -106.176, 39.635 ], [ -106.178, 39.608 ], [ -106.185, 39.602 ], [ -106.203, 39.605 ], [ -106.212, 39.593 ], [ -106.215, 39.575 ], [ -106.206, 39.558 ], [ -106.196, 39.557 ], [ -106.198, 39.55 ], [ -106.211, 39.545 ], [ -106.211, 39.53 ], [ -106.225, 39.532 ], [ -106.237, 39.549 ], [ -106.248, 39.544 ], [ -106.258, 39.534 ], [ -106.255, 39.519 ], [ -106.246, 39.513 ], [ -106.26, 39.495 ], [ -106.246, 39.49 ], [ -106.251, 39.466 ], [ -106.223, 39.434 ], [ -106.233, 39.426 ], [ -106.23, 39.416 ], [ -106.219, 39.412 ], [ -106.202, 39.396 ], [ -106.204, 39.39 ], [ -106.21, 39.382 ], [ -106.226, 39.381 ], [ -106.227, 39.374 ], [ -106.251, 39.358 ], [ -106.259, 39.362 ], [ -106.284, 39.35 ], [ -106.312, 39.362 ], [ -106.352, 39.354 ], [ -106.372, 39.362 ], [ -106.381, 39.376 ], [ -106.403, 39.38 ], [ -106.433, 39.354 ], [ -106.435, 39.341 ], [ -106.427, 39.323 ], [ -106.432, 39.317 ], [ -106.451, 39.316 ], [ -106.468, 39.307 ], [ -106.476, 39.315 ], [ -106.493, 39.305 ], [ -106.506, 39.312 ], [ -106.502, 39.337 ], [ -106.508, 39.35 ], [ -106.504, 39.356 ], [ -106.523, 39.382 ], [ -106.522, 39.4 ], [ -106.532, 39.404 ], [ -106.543, 39.402 ], [ -106.545, 39.416 ], [ -106.563, 39.433 ], [ -106.575, 39.437 ], [ -106.581, 39.445 ], [ -106.605, 39.451 ], [ -106.609, 39.457 ], [ -106.65, 39.465 ], [ -106.656, 39.463 ], [ -106.656, 39.454 ], [ -106.676, 39.45 ], [ -106.688, 39.432 ], [ -106.745, 39.419 ], [ -106.764, 39.423 ], [ -106.774, 39.418 ], [ -106.804, 39.429 ], [ -106.843, 39.422 ], [ -106.859, 39.428 ], [ -106.861, 39.434 ], [ -106.875, 39.435 ], [ -106.877, 39.442 ], [ -106.899, 39.441 ], [ -106.917, 39.462 ], [ -106.95, 39.477 ], [ -106.955, 39.485 ], [ -106.964, 39.487 ], [ -106.966, 39.499 ], [ -106.989, 39.512 ], [ -107.0, 39.525 ], [ -106.999, 39.54 ], [ -107.01, 39.547 ], [ -107.006, 39.555 ], [ -107.026, 39.572 ], [ -107.025, 39.585 ], [ -107.046, 39.605 ], [ -107.049, 39.621 ], [ -107.059, 39.632 ], [ -107.053, 39.641 ], [ -107.056, 39.65 ], [ -107.042, 39.663 ], [ -107.04, 39.683 ], [ -106.991, 39.698 ], [ -106.965, 39.693 ], [ -106.954, 39.697 ], [ -106.946, 39.708 ], [ -106.938, 39.708 ], [ -106.935, 39.719 ], [ -106.919, 39.732 ], [ -106.899, 39.737 ], [ -106.895, 39.762 ], [ -106.884, 39.768 ], [ -106.881, 39.782 ], [ -106.857, 39.78 ], [ -106.857, 39.776 ], [ -106.83, 39.772 ], [ -106.777, 39.804 ], [ -106.722, 39.827 ], [ -106.714, 39.835 ], [ -106.687, 39.815 ], [ -106.667, 39.807 ], [ -106.661, 39.795 ], [ -106.607, 39.776 ], [ -106.601, 39.759 ], [ -106.589, 39.751 ], [ -106.582, 39.737 ], [ -106.57, 39.733 ], [ -106.568, 39.721 ], [ -106.548, 39.723 ], [ -106.524, 39.713 ], [ -106.491, 39.688 ], [ -106.467, 39.682 ], [ -106.465, 39.673 ], [ -106.454, 39.667 ], [ -106.431, 39.678 ], [ -106.436, 39.697 ], [ -106.379, 39.722 ], [ -106.352, 39.723 ], [ -106.33, 39.699 ], [ -106.312, 39.701 ], [ -106.311, 39.705 ], [ -106.301, 39.703 ], [ -106.292, 39.706 ] ] ] } },
{ "type": "Feature", "properties": { "id": "10190018" }, "geometry": { "type": "Polygon", "coordinates": [ [ [ -102.051, 40.959 ], [ -102.063, 40.961 ], [ -102.067, 40.966 ], [ -102.087, 40.964 ], [ -102.085, 40.95 ], [ -102.116, 40.941 ], [ -102.127, 40.944 ], [ -102.135, 40.955 ], [ -102.144, 40.955 ], [ -102.154, 40.947 ], [ -102.151, 40.928 ], [ -102.179, 40.921 ], [ -102.184, 40.915 ], [ -102.205, 40.915 ], [ -102.215, 40.91 ], [ -102.225, 40.913 ], [ -102.226, 40.908 ], [ -102.243, 40.904 ], [ -102.253, 40.913 ], [ -102.264, 40.905 ], [ -102.279, 40.907 ], [ -102.287, 40.903 ], [ -102.284, 40.893 ], [ -102.302, 40.888 ], [ -102.3, 40.881 ], [ -102.364, 40.877 ], [ -102.401, 40.884 ], [ -102.431, 40.894 ], [ -102.409, 40.897 ], [ -102.393, 40.912 ], [ -102.382, 40.961 ], [ -102.383, 41.002 ], [ -102.052, 41.002 ], [ -102.051, 40.959 ] ] ] } },
{ "type": "Feature", "properties": { "id": "11020003" }, "geometry": { "type": "Polygon", "coordinates": [ [ [ -104.841, 39.121 ], [ -104.811, 39.104 ], [ -104.816, 39.09 ], [ -104.802, 39.087 ], [ -104.8, 39.074 ], [ -104.778, 39.072 ], [ -104.764, 39.065 ], [ -104.74, 39.069 ], [ -104.738, 39.061 ], [ -104.723, 39.049 ], [ -104.723, 39.044 ], [ -104.717, 39.04 ], [ -104.709, 39.045 ], [ -104.682, 39.037 ], [ -104.667, 39.026 ], [ -104.669, 39.014 ], [ -104.648, 39.004 ], [ -104.653, 38.988 ], [ -104.648, 38.978 ], [ -104.634, 38.968 ], [ -104.615, 38.918 ], [ -104.601, 38.897 ], [ -104.602, 38.877 ], [ -104.59, 38.869 ], [ -104.576, 38.848 ], [ -104.575, 38.822 ], [ -104.569, 38.796 ], [ -104.562, 38.787 ], [ -104.563, 38.764 ], [ -104.555, 38.737 ], [ -104.559, 38.723 ], [ -104.571, 38.716 ], [ -104.566, 38.71 ], [ -104.57, 38.68 ], [ -104.56, 38.668 ], [ -104.56, 38.654 ], [ -104.567, 38.618 ], [ -104.575, 38.607 ], [ -104.571, 38.595 ], [ -104.578, 38.585 ], [ -104.578, 38.573 ], [ -104.571, 38.564 ], [ -104.581, 38.53 ], [ -104.563, 38.517 ], [ -104.562, 38.506 ], [ -104.546, 38.492 ], [ -104.545, 38.484 ], [ -104.525, 38.479 ], [ -104.53, 38.46 ], [ -104.522, 38.443 ], [ -104.53, 38.42 ], [ -104.543, 38.412 ], [ -104.557, 38.391 ], [ -104.562, 38.365 ], [ -104.55, 38.343 ], [ -104.578, 38.311 ], [ -104.589, 38.284 ], [ -104.587, 38.263 ], [ -104.593, 38.253 ], [ -104.606, 38.274 ], [ -104.624, 38.289 ], [ -104.638, 38.321 ], [ -104.641, 38.356 ], [ -104.673, 38.416 ], [ -104.677, 38.434 ], [ -104.694, 38.453 ], [ -104.708, 38.49 ], [ -104.718, 38.484 ], [ -104.741, 38.481 ], [ -104.749, 38.474 ], [ -104.755, 38.475 ], [ -104.759, 38.482 ], [ -104.778, 38.488 ], [ -104.798, 38.534 ], [ -104.827, 38.575 ], [ -104.831, 38.601 ], [ -104.852, 38.622 ], [ -104.858, 38.623 ], [ -104.86, 38.651 ], [ -104.873, 38.651 ], [ -104.893, 38.662 ], [ -104.921, 38.7 ], [ -104.94, 38.703 ], [ -104.953, 38.696 ], [ -104.97, 38.697 ], [ -104.959, 38.708 ], [ -104.96, 38.724 ], [ -104.946, 38.726 ], [ -104.945, 38.751 ], [ -104.959, 38.764 ], [ -104.983, 38.766 ], [ -104.991, 38.773 ], [ -104.994, 38.792 ], [ -105.001, 38.789 ], [ -105.017, 38.794 ], [ -105.027, 38.826 ], [ -105.042, 38.834 ], [ -105.05, 38.846 ], [ -105.06, 38.85 ], [ -105.065, 38.863 ], [ -105.078, 38.866 ], [ -105.088, 38.874 ], [ -105.086, 38.882 ], [ -105.098, 38.889 ], [ -105.105, 38.886 ], [ -105.109, 38.879 ], [ -105.118, 38.882 ], [ -105.119, 38.894 ], [ -105.126, 38.902 ], [ -105.102, 38.937 ], [ -105.079, 38.95 ], [ -105.08, 38.96 ], [ -105.064, 38.978 ], [ -105.072, 38.993 ], [ -105.034, 39.004 ], [ -105.025, 38.999 ], [ -105.015, 39.003 ], [ -105.01, 39.028 ], [ -105.022, 39.051 ], [ -105.018, 39.057 ], [ -105.024, 39.063 ], [ -105.028, 39.088 ], [ -105.021, 39.097 ], [ -105.025, 39.104 ], [ -105.013, 39.119 ], [ -105.003, 39.12 ], [ -104.999, 39.127 ], [ -104.973, 39.125 ], [ -104.969, 39.13 ], [ -104.954, 39.13 ], [ -104.941, 39.139 ], [ -104.935, 39.129 ], [ -104.916, 39.119 ], [ -104.871, 39.126 ], [ -104.863, 39.12 ], [ -104.841, 39.121 ] ] ] } },
{ "type": "Feature", "properties": { "id": "10190001" }, "geometry": { "type": "Polygon", "coordinates": [ [ [ -105.867, 39.494 ], [ -105.845, 39.476 ], [ -105.847, 39.456 ], [ -105.803, 39.446 ], [ -105.785, 39.42 ], [ -105.781, 39.422 ], [ -105.765, 39.413 ], [ -105.756, 39.415 ], [ -105.733, 39.393 ], [ -105.696, 39.404 ], [ -105.675, 39.419 ], [ -105.658, 39.421 ], [ -105.653, 39.417 ], [ -105.651, 39.408 ], [ -105.619, 39.375 ], [ -105.59, 39.361 ], [ -105.603, 39.345 ], [ -105.588, 39.331 ], [ -105.6, 39.324 ], [ -105.609, 39.326 ], [ -105.613, 39.317 ], [ -105.566, 39.268 ], [ -105.569, 39.262 ], [ -105.557, 39.255 ], [ -105.556, 39.242 ], [ -105.546, 39.24 ], [ -105.544, 39.23 ], [ -105.531, 39.237 ], [ -105.518, 39.227 ], [ -105.505, 39.226 ], [ -105.504, 39.231 ], [ -105.482, 39.219 ], [ -105.469, 39.223 ], [ -105.47, 39.212 ], [ -105.463, 39.209 ], [ -105.463, 39.203 ], [ -105.446, 39.208 ], [ -105.437, 39.189 ], [ -105.437, 39.178 ], [ -105.429, 39.175 ], [ -105.438, 39.166 ], [ -105.434, 39.162 ], [ -105.437, 39.155 ], [ -105.412, 39.132 ], [ -105.404, 39.134 ], [ -105.398, 39.125 ], [ -105.386, 39.121 ], [ -105.385, 39.113 ], [ -105.372, 39.106 ], [ -105.332, 39.095 ], [ -105.315, 39.099 ], [ -105.297, 39.097 ], [ -105.294, 39.088 ], [ -105.271, 39.079 ], [ -105.276, 39.071 ], [ -105.289, 39.071 ], [ -105.286, 39.065 ], [ -105.291, 39.055 ], [ -105.278, 39.038 ], [ -105.277, 39.025 ], [ -105.253, 39.022 ], [ -105.254, 39.016 ], [ -105.242, 39.001 ], [ -105.225, 38.989 ], [ -105.215, 38.989 ], [ -105.213, 38.981 ], [ -105.203, 38.979 ], [ -105.197, 38.971 ], [ -105.173, 38.964 ], [ -105.157, 38.947 ], [ -105.158, 38.926 ], [ -105.166, 38.914 ], [ -105.186, 38.904 ], [ -105.185, 38.894 ], [ -105.211, 38.894 ], [ -105.223, 38.881 ], [ -105.235, 38.883 ], [ -105.244, 38.879 ], [ -105.255, 38.879 ], [ -105.257, 38.883 ], [ -105.274, 38.884 ], [ -105.277, 38.888 ], [ -105.297, 38.873 ], [ -105.308, 38.883 ], [ -105.315, 38.877 ], [ -105.335, 38.873 ], [ -105.34, 38.886 ], [ -105.352, 38.886 ], [ -105.384, 38.861 ], [ -105.408, 38.862 ], [ -105.417, 38.85 ], [ -105.443, 38.849 ], [ -105.467, 38.832 ], [ -105.476, 38.837 ], [ -105.538, 38.837 ], [ -105.575, 38.827 ], [ -105.597, 38.831 ], [ -105.604, 38.844 ], [ -105.632, 38.843 ], [ -105.645, 38.83 ], [ -105.651, 38.832 ], [ -105.656, 38.816 ], [ -105.686, 38.81 ], [ -105.685, 38.795 ], [ -105.677, 38.787 ], [ -105.679, 38.781 ], [ -105.691, 38.777 ], [ -105.689, 38.757 ], [ -105.694, 38.753 ], [ -105.72, 38.762 ], [ -105.736, 38.758 ], [ -105.735, 38.762 ], [ -105.756, 38.773 ], [ -105.755, 38.778 ], [ -105.763, 38.786 ], [ -105.784, 38.783 ], [ -105.805, 38.796 ], [ -105.81, 38.806 ], [ -105.837, 38.803 ], [ -105.851, 38.815 ], [ -105.867, 38.816 ], [ -105.899, 38.808 ], [ -105.909, 38.809 ], [ -105.942, 38.84 ], [ -105.943, 38.853 ], [ -105.925, 38.872 ], [ -105.942, 38.886 ], [ -105.974, 38.883 ], [ -105.979, 38.895 ], [ -105.966, 38.906 ], [ -105.977, 38.911 ], [ -105.977, 38.915 ], [ -105.986, 38.918 ], [ -105.999, 38.916 ], [ -106.028, 38.943 ], [ -106.054, 38.943 ], [ -106.065, 38.932 ], [ -106.085, 38.939 ], [ -106.094, 38.937 ], [ -106.114, 38.941 ], [ -106.114, 38.956 ], [ -106.105, 38.973 ], [ -106.109, 38.987 ], [ -106.146, 38.998 ], [ -106.169, 38.993 ], [ -106.179, 39.011 ], [ -106.193, 39.018 ], [ -106.192, 39.029 ], [ -106.183, 39.04 ], [ -106.192, 39.067 ], [ -106.169, 39.088 ], [ -106.178, 39.103 ], [ -106.21, 39.103 ], [ -106.204, 39.116 ], [ -106.189, 39.121 ], [ -106.186, 39.129 ], [ -106.173, 39.138 ], [ -106.178, 39.175 ], [ -106.185, 39.186 ], [ -106.179, 39.198 ], [ -106.185, 39.209 ], [ -106.169, 39.23 ], [ -106.185, 39.243 ], [ -106.18, 39.26 ], [ -106.187, 39.279 ], [ -106.181, 39.299 ], [ -106.184, 39.31 ], [ -106.177, 39.311 ], [ -106.17, 39.322 ], [ -106.151, 39.321 ], [ -106.14, 39.34 ], [ -106.153, 39.363 ], [ -106.139, 39.372 ], [ -106.136, 39.38 ], [ -106.097, 39.378 ], [ -106.057, 39.359 ], [ -106.034, 39.358 ], [ -106.02, 39.363 ], [ -106.014, 39.387 ], [ -105.997, 39.395 ], [ -105.993, 39.402 ], [ -105.985, 39.402 ], [ -105.959, 39.416 ], [ -105.952, 39.415 ], [ -105.955, 39.426 ], [ -105.967, 39.439 ], [ -105.944, 39.441 ], [ -105.939, 39.458 ], [ -105.906, 39.46 ], [ -105.892, 39.484 ], [ -105.879, 39.484 ], [ -105.875, 39.493 ], [ -105.867, 39.494 ] ] ] } },
{ "type": "Feature", "properties": { "id": "10190002" }, "geometry": { "type": "Polygon", "coordinates": [ [ [ -104.841, 39.121 ], [ -104.863, 39.12 ], [ -104.871, 39.126 ], [ -104.916, 39.119 ], [ -104.935, 39.129 ], [ -104.941, 39.139 ], [ -104.954, 39.13 ], [ -104.969, 39.13 ], [ -104.973, 39.125 ], [ -104.999, 39.127 ], [ -105.003, 39.12 ], [ -105.013, 39.119 ], [ -105.025, 39.104 ], [ -105.021, 39.097 ], [ -105.028, 39.088 ], [ -105.024, 39.063 ], [ -105.018, 39.057 ], [ -105.022, 39.051 ], [ -105.01, 39.028 ], [ -105.015, 39.003 ], [ -105.025, 38.999 ], [ -105.034, 39.004 ], [ -105.072, 38.992 ], [ -105.064, 38.978 ], [ -105.08, 38.96 ], [ -105.079, 38.95 ], [ -105.104, 38.935 ], [ -105.107, 38.925 ], [ -105.124, 38.909 ], [ -105.127, 38.896 ], [ -105.138, 38.894 ], [ -105.147, 38.901 ], [ -105.157, 38.901 ], [ -105.18, 38.894 ], [ -105.186, 38.904 ], [ -105.166, 38.914 ], [ -105.158, 38.926 ], [ -105.157, 38.947 ], [ -105.173, 38.964 ], [ -105.197, 38.971 ], [ -105.203, 38.979 ], [ -105.213, 38.981 ], [ -105.215, 38.989 ], [ -105.225, 38.989 ], [ -105.242, 39.001 ], [ -105.254, 39.016 ], [ -105.253, 39.022 ], [ -105.277, 39.025 ], [ -105.278, 39.038 ], [ -105.291, 39.055 ], [ -105.286, 39.065 ], [ -105.289, 39.071 ], [ -105.276, 39.071 ], [ -105.271, 39.079 ], [ -105.294, 39.088 ], [ -105.297, 39.097 ], [ -105.315, 39.099 ], [ -105.332, 39.095 ], [ -105.372, 39.106 ], [ -105.385, 39.113 ], [ -105.386, 39.121 ], [ -105.398, 39.125 ], [ -105.404, 39.134 ], [ -105.412, 39.132 ], [ -105.437, 39.155 ], [ -105.434, 39.162 ], [ -105.438, 39.166 ], [ -105.429, 39.175 ], [ -105.437, 39.178 ], [ -105.437, 39.189 ], [ -105.446, 39.208 ], [ -105.463, 39.203 ], [ -105.463, 39.209 ], [ -105.47, 39.212 ], [ -105.469, 39.223 ], [ -105.482, 39.219 ], [ -105.504, 39.231 ], [ -105.505, 39.226 ], [ -105.518, 39.227 ], [ -105.531, 39.237 ], [ -105.544, 39.23 ], [ -105.546, 39.24 ], [ -105.556, 39.242 ], [ -105.557, 39.255 ], [ -105.569, 39.262 ], [ -105.566, 39.268 ], [ -105.613, 39.317 ], [ -105.609, 39.326 ], [ -105.6, 39.324 ], [ -105.588, 39.331 ], [ -105.603, 39.345 ], [ -105.59, 39.361 ], [ -105.619, 39.375 ], [ -105.651, 39.408 ], [ -105.653, 39.417 ], [ -105.658, 39.421 ], [ -105.675, 39.418 ], [ -105.696, 39.404 ], [ -105.731, 39.393 ], [ -105.756, 39.415 ], [ -105.765, 39.413 ], [ -105.781, 39.422 ], [ -105.785, 39.42 ], [ -105.803, 39.446 ], [ -105.847, 39.456 ], [ -105.845, 39.476 ], [ -105.852, 39.485 ], [ -105.867, 39.493 ], [ -105.864, 39.502 ], [ -105.856, 39.505 ], [ -105.868, 39.52 ], [ -105.859, 39.532 ], [ -105.845, 39.524 ], [ -105.831, 39.532 ], [ -105.823, 39.53 ], [ -105.818, 39.538 ], [ -105.816, 39.552 ], [ -105.826, 39.556 ], [ -105.838, 39.573 ], [ -105.821, 39.583 ], [ -105.808, 39.584 ], [ -105.801, 39.594 ], [ -105.776, 39.605 ], [ -105.765, 39.593 ], [ -105.734, 39.595 ], [ -105.719, 39.601 ], [ -105.711, 39.591 ], [ -105.69, 39.6 ], [ -105.681, 39.614 ], [ -105.676, 39.611 ], [ -105.661, 39.617 ], [ -105.651, 39.613 ], [ -105.655, 39.601 ], [ -105.638, 39.602 ], [ -105.608, 39.623 ], [ -105.596, 39.66 ], [ -105.582, 39.67 ], [ -105.568, 39.67 ], [ -105.56, 39.675 ], [ -105.531, 39.674 ], [ -105.5, 39.683 ], [ -105.485, 39.676 ], [ -105.472, 39.679 ], [ -105.456, 39.667 ], [ -105.44, 39.674 ], [ -105.416, 39.671 ], [ -105.409, 39.665 ], [ -105.395, 39.666 ], [ -105.39, 39.688 ], [ -105.373, 39.687 ], [ -105.354, 39.698 ], [ -105.34, 39.693 ], [ -105.327, 39.711 ], [ -105.311, 39.712 ], [ -105.298, 39.7 ], [ -105.292, 39.719 ], [ -105.282, 39.719 ], [ -105.274, 39.714 ], [ -105.263, 39.712 ], [ -105.256, 39.715 ], [ -105.232, 39.708 ], [ -105.212, 39.698 ], [ -105.201, 39.7 ], [ -105.197, 39.708 ], [ -105.191, 39.705 ], [ -105.183, 39.709 ], [ -105.172, 39.7 ], [ -105.166, 39.705 ], [ -105.166, 39.718 ], [ -105.146, 39.737 ], [ -105.112, 39.747 ], [ -105.084, 39.764 ], [ -105.071, 39.761 ], [ -105.049, 39.764 ], [ -105.012, 39.755 ], [ -105.001, 39.747 ], [ -105.001, 39.731 ], [ -104.982, 39.717 ], [ -104.958, 39.709 ], [ -104.924, 39.683 ], [ -104.925, 39.672 ], [ -104.915, 39.662 ], [ -104.921, 39.646 ], [ -104.89, 39.605 ], [ -104.891, 39.599 ], [ -104.878, 39.591 ], [ -104.88, 39.583 ], [ -104.868, 39.556 ], [ -104.873, 39.538 ], [ -104.869, 39.531 ], [ -104.889, 39.518 ], [ -104.885, 39.511 ], [ -104.901, 39.493 ], [ -104.923, 39.485 ], [ -104.922, 39.473 ], [ -104.9, 39.465 ], [ -104.903, 39.456 ], [ -104.898, 39.446 ], [ -104.873, 39.45 ], [ -104.866, 39.444 ], [ -104.87, 39.438 ], [ -104.856, 39.428 ], [ -104.857, 39.419 ], [ -104.851, 39.415 ], [ -104.842, 39.418 ], [ -104.837, 39.411 ], [ -104.83, 39.375 ], [ -104.813, 39.362 ], [ -104.821, 39.354 ], [ -104.816, 39.348 ], [ -104.819, 39.337 ], [ -104.809, 39.328 ], [ -104.816, 39.303 ], [ -104.825, 39.293 ], [ -104.831, 39.272 ], [ -104.854, 39.258 ], [ -104.842, 39.24 ], [ -104.839, 39.228 ], [ -104.844, 39.221 ], [ -104.831, 39.209 ], [ -104.821, 39.208 ], [ -104.81, 39.185 ], [ -104.818, 39.17 ], [ -104.813, 39.161 ], [ -104.815, 39.144 ], [ -104.829, 39.141 ], [ -104.826, 39.137 ], [ -104.841, 39.121 ] ] ] } },
{ "type": "Feature", "properties": { "id": "11020002" }, "geometry": { "type": "Polygon", "coordinates": [ [ [ -105.124, 38.899 ], [ -105.118, 38.882 ], [ -105.109, 38.879 ], [ -105.105, 38.886 ], [ -105.098, 38.889 ], [ -105.086, 38.882 ], [ -105.09, 38.878 ], [ -105.078, 38.866 ], [ -105.065, 38.863 ], [ -105.06, 38.85 ], [ -105.05, 38.846 ], [ -105.042, 38.834 ], [ -105.022, 38.819 ], [ -105.017, 38.794 ], [ -105.001, 38.789 ], [ -104.994, 38.792 ], [ -104.991, 38.773 ], [ -104.983, 38.766 ], [ -104.959, 38.764 ], [ -104.945, 38.751 ], [ -104.946, 38.726 ], [ -104.96, 38.724 ], [ -104.959, 38.708 ], [ -104.969, 38.697 ], [ -104.953, 38.696 ], [ -104.94, 38.703 ], [ -104.921, 38.7 ], [ -104.893, 38.662 ], [ -104.873, 38.651 ], [ -104.86, 38.651 ], [ -104.858, 38.623 ], [ -104.852, 38.622 ], [ -104.831, 38.601 ], [ -104.827, 38.575 ], [ -104.798, 38.534 ], [ -104.778, 38.488 ], [ -104.759, 38.482 ], [ -104.755, 38.475 ], [ -104.749, 38.474 ], [ -104.741, 38.481 ], [ -104.718, 38.484 ], [ -104.708, 38.49 ], [ -104.694, 38.453 ], [ -104.677, 38.434 ], [ -104.673, 38.416 ], [ -104.641, 38.356 ], [ -104.638, 38.321 ], [ -104.624, 38.289 ], [ -104.606, 38.274 ], [ -104.596, 38.257 ], [ -104.588, 38.254 ], [ -104.589, 38.284 ], [ -104.577, 38.312 ], [ -104.55, 38.343 ], [ -104.562, 38.365 ], [ -104.554, 38.393 ], [ -104.531, 38.356 ], [ -104.479, 38.331 ], [ -104.457, 38.303 ], [ -104.434, 38.3 ], [ -104.396, 38.277 ], [ -104.392, 38.268 ], [ -104.397, 38.253 ], [ -104.394, 38.244 ], [ -104.385, 38.24 ], [ -104.393, 38.227 ], [ -104.391, 38.213 ], [ -104.403, 38.193 ], [ -104.389, 38.177 ], [ -104.428, 38.161 ], [ -104.45, 38.126 ], [ -104.495, 38.112 ], [ -104.54, 38.075 ], [ -104.557, 38.044 ], [ -104.581, 38.029 ], [ -104.58, 38.009 ], [ -104.598, 38.003 ], [ -104.609, 37.966 ], [ -104.62, 37.963 ], [ -104.621, 37.956 ], [ -104.627, 37.955 ], [ -104.628, 37.934 ], [ -104.644, 37.928 ], [ -104.664, 37.937 ], [ -104.681, 37.933 ], [ -104.694, 37.945 ], [ -104.707, 37.946 ], [ -104.737, 37.91 ], [ -104.735, 37.903 ], [ -104.758, 37.902 ], [ -104.772, 37.909 ], [ -104.797, 37.899 ], [ -104.809, 37.905 ], [ -104.829, 37.899 ], [ -104.857, 37.901 ], [ -104.874, 37.89 ], [ -104.922, 37.876 ], [ -104.943, 37.861 ], [ -104.958, 37.864 ], [ -104.985, 37.881 ], [ -105.014, 37.884 ], [ -105.034, 37.894 ], [ -105.032, 37.904 ], [ -105.039, 37.905 ], [ -105.053, 37.917 ], [ -105.063, 37.917 ], [ -105.066, 37.944 ], [ -105.078, 37.953 ], [ -105.085, 37.956 ], [ -105.097, 37.944 ], [ -105.108, 37.944 ], [ -105.126, 37.951 ], [ -105.127, 37.96 ], [ -105.136, 37.966 ], [ -105.132, 37.974 ], [ -105.142, 37.98 ], [ -105.141, 37.986 ], [ -105.152, 37.992 ], [ -105.153, 38.001 ], [ -105.148, 38.006 ], [ -105.163, 38.017 ], [ -105.173, 38.017 ], [ -105.175, 38.026 ], [ -105.185, 38.034 ], [ -105.184, 38.041 ], [ -105.191, 38.039 ], [ -105.207, 38.048 ], [ -105.208, 38.059 ], [ -105.221, 38.065 ], [ -105.233, 38.08 ], [ -105.233, 38.091 ], [ -105.265, 38.096 ], [ -105.284, 38.092 ], [ -105.285, 38.101 ], [ -105.292, 38.107 ], [ -105.285, 38.117 ], [ -105.309, 38.116 ], [ -105.306, 38.131 ], [ -105.318, 38.13 ], [ -105.322, 38.134 ], [ -105.321, 38.139 ], [ -105.298, 38.154 ], [ -105.304, 38.163 ], [ -105.313, 38.163 ], [ -105.298, 38.179 ], [ -105.305, 38.186 ], [ -105.316, 38.185 ], [ -105.328, 38.19 ], [ -105.323, 38.194 ], [ -105.328, 38.212 ], [ -105.318, 38.215 ], [ -105.31, 38.23 ], [ -105.322, 38.237 ], [ -105.319, 38.243 ], [ -105.328, 38.254 ], [ -105.328, 38.266 ], [ -105.338, 38.271 ], [ -105.321, 38.292 ], [ -105.304, 38.298 ], [ -105.293, 38.309 ], [ -105.283, 38.309 ], [ -105.283, 38.316 ], [ -105.29, 38.321 ], [ -105.309, 38.323 ], [ -105.307, 38.351 ], [ -105.315, 38.363 ], [ -105.303, 38.362 ], [ -105.299, 38.376 ], [ -105.287, 38.378 ], [ -105.282, 38.389 ], [ -105.273, 38.391 ], [ -105.266, 38.423 ], [ -105.258, 38.434 ], [ -105.293, 38.456 ], [ -105.292, 38.475 ], [ -105.308, 38.489 ], [ -105.3, 38.512 ], [ -105.314, 38.517 ], [ -105.305, 38.525 ], [ -105.321, 38.531 ], [ -105.327, 38.542 ], [ -105.343, 38.537 ], [ -105.357, 38.543 ], [ -105.364, 38.569 ], [ -105.373, 38.572 ], [ -105.368, 38.576 ], [ -105.375, 38.589 ], [ -105.393, 38.594 ], [ -105.393, 38.607 ], [ -105.406, 38.62 ], [ -105.399, 38.631 ], [ -105.466, 38.672 ], [ -105.462, 38.683 ], [ -105.466, 38.695 ], [ -105.453, 38.706 ], [ -105.461, 38.716 ], [ -105.448, 38.726 ], [ -105.458, 38.734 ], [ -105.469, 38.735 ], [ -105.482, 38.76 ], [ -105.511, 38.777 ], [ -105.532, 38.783 ], [ -105.529, 38.801 ], [ -105.547, 38.813 ], [ -105.555, 38.832 ], [ -105.538, 38.837 ], [ -105.484, 38.838 ], [ -105.467, 38.832 ], [ -105.443, 38.849 ], [ -105.417, 38.85 ], [ -105.408, 38.862 ], [ -105.384, 38.861 ], [ -105.362, 38.875 ], [ -105.356, 38.884 ], [ -105.344, 38.887 ], [ -105.335, 38.873 ], [ -105.315, 38.877 ], [ -105.308, 38.883 ], [ -105.297, 38.873 ], [ -105.277, 38.888 ], [ -105.274, 38.884 ], [ -105.257, 38.883 ], [ -105.255, 38.879 ], [ -105.244, 38.879 ], [ -105.235, 38.883 ], [ -105.223, 38.881 ], [ -105.211, 38.894 ], [ -105.201, 38.896 ], [ -105.179, 38.893 ], [ -105.155, 38.901 ], [ -105.133, 38.893 ], [ -105.124, 38.899 ] ] ] } },
{ "type": "Feature", "properties": { "id": "10190015" }, "geometry": { "type": "MultiPolygon", "coordinates": [ [ [ [ -104.088, 41.002 ], [ -104.084, 40.993 ], [ -104.088, 40.985 ], [ -104.071, 40.979 ], [ -104.072, 40.973 ], [ -104.087, 40.96 ], [ -104.058, 40.935 ], [ -104.096, 40.908 ], [ -104.119, 40.923 ], [ -104.154, 40.926 ], [ -104.144, 40.936 ], [ -104.158, 40.98 ], [ -104.152, 40.994 ], [ -104.126, 40.993 ], [ -104.131, 41.002 ], [ -104.088, 41.002 ] ] ], [ [ [ -104.155, 41.002 ], [ -104.177, 40.996 ], [ -104.218, 40.996 ], [ -104.258, 41.002 ], [ -104.155, 41.002 ] ] ] ] } },
{ "type": "Feature", "properties": { "id": "11040002" }, "geometry": { "type": "Polygon", "coordinates": [ [ [ -102.799, 37.186 ], [ -102.758, 37.166 ], [ -102.754, 37.151 ], [ -102.741, 37.159 ], [ -102.69, 37.136 ], [ -102.636, 37.136 ], [ -102.626, 37.119 ], [ -102.598, 37.109 ], [ -102.599, 37.098 ], [ -102.591, 37.092 ], [ -102.575, 37.094 ], [ -102.556, 37.11 ], [ -102.517, 37.115 ], [ -102.496, 37.113 ], [ -102.47, 37.128 ], [ -102.461, 37.123 ], [ -102.449, 37.132 ], [ -102.43, 37.127 ], [ -102.415, 37.133 ], [ -102.383, 37.134 ], [ -102.362, 37.153 ], [ -102.349, 37.153 ], [ -102.341, 37.145 ], [ -102.323, 37.149 ], [ -102.298, 37.138 ], [ -102.278, 37.154 ], [ -102.249, 37.161 ], [ -102.227, 37.161 ], [ -102.195, 37.149 ], [ -102.168, 37.146 ], [ -102.154, 37.139 ], [ -102.135, 37.12 ], [ -102.052, 37.125 ], [ -102.042, 37.13 ], [ -102.042, 36.993 ], [ -102.698, 36.995 ], [ -102.76, 37.0 ], [ -102.904, 37.0 ], [ -102.906, 37.008 ], [ -102.918, 37.017 ], [ -102.93, 37.018 ], [ -102.944, 37.031 ], [ -102.935, 37.058 ], [ -102.961, 37.093 ], [ -102.95, 37.106 ], [ -102.95, 37.131 ], [ -102.982, 37.162 ], [ -102.951, 37.168 ], [ -102.932, 37.162 ], [ -102.922, 37.164 ], [ -102.902, 37.18 ], [ -102.885, 37.179 ], [ -102.867, 37.186 ], [ -102.848, 37.181 ], [ -102.799, 37.186 ] ] ] } },
{ "type": "Feature", "properties": { "id": "10190017" }, "geometry": { "type": "MultiPolygon", "coordinates": [ [ [ [ -103.181, 41.002 ], [ -103.203, 41.0 ], [ -103.211, 40.993 ], [ -103.227, 40.994 ], [ -103.229, 40.986 ], [ -103.249, 40.987 ], [ -103.256, 40.994 ], [ -103.265, 40.992 ], [ -103.291, 41.001 ], [ -103.181, 41.002 ] ] ], [ [ [ -103.303, 41.002 ], [ -103.312, 40.996 ], [ -103.323, 40.999 ], [ -103.329, 40.993 ], [ -103.345, 40.99 ], [ -103.364, 40.995 ], [ -103.388, 40.994 ], [ -103.391, 40.998 ], [ -103.405, 40.994 ], [ -103.409, 40.999 ], [ -103.421, 40.996 ], [ -103.423, 40.99 ], [ -103.431, 40.991 ], [ -103.442, 40.998 ], [ -103.485, 40.984 ], [ -103.502, 40.995 ], [ -103.529, 40.992 ], [ -103.536, 40.999 ], [ -103.565, 40.994 ], [ -103.573, 40.988 ], [ -103.589, 40.999 ], [ -103.603, 40.994 ], [ -103.605, 40.982 ], [ -103.611, 40.981 ], [ -103.623, 40.989 ], [ -103.636, 40.978 ], [ -103.643, 40.977 ], [ -103.66, 40.984 ], [ -103.666, 40.98 ], [ -103.671, 40.986 ], [ -103.688, 40.986 ], [ -103.706, 40.981 ], [ -103.727, 40.983 ], [ -103.729, 40.974 ], [ -103.74, 40.972 ], [ -103.754, 40.95 ], [ -103.777, 40.944 ], [ -103.8, 40.922 ], [ -103.814, 40.921 ], [ -103.814, 40.924 ], [ -103.83, 40.928 ], [ -103.844, 40.926 ], [ -103.843, 40.921 ], [ -103.856, 40.915 ], [ -103.841, 40.907 ], [ -103.849, 40.903 ], [ -103.851, 40.887 ], [ -103.866, 40.892 ], [ -103.886, 40.885 ], [ -103.898, 40.901 ], [ -103.912, 40.908 ], [ -103.923, 40.905 ], [ -103.929, 40.897 ], [ -103.964, 40.909 ], [ -103.986, 40.906 ], [ -104.004, 40.882 ], [ -104.024, 40.878 ], [ -104.045, 40.864 ], [ -104.05, 40.849 ], [ -104.058, 40.843 ], [ -104.073, 40.844 ], [ -104.081, 40.832 ], [ -104.091, 40.83 ], [ -104.108, 40.843 ], [ -104.085, 40.887 ], [ -104.094, 40.891 ], [ -104.099, 40.888 ], [ -104.106, 40.897 ], [ -104.087, 40.916 ], [ -104.081, 40.916 ], [ -104.077, 40.924 ], [ -104.058, 40.935 ], [ -104.087, 40.96 ], [ -104.072, 40.973 ], [ -104.071, 40.979 ], [ -104.088, 40.985 ], [ -104.084, 40.993 ], [ -104.088, 41.002 ], [ -103.303, 41.002 ] ] ] ] } },
{ "type": "Feature", "properties": { "id": "11040001" }, "geometry": { "type": "MultiPolygon", "coordinates": [ [ [ [ -103.891, 36.997 ], [ -103.885, 36.998 ], [ -103.883, 36.997 ], [ -103.891, 36.997 ] ] ], [ [ [ -103.263, 37.283 ], [ -103.249, 37.288 ], [ -103.232, 37.277 ], [ -103.209, 37.284 ], [ -103.189, 37.274 ], [ -103.135, 37.265 ], [ -103.123, 37.273 ], [ -103.112, 37.26 ], [ -103.071, 37.24 ], [ -103.055, 37.22 ], [ -103.039, 37.208 ], [ -103.017, 37.202 ], [ -103.008, 37.185 ], [ -102.99, 37.176 ], [ -102.971, 37.148 ], [ -102.96, 37.145 ], [ -102.95, 37.131 ], [ -102.95, 37.106 ], [ -102.961, 37.093 ], [ -102.935, 37.058 ], [ -102.944, 37.031 ], [ -102.93, 37.018 ], [ -102.917, 37.017 ], [ -102.901, 36.999 ], [ -103.847, 36.997 ], [ -103.844, 37.003 ], [ -103.816, 37.016 ], [ -103.799, 37.031 ], [ -103.783, 37.025 ], [ -103.761, 37.028 ], [ -103.747, 37.038 ], [ -103.746, 37.054 ], [ -103.736, 37.06 ], [ -103.734, 37.068 ], [ -103.74, 37.086 ], [ -103.733, 37.109 ], [ -103.723, 37.115 ], [ -103.726, 37.119 ], [ -103.706, 37.121 ], [ -103.693, 37.138 ], [ -103.678, 37.142 ], [ -103.666, 37.136 ], [ -103.653, 37.137 ], [ -103.645, 37.132 ], [ -103.63, 37.133 ], [ -103.608, 37.123 ], [ -103.603, 37.127 ], [ -103.606, 37.133 ], [ -103.601, 37.15 ], [ -103.583, 37.163 ], [ -103.559, 37.159 ], [ -103.525, 37.164 ], [ -103.531, 37.172 ], [ -103.529, 37.182 ], [ -103.517, 37.184 ], [ -103.496, 37.196 ], [ -103.489, 37.195 ], [ -103.483, 37.187 ], [ -103.463, 37.19 ], [ -103.446, 37.215 ], [ -103.422, 37.222 ], [ -103.4, 37.221 ], [ -103.398, 37.23 ], [ -103.389, 37.236 ], [ -103.377, 37.235 ], [ -103.357, 37.254 ], [ -103.343, 37.255 ], [ -103.331, 37.274 ], [ -103.319, 37.282 ], [ -103.303, 37.287 ], [ -103.296, 37.273 ], [ -103.287, 37.287 ], [ -103.284, 37.286 ], [ -103.263, 37.283 ] ] ] ] } },
{ "type": "Feature", "properties": { "id": "13010005" }, "geometry": { "type": "Polygon", "coordinates": [ [ [ -106.004, 36.995 ], [ -106.457, 36.994 ], [ -106.447, 37.001 ], [ -106.447, 37.018 ], [ -106.464, 37.041 ], [ -106.507, 37.051 ], [ -106.521, 37.09 ], [ -106.512, 37.11 ], [ -106.516, 37.118 ], [ -106.549, 37.136 ], [ -106.57, 37.128 ], [ -106.583, 37.129 ], [ -106.594, 37.15 ], [ -106.59, 37.164 ], [ -106.594, 37.169 ], [ -106.59, 37.194 ], [ -106.594, 37.208 ], [ -106.599, 37.206 ], [ -106.606, 37.222 ], [ -106.617, 37.218 ], [ -106.631, 37.221 ], [ -106.635, 37.257 ], [ -106.663, 37.253 ], [ -106.686, 37.259 ], [ -106.694, 37.275 ], [ -106.682, 37.296 ], [ -106.663, 37.311 ], [ -106.666, 37.321 ], [ -106.681, 37.326 ], [ -106.692, 37.324 ], [ -106.707, 37.331 ], [ -106.706, 37.338 ], [ -106.696, 37.342 ], [ -106.683, 37.335 ], [ -106.647, 37.345 ], [ -106.619, 37.338 ], [ -106.593, 37.35 ], [ -106.589, 37.358 ], [ -106.56, 37.36 ], [ -106.542, 37.376 ], [ -106.526, 37.375 ], [ -106.51, 37.368 ], [ -106.5, 37.379 ], [ -106.486, 37.381 ], [ -106.476, 37.359 ], [ -106.464, 37.357 ], [ -106.464, 37.352 ], [ -106.448, 37.343 ], [ -106.439, 37.344 ], [ -106.428, 37.326 ], [ -106.438, 37.312 ], [ -106.446, 37.312 ], [ -106.449, 37.308 ], [ -106.444, 37.295 ], [ -106.452, 37.289 ], [ -106.443, 37.258 ], [ -106.461, 37.241 ], [ -106.437, 37.211 ], [ -106.427, 37.182 ], [ -106.418, 37.188 ], [ -106.381, 37.184 ], [ -106.361, 37.193 ], [ -106.355, 37.183 ], [ -106.339, 37.18 ], [ -106.32, 37.163 ], [ -106.291, 37.148 ], [ -106.276, 37.126 ], [ -106.257, 37.121 ], [ -106.248, 37.126 ], [ -106.238, 37.125 ], [ -106.228, 37.103 ], [ -106.211, 37.108 ], [ -106.192, 37.084 ], [ -106.175, 37.082 ], [ -106.172, 37.073 ], [ -106.144, 37.062 ], [ -106.119, 37.062 ], [ -106.097, 37.075 ], [ -106.063, 37.086 ], [ -106.019, 37.115 ], [ -106.01, 37.117 ], [ -105.98, 37.153 ], [ -105.913, 37.207 ], [ -105.893, 37.239 ], [ -105.842, 37.289 ], [ -105.809, 37.302 ], [ -105.791, 37.302 ], [ -105.769, 37.31 ], [ -105.737, 37.305 ], [ -105.744, 37.297 ], [ -105.758, 37.298 ], [ -105.792, 37.283 ], [ -105.791, 37.27 ], [ -105.78, 37.258 ], [ -105.786, 37.249 ], [ -105.797, 37.247 ], [ -105.793, 37.235 ], [ -105.798, 37.223 ], [ -105.811, 37.216 ], [ -105.789, 37.207 ], [ -105.788, 37.201 ], [ -105.8, 37.191 ], [ -105.811, 37.162 ], [ -105.816, 37.161 ], [ -105.803, 37.152 ], [ -105.829, 37.133 ], [ -105.834, 37.099 ], [ -105.832, 37.076 ], [ -105.808, 37.07 ], [ -105.812, 37.068 ], [ -105.811, 37.057 ], [ -105.818, 37.052 ], [ -105.818, 37.042 ], [ -105.828, 37.041 ], [ -105.841, 37.049 ], [ -105.867, 37.048 ], [ -105.923, 37.064 ], [ -105.953, 37.066 ], [ -106.002, 37.059 ], [ -106.008, 37.054 ], [ -106.008, 37.02 ], [ -105.998, 37.007 ], [ -106.004, 36.995 ] ] ] } },
{ "type": "Feature", "properties": { "id": "14080104" }, "geometry": { "type": "Polygon", "coordinates": [ [ [ -107.516, 37.834 ], [ -107.517, 37.826 ], [ -107.523, 37.823 ], [ -107.518, 37.816 ], [ -107.526, 37.813 ], [ -107.53, 37.801 ], [ -107.546, 37.8 ], [ -107.555, 37.79 ], [ -107.559, 37.765 ], [ -107.552, 37.743 ], [ -107.534, 37.715 ], [ -107.558, 37.694 ], [ -107.576, 37.696 ], [ -107.575, 37.685 ], [ -107.559, 37.676 ], [ -107.585, 37.66 ], [ -107.583, 37.651 ], [ -107.596, 37.632 ], [ -107.591, 37.622 ], [ -107.594, 37.604 ], [ -107.607, 37.591 ], [ -107.6, 37.58 ], [ -107.592, 37.582 ], [ -107.585, 37.574 ], [ -107.576, 37.573 ], [ -107.575, 37.559 ], [ -107.561, 37.557 ], [ -107.557, 37.545 ], [ -107.587, 37.535 ], [ -107.601, 37.518 ], [ -107.597, 37.508 ], [ -107.606, 37.503 ], [ -107.604, 37.493 ], [ -107.61, 37.491 ], [ -107.625, 37.473 ], [ -107.626, 37.463 ], [ -107.611, 37.454 ], [ -107.635, 37.417 ], [ -107.631, 37.405 ], [ -107.634, 37.385 ], [ -107.643, 37.385 ], [ -107.657, 37.37 ], [ -107.666, 37.355 ], [ -107.665, 37.346 ], [ -107.68, 37.346 ], [ -107.689, 37.328 ], [ -107.71, 37.324 ], [ -107.7, 37.299 ], [ -107.721, 37.266 ], [ -107.721, 37.256 ], [ -107.694, 37.222 ], [ -107.687, 37.221 ], [ -107.69, 37.206 ], [ -107.684, 37.193 ], [ -107.69, 37.187 ], [ -107.684, 37.184 ], [ -107.693, 37.178 ], [ -107.69, 37.174 ], [ -107.702, 37.157 ], [ -107.72, 37.145 ], [ -107.719, 37.133 ], [ -107.731, 37.119 ], [ -107.725, 37.112 ], [ -107.717, 37.112 ], [ -107.72, 37.105 ], [ -107.71, 37.105 ], [ -107.709, 37.102 ], [ -107.721, 37.094 ], [ -107.722, 37.082 ], [ -107.741, 37.08 ], [ -107.753, 37.084 ], [ -107.788, 37.071 ], [ -107.794, 37.065 ], [ -107.779, 37.041 ], [ -107.791, 37.027 ], [ -107.786, 37.0 ], [ -107.988, 37.0 ], [ -107.97, 37.02 ], [ -107.976, 37.033 ], [ -107.96, 37.048 ], [ -107.959, 37.057 ], [ -107.965, 37.066 ], [ -107.961, 37.073 ], [ -107.981, 37.097 ], [ -107.979, 37.108 ], [ -107.971, 37.113 ], [ -107.983, 37.123 ], [ -107.986, 37.14 ], [ -107.995, 37.145 ], [ -107.999, 37.172 ], [ -107.991, 37.191 ], [ -108.017, 37.215 ], [ -108.015, 37.249 ], [ -108.027, 37.281 ], [ -108.025, 37.298 ], [ -108.043, 37.332 ], [ -108.034, 37.359 ], [ -108.034, 37.376 ], [ -108.04, 37.382 ], [ -108.036, 37.387 ], [ -108.028, 37.388 ], [ -108.033, 37.399 ], [ -108.013, 37.413 ], [ -108.012, 37.439 ], [ -108.004, 37.444 ], [ -108.017, 37.457 ], [ -108.035, 37.46 ], [ -108.036, 37.471 ], [ -108.033, 37.479 ], [ -108.038, 37.503 ], [ -108.031, 37.509 ], [ -108.035, 37.533 ], [ -108.025, 37.54 ], [ -108.018, 37.568 ], [ -108.023, 37.591 ], [ -108.014, 37.597 ], [ -108.014, 37.604 ], [ -108.005, 37.607 ], [ -107.989, 37.625 ], [ -107.975, 37.629 ], [ -107.972, 37.639 ], [ -107.959, 37.643 ], [ -107.961, 37.661 ], [ -107.975, 37.684 ], [ -107.969, 37.697 ], [ -107.953, 37.707 ], [ -107.937, 37.703 ], [ -107.929, 37.71 ], [ -107.912, 37.712 ], [ -107.903, 37.719 ], [ -107.878, 37.716 ], [ -107.873, 37.722 ], [ -107.876, 37.739 ], [ -107.862, 37.756 ], [ -107.87, 37.763 ], [ -107.865, 37.772 ], [ -107.86, 37.775 ], [ -107.841, 37.774 ], [ -107.825, 37.79 ], [ -107.822, 37.796 ], [ -107.829, 37.799 ], [ -107.825, 37.805 ], [ -107.829, 37.812 ], [ -107.809, 37.824 ], [ -107.797, 37.823 ], [ -107.79, 37.837 ], [ -107.783, 37.841 ], [ -107.785, 37.847 ], [ -107.78, 37.849 ], [ -107.783, 37.868 ], [ -107.761, 37.878 ], [ -107.756, 37.89 ], [ -107.738, 37.905 ], [ -107.722, 37.898 ], [ -107.709, 37.899 ], [ -107.707, 37.894 ], [ -107.696, 37.892 ], [ -107.689, 37.902 ], [ -107.664, 37.903 ], [ -107.661, 37.909 ], [ -107.651, 37.91 ], [ -107.637, 37.924 ], [ -107.622, 37.915 ], [ -107.613, 37.934 ], [ -107.597, 37.941 ], [ -107.574, 37.962 ], [ -107.565, 37.961 ], [ -107.562, 37.955 ], [ -107.533, 37.944 ], [ -107.538, 37.933 ], [ -107.537, 37.921 ], [ -107.52, 37.901 ], [ -107.534, 37.889 ], [ -107.537, 37.88 ], [ -107.518, 37.857 ], [ -107.522, 37.842 ], [ -107.516, 37.834 ] ] ] } },
{ "type": "Feature", "properties": { "id": "13020102" }, "geometry": { "type": "Polygon", "coordinates": [ [ [ -106.588, 37.138 ], [ -106.582, 37.129 ], [ -106.543, 37.134 ], [ -106.538, 37.127 ], [ -106.516, 37.118 ], [ -106.512, 37.11 ], [ -106.521, 37.09 ], [ -106.507, 37.052 ], [ -106.464, 37.04 ], [ -106.446, 37.017 ], [ -106.451, 36.997 ], [ -106.698, 36.993 ], [ -106.688, 37.006 ], [ -106.691, 37.04 ], [ -106.649, 37.031 ], [ -106.629, 37.04 ], [ -106.64, 37.054 ], [ -106.623, 37.098 ], [ -106.627, 37.116 ], [ -106.613, 37.136 ], [ -106.588, 37.138 ] ] ] } },
{ "type": "Feature", "properties": { "id": "14080201" }, "geometry": { "type": "Polygon", "coordinates": [ [ [ -108.973, 36.999 ], [ -109.046, 37.0 ], [ -109.045, 37.212 ], [ -109.026, 37.224 ], [ -109.015, 37.221 ], [ -108.979, 37.228 ], [ -108.916, 37.256 ], [ -108.9, 37.254 ], [ -108.874, 37.239 ], [ -108.863, 37.246 ], [ -108.837, 37.244 ], [ -108.817, 37.26 ], [ -108.809, 37.25 ], [ -108.816, 37.247 ], [ -108.816, 37.239 ], [ -108.803, 37.232 ], [ -108.808, 37.214 ], [ -108.8, 37.209 ], [ -108.794, 37.195 ], [ -108.803, 37.193 ], [ -108.822, 37.174 ], [ -108.838, 37.146 ], [ -108.833, 37.141 ], [ -108.847, 37.127 ], [ -108.85, 37.113 ], [ -108.863, 37.099 ], [ -108.895, 37.09 ], [ -108.899, 37.085 ], [ -108.916, 37.085 ], [ -108.928, 37.055 ], [ -108.946, 37.047 ], [ -108.946, 37.038 ], [ -108.977, 37.018 ], [ -108.981, 37.011 ], [ -108.973, 36.999 ] ] ] } },
{ "type": "Feature", "properties": { "id": "14020006" }, "geometry": { "type": "Polygon", "coordinates": [ [ [ -107.861, 38.622 ], [ -107.848, 38.619 ], [ -107.85, 38.597 ], [ -107.844, 38.591 ], [ -107.826, 38.593 ], [ -107.815, 38.588 ], [ -107.8, 38.589 ], [ -107.802, 38.584 ], [ -107.792, 38.573 ], [ -107.786, 38.553 ], [ -107.776, 38.555 ], [ -107.773, 38.534 ], [ -107.768, 38.534 ], [ -107.771, 38.522 ], [ -107.752, 38.501 ], [ -107.747, 38.505 ], [ -107.739, 38.502 ], [ -107.699, 38.52 ], [ -107.691, 38.531 ], [ -107.677, 38.52 ], [ -107.656, 38.479 ], [ -107.636, 38.483 ], [ -107.635, 38.478 ], [ -107.625, 38.474 ], [ -107.631, 38.466 ], [ -107.646, 38.462 ], [ -107.63, 38.45 ], [ -107.634, 38.444 ], [ -107.644, 38.442 ], [ -107.648, 38.434 ], [ -107.621, 38.403 ], [ -107.624, 38.349 ], [ -107.636, 38.333 ], [ -107.631, 38.326 ], [ -107.637, 38.316 ], [ -107.635, 38.302 ], [ -107.612, 38.262 ], [ -107.599, 38.254 ], [ -107.592, 38.254 ], [ -107.58, 38.231 ], [ -107.581, 38.213 ], [ -107.576, 38.21 ], [ -107.562, 38.158 ], [ -107.574, 38.136 ], [ -107.563, 38.124 ], [ -107.561, 38.11 ], [ -107.565, 38.098 ], [ -107.554, 38.079 ], [ -107.534, 38.08 ], [ -107.511, 38.061 ], [ -107.522, 38.057 ], [ -107.522, 38.042 ], [ -107.538, 38.032 ], [ -107.538, 38.009 ], [ -107.547, 38.0 ], [ -107.574, 38.007 ], [ -107.587, 37.999 ], [ -107.591, 37.992 ], [ -107.584, 37.977 ], [ -107.588, 37.97 ], [ -107.569, 37.966 ], [ -107.568, 37.962 ], [ -107.613, 37.934 ], [ -107.619, 37.916 ], [ -107.637, 37.924 ], [ -107.651, 37.91 ], [ -107.661, 37.909 ], [ -107.664, 37.903 ], [ -107.689, 37.902 ], [ -107.696, 37.892 ], [ -107.707, 37.894 ], [ -107.709, 37.899 ], [ -107.722, 37.898 ], [ -107.738, 37.905 ], [ -107.733, 37.93 ], [ -107.749, 37.953 ], [ -107.761, 37.96 ], [ -107.78, 37.962 ], [ -107.796, 37.988 ], [ -107.848, 37.992 ], [ -107.842, 38.006 ], [ -107.862, 38.009 ], [ -107.883, 38.007 ], [ -107.89, 38.013 ], [ -107.891, 38.025 ], [ -107.9, 38.026 ], [ -107.888, 38.045 ], [ -107.896, 38.073 ], [ -107.889, 38.088 ], [ -107.889, 38.109 ], [ -107.9, 38.118 ], [ -107.904, 38.115 ], [ -107.922, 38.12 ], [ -107.931, 38.111 ], [ -107.936, 38.118 ], [ -107.952, 38.11 ], [ -107.951, 38.125 ], [ -107.946, 38.133 ], [ -107.95, 38.133 ], [ -107.95, 38.143 ], [ -107.97, 38.147 ], [ -107.967, 38.162 ], [ -107.94, 38.178 ], [ -107.941, 38.188 ], [ -107.933, 38.196 ], [ -107.943, 38.212 ], [ -107.968, 38.223 ], [ -107.965, 38.23 ], [ -107.973, 38.232 ], [ -107.985, 38.227 ], [ -107.986, 38.234 ], [ -107.999, 38.236 ], [ -108.018, 38.232 ], [ -108.035, 38.222 ], [ -108.043, 38.23 ], [ -108.037, 38.258 ], [ -108.049, 38.261 ], [ -108.072, 38.254 ], [ -108.08, 38.255 ], [ -108.082, 38.269 ], [ -108.078, 38.274 ], [ -108.083, 38.277 ], [ -108.091, 38.275 ], [ -108.096, 38.281 ], [ -108.106, 38.273 ], [ -108.121, 38.274 ], [ -108.123, 38.306 ], [ -108.13, 38.313 ], [ -108.155, 38.302 ], [ -108.173, 38.306 ], [ -108.166, 38.32 ], [ -108.178, 38.319 ], [ -108.184, 38.325 ], [ -108.193, 38.323 ], [ -108.183, 38.342 ], [ -108.193, 38.354 ], [ -108.189, 38.364 ], [ -108.198, 38.374 ], [ -108.191, 38.39 ], [ -108.18, 38.4 ], [ -108.168, 38.439 ], [ -108.19, 38.477 ], [ -108.188, 38.532 ], [ -108.183, 38.534 ], [ -108.175, 38.555 ], [ -108.152, 38.553 ], [ -108.127, 38.573 ], [ -108.094, 38.585 ], [ -108.068, 38.606 ], [ -108.063, 38.655 ], [ -108.083, 38.704 ], [ -108.078, 38.718 ], [ -108.088, 38.738 ], [ -108.081, 38.743 ], [ -108.091, 38.756 ], [ -108.08, 38.753 ], [ -108.069, 38.739 ], [ -108.052, 38.737 ], [ -108.03, 38.724 ], [ -108.015, 38.726 ], [ -108.004, 38.705 ], [ -107.984, 38.701 ], [ -107.969, 38.704 ], [ -107.957, 38.699 ], [ -107.944, 38.67 ], [ -107.915, 38.652 ], [ -107.914, 38.625 ], [ -107.902, 38.607 ], [ -107.892, 38.603 ], [ -107.887, 38.609 ], [ -107.874, 38.608 ], [ -107.861, 38.622 ] ] ] } },
{ "type": "Feature", "properties": { "id": "14030003" }, "geometry": { "type": "Polygon", "coordinates": [ [ [ -108.591, 38.508 ], [ -108.568, 38.478 ], [ -108.555, 38.475 ], [ -108.538, 38.458 ], [ -108.511, 38.47 ], [ -108.491, 38.472 ], [ -108.462, 38.462 ], [ -108.454, 38.447 ], [ -108.441, 38.447 ], [ -108.442, 38.439 ], [ -108.433, 38.425 ], [ -108.418, 38.417 ], [ -108.39, 38.414 ], [ -108.383, 38.418 ], [ -108.377, 38.412 ], [ -108.336, 38.405 ], [ -108.278, 38.379 ], [ -108.254, 38.363 ], [ -108.222, 38.319 ], [ -108.201, 38.315 ], [ -108.184, 38.325 ], [ -108.178, 38.319 ], [ -108.164, 38.318 ], [ -108.173, 38.306 ], [ -108.155, 38.302 ], [ -108.13, 38.313 ], [ -108.123, 38.306 ], [ -108.121, 38.274 ], [ -108.106, 38.273 ], [ -108.095, 38.281 ], [ -108.091, 38.275 ], [ -108.084, 38.277 ], [ -108.078, 38.274 ], [ -108.08, 38.255 ], [ -108.072, 38.254 ], [ -108.049, 38.261 ], [ -108.037, 38.258 ], [ -108.043, 38.23 ], [ -108.035, 38.222 ], [ -108.018, 38.232 ], [ -107.999, 38.236 ], [ -107.986, 38.234 ], [ -107.985, 38.227 ], [ -107.973, 38.232 ], [ -107.965, 38.23 ], [ -107.968, 38.223 ], [ -107.943, 38.212 ], [ -107.933, 38.196 ], [ -107.941, 38.188 ], [ -107.94, 38.178 ], [ -107.967, 38.162 ], [ -107.97, 38.147 ], [ -107.95, 38.143 ], [ -107.95, 38.133 ], [ -107.946, 38.133 ], [ -107.951, 38.125 ], [ -107.952, 38.11 ], [ -107.936, 38.118 ], [ -107.931, 38.111 ], [ -107.922, 38.12 ], [ -107.904, 38.115 ], [ -107.9, 38.118 ], [ -107.889, 38.109 ], [ -107.889, 38.088 ], [ -107.896, 38.073 ], [ -107.888, 38.045 ], [ -107.9, 38.026 ], [ -107.891, 38.025 ], [ -107.89, 38.013 ], [ -107.883, 38.007 ], [ -107.862, 38.009 ], [ -107.842, 38.006 ], [ -107.848, 37.992 ], [ -107.796, 37.988 ], [ -107.78, 37.962 ], [ -107.761, 37.96 ], [ -107.749, 37.953 ], [ -107.733, 37.93 ], [ -107.741, 37.901 ], [ -107.756, 37.89 ], [ -107.761, 37.877 ], [ -107.783, 37.868 ], [ -107.78, 37.849 ], [ -107.785, 37.847 ], [ -107.783, 37.841 ], [ -107.79, 37.837 ], [ -107.797, 37.823 ], [ -107.809, 37.824 ], [ -107.829, 37.812 ], [ -107.825, 37.805 ], [ -107.829, 37.799 ], [ -107.822, 37.796 ], [ -107.841, 37.774 ], [ -107.861, 37.775 ], [ -107.873, 37.786 ], [ -107.886, 37.785 ], [ -107.892, 37.802 ], [ -107.904, 37.807 ], [ -107.918, 37.824 ], [ -107.937, 37.823 ], [ -107.947, 37.829 ], [ -107.951, 37.836 ], [ -107.973, 37.833 ], [ -107.989, 37.857 ], [ -108.031, 37.855 ], [ -108.047, 37.851 ], [ -108.058, 37.841 ], [ -108.07, 37.85 ], [ -108.091, 37.84 ], [ -108.113, 37.855 ], [ -108.125, 37.852 ], [ -108.14, 37.834 ], [ -108.148, 37.839 ], [ -108.15, 37.835 ], [ -108.175, 37.833 ], [ -108.184, 37.826 ], [ -108.21, 37.821 ], [ -108.212, 37.832 ], [ -108.227, 37.843 ], [ -108.238, 37.876 ], [ -108.248, 37.879 ], [ -108.255, 37.888 ], [ -108.271, 37.883 ], [ -108.278, 37.871 ], [ -108.293, 37.869 ], [ -108.315, 37.88 ], [ -108.344, 37.88 ], [ -108.346, 37.898 ], [ -108.36, 37.893 ], [ -108.371, 37.903 ], [ -108.391, 37.906 ], [ -108.399, 37.914 ], [ -108.409, 37.909 ], [ -108.442, 37.924 ], [ -108.453, 37.92 ], [ -108.463, 37.923 ], [ -108.465, 37.929 ], [ -108.49, 37.929 ], [ -108.494, 37.935 ], [ -108.5, 37.935 ], [ -108.512, 37.945 ], [ -108.52, 37.975 ], [ -108.534, 37.974 ], [ -108.543, 37.981 ], [ -108.553, 37.978 ], [ -108.561, 37.983 ], [ -108.569, 38.006 ], [ -108.583, 38.002 ], [ -108.611, 38.006 ], [ -108.617, 38.023 ], [ -108.627, 38.024 ], [ -108.68, 38.061 ], [ -108.712, 38.077 ], [ -108.775, 38.095 ], [ -108.762, 38.11 ], [ -108.76, 38.127 ], [ -108.78, 38.146 ], [ -108.761, 38.158 ], [ -108.729, 38.196 ], [ -108.718, 38.186 ], [ -108.667, 38.189 ], [ -108.685, 38.207 ], [ -108.665, 38.233 ], [ -108.673, 38.238 ], [ -108.67, 38.245 ], [ -108.682, 38.25 ], [ -108.681, 38.255 ], [ -108.69, 38.255 ], [ -108.691, 38.268 ], [ -108.708, 38.271 ], [ -108.71, 38.278 ], [ -108.722, 38.274 ], [ -108.79, 38.31 ], [ -108.796, 38.322 ], [ -108.775, 38.35 ], [ -108.806, 38.384 ], [ -108.796, 38.397 ], [ -108.776, 38.396 ], [ -108.769, 38.407 ], [ -108.741, 38.418 ], [ -108.736, 38.434 ], [ -108.722, 38.441 ], [ -108.705, 38.462 ], [ -108.693, 38.467 ], [ -108.685, 38.484 ], [ -108.67, 38.498 ], [ -108.65, 38.507 ], [ -108.648, 38.513 ], [ -108.622, 38.503 ], [ -108.598, 38.504 ], [ -108.591, 38.508 ] ] ] } },
{ "type": "Feature", "properties": { "id": "14050002" }, "geometry": { "type": "Polygon", "coordinates": [ [ [ -107.686, 40.719 ], [ -107.673, 40.7 ], [ -107.644, 40.696 ], [ -107.626, 40.685 ], [ -107.617, 40.665 ], [ -107.601, 40.658 ], [ -107.605, 40.644 ], [ -107.596, 40.641 ], [ -107.586, 40.63 ], [ -107.593, 40.618 ], [ -107.62, 40.601 ], [ -107.615, 40.583 ], [ -107.642, 40.578 ], [ -107.643, 40.572 ], [ -107.636, 40.571 ], [ -107.638, 40.563 ], [ -107.666, 40.551 ], [ -107.667, 40.537 ], [ -107.679, 40.516 ], [ -107.706, 40.502 ], [ -107.664, 40.475 ], [ -107.667, 40.451 ], [ -107.659, 40.446 ], [ -107.66, 40.44 ], [ -107.653, 40.441 ], [ -107.653, 40.433 ], [ -107.663, 40.421 ], [ -107.662, 40.394 ], [ -107.674, 40.359 ], [ -107.657, 40.349 ], [ -107.666, 40.333 ], [ -107.654, 40.326 ], [ -107.655, 40.313 ], [ -107.664, 40.307 ], [ -107.662, 40.293 ], [ -107.659, 40.287 ], [ -107.652, 40.286 ], [ -107.649, 40.271 ], [ -107.629, 40.263 ], [ -107.594, 40.227 ], [ -107.597, 40.214 ], [ -107.592, 40.194 ], [ -107.578, 40.182 ], [ -107.577, 40.173 ], [ -107.57, 40.175 ], [ -107.55, 40.147 ], [ -107.543, 40.149 ], [ -107.529, 40.145 ], [ -107.529, 40.134 ], [ -107.535, 40.124 ], [ -107.547, 40.133 ], [ -107.553, 40.123 ], [ -107.579, 40.121 ], [ -107.59, 40.114 ], [ -107.612, 40.11 ], [ -107.617, 40.115 ], [ -107.659, 40.12 ], [ -107.674, 40.127 ], [ -107.7, 40.131 ], [ -107.707, 40.129 ], [ -107.724, 40.149 ], [ -107.74, 40.148 ], [ -107.751, 40.158 ], [ -107.763, 40.158 ], [ -107.765, 40.154 ], [ -107.781, 40.152 ], [ -107.786, 40.145 ], [ -107.795, 40.146 ], [ -107.796, 40.137 ], [ -107.804, 40.14 ], [ -107.805, 40.151 ], [ -107.818, 40.146 ], [ -107.824, 40.15 ], [ -107.836, 40.146 ], [ -107.842, 40.155 ], [ -107.863, 40.153 ], [ -107.872, 40.165 ], [ -107.891, 40.169 ], [ -107.895, 40.165 ], [ -107.902, 40.187 ], [ -107.91, 40.184 ], [ -107.913, 40.188 ], [ -107.93, 40.189 ], [ -107.949, 40.212 ], [ -107.964, 40.216 ], [ -107.97, 40.212 ], [ -107.978, 40.214 ], [ -107.978, 40.219 ], [ -107.997, 40.221 ], [ -108.003, 40.241 ], [ -108.014, 40.243 ], [ -108.016, 40.252 ], [ -108.028, 40.264 ], [ -108.041, 40.266 ], [ -108.048, 40.275 ], [ -108.055, 40.275 ], [ -108.063, 40.295 ], [ -108.08, 40.309 ], [ -108.091, 40.311 ], [ -108.095, 40.322 ], [ -108.111, 40.317 ], [ -108.122, 40.302 ], [ -108.135, 40.295 ], [ -108.147, 40.294 ], [ -108.151, 40.3 ], [ -108.157, 40.295 ], [ -108.168, 40.305 ], [ -108.175, 40.3 ], [ -108.19, 40.299 ], [ -108.196, 40.292 ], [ -108.212, 40.311 ], [ -108.216, 40.335 ], [ -108.223, 40.337 ], [ -108.228, 40.348 ], [ -108.237, 40.351 ], [ -108.232, 40.373 ], [ -108.279, 40.369 ], [ -108.286, 40.38 ], [ -108.297, 40.38 ], [ -108.315, 40.372 ], [ -108.337, 40.374 ], [ -108.346, 40.367 ], [ -108.352, 40.37 ], [ -108.36, 40.363 ], [ -108.408, 40.359 ], [ -108.422, 40.354 ], [ -108.428, 40.354 ], [ -108.43, 40.363 ], [ -108.444, 40.363 ], [ -108.448, 40.368 ], [ -108.463, 40.356 ], [ -108.47, 40.361 ], [ -108.479, 40.357 ], [ -108.504, 40.373 ], [ -108.514, 40.375 ], [ -108.523, 40.375 ], [ -108.531, 40.367 ], [ -108.547, 40.369 ], [ -108.566, 40.361 ], [ -108.579, 40.394 ], [ -108.574, 40.399 ], [ -108.58, 40.405 ], [ -108.604, 40.4 ], [ -108.609, 40.406 ], [ -108.615, 40.402 ], [ -108.632, 40.41 ], [ -108.652, 40.407 ], [ -108.659, 40.421 ], [ -108.668, 40.428 ], [ -108.712, 40.433 ], [ -108.712, 40.425 ], [ -108.724, 40.419 ], [ -108.753, 40.43 ], [ -108.772, 40.425 ], [ -108.79, 40.41 ], [ -108.791, 40.398 ], [ -108.801, 40.393 ], [ -108.815, 40.397 ], [ -108.823, 40.405 ], [ -108.823, 40.424 ], [ -108.835, 40.398 ], [ -108.826, 40.393 ], [ -108.831, 40.372 ], [ -108.836, 40.358 ], [ -108.85, 40.355 ], [ -108.853, 40.325 ], [ -108.87, 40.313 ], [ -108.892, 40.309 ], [ -108.935, 40.317 ], [ -108.948, 40.328 ], [ -108.942, 40.342 ], [ -108.949, 40.351 ], [ -108.981, 40.362 ], [ -109.001, 40.363 ], [ -109.023, 40.373 ], [ -109.02, 40.381 ], [ -109.031, 40.394 ], [ -109.024, 40.403 ], [ -109.03, 40.416 ], [ -109.019, 40.431 ], [ -109.041, 40.448 ], [ -109.036, 40.472 ], [ -109.01, 40.492 ], [ -108.996, 40.49 ], [ -108.978, 40.505 ], [ -108.98, 40.513 ], [ -108.974, 40.526 ], [ -108.985, 40.528 ], [ -108.978, 40.539 ], [ -108.948, 40.545 ], [ -108.945, 40.552 ], [ -108.937, 40.553 ], [ -108.938, 40.561 ], [ -108.927, 40.565 ], [ -108.928, 40.574 ], [ -108.894, 40.584 ], [ -108.892, 40.592 ], [ -108.875, 40.607 ], [ -108.856, 40.61 ], [ -108.848, 40.6 ], [ -108.83, 40.605 ], [ -108.821, 40.599 ], [ -108.821, 40.592 ], [ -108.813, 40.59 ], [ -108.776, 40.601 ], [ -108.763, 40.591 ], [ -108.746, 40.593 ], [ -108.746, 40.585 ], [ -108.728, 40.575 ], [ -108.706, 40.579 ], [ -108.689, 40.571 ], [ -108.686, 40.563 ], [ -108.674, 40.565 ], [ -108.667, 40.561 ], [ -108.657, 40.564 ], [ -108.649, 40.556 ], [ -108.621, 40.555 ], [ -108.612, 40.545 ], [ -108.589, 40.535 ], [ -108.588, 40.525 ], [ -108.572, 40.517 ], [ -108.564, 40.524 ], [ -108.536, 40.53 ], [ -108.525, 40.53 ], [ -108.52, 40.521 ], [ -108.511, 40.526 ], [ -108.483, 40.489 ], [ -108.468, 40.48 ], [ -108.472, 40.477 ], [ -108.464, 40.459 ], [ -108.456, 40.453 ], [ -108.421, 40.464 ], [ -108.397, 40.483 ], [ -108.368, 40.493 ], [ -108.371, 40.506 ], [ -108.359, 40.52 ], [ -108.345, 40.523 ], [ -108.339, 40.539 ], [ -108.329, 40.546 ], [ -108.317, 40.549 ], [ -108.282, 40.54 ], [ -108.256, 40.56 ], [ -108.249, 40.575 ], [ -108.232, 40.577 ], [ -108.234, 40.583 ], [ -108.225, 40.585 ], [ -108.226, 40.592 ], [ -108.218, 40.601 ], [ -108.221, 40.607 ], [ -108.208, 40.622 ], [ -108.146, 40.67 ], [ -108.121, 40.684 ], [ -108.097, 40.685 ], [ -108.081, 40.692 ], [ -108.074, 40.689 ], [ -108.04, 40.693 ], [ -108.034, 40.697 ], [ -108.021, 40.696 ], [ -108.016, 40.705 ], [ -107.988, 40.714 ], [ -107.972, 40.724 ], [ -107.965, 40.727 ], [ -107.963, 40.722 ], [ -107.946, 40.724 ], [ -107.942, 40.72 ], [ -107.909, 40.739 ], [ -107.853, 40.758 ], [ -107.83, 40.745 ], [ -107.82, 40.746 ], [ -107.776, 40.771 ], [ -107.742, 40.737 ], [ -107.725, 40.736 ], [ -107.704, 40.72 ], [ -107.686, 40.719 ] ] ] } },
{ "type": "Feature", "properties": { "id": "14050005" }, "geometry": { "type": "Polygon", "coordinates": [ [ [ -107.529, 40.134 ], [ -107.479, 40.13 ], [ -107.461, 40.123 ], [ -107.454, 40.126 ], [ -107.438, 40.105 ], [ -107.429, 40.109 ], [ -107.41, 40.1 ], [ -107.379, 40.114 ], [ -107.369, 40.129 ], [ -107.362, 40.13 ], [ -107.352, 40.141 ], [ -107.334, 40.14 ], [ -107.316, 40.127 ], [ -107.303, 40.123 ], [ -107.296, 40.112 ], [ -107.276, 40.108 ], [ -107.269, 40.099 ], [ -107.248, 40.089 ], [ -107.245, 40.072 ], [ -107.226, 40.054 ], [ -107.205, 40.057 ], [ -107.196, 40.054 ], [ -107.17, 40.035 ], [ -107.166, 40.026 ], [ -107.177, 40.014 ], [ -107.164, 39.988 ], [ -107.173, 39.966 ], [ -107.172, 39.95 ], [ -107.185, 39.926 ], [ -107.175, 39.92 ], [ -107.175, 39.915 ], [ -107.199, 39.9 ], [ -107.235, 39.904 ], [ -107.259, 39.886 ], [ -107.257, 39.874 ], [ -107.282, 39.875 ], [ -107.287, 39.872 ], [ -107.287, 39.862 ], [ -107.276, 39.85 ], [ -107.304, 39.84 ], [ -107.303, 39.828 ], [ -107.288, 39.827 ], [ -107.282, 39.82 ], [ -107.291, 39.812 ], [ -107.287, 39.8 ], [ -107.262, 39.798 ], [ -107.266, 39.784 ], [ -107.277, 39.778 ], [ -107.289, 39.774 ], [ -107.305, 39.778 ], [ -107.329, 39.775 ], [ -107.339, 39.782 ], [ -107.347, 39.773 ], [ -107.356, 39.772 ], [ -107.366, 39.755 ], [ -107.416, 39.743 ], [ -107.427, 39.752 ], [ -107.428, 39.765 ], [ -107.418, 39.794 ], [ -107.42, 39.807 ], [ -107.469, 39.812 ], [ -107.489, 39.84 ], [ -107.503, 39.84 ], [ -107.512, 39.831 ], [ -107.524, 39.834 ], [ -107.546, 39.832 ], [ -107.551, 39.841 ], [ -107.566, 39.843 ], [ -107.571, 39.841 ], [ -107.575, 39.828 ], [ -107.582, 39.828 ], [ -107.586, 39.812 ], [ -107.592, 39.814 ], [ -107.597, 39.809 ], [ -107.61, 39.807 ], [ -107.615, 39.8 ], [ -107.627, 39.808 ], [ -107.632, 39.802 ], [ -107.64, 39.814 ], [ -107.65, 39.804 ], [ -107.665, 39.814 ], [ -107.681, 39.806 ], [ -107.693, 39.812 ], [ -107.694, 39.824 ], [ -107.699, 39.823 ], [ -107.702, 39.815 ], [ -107.717, 39.809 ], [ -107.722, 39.812 ], [ -107.741, 39.803 ], [ -107.744, 39.787 ], [ -107.749, 39.791 ], [ -107.759, 39.789 ], [ -107.767, 39.793 ], [ -107.777, 39.79 ], [ -107.785, 39.793 ], [ -107.792, 39.788 ], [ -107.807, 39.796 ], [ -107.815, 39.792 ], [ -107.813, 39.776 ], [ -107.826, 39.773 ], [ -107.828, 39.778 ], [ -107.848, 39.78 ], [ -107.854, 39.771 ], [ -107.871, 39.79 ], [ -107.882, 39.815 ], [ -107.91, 39.818 ], [ -107.918, 39.842 ], [ -107.933, 39.861 ], [ -107.946, 39.863 ], [ -107.954, 39.857 ], [ -107.957, 39.86 ], [ -107.962, 39.857 ], [ -107.976, 39.859 ], [ -107.985, 39.875 ], [ -107.981, 39.881 ], [ -107.985, 39.891 ], [ -107.992, 39.895 ], [ -107.999, 39.916 ], [ -107.991, 39.924 ], [ -108.011, 39.933 ], [ -108.006, 39.944 ], [ -108.024, 39.948 ], [ -108.059, 39.945 ], [ -108.088, 39.957 ], [ -108.094, 39.954 ], [ -108.105, 39.964 ], [ -108.114, 39.966 ], [ -108.117, 39.979 ], [ -108.126, 39.976 ], [ -108.147, 39.989 ], [ -108.148, 40.01 ], [ -108.169, 40.034 ], [ -108.214, 40.057 ], [ -108.218, 40.074 ], [ -108.226, 40.081 ], [ -108.245, 40.09 ], [ -108.251, 40.08 ], [ -108.266, 40.078 ], [ -108.278, 40.08 ], [ -108.282, 40.085 ], [ -108.297, 40.083 ], [ -108.309, 40.09 ], [ -108.316, 40.109 ], [ -108.327, 40.122 ], [ -108.359, 40.13 ], [ -108.366, 40.145 ], [ -108.377, 40.148 ], [ -108.384, 40.166 ], [ -108.392, 40.172 ], [ -108.404, 40.173 ], [ -108.399, 40.191 ], [ -108.414, 40.198 ], [ -108.428, 40.234 ], [ -108.416, 40.24 ], [ -108.421, 40.249 ], [ -108.403, 40.266 ], [ -108.403, 40.28 ], [ -108.395, 40.282 ], [ -108.389, 40.302 ], [ -108.372, 40.311 ], [ -108.365, 40.323 ], [ -108.363, 40.33 ], [ -108.372, 40.345 ], [ -108.366, 40.356 ], [ -108.369, 40.363 ], [ -108.36, 40.363 ], [ -108.351, 40.37 ], [ -108.341, 40.368 ], [ -108.337, 40.374 ], [ -108.316, 40.372 ], [ -108.297, 40.38 ], [ -108.286, 40.38 ], [ -108.279, 40.369 ], [ -108.232, 40.373 ], [ -108.237, 40.351 ], [ -108.228, 40.348 ], [ -108.223, 40.337 ], [ -108.216, 40.335 ], [ -108.212, 40.311 ], [ -108.196, 40.292 ], [ -108.19, 40.299 ], [ -108.175, 40.3 ], [ -108.168, 40.305 ], [ -108.157, 40.295 ], [ -108.151, 40.3 ], [ -108.147, 40.294 ], [ -108.135, 40.295 ], [ -108.122, 40.302 ], [ -108.111, 40.317 ], [ -108.095, 40.322 ], [ -108.091, 40.311 ], [ -108.08, 40.309 ], [ -108.063, 40.295 ], [ -108.055, 40.275 ], [ -108.048, 40.275 ], [ -108.041, 40.266 ], [ -108.028, 40.264 ], [ -108.016, 40.252 ], [ -108.014, 40.243 ], [ -108.003, 40.241 ], [ -107.997, 40.221 ], [ -107.978, 40.219 ], [ -107.978, 40.214 ], [ -107.97, 40.212 ], [ -107.964, 40.216 ], [ -107.949, 40.212 ], [ -107.93, 40.189 ], [ -107.913, 40.188 ], [ -107.91, 40.184 ], [ -107.902, 40.187 ], [ -107.895, 40.165 ], [ -107.891, 40.169 ], [ -107.872, 40.165 ], [ -107.863, 40.153 ], [ -107.842, 40.155 ], [ -107.836, 40.146 ], [ -107.824, 40.15 ], [ -107.818, 40.146 ], [ -107.805, 40.151 ], [ -107.804, 40.14 ], [ -107.796, 40.137 ], [ -107.795, 40.146 ], [ -107.786, 40.145 ], [ -107.781, 40.152 ], [ -107.765, 40.154 ], [ -107.763, 40.158 ], [ -107.751, 40.158 ], [ -107.74, 40.148 ], [ -107.724, 40.149 ], [ -107.707, 40.129 ], [ -107.69, 40.13 ], [ -107.659, 40.12 ], [ -107.617, 40.115 ], [ -107.611, 40.11 ], [ -107.59, 40.114 ], [ -107.579, 40.121 ], [ -107.553, 40.123 ], [ -107.547, 40.133 ], [ -107.535, 40.124 ], [ -107.529, 40.134 ] ] ] } },
{ "type": "Feature", "properties": { "id": "14050006" }, "geometry": { "type": "Polygon", "coordinates": [ [ [ -107.854, 39.771 ], [ -107.853, 39.768 ], [ -107.873, 39.763 ], [ -107.888, 39.748 ], [ -107.899, 39.745 ], [ -107.925, 39.707 ], [ -107.945, 39.701 ], [ -107.94, 39.675 ], [ -107.926, 39.657 ], [ -107.958, 39.647 ], [ -107.963, 39.649 ], [ -107.981, 39.645 ], [ -107.989, 39.649 ], [ -107.996, 39.644 ], [ -108.009, 39.653 ], [ -108.01, 39.659 ], [ -108.019, 39.659 ], [ -108.021, 39.665 ], [ -108.033, 39.657 ], [ -108.04, 39.661 ], [ -108.047, 39.653 ], [ -108.055, 39.657 ], [ -108.055, 39.664 ], [ -108.069, 39.668 ], [ -108.073, 39.678 ], [ -108.088, 39.676 ], [ -108.105, 39.665 ], [ -108.123, 39.677 ], [ -108.129, 39.67 ], [ -108.14, 39.671 ], [ -108.155, 39.651 ], [ -108.166, 39.656 ], [ -108.198, 39.646 ], [ -108.211, 39.649 ], [ -108.215, 39.658 ], [ -108.225, 39.652 ], [ -108.226, 39.659 ], [ -108.238, 39.653 ], [ -108.246, 39.656 ], [ -108.27, 39.649 ], [ -108.278, 39.633 ], [ -108.294, 39.623 ], [ -108.301, 39.626 ], [ -108.304, 39.634 ], [ -108.311, 39.632 ], [ -108.317, 39.649 ], [ -108.338, 39.647 ], [ -108.347, 39.659 ], [ -108.374, 39.662 ], [ -108.376, 39.666 ], [ -108.381, 39.664 ], [ -108.381, 39.668 ], [ -108.388, 39.666 ], [ -108.395, 39.673 ], [ -108.402, 39.67 ], [ -108.411, 39.681 ], [ -108.446, 39.681 ], [ -108.474, 39.699 ], [ -108.488, 39.696 ], [ -108.495, 39.688 ], [ -108.509, 39.692 ], [ -108.527, 39.69 ], [ -108.541, 39.697 ], [ -108.542, 39.711 ], [ -108.521, 39.736 ], [ -108.52, 39.753 ], [ -108.533, 39.771 ], [ -108.564, 39.78 ], [ -108.568, 39.787 ], [ -108.562, 39.797 ], [ -108.577, 39.815 ], [ -108.592, 39.822 ], [ -108.59, 39.833 ], [ -108.597, 39.845 ], [ -108.613, 39.849 ], [ -108.618, 39.875 ], [ -108.613, 39.881 ], [ -108.613, 39.896 ], [ -108.618, 39.9 ], [ -108.616, 39.913 ], [ -108.625, 39.918 ], [ -108.616, 39.94 ], [ -108.621, 39.954 ], [ -108.598, 39.958 ], [ -108.58, 39.97 ], [ -108.554, 40.018 ], [ -108.549, 40.032 ], [ -108.556, 40.039 ], [ -108.548, 40.05 ], [ -108.558, 40.063 ], [ -108.554, 40.09 ], [ -108.545, 40.094 ], [ -108.535, 40.092 ], [ -108.513, 40.104 ], [ -108.5, 40.104 ], [ -108.483, 40.117 ], [ -108.475, 40.117 ], [ -108.445, 40.166 ], [ -108.408, 40.152 ], [ -108.401, 40.164 ], [ -108.403, 40.173 ], [ -108.391, 40.172 ], [ -108.384, 40.166 ], [ -108.377, 40.148 ], [ -108.366, 40.145 ], [ -108.36, 40.131 ], [ -108.327, 40.122 ], [ -108.316, 40.109 ], [ -108.309, 40.09 ], [ -108.297, 40.083 ], [ -108.282, 40.085 ], [ -108.276, 40.08 ], [ -108.252, 40.079 ], [ -108.245, 40.09 ], [ -108.226, 40.081 ], [ -108.218, 40.074 ], [ -108.214, 40.057 ], [ -108.169, 40.034 ], [ -108.148, 40.01 ], [ -108.147, 39.989 ], [ -108.126, 39.976 ], [ -108.117, 39.979 ], [ -108.118, 39.971 ], [ -108.111, 39.964 ], [ -108.105, 39.964 ], [ -108.104, 39.959 ], [ -108.059, 39.945 ], [ -108.024, 39.948 ], [ -108.006, 39.944 ], [ -108.011, 39.933 ], [ -107.991, 39.924 ], [ -107.999, 39.916 ], [ -107.992, 39.895 ], [ -107.985, 39.891 ], [ -107.981, 39.881 ], [ -107.985, 39.875 ], [ -107.976, 39.859 ], [ -107.962, 39.857 ], [ -107.957, 39.86 ], [ -107.954, 39.857 ], [ -107.946, 39.863 ], [ -107.933, 39.861 ], [ -107.918, 39.842 ], [ -107.91, 39.818 ], [ -107.882, 39.815 ], [ -107.871, 39.79 ], [ -107.854, 39.771 ] ] ] } },
{ "type": "Feature", "properties": { "id": "14050003" }, "geometry": { "type": "Polygon", "coordinates": [ [ [ -106.859, 41.003 ], [ -106.861, 40.997 ], [ -106.851, 40.99 ], [ -106.857, 40.981 ], [ -106.87, 40.981 ], [ -106.873, 40.974 ], [ -106.862, 40.941 ], [ -106.852, 40.934 ], [ -106.85, 40.924 ], [ -106.83, 40.924 ], [ -106.825, 40.932 ], [ -106.806, 40.906 ], [ -106.81, 40.9 ], [ -106.801, 40.896 ], [ -106.803, 40.888 ], [ -106.817, 40.883 ], [ -106.812, 40.861 ], [ -106.816, 40.855 ], [ -106.829, 40.857 ], [ -106.84, 40.851 ], [ -106.849, 40.832 ], [ -106.88, 40.848 ], [ -106.908, 40.855 ], [ -106.929, 40.847 ], [ -106.933, 40.84 ], [ -106.948, 40.84 ], [ -106.957, 40.835 ], [ -106.97, 40.86 ], [ -106.995, 40.857 ], [ -107.009, 40.864 ], [ -107.024, 40.86 ], [ -107.031, 40.862 ], [ -107.045, 40.857 ], [ -107.041, 40.852 ], [ -107.051, 40.839 ], [ -107.05, 40.828 ], [ -107.058, 40.825 ], [ -107.075, 40.803 ], [ -107.069, 40.799 ], [ -107.076, 40.79 ], [ -107.07, 40.769 ], [ -107.075, 40.768 ], [ -107.093, 40.783 ], [ -107.104, 40.803 ], [ -107.144, 40.817 ], [ -107.153, 40.8 ], [ -107.186, 40.807 ], [ -107.185, 40.78 ], [ -107.205, 40.779 ], [ -107.214, 40.771 ], [ -107.233, 40.771 ], [ -107.259, 40.783 ], [ -107.287, 40.772 ], [ -107.31, 40.774 ], [ -107.319, 40.765 ], [ -107.342, 40.764 ], [ -107.349, 40.773 ], [ -107.417, 40.809 ], [ -107.431, 40.807 ], [ -107.454, 40.82 ], [ -107.501, 40.816 ], [ -107.506, 40.835 ], [ -107.545, 40.833 ], [ -107.569, 40.817 ], [ -107.571, 40.811 ], [ -107.586, 40.809 ], [ -107.603, 40.78 ], [ -107.623, 40.767 ], [ -107.627, 40.756 ], [ -107.643, 40.754 ], [ -107.654, 40.746 ], [ -107.659, 40.733 ], [ -107.685, 40.719 ], [ -107.704, 40.72 ], [ -107.725, 40.736 ], [ -107.742, 40.737 ], [ -107.776, 40.771 ], [ -107.82, 40.746 ], [ -107.83, 40.745 ], [ -107.853, 40.758 ], [ -107.909, 40.739 ], [ -107.942, 40.72 ], [ -107.946, 40.724 ], [ -107.963, 40.722 ], [ -107.965, 40.727 ], [ -107.972, 40.724 ], [ -107.988, 40.714 ], [ -108.016, 40.705 ], [ -108.021, 40.696 ], [ -108.034, 40.697 ], [ -108.04, 40.693 ], [ -108.074, 40.689 ], [ -108.081, 40.692 ], [ -108.096, 40.685 ], [ -108.121, 40.684 ], [ -108.146, 40.67 ], [ -108.208, 40.622 ], [ -108.221, 40.607 ], [ -108.218, 40.601 ], [ -108.226, 40.592 ], [ -108.225, 40.585 ], [ -108.234, 40.583 ], [ -108.232, 40.577 ], [ -108.249, 40.575 ], [ -108.256, 40.56 ], [ -108.282, 40.54 ], [ -108.317, 40.549 ], [ -108.329, 40.546 ], [ -108.339, 40.539 ], [ -108.345, 40.523 ], [ -108.359, 40.52 ], [ -108.371, 40.506 ], [ -108.368, 40.493 ], [ -108.397, 40.483 ], [ -108.421, 40.464 ], [ -108.455, 40.454 ], [ -108.464, 40.459 ], [ -108.472, 40.477 ], [ -108.468, 40.48 ], [ -108.483, 40.489 ], [ -108.511, 40.526 ], [ -108.52, 40.521 ], [ -108.525, 40.53 ], [ -108.536, 40.53 ], [ -108.564, 40.524 ], [ -108.572, 40.517 ], [ -108.588, 40.525 ], [ -108.589, 40.535 ], [ -108.612, 40.545 ], [ -108.612, 40.55 ], [ -108.622, 40.555 ], [ -108.618, 40.564 ], [ -108.586, 40.583 ], [ -108.588, 40.594 ], [ -108.58, 40.598 ], [ -108.583, 40.607 ], [ -108.576, 40.61 ], [ -108.569, 40.607 ], [ -108.546, 40.624 ], [ -108.551, 40.63 ], [ -108.552, 40.649 ], [ -108.547, 40.655 ], [ -108.542, 40.654 ], [ -108.538, 40.671 ], [ -108.551, 40.678 ], [ -108.555, 40.692 ], [ -108.56, 40.694 ], [ -108.556, 40.706 ], [ -108.55, 40.708 ], [ -108.551, 40.716 ], [ -108.581, 40.734 ], [ -108.595, 40.733 ], [ -108.604, 40.74 ], [ -108.61, 40.738 ], [ -108.611, 40.745 ], [ -108.627, 40.755 ], [ -108.62, 40.766 ], [ -108.62, 40.776 ], [ -108.628, 40.781 ], [ -108.612, 40.79 ], [ -108.617, 40.798 ], [ -108.611, 40.808 ], [ -108.583, 40.816 ], [ -108.579, 40.839 ], [ -108.544, 40.847 ], [ -108.526, 40.837 ], [ -108.513, 40.839 ], [ -108.507, 40.842 ], [ -108.506, 40.857 ], [ -108.471, 40.869 ], [ -108.425, 40.9 ], [ -108.413, 40.926 ], [ -108.427, 40.938 ], [ -108.415, 40.954 ], [ -108.42, 40.958 ], [ -108.415, 40.975 ], [ -108.417, 40.992 ], [ -108.404, 41.0 ], [ -106.859, 41.003 ] ] ] } },
{ "type": "Feature", "properties": { "id": "10180001" }, "geometry": { "type": "Polygon", "coordinates": [ [ [ -106.189, 40.945 ], [ -106.188, 40.944 ], [ -106.187, 40.941 ], [ -106.187, 40.937 ], [ -106.185, 40.935 ], [ -106.169, 40.919 ], [ -106.131, 40.897 ], [ -106.131, 40.874 ], [ -106.104, 40.86 ], [ -106.108, 40.852 ], [ -106.099, 40.85 ], [ -106.1, 40.842 ], [ -106.058, 40.817 ], [ -106.047, 40.803 ], [ -106.045, 40.791 ], [ -106.03, 40.781 ], [ -106.022, 40.755 ], [ -105.991, 40.728 ], [ -105.989, 40.71 ], [ -105.972, 40.695 ], [ -105.972, 40.681 ], [ -105.948, 40.642 ], [ -105.947, 40.617 ], [ -105.942, 40.61 ], [ -105.93, 40.607 ], [ -105.922, 40.575 ], [ -105.911, 40.567 ], [ -105.905, 40.536 ], [ -105.911, 40.522 ], [ -105.908, 40.516 ], [ -105.904, 40.514 ], [ -105.879, 40.524 ], [ -105.852, 40.507 ], [ -105.858, 40.483 ], [ -105.881, 40.476 ], [ -105.892, 40.477 ], [ -105.899, 40.466 ], [ -105.897, 40.449 ], [ -105.904, 40.432 ], [ -105.898, 40.418 ], [ -105.903, 40.4 ], [ -105.921, 40.402 ], [ -105.925, 40.393 ], [ -105.946, 40.385 ], [ -105.947, 40.378 ], [ -105.938, 40.372 ], [ -105.938, 40.366 ], [ -105.954, 40.36 ], [ -105.96, 40.348 ], [ -105.971, 40.35 ], [ -105.986, 40.364 ], [ -106.011, 40.362 ], [ -106.014, 40.373 ], [ -106.019, 40.373 ], [ -106.086, 40.347 ], [ -106.101, 40.354 ], [ -106.134, 40.336 ], [ -106.136, 40.33 ], [ -106.171, 40.344 ], [ -106.189, 40.327 ], [ -106.217, 40.329 ], [ -106.231, 40.323 ], [ -106.266, 40.361 ], [ -106.279, 40.354 ], [ -106.291, 40.358 ], [ -106.299, 40.35 ], [ -106.296, 40.333 ], [ -106.306, 40.328 ], [ -106.322, 40.338 ], [ -106.337, 40.34 ], [ -106.356, 40.359 ], [ -106.385, 40.353 ], [ -106.39, 40.345 ], [ -106.403, 40.345 ], [ -106.422, 40.353 ], [ -106.443, 40.346 ], [ -106.458, 40.359 ], [ -106.466, 40.378 ], [ -106.481, 40.39 ], [ -106.478, 40.405 ], [ -106.49, 40.412 ], [ -106.512, 40.387 ], [ -106.519, 40.391 ], [ -106.526, 40.385 ], [ -106.535, 40.365 ], [ -106.54, 40.371 ], [ -106.553, 40.37 ], [ -106.561, 40.379 ], [ -106.594, 40.383 ], [ -106.601, 40.376 ], [ -106.61, 40.378 ], [ -106.629, 40.419 ], [ -106.622, 40.43 ], [ -106.639, 40.433 ], [ -106.651, 40.44 ], [ -106.651, 40.455 ], [ -106.659, 40.459 ], [ -106.654, 40.468 ], [ -106.667, 40.472 ], [ -106.653, 40.494 ], [ -106.656, 40.509 ], [ -106.674, 40.523 ], [ -106.67, 40.536 ], [ -106.678, 40.539 ], [ -106.686, 40.551 ], [ -106.697, 40.553 ], [ -106.692, 40.563 ], [ -106.702, 40.578 ], [ -106.694, 40.596 ], [ -106.706, 40.616 ], [ -106.704, 40.628 ], [ -106.687, 40.635 ], [ -106.689, 40.64 ], [ -106.68, 40.648 ], [ -106.688, 40.651 ], [ -106.692, 40.659 ], [ -106.686, 40.663 ], [ -106.687, 40.673 ], [ -106.681, 40.676 ], [ -106.687, 40.683 ], [ -106.673, 40.688 ], [ -106.668, 40.696 ], [ -106.674, 40.724 ], [ -106.67, 40.729 ], [ -106.677, 40.737 ], [ -106.663, 40.744 ], [ -106.662, 40.754 ], [ -106.67, 40.762 ], [ -106.659, 40.773 ], [ -106.649, 40.776 ], [ -106.636, 40.792 ], [ -106.638, 40.817 ], [ -106.664, 40.828 ], [ -106.662, 40.843 ], [ -106.654, 40.846 ], [ -106.668, 40.865 ], [ -106.648, 40.882 ], [ -106.655, 40.892 ], [ -106.646, 40.897 ], [ -106.638, 40.894 ], [ -106.608, 40.9 ], [ -106.589, 40.915 ], [ -106.593, 40.923 ], [ -106.588, 40.933 ], [ -106.571, 40.945 ], [ -106.556, 40.942 ], [ -106.546, 40.953 ], [ -106.532, 40.947 ], [ -106.514, 40.959 ], [ -106.495, 40.952 ], [ -106.476, 40.933 ], [ -106.467, 40.936 ], [ -106.464, 40.919 ], [ -106.442, 40.906 ], [ -106.408, 40.918 ], [ -106.386, 40.909 ], [ -106.366, 40.911 ], [ -106.349, 40.931 ], [ -106.336, 40.92 ], [ -106.321, 40.922 ], [ -106.318, 40.935 ], [ -106.31, 40.939 ], [ -106.298, 40.936 ], [ -106.287, 40.953 ], [ -106.253, 40.951 ], [ -106.253, 40.957 ], [ -106.23, 40.967 ], [ -106.201, 40.957 ], [ -106.189, 40.945 ] ] ] } },
{ "type": "Feature", "properties": { "id": "10190005" }, "geometry": { "type": "Polygon", "coordinates": [ [ [ -104.889, 40.279 ], [ -104.874, 40.272 ], [ -104.869, 40.237 ], [ -104.878, 40.223 ], [ -104.869, 40.198 ], [ -104.871, 40.171 ], [ -104.886, 40.157 ], [ -104.886, 40.143 ], [ -104.892, 40.14 ], [ -104.889, 40.128 ], [ -104.902, 40.098 ], [ -104.956, 40.053 ], [ -104.966, 40.052 ], [ -104.976, 40.042 ], [ -105.001, 40.041 ], [ -105.017, 40.033 ], [ -105.013, 40.021 ], [ -105.003, 40.018 ], [ -105.012, 40.0 ], [ -105.025, 39.99 ], [ -105.025, 39.977 ], [ -105.05, 39.96 ], [ -105.069, 39.954 ], [ -105.069, 39.948 ], [ -105.085, 39.941 ], [ -105.086, 39.935 ], [ -105.106, 39.93 ], [ -105.101, 39.922 ], [ -105.109, 39.914 ], [ -105.145, 39.915 ], [ -105.175, 39.908 ], [ -105.188, 39.911 ], [ -105.273, 39.875 ], [ -105.274, 39.85 ], [ -105.29, 39.864 ], [ -105.307, 39.871 ], [ -105.333, 39.869 ], [ -105.352, 39.877 ], [ -105.363, 39.869 ], [ -105.397, 39.888 ], [ -105.419, 39.894 ], [ -105.425, 39.889 ], [ -105.421, 39.879 ], [ -105.432, 39.874 ], [ -105.433, 39.864 ], [ -105.449, 39.877 ], [ -105.47, 39.875 ], [ -105.505, 39.859 ], [ -105.521, 39.869 ], [ -105.533, 39.869 ], [ -105.538, 39.865 ], [ -105.592, 39.876 ], [ -105.607, 39.866 ], [ -105.647, 39.854 ], [ -105.651, 39.848 ], [ -105.66, 39.85 ], [ -105.681, 39.847 ], [ -105.691, 39.852 ], [ -105.701, 39.879 ], [ -105.7, 39.892 ], [ -105.691, 39.897 ], [ -105.675, 39.933 ], [ -105.694, 39.942 ], [ -105.694, 39.95 ], [ -105.685, 39.959 ], [ -105.69, 39.97 ], [ -105.683, 39.993 ], [ -105.691, 39.997 ], [ -105.69, 40.014 ], [ -105.662, 40.016 ], [ -105.652, 40.021 ], [ -105.641, 40.035 ], [ -105.638, 40.046 ], [ -105.651, 40.059 ], [ -105.639, 40.067 ], [ -105.641, 40.073 ], [ -105.633, 40.081 ], [ -105.637, 40.107 ], [ -105.626, 40.119 ], [ -105.636, 40.146 ], [ -105.656, 40.151 ], [ -105.671, 40.163 ], [ -105.667, 40.17 ], [ -105.671, 40.186 ], [ -105.677, 40.189 ], [ -105.678, 40.202 ], [ -105.671, 40.208 ], [ -105.67, 40.22 ], [ -105.663, 40.22 ], [ -105.669, 40.229 ], [ -105.66, 40.249 ], [ -105.631, 40.248 ], [ -105.615, 40.255 ], [ -105.607, 40.263 ], [ -105.606, 40.274 ], [ -105.593, 40.286 ], [ -105.569, 40.296 ], [ -105.524, 40.299 ], [ -105.505, 40.262 ], [ -105.487, 40.245 ], [ -105.484, 40.23 ], [ -105.456, 40.227 ], [ -105.448, 40.231 ], [ -105.449, 40.236 ], [ -105.438, 40.236 ], [ -105.422, 40.249 ], [ -105.405, 40.251 ], [ -105.392, 40.258 ], [ -105.385, 40.256 ], [ -105.386, 40.259 ], [ -105.378, 40.263 ], [ -105.362, 40.262 ], [ -105.34, 40.278 ], [ -105.325, 40.27 ], [ -105.316, 40.28 ], [ -105.297, 40.279 ], [ -105.29, 40.272 ], [ -105.281, 40.272 ], [ -105.284, 40.257 ], [ -105.271, 40.256 ], [ -105.269, 40.251 ], [ -105.264, 40.259 ], [ -105.251, 40.262 ], [ -105.248, 40.255 ], [ -105.236, 40.257 ], [ -105.216, 40.25 ], [ -105.198, 40.234 ], [ -105.198, 40.246 ], [ -105.178, 40.242 ], [ -105.157, 40.254 ], [ -105.144, 40.247 ], [ -105.118, 40.253 ], [ -105.102, 40.244 ], [ -105.097, 40.235 ], [ -105.066, 40.234 ], [ -105.02, 40.251 ], [ -105.007, 40.268 ], [ -104.972, 40.27 ], [ -104.958, 40.278 ], [ -104.944, 40.273 ], [ -104.933, 40.277 ], [ -104.921, 40.274 ], [ -104.907, 40.28 ], [ -104.889, 40.279 ] ] ] } },
{ "type": "Feature", "properties": { "id": "10190010" }, "geometry": { "type": "Polygon", "coordinates": [ [ [ -104.064, 40.227 ], [ -104.053, 40.211 ], [ -104.065, 40.207 ], [ -104.07, 40.2 ], [ -104.067, 40.18 ], [ -104.076, 40.181 ], [ -104.071, 40.166 ], [ -104.072, 40.142 ], [ -104.06, 40.12 ], [ -104.065, 40.107 ], [ -104.072, 40.103 ], [ -104.069, 40.088 ], [ -104.075, 40.081 ], [ -104.076, 40.053 ], [ -104.082, 40.051 ], [ -104.086, 40.039 ], [ -104.099, 40.043 ], [ -104.109, 40.02 ], [ -104.136, 40.0 ], [ -104.147, 39.977 ], [ -104.159, 39.972 ], [ -104.16, 39.963 ], [ -104.179, 39.941 ], [ -104.201, 39.93 ], [ -104.205, 39.924 ], [ -104.202, 39.905 ], [ -104.214, 39.902 ], [ -104.215, 39.884 ], [ -104.23, 39.875 ], [ -104.231, 39.866 ], [ -104.242, 39.858 ], [ -104.259, 39.859 ], [ -104.268, 39.854 ], [ -104.266, 39.849 ], [ -104.282, 39.826 ], [ -104.292, 39.799 ], [ -104.299, 39.797 ], [ -104.293, 39.785 ], [ -104.298, 39.743 ], [ -104.293, 39.72 ], [ -104.301, 39.711 ], [ -104.303, 39.695 ], [ -104.296, 39.658 ], [ -104.289, 39.649 ], [ -104.292, 39.641 ], [ -104.309, 39.629 ], [ -104.301, 39.608 ], [ -104.314, 39.601 ], [ -104.316, 39.567 ], [ -104.324, 39.541 ], [ -104.334, 39.528 ], [ -104.336, 39.472 ], [ -104.328, 39.445 ], [ -104.337, 39.436 ], [ -104.337, 39.422 ], [ -104.346, 39.406 ], [ -104.356, 39.395 ], [ -104.353, 39.365 ], [ -104.345, 39.354 ], [ -104.348, 39.342 ], [ -104.362, 39.33 ], [ -104.389, 39.273 ], [ -104.397, 39.27 ], [ -104.405, 39.243 ], [ -104.416, 39.233 ], [ -104.424, 39.232 ], [ -104.422, 39.223 ], [ -104.43, 39.205 ], [ -104.436, 39.196 ], [ -104.444, 39.196 ], [ -104.452, 39.184 ], [ -104.454, 39.17 ], [ -104.464, 39.16 ], [ -104.465, 39.152 ], [ -104.478, 39.152 ], [ -104.484, 39.147 ], [ -104.487, 39.152 ], [ -104.506, 39.142 ], [ -104.511, 39.132 ], [ -104.525, 39.125 ], [ -104.533, 39.109 ], [ -104.542, 39.107 ], [ -104.531, 39.087 ], [ -104.53, 39.081 ], [ -104.538, 39.078 ], [ -104.535, 39.072 ], [ -104.55, 39.072 ], [ -104.581, 39.06 ], [ -104.619, 39.038 ], [ -104.63, 39.04 ], [ -104.633, 39.046 ], [ -104.652, 39.03 ], [ -104.667, 39.026 ], [ -104.675, 39.032 ], [ -104.672, 39.056 ], [ -104.662, 39.076 ], [ -104.652, 39.081 ], [ -104.643, 39.093 ], [ -104.648, 39.105 ], [ -104.659, 39.108 ], [ -104.656, 39.118 ], [ -104.64, 39.126 ], [ -104.628, 39.141 ], [ -104.618, 39.145 ], [ -104.609, 39.172 ], [ -104.598, 39.176 ], [ -104.587, 39.197 ], [ -104.577, 39.202 ], [ -104.581, 39.218 ], [ -104.576, 39.229 ], [ -104.579, 39.246 ], [ -104.573, 39.253 ], [ -104.553, 39.256 ], [ -104.563, 39.311 ], [ -104.57, 39.32 ], [ -104.565, 39.343 ], [ -104.571, 39.349 ], [ -104.57, 39.368 ], [ -104.575, 39.375 ], [ -104.552, 39.407 ], [ -104.549, 39.423 ], [ -104.535, 39.433 ], [ -104.518, 39.434 ], [ -104.517, 39.448 ], [ -104.507, 39.451 ], [ -104.513, 39.462 ], [ -104.509, 39.48 ], [ -104.517, 39.49 ], [ -104.505, 39.497 ], [ -104.509, 39.525 ], [ -104.501, 39.539 ], [ -104.509, 39.605 ], [ -104.5, 39.617 ], [ -104.501, 39.637 ], [ -104.493, 39.642 ], [ -104.494, 39.67 ], [ -104.488, 39.683 ], [ -104.455, 39.694 ], [ -104.452, 39.713 ], [ -104.428, 39.742 ], [ -104.43, 39.755 ], [ -104.41, 39.774 ], [ -104.402, 39.812 ], [ -104.39, 39.831 ], [ -104.37, 39.846 ], [ -104.364, 39.869 ], [ -104.351, 39.876 ], [ -104.351, 39.886 ], [ -104.344, 39.892 ], [ -104.352, 39.912 ], [ -104.342, 39.925 ], [ -104.348, 39.946 ], [ -104.345, 39.952 ], [ -104.337, 39.949 ], [ -104.326, 39.952 ], [ -104.318, 39.966 ], [ -104.32, 39.99 ], [ -104.311, 40.012 ], [ -104.309, 40.036 ], [ -104.292, 40.042 ], [ -104.284, 40.074 ], [ -104.263, 40.081 ], [ -104.251, 40.102 ], [ -104.255, 40.107 ], [ -104.245, 40.126 ], [ -104.246, 40.136 ], [ -104.23, 40.15 ], [ -104.224, 40.149 ], [ -104.223, 40.154 ], [ -104.213, 40.156 ], [ -104.218, 40.177 ], [ -104.213, 40.186 ], [ -104.206, 40.183 ], [ -104.201, 40.202 ], [ -104.193, 40.201 ], [ -104.183, 40.215 ], [ -104.17, 40.216 ], [ -104.163, 40.226 ], [ -104.125, 40.191 ], [ -104.107, 40.198 ], [ -104.112, 40.22 ], [ -104.102, 40.235 ], [ -104.107, 40.248 ], [ -104.101, 40.25 ], [ -104.101, 40.262 ], [ -104.094, 40.274 ], [ -104.095, 40.308 ], [ -104.083, 40.326 ], [ -104.089, 40.338 ], [ -104.076, 40.332 ], [ -104.064, 40.306 ], [ -104.069, 40.26 ], [ -104.064, 40.239 ], [ -104.072, 40.235 ], [ -104.07, 40.228 ], [ -104.064, 40.227 ] ] ] } },
{ "type": "Feature", "properties": { "id": "10260001" }, "geometry": { "type": "Polygon", "coordinates": [ [ [ -102.046, 38.885 ], [ -102.057, 38.886 ], [ -102.071, 38.894 ], [ -102.085, 38.886 ], [ -102.1, 38.888 ], [ -102.118, 38.866 ], [ -102.134, 38.867 ], [ -102.149, 38.859 ], [ -102.158, 38.862 ], [ -102.162, 38.869 ], [ -102.184, 38.867 ], [ -102.19, 38.874 ], [ -102.205, 38.871 ], [ -102.212, 38.877 ], [ -102.22, 38.876 ], [ -102.22, 38.872 ], [ -102.232, 38.87 ], [ -102.233, 38.847 ], [ -102.24, 38.857 ], [ -102.261, 38.861 ], [ -102.268, 38.851 ], [ -102.28, 38.844 ], [ -102.286, 38.846 ], [ -102.291, 38.839 ], [ -102.308, 38.839 ], [ -102.321, 38.844 ], [ -102.328, 38.832 ], [ -102.338, 38.829 ], [ -102.336, 38.819 ], [ -102.355, 38.823 ], [ -102.371, 38.814 ], [ -102.379, 38.819 ], [ -102.391, 38.817 ], [ -102.39, 38.812 ], [ -102.426, 38.804 ], [ -102.464, 38.811 ], [ -102.483, 38.819 ], [ -102.503, 38.816 ], [ -102.523, 38.823 ], [ -102.543, 38.823 ], [ -102.542, 38.859 ], [ -102.549, 38.872 ], [ -102.542, 38.881 ], [ -102.544, 38.895 ], [ -102.534, 38.904 ], [ -102.535, 38.91 ], [ -102.543, 38.917 ], [ -102.549, 38.916 ], [ -102.56, 38.932 ], [ -102.575, 38.932 ], [ -102.588, 38.947 ], [ -102.564, 38.964 ], [ -102.542, 38.969 ], [ -102.541, 38.974 ], [ -102.524, 38.98 ], [ -102.508, 38.975 ], [ -102.491, 38.984 ], [ -102.471, 38.977 ], [ -102.436, 38.984 ], [ -102.423, 38.979 ], [ -102.4, 38.982 ], [ -102.383, 38.989 ], [ -102.375, 38.986 ], [ -102.367, 38.996 ], [ -102.369, 39.005 ], [ -102.358, 39.013 ], [ -102.359, 39.019 ], [ -102.339, 39.029 ], [ -102.333, 39.024 ], [ -102.314, 39.037 ], [ -102.28, 39.033 ], [ -102.265, 39.041 ], [ -102.26, 39.032 ], [ -102.25, 39.028 ], [ -102.24, 39.028 ], [ -102.231, 39.034 ], [ -102.207, 39.023 ], [ -102.188, 39.026 ], [ -102.184, 39.032 ], [ -102.165, 39.038 ], [ -102.138, 39.057 ], [ -102.121, 39.059 ], [ -102.103, 39.071 ], [ -102.092, 39.068 ], [ -102.084, 39.077 ], [ -102.058, 39.075 ], [ -102.047, 39.093 ], [ -102.046, 38.885 ] ] ] } },
{ "type": "Feature", "properties": { "id": "11030001" }, "geometry": { "type": "MultiPolygon", "coordinates": [ [ [ [ -102.045, 38.025 ], [ -102.043, 37.893 ], [ -102.064, 37.903 ], [ -102.078, 37.9 ], [ -102.096, 37.913 ], [ -102.109, 37.91 ], [ -102.152, 37.853 ], [ -102.149, 37.879 ], [ -102.141, 37.885 ], [ -102.122, 37.926 ], [ -102.11, 37.969 ], [ -102.103, 37.979 ], [ -102.097, 37.98 ], [ -102.078, 38.009 ], [ -102.058, 38.012 ], [ -102.047, 38.033 ], [ -102.045, 38.057 ], [ -102.045, 38.025 ] ] ], [ [ [ -102.088, 38.408 ], [ -102.072, 38.408 ], [ -102.055, 38.395 ], [ -102.045, 38.395 ], [ -102.045, 38.345 ], [ -102.062, 38.374 ], [ -102.106, 38.37 ], [ -102.118, 38.377 ], [ -102.116, 38.386 ], [ -102.155, 38.394 ], [ -102.175, 38.39 ], [ -102.167, 38.401 ], [ -102.132, 38.419 ], [ -102.117, 38.421 ], [ -102.088, 38.408 ] ] ] ] } },
{ "type": "Feature", "properties": { "id": "10190012" }, "geometry": { "type": "Polygon", "coordinates": [ [ [ -102.457, 41.002 ], [ -102.427, 40.998 ], [ -102.393, 40.98 ], [ -102.384, 40.955 ], [ -102.395, 40.91 ], [ -102.409, 40.897 ], [ -102.421, 40.898 ], [ -102.434, 40.892 ], [ -102.425, 40.866 ], [ -102.456, 40.859 ], [ -102.467, 40.87 ], [ -102.511, 40.868 ], [ -102.509, 40.86 ], [ -102.533, 40.857 ], [ -102.535, 40.846 ], [ -102.543, 40.849 ], [ -102.552, 40.845 ], [ -102.549, 40.836 ], [ -102.556, 40.836 ], [ -102.569, 40.826 ], [ -102.58, 40.824 ], [ -102.599, 40.831 ], [ -102.606, 40.818 ], [ -102.602, 40.815 ], [ -102.609, 40.813 ], [ -102.619, 40.82 ], [ -102.614, 40.811 ], [ -102.634, 40.804 ], [ -102.637, 40.795 ], [ -102.646, 40.79 ], [ -102.657, 40.796 ], [ -102.657, 40.785 ], [ -102.679, 40.791 ], [ -102.681, 40.782 ], [ -102.694, 40.782 ], [ -102.707, 40.787 ], [ -102.707, 40.782 ], [ -102.719, 40.78 ], [ -102.716, 40.769 ], [ -102.722, 40.766 ], [ -102.734, 40.771 ], [ -102.752, 40.766 ], [ -102.756, 40.76 ], [ -102.745, 40.745 ], [ -102.756, 40.754 ], [ -102.761, 40.744 ], [ -102.776, 40.75 ], [ -102.78, 40.743 ], [ -102.775, 40.728 ], [ -102.793, 40.73 ], [ -102.782, 40.719 ], [ -102.792, 40.717 ], [ -102.815, 40.725 ], [ -102.842, 40.725 ], [ -102.842, 40.718 ], [ -102.849, 40.714 ], [ -102.843, 40.706 ], [ -102.848, 40.7 ], [ -102.861, 40.704 ], [ -102.878, 40.7 ], [ -102.885, 40.691 ], [ -102.911, 40.681 ], [ -102.917, 40.687 ], [ -102.934, 40.689 ], [ -102.936, 40.681 ], [ -102.945, 40.676 ], [ -102.941, 40.668 ], [ -102.971, 40.654 ], [ -102.974, 40.643 ], [ -102.987, 40.642 ], [ -102.976, 40.619 ], [ -103.036, 40.593 ], [ -103.029, 40.584 ], [ -103.041, 40.569 ], [ -103.032, 40.548 ], [ -103.038, 40.528 ], [ -103.053, 40.532 ], [ -103.055, 40.523 ], [ -103.061, 40.527 ], [ -103.066, 40.518 ], [ -103.08, 40.518 ], [ -103.088, 40.513 ], [ -103.086, 40.507 ], [ -103.093, 40.503 ], [ -103.088, 40.499 ], [ -103.09, 40.477 ], [ -103.096, 40.479 ], [ -103.1, 40.47 ], [ -103.087, 40.465 ], [ -103.079, 40.451 ], [ -103.087, 40.448 ], [ -103.086, 40.44 ], [ -103.102, 40.422 ], [ -103.11, 40.385 ], [ -103.126, 40.379 ], [ -103.134, 40.368 ], [ -103.124, 40.345 ], [ -103.115, 40.344 ], [ -103.115, 40.337 ], [ -103.123, 40.336 ], [ -103.11, 40.305 ], [ -103.121, 40.288 ], [ -103.115, 40.283 ], [ -103.119, 40.269 ], [ -103.109, 40.258 ], [ -103.121, 40.246 ], [ -103.151, 40.236 ], [ -103.166, 40.221 ], [ -103.19, 40.221 ], [ -103.208, 40.21 ], [ -103.214, 40.212 ], [ -103.216, 40.198 ], [ -103.223, 40.199 ], [ -103.225, 40.19 ], [ -103.264, 40.166 ], [ -103.273, 40.151 ], [ -103.286, 40.148 ], [ -103.283, 40.139 ], [ -103.29, 40.131 ], [ -103.29, 40.121 ], [ -103.28, 40.105 ], [ -103.284, 40.1 ], [ -103.273, 40.084 ], [ -103.283, 40.078 ], [ -103.284, 40.069 ], [ -103.317, 40.052 ], [ -103.316, 40.04 ], [ -103.322, 40.029 ], [ -103.317, 40.017 ], [ -103.307, 40.009 ], [ -103.311, 40.005 ], [ -103.307, 39.992 ], [ -103.316, 39.985 ], [ -103.329, 39.994 ], [ -103.334, 40.006 ], [ -103.352, 40.011 ], [ -103.351, 40.028 ], [ -103.358, 40.038 ], [ -103.353, 40.048 ], [ -103.361, 40.06 ], [ -103.373, 40.064 ], [ -103.386, 40.061 ], [ -103.399, 40.078 ], [ -103.41, 40.079 ], [ -103.429, 40.096 ], [ -103.437, 40.097 ], [ -103.444, 40.108 ], [ -103.463, 40.116 ], [ -103.494, 40.122 ], [ -103.515, 40.15 ], [ -103.511, 40.153 ], [ -103.521, 40.171 ], [ -103.519, 40.179 ], [ -103.53, 40.185 ], [ -103.541, 40.205 ], [ -103.525, 40.211 ], [ -103.528, 40.222 ], [ -103.516, 40.246 ], [ -103.525, 40.257 ], [ -103.521, 40.264 ], [ -103.528, 40.279 ], [ -103.538, 40.281 ], [ -103.546, 40.297 ], [ -103.541, 40.317 ], [ -103.548, 40.325 ], [ -103.538, 40.335 ], [ -103.546, 40.344 ], [ -103.552, 40.33 ], [ -103.603, 40.284 ], [ -103.611, 40.282 ], [ -103.61, 40.276 ], [ -103.622, 40.269 ], [ -103.639, 40.268 ], [ -103.643, 40.261 ], [ -103.656, 40.263 ], [ -103.679, 40.247 ], [ -103.695, 40.23 ], [ -103.696, 40.216 ], [ -103.709, 40.207 ], [ -103.706, 40.167 ], [ -103.713, 40.167 ], [ -103.72, 40.145 ], [ -103.733, 40.139 ], [ -103.731, 40.119 ], [ -103.739, 40.117 ], [ -103.74, 40.106 ], [ -103.731, 40.083 ], [ -103.718, 40.077 ], [ -103.724, 40.072 ], [ -103.712, 40.066 ], [ -103.722, 40.06 ], [ -103.703, 40.028 ], [ -103.704, 40.01 ], [ -103.689, 39.98 ], [ -103.702, 39.946 ], [ -103.686, 39.925 ], [ -103.701, 39.909 ], [ -103.7, 39.898 ], [ -103.712, 39.875 ], [ -103.767, 39.844 ], [ -103.773, 39.838 ], [ -103.78, 39.811 ], [ -103.792, 39.812 ], [ -103.797, 39.806 ], [ -103.801, 39.78 ], [ -103.794, 39.773 ], [ -103.797, 39.762 ], [ -103.793, 39.744 ], [ -103.802, 39.729 ], [ -103.802, 39.719 ], [ -103.815, 39.718 ], [ -103.815, 39.709 ], [ -103.825, 39.703 ], [ -103.83, 39.686 ], [ -103.84, 39.678 ], [ -103.852, 39.654 ], [ -103.858, 39.65 ], [ -103.866, 39.631 ], [ -103.884, 39.619 ], [ -103.9, 39.635 ], [ -103.898, 39.645 ], [ -103.906, 39.649 ], [ -103.909, 39.662 ], [ -103.921, 39.668 ], [ -103.914, 39.675 ], [ -103.918, 39.689 ], [ -103.914, 39.698 ], [ -103.908, 39.698 ], [ -103.923, 39.712 ], [ -103.918, 39.762 ], [ -103.927, 39.768 ], [ -103.923, 39.786 ], [ -103.931, 39.803 ], [ -103.92, 39.856 ], [ -103.913, 39.855 ], [ -103.902, 39.865 ], [ -103.898, 39.876 ], [ -103.902, 39.886 ], [ -103.89, 39.901 ], [ -103.909, 39.927 ], [ -103.917, 39.961 ], [ -103.943, 39.997 ], [ -103.946, 40.007 ], [ -103.938, 40.032 ], [ -103.953, 40.061 ], [ -103.946, 40.071 ], [ -103.963, 40.089 ], [ -103.961, 40.096 ], [ -103.973, 40.108 ], [ -103.98, 40.124 ], [ -103.98, 40.143 ], [ -103.991, 40.163 ], [ -103.987, 40.17 ], [ -103.994, 40.177 ], [ -103.989, 40.18 ], [ -103.992, 40.188 ], [ -103.985, 40.19 ], [ -103.988, 40.199 ], [ -103.98, 40.2 ], [ -103.982, 40.211 ], [ -103.969, 40.213 ], [ -103.965, 40.209 ], [ -103.955, 40.218 ], [ -103.952, 40.231 ], [ -103.921, 40.233 ], [ -103.916, 40.242 ], [ -103.89, 40.246 ], [ -103.877, 40.254 ], [ -103.879, 40.262 ], [ -103.86, 40.283 ], [ -103.863, 40.305 ], [ -103.845, 40.315 ], [ -103.839, 40.327 ], [ -103.855, 40.35 ], [ -103.849, 40.364 ], [ -103.854, 40.37 ], [ -103.861, 40.37 ], [ -103.885, 40.413 ], [ -103.91, 40.44 ], [ -103.928, 40.454 ], [ -103.943, 40.449 ], [ -103.956, 40.462 ], [ -103.972, 40.465 ], [ -103.981, 40.471 ], [ -103.983, 40.485 ], [ -103.993, 40.488 ], [ -103.997, 40.501 ], [ -104.028, 40.519 ], [ -104.043, 40.534 ], [ -104.076, 40.542 ], [ -104.081, 40.549 ], [ -104.085, 40.54 ], [ -104.098, 40.534 ], [ -104.11, 40.537 ], [ -104.136, 40.554 ], [ -104.166, 40.561 ], [ -104.176, 40.575 ], [ -104.191, 40.584 ], [ -104.186, 40.59 ], [ -104.193, 40.62 ], [ -104.203, 40.62 ], [ -104.222, 40.638 ], [ -104.214, 40.641 ], [ -104.196, 40.64 ], [ -104.188, 40.645 ], [ -104.166, 40.633 ], [ -104.141, 40.643 ], [ -104.129, 40.635 ], [ -104.118, 40.635 ], [ -104.112, 40.624 ], [ -104.102, 40.625 ], [ -104.094, 40.615 ], [ -104.035, 40.602 ], [ -104.017, 40.609 ], [ -104.01, 40.621 ], [ -103.975, 40.579 ], [ -103.966, 40.577 ], [ -103.959, 40.582 ], [ -103.952, 40.578 ], [ -103.935, 40.58 ], [ -103.932, 40.574 ], [ -103.92, 40.571 ], [ -103.901, 40.577 ], [ -103.89, 40.59 ], [ -103.882, 40.587 ], [ -103.865, 40.595 ], [ -103.865, 40.607 ], [ -103.853, 40.625 ], [ -103.835, 40.621 ], [ -103.83, 40.624 ], [ -103.833, 40.631 ], [ -103.822, 40.639 ], [ -103.785, 40.631 ], [ -103.776, 40.619 ], [ -103.78, 40.615 ], [ -103.774, 40.605 ], [ -103.762, 40.601 ], [ -103.758, 40.594 ], [ -103.749, 40.594 ], [ -103.74, 40.584 ], [ -103.728, 40.575 ], [ -103.716, 40.573 ], [ -103.699, 40.56 ], [ -103.69, 40.563 ], [ -103.651, 40.553 ], [ -103.641, 40.556 ], [ -103.639, 40.572 ], [ -103.608, 40.56 ], [ -103.558, 40.561 ], [ -103.546, 40.556 ], [ -103.541, 40.548 ], [ -103.527, 40.543 ], [ -103.471, 40.541 ], [ -103.465, 40.537 ], [ -103.444, 40.55 ], [ -103.436, 40.545 ], [ -103.419, 40.557 ], [ -103.413, 40.543 ], [ -103.401, 40.545 ], [ -103.401, 40.55 ], [ -103.397, 40.551 ], [ -103.388, 40.543 ], [ -103.38, 40.555 ], [ -103.371, 40.547 ], [ -103.358, 40.552 ], [ -103.323, 40.549 ], [ -103.306, 40.557 ], [ -103.296, 40.554 ], [ -103.291, 40.56 ], [ -103.277, 40.562 ], [ -103.265, 40.553 ], [ -103.251, 40.561 ], [ -103.245, 40.556 ], [ -103.236, 40.564 ], [ -103.239, 40.569 ], [ -103.254, 40.565 ], [ -103.259, 40.569 ], [ -103.285, 40.568 ], [ -103.297, 40.576 ], [ -103.297, 40.585 ], [ -103.33, 40.593 ], [ -103.342, 40.601 ], [ -103.358, 40.599 ], [ -103.376, 40.608 ], [ -103.379, 40.618 ], [ -103.399, 40.623 ], [ -103.409, 40.647 ], [ -103.425, 40.656 ], [ -103.442, 40.656 ], [ -103.438, 40.668 ], [ -103.442, 40.675 ], [ -103.454, 40.686 ], [ -103.473, 40.688 ], [ -103.483, 40.7 ], [ -103.479, 40.711 ], [ -103.484, 40.736 ], [ -103.496, 40.748 ], [ -103.49, 40.752 ], [ -103.49, 40.762 ], [ -103.521, 40.794 ], [ -103.522, 40.811 ], [ -103.542, 40.818 ], [ -103.543, 40.806 ], [ -103.562, 40.818 ], [ -103.566, 40.805 ], [ -103.576, 40.799 ], [ -103.602, 40.81 ], [ -103.618, 40.809 ], [ -103.661, 40.853 ], [ -103.683, 40.867 ], [ -103.698, 40.865 ], [ -103.698, 40.872 ], [ -103.708, 40.88 ], [ -103.728, 40.886 ], [ -103.739, 40.896 ], [ -103.743, 40.905 ], [ -103.768, 40.916 ], [ -103.78, 40.909 ], [ -103.786, 40.911 ], [ -103.783, 40.918 ], [ -103.794, 40.923 ], [ -103.794, 40.931 ], [ -103.773, 40.946 ], [ -103.754, 40.95 ], [ -103.74, 40.972 ], [ -103.729, 40.974 ], [ -103.73, 40.981 ], [ -103.723, 40.984 ], [ -103.706, 40.981 ], [ -103.679, 40.987 ], [ -103.671, 40.986 ], [ -103.666, 40.98 ], [ -103.66, 40.984 ], [ -103.636, 40.978 ], [ -103.623, 40.989 ], [ -103.612, 40.981 ], [ -103.605, 40.982 ], [ -103.603, 40.994 ], [ -103.593, 40.999 ], [ -103.573, 40.988 ], [ -103.565, 40.994 ], [ -103.536, 40.999 ], [ -103.529, 40.992 ], [ -103.502, 40.995 ], [ -103.486, 40.984 ], [ -103.474, 40.987 ], [ -103.448, 40.973 ], [ -103.441, 40.977 ], [ -103.417, 40.981 ], [ -103.395, 40.98 ], [ -103.391, 40.964 ], [ -103.373, 40.96 ], [ -103.372, 40.954 ], [ -103.357, 40.95 ], [ -103.333, 40.957 ], [ -103.318, 40.948 ], [ -103.316, 40.942 ], [ -103.294, 40.932 ], [ -103.269, 40.937 ], [ -103.257, 40.945 ], [ -103.223, 40.946 ], [ -103.212, 40.952 ], [ -103.211, 40.957 ], [ -103.197, 40.956 ], [ -103.178, 40.963 ], [ -103.14, 40.965 ], [ -103.119, 40.96 ], [ -103.101, 40.964 ], [ -103.066, 40.976 ], [ -103.064, 40.984 ], [ -103.031, 40.993 ], [ -103.022, 40.999 ], [ -103.026, 41.002 ], [ -102.457, 41.002 ] ] ] } },
{ "type": "Feature", "properties": { "id": "10190013" }, "geometry": { "type": "Polygon", "coordinates": [ [ [ -103.318, 39.984 ], [ -103.307, 39.972 ], [ -103.314, 39.962 ], [ -103.312, 39.956 ], [ -103.322, 39.948 ], [ -103.318, 39.939 ], [ -103.33, 39.932 ], [ -103.332, 39.922 ], [ -103.319, 39.917 ], [ -103.309, 39.881 ], [ -103.301, 39.872 ], [ -103.323, 39.858 ], [ -103.341, 39.852 ], [ -103.338, 39.841 ], [ -103.346, 39.838 ], [ -103.338, 39.825 ], [ -103.344, 39.807 ], [ -103.338, 39.796 ], [ -103.344, 39.767 ], [ -103.331, 39.761 ], [ -103.332, 39.748 ], [ -103.323, 39.737 ], [ -103.33, 39.722 ], [ -103.326, 39.714 ], [ -103.335, 39.711 ], [ -103.336, 39.7 ], [ -103.349, 39.692 ], [ -103.349, 39.678 ], [ -103.374, 39.668 ], [ -103.376, 39.644 ], [ -103.386, 39.635 ], [ -103.4, 39.638 ], [ -103.401, 39.631 ], [ -103.405, 39.634 ], [ -103.435, 39.63 ], [ -103.44, 39.624 ], [ -103.449, 39.624 ], [ -103.456, 39.616 ], [ -103.473, 39.612 ], [ -103.469, 39.598 ], [ -103.501, 39.589 ], [ -103.523, 39.574 ], [ -103.541, 39.572 ], [ -103.548, 39.564 ], [ -103.557, 39.565 ], [ -103.56, 39.554 ], [ -103.556, 39.539 ], [ -103.56, 39.536 ], [ -103.555, 39.526 ], [ -103.563, 39.519 ], [ -103.572, 39.518 ], [ -103.574, 39.506 ], [ -103.589, 39.504 ], [ -103.594, 39.494 ], [ -103.607, 39.491 ], [ -103.611, 39.494 ], [ -103.633, 39.481 ], [ -103.648, 39.483 ], [ -103.653, 39.476 ], [ -103.659, 39.48 ], [ -103.673, 39.475 ], [ -103.677, 39.455 ], [ -103.687, 39.447 ], [ -103.687, 39.425 ], [ -103.699, 39.42 ], [ -103.705, 39.411 ], [ -103.723, 39.409 ], [ -103.733, 39.4 ], [ -103.749, 39.402 ], [ -103.778, 39.382 ], [ -103.785, 39.384 ], [ -103.792, 39.372 ], [ -103.812, 39.366 ], [ -103.816, 39.359 ], [ -103.821, 39.362 ], [ -103.829, 39.357 ], [ -103.84, 39.362 ], [ -103.864, 39.349 ], [ -103.89, 39.392 ], [ -103.882, 39.413 ], [ -103.887, 39.438 ], [ -103.871, 39.451 ], [ -103.883, 39.487 ], [ -103.874, 39.497 ], [ -103.888, 39.509 ], [ -103.897, 39.529 ], [ -103.888, 39.534 ], [ -103.896, 39.55 ], [ -103.894, 39.56 ], [ -103.886, 39.559 ], [ -103.889, 39.573 ], [ -103.88, 39.579 ], [ -103.88, 39.59 ], [ -103.871, 39.591 ], [ -103.884, 39.619 ], [ -103.866, 39.631 ], [ -103.858, 39.65 ], [ -103.852, 39.654 ], [ -103.84, 39.678 ], [ -103.83, 39.686 ], [ -103.825, 39.703 ], [ -103.815, 39.709 ], [ -103.815, 39.718 ], [ -103.802, 39.719 ], [ -103.802, 39.729 ], [ -103.793, 39.744 ], [ -103.797, 39.762 ], [ -103.794, 39.773 ], [ -103.801, 39.78 ], [ -103.797, 39.806 ], [ -103.792, 39.812 ], [ -103.78, 39.811 ], [ -103.773, 39.838 ], [ -103.767, 39.844 ], [ -103.712, 39.875 ], [ -103.7, 39.898 ], [ -103.701, 39.909 ], [ -103.686, 39.926 ], [ -103.702, 39.946 ], [ -103.689, 39.98 ], [ -103.704, 40.01 ], [ -103.703, 40.028 ], [ -103.722, 40.06 ], [ -103.712, 40.066 ], [ -103.724, 40.072 ], [ -103.718, 40.077 ], [ -103.731, 40.083 ], [ -103.74, 40.106 ], [ -103.739, 40.117 ], [ -103.731, 40.119 ], [ -103.733, 40.139 ], [ -103.72, 40.145 ], [ -103.713, 40.167 ], [ -103.706, 40.167 ], [ -103.711, 40.201 ], [ -103.707, 40.2 ], [ -103.709, 40.207 ], [ -103.696, 40.216 ], [ -103.695, 40.23 ], [ -103.656, 40.263 ], [ -103.643, 40.261 ], [ -103.639, 40.268 ], [ -103.622, 40.269 ], [ -103.61, 40.276 ], [ -103.611, 40.282 ], [ -103.603, 40.284 ], [ -103.552, 40.33 ], [ -103.546, 40.344 ], [ -103.538, 40.335 ], [ -103.548, 40.325 ], [ -103.541, 40.317 ], [ -103.546, 40.297 ], [ -103.538, 40.281 ], [ -103.528, 40.279 ], [ -103.521, 40.264 ], [ -103.525, 40.257 ], [ -103.516, 40.246 ], [ -103.528, 40.222 ], [ -103.525, 40.211 ], [ -103.541, 40.205 ], [ -103.53, 40.185 ], [ -103.519, 40.179 ], [ -103.521, 40.171 ], [ -103.511, 40.153 ], [ -103.515, 40.15 ], [ -103.494, 40.122 ], [ -103.463, 40.116 ], [ -103.444, 40.108 ], [ -103.437, 40.097 ], [ -103.429, 40.096 ], [ -103.41, 40.079 ], [ -103.399, 40.078 ], [ -103.386, 40.061 ], [ -103.373, 40.064 ], [ -103.361, 40.06 ], [ -103.353, 40.048 ], [ -103.358, 40.038 ], [ -103.351, 40.028 ], [ -103.352, 40.011 ], [ -103.334, 40.006 ], [ -103.318, 39.984 ] ] ] } },
{ "type": "Feature", "properties": { "id": "10190014" }, "geometry": { "type": "Polygon", "coordinates": [ [ [ -103.795, 40.926 ], [ -103.783, 40.918 ], [ -103.786, 40.911 ], [ -103.761, 40.915 ], [ -103.743, 40.905 ], [ -103.74, 40.896 ], [ -103.728, 40.886 ], [ -103.707, 40.879 ], [ -103.698, 40.872 ], [ -103.698, 40.865 ], [ -103.683, 40.867 ], [ -103.661, 40.853 ], [ -103.622, 40.811 ], [ -103.611, 40.808 ], [ -103.602, 40.81 ], [ -103.576, 40.799 ], [ -103.566, 40.805 ], [ -103.562, 40.818 ], [ -103.543, 40.806 ], [ -103.542, 40.818 ], [ -103.522, 40.811 ], [ -103.521, 40.794 ], [ -103.49, 40.762 ], [ -103.49, 40.752 ], [ -103.496, 40.748 ], [ -103.484, 40.736 ], [ -103.479, 40.711 ], [ -103.483, 40.7 ], [ -103.473, 40.688 ], [ -103.454, 40.686 ], [ -103.442, 40.675 ], [ -103.438, 40.668 ], [ -103.442, 40.656 ], [ -103.425, 40.656 ], [ -103.409, 40.647 ], [ -103.399, 40.623 ], [ -103.379, 40.618 ], [ -103.376, 40.608 ], [ -103.358, 40.599 ], [ -103.342, 40.601 ], [ -103.33, 40.593 ], [ -103.297, 40.585 ], [ -103.297, 40.576 ], [ -103.285, 40.568 ], [ -103.259, 40.569 ], [ -103.254, 40.565 ], [ -103.241, 40.569 ], [ -103.236, 40.564 ], [ -103.245, 40.556 ], [ -103.249, 40.561 ], [ -103.256, 40.56 ], [ -103.264, 40.553 ], [ -103.277, 40.562 ], [ -103.291, 40.56 ], [ -103.296, 40.554 ], [ -103.306, 40.557 ], [ -103.323, 40.549 ], [ -103.358, 40.552 ], [ -103.373, 40.547 ], [ -103.38, 40.555 ], [ -103.388, 40.543 ], [ -103.397, 40.551 ], [ -103.401, 40.55 ], [ -103.401, 40.545 ], [ -103.413, 40.543 ], [ -103.413, 40.552 ], [ -103.42, 40.557 ], [ -103.436, 40.545 ], [ -103.445, 40.55 ], [ -103.462, 40.537 ], [ -103.471, 40.541 ], [ -103.527, 40.543 ], [ -103.541, 40.548 ], [ -103.546, 40.556 ], [ -103.558, 40.561 ], [ -103.62, 40.562 ], [ -103.633, 40.572 ], [ -103.639, 40.572 ], [ -103.643, 40.553 ], [ -103.651, 40.553 ], [ -103.69, 40.563 ], [ -103.699, 40.56 ], [ -103.716, 40.573 ], [ -103.728, 40.575 ], [ -103.74, 40.584 ], [ -103.749, 40.594 ], [ -103.758, 40.594 ], [ -103.762, 40.601 ], [ -103.774, 40.605 ], [ -103.78, 40.615 ], [ -103.776, 40.619 ], [ -103.785, 40.631 ], [ -103.823, 40.639 ], [ -103.833, 40.631 ], [ -103.83, 40.624 ], [ -103.835, 40.621 ], [ -103.853, 40.625 ], [ -103.865, 40.607 ], [ -103.865, 40.595 ], [ -103.882, 40.587 ], [ -103.89, 40.59 ], [ -103.901, 40.577 ], [ -103.92, 40.571 ], [ -103.932, 40.574 ], [ -103.935, 40.58 ], [ -103.952, 40.578 ], [ -103.959, 40.582 ], [ -103.966, 40.577 ], [ -103.975, 40.579 ], [ -104.01, 40.621 ], [ -104.017, 40.609 ], [ -104.035, 40.602 ], [ -104.094, 40.615 ], [ -104.102, 40.625 ], [ -104.112, 40.624 ], [ -104.118, 40.635 ], [ -104.129, 40.635 ], [ -104.141, 40.643 ], [ -104.166, 40.633 ], [ -104.173, 40.638 ], [ -104.184, 40.639 ], [ -104.182, 40.655 ], [ -104.175, 40.657 ], [ -104.177, 40.667 ], [ -104.17, 40.666 ], [ -104.171, 40.677 ], [ -104.159, 40.684 ], [ -104.16, 40.697 ], [ -104.185, 40.712 ], [ -104.189, 40.726 ], [ -104.184, 40.732 ], [ -104.19, 40.741 ], [ -104.178, 40.756 ], [ -104.156, 40.761 ], [ -104.169, 40.767 ], [ -104.173, 40.775 ], [ -104.156, 40.789 ], [ -104.151, 40.807 ], [ -104.14, 40.807 ], [ -104.13, 40.798 ], [ -104.108, 40.792 ], [ -104.081, 40.79 ], [ -104.064, 40.794 ], [ -104.047, 40.813 ], [ -104.073, 40.822 ], [ -104.081, 40.832 ], [ -104.075, 40.843 ], [ -104.058, 40.843 ], [ -104.05, 40.849 ], [ -104.045, 40.864 ], [ -104.024, 40.878 ], [ -104.004, 40.882 ], [ -103.986, 40.906 ], [ -103.964, 40.909 ], [ -103.929, 40.897 ], [ -103.923, 40.905 ], [ -103.912, 40.908 ], [ -103.898, 40.901 ], [ -103.886, 40.885 ], [ -103.866, 40.892 ], [ -103.852, 40.887 ], [ -103.849, 40.903 ], [ -103.841, 40.907 ], [ -103.856, 40.915 ], [ -103.843, 40.921 ], [ -103.844, 40.926 ], [ -103.829, 40.928 ], [ -103.814, 40.924 ], [ -103.814, 40.921 ], [ -103.8, 40.922 ], [ -103.795, 40.926 ] ] ] } },
{ "type": "Feature", "properties": { "id": "10250001" }, "geometry": { "type": "Polygon", "coordinates": [ [ [ -102.052, 40.042 ], [ -102.052, 39.849 ], [ -102.065, 39.844 ], [ -102.083, 39.813 ], [ -102.098, 39.812 ], [ -102.111, 39.802 ], [ -102.123, 39.8 ], [ -102.149, 39.812 ], [ -102.154, 39.809 ], [ -102.163, 39.817 ], [ -102.186, 39.815 ], [ -102.189, 39.798 ], [ -102.18, 39.776 ], [ -102.179, 39.754 ], [ -102.183, 39.746 ], [ -102.203, 39.734 ], [ -102.229, 39.74 ], [ -102.252, 39.735 ], [ -102.256, 39.725 ], [ -102.269, 39.719 ], [ -102.28, 39.706 ], [ -102.318, 39.708 ], [ -102.362, 39.728 ], [ -102.366, 39.717 ], [ -102.384, 39.716 ], [ -102.384, 39.711 ], [ -102.395, 39.711 ], [ -102.402, 39.701 ], [ -102.409, 39.703 ], [ -102.42, 39.698 ], [ -102.422, 39.686 ], [ -102.431, 39.683 ], [ -102.433, 39.674 ], [ -102.448, 39.662 ], [ -102.483, 39.651 ], [ -102.502, 39.655 ], [ -102.505, 39.638 ], [ -102.511, 39.639 ], [ -102.514, 39.631 ], [ -102.521, 39.63 ], [ -102.52, 39.624 ], [ -102.561, 39.614 ], [ -102.577, 39.599 ], [ -102.591, 39.604 ], [ -102.603, 39.598 ], [ -102.62, 39.599 ], [ -102.647, 39.591 ], [ -102.661, 39.601 ], [ -102.68, 39.598 ], [ -102.692, 39.585 ], [ -102.689, 39.578 ], [ -102.703, 39.581 ], [ -102.714, 39.568 ], [ -102.724, 39.572 ], [ -102.73, 39.569 ], [ -102.737, 39.575 ], [ -102.741, 39.571 ], [ -102.748, 39.579 ], [ -102.763, 39.565 ], [ -102.786, 39.558 ], [ -102.839, 39.554 ], [ -102.841, 39.545 ], [ -102.851, 39.541 ], [ -102.846, 39.532 ], [ -102.859, 39.522 ], [ -102.883, 39.538 ], [ -102.898, 39.557 ], [ -102.908, 39.56 ], [ -102.906, 39.554 ], [ -102.914, 39.542 ], [ -102.93, 39.54 ], [ -102.947, 39.529 ], [ -102.985, 39.525 ], [ -103.022, 39.53 ], [ -103.028, 39.536 ], [ -103.046, 39.536 ], [ -103.063, 39.546 ], [ -103.061, 39.552 ], [ -103.073, 39.553 ], [ -103.08, 39.567 ], [ -103.085, 39.566 ], [ -103.087, 39.556 ], [ -103.082, 39.547 ], [ -103.095, 39.547 ], [ -103.1, 39.519 ], [ -103.119, 39.502 ], [ -103.121, 39.489 ], [ -103.135, 39.492 ], [ -103.131, 39.479 ], [ -103.139, 39.476 ], [ -103.138, 39.455 ], [ -103.144, 39.457 ], [ -103.154, 39.445 ], [ -103.16, 39.446 ], [ -103.15, 39.428 ], [ -103.161, 39.427 ], [ -103.173, 39.415 ], [ -103.177, 39.394 ], [ -103.19, 39.39 ], [ -103.195, 39.392 ], [ -103.202, 39.386 ], [ -103.214, 39.388 ], [ -103.222, 39.38 ], [ -103.25, 39.385 ], [ -103.255, 39.37 ], [ -103.261, 39.366 ], [ -103.273, 39.368 ], [ -103.268, 39.357 ], [ -103.275, 39.353 ], [ -103.269, 39.339 ], [ -103.275, 39.344 ], [ -103.279, 39.339 ], [ -103.293, 39.343 ], [ -103.298, 39.337 ], [ -103.308, 39.345 ], [ -103.307, 39.336 ], [ -103.313, 39.34 ], [ -103.333, 39.319 ], [ -103.32, 39.292 ], [ -103.334, 39.292 ], [ -103.351, 39.277 ], [ -103.355, 39.27 ], [ -103.353, 39.262 ], [ -103.372, 39.255 ], [ -103.369, 39.243 ], [ -103.374, 39.246 ], [ -103.412, 39.24 ], [ -103.434, 39.243 ], [ -103.446, 39.24 ], [ -103.459, 39.256 ], [ -103.512, 39.278 ], [ -103.521, 39.274 ], [ -103.558, 39.276 ], [ -103.568, 39.289 ], [ -103.603, 39.303 ], [ -103.616, 39.334 ], [ -103.628, 39.336 ], [ -103.639, 39.351 ], [ -103.686, 39.372 ], [ -103.704, 39.373 ], [ -103.745, 39.359 ], [ -103.754, 39.36 ], [ -103.771, 39.373 ], [ -103.792, 39.372 ], [ -103.785, 39.384 ], [ -103.778, 39.382 ], [ -103.749, 39.402 ], [ -103.733, 39.4 ], [ -103.723, 39.409 ], [ -103.709, 39.409 ], [ -103.699, 39.42 ], [ -103.687, 39.425 ], [ -103.687, 39.447 ], [ -103.677, 39.455 ], [ -103.673, 39.475 ], [ -103.659, 39.48 ], [ -103.653, 39.476 ], [ -103.648, 39.483 ], [ -103.637, 39.48 ], [ -103.612, 39.494 ], [ -103.594, 39.494 ], [ -103.589, 39.504 ], [ -103.574, 39.506 ], [ -103.572, 39.518 ], [ -103.563, 39.519 ], [ -103.555, 39.526 ], [ -103.56, 39.536 ], [ -103.556, 39.539 ], [ -103.56, 39.554 ], [ -103.557, 39.565 ], [ -103.548, 39.564 ], [ -103.541, 39.572 ], [ -103.523, 39.574 ], [ -103.501, 39.589 ], [ -103.469, 39.598 ], [ -103.473, 39.612 ], [ -103.456, 39.616 ], [ -103.449, 39.624 ], [ -103.44, 39.624 ], [ -103.435, 39.63 ], [ -103.405, 39.634 ], [ -103.401, 39.631 ], [ -103.4, 39.638 ], [ -103.383, 39.637 ], [ -103.376, 39.645 ], [ -103.374, 39.668 ], [ -103.36, 39.675 ], [ -103.349, 39.678 ], [ -103.33, 39.669 ], [ -103.323, 39.677 ], [ -103.317, 39.674 ], [ -103.309, 39.676 ], [ -103.305, 39.682 ], [ -103.306, 39.697 ], [ -103.294, 39.714 ], [ -103.276, 39.719 ], [ -103.267, 39.712 ], [ -103.248, 39.717 ], [ -103.251, 39.733 ], [ -103.237, 39.76 ], [ -103.227, 39.761 ], [ -103.211, 39.753 ], [ -103.21, 39.759 ], [ -103.187, 39.769 ], [ -103.184, 39.776 ], [ -103.187, 39.793 ], [ -103.152, 39.795 ], [ -103.129, 39.803 ], [ -103.109, 39.78 ], [ -103.102, 39.784 ], [ -103.077, 39.78 ], [ -103.065, 39.787 ], [ -103.058, 39.783 ], [ -103.057, 39.786 ], [ -103.045, 39.787 ], [ -103.03, 39.794 ], [ -103.03, 39.799 ], [ -103.016, 39.802 ], [ -103.007, 39.814 ], [ -102.98, 39.81 ], [ -102.965, 39.812 ], [ -102.954, 39.822 ], [ -102.946, 39.813 ], [ -102.947, 39.817 ], [ -102.935, 39.819 ], [ -102.934, 39.825 ], [ -102.928, 39.82 ], [ -102.919, 39.827 ], [ -102.911, 39.821 ], [ -102.904, 39.823 ], [ -102.914, 39.842 ], [ -102.9, 39.839 ], [ -102.879, 39.869 ], [ -102.874, 39.865 ], [ -102.872, 39.855 ], [ -102.867, 39.858 ], [ -102.861, 39.854 ], [ -102.851, 39.865 ], [ -102.829, 39.849 ], [ -102.823, 39.855 ], [ -102.831, 39.868 ], [ -102.824, 39.863 ], [ -102.817, 39.867 ], [ -102.813, 39.864 ], [ -102.805, 39.866 ], [ -102.802, 39.872 ], [ -102.773, 39.857 ], [ -102.774, 39.866 ], [ -102.766, 39.87 ], [ -102.796, 39.903 ], [ -102.788, 39.918 ], [ -102.777, 39.922 ], [ -102.769, 39.916 ], [ -102.766, 39.924 ], [ -102.744, 39.911 ], [ -102.741, 39.914 ], [ -102.73, 39.908 ], [ -102.73, 39.923 ], [ -102.712, 39.92 ], [ -102.709, 39.926 ], [ -102.701, 39.913 ], [ -102.689, 39.908 ], [ -102.685, 39.916 ], [ -102.679, 39.916 ], [ -102.68, 39.927 ], [ -102.666, 39.926 ], [ -102.652, 39.918 ], [ -102.65, 39.926 ], [ -102.644, 39.925 ], [ -102.636, 39.92 ], [ -102.63, 39.921 ], [ -102.617, 39.905 ], [ -102.603, 39.903 ], [ -102.6, 39.897 ], [ -102.593, 39.896 ], [ -102.589, 39.901 ], [ -102.578, 39.893 ], [ -102.572, 39.896 ], [ -102.56, 39.891 ], [ -102.559, 39.895 ], [ -102.553, 39.895 ], [ -102.56, 39.906 ], [ -102.554, 39.905 ], [ -102.549, 39.91 ], [ -102.539, 39.907 ], [ -102.541, 39.914 ], [ -102.518, 39.896 ], [ -102.521, 39.904 ], [ -102.516, 39.915 ], [ -102.49, 39.925 ], [ -102.481, 39.945 ], [ -102.473, 39.942 ], [ -102.466, 39.945 ], [ -102.459, 39.936 ], [ -102.446, 39.935 ], [ -102.433, 39.942 ], [ -102.433, 39.956 ], [ -102.421, 39.951 ], [ -102.414, 39.956 ], [ -102.409, 39.953 ], [ -102.408, 39.958 ], [ -102.397, 39.952 ], [ -102.406, 39.978 ], [ -102.392, 39.98 ], [ -102.389, 39.99 ], [ -102.364, 39.983 ], [ -102.355, 39.99 ], [ -102.328, 39.992 ], [ -102.33, 40.004 ], [ -102.328, 40.009 ], [ -102.321, 40.009 ], [ -102.319, 40.016 ], [ -102.323, 40.03 ], [ -102.298, 40.04 ], [ -102.296, 40.047 ], [ -102.288, 40.045 ], [ -102.283, 40.049 ], [ -102.279, 40.042 ], [ -102.266, 40.043 ], [ -102.259, 40.048 ], [ -102.252, 40.041 ], [ -102.23, 40.038 ], [ -102.225, 40.04 ], [ -102.223, 40.051 ], [ -102.207, 40.057 ], [ -102.204, 40.064 ], [ -102.18, 40.043 ], [ -102.135, 40.042 ], [ -102.129, 40.045 ], [ -102.109, 40.033 ], [ -102.091, 40.029 ], [ -102.082, 40.034 ], [ -102.071, 40.028 ], [ -102.067, 40.036 ], [ -102.071, 40.042 ], [ -102.058, 40.047 ], [ -102.052, 40.042 ] ] ] } },
{ "type": "Feature", "properties": { "id": "10250002" }, "geometry": { "type": "Polygon", "coordinates": [ [ [ -103.038, 40.529 ], [ -103.021, 40.513 ], [ -103.009, 40.511 ], [ -102.976, 40.518 ], [ -102.959, 40.512 ], [ -102.931, 40.51 ], [ -102.926, 40.506 ], [ -102.888, 40.504 ], [ -102.86, 40.497 ], [ -102.815, 40.506 ], [ -102.775, 40.506 ], [ -102.74, 40.514 ], [ -102.676, 40.512 ], [ -102.668, 40.519 ], [ -102.61, 40.517 ], [ -102.601, 40.513 ], [ -102.568, 40.515 ], [ -102.49, 40.499 ], [ -102.474, 40.499 ], [ -102.461, 40.505 ], [ -102.433, 40.5 ], [ -102.418, 40.484 ], [ -102.397, 40.476 ], [ -102.384, 40.465 ], [ -102.38, 40.477 ], [ -102.353, 40.455 ], [ -102.348, 40.459 ], [ -102.344, 40.451 ], [ -102.339, 40.459 ], [ -102.333, 40.46 ], [ -102.303, 40.439 ], [ -102.302, 40.443 ], [ -102.292, 40.445 ], [ -102.279, 40.429 ], [ -102.272, 40.431 ], [ -102.262, 40.415 ], [ -102.259, 40.412 ], [ -102.257, 40.416 ], [ -102.245, 40.406 ], [ -102.233, 40.41 ], [ -102.242, 40.424 ], [ -102.232, 40.424 ], [ -102.234, 40.429 ], [ -102.224, 40.422 ], [ -102.21, 40.424 ], [ -102.195, 40.415 ], [ -102.191, 40.404 ], [ -102.196, 40.4 ], [ -102.185, 40.39 ], [ -102.178, 40.391 ], [ -102.179, 40.405 ], [ -102.162, 40.389 ], [ -102.157, 40.387 ], [ -102.158, 40.391 ], [ -102.133, 40.373 ], [ -102.127, 40.373 ], [ -102.113, 40.365 ], [ -102.098, 40.348 ], [ -102.089, 40.346 ], [ -102.071, 40.329 ], [ -102.069, 40.334 ], [ -102.065, 40.332 ], [ -102.068, 40.337 ], [ -102.051, 40.338 ], [ -102.052, 40.042 ], [ -102.058, 40.047 ], [ -102.071, 40.042 ], [ -102.067, 40.036 ], [ -102.071, 40.028 ], [ -102.082, 40.034 ], [ -102.091, 40.029 ], [ -102.109, 40.033 ], [ -102.129, 40.045 ], [ -102.135, 40.042 ], [ -102.18, 40.043 ], [ -102.204, 40.064 ], [ -102.207, 40.057 ], [ -102.223, 40.051 ], [ -102.225, 40.04 ], [ -102.23, 40.038 ], [ -102.252, 40.041 ], [ -102.259, 40.048 ], [ -102.266, 40.043 ], [ -102.279, 40.042 ], [ -102.283, 40.049 ], [ -102.288, 40.045 ], [ -102.296, 40.047 ], [ -102.298, 40.04 ], [ -102.323, 40.03 ], [ -102.319, 40.016 ], [ -102.321, 40.009 ], [ -102.328, 40.009 ], [ -102.33, 40.004 ], [ -102.328, 39.992 ], [ -102.355, 39.99 ], [ -102.364, 39.983 ], [ -102.389, 39.99 ], [ -102.392, 39.98 ], [ -102.406, 39.978 ], [ -102.397, 39.952 ], [ -102.408, 39.958 ], [ -102.409, 39.953 ], [ -102.414, 39.956 ], [ -102.421, 39.951 ], [ -102.433, 39.956 ], [ -102.433, 39.942 ], [ -102.446, 39.935 ], [ -102.459, 39.936 ], [ -102.466, 39.945 ], [ -102.473, 39.942 ], [ -102.481, 39.945 ], [ -102.49, 39.925 ], [ -102.516, 39.915 ], [ -102.521, 39.904 ], [ -102.518, 39.896 ], [ -102.541, 39.914 ], [ -102.539, 39.907 ], [ -102.549, 39.91 ], [ -102.554, 39.905 ], [ -102.56, 39.906 ], [ -102.553, 39.895 ], [ -102.559, 39.895 ], [ -102.56, 39.891 ], [ -102.572, 39.896 ], [ -102.578, 39.893 ], [ -102.589, 39.901 ], [ -102.593, 39.896 ], [ -102.6, 39.897 ], [ -102.603, 39.903 ], [ -102.617, 39.905 ], [ -102.63, 39.921 ], [ -102.636, 39.92 ], [ -102.644, 39.925 ], [ -102.65, 39.926 ], [ -102.652, 39.918 ], [ -102.666, 39.926 ], [ -102.68, 39.927 ], [ -102.679, 39.916 ], [ -102.685, 39.916 ], [ -102.689, 39.908 ], [ -102.701, 39.913 ], [ -102.709, 39.926 ], [ -102.712, 39.92 ], [ -102.73, 39.923 ], [ -102.73, 39.908 ], [ -102.741, 39.914 ], [ -102.744, 39.911 ], [ -102.766, 39.924 ], [ -102.77, 39.916 ], [ -102.781, 39.921 ], [ -102.791, 39.915 ], [ -102.796, 39.903 ], [ -102.766, 39.87 ], [ -102.774, 39.866 ], [ -102.773, 39.857 ], [ -102.802, 39.872 ], [ -102.805, 39.866 ], [ -102.813, 39.864 ], [ -102.817, 39.867 ], [ -102.824, 39.863 ], [ -102.831, 39.868 ], [ -102.823, 39.855 ], [ -102.829, 39.849 ], [ -102.851, 39.865 ], [ -102.861, 39.854 ], [ -102.867, 39.858 ], [ -102.872, 39.855 ], [ -102.874, 39.865 ], [ -102.879, 39.869 ], [ -102.9, 39.839 ], [ -102.914, 39.842 ], [ -102.904, 39.823 ], [ -102.911, 39.821 ], [ -102.919, 39.827 ], [ -102.928, 39.82 ], [ -102.934, 39.825 ], [ -102.935, 39.819 ], [ -102.947, 39.817 ], [ -102.946, 39.813 ], [ -102.954, 39.822 ], [ -102.965, 39.812 ], [ -102.98, 39.81 ], [ -103.007, 39.814 ], [ -103.016, 39.802 ], [ -103.03, 39.799 ], [ -103.03, 39.794 ], [ -103.045, 39.787 ], [ -103.057, 39.786 ], [ -103.058, 39.783 ], [ -103.065, 39.787 ], [ -103.077, 39.78 ], [ -103.102, 39.784 ], [ -103.109, 39.78 ], [ -103.129, 39.803 ], [ -103.152, 39.795 ], [ -103.187, 39.793 ], [ -103.184, 39.776 ], [ -103.187, 39.769 ], [ -103.21, 39.759 ], [ -103.211, 39.753 ], [ -103.227, 39.761 ], [ -103.237, 39.76 ], [ -103.251, 39.733 ], [ -103.248, 39.717 ], [ -103.267, 39.712 ], [ -103.276, 39.719 ], [ -103.289, 39.716 ], [ -103.306, 39.697 ], [ -103.308, 39.677 ], [ -103.317, 39.674 ], [ -103.323, 39.677 ], [ -103.33, 39.669 ], [ -103.34, 39.676 ], [ -103.346, 39.674 ], [ -103.349, 39.692 ], [ -103.336, 39.7 ], [ -103.335, 39.711 ], [ -103.326, 39.713 ], [ -103.33, 39.722 ], [ -103.323, 39.737 ], [ -103.332, 39.748 ], [ -103.332, 39.764 ], [ -103.344, 39.766 ], [ -103.338, 39.796 ], [ -103.344, 39.807 ], [ -103.338, 39.825 ], [ -103.346, 39.838 ], [ -103.338, 39.841 ], [ -103.341, 39.852 ], [ -103.306, 39.867 ], [ -103.301, 39.873 ], [ -103.309, 39.881 ], [ -103.319, 39.917 ], [ -103.332, 39.922 ], [ -103.33, 39.932 ], [ -103.318, 39.939 ], [ -103.322, 39.948 ], [ -103.312, 39.956 ], [ -103.314, 39.962 ], [ -103.307, 39.972 ], [ -103.318, 39.983 ], [ -103.307, 39.992 ], [ -103.311, 40.005 ], [ -103.307, 40.009 ], [ -103.32, 40.021 ], [ -103.322, 40.031 ], [ -103.312, 40.057 ], [ -103.284, 40.069 ], [ -103.283, 40.078 ], [ -103.273, 40.084 ], [ -103.284, 40.1 ], [ -103.28, 40.105 ], [ -103.29, 40.121 ], [ -103.29, 40.131 ], [ -103.283, 40.139 ], [ -103.286, 40.148 ], [ -103.273, 40.151 ], [ -103.264, 40.166 ], [ -103.225, 40.19 ], [ -103.223, 40.199 ], [ -103.216, 40.198 ], [ -103.214, 40.212 ], [ -103.208, 40.21 ], [ -103.19, 40.221 ], [ -103.166, 40.221 ], [ -103.151, 40.236 ], [ -103.122, 40.246 ], [ -103.109, 40.257 ], [ -103.109, 40.262 ], [ -103.119, 40.269 ], [ -103.115, 40.283 ], [ -103.121, 40.288 ], [ -103.11, 40.305 ], [ -103.123, 40.336 ], [ -103.115, 40.337 ], [ -103.115, 40.344 ], [ -103.124, 40.345 ], [ -103.134, 40.37 ], [ -103.126, 40.379 ], [ -103.11, 40.385 ], [ -103.102, 40.422 ], [ -103.086, 40.44 ], [ -103.087, 40.448 ], [ -103.079, 40.451 ], [ -103.087, 40.465 ], [ -103.1, 40.47 ], [ -103.096, 40.479 ], [ -103.09, 40.477 ], [ -103.088, 40.499 ], [ -103.093, 40.503 ], [ -103.086, 40.507 ], [ -103.088, 40.513 ], [ -103.08, 40.518 ], [ -103.066, 40.518 ], [ -103.061, 40.527 ], [ -103.055, 40.523 ], [ -103.053, 40.532 ], [ -103.038, 40.529 ] ] ] } },
{ "type": "Feature", "properties": { "id": "11020004" }, "geometry": { "type": "Polygon", "coordinates": [ [ [ -104.462, 39.08 ], [ -104.437, 39.054 ], [ -104.415, 39.05 ], [ -104.4, 39.054 ], [ -104.393, 39.049 ], [ -104.374, 39.049 ], [ -104.314, 39.023 ], [ -104.304, 39.002 ], [ -104.321, 38.995 ], [ -104.325, 38.986 ], [ -104.318, 38.969 ], [ -104.297, 38.954 ], [ -104.272, 38.947 ], [ -104.253, 38.93 ], [ -104.244, 38.928 ], [ -104.227, 38.893 ], [ -104.231, 38.876 ], [ -104.247, 38.868 ], [ -104.265, 38.847 ], [ -104.273, 38.843 ], [ -104.297, 38.845 ], [ -104.291, 38.827 ], [ -104.292, 38.812 ], [ -104.278, 38.793 ], [ -104.27, 38.769 ], [ -104.281, 38.752 ], [ -104.298, 38.744 ], [ -104.296, 38.74 ], [ -104.308, 38.745 ], [ -104.312, 38.742 ], [ -104.31, 38.726 ], [ -104.323, 38.72 ], [ -104.326, 38.702 ], [ -104.331, 38.701 ], [ -104.339, 38.686 ], [ -104.335, 38.658 ], [ -104.327, 38.643 ], [ -104.332, 38.616 ], [ -104.322, 38.587 ], [ -104.327, 38.576 ], [ -104.336, 38.574 ], [ -104.34, 38.551 ], [ -104.357, 38.513 ], [ -104.357, 38.502 ], [ -104.347, 38.486 ], [ -104.354, 38.472 ], [ -104.347, 38.462 ], [ -104.374, 38.425 ], [ -104.36, 38.4 ], [ -104.366, 38.376 ], [ -104.346, 38.365 ], [ -104.343, 38.35 ], [ -104.347, 38.328 ], [ -104.343, 38.275 ], [ -104.366, 38.269 ], [ -104.37, 38.251 ], [ -104.365, 38.242 ], [ -104.373, 38.249 ], [ -104.376, 38.272 ], [ -104.393, 38.282 ], [ -104.399, 38.294 ], [ -104.414, 38.301 ], [ -104.426, 38.299 ], [ -104.457, 38.303 ], [ -104.479, 38.331 ], [ -104.534, 38.359 ], [ -104.554, 38.393 ], [ -104.543, 38.412 ], [ -104.53, 38.42 ], [ -104.522, 38.443 ], [ -104.53, 38.46 ], [ -104.525, 38.479 ], [ -104.545, 38.484 ], [ -104.546, 38.492 ], [ -104.562, 38.506 ], [ -104.563, 38.517 ], [ -104.581, 38.531 ], [ -104.571, 38.564 ], [ -104.578, 38.573 ], [ -104.578, 38.585 ], [ -104.571, 38.595 ], [ -104.575, 38.607 ], [ -104.567, 38.618 ], [ -104.56, 38.654 ], [ -104.56, 38.668 ], [ -104.57, 38.68 ], [ -104.566, 38.71 ], [ -104.571, 38.716 ], [ -104.559, 38.723 ], [ -104.555, 38.737 ], [ -104.563, 38.764 ], [ -104.56, 38.78 ], [ -104.575, 38.822 ], [ -104.576, 38.848 ], [ -104.59, 38.869 ], [ -104.602, 38.877 ], [ -104.601, 38.897 ], [ -104.615, 38.918 ], [ -104.634, 38.968 ], [ -104.648, 38.978 ], [ -104.653, 38.988 ], [ -104.648, 39.004 ], [ -104.669, 39.014 ], [ -104.667, 39.026 ], [ -104.652, 39.03 ], [ -104.633, 39.046 ], [ -104.63, 39.04 ], [ -104.619, 39.038 ], [ -104.581, 39.06 ], [ -104.55, 39.072 ], [ -104.537, 39.07 ], [ -104.528, 39.079 ], [ -104.52, 39.075 ], [ -104.51, 39.079 ], [ -104.503, 39.078 ], [ -104.488, 39.086 ], [ -104.471, 39.077 ], [ -104.462, 39.08 ] ] ] } },
{ "type": "Feature", "properties": { "id": "11020005" }, "geometry": { "type": "Polygon", "coordinates": [ [ [ -103.326, 38.073 ], [ -103.321, 38.066 ], [ -103.32, 38.044 ], [ -103.315, 38.039 ], [ -103.32, 38.013 ], [ -103.358, 37.996 ], [ -103.361, 37.978 ], [ -103.374, 37.977 ], [ -103.384, 37.967 ], [ -103.39, 37.968 ], [ -103.387, 37.959 ], [ -103.398, 37.942 ], [ -103.398, 37.932 ], [ -103.417, 37.929 ], [ -103.43, 37.92 ], [ -103.43, 37.912 ], [ -103.439, 37.901 ], [ -103.455, 37.897 ], [ -103.459, 37.889 ], [ -103.477, 37.88 ], [ -103.481, 37.869 ], [ -103.478, 37.858 ], [ -103.485, 37.859 ], [ -103.507, 37.846 ], [ -103.517, 37.828 ], [ -103.53, 37.819 ], [ -103.535, 37.809 ], [ -103.532, 37.804 ], [ -103.553, 37.794 ], [ -103.557, 37.797 ], [ -103.563, 37.79 ], [ -103.588, 37.785 ], [ -103.59, 37.763 ], [ -103.63, 37.757 ], [ -103.642, 37.74 ], [ -103.667, 37.732 ], [ -103.682, 37.732 ], [ -103.693, 37.716 ], [ -103.707, 37.706 ], [ -103.709, 37.698 ], [ -103.722, 37.69 ], [ -103.727, 37.673 ], [ -103.738, 37.663 ], [ -103.751, 37.666 ], [ -103.758, 37.66 ], [ -103.772, 37.659 ], [ -103.783, 37.655 ], [ -103.79, 37.645 ], [ -103.822, 37.648 ], [ -103.84, 37.643 ], [ -103.847, 37.632 ], [ -103.86, 37.63 ], [ -103.881, 37.615 ], [ -103.899, 37.61 ], [ -103.9, 37.598 ], [ -103.909, 37.594 ], [ -103.911, 37.586 ], [ -103.939, 37.58 ], [ -103.94, 37.575 ], [ -103.956, 37.565 ], [ -103.986, 37.564 ], [ -104.003, 37.518 ], [ -104.025, 37.517 ], [ -104.058, 37.501 ], [ -104.088, 37.497 ], [ -104.098, 37.49 ], [ -104.099, 37.476 ], [ -104.126, 37.478 ], [ -104.153, 37.466 ], [ -104.166, 37.468 ], [ -104.173, 37.481 ], [ -104.217, 37.494 ], [ -104.231, 37.51 ], [ -104.217, 37.514 ], [ -104.214, 37.525 ], [ -104.204, 37.528 ], [ -104.199, 37.546 ], [ -104.183, 37.565 ], [ -104.187, 37.579 ], [ -104.2, 37.59 ], [ -104.2, 37.595 ], [ -104.188, 37.596 ], [ -104.181, 37.602 ], [ -104.186, 37.62 ], [ -104.167, 37.63 ], [ -104.152, 37.648 ], [ -104.108, 37.664 ], [ -104.091, 37.695 ], [ -104.073, 37.701 ], [ -104.068, 37.713 ], [ -104.072, 37.721 ], [ -104.053, 37.744 ], [ -104.05, 37.77 ], [ -104.041, 37.79 ], [ -104.048, 37.794 ], [ -104.042, 37.806 ], [ -104.035, 37.817 ], [ -104.005, 37.838 ], [ -103.987, 37.862 ], [ -103.978, 37.886 ], [ -103.984, 37.912 ], [ -103.984, 37.942 ], [ -103.982, 37.949 ], [ -103.976, 37.951 ], [ -103.975, 37.963 ], [ -103.984, 37.97 ], [ -103.993, 37.969 ], [ -103.993, 37.974 ], [ -103.988, 37.976 ], [ -103.986, 37.988 ], [ -103.967, 38.003 ], [ -103.968, 38.019 ], [ -103.957, 38.03 ], [ -103.958, 38.034 ], [ -103.969, 38.034 ], [ -103.968, 38.041 ], [ -103.965, 38.048 ], [ -103.944, 38.063 ], [ -103.95, 38.068 ], [ -103.947, 38.078 ], [ -103.952, 38.087 ], [ -103.938, 38.111 ], [ -103.94, 38.119 ], [ -103.956, 38.128 ], [ -103.979, 38.116 ], [ -103.983, 38.109 ], [ -104.006, 38.107 ], [ -104.024, 38.092 ], [ -104.034, 38.068 ], [ -104.066, 38.058 ], [ -104.093, 38.038 ], [ -104.093, 38.027 ], [ -104.11, 38.016 ], [ -104.112, 38.004 ], [ -104.125, 38.001 ], [ -104.139, 37.988 ], [ -104.17, 37.988 ], [ -104.201, 37.975 ], [ -104.247, 37.942 ], [ -104.279, 37.936 ], [ -104.316, 37.921 ], [ -104.334, 37.921 ], [ -104.34, 37.928 ], [ -104.349, 37.927 ], [ -104.365, 37.933 ], [ -104.361, 37.947 ], [ -104.368, 37.949 ], [ -104.363, 37.955 ], [ -104.372, 37.96 ], [ -104.367, 37.969 ], [ -104.372, 37.977 ], [ -104.36, 38.003 ], [ -104.349, 38.013 ], [ -104.353, 38.031 ], [ -104.34, 38.044 ], [ -104.344, 38.061 ], [ -104.338, 38.069 ], [ -104.347, 38.099 ], [ -104.334, 38.114 ], [ -104.32, 38.109 ], [ -104.307, 38.113 ], [ -104.302, 38.122 ], [ -104.29, 38.121 ], [ -104.289, 38.138 ], [ -104.27, 38.16 ], [ -104.278, 38.191 ], [ -104.246, 38.229 ], [ -104.251, 38.232 ], [ -104.277, 38.23 ], [ -104.297, 38.216 ], [ -104.32, 38.209 ], [ -104.342, 38.193 ], [ -104.351, 38.195 ], [ -104.351, 38.18 ], [ -104.375, 38.186 ], [ -104.388, 38.179 ], [ -104.403, 38.191 ], [ -104.385, 38.239 ], [ -104.397, 38.253 ], [ -104.392, 38.27 ], [ -104.396, 38.277 ], [ -104.434, 38.3 ], [ -104.414, 38.301 ], [ -104.399, 38.294 ], [ -104.393, 38.282 ], [ -104.376, 38.272 ], [ -104.373, 38.249 ], [ -104.365, 38.243 ], [ -104.37, 38.251 ], [ -104.366, 38.269 ], [ -104.343, 38.275 ], [ -104.347, 38.328 ], [ -104.343, 38.35 ], [ -104.346, 38.365 ], [ -104.366, 38.376 ], [ -104.36, 38.4 ], [ -104.374, 38.425 ], [ -104.347, 38.462 ], [ -104.354, 38.472 ], [ -104.347, 38.486 ], [ -104.357, 38.502 ], [ -104.357, 38.513 ], [ -104.34, 38.551 ], [ -104.336, 38.574 ], [ -104.327, 38.576 ], [ -104.322, 38.591 ], [ -104.332, 38.616 ], [ -104.327, 38.643 ], [ -104.335, 38.658 ], [ -104.339, 38.686 ], [ -104.331, 38.701 ], [ -104.326, 38.702 ], [ -104.323, 38.72 ], [ -104.31, 38.726 ], [ -104.312, 38.742 ], [ -104.308, 38.745 ], [ -104.296, 38.74 ], [ -104.298, 38.744 ], [ -104.281, 38.752 ], [ -104.272, 38.767 ], [ -104.257, 38.766 ], [ -104.242, 38.734 ], [ -104.231, 38.727 ], [ -104.217, 38.729 ], [ -104.197, 38.711 ], [ -104.141, 38.68 ], [ -104.116, 38.655 ], [ -104.096, 38.623 ], [ -104.081, 38.623 ], [ -104.075, 38.612 ], [ -104.066, 38.611 ], [ -104.043, 38.578 ], [ -104.029, 38.541 ], [ -104.021, 38.547 ], [ -104.004, 38.524 ], [ -103.989, 38.519 ], [ -103.972, 38.493 ], [ -103.967, 38.472 ], [ -103.953, 38.465 ], [ -103.955, 38.459 ], [ -103.945, 38.452 ], [ -103.946, 38.445 ], [ -103.934, 38.443 ], [ -103.921, 38.423 ], [ -103.899, 38.403 ], [ -103.863, 38.384 ], [ -103.856, 38.365 ], [ -103.838, 38.361 ], [ -103.831, 38.345 ], [ -103.789, 38.323 ], [ -103.784, 38.316 ], [ -103.786, 38.308 ], [ -103.769, 38.3 ], [ -103.746, 38.31 ], [ -103.732, 38.297 ], [ -103.714, 38.292 ], [ -103.7, 38.293 ], [ -103.675, 38.279 ], [ -103.671, 38.252 ], [ -103.661, 38.232 ], [ -103.653, 38.225 ], [ -103.654, 38.195 ], [ -103.627, 38.166 ], [ -103.632, 38.144 ], [ -103.644, 38.135 ], [ -103.653, 38.138 ], [ -103.658, 38.134 ], [ -103.641, 38.123 ], [ -103.638, 38.083 ], [ -103.642, 38.074 ], [ -103.627, 38.051 ], [ -103.614, 38.05 ], [ -103.602, 38.038 ], [ -103.578, 38.037 ], [ -103.563, 38.04 ], [ -103.55, 38.035 ], [ -103.543, 38.037 ], [ -103.534, 38.051 ], [ -103.507, 38.07 ], [ -103.491, 38.073 ], [ -103.474, 38.071 ], [ -103.444, 38.087 ], [ -103.425, 38.084 ], [ -103.424, 38.076 ], [ -103.411, 38.086 ], [ -103.393, 38.086 ], [ -103.363, 38.074 ], [ -103.35, 38.073 ], [ -103.342, 38.078 ], [ -103.326, 38.073 ] ] ] } },
{ "type": "Feature", "properties": { "id": "11020006" }, "geometry": { "type": "Polygon", "coordinates": [ [ [ -104.36, 37.929 ], [ -104.378, 37.917 ], [ -104.382, 37.906 ], [ -104.401, 37.886 ], [ -104.402, 37.865 ], [ -104.406, 37.861 ], [ -104.399, 37.845 ], [ -104.407, 37.836 ], [ -104.397, 37.828 ], [ -104.407, 37.808 ], [ -104.41, 37.774 ], [ -104.431, 37.778 ], [ -104.438, 37.765 ], [ -104.453, 37.764 ], [ -104.459, 37.75 ], [ -104.454, 37.739 ], [ -104.462, 37.728 ], [ -104.462, 37.717 ], [ -104.483, 37.709 ], [ -104.489, 37.703 ], [ -104.499, 37.705 ], [ -104.508, 37.687 ], [ -104.526, 37.674 ], [ -104.513, 37.653 ], [ -104.505, 37.649 ], [ -104.525, 37.634 ], [ -104.525, 37.627 ], [ -104.549, 37.616 ], [ -104.551, 37.61 ], [ -104.541, 37.61 ], [ -104.539, 37.604 ], [ -104.54, 37.597 ], [ -104.565, 37.578 ], [ -104.561, 37.567 ], [ -104.577, 37.551 ], [ -104.625, 37.528 ], [ -104.619, 37.521 ], [ -104.645, 37.509 ], [ -104.663, 37.511 ], [ -104.662, 37.5 ], [ -104.692, 37.493 ], [ -104.696, 37.485 ], [ -104.692, 37.478 ], [ -104.7, 37.47 ], [ -104.701, 37.452 ], [ -104.695, 37.44 ], [ -104.713, 37.437 ], [ -104.737, 37.425 ], [ -104.75, 37.414 ], [ -104.751, 37.407 ], [ -104.773, 37.406 ], [ -104.787, 37.4 ], [ -104.804, 37.403 ], [ -104.827, 37.396 ], [ -104.84, 37.398 ], [ -104.883, 37.386 ], [ -104.926, 37.397 ], [ -104.938, 37.389 ], [ -104.953, 37.389 ], [ -104.971, 37.376 ], [ -104.997, 37.375 ], [ -105.005, 37.363 ], [ -105.024, 37.356 ], [ -105.024, 37.341 ], [ -105.037, 37.342 ], [ -105.051, 37.331 ], [ -105.068, 37.326 ], [ -105.075, 37.317 ], [ -105.094, 37.315 ], [ -105.098, 37.304 ], [ -105.116, 37.296 ], [ -105.128, 37.297 ], [ -105.132, 37.301 ], [ -105.166, 37.291 ], [ -105.167, 37.388 ], [ -105.155, 37.399 ], [ -105.133, 37.403 ], [ -105.13, 37.409 ], [ -105.14, 37.416 ], [ -105.141, 37.429 ], [ -105.145, 37.429 ], [ -105.156, 37.457 ], [ -105.163, 37.454 ], [ -105.176, 37.457 ], [ -105.177, 37.475 ], [ -105.182, 37.479 ], [ -105.175, 37.485 ], [ -105.178, 37.491 ], [ -105.172, 37.5 ], [ -105.172, 37.518 ], [ -105.184, 37.54 ], [ -105.179, 37.548 ], [ -105.196, 37.57 ], [ -105.219, 37.583 ], [ -105.203, 37.595 ], [ -105.193, 37.592 ], [ -105.196, 37.609 ], [ -105.184, 37.616 ], [ -105.187, 37.619 ], [ -105.202, 37.619 ], [ -105.215, 37.627 ], [ -105.221, 37.621 ], [ -105.236, 37.621 ], [ -105.243, 37.629 ], [ -105.253, 37.631 ], [ -105.255, 37.64 ], [ -105.267, 37.639 ], [ -105.285, 37.646 ], [ -105.297, 37.658 ], [ -105.355, 37.636 ], [ -105.37, 37.64 ], [ -105.4, 37.614 ], [ -105.409, 37.618 ], [ -105.441, 37.612 ], [ -105.454, 37.59 ], [ -105.471, 37.581 ], [ -105.485, 37.578 ], [ -105.501, 37.597 ], [ -105.493, 37.601 ], [ -105.499, 37.615 ], [ -105.492, 37.625 ], [ -105.487, 37.653 ], [ -105.477, 37.666 ], [ -105.481, 37.693 ], [ -105.478, 37.706 ], [ -105.454, 37.724 ], [ -105.453, 37.741 ], [ -105.46, 37.753 ], [ -105.45, 37.771 ], [ -105.455, 37.796 ], [ -105.435, 37.805 ], [ -105.436, 37.828 ], [ -105.429, 37.844 ], [ -105.429, 37.852 ], [ -105.449, 37.877 ], [ -105.478, 37.88 ], [ -105.473, 37.896 ], [ -105.441, 37.897 ], [ -105.424, 37.89 ], [ -105.414, 37.891 ], [ -105.376, 37.916 ], [ -105.317, 37.939 ], [ -105.305, 37.932 ], [ -105.297, 37.909 ], [ -105.282, 37.901 ], [ -105.262, 37.925 ], [ -105.262, 37.936 ], [ -105.25, 37.951 ], [ -105.24, 37.955 ], [ -105.239, 37.962 ], [ -105.216, 37.969 ], [ -105.219, 37.975 ], [ -105.206, 37.982 ], [ -105.206, 37.989 ], [ -105.197, 37.992 ], [ -105.2, 38.001 ], [ -105.195, 38.007 ], [ -105.169, 38.019 ], [ -105.148, 38.006 ], [ -105.153, 38.001 ], [ -105.152, 37.992 ], [ -105.141, 37.986 ], [ -105.142, 37.98 ], [ -105.132, 37.974 ], [ -105.136, 37.966 ], [ -105.127, 37.96 ], [ -105.126, 37.951 ], [ -105.108, 37.944 ], [ -105.097, 37.944 ], [ -105.085, 37.956 ], [ -105.078, 37.953 ], [ -105.066, 37.944 ], [ -105.063, 37.917 ], [ -105.053, 37.917 ], [ -105.039, 37.905 ], [ -105.032, 37.904 ], [ -105.034, 37.894 ], [ -105.014, 37.884 ], [ -104.985, 37.881 ], [ -104.958, 37.864 ], [ -104.94, 37.862 ], [ -104.922, 37.876 ], [ -104.874, 37.89 ], [ -104.857, 37.901 ], [ -104.829, 37.899 ], [ -104.809, 37.905 ], [ -104.797, 37.899 ], [ -104.772, 37.909 ], [ -104.758, 37.902 ], [ -104.737, 37.902 ], [ -104.737, 37.91 ], [ -104.707, 37.946 ], [ -104.694, 37.945 ], [ -104.681, 37.933 ], [ -104.664, 37.937 ], [ -104.644, 37.928 ], [ -104.628, 37.935 ], [ -104.627, 37.955 ], [ -104.621, 37.956 ], [ -104.62, 37.963 ], [ -104.609, 37.966 ], [ -104.598, 38.003 ], [ -104.58, 38.009 ], [ -104.581, 38.029 ], [ -104.557, 38.044 ], [ -104.54, 38.075 ], [ -104.495, 38.112 ], [ -104.45, 38.126 ], [ -104.428, 38.161 ], [ -104.411, 38.165 ], [ -104.377, 38.185 ], [ -104.351, 38.18 ], [ -104.351, 38.195 ], [ -104.342, 38.193 ], [ -104.32, 38.209 ], [ -104.297, 38.216 ], [ -104.277, 38.23 ], [ -104.251, 38.232 ], [ -104.246, 38.228 ], [ -104.278, 38.191 ], [ -104.27, 38.16 ], [ -104.289, 38.138 ], [ -104.29, 38.121 ], [ -104.302, 38.122 ], [ -104.307, 38.113 ], [ -104.32, 38.109 ], [ -104.334, 38.114 ], [ -104.347, 38.099 ], [ -104.338, 38.069 ], [ -104.344, 38.061 ], [ -104.34, 38.044 ], [ -104.353, 38.031 ], [ -104.349, 38.013 ], [ -104.36, 38.003 ], [ -104.373, 37.974 ], [ -104.367, 37.969 ], [ -104.372, 37.96 ], [ -104.363, 37.955 ], [ -104.368, 37.949 ], [ -104.362, 37.949 ], [ -104.365, 37.933 ], [ -104.36, 37.929 ] ] ] } },
{ "type": "Feature", "properties": { "id": "11020007" }, "geometry": { "type": "Polygon", "coordinates": [ [ [ -104.231, 37.51 ], [ -104.24, 37.504 ], [ -104.257, 37.505 ], [ -104.275, 37.499 ], [ -104.29, 37.504 ], [ -104.285, 37.483 ], [ -104.304, 37.475 ], [ -104.339, 37.479 ], [ -104.338, 37.473 ], [ -104.333, 37.472 ], [ -104.336, 37.455 ], [ -104.378, 37.446 ], [ -104.377, 37.433 ], [ -104.369, 37.431 ], [ -104.369, 37.419 ], [ -104.365, 37.416 ], [ -104.373, 37.393 ], [ -104.42, 37.391 ], [ -104.424, 37.396 ], [ -104.429, 37.39 ], [ -104.487, 37.385 ], [ -104.497, 37.381 ], [ -104.508, 37.36 ], [ -104.538, 37.354 ], [ -104.544, 37.344 ], [ -104.567, 37.34 ], [ -104.583, 37.328 ], [ -104.604, 37.329 ], [ -104.618, 37.322 ], [ -104.638, 37.321 ], [ -104.646, 37.325 ], [ -104.664, 37.322 ], [ -104.689, 37.282 ], [ -104.705, 37.271 ], [ -104.722, 37.274 ], [ -104.722, 37.278 ], [ -104.73, 37.275 ], [ -104.744, 37.277 ], [ -104.776, 37.261 ], [ -104.815, 37.275 ], [ -104.83, 37.264 ], [ -104.84, 37.265 ], [ -104.855, 37.259 ], [ -104.855, 37.263 ], [ -104.864, 37.264 ], [ -104.878, 37.276 ], [ -104.899, 37.275 ], [ -104.899, 37.28 ], [ -104.925, 37.286 ], [ -104.956, 37.286 ], [ -104.959, 37.293 ], [ -104.967, 37.292 ], [ -105.023, 37.317 ], [ -105.032, 37.335 ], [ -105.024, 37.342 ], [ -105.024, 37.356 ], [ -105.005, 37.363 ], [ -104.997, 37.375 ], [ -104.971, 37.376 ], [ -104.949, 37.391 ], [ -104.938, 37.389 ], [ -104.926, 37.397 ], [ -104.883, 37.386 ], [ -104.84, 37.398 ], [ -104.827, 37.396 ], [ -104.804, 37.403 ], [ -104.787, 37.4 ], [ -104.773, 37.406 ], [ -104.751, 37.407 ], [ -104.75, 37.414 ], [ -104.737, 37.425 ], [ -104.713, 37.437 ], [ -104.695, 37.44 ], [ -104.701, 37.452 ], [ -104.7, 37.47 ], [ -104.692, 37.478 ], [ -104.696, 37.485 ], [ -104.692, 37.493 ], [ -104.662, 37.5 ], [ -104.663, 37.511 ], [ -104.645, 37.509 ], [ -104.619, 37.521 ], [ -104.625, 37.528 ], [ -104.577, 37.551 ], [ -104.561, 37.567 ], [ -104.565, 37.578 ], [ -104.54, 37.597 ], [ -104.539, 37.604 ], [ -104.541, 37.61 ], [ -104.551, 37.61 ], [ -104.549, 37.616 ], [ -104.525, 37.627 ], [ -104.525, 37.634 ], [ -104.505, 37.649 ], [ -104.513, 37.653 ], [ -104.526, 37.674 ], [ -104.508, 37.687 ], [ -104.499, 37.705 ], [ -104.489, 37.703 ], [ -104.483, 37.709 ], [ -104.462, 37.717 ], [ -104.462, 37.728 ], [ -104.454, 37.739 ], [ -104.459, 37.75 ], [ -104.453, 37.764 ], [ -104.438, 37.765 ], [ -104.431, 37.778 ], [ -104.41, 37.774 ], [ -104.407, 37.808 ], [ -104.397, 37.828 ], [ -104.407, 37.836 ], [ -104.399, 37.845 ], [ -104.406, 37.861 ], [ -104.402, 37.865 ], [ -104.401, 37.886 ], [ -104.382, 37.906 ], [ -104.378, 37.917 ], [ -104.36, 37.929 ], [ -104.34, 37.928 ], [ -104.334, 37.921 ], [ -104.316, 37.921 ], [ -104.279, 37.936 ], [ -104.247, 37.942 ], [ -104.201, 37.975 ], [ -104.174, 37.987 ], [ -104.139, 37.988 ], [ -104.125, 38.001 ], [ -104.112, 38.004 ], [ -104.11, 38.016 ], [ -104.093, 38.027 ], [ -104.093, 38.038 ], [ -104.066, 38.058 ], [ -104.034, 38.068 ], [ -104.024, 38.092 ], [ -104.008, 38.107 ], [ -103.983, 38.109 ], [ -103.979, 38.116 ], [ -103.957, 38.128 ], [ -103.95, 38.128 ], [ -103.938, 38.111 ], [ -103.952, 38.087 ], [ -103.947, 38.078 ], [ -103.95, 38.068 ], [ -103.944, 38.063 ], [ -103.965, 38.048 ], [ -103.969, 38.034 ], [ -103.958, 38.034 ], [ -103.957, 38.03 ], [ -103.968, 38.019 ], [ -103.971, 37.996 ], [ -103.986, 37.988 ], [ -103.988, 37.976 ], [ -103.993, 37.974 ], [ -103.993, 37.969 ], [ -103.984, 37.97 ], [ -103.975, 37.963 ], [ -103.976, 37.951 ], [ -103.982, 37.949 ], [ -103.984, 37.942 ], [ -103.984, 37.912 ], [ -103.978, 37.886 ], [ -103.987, 37.862 ], [ -104.005, 37.838 ], [ -104.035, 37.817 ], [ -104.042, 37.806 ], [ -104.048, 37.794 ], [ -104.041, 37.79 ], [ -104.05, 37.77 ], [ -104.053, 37.744 ], [ -104.072, 37.721 ], [ -104.068, 37.713 ], [ -104.073, 37.701 ], [ -104.091, 37.695 ], [ -104.108, 37.664 ], [ -104.152, 37.648 ], [ -104.167, 37.63 ], [ -104.186, 37.62 ], [ -104.181, 37.602 ], [ -104.188, 37.596 ], [ -104.2, 37.595 ], [ -104.2, 37.59 ], [ -104.187, 37.579 ], [ -104.183, 37.565 ], [ -104.199, 37.546 ], [ -104.204, 37.528 ], [ -104.214, 37.525 ], [ -104.217, 37.514 ], [ -104.231, 37.51 ] ] ] } },
{ "type": "Feature", "properties": { "id": "11020008" }, "geometry": { "type": "Polygon", "coordinates": [ [ [ -104.165, 39.057 ], [ -104.121, 39.022 ], [ -104.103, 39.017 ], [ -104.087, 39.006 ], [ -104.019, 38.986 ], [ -103.978, 38.984 ], [ -103.965, 38.97 ], [ -103.912, 38.952 ], [ -103.872, 38.892 ], [ -103.857, 38.878 ], [ -103.854, 38.862 ], [ -103.81, 38.846 ], [ -103.759, 38.846 ], [ -103.735, 38.841 ], [ -103.716, 38.821 ], [ -103.696, 38.829 ], [ -103.671, 38.804 ], [ -103.666, 38.775 ], [ -103.656, 38.764 ], [ -103.647, 38.738 ], [ -103.652, 38.736 ], [ -103.651, 38.724 ], [ -103.636, 38.697 ], [ -103.621, 38.689 ], [ -103.613, 38.67 ], [ -103.618, 38.654 ], [ -103.61, 38.626 ], [ -103.628, 38.613 ], [ -103.635, 38.614 ], [ -103.645, 38.587 ], [ -103.638, 38.529 ], [ -103.624, 38.52 ], [ -103.62, 38.498 ], [ -103.611, 38.482 ], [ -103.598, 38.474 ], [ -103.582, 38.434 ], [ -103.523, 38.424 ], [ -103.5, 38.397 ], [ -103.494, 38.397 ], [ -103.486, 38.389 ], [ -103.472, 38.368 ], [ -103.422, 38.343 ], [ -103.413, 38.346 ], [ -103.41, 38.327 ], [ -103.372, 38.294 ], [ -103.376, 38.287 ], [ -103.373, 38.26 ], [ -103.378, 38.252 ], [ -103.354, 38.187 ], [ -103.378, 38.167 ], [ -103.352, 38.147 ], [ -103.345, 38.109 ], [ -103.34, 38.105 ], [ -103.342, 38.091 ], [ -103.327, 38.072 ], [ -103.342, 38.078 ], [ -103.35, 38.073 ], [ -103.363, 38.074 ], [ -103.393, 38.086 ], [ -103.411, 38.086 ], [ -103.424, 38.076 ], [ -103.425, 38.084 ], [ -103.444, 38.087 ], [ -103.474, 38.071 ], [ -103.491, 38.073 ], [ -103.507, 38.07 ], [ -103.534, 38.051 ], [ -103.543, 38.037 ], [ -103.55, 38.035 ], [ -103.563, 38.04 ], [ -103.578, 38.037 ], [ -103.602, 38.038 ], [ -103.614, 38.05 ], [ -103.627, 38.051 ], [ -103.642, 38.074 ], [ -103.638, 38.083 ], [ -103.641, 38.123 ], [ -103.658, 38.134 ], [ -103.653, 38.138 ], [ -103.644, 38.135 ], [ -103.632, 38.144 ], [ -103.627, 38.166 ], [ -103.654, 38.195 ], [ -103.653, 38.225 ], [ -103.661, 38.232 ], [ -103.671, 38.252 ], [ -103.675, 38.279 ], [ -103.7, 38.293 ], [ -103.714, 38.292 ], [ -103.732, 38.297 ], [ -103.746, 38.31 ], [ -103.769, 38.3 ], [ -103.786, 38.308 ], [ -103.784, 38.316 ], [ -103.789, 38.323 ], [ -103.831, 38.345 ], [ -103.837, 38.36 ], [ -103.857, 38.365 ], [ -103.863, 38.384 ], [ -103.899, 38.403 ], [ -103.921, 38.423 ], [ -103.934, 38.443 ], [ -103.946, 38.445 ], [ -103.945, 38.452 ], [ -103.955, 38.459 ], [ -103.953, 38.465 ], [ -103.967, 38.472 ], [ -103.972, 38.493 ], [ -103.989, 38.519 ], [ -104.004, 38.524 ], [ -104.021, 38.547 ], [ -104.029, 38.541 ], [ -104.043, 38.578 ], [ -104.066, 38.611 ], [ -104.075, 38.612 ], [ -104.081, 38.623 ], [ -104.096, 38.623 ], [ -104.116, 38.655 ], [ -104.141, 38.68 ], [ -104.197, 38.711 ], [ -104.217, 38.729 ], [ -104.231, 38.727 ], [ -104.246, 38.737 ], [ -104.257, 38.766 ], [ -104.271, 38.769 ], [ -104.278, 38.793 ], [ -104.289, 38.804 ], [ -104.298, 38.843 ], [ -104.296, 38.847 ], [ -104.279, 38.843 ], [ -104.265, 38.847 ], [ -104.247, 38.868 ], [ -104.227, 38.883 ], [ -104.229, 38.9 ], [ -104.244, 38.928 ], [ -104.253, 38.93 ], [ -104.272, 38.947 ], [ -104.291, 38.951 ], [ -104.311, 38.963 ], [ -104.318, 38.969 ], [ -104.325, 38.988 ], [ -104.317, 38.999 ], [ -104.303, 39.002 ], [ -104.293, 38.997 ], [ -104.288, 39.01 ], [ -104.267, 39.011 ], [ -104.259, 39.026 ], [ -104.251, 39.024 ], [ -104.238, 39.049 ], [ -104.192, 39.045 ], [ -104.19, 39.05 ], [ -104.18, 39.045 ], [ -104.179, 39.053 ], [ -104.165, 39.057 ] ] ] } },
{ "type": "Feature", "properties": { "id": "11020009" }, "geometry": { "type": "Polygon", "coordinates": [ [ [ -102.656, 38.4 ], [ -102.659, 38.377 ], [ -102.633, 38.349 ], [ -102.619, 38.342 ], [ -102.622, 38.326 ], [ -102.613, 38.309 ], [ -102.609, 38.281 ], [ -102.596, 38.271 ], [ -102.575, 38.226 ], [ -102.535, 38.221 ], [ -102.531, 38.195 ], [ -102.523, 38.188 ], [ -102.521, 38.175 ], [ -102.53, 38.167 ], [ -102.516, 38.16 ], [ -102.506, 38.133 ], [ -102.493, 38.127 ], [ -102.484, 38.112 ], [ -102.478, 38.12 ], [ -102.483, 38.127 ], [ -102.477, 38.161 ], [ -102.46, 38.164 ], [ -102.455, 38.171 ], [ -102.433, 38.182 ], [ -102.431, 38.189 ], [ -102.419, 38.194 ], [ -102.402, 38.211 ], [ -102.376, 38.216 ], [ -102.371, 38.249 ], [ -102.382, 38.255 ], [ -102.382, 38.27 ], [ -102.366, 38.27 ], [ -102.31, 38.315 ], [ -102.318, 38.336 ], [ -102.317, 38.351 ], [ -102.307, 38.358 ], [ -102.308, 38.369 ], [ -102.274, 38.376 ], [ -102.195, 38.378 ], [ -102.187, 38.386 ], [ -102.161, 38.394 ], [ -102.116, 38.386 ], [ -102.118, 38.377 ], [ -102.109, 38.371 ], [ -102.062, 38.374 ], [ -102.045, 38.345 ], [ -102.047, 38.033 ], [ -102.058, 38.012 ], [ -102.078, 38.009 ], [ -102.097, 37.98 ], [ -102.103, 37.979 ], [ -102.11, 37.969 ], [ -102.122, 37.926 ], [ -102.149, 37.874 ], [ -102.155, 37.891 ], [ -102.148, 37.943 ], [ -102.15, 37.959 ], [ -102.142, 37.976 ], [ -102.153, 37.994 ], [ -102.148, 37.997 ], [ -102.146, 38.017 ], [ -102.133, 38.021 ], [ -102.136, 38.027 ], [ -102.126, 38.042 ], [ -102.141, 38.035 ], [ -102.145, 38.021 ], [ -102.163, 38.021 ], [ -102.167, 38.012 ], [ -102.192, 37.99 ], [ -102.207, 37.998 ], [ -102.22, 37.992 ], [ -102.219, 37.961 ], [ -102.234, 37.943 ], [ -102.246, 37.937 ], [ -102.254, 37.938 ], [ -102.272, 37.929 ], [ -102.288, 37.928 ], [ -102.304, 37.913 ], [ -102.327, 37.906 ], [ -102.333, 37.889 ], [ -102.347, 37.886 ], [ -102.369, 37.856 ], [ -102.456, 37.842 ], [ -102.454, 37.82 ], [ -102.47, 37.811 ], [ -102.47, 37.805 ], [ -102.492, 37.801 ], [ -102.5, 37.792 ], [ -102.507, 37.791 ], [ -102.521, 37.772 ], [ -102.536, 37.771 ], [ -102.56, 37.776 ], [ -102.577, 37.749 ], [ -102.586, 37.75 ], [ -102.601, 37.74 ], [ -102.6, 37.727 ], [ -102.607, 37.718 ], [ -102.625, 37.712 ], [ -102.63, 37.703 ], [ -102.669, 37.688 ], [ -102.679, 37.671 ], [ -102.704, 37.675 ], [ -102.721, 37.688 ], [ -102.76, 37.684 ], [ -102.786, 37.69 ], [ -102.796, 37.683 ], [ -102.823, 37.696 ], [ -102.835, 37.695 ], [ -102.853, 37.677 ], [ -102.874, 37.681 ], [ -102.897, 37.672 ], [ -102.888, 37.655 ], [ -102.897, 37.648 ], [ -102.905, 37.651 ], [ -102.927, 37.626 ], [ -102.926, 37.613 ], [ -102.937, 37.608 ], [ -102.945, 37.594 ], [ -102.939, 37.583 ], [ -102.946, 37.568 ], [ -102.991, 37.534 ], [ -103.016, 37.53 ], [ -103.024, 37.533 ], [ -103.032, 37.529 ], [ -103.049, 37.532 ], [ -103.058, 37.528 ], [ -103.067, 37.53 ], [ -103.072, 37.524 ], [ -103.086, 37.523 ], [ -103.115, 37.542 ], [ -103.129, 37.544 ], [ -103.159, 37.525 ], [ -103.165, 37.512 ], [ -103.174, 37.51 ], [ -103.183, 37.517 ], [ -103.191, 37.514 ], [ -103.202, 37.518 ], [ -103.213, 37.508 ], [ -103.242, 37.506 ], [ -103.252, 37.485 ], [ -103.286, 37.468 ], [ -103.296, 37.47 ], [ -103.308, 37.465 ], [ -103.326, 37.472 ], [ -103.334, 37.506 ], [ -103.329, 37.521 ], [ -103.334, 37.552 ], [ -103.362, 37.576 ], [ -103.359, 37.584 ], [ -103.373, 37.608 ], [ -103.371, 37.623 ], [ -103.383, 37.635 ], [ -103.367, 37.657 ], [ -103.381, 37.656 ], [ -103.384, 37.665 ], [ -103.372, 37.672 ], [ -103.363, 37.693 ], [ -103.357, 37.692 ], [ -103.356, 37.698 ], [ -103.349, 37.701 ], [ -103.351, 37.715 ], [ -103.329, 37.73 ], [ -103.324, 37.742 ], [ -103.315, 37.75 ], [ -103.318, 37.763 ], [ -103.3, 37.774 ], [ -103.285, 37.773 ], [ -103.28, 37.779 ], [ -103.267, 37.779 ], [ -103.267, 37.787 ], [ -103.255, 37.806 ], [ -103.246, 37.814 ], [ -103.233, 37.816 ], [ -103.233, 37.876 ], [ -103.221, 37.89 ], [ -103.211, 37.918 ], [ -103.192, 37.936 ], [ -103.197, 37.944 ], [ -103.182, 37.964 ], [ -103.184, 37.972 ], [ -103.159, 37.986 ], [ -103.156, 37.999 ], [ -103.163, 38.011 ], [ -103.176, 38.014 ], [ -103.188, 38.028 ], [ -103.179, 38.066 ], [ -103.219, 38.059 ], [ -103.24, 38.062 ], [ -103.267, 38.03 ], [ -103.275, 38.029 ], [ -103.284, 38.036 ], [ -103.308, 38.028 ], [ -103.314, 38.021 ], [ -103.32, 38.022 ], [ -103.315, 38.039 ], [ -103.32, 38.044 ], [ -103.321, 38.066 ], [ -103.342, 38.091 ], [ -103.34, 38.105 ], [ -103.345, 38.109 ], [ -103.349, 38.14 ], [ -103.354, 38.151 ], [ -103.378, 38.167 ], [ -103.354, 38.187 ], [ -103.378, 38.252 ], [ -103.373, 38.26 ], [ -103.376, 38.287 ], [ -103.372, 38.294 ], [ -103.41, 38.327 ], [ -103.413, 38.346 ], [ -103.422, 38.343 ], [ -103.472, 38.368 ], [ -103.486, 38.389 ], [ -103.494, 38.397 ], [ -103.5, 38.397 ], [ -103.523, 38.424 ], [ -103.582, 38.434 ], [ -103.598, 38.474 ], [ -103.611, 38.482 ], [ -103.62, 38.498 ], [ -103.624, 38.52 ], [ -103.638, 38.529 ], [ -103.645, 38.587 ], [ -103.635, 38.614 ], [ -103.628, 38.613 ], [ -103.61, 38.626 ], [ -103.618, 38.654 ], [ -103.613, 38.674 ], [ -103.621, 38.689 ], [ -103.636, 38.697 ], [ -103.643, 38.707 ], [ -103.651, 38.725 ], [ -103.652, 38.736 ], [ -103.647, 38.738 ], [ -103.65, 38.75 ], [ -103.666, 38.775 ], [ -103.67, 38.803 ], [ -103.691, 38.826 ], [ -103.614, 38.794 ], [ -103.604, 38.802 ], [ -103.59, 38.789 ], [ -103.589, 38.782 ], [ -103.568, 38.781 ], [ -103.563, 38.772 ], [ -103.526, 38.763 ], [ -103.513, 38.766 ], [ -103.501, 38.746 ], [ -103.484, 38.748 ], [ -103.466, 38.741 ], [ -103.443, 38.722 ], [ -103.43, 38.703 ], [ -103.401, 38.696 ], [ -103.395, 38.698 ], [ -103.394, 38.693 ], [ -103.377, 38.688 ], [ -103.366, 38.691 ], [ -103.356, 38.688 ], [ -103.345, 38.673 ], [ -103.333, 38.666 ], [ -103.32, 38.666 ], [ -103.313, 38.673 ], [ -103.293, 38.661 ], [ -103.276, 38.664 ], [ -103.262, 38.66 ], [ -103.228, 38.641 ], [ -103.187, 38.644 ], [ -103.18, 38.638 ], [ -103.139, 38.634 ], [ -103.129, 38.627 ], [ -103.12, 38.633 ], [ -103.111, 38.631 ], [ -103.086, 38.622 ], [ -103.044, 38.625 ], [ -103.018, 38.638 ], [ -102.993, 38.629 ], [ -102.98, 38.633 ], [ -102.946, 38.609 ], [ -102.919, 38.61 ], [ -102.916, 38.602 ], [ -102.901, 38.6 ], [ -102.901, 38.589 ], [ -102.892, 38.588 ], [ -102.884, 38.576 ], [ -102.864, 38.561 ], [ -102.842, 38.551 ], [ -102.818, 38.551 ], [ -102.796, 38.516 ], [ -102.788, 38.49 ], [ -102.772, 38.486 ], [ -102.757, 38.475 ], [ -102.741, 38.453 ], [ -102.715, 38.446 ], [ -102.711, 38.436 ], [ -102.683, 38.411 ], [ -102.656, 38.4 ] ] ] } },
{ "type": "Feature", "properties": { "id": "11020011" }, "geometry": { "type": "Polygon", "coordinates": [ [ [ -103.412, 39.24 ], [ -103.389, 39.215 ], [ -103.375, 39.216 ], [ -103.365, 39.211 ], [ -103.365, 39.216 ], [ -103.351, 39.218 ], [ -103.335, 39.179 ], [ -103.312, 39.167 ], [ -103.317, 39.153 ], [ -103.305, 39.132 ], [ -103.299, 39.126 ], [ -103.29, 39.127 ], [ -103.271, 39.117 ], [ -103.265, 39.118 ], [ -103.246, 39.08 ], [ -103.232, 39.073 ], [ -103.215, 39.078 ], [ -103.197, 39.058 ], [ -103.174, 39.053 ], [ -103.153, 39.06 ], [ -103.139, 39.053 ], [ -103.129, 39.039 ], [ -103.109, 39.053 ], [ -103.09, 39.056 ], [ -103.085, 39.042 ], [ -103.068, 39.032 ], [ -103.042, 39.037 ], [ -103.022, 39.034 ], [ -103.017, 39.038 ], [ -103.0, 39.038 ], [ -102.993, 39.042 ], [ -102.984, 39.036 ], [ -102.966, 39.035 ], [ -102.959, 39.044 ], [ -102.946, 39.05 ], [ -102.929, 39.034 ], [ -102.923, 39.038 ], [ -102.914, 39.032 ], [ -102.9, 39.043 ], [ -102.877, 39.039 ], [ -102.871, 39.029 ], [ -102.862, 39.037 ], [ -102.843, 39.034 ], [ -102.828, 39.045 ], [ -102.813, 39.043 ], [ -102.806, 39.03 ], [ -102.794, 39.026 ], [ -102.784, 39.016 ], [ -102.77, 39.011 ], [ -102.755, 39.009 ], [ -102.741, 38.997 ], [ -102.728, 38.999 ], [ -102.694, 38.992 ], [ -102.688, 38.995 ], [ -102.676, 38.972 ], [ -102.639, 38.971 ], [ -102.631, 38.966 ], [ -102.618, 38.975 ], [ -102.612, 38.963 ], [ -102.599, 38.962 ], [ -102.597, 38.952 ], [ -102.59, 38.952 ], [ -102.575, 38.932 ], [ -102.56, 38.932 ], [ -102.549, 38.916 ], [ -102.543, 38.917 ], [ -102.535, 38.91 ], [ -102.534, 38.904 ], [ -102.544, 38.895 ], [ -102.542, 38.881 ], [ -102.549, 38.872 ], [ -102.542, 38.859 ], [ -102.542, 38.822 ], [ -102.549, 38.812 ], [ -102.55, 38.791 ], [ -102.562, 38.783 ], [ -102.562, 38.771 ], [ -102.522, 38.719 ], [ -102.492, 38.713 ], [ -102.481, 38.687 ], [ -102.465, 38.68 ], [ -102.458, 38.666 ], [ -102.436, 38.655 ], [ -102.407, 38.604 ], [ -102.393, 38.592 ], [ -102.398, 38.58 ], [ -102.384, 38.577 ], [ -102.366, 38.558 ], [ -102.341, 38.542 ], [ -102.339, 38.527 ], [ -102.323, 38.513 ], [ -102.323, 38.5 ], [ -102.309, 38.479 ], [ -102.32, 38.462 ], [ -102.32, 38.447 ], [ -102.339, 38.429 ], [ -102.336, 38.394 ], [ -102.308, 38.369 ], [ -102.307, 38.358 ], [ -102.317, 38.351 ], [ -102.318, 38.336 ], [ -102.31, 38.315 ], [ -102.366, 38.27 ], [ -102.382, 38.27 ], [ -102.382, 38.255 ], [ -102.371, 38.249 ], [ -102.376, 38.216 ], [ -102.402, 38.211 ], [ -102.419, 38.194 ], [ -102.431, 38.189 ], [ -102.433, 38.182 ], [ -102.455, 38.171 ], [ -102.46, 38.164 ], [ -102.477, 38.161 ], [ -102.483, 38.127 ], [ -102.478, 38.12 ], [ -102.484, 38.112 ], [ -102.493, 38.127 ], [ -102.506, 38.133 ], [ -102.516, 38.16 ], [ -102.53, 38.167 ], [ -102.521, 38.175 ], [ -102.523, 38.188 ], [ -102.531, 38.195 ], [ -102.535, 38.221 ], [ -102.575, 38.226 ], [ -102.596, 38.271 ], [ -102.61, 38.282 ], [ -102.613, 38.309 ], [ -102.622, 38.326 ], [ -102.619, 38.342 ], [ -102.633, 38.349 ], [ -102.66, 38.378 ], [ -102.656, 38.4 ], [ -102.639, 38.387 ], [ -102.618, 38.38 ], [ -102.6, 38.382 ], [ -102.596, 38.391 ], [ -102.578, 38.402 ], [ -102.575, 38.398 ], [ -102.567, 38.4 ], [ -102.561, 38.396 ], [ -102.564, 38.386 ], [ -102.557, 38.372 ], [ -102.529, 38.371 ], [ -102.527, 38.367 ], [ -102.525, 38.373 ], [ -102.538, 38.385 ], [ -102.532, 38.401 ], [ -102.535, 38.413 ], [ -102.53, 38.437 ], [ -102.536, 38.444 ], [ -102.537, 38.46 ], [ -102.528, 38.471 ], [ -102.525, 38.504 ], [ -102.534, 38.514 ], [ -102.541, 38.536 ], [ -102.559, 38.539 ], [ -102.562, 38.546 ], [ -102.577, 38.552 ], [ -102.575, 38.568 ], [ -102.589, 38.607 ], [ -102.603, 38.609 ], [ -102.622, 38.626 ], [ -102.63, 38.626 ], [ -102.637, 38.634 ], [ -102.644, 38.633 ], [ -102.646, 38.639 ], [ -102.656, 38.642 ], [ -102.664, 38.659 ], [ -102.663, 38.668 ], [ -102.669, 38.672 ], [ -102.665, 38.679 ], [ -102.677, 38.709 ], [ -102.683, 38.701 ], [ -102.69, 38.706 ], [ -102.7, 38.698 ], [ -102.714, 38.706 ], [ -102.717, 38.701 ], [ -102.732, 38.706 ], [ -102.731, 38.718 ], [ -102.747, 38.73 ], [ -102.759, 38.733 ], [ -102.78, 38.73 ], [ -102.786, 38.737 ], [ -102.802, 38.741 ], [ -102.81, 38.738 ], [ -102.829, 38.749 ], [ -102.864, 38.751 ], [ -102.882, 38.758 ], [ -102.9, 38.755 ], [ -102.908, 38.758 ], [ -102.916, 38.745 ], [ -102.94, 38.749 ], [ -102.94, 38.734 ], [ -102.946, 38.727 ], [ -102.957, 38.73 ], [ -102.962, 38.739 ], [ -102.97, 38.737 ], [ -102.98, 38.744 ], [ -102.993, 38.772 ], [ -103.002, 38.772 ], [ -103.022, 38.781 ], [ -103.027, 38.789 ], [ -103.035, 38.785 ], [ -103.05, 38.794 ], [ -103.057, 38.787 ], [ -103.067, 38.795 ], [ -103.078, 38.796 ], [ -103.087, 38.789 ], [ -103.092, 38.793 ], [ -103.104, 38.789 ], [ -103.112, 38.798 ], [ -103.121, 38.796 ], [ -103.126, 38.8 ], [ -103.126, 38.793 ], [ -103.149, 38.79 ], [ -103.16, 38.801 ], [ -103.175, 38.806 ], [ -103.198, 38.809 ], [ -103.202, 38.814 ], [ -103.213, 38.81 ], [ -103.218, 38.815 ], [ -103.232, 38.815 ], [ -103.256, 38.837 ], [ -103.269, 38.836 ], [ -103.274, 38.84 ], [ -103.292, 38.841 ], [ -103.3, 38.847 ], [ -103.308, 38.846 ], [ -103.315, 38.859 ], [ -103.319, 38.857 ], [ -103.336, 38.869 ], [ -103.346, 38.87 ], [ -103.343, 38.878 ], [ -103.352, 38.903 ], [ -103.349, 38.923 ], [ -103.356, 38.934 ], [ -103.347, 38.946 ], [ -103.355, 38.949 ], [ -103.364, 38.963 ], [ -103.373, 38.966 ], [ -103.386, 38.985 ], [ -103.381, 39.02 ], [ -103.397, 39.053 ], [ -103.421, 39.063 ], [ -103.433, 39.058 ], [ -103.441, 39.06 ], [ -103.449, 39.066 ], [ -103.465, 39.07 ], [ -103.471, 39.079 ], [ -103.502, 39.088 ], [ -103.516, 39.091 ], [ -103.522, 39.083 ], [ -103.528, 39.087 ], [ -103.532, 39.085 ], [ -103.553, 39.102 ], [ -103.582, 39.102 ], [ -103.629, 39.131 ], [ -103.657, 39.158 ], [ -103.659, 39.168 ], [ -103.669, 39.177 ], [ -103.684, 39.176 ], [ -103.7, 39.184 ], [ -103.708, 39.195 ], [ -103.727, 39.193 ], [ -103.733, 39.188 ], [ -103.735, 39.192 ], [ -103.756, 39.197 ], [ -103.792, 39.199 ], [ -103.804, 39.213 ], [ -103.81, 39.214 ], [ -103.832, 39.203 ], [ -103.856, 39.202 ], [ -103.858, 39.193 ], [ -103.865, 39.193 ], [ -103.883, 39.177 ], [ -103.885, 39.154 ], [ -103.903, 39.15 ], [ -103.909, 39.134 ], [ -103.914, 39.139 ], [ -103.919, 39.136 ], [ -103.929, 39.141 ], [ -103.939, 39.122 ], [ -103.951, 39.123 ], [ -103.957, 39.12 ], [ -104.005, 39.126 ], [ -104.016, 39.119 ], [ -104.023, 39.104 ], [ -104.034, 39.104 ], [ -104.037, 39.093 ], [ -104.061, 39.092 ], [ -104.066, 39.078 ], [ -104.09, 39.073 ], [ -104.126, 39.079 ], [ -104.142, 39.067 ], [ -104.152, 39.066 ], [ -104.156, 39.059 ], [ -104.179, 39.053 ], [ -104.18, 39.045 ], [ -104.19, 39.05 ], [ -104.192, 39.045 ], [ -104.238, 39.049 ], [ -104.251, 39.023 ], [ -104.259, 39.026 ], [ -104.267, 39.01 ], [ -104.288, 39.01 ], [ -104.293, 38.997 ], [ -104.307, 39.005 ], [ -104.314, 39.023 ], [ -104.33, 39.028 ], [ -104.332, 39.033 ], [ -104.38, 39.05 ], [ -104.393, 39.049 ], [ -104.4, 39.054 ], [ -104.415, 39.05 ], [ -104.437, 39.054 ], [ -104.462, 39.08 ], [ -104.449, 39.084 ], [ -104.444, 39.091 ], [ -104.428, 39.091 ], [ -104.423, 39.103 ], [ -104.41, 39.115 ], [ -104.388, 39.113 ], [ -104.367, 39.122 ], [ -104.359, 39.121 ], [ -104.343, 39.135 ], [ -104.326, 39.134 ], [ -104.315, 39.124 ], [ -104.299, 39.119 ], [ -104.286, 39.126 ], [ -104.284, 39.139 ], [ -104.275, 39.135 ], [ -104.265, 39.137 ], [ -104.262, 39.144 ], [ -104.245, 39.147 ], [ -104.229, 39.161 ], [ -104.204, 39.151 ], [ -104.183, 39.156 ], [ -104.163, 39.153 ], [ -104.152, 39.16 ], [ -104.145, 39.16 ], [ -104.138, 39.169 ], [ -104.129, 39.17 ], [ -104.119, 39.18 ], [ -104.077, 39.191 ], [ -104.072, 39.209 ], [ -104.061, 39.206 ], [ -104.057, 39.208 ], [ -104.047, 39.202 ], [ -104.028, 39.206 ], [ -104.002, 39.223 ], [ -103.997, 39.232 ], [ -103.989, 39.233 ], [ -103.978, 39.249 ], [ -103.972, 39.27 ], [ -103.977, 39.286 ], [ -103.971, 39.296 ], [ -103.921, 39.303 ], [ -103.915, 39.309 ], [ -103.909, 39.308 ], [ -103.907, 39.314 ], [ -103.899, 39.314 ], [ -103.895, 39.321 ], [ -103.875, 39.317 ], [ -103.866, 39.35 ], [ -103.862, 39.349 ], [ -103.852, 39.359 ], [ -103.84, 39.362 ], [ -103.829, 39.357 ], [ -103.821, 39.362 ], [ -103.816, 39.359 ], [ -103.812, 39.366 ], [ -103.8, 39.371 ], [ -103.771, 39.373 ], [ -103.754, 39.36 ], [ -103.745, 39.359 ], [ -103.704, 39.373 ], [ -103.686, 39.372 ], [ -103.639, 39.351 ], [ -103.628, 39.336 ], [ -103.616, 39.334 ], [ -103.603, 39.303 ], [ -103.568, 39.289 ], [ -103.558, 39.276 ], [ -103.521, 39.274 ], [ -103.512, 39.278 ], [ -103.459, 39.256 ], [ -103.446, 39.24 ], [ -103.434, 39.243 ], [ -103.412, 39.24 ] ] ] } },
{ "type": "Feature", "properties": { "id": "11020012" }, "geometry": { "type": "Polygon", "coordinates": [ [ [ -102.656, 38.4 ], [ -102.683, 38.411 ], [ -102.711, 38.436 ], [ -102.715, 38.446 ], [ -102.741, 38.453 ], [ -102.757, 38.475 ], [ -102.772, 38.486 ], [ -102.788, 38.49 ], [ -102.796, 38.516 ], [ -102.818, 38.551 ], [ -102.842, 38.551 ], [ -102.864, 38.561 ], [ -102.884, 38.576 ], [ -102.892, 38.588 ], [ -102.901, 38.589 ], [ -102.901, 38.6 ], [ -102.916, 38.602 ], [ -102.919, 38.61 ], [ -102.946, 38.609 ], [ -102.98, 38.633 ], [ -102.993, 38.629 ], [ -103.018, 38.638 ], [ -103.044, 38.625 ], [ -103.086, 38.622 ], [ -103.111, 38.631 ], [ -103.12, 38.633 ], [ -103.129, 38.627 ], [ -103.139, 38.634 ], [ -103.18, 38.638 ], [ -103.187, 38.644 ], [ -103.228, 38.641 ], [ -103.262, 38.66 ], [ -103.276, 38.664 ], [ -103.293, 38.661 ], [ -103.313, 38.673 ], [ -103.32, 38.666 ], [ -103.335, 38.667 ], [ -103.356, 38.688 ], [ -103.366, 38.691 ], [ -103.377, 38.688 ], [ -103.394, 38.693 ], [ -103.395, 38.698 ], [ -103.401, 38.696 ], [ -103.43, 38.703 ], [ -103.443, 38.722 ], [ -103.466, 38.741 ], [ -103.484, 38.748 ], [ -103.501, 38.746 ], [ -103.513, 38.766 ], [ -103.526, 38.763 ], [ -103.563, 38.772 ], [ -103.568, 38.781 ], [ -103.588, 38.781 ], [ -103.59, 38.789 ], [ -103.604, 38.802 ], [ -103.614, 38.794 ], [ -103.647, 38.809 ], [ -103.662, 38.812 ], [ -103.696, 38.829 ], [ -103.716, 38.821 ], [ -103.735, 38.841 ], [ -103.759, 38.846 ], [ -103.81, 38.846 ], [ -103.854, 38.862 ], [ -103.857, 38.878 ], [ -103.872, 38.892 ], [ -103.912, 38.952 ], [ -103.965, 38.97 ], [ -103.978, 38.984 ], [ -104.019, 38.986 ], [ -104.087, 39.006 ], [ -104.103, 39.017 ], [ -104.121, 39.022 ], [ -104.165, 39.057 ], [ -104.156, 39.059 ], [ -104.152, 39.066 ], [ -104.142, 39.067 ], [ -104.126, 39.079 ], [ -104.09, 39.073 ], [ -104.066, 39.078 ], [ -104.061, 39.092 ], [ -104.037, 39.093 ], [ -104.034, 39.104 ], [ -104.023, 39.104 ], [ -104.016, 39.119 ], [ -104.005, 39.126 ], [ -103.957, 39.12 ], [ -103.951, 39.123 ], [ -103.939, 39.122 ], [ -103.929, 39.141 ], [ -103.919, 39.136 ], [ -103.914, 39.139 ], [ -103.909, 39.134 ], [ -103.903, 39.15 ], [ -103.885, 39.154 ], [ -103.883, 39.177 ], [ -103.865, 39.193 ], [ -103.858, 39.193 ], [ -103.856, 39.202 ], [ -103.832, 39.203 ], [ -103.81, 39.214 ], [ -103.804, 39.213 ], [ -103.792, 39.199 ], [ -103.756, 39.197 ], [ -103.735, 39.192 ], [ -103.733, 39.188 ], [ -103.727, 39.193 ], [ -103.708, 39.195 ], [ -103.7, 39.184 ], [ -103.684, 39.176 ], [ -103.669, 39.177 ], [ -103.659, 39.168 ], [ -103.657, 39.158 ], [ -103.629, 39.131 ], [ -103.582, 39.102 ], [ -103.553, 39.102 ], [ -103.532, 39.085 ], [ -103.528, 39.087 ], [ -103.522, 39.083 ], [ -103.516, 39.091 ], [ -103.502, 39.088 ], [ -103.471, 39.079 ], [ -103.465, 39.07 ], [ -103.449, 39.066 ], [ -103.441, 39.06 ], [ -103.433, 39.058 ], [ -103.421, 39.063 ], [ -103.397, 39.053 ], [ -103.381, 39.02 ], [ -103.386, 38.985 ], [ -103.373, 38.966 ], [ -103.364, 38.963 ], [ -103.355, 38.949 ], [ -103.347, 38.946 ], [ -103.356, 38.934 ], [ -103.349, 38.923 ], [ -103.352, 38.903 ], [ -103.343, 38.878 ], [ -103.346, 38.87 ], [ -103.336, 38.869 ], [ -103.319, 38.857 ], [ -103.315, 38.859 ], [ -103.308, 38.846 ], [ -103.3, 38.847 ], [ -103.292, 38.841 ], [ -103.274, 38.84 ], [ -103.269, 38.836 ], [ -103.256, 38.837 ], [ -103.232, 38.815 ], [ -103.218, 38.815 ], [ -103.213, 38.81 ], [ -103.202, 38.814 ], [ -103.198, 38.809 ], [ -103.175, 38.806 ], [ -103.16, 38.801 ], [ -103.149, 38.79 ], [ -103.126, 38.793 ], [ -103.126, 38.8 ], [ -103.121, 38.796 ], [ -103.112, 38.798 ], [ -103.104, 38.789 ], [ -103.092, 38.793 ], [ -103.087, 38.789 ], [ -103.078, 38.796 ], [ -103.067, 38.795 ], [ -103.057, 38.787 ], [ -103.05, 38.794 ], [ -103.035, 38.785 ], [ -103.027, 38.789 ], [ -103.022, 38.781 ], [ -103.002, 38.772 ], [ -102.993, 38.772 ], [ -102.98, 38.744 ], [ -102.97, 38.737 ], [ -102.962, 38.739 ], [ -102.957, 38.73 ], [ -102.946, 38.727 ], [ -102.94, 38.734 ], [ -102.94, 38.749 ], [ -102.916, 38.745 ], [ -102.908, 38.758 ], [ -102.9, 38.755 ], [ -102.882, 38.758 ], [ -102.864, 38.751 ], [ -102.829, 38.749 ], [ -102.81, 38.738 ], [ -102.802, 38.741 ], [ -102.786, 38.737 ], [ -102.78, 38.73 ], [ -102.759, 38.733 ], [ -102.747, 38.73 ], [ -102.731, 38.718 ], [ -102.732, 38.706 ], [ -102.717, 38.701 ], [ -102.714, 38.706 ], [ -102.7, 38.698 ], [ -102.69, 38.706 ], [ -102.683, 38.701 ], [ -102.677, 38.708 ], [ -102.665, 38.679 ], [ -102.669, 38.672 ], [ -102.663, 38.668 ], [ -102.664, 38.659 ], [ -102.656, 38.642 ], [ -102.646, 38.639 ], [ -102.644, 38.633 ], [ -102.637, 38.634 ], [ -102.63, 38.626 ], [ -102.622, 38.626 ], [ -102.603, 38.609 ], [ -102.589, 38.607 ], [ -102.575, 38.568 ], [ -102.577, 38.552 ], [ -102.562, 38.546 ], [ -102.559, 38.539 ], [ -102.541, 38.536 ], [ -102.534, 38.514 ], [ -102.525, 38.504 ], [ -102.528, 38.471 ], [ -102.537, 38.46 ], [ -102.536, 38.444 ], [ -102.53, 38.437 ], [ -102.535, 38.413 ], [ -102.532, 38.401 ], [ -102.538, 38.385 ], [ -102.525, 38.373 ], [ -102.527, 38.367 ], [ -102.529, 38.371 ], [ -102.557, 38.372 ], [ -102.564, 38.386 ], [ -102.561, 38.395 ], [ -102.567, 38.4 ], [ -102.575, 38.398 ], [ -102.578, 38.402 ], [ -102.596, 38.391 ], [ -102.6, 38.382 ], [ -102.618, 38.38 ], [ -102.639, 38.387 ], [ -102.656, 38.4 ] ] ] } },
{ "type": "Feature", "properties": { "id": "11020013" }, "geometry": { "type": "Polygon", "coordinates": [ [ [ -102.15, 37.873 ], [ -102.158, 37.834 ], [ -102.154, 37.824 ], [ -102.164, 37.815 ], [ -102.167, 37.802 ], [ -102.19, 37.788 ], [ -102.209, 37.766 ], [ -102.224, 37.727 ], [ -102.248, 37.713 ], [ -102.255, 37.703 ], [ -102.269, 37.703 ], [ -102.309, 37.677 ], [ -102.319, 37.679 ], [ -102.333, 37.66 ], [ -102.36, 37.671 ], [ -102.366, 37.662 ], [ -102.378, 37.656 ], [ -102.389, 37.657 ], [ -102.402, 37.647 ], [ -102.44, 37.654 ], [ -102.449, 37.645 ], [ -102.458, 37.644 ], [ -102.469, 37.631 ], [ -102.503, 37.622 ], [ -102.507, 37.615 ], [ -102.543, 37.614 ], [ -102.58, 37.606 ], [ -102.599, 37.613 ], [ -102.635, 37.609 ], [ -102.661, 37.614 ], [ -102.677, 37.603 ], [ -102.699, 37.606 ], [ -102.732, 37.6 ], [ -102.746, 37.587 ], [ -102.758, 37.587 ], [ -102.777, 37.576 ], [ -102.787, 37.559 ], [ -102.796, 37.558 ], [ -102.808, 37.548 ], [ -102.831, 37.522 ], [ -102.854, 37.518 ], [ -102.866, 37.503 ], [ -102.881, 37.502 ], [ -102.894, 37.492 ], [ -102.917, 37.486 ], [ -102.924, 37.464 ], [ -102.963, 37.451 ], [ -102.963, 37.44 ], [ -102.974, 37.424 ], [ -102.972, 37.415 ], [ -102.978, 37.409 ], [ -102.977, 37.401 ], [ -103.014, 37.387 ], [ -103.018, 37.37 ], [ -103.033, 37.365 ], [ -103.047, 37.342 ], [ -103.055, 37.34 ], [ -103.063, 37.343 ], [ -103.074, 37.338 ], [ -103.098, 37.337 ], [ -103.107, 37.325 ], [ -103.112, 37.326 ], [ -103.119, 37.306 ], [ -103.129, 37.301 ], [ -103.14, 37.304 ], [ -103.145, 37.295 ], [ -103.161, 37.286 ], [ -103.168, 37.271 ], [ -103.19, 37.274 ], [ -103.209, 37.284 ], [ -103.235, 37.277 ], [ -103.249, 37.288 ], [ -103.263, 37.283 ], [ -103.285, 37.288 ], [ -103.296, 37.273 ], [ -103.304, 37.287 ], [ -103.33, 37.275 ], [ -103.343, 37.255 ], [ -103.352, 37.255 ], [ -103.362, 37.25 ], [ -103.372, 37.256 ], [ -103.381, 37.286 ], [ -103.394, 37.299 ], [ -103.385, 37.312 ], [ -103.365, 37.313 ], [ -103.367, 37.332 ], [ -103.38, 37.357 ], [ -103.377, 37.371 ], [ -103.384, 37.378 ], [ -103.361, 37.384 ], [ -103.346, 37.403 ], [ -103.345, 37.416 ], [ -103.356, 37.434 ], [ -103.326, 37.472 ], [ -103.308, 37.465 ], [ -103.296, 37.47 ], [ -103.286, 37.468 ], [ -103.252, 37.485 ], [ -103.242, 37.506 ], [ -103.213, 37.508 ], [ -103.202, 37.518 ], [ -103.191, 37.514 ], [ -103.183, 37.517 ], [ -103.174, 37.51 ], [ -103.165, 37.512 ], [ -103.159, 37.525 ], [ -103.129, 37.544 ], [ -103.115, 37.542 ], [ -103.086, 37.523 ], [ -103.072, 37.524 ], [ -103.067, 37.53 ], [ -103.058, 37.528 ], [ -103.049, 37.532 ], [ -103.032, 37.529 ], [ -103.024, 37.533 ], [ -103.016, 37.53 ], [ -102.991, 37.534 ], [ -102.946, 37.568 ], [ -102.939, 37.583 ], [ -102.945, 37.594 ], [ -102.937, 37.608 ], [ -102.926, 37.613 ], [ -102.927, 37.626 ], [ -102.905, 37.651 ], [ -102.897, 37.648 ], [ -102.888, 37.655 ], [ -102.897, 37.672 ], [ -102.874, 37.681 ], [ -102.853, 37.677 ], [ -102.835, 37.695 ], [ -102.823, 37.696 ], [ -102.796, 37.683 ], [ -102.786, 37.69 ], [ -102.76, 37.684 ], [ -102.721, 37.688 ], [ -102.704, 37.675 ], [ -102.679, 37.671 ], [ -102.669, 37.688 ], [ -102.63, 37.703 ], [ -102.625, 37.712 ], [ -102.607, 37.718 ], [ -102.6, 37.727 ], [ -102.601, 37.74 ], [ -102.586, 37.75 ], [ -102.577, 37.749 ], [ -102.56, 37.776 ], [ -102.536, 37.771 ], [ -102.521, 37.772 ], [ -102.507, 37.791 ], [ -102.5, 37.792 ], [ -102.492, 37.801 ], [ -102.47, 37.805 ], [ -102.47, 37.811 ], [ -102.454, 37.82 ], [ -102.456, 37.842 ], [ -102.369, 37.856 ], [ -102.347, 37.886 ], [ -102.333, 37.889 ], [ -102.327, 37.906 ], [ -102.304, 37.913 ], [ -102.288, 37.928 ], [ -102.272, 37.929 ], [ -102.254, 37.938 ], [ -102.246, 37.937 ], [ -102.234, 37.943 ], [ -102.219, 37.961 ], [ -102.22, 37.992 ], [ -102.207, 37.998 ], [ -102.192, 37.99 ], [ -102.167, 38.012 ], [ -102.163, 38.021 ], [ -102.145, 38.021 ], [ -102.141, 38.035 ], [ -102.126, 38.042 ], [ -102.136, 38.027 ], [ -102.133, 38.021 ], [ -102.146, 38.017 ], [ -102.148, 37.997 ], [ -102.153, 37.994 ], [ -102.142, 37.976 ], [ -102.15, 37.959 ], [ -102.148, 37.943 ], [ -102.155, 37.891 ], [ -102.15, 37.873 ] ] ] } },
{ "type": "Feature", "properties": { "id": "11040004" }, "geometry": { "type": "Polygon", "coordinates": [ [ [ -102.042, 37.375 ], [ -102.056, 37.374 ], [ -102.067, 37.366 ], [ -102.085, 37.367 ], [ -102.092, 37.36 ], [ -102.118, 37.352 ], [ -102.138, 37.339 ], [ -102.148, 37.338 ], [ -102.167, 37.349 ], [ -102.184, 37.347 ], [ -102.188, 37.351 ], [ -102.246, 37.326 ], [ -102.299, 37.329 ], [ -102.323, 37.305 ], [ -102.345, 37.302 ], [ -102.372, 37.288 ], [ -102.383, 37.291 ], [ -102.406, 37.279 ], [ -102.443, 37.274 ], [ -102.502, 37.251 ], [ -102.508, 37.243 ], [ -102.532, 37.245 ], [ -102.547, 37.224 ], [ -102.57, 37.213 ], [ -102.586, 37.213 ], [ -102.59, 37.224 ], [ -102.617, 37.219 ], [ -102.646, 37.225 ], [ -102.665, 37.212 ], [ -102.681, 37.213 ], [ -102.706, 37.206 ], [ -102.718, 37.207 ], [ -102.721, 37.214 ], [ -102.738, 37.214 ], [ -102.763, 37.197 ], [ -102.777, 37.194 ], [ -102.791, 37.197 ], [ -102.8, 37.185 ], [ -102.848, 37.181 ], [ -102.867, 37.186 ], [ -102.885, 37.179 ], [ -102.902, 37.18 ], [ -102.922, 37.164 ], [ -102.933, 37.162 ], [ -102.951, 37.168 ], [ -102.982, 37.162 ], [ -102.99, 37.176 ], [ -103.008, 37.185 ], [ -103.017, 37.202 ], [ -103.039, 37.208 ], [ -103.055, 37.22 ], [ -103.071, 37.24 ], [ -103.112, 37.26 ], [ -103.122, 37.272 ], [ -103.127, 37.273 ], [ -103.135, 37.265 ], [ -103.168, 37.272 ], [ -103.161, 37.286 ], [ -103.145, 37.295 ], [ -103.14, 37.304 ], [ -103.129, 37.301 ], [ -103.119, 37.306 ], [ -103.112, 37.326 ], [ -103.107, 37.325 ], [ -103.097, 37.338 ], [ -103.074, 37.338 ], [ -103.063, 37.343 ], [ -103.048, 37.341 ], [ -103.033, 37.365 ], [ -103.012, 37.371 ], [ -103.001, 37.364 ], [ -102.967, 37.365 ], [ -102.899, 37.379 ], [ -102.87, 37.372 ], [ -102.842, 37.371 ], [ -102.832, 37.364 ], [ -102.814, 37.362 ], [ -102.799, 37.375 ], [ -102.758, 37.371 ], [ -102.749, 37.373 ], [ -102.734, 37.364 ], [ -102.693, 37.372 ], [ -102.678, 37.366 ], [ -102.656, 37.365 ], [ -102.632, 37.336 ], [ -102.613, 37.339 ], [ -102.605, 37.329 ], [ -102.589, 37.325 ], [ -102.586, 37.318 ], [ -102.574, 37.318 ], [ -102.556, 37.305 ], [ -102.54, 37.304 ], [ -102.526, 37.298 ], [ -102.501, 37.306 ], [ -102.497, 37.313 ], [ -102.469, 37.314 ], [ -102.436, 37.34 ], [ -102.409, 37.345 ], [ -102.349, 37.375 ], [ -102.329, 37.378 ], [ -102.314, 37.386 ], [ -102.284, 37.39 ], [ -102.275, 37.396 ], [ -102.197, 37.418 ], [ -102.141, 37.421 ], [ -102.112, 37.439 ], [ -102.052, 37.447 ], [ -102.042, 37.458 ], [ -102.042, 37.375 ] ] ] } },
{ "type": "Feature", "properties": { "id": "13010003" }, "geometry": { "type": "Polygon", "coordinates": [ [ [ -105.473, 37.896 ], [ -105.478, 37.88 ], [ -105.449, 37.877 ], [ -105.429, 37.852 ], [ -105.429, 37.844 ], [ -105.436, 37.828 ], [ -105.435, 37.805 ], [ -105.455, 37.796 ], [ -105.45, 37.771 ], [ -105.46, 37.753 ], [ -105.453, 37.741 ], [ -105.454, 37.724 ], [ -105.478, 37.707 ], [ -105.481, 37.693 ], [ -105.477, 37.666 ], [ -105.487, 37.653 ], [ -105.492, 37.625 ], [ -105.499, 37.615 ], [ -105.493, 37.601 ], [ -105.501, 37.597 ], [ -105.486, 37.578 ], [ -105.494, 37.572 ], [ -105.499, 37.56 ], [ -105.506, 37.558 ], [ -105.507, 37.511 ], [ -105.516, 37.492 ], [ -105.53, 37.483 ], [ -105.554, 37.477 ], [ -105.579, 37.461 ], [ -105.619, 37.458 ], [ -105.636, 37.462 ], [ -105.661, 37.456 ], [ -105.719, 37.469 ], [ -105.73, 37.468 ], [ -105.734, 37.474 ], [ -105.747, 37.474 ], [ -105.755, 37.48 ], [ -105.763, 37.478 ], [ -105.759, 37.486 ], [ -105.77, 37.495 ], [ -105.781, 37.496 ], [ -105.792, 37.51 ], [ -105.811, 37.512 ], [ -105.819, 37.517 ], [ -105.874, 37.518 ], [ -105.892, 37.527 ], [ -105.929, 37.535 ], [ -105.933, 37.543 ], [ -105.939, 37.543 ], [ -105.953, 37.557 ], [ -105.957, 37.573 ], [ -105.993, 37.594 ], [ -106.039, 37.597 ], [ -106.069, 37.604 ], [ -106.079, 37.61 ], [ -106.097, 37.611 ], [ -106.109, 37.618 ], [ -106.144, 37.624 ], [ -106.214, 37.654 ], [ -106.231, 37.655 ], [ -106.242, 37.651 ], [ -106.252, 37.661 ], [ -106.31, 37.688 ], [ -106.346, 37.692 ], [ -106.328, 37.71 ], [ -106.297, 37.716 ], [ -106.281, 37.715 ], [ -106.251, 37.724 ], [ -106.216, 37.749 ], [ -106.178, 37.758 ], [ -106.148, 37.777 ], [ -106.122, 37.784 ], [ -106.1, 37.796 ], [ -106.054, 37.809 ], [ -106.033, 37.825 ], [ -106.006, 37.834 ], [ -105.977, 37.854 ], [ -105.937, 37.871 ], [ -105.918, 37.862 ], [ -105.918, 37.866 ], [ -105.905, 37.864 ], [ -105.893, 37.869 ], [ -105.863, 37.868 ], [ -105.862, 37.88 ], [ -105.881, 37.901 ], [ -105.873, 37.906 ], [ -105.879, 37.921 ], [ -105.899, 37.932 ], [ -105.903, 37.947 ], [ -105.916, 37.956 ], [ -105.929, 37.976 ], [ -105.928, 37.988 ], [ -105.947, 37.999 ], [ -105.963, 38.019 ], [ -105.964, 38.032 ], [ -105.974, 38.046 ], [ -105.971, 38.065 ], [ -105.957, 38.081 ], [ -105.946, 38.109 ], [ -105.93, 38.122 ], [ -105.915, 38.127 ], [ -105.918, 38.169 ], [ -105.941, 38.195 ], [ -105.966, 38.196 ], [ -105.976, 38.191 ], [ -105.978, 38.18 ], [ -106.004, 38.172 ], [ -106.026, 38.181 ], [ -106.035, 38.189 ], [ -106.056, 38.188 ], [ -106.078, 38.171 ], [ -106.09, 38.168 ], [ -106.104, 38.153 ], [ -106.121, 38.157 ], [ -106.132, 38.163 ], [ -106.127, 38.172 ], [ -106.131, 38.18 ], [ -106.15, 38.188 ], [ -106.159, 38.2 ], [ -106.161, 38.214 ], [ -106.183, 38.219 ], [ -106.184, 38.242 ], [ -106.173, 38.246 ], [ -106.192, 38.254 ], [ -106.2, 38.276 ], [ -106.213, 38.279 ], [ -106.223, 38.29 ], [ -106.216, 38.295 ], [ -106.22, 38.306 ], [ -106.215, 38.31 ], [ -106.223, 38.317 ], [ -106.218, 38.325 ], [ -106.222, 38.328 ], [ -106.206, 38.333 ], [ -106.193, 38.348 ], [ -106.176, 38.34 ], [ -106.16, 38.343 ], [ -106.152, 38.356 ], [ -106.142, 38.351 ], [ -106.143, 38.356 ], [ -106.134, 38.368 ], [ -106.108, 38.38 ], [ -106.115, 38.404 ], [ -106.096, 38.414 ], [ -106.086, 38.424 ], [ -106.075, 38.425 ], [ -106.058, 38.444 ], [ -106.062, 38.451 ], [ -106.059, 38.457 ], [ -106.019, 38.454 ], [ -105.997, 38.42 ], [ -105.984, 38.42 ], [ -105.951, 38.394 ], [ -105.944, 38.378 ], [ -105.921, 38.368 ], [ -105.894, 38.346 ], [ -105.867, 38.306 ], [ -105.848, 38.291 ], [ -105.841, 38.292 ], [ -105.819, 38.274 ], [ -105.8, 38.27 ], [ -105.788, 38.242 ], [ -105.76, 38.229 ], [ -105.756, 38.219 ], [ -105.736, 38.209 ], [ -105.699, 38.168 ], [ -105.687, 38.167 ], [ -105.673, 38.159 ], [ -105.673, 38.136 ], [ -105.658, 38.117 ], [ -105.661, 38.1 ], [ -105.636, 38.071 ], [ -105.627, 38.067 ], [ -105.628, 38.057 ], [ -105.618, 38.053 ], [ -105.613, 38.038 ], [ -105.603, 38.031 ], [ -105.597, 38.013 ], [ -105.605, 38.005 ], [ -105.582, 37.979 ], [ -105.584, 37.967 ], [ -105.559, 37.951 ], [ -105.552, 37.95 ], [ -105.543, 37.956 ], [ -105.531, 37.954 ], [ -105.511, 37.939 ], [ -105.503, 37.924 ], [ -105.473, 37.896 ] ] ] } },
{ "type": "Feature", "properties": { "id": "13010004" }, "geometry": { "type": "Polygon", "coordinates": [ [ [ -106.253, 38.348 ], [ -106.247, 38.342 ], [ -106.23, 38.34 ], [ -106.218, 38.325 ], [ -106.224, 38.321 ], [ -106.215, 38.311 ], [ -106.22, 38.306 ], [ -106.216, 38.295 ], [ -106.223, 38.29 ], [ -106.213, 38.279 ], [ -106.2, 38.276 ], [ -106.192, 38.254 ], [ -106.173, 38.246 ], [ -106.184, 38.242 ], [ -106.183, 38.219 ], [ -106.161, 38.214 ], [ -106.159, 38.2 ], [ -106.15, 38.188 ], [ -106.131, 38.18 ], [ -106.127, 38.172 ], [ -106.132, 38.163 ], [ -106.121, 38.157 ], [ -106.104, 38.153 ], [ -106.09, 38.168 ], [ -106.078, 38.171 ], [ -106.056, 38.188 ], [ -106.035, 38.189 ], [ -106.026, 38.181 ], [ -106.004, 38.172 ], [ -105.978, 38.18 ], [ -105.976, 38.191 ], [ -105.966, 38.196 ], [ -105.941, 38.195 ], [ -105.918, 38.169 ], [ -105.915, 38.127 ], [ -105.93, 38.122 ], [ -105.946, 38.109 ], [ -105.957, 38.081 ], [ -105.971, 38.065 ], [ -105.974, 38.046 ], [ -105.964, 38.032 ], [ -105.963, 38.019 ], [ -105.947, 37.999 ], [ -105.928, 37.988 ], [ -105.929, 37.976 ], [ -105.916, 37.956 ], [ -105.903, 37.947 ], [ -105.899, 37.932 ], [ -105.879, 37.921 ], [ -105.873, 37.906 ], [ -105.881, 37.901 ], [ -105.861, 37.876 ], [ -105.864, 37.867 ], [ -105.893, 37.869 ], [ -105.905, 37.864 ], [ -105.918, 37.866 ], [ -105.918, 37.862 ], [ -105.937, 37.871 ], [ -105.955, 37.865 ], [ -105.999, 37.838 ], [ -106.033, 37.825 ], [ -106.046, 37.813 ], [ -106.148, 37.777 ], [ -106.178, 37.758 ], [ -106.216, 37.749 ], [ -106.249, 37.725 ], [ -106.281, 37.715 ], [ -106.297, 37.716 ], [ -106.327, 37.71 ], [ -106.347, 37.692 ], [ -106.363, 37.692 ], [ -106.37, 37.697 ], [ -106.368, 37.704 ], [ -106.39, 37.718 ], [ -106.399, 37.743 ], [ -106.408, 37.746 ], [ -106.409, 37.763 ], [ -106.421, 37.772 ], [ -106.424, 37.791 ], [ -106.416, 37.814 ], [ -106.427, 37.813 ], [ -106.437, 37.824 ], [ -106.46, 37.835 ], [ -106.467, 37.831 ], [ -106.494, 37.836 ], [ -106.518, 37.844 ], [ -106.522, 37.851 ], [ -106.534, 37.852 ], [ -106.557, 37.852 ], [ -106.563, 37.848 ], [ -106.562, 37.843 ], [ -106.575, 37.842 ], [ -106.578, 37.836 ], [ -106.594, 37.852 ], [ -106.595, 37.861 ], [ -106.63, 37.883 ], [ -106.636, 37.904 ], [ -106.647, 37.899 ], [ -106.654, 37.879 ], [ -106.671, 37.857 ], [ -106.68, 37.854 ], [ -106.682, 37.865 ], [ -106.696, 37.875 ], [ -106.718, 37.873 ], [ -106.737, 37.888 ], [ -106.753, 37.881 ], [ -106.762, 37.883 ], [ -106.777, 37.891 ], [ -106.798, 37.914 ], [ -106.841, 37.917 ], [ -106.864, 37.931 ], [ -106.872, 37.942 ], [ -106.85, 37.957 ], [ -106.816, 37.956 ], [ -106.81, 37.97 ], [ -106.803, 37.972 ], [ -106.801, 37.986 ], [ -106.782, 38.002 ], [ -106.809, 38.016 ], [ -106.806, 38.031 ], [ -106.76, 38.086 ], [ -106.753, 38.086 ], [ -106.744, 38.093 ], [ -106.72, 38.092 ], [ -106.704, 38.08 ], [ -106.685, 38.081 ], [ -106.67, 38.087 ], [ -106.671, 38.094 ], [ -106.663, 38.097 ], [ -106.655, 38.11 ], [ -106.648, 38.11 ], [ -106.633, 38.128 ], [ -106.611, 38.135 ], [ -106.597, 38.157 ], [ -106.602, 38.171 ], [ -106.598, 38.189 ], [ -106.587, 38.189 ], [ -106.576, 38.212 ], [ -106.555, 38.229 ], [ -106.56, 38.234 ], [ -106.556, 38.246 ], [ -106.559, 38.252 ], [ -106.536, 38.262 ], [ -106.505, 38.315 ], [ -106.483, 38.316 ], [ -106.474, 38.322 ], [ -106.473, 38.313 ], [ -106.464, 38.313 ], [ -106.459, 38.301 ], [ -106.434, 38.282 ], [ -106.417, 38.281 ], [ -106.406, 38.286 ], [ -106.395, 38.282 ], [ -106.38, 38.293 ], [ -106.353, 38.292 ], [ -106.339, 38.287 ], [ -106.316, 38.343 ], [ -106.292, 38.345 ], [ -106.271, 38.353 ], [ -106.253, 38.348 ] ] ] } },
{ "type": "Feature", "properties": { "id": "10250013" }, "geometry": { "type": "Polygon", "coordinates": [ [ [ -102.049, 39.415 ], [ -102.082, 39.402 ], [ -102.101, 39.386 ], [ -102.103, 39.376 ], [ -102.132, 39.366 ], [ -102.139, 39.347 ], [ -102.16, 39.339 ], [ -102.163, 39.333 ], [ -102.178, 39.326 ], [ -102.214, 39.329 ], [ -102.219, 39.32 ], [ -102.238, 39.321 ], [ -102.25, 39.31 ], [ -102.276, 39.312 ], [ -102.286, 39.299 ], [ -102.305, 39.296 ], [ -102.311, 39.287 ], [ -102.324, 39.301 ], [ -102.303, 39.327 ], [ -102.284, 39.336 ], [ -102.28, 39.345 ], [ -102.265, 39.341 ], [ -102.25, 39.361 ], [ -102.244, 39.362 ], [ -102.234, 39.375 ], [ -102.228, 39.404 ], [ -102.216, 39.407 ], [ -102.206, 39.421 ], [ -102.178, 39.433 ], [ -102.177, 39.447 ], [ -102.163, 39.453 ], [ -102.149, 39.475 ], [ -102.083, 39.524 ], [ -102.067, 39.516 ], [ -102.072, 39.536 ], [ -102.05, 39.542 ], [ -102.049, 39.415 ] ] ] } },
{ "type": "Feature", "properties": { "id": "10260004" }, "geometry": { "type": "Polygon", "coordinates": [ [ [ -102.046, 38.885 ], [ -102.045, 38.663 ], [ -102.09, 38.659 ], [ -102.109, 38.669 ], [ -102.14, 38.667 ], [ -102.188, 38.679 ], [ -102.204, 38.689 ], [ -102.225, 38.692 ], [ -102.249, 38.703 ], [ -102.28, 38.701 ], [ -102.318, 38.718 ], [ -102.331, 38.73 ], [ -102.345, 38.727 ], [ -102.357, 38.73 ], [ -102.371, 38.722 ], [ -102.386, 38.723 ], [ -102.391, 38.718 ], [ -102.42, 38.714 ], [ -102.423, 38.71 ], [ -102.438, 38.714 ], [ -102.455, 38.711 ], [ -102.465, 38.708 ], [ -102.467, 38.702 ], [ -102.521, 38.719 ], [ -102.562, 38.771 ], [ -102.562, 38.783 ], [ -102.548, 38.796 ], [ -102.549, 38.812 ], [ -102.541, 38.824 ], [ -102.523, 38.823 ], [ -102.503, 38.816 ], [ -102.483, 38.819 ], [ -102.464, 38.811 ], [ -102.422, 38.804 ], [ -102.39, 38.812 ], [ -102.391, 38.817 ], [ -102.379, 38.819 ], [ -102.371, 38.814 ], [ -102.355, 38.823 ], [ -102.336, 38.819 ], [ -102.338, 38.829 ], [ -102.328, 38.832 ], [ -102.321, 38.844 ], [ -102.308, 38.839 ], [ -102.291, 38.839 ], [ -102.286, 38.846 ], [ -102.28, 38.844 ], [ -102.268, 38.851 ], [ -102.261, 38.861 ], [ -102.24, 38.857 ], [ -102.233, 38.847 ], [ -102.232, 38.87 ], [ -102.22, 38.872 ], [ -102.22, 38.876 ], [ -102.212, 38.877 ], [ -102.205, 38.871 ], [ -102.19, 38.874 ], [ -102.184, 38.867 ], [ -102.162, 38.869 ], [ -102.158, 38.862 ], [ -102.149, 38.859 ], [ -102.134, 38.867 ], [ -102.118, 38.866 ], [ -102.1, 38.888 ], [ -102.085, 38.886 ], [ -102.071, 38.894 ], [ -102.057, 38.886 ], [ -102.046, 38.885 ] ] ] } },
{ "type": "Feature", "properties": { "id": "11030002" }, "geometry": { "type": "Polygon", "coordinates": [ [ [ -102.045, 38.663 ], [ -102.045, 38.395 ], [ -102.055, 38.395 ], [ -102.065, 38.405 ], [ -102.089, 38.408 ], [ -102.119, 38.422 ], [ -102.144, 38.414 ], [ -102.195, 38.378 ], [ -102.274, 38.376 ], [ -102.292, 38.369 ], [ -102.309, 38.37 ], [ -102.338, 38.397 ], [ -102.339, 38.429 ], [ -102.32, 38.447 ], [ -102.318, 38.466 ], [ -102.309, 38.477 ], [ -102.323, 38.5 ], [ -102.323, 38.512 ], [ -102.339, 38.527 ], [ -102.342, 38.543 ], [ -102.366, 38.558 ], [ -102.384, 38.577 ], [ -102.398, 38.58 ], [ -102.393, 38.592 ], [ -102.407, 38.604 ], [ -102.43, 38.647 ], [ -102.436, 38.655 ], [ -102.46, 38.667 ], [ -102.465, 38.68 ], [ -102.481, 38.687 ], [ -102.492, 38.711 ], [ -102.467, 38.702 ], [ -102.465, 38.708 ], [ -102.455, 38.711 ], [ -102.438, 38.714 ], [ -102.423, 38.71 ], [ -102.42, 38.714 ], [ -102.391, 38.718 ], [ -102.386, 38.723 ], [ -102.371, 38.722 ], [ -102.357, 38.73 ], [ -102.345, 38.727 ], [ -102.331, 38.73 ], [ -102.318, 38.718 ], [ -102.28, 38.701 ], [ -102.249, 38.703 ], [ -102.225, 38.692 ], [ -102.204, 38.689 ], [ -102.188, 38.679 ], [ -102.14, 38.667 ], [ -102.109, 38.669 ], [ -102.09, 38.659 ], [ -102.045, 38.663 ] ] ] } },
{ "type": "Feature", "properties": { "id": "14010002" }, "geometry": { "type": "Polygon", "coordinates": [ [ [ -105.925, 39.699 ], [ -105.92, 39.69 ], [ -105.927, 39.673 ], [ -105.911, 39.662 ], [ -105.897, 39.665 ], [ -105.885, 39.657 ], [ -105.88, 39.664 ], [ -105.865, 39.667 ], [ -105.849, 39.644 ], [ -105.821, 39.643 ], [ -105.817, 39.634 ], [ -105.793, 39.636 ], [ -105.783, 39.629 ], [ -105.776, 39.605 ], [ -105.801, 39.594 ], [ -105.808, 39.584 ], [ -105.821, 39.583 ], [ -105.839, 39.573 ], [ -105.826, 39.556 ], [ -105.816, 39.552 ], [ -105.823, 39.53 ], [ -105.831, 39.532 ], [ -105.847, 39.524 ], [ -105.86, 39.531 ], [ -105.868, 39.519 ], [ -105.856, 39.505 ], [ -105.864, 39.502 ], [ -105.867, 39.494 ], [ -105.875, 39.493 ], [ -105.879, 39.484 ], [ -105.892, 39.484 ], [ -105.906, 39.46 ], [ -105.939, 39.458 ], [ -105.944, 39.441 ], [ -105.967, 39.439 ], [ -105.955, 39.426 ], [ -105.952, 39.415 ], [ -105.959, 39.416 ], [ -105.985, 39.402 ], [ -105.993, 39.402 ], [ -105.997, 39.395 ], [ -106.014, 39.387 ], [ -106.022, 39.362 ], [ -106.057, 39.359 ], [ -106.097, 39.378 ], [ -106.132, 39.38 ], [ -106.153, 39.363 ], [ -106.162, 39.362 ], [ -106.173, 39.369 ], [ -106.198, 39.368 ], [ -106.21, 39.382 ], [ -106.202, 39.396 ], [ -106.219, 39.412 ], [ -106.23, 39.416 ], [ -106.233, 39.426 ], [ -106.223, 39.434 ], [ -106.251, 39.466 ], [ -106.246, 39.49 ], [ -106.26, 39.495 ], [ -106.246, 39.513 ], [ -106.255, 39.519 ], [ -106.258, 39.534 ], [ -106.248, 39.544 ], [ -106.237, 39.549 ], [ -106.225, 39.532 ], [ -106.211, 39.53 ], [ -106.21, 39.546 ], [ -106.197, 39.551 ], [ -106.196, 39.557 ], [ -106.209, 39.562 ], [ -106.214, 39.582 ], [ -106.206, 39.604 ], [ -106.201, 39.606 ], [ -106.185, 39.602 ], [ -106.178, 39.609 ], [ -106.176, 39.635 ], [ -106.184, 39.653 ], [ -106.217, 39.655 ], [ -106.22, 39.663 ], [ -106.235, 39.662 ], [ -106.241, 39.668 ], [ -106.239, 39.68 ], [ -106.26, 39.681 ], [ -106.266, 39.688 ], [ -106.264, 39.701 ], [ -106.272, 39.704 ], [ -106.277, 39.699 ], [ -106.291, 39.704 ], [ -106.298, 39.721 ], [ -106.325, 39.733 ], [ -106.344, 39.759 ], [ -106.363, 39.752 ], [ -106.385, 39.767 ], [ -106.39, 39.787 ], [ -106.401, 39.8 ], [ -106.433, 39.869 ], [ -106.429, 39.897 ], [ -106.431, 39.91 ], [ -106.441, 39.918 ], [ -106.434, 39.924 ], [ -106.441, 39.93 ], [ -106.441, 39.956 ], [ -106.455, 39.96 ], [ -106.471, 39.981 ], [ -106.45, 39.986 ], [ -106.446, 40.002 ], [ -106.416, 40.013 ], [ -106.415, 40.027 ], [ -106.397, 40.043 ], [ -106.37, 40.038 ], [ -106.332, 40.018 ], [ -106.32, 40.018 ], [ -106.321, 40.007 ], [ -106.313, 40.004 ], [ -106.309, 40.008 ], [ -106.297, 39.996 ], [ -106.295, 39.989 ], [ -106.304, 39.982 ], [ -106.29, 39.969 ], [ -106.286, 39.959 ], [ -106.288, 39.951 ], [ -106.268, 39.923 ], [ -106.232, 39.901 ], [ -106.218, 39.882 ], [ -106.206, 39.877 ], [ -106.2, 39.864 ], [ -106.177, 39.848 ], [ -106.149, 39.839 ], [ -106.132, 39.844 ], [ -106.125, 39.842 ], [ -106.084, 39.806 ], [ -106.078, 39.794 ], [ -106.081, 39.788 ], [ -106.062, 39.751 ], [ -106.059, 39.725 ], [ -106.041, 39.716 ], [ -106.026, 39.69 ], [ -105.996, 39.684 ], [ -105.951, 39.695 ], [ -105.945, 39.689 ], [ -105.925, 39.699 ] ] ] } },
{ "type": "Feature", "properties": { "id": "14010004" }, "geometry": { "type": "Polygon", "coordinates": [ [ [ -106.975, 39.504 ], [ -106.966, 39.499 ], [ -106.963, 39.487 ], [ -106.917, 39.462 ], [ -106.899, 39.441 ], [ -106.877, 39.442 ], [ -106.875, 39.435 ], [ -106.861, 39.434 ], [ -106.859, 39.428 ], [ -106.843, 39.422 ], [ -106.808, 39.429 ], [ -106.778, 39.418 ], [ -106.764, 39.423 ], [ -106.745, 39.419 ], [ -106.719, 39.423 ], [ -106.687, 39.432 ], [ -106.676, 39.45 ], [ -106.656, 39.454 ], [ -106.656, 39.463 ], [ -106.642, 39.466 ], [ -106.581, 39.445 ], [ -106.545, 39.416 ], [ -106.543, 39.402 ], [ -106.532, 39.404 ], [ -106.522, 39.4 ], [ -106.523, 39.382 ], [ -106.504, 39.356 ], [ -106.508, 39.35 ], [ -106.502, 39.337 ], [ -106.506, 39.313 ], [ -106.493, 39.305 ], [ -106.503, 39.298 ], [ -106.504, 39.285 ], [ -106.49, 39.273 ], [ -106.483, 39.273 ], [ -106.481, 39.26 ], [ -106.498, 39.242 ], [ -106.499, 39.235 ], [ -106.49, 39.228 ], [ -106.494, 39.198 ], [ -106.5, 39.183 ], [ -106.508, 39.178 ], [ -106.51, 39.165 ], [ -106.521, 39.157 ], [ -106.535, 39.163 ], [ -106.538, 39.158 ], [ -106.552, 39.162 ], [ -106.562, 39.155 ], [ -106.559, 39.144 ], [ -106.565, 39.133 ], [ -106.558, 39.121 ], [ -106.565, 39.113 ], [ -106.564, 39.106 ], [ -106.576, 39.104 ], [ -106.586, 39.096 ], [ -106.585, 39.084 ], [ -106.577, 39.079 ], [ -106.578, 39.052 ], [ -106.597, 39.045 ], [ -106.6, 39.035 ], [ -106.591, 39.026 ], [ -106.599, 38.998 ], [ -106.613, 38.996 ], [ -106.638, 39.019 ], [ -106.648, 39.022 ], [ -106.647, 39.033 ], [ -106.655, 39.044 ], [ -106.685, 39.045 ], [ -106.697, 39.056 ], [ -106.707, 39.054 ], [ -106.71, 39.048 ], [ -106.75, 39.043 ], [ -106.745, 39.027 ], [ -106.762, 39.019 ], [ -106.769, 39.008 ], [ -106.783, 38.999 ], [ -106.785, 38.986 ], [ -106.804, 38.978 ], [ -106.817, 38.981 ], [ -106.827, 38.978 ], [ -106.846, 38.986 ], [ -106.861, 39.01 ], [ -106.877, 39.007 ], [ -106.878, 38.994 ], [ -106.884, 38.991 ], [ -106.908, 38.993 ], [ -106.91, 39.001 ], [ -106.918, 38.999 ], [ -106.945, 39.015 ], [ -106.964, 39.017 ], [ -106.968, 39.031 ], [ -106.973, 39.029 ], [ -106.996, 39.034 ], [ -107.011, 39.027 ], [ -107.021, 39.014 ], [ -107.046, 39.016 ], [ -107.046, 38.988 ], [ -107.051, 38.985 ], [ -107.065, 38.988 ], [ -107.066, 38.993 ], [ -107.085, 39.0 ], [ -107.095, 39.011 ], [ -107.103, 38.992 ], [ -107.118, 38.995 ], [ -107.125, 38.991 ], [ -107.143, 38.996 ], [ -107.154, 38.994 ], [ -107.166, 39.005 ], [ -107.178, 39.03 ], [ -107.189, 39.033 ], [ -107.213, 39.032 ], [ -107.232, 39.02 ], [ -107.251, 39.029 ], [ -107.262, 39.027 ], [ -107.281, 39.034 ], [ -107.278, 39.054 ], [ -107.286, 39.061 ], [ -107.287, 39.07 ], [ -107.277, 39.09 ], [ -107.283, 39.113 ], [ -107.288, 39.115 ], [ -107.282, 39.119 ], [ -107.284, 39.128 ], [ -107.296, 39.154 ], [ -107.319, 39.166 ], [ -107.353, 39.173 ], [ -107.36, 39.185 ], [ -107.377, 39.199 ], [ -107.379, 39.231 ], [ -107.371, 39.239 ], [ -107.394, 39.257 ], [ -107.378, 39.273 ], [ -107.397, 39.283 ], [ -107.397, 39.294 ], [ -107.413, 39.292 ], [ -107.437, 39.3 ], [ -107.439, 39.309 ], [ -107.451, 39.304 ], [ -107.464, 39.315 ], [ -107.462, 39.327 ], [ -107.452, 39.33 ], [ -107.431, 39.348 ], [ -107.425, 39.364 ], [ -107.427, 39.396 ], [ -107.422, 39.396 ], [ -107.417, 39.406 ], [ -107.403, 39.408 ], [ -107.394, 39.426 ], [ -107.382, 39.428 ], [ -107.386, 39.462 ], [ -107.394, 39.484 ], [ -107.381, 39.495 ], [ -107.379, 39.511 ], [ -107.362, 39.522 ], [ -107.366, 39.536 ], [ -107.356, 39.543 ], [ -107.331, 39.55 ], [ -107.32, 39.541 ], [ -107.311, 39.545 ], [ -107.279, 39.538 ], [ -107.259, 39.542 ], [ -107.238, 39.533 ], [ -107.222, 39.534 ], [ -107.193, 39.547 ], [ -107.189, 39.54 ], [ -107.176, 39.544 ], [ -107.144, 39.542 ], [ -107.127, 39.548 ], [ -107.13, 39.555 ], [ -107.112, 39.556 ], [ -107.111, 39.56 ], [ -107.092, 39.564 ], [ -107.081, 39.562 ], [ -107.084, 39.555 ], [ -107.074, 39.551 ], [ -107.076, 39.548 ], [ -107.059, 39.532 ], [ -107.064, 39.514 ], [ -107.06, 39.509 ], [ -107.054, 39.511 ], [ -107.055, 39.501 ], [ -107.043, 39.494 ], [ -107.025, 39.496 ], [ -107.014, 39.491 ], [ -107.01, 39.498 ], [ -106.989, 39.495 ], [ -106.975, 39.504 ] ] ] } },
{ "type": "Feature", "properties": { "id": "14020001" }, "geometry": { "type": "Polygon", "coordinates": [ [ [ -106.599, 38.998 ], [ -106.595, 38.991 ], [ -106.577, 38.99 ], [ -106.554, 38.999 ], [ -106.551, 38.992 ], [ -106.528, 38.981 ], [ -106.522, 38.969 ], [ -106.527, 38.955 ], [ -106.507, 38.946 ], [ -106.504, 38.937 ], [ -106.465, 38.91 ], [ -106.437, 38.915 ], [ -106.431, 38.924 ], [ -106.421, 38.928 ], [ -106.413, 38.916 ], [ -106.402, 38.911 ], [ -106.394, 38.912 ], [ -106.392, 38.919 ], [ -106.381, 38.926 ], [ -106.373, 38.907 ], [ -106.358, 38.913 ], [ -106.345, 38.907 ], [ -106.326, 38.911 ], [ -106.321, 38.894 ], [ -106.328, 38.882 ], [ -106.334, 38.881 ], [ -106.336, 38.872 ], [ -106.349, 38.865 ], [ -106.349, 38.855 ], [ -106.365, 38.853 ], [ -106.365, 38.846 ], [ -106.382, 38.833 ], [ -106.384, 38.825 ], [ -106.397, 38.823 ], [ -106.407, 38.829 ], [ -106.416, 38.824 ], [ -106.415, 38.816 ], [ -106.423, 38.808 ], [ -106.413, 38.791 ], [ -106.419, 38.766 ], [ -106.415, 38.757 ], [ -106.42, 38.751 ], [ -106.417, 38.728 ], [ -106.425, 38.71 ], [ -106.444, 38.709 ], [ -106.452, 38.698 ], [ -106.474, 38.697 ], [ -106.508, 38.678 ], [ -106.531, 38.686 ], [ -106.537, 38.683 ], [ -106.57, 38.7 ], [ -106.582, 38.7 ], [ -106.589, 38.686 ], [ -106.611, 38.68 ], [ -106.607, 38.666 ], [ -106.621, 38.663 ], [ -106.628, 38.654 ], [ -106.645, 38.648 ], [ -106.667, 38.648 ], [ -106.692, 38.633 ], [ -106.709, 38.608 ], [ -106.722, 38.613 ], [ -106.735, 38.611 ], [ -106.747, 38.629 ], [ -106.769, 38.638 ], [ -106.775, 38.658 ], [ -106.797, 38.665 ], [ -106.828, 38.655 ], [ -106.839, 38.656 ], [ -106.861, 38.668 ], [ -106.885, 38.664 ], [ -106.912, 38.705 ], [ -106.948, 38.713 ], [ -106.95, 38.738 ], [ -106.943, 38.745 ], [ -106.94, 38.766 ], [ -106.963, 38.815 ], [ -106.974, 38.816 ], [ -106.981, 38.823 ], [ -106.998, 38.825 ], [ -107.008, 38.836 ], [ -107.029, 38.839 ], [ -107.053, 38.831 ], [ -107.08, 38.828 ], [ -107.082, 38.834 ], [ -107.099, 38.846 ], [ -107.106, 38.864 ], [ -107.101, 38.868 ], [ -107.101, 38.876 ], [ -107.081, 38.893 ], [ -107.098, 38.903 ], [ -107.1, 38.909 ], [ -107.12, 38.913 ], [ -107.121, 38.925 ], [ -107.106, 38.962 ], [ -107.108, 38.976 ], [ -107.096, 39.011 ], [ -107.085, 39.0 ], [ -107.066, 38.993 ], [ -107.065, 38.988 ], [ -107.051, 38.985 ], [ -107.045, 38.998 ], [ -107.046, 39.016 ], [ -107.021, 39.014 ], [ -107.011, 39.027 ], [ -106.996, 39.034 ], [ -106.973, 39.029 ], [ -106.968, 39.031 ], [ -106.964, 39.017 ], [ -106.945, 39.015 ], [ -106.918, 38.999 ], [ -106.91, 39.001 ], [ -106.908, 38.993 ], [ -106.884, 38.991 ], [ -106.878, 38.994 ], [ -106.877, 39.007 ], [ -106.861, 39.01 ], [ -106.846, 38.986 ], [ -106.827, 38.978 ], [ -106.817, 38.981 ], [ -106.802, 38.978 ], [ -106.796, 38.984 ], [ -106.784, 38.987 ], [ -106.783, 38.999 ], [ -106.769, 39.008 ], [ -106.762, 39.019 ], [ -106.745, 39.027 ], [ -106.75, 39.043 ], [ -106.71, 39.048 ], [ -106.707, 39.054 ], [ -106.699, 39.056 ], [ -106.685, 39.045 ], [ -106.655, 39.044 ], [ -106.647, 39.033 ], [ -106.648, 39.022 ], [ -106.638, 39.019 ], [ -106.613, 38.996 ], [ -106.599, 38.998 ] ] ] } },
{ "type": "Feature", "properties": { "id": "14020002" }, "geometry": { "type": "Polygon", "coordinates": [ [ [ -106.739, 38.617 ], [ -106.772, 38.607 ], [ -106.779, 38.598 ], [ -106.791, 38.598 ], [ -106.811, 38.575 ], [ -106.828, 38.576 ], [ -106.84, 38.57 ], [ -106.876, 38.581 ], [ -106.889, 38.579 ], [ -106.911, 38.563 ], [ -106.925, 38.562 ], [ -106.936, 38.535 ], [ -106.967, 38.516 ], [ -106.965, 38.505 ], [ -106.958, 38.503 ], [ -106.944, 38.482 ], [ -106.955, 38.47 ], [ -106.954, 38.451 ], [ -106.94, 38.441 ], [ -106.934, 38.427 ], [ -106.923, 38.425 ], [ -106.911, 38.417 ], [ -106.905, 38.404 ], [ -106.909, 38.394 ], [ -106.881, 38.385 ], [ -106.876, 38.379 ], [ -106.89, 38.352 ], [ -106.883, 38.348 ], [ -106.882, 38.338 ], [ -106.859, 38.32 ], [ -106.862, 38.307 ], [ -106.848, 38.289 ], [ -106.853, 38.28 ], [ -106.865, 38.273 ], [ -106.875, 38.246 ], [ -106.895, 38.23 ], [ -106.896, 38.219 ], [ -106.907, 38.21 ], [ -106.903, 38.196 ], [ -106.916, 38.187 ], [ -106.907, 38.179 ], [ -106.919, 38.177 ], [ -106.921, 38.171 ], [ -106.932, 38.165 ], [ -106.958, 38.119 ], [ -106.973, 38.118 ], [ -106.977, 38.11 ], [ -106.972, 38.095 ], [ -106.981, 38.086 ], [ -106.971, 38.079 ], [ -106.964, 38.079 ], [ -106.958, 38.072 ], [ -106.96, 38.042 ], [ -106.947, 38.044 ], [ -106.939, 38.037 ], [ -106.937, 38.019 ], [ -106.922, 38.005 ], [ -106.931, 37.987 ], [ -106.92, 37.967 ], [ -106.945, 37.952 ], [ -106.967, 37.975 ], [ -106.977, 37.969 ], [ -106.987, 37.969 ], [ -106.987, 37.963 ], [ -107.005, 37.957 ], [ -107.009, 37.946 ], [ -107.025, 37.954 ], [ -107.037, 37.949 ], [ -107.055, 37.951 ], [ -107.061, 37.96 ], [ -107.068, 37.961 ], [ -107.073, 37.955 ], [ -107.092, 37.949 ], [ -107.103, 37.955 ], [ -107.109, 37.944 ], [ -107.132, 37.937 ], [ -107.155, 37.94 ], [ -107.19, 37.937 ], [ -107.202, 37.93 ], [ -107.225, 37.926 ], [ -107.253, 37.929 ], [ -107.267, 37.938 ], [ -107.299, 37.905 ], [ -107.301, 37.899 ], [ -107.336, 37.876 ], [ -107.349, 37.857 ], [ -107.361, 37.859 ], [ -107.375, 37.856 ], [ -107.381, 37.861 ], [ -107.389, 37.855 ], [ -107.425, 37.859 ], [ -107.436, 37.846 ], [ -107.446, 37.844 ], [ -107.445, 37.849 ], [ -107.451, 37.847 ], [ -107.465, 37.859 ], [ -107.467, 37.846 ], [ -107.484, 37.845 ], [ -107.494, 37.85 ], [ -107.5, 37.84 ], [ -107.507, 37.841 ], [ -107.516, 37.834 ], [ -107.522, 37.842 ], [ -107.518, 37.857 ], [ -107.537, 37.88 ], [ -107.534, 37.889 ], [ -107.52, 37.901 ], [ -107.537, 37.921 ], [ -107.538, 37.933 ], [ -107.533, 37.944 ], [ -107.562, 37.955 ], [ -107.569, 37.966 ], [ -107.588, 37.97 ], [ -107.584, 37.977 ], [ -107.591, 37.992 ], [ -107.587, 37.999 ], [ -107.574, 38.007 ], [ -107.547, 38.0 ], [ -107.538, 38.009 ], [ -107.538, 38.032 ], [ -107.522, 38.042 ], [ -107.522, 38.057 ], [ -107.511, 38.061 ], [ -107.534, 38.08 ], [ -107.554, 38.079 ], [ -107.565, 38.098 ], [ -107.561, 38.11 ], [ -107.563, 38.124 ], [ -107.574, 38.136 ], [ -107.562, 38.158 ], [ -107.576, 38.21 ], [ -107.581, 38.213 ], [ -107.58, 38.231 ], [ -107.592, 38.254 ], [ -107.599, 38.254 ], [ -107.612, 38.262 ], [ -107.635, 38.302 ], [ -107.637, 38.316 ], [ -107.631, 38.326 ], [ -107.636, 38.333 ], [ -107.624, 38.349 ], [ -107.621, 38.403 ], [ -107.648, 38.434 ], [ -107.644, 38.442 ], [ -107.634, 38.444 ], [ -107.63, 38.45 ], [ -107.646, 38.462 ], [ -107.631, 38.466 ], [ -107.625, 38.474 ], [ -107.635, 38.478 ], [ -107.636, 38.483 ], [ -107.656, 38.479 ], [ -107.677, 38.52 ], [ -107.691, 38.531 ], [ -107.699, 38.52 ], [ -107.739, 38.502 ], [ -107.747, 38.505 ], [ -107.752, 38.501 ], [ -107.771, 38.522 ], [ -107.768, 38.534 ], [ -107.773, 38.534 ], [ -107.776, 38.555 ], [ -107.786, 38.553 ], [ -107.792, 38.573 ], [ -107.802, 38.584 ], [ -107.8, 38.589 ], [ -107.815, 38.588 ], [ -107.826, 38.593 ], [ -107.84, 38.591 ], [ -107.85, 38.597 ], [ -107.848, 38.618 ], [ -107.861, 38.622 ], [ -107.87, 38.635 ], [ -107.865, 38.642 ], [ -107.867, 38.662 ], [ -107.86, 38.675 ], [ -107.864, 38.683 ], [ -107.852, 38.7 ], [ -107.871, 38.7 ], [ -107.873, 38.704 ], [ -107.867, 38.722 ], [ -107.852, 38.733 ], [ -107.837, 38.762 ], [ -107.84, 38.78 ], [ -107.837, 38.783 ], [ -107.828, 38.775 ], [ -107.814, 38.775 ], [ -107.815, 38.761 ], [ -107.808, 38.76 ], [ -107.814, 38.74 ], [ -107.781, 38.743 ], [ -107.775, 38.736 ], [ -107.753, 38.73 ], [ -107.751, 38.723 ], [ -107.708, 38.718 ], [ -107.704, 38.708 ], [ -107.683, 38.7 ], [ -107.669, 38.706 ], [ -107.617, 38.702 ], [ -107.598, 38.721 ], [ -107.59, 38.718 ], [ -107.583, 38.725 ], [ -107.556, 38.733 ], [ -107.544, 38.729 ], [ -107.537, 38.732 ], [ -107.532, 38.738 ], [ -107.533, 38.75 ], [ -107.552, 38.771 ], [ -107.526, 38.785 ], [ -107.519, 38.796 ], [ -107.494, 38.797 ], [ -107.481, 38.783 ], [ -107.456, 38.777 ], [ -107.427, 38.78 ], [ -107.415, 38.79 ], [ -107.406, 38.789 ], [ -107.4, 38.786 ], [ -107.399, 38.772 ], [ -107.389, 38.774 ], [ -107.38, 38.766 ], [ -107.379, 38.74 ], [ -107.374, 38.735 ], [ -107.386, 38.726 ], [ -107.386, 38.72 ], [ -107.381, 38.711 ], [ -107.363, 38.703 ], [ -107.354, 38.703 ], [ -107.326, 38.716 ], [ -107.307, 38.718 ], [ -107.303, 38.729 ], [ -107.279, 38.739 ], [ -107.269, 38.737 ], [ -107.249, 38.755 ], [ -107.227, 38.747 ], [ -107.206, 38.747 ], [ -107.207, 38.76 ], [ -107.186, 38.774 ], [ -107.19, 38.785 ], [ -107.159, 38.797 ], [ -107.158, 38.811 ], [ -107.153, 38.815 ], [ -107.121, 38.818 ], [ -107.115, 38.82 ], [ -107.114, 38.827 ], [ -107.089, 38.837 ], [ -107.08, 38.828 ], [ -107.053, 38.831 ], [ -107.037, 38.838 ], [ -107.008, 38.836 ], [ -106.998, 38.825 ], [ -106.981, 38.823 ], [ -106.974, 38.816 ], [ -106.963, 38.815 ], [ -106.957, 38.806 ], [ -106.94, 38.766 ], [ -106.943, 38.745 ], [ -106.95, 38.738 ], [ -106.948, 38.713 ], [ -106.912, 38.705 ], [ -106.885, 38.664 ], [ -106.861, 38.668 ], [ -106.839, 38.656 ], [ -106.828, 38.655 ], [ -106.797, 38.665 ], [ -106.775, 38.658 ], [ -106.769, 38.638 ], [ -106.747, 38.629 ], [ -106.739, 38.617 ] ] ] } },
{ "type": "Feature", "properties": { "id": "14020003" }, "geometry": { "type": "Polygon", "coordinates": [ [ [ -106.452, 38.698 ], [ -106.438, 38.683 ], [ -106.43, 38.651 ], [ -106.418, 38.645 ], [ -106.402, 38.646 ], [ -106.401, 38.64 ], [ -106.38, 38.639 ], [ -106.386, 38.625 ], [ -106.364, 38.615 ], [ -106.361, 38.595 ], [ -106.345, 38.569 ], [ -106.355, 38.543 ], [ -106.354, 38.534 ], [ -106.343, 38.521 ], [ -106.348, 38.513 ], [ -106.344, 38.504 ], [ -106.33, 38.494 ], [ -106.32, 38.498 ], [ -106.312, 38.495 ], [ -106.304, 38.478 ], [ -106.29, 38.473 ], [ -106.288, 38.461 ], [ -106.281, 38.454 ], [ -106.272, 38.455 ], [ -106.27, 38.445 ], [ -106.246, 38.439 ], [ -106.25, 38.433 ], [ -106.244, 38.419 ], [ -106.253, 38.4 ], [ -106.237, 38.38 ], [ -106.244, 38.352 ], [ -106.253, 38.348 ], [ -106.271, 38.353 ], [ -106.292, 38.345 ], [ -106.316, 38.343 ], [ -106.339, 38.287 ], [ -106.353, 38.292 ], [ -106.38, 38.293 ], [ -106.395, 38.282 ], [ -106.406, 38.286 ], [ -106.417, 38.281 ], [ -106.434, 38.282 ], [ -106.459, 38.301 ], [ -106.464, 38.313 ], [ -106.473, 38.313 ], [ -106.474, 38.322 ], [ -106.483, 38.316 ], [ -106.505, 38.315 ], [ -106.536, 38.262 ], [ -106.559, 38.252 ], [ -106.556, 38.246 ], [ -106.56, 38.234 ], [ -106.555, 38.229 ], [ -106.576, 38.212 ], [ -106.587, 38.189 ], [ -106.598, 38.189 ], [ -106.602, 38.171 ], [ -106.597, 38.157 ], [ -106.611, 38.135 ], [ -106.633, 38.128 ], [ -106.648, 38.11 ], [ -106.655, 38.11 ], [ -106.663, 38.097 ], [ -106.671, 38.094 ], [ -106.67, 38.087 ], [ -106.685, 38.081 ], [ -106.704, 38.08 ], [ -106.72, 38.092 ], [ -106.744, 38.093 ], [ -106.753, 38.086 ], [ -106.76, 38.086 ], [ -106.806, 38.031 ], [ -106.809, 38.016 ], [ -106.782, 38.002 ], [ -106.801, 37.986 ], [ -106.803, 37.972 ], [ -106.81, 37.97 ], [ -106.816, 37.956 ], [ -106.85, 37.957 ], [ -106.872, 37.942 ], [ -106.879, 37.95 ], [ -106.88, 37.96 ], [ -106.897, 37.968 ], [ -106.908, 37.963 ], [ -106.925, 37.972 ], [ -106.931, 37.988 ], [ -106.922, 38.005 ], [ -106.937, 38.019 ], [ -106.939, 38.037 ], [ -106.947, 38.044 ], [ -106.96, 38.042 ], [ -106.961, 38.076 ], [ -106.981, 38.086 ], [ -106.972, 38.095 ], [ -106.977, 38.11 ], [ -106.973, 38.118 ], [ -106.958, 38.119 ], [ -106.932, 38.165 ], [ -106.921, 38.171 ], [ -106.919, 38.177 ], [ -106.907, 38.179 ], [ -106.916, 38.187 ], [ -106.903, 38.196 ], [ -106.907, 38.21 ], [ -106.896, 38.219 ], [ -106.895, 38.23 ], [ -106.875, 38.246 ], [ -106.865, 38.273 ], [ -106.853, 38.28 ], [ -106.848, 38.289 ], [ -106.862, 38.307 ], [ -106.859, 38.32 ], [ -106.882, 38.338 ], [ -106.883, 38.348 ], [ -106.89, 38.352 ], [ -106.876, 38.379 ], [ -106.881, 38.385 ], [ -106.909, 38.394 ], [ -106.905, 38.404 ], [ -106.911, 38.417 ], [ -106.923, 38.425 ], [ -106.934, 38.427 ], [ -106.94, 38.441 ], [ -106.954, 38.451 ], [ -106.955, 38.47 ], [ -106.944, 38.482 ], [ -106.958, 38.503 ], [ -106.965, 38.505 ], [ -106.967, 38.518 ], [ -106.96, 38.518 ], [ -106.936, 38.535 ], [ -106.925, 38.562 ], [ -106.911, 38.563 ], [ -106.885, 38.58 ], [ -106.859, 38.578 ], [ -106.84, 38.57 ], [ -106.828, 38.576 ], [ -106.81, 38.576 ], [ -106.791, 38.598 ], [ -106.779, 38.598 ], [ -106.772, 38.607 ], [ -106.749, 38.616 ], [ -106.739, 38.617 ], [ -106.735, 38.611 ], [ -106.722, 38.613 ], [ -106.709, 38.608 ], [ -106.692, 38.633 ], [ -106.667, 38.648 ], [ -106.645, 38.648 ], [ -106.628, 38.654 ], [ -106.621, 38.663 ], [ -106.607, 38.666 ], [ -106.611, 38.68 ], [ -106.589, 38.686 ], [ -106.582, 38.7 ], [ -106.57, 38.7 ], [ -106.537, 38.683 ], [ -106.531, 38.686 ], [ -106.508, 38.678 ], [ -106.474, 38.697 ], [ -106.452, 38.698 ] ] ] } },
{ "type": "Feature", "properties": { "id": "14020004" }, "geometry": { "type": "Polygon", "coordinates": [ [ [ -107.394, 39.256 ], [ -107.371, 39.239 ], [ -107.379, 39.231 ], [ -107.381, 39.21 ], [ -107.377, 39.199 ], [ -107.36, 39.185 ], [ -107.353, 39.173 ], [ -107.299, 39.157 ], [ -107.286, 39.137 ], [ -107.282, 39.119 ], [ -107.288, 39.115 ], [ -107.283, 39.113 ], [ -107.277, 39.09 ], [ -107.287, 39.07 ], [ -107.286, 39.061 ], [ -107.278, 39.054 ], [ -107.281, 39.034 ], [ -107.262, 39.027 ], [ -107.251, 39.029 ], [ -107.232, 39.02 ], [ -107.213, 39.032 ], [ -107.178, 39.03 ], [ -107.156, 38.995 ], [ -107.103, 38.992 ], [ -107.106, 38.962 ], [ -107.116, 38.944 ], [ -107.12, 38.913 ], [ -107.1, 38.909 ], [ -107.092, 38.898 ], [ -107.082, 38.896 ], [ -107.106, 38.864 ], [ -107.099, 38.845 ], [ -107.089, 38.837 ], [ -107.114, 38.827 ], [ -107.115, 38.82 ], [ -107.121, 38.818 ], [ -107.156, 38.814 ], [ -107.159, 38.797 ], [ -107.19, 38.785 ], [ -107.186, 38.774 ], [ -107.207, 38.76 ], [ -107.206, 38.747 ], [ -107.227, 38.747 ], [ -107.249, 38.755 ], [ -107.269, 38.737 ], [ -107.279, 38.739 ], [ -107.303, 38.729 ], [ -107.307, 38.718 ], [ -107.326, 38.716 ], [ -107.354, 38.703 ], [ -107.363, 38.703 ], [ -107.381, 38.711 ], [ -107.386, 38.72 ], [ -107.386, 38.726 ], [ -107.374, 38.735 ], [ -107.379, 38.74 ], [ -107.379, 38.761 ], [ -107.386, 38.773 ], [ -107.399, 38.772 ], [ -107.4, 38.786 ], [ -107.415, 38.79 ], [ -107.427, 38.78 ], [ -107.462, 38.778 ], [ -107.482, 38.783 ], [ -107.494, 38.797 ], [ -107.519, 38.796 ], [ -107.526, 38.785 ], [ -107.552, 38.771 ], [ -107.545, 38.76 ], [ -107.535, 38.754 ], [ -107.535, 38.734 ], [ -107.544, 38.729 ], [ -107.559, 38.732 ], [ -107.583, 38.725 ], [ -107.59, 38.718 ], [ -107.598, 38.721 ], [ -107.617, 38.702 ], [ -107.669, 38.706 ], [ -107.684, 38.7 ], [ -107.704, 38.708 ], [ -107.708, 38.718 ], [ -107.751, 38.723 ], [ -107.753, 38.73 ], [ -107.775, 38.736 ], [ -107.781, 38.743 ], [ -107.814, 38.74 ], [ -107.808, 38.76 ], [ -107.815, 38.761 ], [ -107.814, 38.774 ], [ -107.828, 38.775 ], [ -107.837, 38.788 ], [ -107.817, 38.816 ], [ -107.826, 38.829 ], [ -107.824, 38.864 ], [ -107.801, 38.905 ], [ -107.806, 38.926 ], [ -107.792, 38.946 ], [ -107.77, 38.96 ], [ -107.769, 38.985 ], [ -107.756, 38.998 ], [ -107.773, 39.021 ], [ -107.771, 39.044 ], [ -107.744, 39.058 ], [ -107.739, 39.066 ], [ -107.721, 39.065 ], [ -107.709, 39.083 ], [ -107.688, 39.088 ], [ -107.68, 39.1 ], [ -107.66, 39.112 ], [ -107.663, 39.116 ], [ -107.651, 39.131 ], [ -107.639, 39.142 ], [ -107.632, 39.141 ], [ -107.619, 39.155 ], [ -107.593, 39.165 ], [ -107.569, 39.181 ], [ -107.559, 39.178 ], [ -107.543, 39.182 ], [ -107.543, 39.196 ], [ -107.524, 39.198 ], [ -107.529, 39.203 ], [ -107.511, 39.216 ], [ -107.495, 39.219 ], [ -107.484, 39.235 ], [ -107.474, 39.229 ], [ -107.452, 39.23 ], [ -107.43, 39.241 ], [ -107.43, 39.257 ], [ -107.4, 39.253 ], [ -107.394, 39.256 ] ] ] } },
{ "type": "Feature", "properties": { "id": "14020005" }, "geometry": { "type": "Polygon", "coordinates": [ [ [ -107.771, 39.044 ], [ -107.773, 39.021 ], [ -107.756, 38.998 ], [ -107.769, 38.985 ], [ -107.77, 38.96 ], [ -107.792, 38.946 ], [ -107.806, 38.926 ], [ -107.801, 38.905 ], [ -107.824, 38.864 ], [ -107.826, 38.829 ], [ -107.817, 38.815 ], [ -107.832, 38.799 ], [ -107.832, 38.792 ], [ -107.841, 38.779 ], [ -107.837, 38.762 ], [ -107.852, 38.733 ], [ -107.867, 38.722 ], [ -107.873, 38.704 ], [ -107.871, 38.7 ], [ -107.852, 38.7 ], [ -107.864, 38.683 ], [ -107.86, 38.675 ], [ -107.869, 38.652 ], [ -107.865, 38.642 ], [ -107.87, 38.63 ], [ -107.861, 38.622 ], [ -107.874, 38.608 ], [ -107.887, 38.609 ], [ -107.892, 38.603 ], [ -107.902, 38.607 ], [ -107.914, 38.625 ], [ -107.915, 38.652 ], [ -107.944, 38.67 ], [ -107.957, 38.699 ], [ -107.969, 38.704 ], [ -107.984, 38.701 ], [ -108.004, 38.705 ], [ -108.015, 38.726 ], [ -108.03, 38.724 ], [ -108.052, 38.737 ], [ -108.069, 38.739 ], [ -108.08, 38.753 ], [ -108.091, 38.756 ], [ -108.081, 38.743 ], [ -108.088, 38.738 ], [ -108.078, 38.718 ], [ -108.083, 38.704 ], [ -108.063, 38.655 ], [ -108.068, 38.606 ], [ -108.094, 38.585 ], [ -108.127, 38.573 ], [ -108.152, 38.553 ], [ -108.175, 38.555 ], [ -108.183, 38.534 ], [ -108.188, 38.532 ], [ -108.19, 38.477 ], [ -108.168, 38.439 ], [ -108.18, 38.4 ], [ -108.191, 38.39 ], [ -108.198, 38.374 ], [ -108.189, 38.364 ], [ -108.193, 38.354 ], [ -108.183, 38.342 ], [ -108.188, 38.328 ], [ -108.2, 38.315 ], [ -108.228, 38.322 ], [ -108.235, 38.339 ], [ -108.254, 38.363 ], [ -108.278, 38.379 ], [ -108.336, 38.405 ], [ -108.377, 38.412 ], [ -108.383, 38.418 ], [ -108.39, 38.414 ], [ -108.425, 38.42 ], [ -108.442, 38.439 ], [ -108.441, 38.447 ], [ -108.454, 38.447 ], [ -108.462, 38.462 ], [ -108.498, 38.472 ], [ -108.537, 38.458 ], [ -108.555, 38.475 ], [ -108.568, 38.478 ], [ -108.587, 38.5 ], [ -108.594, 38.518 ], [ -108.615, 38.53 ], [ -108.62, 38.547 ], [ -108.644, 38.551 ], [ -108.651, 38.574 ], [ -108.645, 38.59 ], [ -108.672, 38.601 ], [ -108.663, 38.607 ], [ -108.667, 38.624 ], [ -108.69, 38.642 ], [ -108.691, 38.651 ], [ -108.701, 38.654 ], [ -108.708, 38.67 ], [ -108.718, 38.678 ], [ -108.69, 38.696 ], [ -108.662, 38.7 ], [ -108.654, 38.71 ], [ -108.645, 38.71 ], [ -108.645, 38.717 ], [ -108.62, 38.746 ], [ -108.632, 38.753 ], [ -108.674, 38.761 ], [ -108.649, 38.769 ], [ -108.646, 38.778 ], [ -108.659, 38.796 ], [ -108.658, 38.804 ], [ -108.681, 38.795 ], [ -108.684, 38.802 ], [ -108.7, 38.798 ], [ -108.702, 38.806 ], [ -108.685, 38.825 ], [ -108.688, 38.85 ], [ -108.705, 38.854 ], [ -108.718, 38.843 ], [ -108.73, 38.846 ], [ -108.737, 38.838 ], [ -108.749, 38.836 ], [ -108.767, 38.84 ], [ -108.773, 38.837 ], [ -108.777, 38.844 ], [ -108.762, 38.882 ], [ -108.731, 38.901 ], [ -108.708, 38.947 ], [ -108.688, 38.959 ], [ -108.675, 38.98 ], [ -108.635, 38.996 ], [ -108.621, 38.991 ], [ -108.611, 38.994 ], [ -108.607, 39.003 ], [ -108.611, 39.018 ], [ -108.608, 39.02 ], [ -108.619, 39.023 ], [ -108.602, 39.051 ], [ -108.588, 39.057 ], [ -108.587, 39.062 ], [ -108.579, 39.063 ], [ -108.562, 39.05 ], [ -108.523, 39.046 ], [ -108.509, 39.033 ], [ -108.509, 39.021 ], [ -108.481, 39.014 ], [ -108.475, 39.017 ], [ -108.445, 39.015 ], [ -108.438, 39.019 ], [ -108.429, 39.016 ], [ -108.425, 39.022 ], [ -108.407, 39.016 ], [ -108.395, 39.021 ], [ -108.388, 39.032 ], [ -108.383, 39.028 ], [ -108.365, 39.028 ], [ -108.366, 39.022 ], [ -108.36, 39.015 ], [ -108.335, 39.012 ], [ -108.277, 39.04 ], [ -108.261, 39.041 ], [ -108.246, 39.051 ], [ -108.207, 39.05 ], [ -108.189, 39.059 ], [ -108.161, 39.04 ], [ -108.133, 39.032 ], [ -108.125, 39.042 ], [ -108.116, 39.044 ], [ -108.105, 39.032 ], [ -108.081, 39.036 ], [ -108.061, 39.047 ], [ -108.046, 39.046 ], [ -108.025, 39.054 ], [ -108.001, 39.051 ], [ -107.989, 39.052 ], [ -107.983, 39.059 ], [ -107.974, 39.061 ], [ -107.951, 39.06 ], [ -107.917, 39.065 ], [ -107.907, 39.061 ], [ -107.859, 39.08 ], [ -107.794, 39.061 ], [ -107.771, 39.044 ] ] ] } },
{ "type": "Feature", "properties": { "id": "14030002" }, "geometry": { "type": "Polygon", "coordinates": [ [ [ -108.803, 38.379 ], [ -108.775, 38.35 ], [ -108.796, 38.322 ], [ -108.79, 38.31 ], [ -108.722, 38.274 ], [ -108.71, 38.278 ], [ -108.708, 38.271 ], [ -108.691, 38.268 ], [ -108.69, 38.255 ], [ -108.681, 38.255 ], [ -108.682, 38.25 ], [ -108.67, 38.245 ], [ -108.673, 38.238 ], [ -108.665, 38.233 ], [ -108.685, 38.207 ], [ -108.667, 38.189 ], [ -108.718, 38.186 ], [ -108.729, 38.196 ], [ -108.761, 38.158 ], [ -108.78, 38.146 ], [ -108.76, 38.127 ], [ -108.762, 38.11 ], [ -108.775, 38.1 ], [ -108.772, 38.092 ], [ -108.712, 38.077 ], [ -108.68, 38.061 ], [ -108.627, 38.024 ], [ -108.617, 38.023 ], [ -108.611, 38.006 ], [ -108.583, 38.002 ], [ -108.569, 38.006 ], [ -108.561, 37.983 ], [ -108.553, 37.978 ], [ -108.543, 37.981 ], [ -108.534, 37.974 ], [ -108.52, 37.975 ], [ -108.512, 37.945 ], [ -108.5, 37.935 ], [ -108.494, 37.935 ], [ -108.49, 37.929 ], [ -108.465, 37.929 ], [ -108.463, 37.923 ], [ -108.453, 37.92 ], [ -108.442, 37.924 ], [ -108.409, 37.909 ], [ -108.399, 37.914 ], [ -108.391, 37.906 ], [ -108.371, 37.903 ], [ -108.36, 37.893 ], [ -108.346, 37.898 ], [ -108.344, 37.88 ], [ -108.315, 37.88 ], [ -108.293, 37.869 ], [ -108.278, 37.871 ], [ -108.271, 37.883 ], [ -108.255, 37.888 ], [ -108.248, 37.879 ], [ -108.238, 37.876 ], [ -108.227, 37.843 ], [ -108.212, 37.832 ], [ -108.21, 37.821 ], [ -108.184, 37.826 ], [ -108.175, 37.833 ], [ -108.15, 37.835 ], [ -108.148, 37.839 ], [ -108.14, 37.834 ], [ -108.125, 37.852 ], [ -108.113, 37.855 ], [ -108.091, 37.84 ], [ -108.07, 37.85 ], [ -108.058, 37.841 ], [ -108.047, 37.851 ], [ -108.031, 37.855 ], [ -107.989, 37.857 ], [ -107.973, 37.833 ], [ -107.951, 37.836 ], [ -107.947, 37.829 ], [ -107.937, 37.823 ], [ -107.918, 37.824 ], [ -107.904, 37.807 ], [ -107.892, 37.802 ], [ -107.886, 37.785 ], [ -107.874, 37.786 ], [ -107.861, 37.777 ], [ -107.87, 37.764 ], [ -107.862, 37.756 ], [ -107.876, 37.739 ], [ -107.873, 37.722 ], [ -107.878, 37.716 ], [ -107.903, 37.719 ], [ -107.912, 37.712 ], [ -107.929, 37.71 ], [ -107.937, 37.703 ], [ -107.953, 37.707 ], [ -107.969, 37.697 ], [ -107.975, 37.684 ], [ -107.957, 37.649 ], [ -107.962, 37.641 ], [ -107.973, 37.639 ], [ -107.975, 37.629 ], [ -107.989, 37.625 ], [ -108.005, 37.607 ], [ -108.014, 37.604 ], [ -108.014, 37.597 ], [ -108.023, 37.591 ], [ -108.02, 37.554 ], [ -108.026, 37.54 ], [ -108.035, 37.533 ], [ -108.031, 37.509 ], [ -108.038, 37.503 ], [ -108.033, 37.465 ], [ -108.044, 37.444 ], [ -108.053, 37.438 ], [ -108.079, 37.439 ], [ -108.073, 37.46 ], [ -108.098, 37.482 ], [ -108.117, 37.491 ], [ -108.137, 37.497 ], [ -108.165, 37.493 ], [ -108.178, 37.499 ], [ -108.206, 37.495 ], [ -108.217, 37.481 ], [ -108.229, 37.48 ], [ -108.25, 37.464 ], [ -108.264, 37.466 ], [ -108.265, 37.458 ], [ -108.303, 37.432 ], [ -108.302, 37.427 ], [ -108.311, 37.42 ], [ -108.329, 37.42 ], [ -108.359, 37.435 ], [ -108.361, 37.427 ], [ -108.384, 37.405 ], [ -108.392, 37.423 ], [ -108.407, 37.428 ], [ -108.414, 37.439 ], [ -108.444, 37.442 ], [ -108.447, 37.436 ], [ -108.458, 37.434 ], [ -108.477, 37.447 ], [ -108.501, 37.453 ], [ -108.509, 37.461 ], [ -108.525, 37.456 ], [ -108.529, 37.462 ], [ -108.542, 37.467 ], [ -108.546, 37.479 ], [ -108.554, 37.48 ], [ -108.553, 37.491 ], [ -108.565, 37.496 ], [ -108.587, 37.491 ], [ -108.583, 37.497 ], [ -108.589, 37.501 ], [ -108.588, 37.514 ], [ -108.595, 37.528 ], [ -108.591, 37.551 ], [ -108.609, 37.56 ], [ -108.601, 37.573 ], [ -108.612, 37.583 ], [ -108.614, 37.593 ], [ -108.633, 37.586 ], [ -108.644, 37.588 ], [ -108.652, 37.597 ], [ -108.655, 37.594 ], [ -108.66, 37.597 ], [ -108.673, 37.589 ], [ -108.691, 37.586 ], [ -108.719, 37.603 ], [ -108.732, 37.595 ], [ -108.752, 37.612 ], [ -108.746, 37.625 ], [ -108.755, 37.63 ], [ -108.759, 37.654 ], [ -108.748, 37.671 ], [ -108.762, 37.675 ], [ -108.773, 37.7 ], [ -108.775, 37.721 ], [ -108.771, 37.745 ], [ -108.757, 37.763 ], [ -108.768, 37.765 ], [ -108.782, 37.787 ], [ -108.789, 37.787 ], [ -108.802, 37.765 ], [ -108.818, 37.757 ], [ -108.829, 37.767 ], [ -108.844, 37.766 ], [ -108.86, 37.776 ], [ -108.869, 37.774 ], [ -108.879, 37.781 ], [ -108.882, 37.81 ], [ -108.855, 37.823 ], [ -108.846, 37.847 ], [ -108.828, 37.858 ], [ -108.837, 37.875 ], [ -108.831, 37.907 ], [ -108.836, 37.91 ], [ -108.835, 37.916 ], [ -108.849, 37.918 ], [ -108.857, 37.912 ], [ -108.867, 37.932 ], [ -108.894, 37.923 ], [ -108.901, 37.926 ], [ -108.907, 37.937 ], [ -108.926, 37.924 ], [ -108.937, 37.934 ], [ -108.957, 37.919 ], [ -108.961, 37.91 ], [ -108.971, 37.908 ], [ -108.982, 37.911 ], [ -108.981, 37.919 ], [ -108.988, 37.921 ], [ -109.002, 37.937 ], [ -109.003, 37.962 ], [ -109.017, 37.955 ], [ -109.032, 37.954 ], [ -109.03, 37.94 ], [ -109.034, 37.931 ], [ -109.042, 37.93 ], [ -109.043, 37.992 ], [ -109.026, 37.993 ], [ -109.0, 38.008 ], [ -109.027, 38.009 ], [ -109.043, 38.015 ], [ -109.042, 38.165 ], [ -109.06, 38.275 ], [ -109.06, 38.463 ], [ -109.041, 38.457 ], [ -109.007, 38.433 ], [ -108.964, 38.427 ], [ -108.966, 38.42 ], [ -108.957, 38.415 ], [ -108.914, 38.405 ], [ -108.906, 38.396 ], [ -108.909, 38.394 ], [ -108.863, 38.368 ], [ -108.842, 38.37 ], [ -108.817, 38.379 ], [ -108.806, 38.373 ], [ -108.803, 38.379 ] ] ] } },
{ "type": "Feature", "properties": { "id": "14080203" }, "geometry": { "type": "Polygon", "coordinates": [ [ [ -108.742, 37.604 ], [ -108.751, 37.603 ], [ -108.759, 37.591 ], [ -108.769, 37.591 ], [ -108.774, 37.598 ], [ -108.792, 37.58 ], [ -108.8, 37.578 ], [ -108.807, 37.577 ], [ -108.812, 37.585 ], [ -108.82, 37.586 ], [ -108.835, 37.577 ], [ -108.848, 37.578 ], [ -108.858, 37.569 ], [ -108.861, 37.558 ], [ -108.873, 37.549 ], [ -108.91, 37.541 ], [ -108.937, 37.529 ], [ -108.964, 37.477 ], [ -108.993, 37.456 ], [ -108.998, 37.438 ], [ -109.045, 37.424 ], [ -109.042, 37.93 ], [ -109.034, 37.932 ], [ -109.03, 37.956 ], [ -109.022, 37.954 ], [ -109.002, 37.962 ], [ -109.002, 37.937 ], [ -108.988, 37.921 ], [ -108.981, 37.919 ], [ -108.982, 37.911 ], [ -108.971, 37.907 ], [ -108.961, 37.91 ], [ -108.957, 37.919 ], [ -108.937, 37.934 ], [ -108.926, 37.924 ], [ -108.907, 37.937 ], [ -108.901, 37.926 ], [ -108.894, 37.923 ], [ -108.867, 37.932 ], [ -108.857, 37.912 ], [ -108.849, 37.918 ], [ -108.835, 37.916 ], [ -108.836, 37.91 ], [ -108.831, 37.907 ], [ -108.837, 37.875 ], [ -108.828, 37.858 ], [ -108.846, 37.847 ], [ -108.855, 37.823 ], [ -108.882, 37.81 ], [ -108.882, 37.795 ], [ -108.877, 37.792 ], [ -108.88, 37.783 ], [ -108.869, 37.774 ], [ -108.861, 37.776 ], [ -108.844, 37.766 ], [ -108.829, 37.767 ], [ -108.818, 37.757 ], [ -108.802, 37.765 ], [ -108.789, 37.787 ], [ -108.783, 37.787 ], [ -108.768, 37.765 ], [ -108.757, 37.764 ], [ -108.771, 37.745 ], [ -108.775, 37.72 ], [ -108.773, 37.7 ], [ -108.762, 37.675 ], [ -108.748, 37.671 ], [ -108.755, 37.664 ], [ -108.759, 37.644 ], [ -108.753, 37.627 ], [ -108.746, 37.625 ], [ -108.752, 37.612 ], [ -108.742, 37.604 ] ] ] } },
{ "type": "Feature", "properties": { "id": "14060010" }, "geometry": { "type": "Polygon", "coordinates": [ [ [ -108.985, 40.528 ], [ -108.974, 40.526 ], [ -108.98, 40.513 ], [ -108.978, 40.505 ], [ -108.996, 40.49 ], [ -109.01, 40.492 ], [ -109.011, 40.488 ], [ -109.024, 40.483 ], [ -109.039, 40.466 ], [ -109.041, 40.448 ], [ -109.019, 40.431 ], [ -109.03, 40.418 ], [ -109.024, 40.403 ], [ -109.031, 40.394 ], [ -109.02, 40.381 ], [ -109.021, 40.371 ], [ -108.949, 40.351 ], [ -108.942, 40.342 ], [ -108.948, 40.328 ], [ -108.935, 40.317 ], [ -108.909, 40.312 ], [ -108.905, 40.307 ], [ -108.923, 40.299 ], [ -108.949, 40.301 ], [ -108.981, 40.288 ], [ -109.0, 40.254 ], [ -109.006, 40.254 ], [ -109.009, 40.246 ], [ -109.024, 40.238 ], [ -109.049, 40.233 ], [ -109.051, 40.217 ], [ -109.048, 40.644 ], [ -109.039, 40.646 ], [ -109.033, 40.64 ], [ -109.025, 40.63 ], [ -109.025, 40.619 ], [ -109.013, 40.611 ], [ -109.019, 40.593 ], [ -108.997, 40.576 ], [ -108.996, 40.557 ], [ -108.985, 40.528 ] ] ] } },
{ "type": "Feature", "properties": { "id": "14080102" }, "geometry": { "type": "Polygon", "coordinates": [ [ [ -106.98, 37.571 ], [ -106.998, 37.561 ], [ -107.0, 37.551 ], [ -107.008, 37.549 ], [ -107.013, 37.533 ], [ -107.022, 37.529 ], [ -107.016, 37.519 ], [ -107.03, 37.507 ], [ -107.021, 37.49 ], [ -107.029, 37.478 ], [ -107.035, 37.475 ], [ -107.046, 37.482 ], [ -107.055, 37.48 ], [ -107.057, 37.457 ], [ -107.065, 37.454 ], [ -107.067, 37.447 ], [ -107.064, 37.432 ], [ -107.074, 37.424 ], [ -107.074, 37.416 ], [ -107.083, 37.411 ], [ -107.074, 37.382 ], [ -107.079, 37.371 ], [ -107.07, 37.362 ], [ -107.071, 37.342 ], [ -107.058, 37.331 ], [ -107.063, 37.304 ], [ -107.053, 37.298 ], [ -107.055, 37.284 ], [ -107.049, 37.28 ], [ -107.055, 37.272 ], [ -107.059, 37.254 ], [ -107.065, 37.251 ], [ -107.068, 37.231 ], [ -107.084, 37.223 ], [ -107.086, 37.207 ], [ -107.097, 37.204 ], [ -107.097, 37.192 ], [ -107.121, 37.197 ], [ -107.131, 37.189 ], [ -107.145, 37.192 ], [ -107.156, 37.183 ], [ -107.164, 37.192 ], [ -107.177, 37.19 ], [ -107.186, 37.179 ], [ -107.191, 37.18 ], [ -107.21, 37.169 ], [ -107.211, 37.16 ], [ -107.221, 37.156 ], [ -107.217, 37.129 ], [ -107.257, 37.133 ], [ -107.262, 37.124 ], [ -107.271, 37.12 ], [ -107.269, 37.112 ], [ -107.283, 37.11 ], [ -107.292, 37.1 ], [ -107.335, 37.103 ], [ -107.331, 37.095 ], [ -107.341, 37.073 ], [ -107.354, 37.062 ], [ -107.362, 37.067 ], [ -107.372, 37.062 ], [ -107.383, 37.046 ], [ -107.384, 37.028 ], [ -107.397, 37.011 ], [ -107.401, 37.007 ], [ -107.417, 37.014 ], [ -107.425, 37.027 ], [ -107.425, 37.036 ], [ -107.442, 37.044 ], [ -107.45, 37.06 ], [ -107.448, 37.085 ], [ -107.455, 37.09 ], [ -107.455, 37.099 ], [ -107.447, 37.119 ], [ -107.464, 37.141 ], [ -107.456, 37.16 ], [ -107.459, 37.165 ], [ -107.454, 37.189 ], [ -107.463, 37.2 ], [ -107.461, 37.208 ], [ -107.455, 37.208 ], [ -107.472, 37.247 ], [ -107.466, 37.259 ], [ -107.452, 37.258 ], [ -107.447, 37.266 ], [ -107.441, 37.266 ], [ -107.445, 37.273 ], [ -107.436, 37.28 ], [ -107.444, 37.287 ], [ -107.422, 37.302 ], [ -107.418, 37.31 ], [ -107.452, 37.345 ], [ -107.448, 37.352 ], [ -107.43, 37.355 ], [ -107.452, 37.362 ], [ -107.462, 37.37 ], [ -107.475, 37.372 ], [ -107.477, 37.381 ], [ -107.465, 37.391 ], [ -107.461, 37.404 ], [ -107.416, 37.433 ], [ -107.408, 37.449 ], [ -107.411, 37.469 ], [ -107.398, 37.483 ], [ -107.387, 37.485 ], [ -107.369, 37.513 ], [ -107.356, 37.522 ], [ -107.359, 37.534 ], [ -107.335, 37.551 ], [ -107.33, 37.568 ], [ -107.338, 37.581 ], [ -107.332, 37.598 ], [ -107.341, 37.606 ], [ -107.331, 37.609 ], [ -107.331, 37.622 ], [ -107.307, 37.631 ], [ -107.304, 37.637 ], [ -107.298, 37.634 ], [ -107.279, 37.641 ], [ -107.266, 37.63 ], [ -107.257, 37.628 ], [ -107.259, 37.621 ], [ -107.249, 37.608 ], [ -107.224, 37.594 ], [ -107.198, 37.615 ], [ -107.2, 37.625 ], [ -107.177, 37.628 ], [ -107.164, 37.636 ], [ -107.152, 37.637 ], [ -107.14, 37.624 ], [ -107.144, 37.618 ], [ -107.138, 37.601 ], [ -107.117, 37.604 ], [ -107.112, 37.608 ], [ -107.106, 37.6 ], [ -107.092, 37.596 ], [ -107.093, 37.573 ], [ -107.076, 37.569 ], [ -107.064, 37.572 ], [ -107.049, 37.57 ], [ -107.045, 37.56 ], [ -107.019, 37.563 ], [ -107.008, 37.574 ], [ -106.999, 37.569 ], [ -106.98, 37.571 ] ] ] } },
{ "type": "Feature", "properties": { "id": "10250003" }, "geometry": { "type": "Polygon", "coordinates": [ [ [ -102.052, 39.849 ], [ -102.05, 39.542 ], [ -102.072, 39.536 ], [ -102.067, 39.516 ], [ -102.082, 39.525 ], [ -102.111, 39.506 ], [ -102.115, 39.498 ], [ -102.149, 39.475 ], [ -102.163, 39.453 ], [ -102.177, 39.447 ], [ -102.178, 39.433 ], [ -102.206, 39.421 ], [ -102.216, 39.407 ], [ -102.228, 39.404 ], [ -102.234, 39.375 ], [ -102.244, 39.362 ], [ -102.25, 39.361 ], [ -102.265, 39.341 ], [ -102.28, 39.345 ], [ -102.284, 39.336 ], [ -102.303, 39.327 ], [ -102.324, 39.302 ], [ -102.312, 39.285 ], [ -102.322, 39.278 ], [ -102.329, 39.278 ], [ -102.33, 39.272 ], [ -102.352, 39.273 ], [ -102.37, 39.25 ], [ -102.399, 39.249 ], [ -102.433, 39.226 ], [ -102.445, 39.213 ], [ -102.489, 39.193 ], [ -102.505, 39.181 ], [ -102.507, 39.173 ], [ -102.528, 39.169 ], [ -102.528, 39.163 ], [ -102.534, 39.163 ], [ -102.532, 39.149 ], [ -102.547, 39.147 ], [ -102.567, 39.129 ], [ -102.571, 39.115 ], [ -102.585, 39.105 ], [ -102.599, 39.102 ], [ -102.613, 39.106 ], [ -102.628, 39.093 ], [ -102.633, 39.102 ], [ -102.644, 39.1 ], [ -102.657, 39.117 ], [ -102.675, 39.086 ], [ -102.688, 39.085 ], [ -102.709, 39.064 ], [ -102.726, 39.059 ], [ -102.733, 39.049 ], [ -102.745, 39.047 ], [ -102.774, 39.052 ], [ -102.793, 39.044 ], [ -102.827, 39.045 ], [ -102.842, 39.034 ], [ -102.86, 39.037 ], [ -102.871, 39.029 ], [ -102.877, 39.039 ], [ -102.9, 39.043 ], [ -102.914, 39.032 ], [ -102.923, 39.038 ], [ -102.929, 39.034 ], [ -102.946, 39.05 ], [ -102.959, 39.044 ], [ -102.966, 39.035 ], [ -102.984, 39.036 ], [ -102.993, 39.042 ], [ -103.0, 39.038 ], [ -103.017, 39.038 ], [ -103.022, 39.034 ], [ -103.042, 39.037 ], [ -103.071, 39.032 ], [ -103.085, 39.042 ], [ -103.09, 39.056 ], [ -103.109, 39.053 ], [ -103.129, 39.039 ], [ -103.139, 39.053 ], [ -103.153, 39.06 ], [ -103.175, 39.053 ], [ -103.198, 39.059 ], [ -103.215, 39.078 ], [ -103.232, 39.073 ], [ -103.246, 39.08 ], [ -103.265, 39.118 ], [ -103.271, 39.117 ], [ -103.29, 39.127 ], [ -103.299, 39.126 ], [ -103.305, 39.132 ], [ -103.317, 39.153 ], [ -103.312, 39.167 ], [ -103.335, 39.179 ], [ -103.351, 39.218 ], [ -103.365, 39.216 ], [ -103.366, 39.211 ], [ -103.375, 39.216 ], [ -103.389, 39.215 ], [ -103.399, 39.221 ], [ -103.412, 39.24 ], [ -103.376, 39.246 ], [ -103.368, 39.243 ], [ -103.372, 39.255 ], [ -103.353, 39.262 ], [ -103.355, 39.27 ], [ -103.351, 39.277 ], [ -103.334, 39.292 ], [ -103.32, 39.292 ], [ -103.333, 39.319 ], [ -103.313, 39.34 ], [ -103.307, 39.336 ], [ -103.308, 39.345 ], [ -103.298, 39.337 ], [ -103.293, 39.343 ], [ -103.279, 39.339 ], [ -103.275, 39.344 ], [ -103.269, 39.339 ], [ -103.275, 39.353 ], [ -103.268, 39.357 ], [ -103.273, 39.368 ], [ -103.261, 39.366 ], [ -103.255, 39.37 ], [ -103.25, 39.385 ], [ -103.222, 39.38 ], [ -103.214, 39.388 ], [ -103.202, 39.386 ], [ -103.195, 39.392 ], [ -103.19, 39.39 ], [ -103.177, 39.394 ], [ -103.173, 39.415 ], [ -103.161, 39.427 ], [ -103.15, 39.428 ], [ -103.16, 39.446 ], [ -103.154, 39.445 ], [ -103.144, 39.457 ], [ -103.138, 39.455 ], [ -103.139, 39.476 ], [ -103.131, 39.479 ], [ -103.135, 39.492 ], [ -103.121, 39.489 ], [ -103.119, 39.502 ], [ -103.1, 39.519 ], [ -103.095, 39.547 ], [ -103.082, 39.547 ], [ -103.087, 39.556 ], [ -103.085, 39.566 ], [ -103.08, 39.567 ], [ -103.073, 39.553 ], [ -103.061, 39.552 ], [ -103.063, 39.546 ], [ -103.046, 39.536 ], [ -103.028, 39.536 ], [ -103.022, 39.53 ], [ -102.985, 39.525 ], [ -102.947, 39.529 ], [ -102.93, 39.54 ], [ -102.914, 39.542 ], [ -102.906, 39.554 ], [ -102.908, 39.56 ], [ -102.898, 39.557 ], [ -102.883, 39.538 ], [ -102.859, 39.522 ], [ -102.846, 39.532 ], [ -102.851, 39.541 ], [ -102.841, 39.545 ], [ -102.839, 39.554 ], [ -102.786, 39.558 ], [ -102.763, 39.565 ], [ -102.748, 39.579 ], [ -102.741, 39.571 ], [ -102.737, 39.575 ], [ -102.73, 39.569 ], [ -102.724, 39.572 ], [ -102.714, 39.568 ], [ -102.703, 39.581 ], [ -102.689, 39.578 ], [ -102.692, 39.585 ], [ -102.68, 39.598 ], [ -102.661, 39.601 ], [ -102.647, 39.591 ], [ -102.62, 39.599 ], [ -102.603, 39.598 ], [ -102.591, 39.604 ], [ -102.577, 39.599 ], [ -102.561, 39.614 ], [ -102.52, 39.624 ], [ -102.521, 39.63 ], [ -102.514, 39.631 ], [ -102.511, 39.639 ], [ -102.505, 39.638 ], [ -102.502, 39.655 ], [ -102.483, 39.651 ], [ -102.448, 39.662 ], [ -102.433, 39.674 ], [ -102.431, 39.683 ], [ -102.422, 39.686 ], [ -102.42, 39.698 ], [ -102.409, 39.703 ], [ -102.402, 39.701 ], [ -102.395, 39.711 ], [ -102.384, 39.711 ], [ -102.384, 39.716 ], [ -102.366, 39.717 ], [ -102.362, 39.728 ], [ -102.318, 39.708 ], [ -102.28, 39.706 ], [ -102.269, 39.719 ], [ -102.256, 39.725 ], [ -102.252, 39.735 ], [ -102.229, 39.74 ], [ -102.205, 39.733 ], [ -102.183, 39.746 ], [ -102.179, 39.754 ], [ -102.18, 39.776 ], [ -102.189, 39.798 ], [ -102.186, 39.815 ], [ -102.163, 39.817 ], [ -102.154, 39.809 ], [ -102.149, 39.812 ], [ -102.123, 39.8 ], [ -102.111, 39.802 ], [ -102.098, 39.812 ], [ -102.083, 39.813 ], [ -102.065, 39.844 ], [ -102.052, 39.849 ] ] ] } },
{ "type": "Feature", "properties": { "id": "10250012" }, "geometry": { "type": "Polygon", "coordinates": [ [ [ -102.048, 39.215 ], [ -102.063, 39.212 ], [ -102.073, 39.216 ], [ -102.088, 39.211 ], [ -102.117, 39.22 ], [ -102.141, 39.211 ], [ -102.165, 39.21 ], [ -102.176, 39.202 ], [ -102.202, 39.206 ], [ -102.233, 39.197 ], [ -102.246, 39.185 ], [ -102.262, 39.189 ], [ -102.297, 39.189 ], [ -102.328, 39.173 ], [ -102.335, 39.162 ], [ -102.356, 39.161 ], [ -102.357, 39.148 ], [ -102.385, 39.143 ], [ -102.389, 39.134 ], [ -102.399, 39.138 ], [ -102.406, 39.129 ], [ -102.424, 39.123 ], [ -102.433, 39.115 ], [ -102.463, 39.123 ], [ -102.484, 39.114 ], [ -102.536, 39.113 ], [ -102.541, 39.12 ], [ -102.557, 39.119 ], [ -102.568, 39.124 ], [ -102.547, 39.147 ], [ -102.532, 39.149 ], [ -102.534, 39.163 ], [ -102.528, 39.163 ], [ -102.528, 39.169 ], [ -102.507, 39.173 ], [ -102.505, 39.181 ], [ -102.489, 39.193 ], [ -102.445, 39.213 ], [ -102.433, 39.226 ], [ -102.399, 39.249 ], [ -102.37, 39.25 ], [ -102.352, 39.273 ], [ -102.33, 39.272 ], [ -102.329, 39.278 ], [ -102.322, 39.278 ], [ -102.312, 39.285 ], [ -102.306, 39.295 ], [ -102.286, 39.299 ], [ -102.276, 39.312 ], [ -102.25, 39.31 ], [ -102.238, 39.321 ], [ -102.219, 39.32 ], [ -102.214, 39.329 ], [ -102.178, 39.326 ], [ -102.163, 39.333 ], [ -102.16, 39.339 ], [ -102.139, 39.347 ], [ -102.132, 39.366 ], [ -102.103, 39.376 ], [ -102.101, 39.386 ], [ -102.082, 39.402 ], [ -102.049, 39.415 ], [ -102.048, 39.215 ] ] ] } },
{ "type": "Feature", "properties": { "id": "10260002" }, "geometry": { "type": "Polygon", "coordinates": [ [ [ -102.048, 39.215 ], [ -102.047, 39.093 ], [ -102.054, 39.079 ], [ -102.06, 39.075 ], [ -102.084, 39.077 ], [ -102.092, 39.068 ], [ -102.103, 39.071 ], [ -102.121, 39.059 ], [ -102.138, 39.057 ], [ -102.165, 39.038 ], [ -102.184, 39.032 ], [ -102.188, 39.026 ], [ -102.207, 39.023 ], [ -102.231, 39.034 ], [ -102.24, 39.028 ], [ -102.25, 39.028 ], [ -102.26, 39.032 ], [ -102.265, 39.041 ], [ -102.28, 39.033 ], [ -102.314, 39.037 ], [ -102.333, 39.024 ], [ -102.339, 39.029 ], [ -102.359, 39.019 ], [ -102.358, 39.013 ], [ -102.369, 39.005 ], [ -102.367, 38.996 ], [ -102.375, 38.986 ], [ -102.383, 38.989 ], [ -102.4, 38.982 ], [ -102.423, 38.979 ], [ -102.436, 38.984 ], [ -102.471, 38.977 ], [ -102.491, 38.984 ], [ -102.508, 38.975 ], [ -102.524, 38.98 ], [ -102.541, 38.974 ], [ -102.542, 38.969 ], [ -102.564, 38.964 ], [ -102.588, 38.947 ], [ -102.59, 38.952 ], [ -102.597, 38.952 ], [ -102.599, 38.962 ], [ -102.612, 38.963 ], [ -102.618, 38.975 ], [ -102.631, 38.966 ], [ -102.639, 38.971 ], [ -102.676, 38.972 ], [ -102.688, 38.995 ], [ -102.694, 38.992 ], [ -102.728, 38.999 ], [ -102.741, 38.997 ], [ -102.755, 39.009 ], [ -102.784, 39.016 ], [ -102.811, 39.035 ], [ -102.813, 39.043 ], [ -102.79, 39.044 ], [ -102.774, 39.052 ], [ -102.745, 39.047 ], [ -102.733, 39.049 ], [ -102.726, 39.059 ], [ -102.709, 39.064 ], [ -102.688, 39.085 ], [ -102.675, 39.086 ], [ -102.657, 39.117 ], [ -102.644, 39.1 ], [ -102.633, 39.102 ], [ -102.626, 39.093 ], [ -102.613, 39.106 ], [ -102.598, 39.102 ], [ -102.579, 39.108 ], [ -102.568, 39.124 ], [ -102.557, 39.119 ], [ -102.541, 39.12 ], [ -102.536, 39.113 ], [ -102.484, 39.114 ], [ -102.463, 39.123 ], [ -102.433, 39.115 ], [ -102.424, 39.123 ], [ -102.406, 39.129 ], [ -102.399, 39.138 ], [ -102.389, 39.134 ], [ -102.385, 39.143 ], [ -102.357, 39.148 ], [ -102.356, 39.161 ], [ -102.335, 39.162 ], [ -102.328, 39.173 ], [ -102.297, 39.189 ], [ -102.262, 39.189 ], [ -102.246, 39.185 ], [ -102.233, 39.197 ], [ -102.202, 39.206 ], [ -102.176, 39.202 ], [ -102.165, 39.21 ], [ -102.141, 39.211 ], [ -102.117, 39.22 ], [ -102.088, 39.211 ], [ -102.073, 39.216 ], [ -102.063, 39.212 ], [ -102.048, 39.215 ] ] ] } },
{ "type": "Feature", "properties": { "id": "11040003" }, "geometry": { "type": "Polygon", "coordinates": [ [ [ -102.042, 37.375 ], [ -102.042, 37.13 ], [ -102.052, 37.125 ], [ -102.135, 37.12 ], [ -102.154, 37.139 ], [ -102.168, 37.146 ], [ -102.195, 37.149 ], [ -102.227, 37.161 ], [ -102.249, 37.161 ], [ -102.278, 37.154 ], [ -102.298, 37.138 ], [ -102.323, 37.149 ], [ -102.341, 37.145 ], [ -102.349, 37.153 ], [ -102.362, 37.153 ], [ -102.383, 37.134 ], [ -102.415, 37.133 ], [ -102.43, 37.127 ], [ -102.449, 37.132 ], [ -102.461, 37.123 ], [ -102.47, 37.128 ], [ -102.496, 37.113 ], [ -102.517, 37.115 ], [ -102.556, 37.11 ], [ -102.575, 37.094 ], [ -102.591, 37.092 ], [ -102.599, 37.098 ], [ -102.598, 37.109 ], [ -102.626, 37.119 ], [ -102.636, 37.136 ], [ -102.69, 37.136 ], [ -102.741, 37.159 ], [ -102.754, 37.151 ], [ -102.758, 37.166 ], [ -102.799, 37.186 ], [ -102.791, 37.197 ], [ -102.777, 37.194 ], [ -102.763, 37.197 ], [ -102.738, 37.214 ], [ -102.721, 37.214 ], [ -102.718, 37.207 ], [ -102.706, 37.206 ], [ -102.681, 37.213 ], [ -102.665, 37.212 ], [ -102.647, 37.225 ], [ -102.617, 37.219 ], [ -102.59, 37.224 ], [ -102.586, 37.213 ], [ -102.57, 37.213 ], [ -102.547, 37.224 ], [ -102.532, 37.245 ], [ -102.508, 37.243 ], [ -102.502, 37.251 ], [ -102.443, 37.274 ], [ -102.406, 37.279 ], [ -102.383, 37.291 ], [ -102.372, 37.288 ], [ -102.345, 37.302 ], [ -102.323, 37.305 ], [ -102.299, 37.329 ], [ -102.246, 37.326 ], [ -102.188, 37.351 ], [ -102.184, 37.347 ], [ -102.167, 37.349 ], [ -102.148, 37.338 ], [ -102.138, 37.339 ], [ -102.118, 37.352 ], [ -102.092, 37.36 ], [ -102.085, 37.367 ], [ -102.067, 37.366 ], [ -102.056, 37.374 ], [ -102.042, 37.375 ] ] ] } },
{ "type": "Feature", "properties": { "id": "11040005" }, "geometry": { "type": "Polygon", "coordinates": [ [ [ -102.043, 37.893 ], [ -102.042, 37.458 ], [ -102.052, 37.447 ], [ -102.086, 37.441 ], [ -102.099, 37.443 ], [ -102.141, 37.421 ], [ -102.197, 37.418 ], [ -102.275, 37.396 ], [ -102.284, 37.39 ], [ -102.316, 37.386 ], [ -102.373, 37.366 ], [ -102.409, 37.345 ], [ -102.436, 37.34 ], [ -102.469, 37.314 ], [ -102.497, 37.313 ], [ -102.501, 37.306 ], [ -102.526, 37.298 ], [ -102.54, 37.304 ], [ -102.556, 37.305 ], [ -102.574, 37.318 ], [ -102.586, 37.318 ], [ -102.589, 37.325 ], [ -102.605, 37.329 ], [ -102.613, 37.339 ], [ -102.632, 37.336 ], [ -102.656, 37.365 ], [ -102.678, 37.366 ], [ -102.695, 37.372 ], [ -102.734, 37.364 ], [ -102.749, 37.373 ], [ -102.758, 37.371 ], [ -102.799, 37.375 ], [ -102.814, 37.362 ], [ -102.832, 37.364 ], [ -102.842, 37.371 ], [ -102.87, 37.372 ], [ -102.899, 37.379 ], [ -102.967, 37.365 ], [ -103.001, 37.364 ], [ -103.018, 37.37 ], [ -103.014, 37.387 ], [ -102.977, 37.401 ], [ -102.978, 37.409 ], [ -102.972, 37.415 ], [ -102.974, 37.424 ], [ -102.963, 37.44 ], [ -102.963, 37.451 ], [ -102.924, 37.464 ], [ -102.923, 37.478 ], [ -102.915, 37.487 ], [ -102.894, 37.492 ], [ -102.881, 37.502 ], [ -102.866, 37.503 ], [ -102.854, 37.518 ], [ -102.831, 37.522 ], [ -102.808, 37.548 ], [ -102.796, 37.558 ], [ -102.787, 37.559 ], [ -102.777, 37.576 ], [ -102.758, 37.587 ], [ -102.746, 37.587 ], [ -102.732, 37.6 ], [ -102.699, 37.606 ], [ -102.677, 37.603 ], [ -102.661, 37.614 ], [ -102.635, 37.609 ], [ -102.599, 37.613 ], [ -102.58, 37.606 ], [ -102.543, 37.614 ], [ -102.507, 37.615 ], [ -102.503, 37.622 ], [ -102.469, 37.631 ], [ -102.458, 37.644 ], [ -102.449, 37.645 ], [ -102.44, 37.654 ], [ -102.402, 37.647 ], [ -102.389, 37.657 ], [ -102.378, 37.656 ], [ -102.366, 37.662 ], [ -102.36, 37.671 ], [ -102.333, 37.66 ], [ -102.319, 37.679 ], [ -102.309, 37.677 ], [ -102.269, 37.703 ], [ -102.255, 37.703 ], [ -102.248, 37.713 ], [ -102.224, 37.727 ], [ -102.209, 37.766 ], [ -102.19, 37.788 ], [ -102.178, 37.792 ], [ -102.166, 37.804 ], [ -102.164, 37.815 ], [ -102.154, 37.824 ], [ -102.158, 37.834 ], [ -102.152, 37.853 ], [ -102.109, 37.91 ], [ -102.096, 37.913 ], [ -102.078, 37.9 ], [ -102.064, 37.903 ], [ -102.043, 37.893 ] ] ] } },
{ "type": "Feature", "properties": { "id": "10190016" }, "geometry": { "type": "MultiPolygon", "coordinates": [ [ [ [ -102.384, 40.955 ], [ -102.393, 40.98 ], [ -102.427, 40.998 ], [ -102.457, 41.002 ], [ -102.383, 41.002 ], [ -102.384, 40.955 ] ] ], [ [ [ -103.022, 40.999 ], [ -103.031, 40.993 ], [ -103.064, 40.984 ], [ -103.066, 40.976 ], [ -103.101, 40.964 ], [ -103.119, 40.96 ], [ -103.14, 40.965 ], [ -103.178, 40.963 ], [ -103.197, 40.956 ], [ -103.211, 40.957 ], [ -103.212, 40.952 ], [ -103.223, 40.946 ], [ -103.257, 40.945 ], [ -103.269, 40.937 ], [ -103.277, 40.938 ], [ -103.291, 40.932 ], [ -103.316, 40.942 ], [ -103.318, 40.948 ], [ -103.333, 40.957 ], [ -103.357, 40.95 ], [ -103.372, 40.954 ], [ -103.373, 40.96 ], [ -103.391, 40.964 ], [ -103.395, 40.98 ], [ -103.417, 40.981 ], [ -103.441, 40.977 ], [ -103.448, 40.973 ], [ -103.474, 40.987 ], [ -103.442, 40.998 ], [ -103.431, 40.991 ], [ -103.423, 40.99 ], [ -103.421, 40.996 ], [ -103.409, 40.999 ], [ -103.405, 40.994 ], [ -103.391, 40.998 ], [ -103.388, 40.994 ], [ -103.364, 40.995 ], [ -103.345, 40.99 ], [ -103.329, 40.993 ], [ -103.323, 40.999 ], [ -103.312, 40.996 ], [ -103.303, 41.002 ], [ -103.29, 41.002 ], [ -103.266, 40.992 ], [ -103.256, 40.994 ], [ -103.249, 40.987 ], [ -103.229, 40.986 ], [ -103.227, 40.994 ], [ -103.211, 40.993 ], [ -103.203, 41.0 ], [ -103.181, 41.002 ], [ -103.026, 41.002 ], [ -103.022, 40.999 ] ] ] ] } },
{ "type": "Feature", "properties": { "id": "11020010" }, "geometry": { "type": "Polygon", "coordinates": [ [ [ -103.326, 37.472 ], [ -103.356, 37.434 ], [ -103.345, 37.416 ], [ -103.346, 37.403 ], [ -103.361, 37.384 ], [ -103.384, 37.378 ], [ -103.377, 37.371 ], [ -103.38, 37.357 ], [ -103.367, 37.332 ], [ -103.365, 37.313 ], [ -103.385, 37.312 ], [ -103.394, 37.299 ], [ -103.381, 37.286 ], [ -103.372, 37.256 ], [ -103.362, 37.25 ], [ -103.374, 37.237 ], [ -103.389, 37.236 ], [ -103.405, 37.22 ], [ -103.422, 37.222 ], [ -103.446, 37.215 ], [ -103.463, 37.19 ], [ -103.483, 37.187 ], [ -103.489, 37.195 ], [ -103.496, 37.196 ], [ -103.517, 37.184 ], [ -103.529, 37.182 ], [ -103.531, 37.172 ], [ -103.525, 37.164 ], [ -103.559, 37.159 ], [ -103.583, 37.163 ], [ -103.601, 37.15 ], [ -103.606, 37.133 ], [ -103.603, 37.127 ], [ -103.608, 37.123 ], [ -103.63, 37.133 ], [ -103.645, 37.132 ], [ -103.653, 37.137 ], [ -103.666, 37.136 ], [ -103.678, 37.142 ], [ -103.693, 37.138 ], [ -103.706, 37.121 ], [ -103.726, 37.119 ], [ -103.723, 37.115 ], [ -103.733, 37.109 ], [ -103.74, 37.086 ], [ -103.734, 37.068 ], [ -103.736, 37.06 ], [ -103.746, 37.054 ], [ -103.747, 37.038 ], [ -103.761, 37.028 ], [ -103.783, 37.025 ], [ -103.799, 37.031 ], [ -103.816, 37.016 ], [ -103.844, 37.003 ], [ -103.847, 36.997 ], [ -104.294, 36.995 ], [ -104.3, 37.001 ], [ -104.322, 37.003 ], [ -104.332, 37.011 ], [ -104.329, 37.033 ], [ -104.341, 37.048 ], [ -104.349, 37.047 ], [ -104.348, 37.042 ], [ -104.357, 37.035 ], [ -104.371, 37.033 ], [ -104.39, 37.04 ], [ -104.414, 37.04 ], [ -104.438, 37.047 ], [ -104.426, 37.011 ], [ -104.435, 36.994 ], [ -104.507, 36.994 ], [ -104.523, 37.002 ], [ -104.551, 36.994 ], [ -104.994, 36.993 ], [ -105.051, 37.007 ], [ -105.068, 37.019 ], [ -105.11, 37.028 ], [ -105.121, 37.039 ], [ -105.134, 37.041 ], [ -105.142, 37.053 ], [ -105.164, 37.058 ], [ -105.178, 37.056 ], [ -105.192, 37.062 ], [ -105.198, 37.07 ], [ -105.211, 37.072 ], [ -105.206, 37.09 ], [ -105.191, 37.094 ], [ -105.188, 37.107 ], [ -105.182, 37.112 ], [ -105.187, 37.12 ], [ -105.174, 37.126 ], [ -105.175, 37.14 ], [ -105.166, 37.152 ], [ -105.167, 37.171 ], [ -105.173, 37.172 ], [ -105.165, 37.186 ], [ -105.167, 37.205 ], [ -105.159, 37.224 ], [ -105.161, 37.231 ], [ -105.153, 37.238 ], [ -105.16, 37.282 ], [ -105.165, 37.285 ], [ -105.159, 37.293 ], [ -105.132, 37.301 ], [ -105.128, 37.297 ], [ -105.116, 37.296 ], [ -105.098, 37.304 ], [ -105.094, 37.315 ], [ -105.075, 37.317 ], [ -105.068, 37.326 ], [ -105.051, 37.331 ], [ -105.037, 37.342 ], [ -105.03, 37.339 ], [ -105.023, 37.317 ], [ -104.967, 37.292 ], [ -104.959, 37.293 ], [ -104.956, 37.286 ], [ -104.925, 37.286 ], [ -104.899, 37.28 ], [ -104.899, 37.275 ], [ -104.878, 37.276 ], [ -104.864, 37.264 ], [ -104.855, 37.263 ], [ -104.855, 37.259 ], [ -104.84, 37.265 ], [ -104.83, 37.264 ], [ -104.815, 37.275 ], [ -104.776, 37.261 ], [ -104.744, 37.277 ], [ -104.73, 37.275 ], [ -104.722, 37.278 ], [ -104.722, 37.274 ], [ -104.705, 37.271 ], [ -104.689, 37.282 ], [ -104.664, 37.322 ], [ -104.646, 37.325 ], [ -104.638, 37.321 ], [ -104.618, 37.322 ], [ -104.604, 37.329 ], [ -104.583, 37.328 ], [ -104.567, 37.34 ], [ -104.544, 37.344 ], [ -104.538, 37.354 ], [ -104.508, 37.36 ], [ -104.497, 37.381 ], [ -104.487, 37.385 ], [ -104.429, 37.39 ], [ -104.424, 37.396 ], [ -104.42, 37.391 ], [ -104.373, 37.393 ], [ -104.365, 37.416 ], [ -104.369, 37.419 ], [ -104.369, 37.431 ], [ -104.377, 37.433 ], [ -104.378, 37.446 ], [ -104.336, 37.455 ], [ -104.333, 37.472 ], [ -104.338, 37.473 ], [ -104.338, 37.479 ], [ -104.308, 37.474 ], [ -104.285, 37.483 ], [ -104.29, 37.504 ], [ -104.275, 37.499 ], [ -104.257, 37.505 ], [ -104.24, 37.504 ], [ -104.231, 37.51 ], [ -104.216, 37.493 ], [ -104.173, 37.481 ], [ -104.166, 37.468 ], [ -104.153, 37.466 ], [ -104.126, 37.478 ], [ -104.099, 37.476 ], [ -104.098, 37.49 ], [ -104.088, 37.497 ], [ -104.058, 37.501 ], [ -104.025, 37.517 ], [ -104.003, 37.518 ], [ -103.986, 37.564 ], [ -103.956, 37.565 ], [ -103.94, 37.575 ], [ -103.939, 37.58 ], [ -103.911, 37.586 ], [ -103.909, 37.594 ], [ -103.9, 37.598 ], [ -103.899, 37.61 ], [ -103.881, 37.615 ], [ -103.86, 37.63 ], [ -103.847, 37.632 ], [ -103.84, 37.643 ], [ -103.822, 37.648 ], [ -103.79, 37.645 ], [ -103.783, 37.655 ], [ -103.772, 37.659 ], [ -103.758, 37.66 ], [ -103.751, 37.666 ], [ -103.738, 37.663 ], [ -103.727, 37.673 ], [ -103.722, 37.69 ], [ -103.709, 37.698 ], [ -103.707, 37.706 ], [ -103.693, 37.716 ], [ -103.682, 37.732 ], [ -103.667, 37.732 ], [ -103.642, 37.74 ], [ -103.63, 37.757 ], [ -103.59, 37.763 ], [ -103.588, 37.785 ], [ -103.563, 37.79 ], [ -103.557, 37.797 ], [ -103.553, 37.794 ], [ -103.532, 37.804 ], [ -103.535, 37.809 ], [ -103.53, 37.819 ], [ -103.517, 37.828 ], [ -103.507, 37.846 ], [ -103.485, 37.859 ], [ -103.478, 37.858 ], [ -103.481, 37.869 ], [ -103.477, 37.88 ], [ -103.459, 37.889 ], [ -103.455, 37.897 ], [ -103.439, 37.901 ], [ -103.43, 37.912 ], [ -103.43, 37.92 ], [ -103.417, 37.929 ], [ -103.398, 37.932 ], [ -103.398, 37.942 ], [ -103.387, 37.959 ], [ -103.39, 37.968 ], [ -103.384, 37.967 ], [ -103.374, 37.977 ], [ -103.361, 37.978 ], [ -103.358, 37.996 ], [ -103.321, 38.012 ], [ -103.319, 38.022 ], [ -103.303, 38.031 ], [ -103.284, 38.036 ], [ -103.275, 38.029 ], [ -103.267, 38.03 ], [ -103.24, 38.062 ], [ -103.219, 38.059 ], [ -103.179, 38.066 ], [ -103.188, 38.028 ], [ -103.176, 38.014 ], [ -103.163, 38.01 ], [ -103.157, 37.991 ], [ -103.184, 37.972 ], [ -103.182, 37.964 ], [ -103.197, 37.944 ], [ -103.192, 37.936 ], [ -103.211, 37.918 ], [ -103.221, 37.89 ], [ -103.232, 37.877 ], [ -103.232, 37.818 ], [ -103.255, 37.806 ], [ -103.267, 37.787 ], [ -103.267, 37.779 ], [ -103.28, 37.779 ], [ -103.285, 37.773 ], [ -103.3, 37.774 ], [ -103.318, 37.763 ], [ -103.315, 37.75 ], [ -103.324, 37.742 ], [ -103.329, 37.73 ], [ -103.351, 37.715 ], [ -103.349, 37.701 ], [ -103.356, 37.698 ], [ -103.357, 37.692 ], [ -103.363, 37.693 ], [ -103.372, 37.672 ], [ -103.384, 37.662 ], [ -103.381, 37.656 ], [ -103.367, 37.657 ], [ -103.383, 37.635 ], [ -103.371, 37.623 ], [ -103.373, 37.608 ], [ -103.359, 37.584 ], [ -103.362, 37.576 ], [ -103.334, 37.552 ], [ -103.329, 37.521 ], [ -103.334, 37.506 ], [ -103.326, 37.472 ] ] ] } },
{ "type": "Feature", "properties": { "id": "14080202" }, "geometry": { "type": "Polygon", "coordinates": [ [ [ -108.387, 37.405 ], [ -108.398, 37.396 ], [ -108.399, 37.375 ], [ -108.406, 37.371 ], [ -108.402, 37.358 ], [ -108.417, 37.337 ], [ -108.419, 37.311 ], [ -108.433, 37.303 ], [ -108.44, 37.304 ], [ -108.444, 37.295 ], [ -108.439, 37.283 ], [ -108.45, 37.279 ], [ -108.466, 37.281 ], [ -108.479, 37.274 ], [ -108.487, 37.278 ], [ -108.493, 37.271 ], [ -108.5, 37.275 ], [ -108.526, 37.264 ], [ -108.545, 37.268 ], [ -108.562, 37.261 ], [ -108.57, 37.266 ], [ -108.579, 37.258 ], [ -108.588, 37.259 ], [ -108.607, 37.252 ], [ -108.61, 37.243 ], [ -108.624, 37.242 ], [ -108.637, 37.258 ], [ -108.657, 37.269 ], [ -108.672, 37.273 ], [ -108.7, 37.265 ], [ -108.76, 37.269 ], [ -108.777, 37.284 ], [ -108.791, 37.272 ], [ -108.808, 37.267 ], [ -108.815, 37.27 ], [ -108.819, 37.26 ], [ -108.837, 37.244 ], [ -108.863, 37.246 ], [ -108.874, 37.239 ], [ -108.9, 37.254 ], [ -108.916, 37.256 ], [ -108.979, 37.228 ], [ -109.015, 37.221 ], [ -109.026, 37.224 ], [ -109.045, 37.212 ], [ -109.045, 37.424 ], [ -108.998, 37.438 ], [ -108.993, 37.456 ], [ -108.964, 37.477 ], [ -108.937, 37.529 ], [ -108.91, 37.541 ], [ -108.873, 37.549 ], [ -108.861, 37.558 ], [ -108.858, 37.569 ], [ -108.848, 37.578 ], [ -108.835, 37.577 ], [ -108.823, 37.586 ], [ -108.812, 37.585 ], [ -108.809, 37.579 ], [ -108.8, 37.578 ], [ -108.792, 37.58 ], [ -108.774, 37.598 ], [ -108.769, 37.591 ], [ -108.759, 37.591 ], [ -108.751, 37.603 ], [ -108.742, 37.604 ], [ -108.731, 37.595 ], [ -108.719, 37.603 ], [ -108.691, 37.586 ], [ -108.66, 37.597 ], [ -108.655, 37.594 ], [ -108.652, 37.597 ], [ -108.644, 37.588 ], [ -108.633, 37.586 ], [ -108.614, 37.593 ], [ -108.612, 37.583 ], [ -108.601, 37.573 ], [ -108.609, 37.56 ], [ -108.591, 37.551 ], [ -108.595, 37.528 ], [ -108.588, 37.514 ], [ -108.589, 37.501 ], [ -108.583, 37.497 ], [ -108.587, 37.491 ], [ -108.565, 37.496 ], [ -108.553, 37.491 ], [ -108.554, 37.48 ], [ -108.546, 37.479 ], [ -108.542, 37.467 ], [ -108.529, 37.462 ], [ -108.525, 37.456 ], [ -108.509, 37.461 ], [ -108.501, 37.453 ], [ -108.477, 37.447 ], [ -108.458, 37.434 ], [ -108.447, 37.436 ], [ -108.444, 37.442 ], [ -108.414, 37.439 ], [ -108.407, 37.428 ], [ -108.392, 37.423 ], [ -108.387, 37.405 ] ] ] } },
{ "type": "Feature", "properties": { "id": "10180002" }, "geometry": { "type": "Polygon", "coordinates": [ [ [ -106.185, 40.998 ], [ -106.192, 40.983 ], [ -106.185, 40.964 ], [ -106.189, 40.945 ], [ -106.201, 40.957 ], [ -106.23, 40.967 ], [ -106.253, 40.957 ], [ -106.253, 40.951 ], [ -106.287, 40.953 ], [ -106.298, 40.936 ], [ -106.31, 40.939 ], [ -106.318, 40.935 ], [ -106.321, 40.922 ], [ -106.335, 40.919 ], [ -106.345, 40.931 ], [ -106.354, 40.93 ], [ -106.363, 40.913 ], [ -106.377, 40.909 ], [ -106.408, 40.918 ], [ -106.444, 40.906 ], [ -106.464, 40.919 ], [ -106.467, 40.936 ], [ -106.476, 40.933 ], [ -106.496, 40.952 ], [ -106.514, 40.959 ], [ -106.532, 40.947 ], [ -106.546, 40.953 ], [ -106.556, 40.942 ], [ -106.571, 40.945 ], [ -106.588, 40.933 ], [ -106.593, 40.923 ], [ -106.589, 40.915 ], [ -106.608, 40.9 ], [ -106.638, 40.894 ], [ -106.651, 40.895 ], [ -106.655, 40.889 ], [ -106.648, 40.882 ], [ -106.668, 40.865 ], [ -106.678, 40.868 ], [ -106.691, 40.888 ], [ -106.7, 40.885 ], [ -106.706, 40.876 ], [ -106.739, 40.871 ], [ -106.747, 40.882 ], [ -106.741, 40.89 ], [ -106.77, 40.897 ], [ -106.769, 40.904 ], [ -106.782, 40.907 ], [ -106.8, 40.896 ], [ -106.809, 40.9 ], [ -106.806, 40.906 ], [ -106.825, 40.932 ], [ -106.83, 40.924 ], [ -106.852, 40.925 ], [ -106.852, 40.933 ], [ -106.87, 40.956 ], [ -106.873, 40.974 ], [ -106.87, 40.981 ], [ -106.857, 40.981 ], [ -106.851, 40.99 ], [ -106.861, 40.997 ], [ -106.859, 41.003 ], [ -106.185, 40.998 ] ] ] } },
{ "type": "Feature", "properties": { "id": "14010005" }, "geometry": { "type": "Polygon", "coordinates": [ [ [ -107.366, 39.755 ], [ -107.365, 39.748 ], [ -107.354, 39.745 ], [ -107.352, 39.73 ], [ -107.339, 39.719 ], [ -107.34, 39.708 ], [ -107.35, 39.705 ], [ -107.343, 39.701 ], [ -107.345, 39.697 ], [ -107.333, 39.695 ], [ -107.325, 39.678 ], [ -107.358, 39.673 ], [ -107.364, 39.662 ], [ -107.375, 39.655 ], [ -107.347, 39.643 ], [ -107.342, 39.634 ], [ -107.332, 39.636 ], [ -107.329, 39.63 ], [ -107.307, 39.621 ], [ -107.318, 39.6 ], [ -107.317, 39.563 ], [ -107.33, 39.549 ], [ -107.356, 39.543 ], [ -107.366, 39.536 ], [ -107.362, 39.522 ], [ -107.379, 39.511 ], [ -107.381, 39.495 ], [ -107.394, 39.484 ], [ -107.386, 39.462 ], [ -107.382, 39.428 ], [ -107.394, 39.426 ], [ -107.403, 39.408 ], [ -107.417, 39.406 ], [ -107.422, 39.396 ], [ -107.427, 39.396 ], [ -107.425, 39.364 ], [ -107.431, 39.348 ], [ -107.466, 39.322 ], [ -107.464, 39.315 ], [ -107.452, 39.305 ], [ -107.439, 39.309 ], [ -107.435, 39.299 ], [ -107.413, 39.292 ], [ -107.398, 39.295 ], [ -107.397, 39.283 ], [ -107.378, 39.271 ], [ -107.4, 39.253 ], [ -107.43, 39.257 ], [ -107.43, 39.241 ], [ -107.452, 39.231 ], [ -107.474, 39.229 ], [ -107.484, 39.235 ], [ -107.495, 39.219 ], [ -107.511, 39.216 ], [ -107.529, 39.203 ], [ -107.524, 39.198 ], [ -107.543, 39.196 ], [ -107.543, 39.182 ], [ -107.559, 39.178 ], [ -107.569, 39.181 ], [ -107.593, 39.165 ], [ -107.619, 39.155 ], [ -107.632, 39.141 ], [ -107.639, 39.142 ], [ -107.651, 39.131 ], [ -107.663, 39.116 ], [ -107.66, 39.112 ], [ -107.68, 39.1 ], [ -107.688, 39.088 ], [ -107.709, 39.083 ], [ -107.721, 39.065 ], [ -107.739, 39.066 ], [ -107.743, 39.058 ], [ -107.756, 39.054 ], [ -107.766, 39.043 ], [ -107.795, 39.062 ], [ -107.859, 39.08 ], [ -107.907, 39.061 ], [ -107.917, 39.065 ], [ -107.951, 39.06 ], [ -107.974, 39.061 ], [ -107.983, 39.059 ], [ -107.989, 39.052 ], [ -108.001, 39.051 ], [ -108.025, 39.054 ], [ -108.046, 39.046 ], [ -108.061, 39.047 ], [ -108.081, 39.036 ], [ -108.105, 39.032 ], [ -108.116, 39.044 ], [ -108.125, 39.042 ], [ -108.133, 39.032 ], [ -108.161, 39.04 ], [ -108.189, 39.059 ], [ -108.207, 39.05 ], [ -108.246, 39.051 ], [ -108.261, 39.041 ], [ -108.277, 39.04 ], [ -108.335, 39.012 ], [ -108.36, 39.015 ], [ -108.366, 39.022 ], [ -108.365, 39.028 ], [ -108.383, 39.028 ], [ -108.388, 39.032 ], [ -108.395, 39.021 ], [ -108.407, 39.016 ], [ -108.425, 39.022 ], [ -108.429, 39.016 ], [ -108.438, 39.019 ], [ -108.445, 39.015 ], [ -108.475, 39.017 ], [ -108.481, 39.014 ], [ -108.509, 39.021 ], [ -108.509, 39.033 ], [ -108.523, 39.046 ], [ -108.562, 39.05 ], [ -108.579, 39.063 ], [ -108.585, 39.063 ], [ -108.588, 39.057 ], [ -108.602, 39.051 ], [ -108.619, 39.023 ], [ -108.608, 39.02 ], [ -108.611, 39.018 ], [ -108.607, 39.003 ], [ -108.611, 38.994 ], [ -108.621, 38.991 ], [ -108.635, 38.996 ], [ -108.672, 38.982 ], [ -108.688, 38.959 ], [ -108.708, 38.943 ], [ -108.712, 38.948 ], [ -108.704, 38.952 ], [ -108.701, 38.962 ], [ -108.715, 38.973 ], [ -108.71, 38.995 ], [ -108.732, 39.009 ], [ -108.74, 39.007 ], [ -108.742, 39.014 ], [ -108.755, 39.015 ], [ -108.751, 39.046 ], [ -108.771, 39.056 ], [ -108.766, 39.064 ], [ -108.781, 39.068 ], [ -108.79, 39.077 ], [ -108.796, 39.093 ], [ -108.813, 39.092 ], [ -108.83, 39.097 ], [ -108.844, 39.092 ], [ -108.851, 39.08 ], [ -108.874, 39.078 ], [ -108.875, 39.072 ], [ -108.889, 39.064 ], [ -108.904, 39.063 ], [ -108.93, 39.05 ], [ -108.938, 39.058 ], [ -108.955, 39.057 ], [ -108.967, 39.067 ], [ -108.982, 39.069 ], [ -108.995, 39.078 ], [ -109.022, 39.076 ], [ -109.035, 39.08 ], [ -109.041, 39.074 ], [ -109.052, 39.078 ], [ -109.051, 39.162 ], [ -109.035, 39.175 ], [ -109.041, 39.19 ], [ -109.032, 39.191 ], [ -109.026, 39.198 ], [ -109.037, 39.215 ], [ -109.025, 39.226 ], [ -109.021, 39.25 ], [ -109.009, 39.263 ], [ -109.014, 39.275 ], [ -109.008, 39.292 ], [ -109.014, 39.311 ], [ -109.04, 39.351 ], [ -109.046, 39.351 ], [ -109.051, 39.363 ], [ -109.051, 39.498 ], [ -109.042, 39.512 ], [ -109.027, 39.515 ], [ -109.02, 39.529 ], [ -109.009, 39.535 ], [ -109.007, 39.548 ], [ -108.993, 39.563 ], [ -108.995, 39.569 ], [ -108.988, 39.574 ], [ -108.976, 39.571 ], [ -108.953, 39.582 ], [ -108.942, 39.601 ], [ -108.921, 39.593 ], [ -108.916, 39.613 ], [ -108.907, 39.622 ], [ -108.898, 39.619 ], [ -108.885, 39.622 ], [ -108.88, 39.629 ], [ -108.873, 39.617 ], [ -108.864, 39.621 ], [ -108.858, 39.617 ], [ -108.853, 39.621 ], [ -108.849, 39.613 ], [ -108.835, 39.61 ], [ -108.825, 39.619 ], [ -108.821, 39.605 ], [ -108.811, 39.597 ], [ -108.784, 39.601 ], [ -108.772, 39.607 ], [ -108.757, 39.598 ], [ -108.747, 39.601 ], [ -108.737, 39.594 ], [ -108.717, 39.604 ], [ -108.68, 39.601 ], [ -108.655, 39.624 ], [ -108.657, 39.648 ], [ -108.653, 39.659 ], [ -108.637, 39.655 ], [ -108.629, 39.656 ], [ -108.622, 39.665 ], [ -108.6, 39.675 ], [ -108.592, 39.671 ], [ -108.565, 39.691 ], [ -108.559, 39.684 ], [ -108.539, 39.698 ], [ -108.527, 39.69 ], [ -108.509, 39.692 ], [ -108.495, 39.688 ], [ -108.488, 39.696 ], [ -108.474, 39.699 ], [ -108.446, 39.681 ], [ -108.411, 39.681 ], [ -108.402, 39.67 ], [ -108.395, 39.673 ], [ -108.388, 39.666 ], [ -108.381, 39.668 ], [ -108.381, 39.664 ], [ -108.376, 39.666 ], [ -108.374, 39.662 ], [ -108.347, 39.659 ], [ -108.338, 39.647 ], [ -108.317, 39.649 ], [ -108.311, 39.632 ], [ -108.304, 39.634 ], [ -108.301, 39.626 ], [ -108.294, 39.623 ], [ -108.278, 39.633 ], [ -108.27, 39.649 ], [ -108.246, 39.656 ], [ -108.238, 39.653 ], [ -108.226, 39.659 ], [ -108.225, 39.652 ], [ -108.215, 39.658 ], [ -108.211, 39.649 ], [ -108.198, 39.646 ], [ -108.166, 39.656 ], [ -108.155, 39.651 ], [ -108.14, 39.671 ], [ -108.129, 39.67 ], [ -108.123, 39.677 ], [ -108.105, 39.665 ], [ -108.088, 39.676 ], [ -108.073, 39.678 ], [ -108.069, 39.668 ], [ -108.055, 39.664 ], [ -108.055, 39.657 ], [ -108.047, 39.653 ], [ -108.04, 39.661 ], [ -108.033, 39.657 ], [ -108.021, 39.665 ], [ -108.019, 39.659 ], [ -108.01, 39.659 ], [ -108.009, 39.653 ], [ -107.996, 39.644 ], [ -107.989, 39.649 ], [ -107.981, 39.645 ], [ -107.963, 39.649 ], [ -107.958, 39.647 ], [ -107.926, 39.657 ], [ -107.94, 39.675 ], [ -107.945, 39.701 ], [ -107.924, 39.708 ], [ -107.906, 39.73 ], [ -107.904, 39.74 ], [ -107.886, 39.749 ], [ -107.873, 39.763 ], [ -107.853, 39.768 ], [ -107.848, 39.78 ], [ -107.828, 39.778 ], [ -107.826, 39.773 ], [ -107.813, 39.776 ], [ -107.815, 39.792 ], [ -107.807, 39.796 ], [ -107.792, 39.788 ], [ -107.785, 39.793 ], [ -107.777, 39.79 ], [ -107.767, 39.793 ], [ -107.759, 39.789 ], [ -107.749, 39.791 ], [ -107.744, 39.787 ], [ -107.741, 39.803 ], [ -107.722, 39.812 ], [ -107.717, 39.809 ], [ -107.702, 39.815 ], [ -107.701, 39.821 ], [ -107.694, 39.824 ], [ -107.693, 39.812 ], [ -107.685, 39.807 ], [ -107.678, 39.805 ], [ -107.665, 39.814 ], [ -107.65, 39.804 ], [ -107.64, 39.814 ], [ -107.632, 39.802 ], [ -107.627, 39.808 ], [ -107.615, 39.8 ], [ -107.61, 39.807 ], [ -107.597, 39.809 ], [ -107.592, 39.814 ], [ -107.586, 39.812 ], [ -107.582, 39.828 ], [ -107.575, 39.828 ], [ -107.571, 39.841 ], [ -107.566, 39.843 ], [ -107.551, 39.841 ], [ -107.546, 39.832 ], [ -107.524, 39.834 ], [ -107.512, 39.831 ], [ -107.503, 39.84 ], [ -107.489, 39.84 ], [ -107.469, 39.812 ], [ -107.42, 39.807 ], [ -107.418, 39.794 ], [ -107.428, 39.765 ], [ -107.427, 39.752 ], [ -107.416, 39.743 ], [ -107.366, 39.755 ] ] ] } },
{ "type": "Feature", "properties": { "id": "14040109" }, "geometry": { "type": "Polygon", "coordinates": [ [ [ -108.404, 41.0 ], [ -108.417, 40.992 ], [ -108.415, 40.975 ], [ -108.42, 40.958 ], [ -108.415, 40.954 ], [ -108.427, 40.938 ], [ -108.413, 40.926 ], [ -108.425, 40.9 ], [ -108.471, 40.869 ], [ -108.506, 40.857 ], [ -108.507, 40.842 ], [ -108.513, 40.839 ], [ -108.526, 40.837 ], [ -108.544, 40.847 ], [ -108.579, 40.839 ], [ -108.583, 40.816 ], [ -108.611, 40.808 ], [ -108.617, 40.798 ], [ -108.612, 40.79 ], [ -108.628, 40.781 ], [ -108.62, 40.776 ], [ -108.62, 40.766 ], [ -108.627, 40.755 ], [ -108.611, 40.745 ], [ -108.61, 40.738 ], [ -108.575, 40.732 ], [ -108.57, 40.724 ], [ -108.556, 40.721 ], [ -108.548, 40.713 ], [ -108.56, 40.694 ], [ -108.555, 40.692 ], [ -108.551, 40.678 ], [ -108.538, 40.671 ], [ -108.542, 40.654 ], [ -108.547, 40.655 ], [ -108.552, 40.649 ], [ -108.551, 40.63 ], [ -108.546, 40.624 ], [ -108.569, 40.607 ], [ -108.576, 40.61 ], [ -108.583, 40.607 ], [ -108.58, 40.598 ], [ -108.588, 40.594 ], [ -108.586, 40.583 ], [ -108.618, 40.564 ], [ -108.622, 40.555 ], [ -108.649, 40.556 ], [ -108.657, 40.564 ], [ -108.667, 40.561 ], [ -108.674, 40.565 ], [ -108.686, 40.563 ], [ -108.689, 40.571 ], [ -108.682, 40.571 ], [ -108.667, 40.589 ], [ -108.675, 40.602 ], [ -108.673, 40.62 ], [ -108.681, 40.623 ], [ -108.693, 40.646 ], [ -108.699, 40.65 ], [ -108.691, 40.656 ], [ -108.691, 40.665 ], [ -108.71, 40.666 ], [ -108.719, 40.679 ], [ -108.739, 40.685 ], [ -108.768, 40.725 ], [ -108.791, 40.734 ], [ -108.81, 40.731 ], [ -108.847, 40.741 ], [ -108.864, 40.758 ], [ -108.887, 40.762 ], [ -108.891, 40.768 ], [ -108.892, 40.781 ], [ -108.867, 40.807 ], [ -108.863, 40.826 ], [ -108.854, 40.83 ], [ -108.826, 40.819 ], [ -108.809, 40.82 ], [ -108.8, 40.832 ], [ -108.808, 40.846 ], [ -108.797, 40.853 ], [ -108.807, 40.863 ], [ -108.848, 40.88 ], [ -108.858, 40.892 ], [ -108.878, 40.894 ], [ -108.908, 40.91 ], [ -108.93, 40.913 ], [ -108.931, 40.924 ], [ -108.921, 40.929 ], [ -108.916, 40.942 ], [ -108.897, 40.949 ], [ -108.902, 40.958 ], [ -108.911, 40.963 ], [ -108.927, 40.963 ], [ -108.952, 40.984 ], [ -108.961, 40.983 ], [ -108.983, 40.989 ], [ -109.001, 41.001 ], [ -108.404, 41.0 ] ] ] } },
{ "type": "Feature", "properties": { "id": "14080101" }, "geometry": { "type": "Polygon", "coordinates": [ [ [ -107.537, 37.708 ], [ -107.521, 37.706 ], [ -107.504, 37.693 ], [ -107.502, 37.678 ], [ -107.489, 37.659 ], [ -107.492, 37.652 ], [ -107.461, 37.629 ], [ -107.455, 37.63 ], [ -107.454, 37.634 ], [ -107.442, 37.632 ], [ -107.441, 37.637 ], [ -107.43, 37.641 ], [ -107.424, 37.65 ], [ -107.398, 37.653 ], [ -107.394, 37.679 ], [ -107.375, 37.688 ], [ -107.345, 37.679 ], [ -107.324, 37.684 ], [ -107.307, 37.677 ], [ -107.287, 37.691 ], [ -107.269, 37.696 ], [ -107.273, 37.68 ], [ -107.291, 37.671 ], [ -107.277, 37.656 ], [ -107.279, 37.641 ], [ -107.298, 37.634 ], [ -107.304, 37.637 ], [ -107.307, 37.631 ], [ -107.331, 37.622 ], [ -107.331, 37.609 ], [ -107.341, 37.608 ], [ -107.332, 37.598 ], [ -107.338, 37.581 ], [ -107.33, 37.568 ], [ -107.335, 37.551 ], [ -107.359, 37.534 ], [ -107.356, 37.522 ], [ -107.369, 37.513 ], [ -107.387, 37.485 ], [ -107.398, 37.483 ], [ -107.411, 37.469 ], [ -107.408, 37.449 ], [ -107.416, 37.433 ], [ -107.461, 37.404 ], [ -107.465, 37.391 ], [ -107.477, 37.381 ], [ -107.475, 37.372 ], [ -107.462, 37.37 ], [ -107.452, 37.362 ], [ -107.43, 37.355 ], [ -107.448, 37.352 ], [ -107.452, 37.345 ], [ -107.418, 37.31 ], [ -107.422, 37.302 ], [ -107.444, 37.287 ], [ -107.436, 37.28 ], [ -107.445, 37.273 ], [ -107.441, 37.266 ], [ -107.447, 37.266 ], [ -107.452, 37.258 ], [ -107.466, 37.259 ], [ -107.472, 37.247 ], [ -107.455, 37.208 ], [ -107.461, 37.208 ], [ -107.463, 37.2 ], [ -107.454, 37.189 ], [ -107.459, 37.165 ], [ -107.456, 37.16 ], [ -107.464, 37.141 ], [ -107.447, 37.119 ], [ -107.455, 37.099 ], [ -107.455, 37.09 ], [ -107.448, 37.085 ], [ -107.45, 37.06 ], [ -107.442, 37.044 ], [ -107.425, 37.036 ], [ -107.418, 37.014 ], [ -107.401, 37.007 ], [ -107.397, 37.011 ], [ -107.384, 37.028 ], [ -107.383, 37.046 ], [ -107.372, 37.062 ], [ -107.362, 37.067 ], [ -107.354, 37.062 ], [ -107.341, 37.073 ], [ -107.331, 37.095 ], [ -107.335, 37.103 ], [ -107.292, 37.1 ], [ -107.283, 37.11 ], [ -107.269, 37.112 ], [ -107.271, 37.12 ], [ -107.262, 37.124 ], [ -107.257, 37.133 ], [ -107.217, 37.129 ], [ -107.221, 37.156 ], [ -107.211, 37.16 ], [ -107.21, 37.169 ], [ -107.191, 37.18 ], [ -107.186, 37.179 ], [ -107.177, 37.19 ], [ -107.164, 37.192 ], [ -107.156, 37.183 ], [ -107.145, 37.192 ], [ -107.131, 37.189 ], [ -107.121, 37.197 ], [ -107.097, 37.192 ], [ -107.097, 37.204 ], [ -107.086, 37.207 ], [ -107.084, 37.223 ], [ -107.068, 37.231 ], [ -107.065, 37.251 ], [ -107.059, 37.254 ], [ -107.055, 37.272 ], [ -107.049, 37.28 ], [ -107.055, 37.284 ], [ -107.053, 37.298 ], [ -107.063, 37.304 ], [ -107.058, 37.331 ], [ -107.071, 37.342 ], [ -107.07, 37.362 ], [ -107.079, 37.371 ], [ -107.074, 37.382 ], [ -107.083, 37.411 ], [ -107.074, 37.416 ], [ -107.074, 37.424 ], [ -107.064, 37.432 ], [ -107.067, 37.447 ], [ -107.065, 37.454 ], [ -107.057, 37.457 ], [ -107.055, 37.48 ], [ -107.046, 37.482 ], [ -107.035, 37.475 ], [ -107.029, 37.478 ], [ -107.021, 37.49 ], [ -107.03, 37.507 ], [ -107.016, 37.519 ], [ -107.022, 37.529 ], [ -107.013, 37.533 ], [ -107.008, 37.549 ], [ -107.0, 37.551 ], [ -106.998, 37.561 ], [ -106.98, 37.571 ], [ -106.969, 37.565 ], [ -106.949, 37.571 ], [ -106.939, 37.567 ], [ -106.921, 37.57 ], [ -106.909, 37.564 ], [ -106.888, 37.565 ], [ -106.881, 37.561 ], [ -106.879, 37.544 ], [ -106.885, 37.537 ], [ -106.882, 37.523 ], [ -106.888, 37.517 ], [ -106.874, 37.5 ], [ -106.853, 37.492 ], [ -106.845, 37.499 ], [ -106.837, 37.501 ], [ -106.828, 37.495 ], [ -106.816, 37.499 ], [ -106.8, 37.493 ], [ -106.807, 37.466 ], [ -106.799, 37.457 ], [ -106.773, 37.45 ], [ -106.766, 37.462 ], [ -106.757, 37.465 ], [ -106.749, 37.459 ], [ -106.734, 37.459 ], [ -106.727, 37.447 ], [ -106.717, 37.442 ], [ -106.706, 37.446 ], [ -106.702, 37.451 ], [ -106.681, 37.435 ], [ -106.661, 37.43 ], [ -106.643, 37.413 ], [ -106.641, 37.408 ], [ -106.646, 37.405 ], [ -106.656, 37.409 ], [ -106.664, 37.401 ], [ -106.671, 37.402 ], [ -106.682, 37.376 ], [ -106.7, 37.369 ], [ -106.697, 37.351 ], [ -106.708, 37.336 ], [ -106.692, 37.324 ], [ -106.681, 37.326 ], [ -106.666, 37.321 ], [ -106.663, 37.311 ], [ -106.682, 37.296 ], [ -106.694, 37.275 ], [ -106.686, 37.259 ], [ -106.663, 37.253 ], [ -106.635, 37.257 ], [ -106.631, 37.221 ], [ -106.617, 37.218 ], [ -106.605, 37.221 ], [ -106.605, 37.213 ], [ -106.599, 37.206 ], [ -106.595, 37.208 ], [ -106.592, 37.201 ], [ -106.594, 37.169 ], [ -106.59, 37.163 ], [ -106.594, 37.15 ], [ -106.588, 37.138 ], [ -106.613, 37.136 ], [ -106.627, 37.116 ], [ -106.623, 37.098 ], [ -106.64, 37.054 ], [ -106.629, 37.04 ], [ -106.649, 37.031 ], [ -106.691, 37.04 ], [ -106.688, 37.006 ], [ -106.698, 36.993 ], [ -106.87, 36.992 ], [ -106.879, 37.0 ], [ -107.786, 37.0 ], [ -107.791, 37.027 ], [ -107.779, 37.041 ], [ -107.794, 37.065 ], [ -107.788, 37.071 ], [ -107.753, 37.084 ], [ -107.741, 37.08 ], [ -107.722, 37.082 ], [ -107.721, 37.094 ], [ -107.708, 37.104 ], [ -107.72, 37.105 ], [ -107.717, 37.112 ], [ -107.725, 37.112 ], [ -107.731, 37.119 ], [ -107.719, 37.133 ], [ -107.72, 37.145 ], [ -107.702, 37.157 ], [ -107.69, 37.174 ], [ -107.693, 37.178 ], [ -107.684, 37.184 ], [ -107.69, 37.187 ], [ -107.684, 37.193 ], [ -107.69, 37.206 ], [ -107.687, 37.221 ], [ -107.694, 37.222 ], [ -107.721, 37.256 ], [ -107.721, 37.266 ], [ -107.7, 37.299 ], [ -107.71, 37.324 ], [ -107.689, 37.328 ], [ -107.68, 37.346 ], [ -107.665, 37.346 ], [ -107.666, 37.355 ], [ -107.657, 37.37 ], [ -107.643, 37.385 ], [ -107.634, 37.385 ], [ -107.631, 37.405 ], [ -107.635, 37.417 ], [ -107.611, 37.454 ], [ -107.626, 37.463 ], [ -107.625, 37.473 ], [ -107.61, 37.491 ], [ -107.604, 37.493 ], [ -107.606, 37.503 ], [ -107.597, 37.508 ], [ -107.601, 37.518 ], [ -107.587, 37.535 ], [ -107.557, 37.545 ], [ -107.561, 37.557 ], [ -107.575, 37.559 ], [ -107.576, 37.573 ], [ -107.585, 37.574 ], [ -107.592, 37.582 ], [ -107.6, 37.58 ], [ -107.607, 37.591 ], [ -107.594, 37.604 ], [ -107.591, 37.622 ], [ -107.596, 37.632 ], [ -107.583, 37.651 ], [ -107.585, 37.66 ], [ -107.559, 37.676 ], [ -107.575, 37.685 ], [ -107.576, 37.696 ], [ -107.558, 37.694 ], [ -107.552, 37.702 ], [ -107.537, 37.708 ] ] ] } },
{ "type": "Feature", "properties": { "id": "13010001" }, "geometry": { "type": "Polygon", "coordinates": [ [ [ -106.92, 37.967 ], [ -106.907, 37.963 ], [ -106.897, 37.968 ], [ -106.88, 37.96 ], [ -106.879, 37.95 ], [ -106.856, 37.925 ], [ -106.84, 37.917 ], [ -106.799, 37.915 ], [ -106.777, 37.891 ], [ -106.762, 37.883 ], [ -106.753, 37.881 ], [ -106.737, 37.888 ], [ -106.718, 37.873 ], [ -106.696, 37.875 ], [ -106.682, 37.865 ], [ -106.68, 37.854 ], [ -106.671, 37.857 ], [ -106.654, 37.879 ], [ -106.647, 37.899 ], [ -106.636, 37.904 ], [ -106.63, 37.883 ], [ -106.595, 37.861 ], [ -106.594, 37.852 ], [ -106.578, 37.836 ], [ -106.575, 37.842 ], [ -106.562, 37.843 ], [ -106.563, 37.848 ], [ -106.557, 37.852 ], [ -106.534, 37.852 ], [ -106.522, 37.851 ], [ -106.518, 37.844 ], [ -106.494, 37.836 ], [ -106.467, 37.831 ], [ -106.46, 37.835 ], [ -106.437, 37.824 ], [ -106.427, 37.813 ], [ -106.416, 37.814 ], [ -106.424, 37.791 ], [ -106.421, 37.772 ], [ -106.409, 37.763 ], [ -106.408, 37.746 ], [ -106.399, 37.743 ], [ -106.39, 37.718 ], [ -106.368, 37.704 ], [ -106.366, 37.687 ], [ -106.403, 37.681 ], [ -106.424, 37.64 ], [ -106.449, 37.632 ], [ -106.479, 37.591 ], [ -106.508, 37.578 ], [ -106.521, 37.576 ], [ -106.541, 37.583 ], [ -106.557, 37.578 ], [ -106.564, 37.552 ], [ -106.572, 37.546 ], [ -106.567, 37.533 ], [ -106.577, 37.518 ], [ -106.574, 37.51 ], [ -106.58, 37.485 ], [ -106.593, 37.462 ], [ -106.593, 37.452 ], [ -106.626, 37.447 ], [ -106.621, 37.43 ], [ -106.609, 37.419 ], [ -106.618, 37.411 ], [ -106.623, 37.413 ], [ -106.641, 37.408 ], [ -106.658, 37.428 ], [ -106.681, 37.435 ], [ -106.702, 37.451 ], [ -106.706, 37.446 ], [ -106.717, 37.442 ], [ -106.727, 37.447 ], [ -106.734, 37.459 ], [ -106.749, 37.459 ], [ -106.757, 37.465 ], [ -106.766, 37.462 ], [ -106.773, 37.45 ], [ -106.798, 37.457 ], [ -106.807, 37.466 ], [ -106.8, 37.493 ], [ -106.816, 37.499 ], [ -106.828, 37.495 ], [ -106.837, 37.501 ], [ -106.845, 37.499 ], [ -106.853, 37.492 ], [ -106.874, 37.499 ], [ -106.888, 37.517 ], [ -106.882, 37.523 ], [ -106.885, 37.537 ], [ -106.879, 37.544 ], [ -106.881, 37.561 ], [ -106.888, 37.565 ], [ -106.909, 37.564 ], [ -106.921, 37.57 ], [ -106.939, 37.567 ], [ -106.949, 37.571 ], [ -106.969, 37.565 ], [ -106.981, 37.571 ], [ -106.999, 37.569 ], [ -107.008, 37.574 ], [ -107.019, 37.563 ], [ -107.045, 37.56 ], [ -107.049, 37.57 ], [ -107.064, 37.572 ], [ -107.078, 37.569 ], [ -107.093, 37.574 ], [ -107.092, 37.596 ], [ -107.106, 37.6 ], [ -107.11, 37.608 ], [ -107.139, 37.602 ], [ -107.144, 37.618 ], [ -107.14, 37.624 ], [ -107.153, 37.637 ], [ -107.173, 37.633 ], [ -107.177, 37.628 ], [ -107.199, 37.626 ], [ -107.201, 37.611 ], [ -107.223, 37.595 ], [ -107.231, 37.595 ], [ -107.256, 37.616 ], [ -107.257, 37.628 ], [ -107.266, 37.63 ], [ -107.279, 37.641 ], [ -107.277, 37.656 ], [ -107.291, 37.671 ], [ -107.273, 37.68 ], [ -107.269, 37.696 ], [ -107.287, 37.691 ], [ -107.307, 37.677 ], [ -107.324, 37.684 ], [ -107.345, 37.679 ], [ -107.375, 37.688 ], [ -107.394, 37.679 ], [ -107.398, 37.653 ], [ -107.424, 37.65 ], [ -107.43, 37.641 ], [ -107.441, 37.637 ], [ -107.442, 37.632 ], [ -107.454, 37.634 ], [ -107.455, 37.63 ], [ -107.461, 37.629 ], [ -107.492, 37.652 ], [ -107.489, 37.659 ], [ -107.502, 37.678 ], [ -107.504, 37.693 ], [ -107.521, 37.706 ], [ -107.537, 37.708 ], [ -107.536, 37.722 ], [ -107.542, 37.725 ], [ -107.542, 37.732 ], [ -107.548, 37.736 ], [ -107.559, 37.762 ], [ -107.555, 37.79 ], [ -107.546, 37.8 ], [ -107.53, 37.801 ], [ -107.526, 37.813 ], [ -107.518, 37.816 ], [ -107.523, 37.823 ], [ -107.517, 37.826 ], [ -107.516, 37.835 ], [ -107.507, 37.841 ], [ -107.5, 37.84 ], [ -107.495, 37.85 ], [ -107.484, 37.845 ], [ -107.467, 37.846 ], [ -107.465, 37.859 ], [ -107.451, 37.847 ], [ -107.445, 37.849 ], [ -107.446, 37.844 ], [ -107.436, 37.846 ], [ -107.425, 37.859 ], [ -107.389, 37.855 ], [ -107.381, 37.861 ], [ -107.375, 37.856 ], [ -107.361, 37.859 ], [ -107.349, 37.857 ], [ -107.336, 37.876 ], [ -107.301, 37.899 ], [ -107.299, 37.905 ], [ -107.267, 37.938 ], [ -107.253, 37.929 ], [ -107.225, 37.926 ], [ -107.202, 37.93 ], [ -107.19, 37.937 ], [ -107.155, 37.94 ], [ -107.132, 37.937 ], [ -107.109, 37.944 ], [ -107.103, 37.955 ], [ -107.092, 37.949 ], [ -107.073, 37.955 ], [ -107.068, 37.961 ], [ -107.061, 37.96 ], [ -107.055, 37.951 ], [ -107.037, 37.949 ], [ -107.025, 37.954 ], [ -107.009, 37.946 ], [ -107.005, 37.957 ], [ -106.987, 37.963 ], [ -106.987, 37.969 ], [ -106.977, 37.969 ], [ -106.967, 37.975 ], [ -106.945, 37.952 ], [ -106.92, 37.967 ] ] ] } },
{ "type": "Feature", "properties": { "id": "13010002" }, "geometry": { "type": "Polygon", "coordinates": [ [ [ -105.486, 37.578 ], [ -105.455, 37.589 ], [ -105.441, 37.612 ], [ -105.409, 37.618 ], [ -105.4, 37.614 ], [ -105.37, 37.64 ], [ -105.355, 37.636 ], [ -105.297, 37.658 ], [ -105.285, 37.646 ], [ -105.267, 37.639 ], [ -105.255, 37.64 ], [ -105.253, 37.631 ], [ -105.243, 37.629 ], [ -105.236, 37.621 ], [ -105.221, 37.621 ], [ -105.215, 37.627 ], [ -105.184, 37.616 ], [ -105.196, 37.609 ], [ -105.193, 37.592 ], [ -105.203, 37.595 ], [ -105.219, 37.583 ], [ -105.196, 37.57 ], [ -105.179, 37.548 ], [ -105.184, 37.54 ], [ -105.172, 37.518 ], [ -105.172, 37.5 ], [ -105.178, 37.491 ], [ -105.175, 37.485 ], [ -105.182, 37.479 ], [ -105.177, 37.475 ], [ -105.176, 37.457 ], [ -105.163, 37.454 ], [ -105.156, 37.457 ], [ -105.145, 37.429 ], [ -105.141, 37.429 ], [ -105.14, 37.416 ], [ -105.13, 37.409 ], [ -105.138, 37.401 ], [ -105.158, 37.398 ], [ -105.167, 37.389 ], [ -105.169, 37.375 ], [ -105.164, 37.345 ], [ -105.168, 37.337 ], [ -105.163, 37.329 ], [ -105.167, 37.323 ], [ -105.165, 37.285 ], [ -105.16, 37.282 ], [ -105.153, 37.238 ], [ -105.161, 37.231 ], [ -105.159, 37.224 ], [ -105.167, 37.205 ], [ -105.165, 37.186 ], [ -105.173, 37.172 ], [ -105.167, 37.171 ], [ -105.166, 37.152 ], [ -105.175, 37.14 ], [ -105.174, 37.126 ], [ -105.187, 37.12 ], [ -105.182, 37.112 ], [ -105.188, 37.107 ], [ -105.191, 37.094 ], [ -105.208, 37.088 ], [ -105.211, 37.054 ], [ -105.235, 37.035 ], [ -105.247, 37.036 ], [ -105.258, 37.022 ], [ -105.273, 37.025 ], [ -105.275, 37.015 ], [ -105.284, 37.012 ], [ -105.297, 36.996 ], [ -105.492, 36.996 ], [ -105.497, 37.007 ], [ -105.494, 37.019 ], [ -105.504, 37.032 ], [ -105.504, 37.045 ], [ -105.494, 37.051 ], [ -105.466, 37.039 ], [ -105.465, 37.032 ], [ -105.462, 37.033 ], [ -105.463, 37.055 ], [ -105.455, 37.063 ], [ -105.45, 37.1 ], [ -105.429, 37.113 ], [ -105.434, 37.127 ], [ -105.454, 37.153 ], [ -105.46, 37.175 ], [ -105.458, 37.187 ], [ -105.477, 37.193 ], [ -105.559, 37.184 ], [ -105.585, 37.166 ], [ -105.637, 37.145 ], [ -105.65, 37.144 ], [ -105.666, 37.133 ], [ -105.683, 37.119 ], [ -105.682, 37.11 ], [ -105.697, 37.093 ], [ -105.697, 37.077 ], [ -105.713, 37.043 ], [ -105.709, 37.018 ], [ -105.72, 37.004 ], [ -105.719, 36.999 ], [ -105.726, 36.997 ], [ -105.764, 36.996 ], [ -105.781, 36.999 ], [ -105.789, 37.006 ], [ -105.793, 36.997 ], [ -105.805, 37.0 ], [ -105.815, 36.996 ], [ -106.004, 36.995 ], [ -105.998, 37.007 ], [ -106.008, 37.02 ], [ -106.008, 37.054 ], [ -106.002, 37.059 ], [ -105.953, 37.066 ], [ -105.923, 37.064 ], [ -105.867, 37.048 ], [ -105.841, 37.049 ], [ -105.828, 37.041 ], [ -105.818, 37.042 ], [ -105.818, 37.052 ], [ -105.811, 37.057 ], [ -105.812, 37.068 ], [ -105.808, 37.07 ], [ -105.832, 37.076 ], [ -105.834, 37.099 ], [ -105.829, 37.133 ], [ -105.803, 37.152 ], [ -105.816, 37.161 ], [ -105.811, 37.162 ], [ -105.8, 37.191 ], [ -105.788, 37.201 ], [ -105.789, 37.207 ], [ -105.811, 37.216 ], [ -105.798, 37.223 ], [ -105.793, 37.235 ], [ -105.797, 37.247 ], [ -105.786, 37.249 ], [ -105.78, 37.258 ], [ -105.791, 37.27 ], [ -105.792, 37.283 ], [ -105.758, 37.298 ], [ -105.744, 37.297 ], [ -105.738, 37.3 ], [ -105.739, 37.305 ], [ -105.769, 37.31 ], [ -105.791, 37.302 ], [ -105.809, 37.302 ], [ -105.842, 37.289 ], [ -105.893, 37.239 ], [ -105.913, 37.207 ], [ -105.98, 37.153 ], [ -106.01, 37.117 ], [ -106.019, 37.115 ], [ -106.063, 37.086 ], [ -106.097, 37.075 ], [ -106.119, 37.062 ], [ -106.144, 37.062 ], [ -106.172, 37.073 ], [ -106.175, 37.082 ], [ -106.192, 37.084 ], [ -106.211, 37.108 ], [ -106.228, 37.103 ], [ -106.238, 37.125 ], [ -106.248, 37.126 ], [ -106.257, 37.121 ], [ -106.276, 37.126 ], [ -106.291, 37.148 ], [ -106.32, 37.163 ], [ -106.339, 37.18 ], [ -106.355, 37.183 ], [ -106.361, 37.193 ], [ -106.381, 37.184 ], [ -106.418, 37.188 ], [ -106.427, 37.182 ], [ -106.437, 37.211 ], [ -106.461, 37.241 ], [ -106.443, 37.258 ], [ -106.452, 37.289 ], [ -106.444, 37.295 ], [ -106.449, 37.308 ], [ -106.446, 37.312 ], [ -106.438, 37.312 ], [ -106.428, 37.326 ], [ -106.439, 37.344 ], [ -106.448, 37.343 ], [ -106.464, 37.352 ], [ -106.464, 37.357 ], [ -106.476, 37.359 ], [ -106.485, 37.381 ], [ -106.5, 37.379 ], [ -106.51, 37.368 ], [ -106.526, 37.375 ], [ -106.542, 37.376 ], [ -106.56, 37.36 ], [ -106.589, 37.358 ], [ -106.593, 37.35 ], [ -106.619, 37.338 ], [ -106.647, 37.345 ], [ -106.683, 37.335 ], [ -106.701, 37.342 ], [ -106.697, 37.351 ], [ -106.7, 37.369 ], [ -106.682, 37.376 ], [ -106.671, 37.402 ], [ -106.664, 37.401 ], [ -106.656, 37.409 ], [ -106.647, 37.405 ], [ -106.628, 37.412 ], [ -106.618, 37.411 ], [ -106.609, 37.419 ], [ -106.621, 37.43 ], [ -106.626, 37.447 ], [ -106.593, 37.452 ], [ -106.593, 37.462 ], [ -106.58, 37.485 ], [ -106.574, 37.51 ], [ -106.577, 37.518 ], [ -106.567, 37.533 ], [ -106.572, 37.546 ], [ -106.564, 37.552 ], [ -106.557, 37.578 ], [ -106.541, 37.583 ], [ -106.521, 37.576 ], [ -106.508, 37.578 ], [ -106.473, 37.595 ], [ -106.461, 37.619 ], [ -106.449, 37.632 ], [ -106.424, 37.64 ], [ -106.403, 37.681 ], [ -106.366, 37.686 ], [ -106.366, 37.693 ], [ -106.333, 37.693 ], [ -106.31, 37.688 ], [ -106.252, 37.661 ], [ -106.242, 37.651 ], [ -106.231, 37.655 ], [ -106.214, 37.654 ], [ -106.144, 37.624 ], [ -106.109, 37.618 ], [ -106.097, 37.611 ], [ -106.079, 37.61 ], [ -106.069, 37.604 ], [ -106.039, 37.597 ], [ -105.993, 37.594 ], [ -105.957, 37.573 ], [ -105.953, 37.557 ], [ -105.92, 37.531 ], [ -105.892, 37.527 ], [ -105.874, 37.518 ], [ -105.819, 37.517 ], [ -105.811, 37.512 ], [ -105.792, 37.51 ], [ -105.781, 37.496 ], [ -105.77, 37.495 ], [ -105.759, 37.486 ], [ -105.763, 37.478 ], [ -105.755, 37.48 ], [ -105.747, 37.474 ], [ -105.734, 37.474 ], [ -105.73, 37.468 ], [ -105.719, 37.469 ], [ -105.674, 37.457 ], [ -105.661, 37.456 ], [ -105.636, 37.462 ], [ -105.619, 37.458 ], [ -105.579, 37.461 ], [ -105.554, 37.477 ], [ -105.52, 37.487 ], [ -105.507, 37.511 ], [ -105.506, 37.558 ], [ -105.499, 37.56 ], [ -105.494, 37.572 ], [ -105.486, 37.578 ] ] ] } },
{ "type": "Feature", "properties": { "id": "14010001" }, "geometry": { "type": "Polygon", "coordinates": [ [ [ -105.803, 40.412 ], [ -105.791, 40.399 ], [ -105.791, 40.387 ], [ -105.774, 40.365 ], [ -105.757, 40.351 ], [ -105.737, 40.347 ], [ -105.729, 40.335 ], [ -105.698, 40.32 ], [ -105.703, 40.313 ], [ -105.691, 40.309 ], [ -105.686, 40.303 ], [ -105.688, 40.294 ], [ -105.682, 40.292 ], [ -105.687, 40.288 ], [ -105.681, 40.284 ], [ -105.679, 40.268 ], [ -105.658, 40.263 ], [ -105.644, 40.25 ], [ -105.66, 40.249 ], [ -105.669, 40.229 ], [ -105.663, 40.22 ], [ -105.671, 40.219 ], [ -105.678, 40.191 ], [ -105.67, 40.185 ], [ -105.668, 40.158 ], [ -105.636, 40.146 ], [ -105.627, 40.127 ], [ -105.626, 40.119 ], [ -105.637, 40.107 ], [ -105.633, 40.081 ], [ -105.641, 40.073 ], [ -105.639, 40.067 ], [ -105.651, 40.059 ], [ -105.638, 40.045 ], [ -105.652, 40.021 ], [ -105.69, 40.014 ], [ -105.691, 39.997 ], [ -105.683, 39.993 ], [ -105.69, 39.97 ], [ -105.685, 39.959 ], [ -105.694, 39.95 ], [ -105.694, 39.942 ], [ -105.675, 39.933 ], [ -105.691, 39.897 ], [ -105.7, 39.892 ], [ -105.701, 39.879 ], [ -105.69, 39.852 ], [ -105.696, 39.839 ], [ -105.713, 39.838 ], [ -105.736, 39.805 ], [ -105.764, 39.795 ], [ -105.799, 39.803 ], [ -105.823, 39.786 ], [ -105.852, 39.788 ], [ -105.855, 39.796 ], [ -105.888, 39.797 ], [ -105.892, 39.782 ], [ -105.88, 39.759 ], [ -105.883, 39.737 ], [ -105.891, 39.731 ], [ -105.907, 39.727 ], [ -105.925, 39.699 ], [ -105.945, 39.689 ], [ -105.951, 39.695 ], [ -105.996, 39.684 ], [ -106.026, 39.69 ], [ -106.041, 39.716 ], [ -106.059, 39.725 ], [ -106.062, 39.751 ], [ -106.081, 39.788 ], [ -106.078, 39.794 ], [ -106.084, 39.807 ], [ -106.125, 39.842 ], [ -106.132, 39.844 ], [ -106.149, 39.839 ], [ -106.177, 39.848 ], [ -106.2, 39.864 ], [ -106.206, 39.877 ], [ -106.218, 39.882 ], [ -106.232, 39.901 ], [ -106.268, 39.923 ], [ -106.288, 39.951 ], [ -106.286, 39.959 ], [ -106.29, 39.969 ], [ -106.304, 39.982 ], [ -106.295, 39.989 ], [ -106.297, 39.996 ], [ -106.309, 40.008 ], [ -106.313, 40.004 ], [ -106.321, 40.007 ], [ -106.32, 40.018 ], [ -106.332, 40.018 ], [ -106.37, 40.038 ], [ -106.395, 40.043 ], [ -106.415, 40.027 ], [ -106.416, 40.013 ], [ -106.446, 40.002 ], [ -106.45, 39.986 ], [ -106.471, 39.98 ], [ -106.466, 39.97 ], [ -106.461, 39.971 ], [ -106.456, 39.966 ], [ -106.455, 39.96 ], [ -106.441, 39.956 ], [ -106.441, 39.93 ], [ -106.434, 39.924 ], [ -106.441, 39.918 ], [ -106.431, 39.91 ], [ -106.429, 39.897 ], [ -106.433, 39.869 ], [ -106.401, 39.8 ], [ -106.39, 39.787 ], [ -106.385, 39.768 ], [ -106.363, 39.752 ], [ -106.344, 39.759 ], [ -106.325, 39.733 ], [ -106.298, 39.721 ], [ -106.292, 39.706 ], [ -106.301, 39.703 ], [ -106.311, 39.705 ], [ -106.312, 39.701 ], [ -106.33, 39.699 ], [ -106.352, 39.723 ], [ -106.379, 39.722 ], [ -106.436, 39.697 ], [ -106.431, 39.678 ], [ -106.454, 39.667 ], [ -106.465, 39.673 ], [ -106.467, 39.682 ], [ -106.491, 39.688 ], [ -106.524, 39.713 ], [ -106.548, 39.723 ], [ -106.568, 39.721 ], [ -106.57, 39.733 ], [ -106.582, 39.737 ], [ -106.589, 39.751 ], [ -106.601, 39.759 ], [ -106.607, 39.776 ], [ -106.661, 39.795 ], [ -106.667, 39.807 ], [ -106.687, 39.815 ], [ -106.714, 39.835 ], [ -106.722, 39.827 ], [ -106.777, 39.804 ], [ -106.83, 39.772 ], [ -106.857, 39.776 ], [ -106.857, 39.78 ], [ -106.881, 39.782 ], [ -106.884, 39.768 ], [ -106.895, 39.762 ], [ -106.899, 39.737 ], [ -106.919, 39.732 ], [ -106.935, 39.719 ], [ -106.938, 39.708 ], [ -106.946, 39.708 ], [ -106.954, 39.697 ], [ -106.965, 39.693 ], [ -106.991, 39.698 ], [ -107.04, 39.683 ], [ -107.042, 39.663 ], [ -107.056, 39.65 ], [ -107.053, 39.641 ], [ -107.058, 39.63 ], [ -107.049, 39.621 ], [ -107.046, 39.605 ], [ -107.025, 39.585 ], [ -107.026, 39.572 ], [ -107.006, 39.555 ], [ -107.01, 39.547 ], [ -106.999, 39.54 ], [ -107.0, 39.525 ], [ -106.989, 39.511 ], [ -106.975, 39.504 ], [ -106.986, 39.496 ], [ -107.01, 39.498 ], [ -107.014, 39.491 ], [ -107.025, 39.496 ], [ -107.043, 39.494 ], [ -107.055, 39.501 ], [ -107.054, 39.511 ], [ -107.06, 39.509 ], [ -107.064, 39.514 ], [ -107.058, 39.53 ], [ -107.076, 39.548 ], [ -107.074, 39.551 ], [ -107.084, 39.555 ], [ -107.081, 39.562 ], [ -107.092, 39.564 ], [ -107.111, 39.56 ], [ -107.112, 39.556 ], [ -107.13, 39.555 ], [ -107.127, 39.549 ], [ -107.134, 39.543 ], [ -107.176, 39.544 ], [ -107.186, 39.54 ], [ -107.193, 39.547 ], [ -107.228, 39.534 ], [ -107.24, 39.534 ], [ -107.259, 39.542 ], [ -107.279, 39.538 ], [ -107.311, 39.545 ], [ -107.32, 39.541 ], [ -107.33, 39.549 ], [ -107.317, 39.562 ], [ -107.318, 39.6 ], [ -107.307, 39.621 ], [ -107.329, 39.63 ], [ -107.332, 39.636 ], [ -107.342, 39.634 ], [ -107.347, 39.643 ], [ -107.375, 39.655 ], [ -107.364, 39.662 ], [ -107.358, 39.673 ], [ -107.325, 39.678 ], [ -107.333, 39.695 ], [ -107.345, 39.697 ], [ -107.343, 39.701 ], [ -107.35, 39.705 ], [ -107.34, 39.708 ], [ -107.339, 39.719 ], [ -107.352, 39.73 ], [ -107.354, 39.745 ], [ -107.365, 39.748 ], [ -107.366, 39.755 ], [ -107.356, 39.772 ], [ -107.347, 39.773 ], [ -107.339, 39.782 ], [ -107.329, 39.775 ], [ -107.305, 39.778 ], [ -107.289, 39.774 ], [ -107.266, 39.784 ], [ -107.262, 39.798 ], [ -107.286, 39.799 ], [ -107.291, 39.812 ], [ -107.284, 39.822 ], [ -107.289, 39.827 ], [ -107.303, 39.829 ], [ -107.304, 39.84 ], [ -107.276, 39.85 ], [ -107.287, 39.863 ], [ -107.285, 39.874 ], [ -107.257, 39.874 ], [ -107.259, 39.886 ], [ -107.235, 39.905 ], [ -107.226, 39.901 ], [ -107.22, 39.905 ], [ -107.21, 39.899 ], [ -107.181, 39.909 ], [ -107.175, 39.92 ], [ -107.185, 39.928 ], [ -107.172, 39.95 ], [ -107.171, 39.97 ], [ -107.156, 39.976 ], [ -107.137, 39.975 ], [ -107.129, 40.002 ], [ -107.091, 40.014 ], [ -107.065, 40.009 ], [ -107.063, 39.999 ], [ -107.057, 39.995 ], [ -107.044, 40.023 ], [ -107.021, 40.03 ], [ -107.013, 40.047 ], [ -106.998, 40.054 ], [ -106.986, 40.071 ], [ -106.967, 40.069 ], [ -106.944, 40.079 ], [ -106.921, 40.07 ], [ -106.836, 40.058 ], [ -106.821, 40.064 ], [ -106.818, 40.081 ], [ -106.798, 40.096 ], [ -106.803, 40.112 ], [ -106.791, 40.136 ], [ -106.762, 40.135 ], [ -106.761, 40.13 ], [ -106.748, 40.13 ], [ -106.749, 40.125 ], [ -106.741, 40.119 ], [ -106.717, 40.119 ], [ -106.71, 40.102 ], [ -106.694, 40.103 ], [ -106.686, 40.109 ], [ -106.684, 40.118 ], [ -106.66, 40.136 ], [ -106.666, 40.147 ], [ -106.675, 40.148 ], [ -106.681, 40.155 ], [ -106.676, 40.163 ], [ -106.669, 40.166 ], [ -106.658, 40.16 ], [ -106.647, 40.163 ], [ -106.636, 40.173 ], [ -106.626, 40.172 ], [ -106.64, 40.189 ], [ -106.633, 40.196 ], [ -106.618, 40.197 ], [ -106.618, 40.202 ], [ -106.638, 40.209 ], [ -106.637, 40.214 ], [ -106.647, 40.223 ], [ -106.657, 40.224 ], [ -106.647, 40.231 ], [ -106.634, 40.225 ], [ -106.61, 40.224 ], [ -106.608, 40.23 ], [ -106.6, 40.229 ], [ -106.592, 40.236 ], [ -106.59, 40.243 ], [ -106.596, 40.253 ], [ -106.61, 40.256 ], [ -106.616, 40.277 ], [ -106.652, 40.29 ], [ -106.663, 40.301 ], [ -106.676, 40.298 ], [ -106.688, 40.317 ], [ -106.687, 40.321 ], [ -106.654, 40.337 ], [ -106.644, 40.35 ], [ -106.655, 40.368 ], [ -106.634, 40.385 ], [ -106.642, 40.392 ], [ -106.641, 40.402 ], [ -106.656, 40.409 ], [ -106.644, 40.412 ], [ -106.651, 40.421 ], [ -106.645, 40.432 ], [ -106.622, 40.43 ], [ -106.629, 40.419 ], [ -106.61, 40.378 ], [ -106.601, 40.376 ], [ -106.594, 40.383 ], [ -106.561, 40.379 ], [ -106.553, 40.37 ], [ -106.54, 40.371 ], [ -106.535, 40.365 ], [ -106.526, 40.385 ], [ -106.519, 40.391 ], [ -106.512, 40.387 ], [ -106.49, 40.412 ], [ -106.478, 40.405 ], [ -106.481, 40.39 ], [ -106.466, 40.378 ], [ -106.458, 40.359 ], [ -106.443, 40.346 ], [ -106.422, 40.353 ], [ -106.403, 40.345 ], [ -106.39, 40.345 ], [ -106.385, 40.353 ], [ -106.356, 40.359 ], [ -106.337, 40.34 ], [ -106.322, 40.338 ], [ -106.306, 40.328 ], [ -106.296, 40.333 ], [ -106.299, 40.35 ], [ -106.291, 40.358 ], [ -106.279, 40.354 ], [ -106.266, 40.361 ], [ -106.231, 40.323 ], [ -106.217, 40.329 ], [ -106.189, 40.327 ], [ -106.171, 40.344 ], [ -106.136, 40.33 ], [ -106.134, 40.336 ], [ -106.101, 40.354 ], [ -106.086, 40.347 ], [ -106.019, 40.373 ], [ -106.014, 40.373 ], [ -106.011, 40.362 ], [ -105.986, 40.364 ], [ -105.971, 40.35 ], [ -105.96, 40.348 ], [ -105.954, 40.36 ], [ -105.938, 40.366 ], [ -105.938, 40.372 ], [ -105.947, 40.378 ], [ -105.946, 40.385 ], [ -105.925, 40.393 ], [ -105.921, 40.402 ], [ -105.903, 40.401 ], [ -105.898, 40.418 ], [ -105.904, 40.432 ], [ -105.897, 40.449 ], [ -105.899, 40.466 ], [ -105.892, 40.476 ], [ -105.863, 40.48 ], [ -105.855, 40.486 ], [ -105.807, 40.474 ], [ -105.811, 40.471 ], [ -105.804, 40.464 ], [ -105.806, 40.448 ], [ -105.816, 40.437 ], [ -105.818, 40.425 ], [ -105.803, 40.412 ] ] ] } },
{ "type": "Feature", "properties": { "id": "10250006" }, "geometry": { "type": "Polygon", "coordinates": [ [ [ -102.051, 40.959 ], [ -102.051, 40.669 ], [ -102.057, 40.667 ], [ -102.129, 40.692 ], [ -102.14, 40.706 ], [ -102.168, 40.708 ], [ -102.181, 40.714 ], [ -102.196, 40.715 ], [ -102.218, 40.707 ], [ -102.237, 40.714 ], [ -102.255, 40.706 ], [ -102.293, 40.709 ], [ -102.312, 40.716 ], [ -102.379, 40.724 ], [ -102.397, 40.734 ], [ -102.399, 40.73 ], [ -102.44, 40.736 ], [ -102.443, 40.729 ], [ -102.457, 40.728 ], [ -102.464, 40.721 ], [ -102.495, 40.718 ], [ -102.523, 40.731 ], [ -102.57, 40.727 ], [ -102.597, 40.733 ], [ -102.647, 40.752 ], [ -102.672, 40.769 ], [ -102.7, 40.765 ], [ -102.716, 40.769 ], [ -102.719, 40.78 ], [ -102.707, 40.782 ], [ -102.707, 40.787 ], [ -102.681, 40.782 ], [ -102.679, 40.791 ], [ -102.659, 40.785 ], [ -102.657, 40.796 ], [ -102.646, 40.79 ], [ -102.638, 40.794 ], [ -102.634, 40.804 ], [ -102.614, 40.811 ], [ -102.619, 40.82 ], [ -102.609, 40.813 ], [ -102.602, 40.815 ], [ -102.606, 40.818 ], [ -102.599, 40.831 ], [ -102.58, 40.824 ], [ -102.569, 40.826 ], [ -102.556, 40.836 ], [ -102.549, 40.836 ], [ -102.552, 40.845 ], [ -102.543, 40.849 ], [ -102.535, 40.846 ], [ -102.533, 40.857 ], [ -102.509, 40.86 ], [ -102.511, 40.868 ], [ -102.467, 40.87 ], [ -102.456, 40.859 ], [ -102.425, 40.866 ], [ -102.431, 40.894 ], [ -102.401, 40.884 ], [ -102.364, 40.877 ], [ -102.3, 40.881 ], [ -102.302, 40.888 ], [ -102.284, 40.893 ], [ -102.287, 40.903 ], [ -102.279, 40.907 ], [ -102.264, 40.905 ], [ -102.253, 40.913 ], [ -102.243, 40.904 ], [ -102.226, 40.908 ], [ -102.225, 40.913 ], [ -102.215, 40.91 ], [ -102.205, 40.915 ], [ -102.184, 40.915 ], [ -102.179, 40.921 ], [ -102.151, 40.928 ], [ -102.154, 40.947 ], [ -102.144, 40.955 ], [ -102.135, 40.955 ], [ -102.127, 40.944 ], [ -102.116, 40.941 ], [ -102.085, 40.95 ], [ -102.087, 40.964 ], [ -102.067, 40.966 ], [ -102.063, 40.961 ], [ -102.051, 40.959 ] ] ] } },
{ "type": "Feature", "properties": { "id": "10250005" }, "geometry": { "type": "Polygon", "coordinates": [ [ [ -102.716, 40.769 ], [ -102.7, 40.765 ], [ -102.672, 40.769 ], [ -102.647, 40.752 ], [ -102.597, 40.733 ], [ -102.57, 40.727 ], [ -102.523, 40.731 ], [ -102.495, 40.718 ], [ -102.464, 40.721 ], [ -102.457, 40.728 ], [ -102.443, 40.729 ], [ -102.44, 40.736 ], [ -102.399, 40.73 ], [ -102.397, 40.734 ], [ -102.379, 40.724 ], [ -102.312, 40.716 ], [ -102.293, 40.709 ], [ -102.255, 40.706 ], [ -102.237, 40.714 ], [ -102.218, 40.707 ], [ -102.196, 40.715 ], [ -102.181, 40.714 ], [ -102.168, 40.708 ], [ -102.14, 40.706 ], [ -102.13, 40.693 ], [ -102.109, 40.688 ], [ -102.075, 40.671 ], [ -102.059, 40.667 ], [ -102.051, 40.669 ], [ -102.051, 40.338 ], [ -102.068, 40.337 ], [ -102.065, 40.332 ], [ -102.069, 40.334 ], [ -102.071, 40.329 ], [ -102.089, 40.346 ], [ -102.098, 40.348 ], [ -102.113, 40.365 ], [ -102.127, 40.373 ], [ -102.133, 40.373 ], [ -102.158, 40.391 ], [ -102.157, 40.387 ], [ -102.162, 40.389 ], [ -102.179, 40.405 ], [ -102.178, 40.391 ], [ -102.185, 40.39 ], [ -102.196, 40.4 ], [ -102.191, 40.404 ], [ -102.195, 40.415 ], [ -102.21, 40.424 ], [ -102.224, 40.422 ], [ -102.234, 40.429 ], [ -102.232, 40.424 ], [ -102.242, 40.424 ], [ -102.233, 40.41 ], [ -102.245, 40.406 ], [ -102.257, 40.416 ], [ -102.259, 40.412 ], [ -102.262, 40.415 ], [ -102.272, 40.431 ], [ -102.279, 40.429 ], [ -102.292, 40.445 ], [ -102.302, 40.443 ], [ -102.303, 40.439 ], [ -102.333, 40.46 ], [ -102.339, 40.459 ], [ -102.344, 40.451 ], [ -102.348, 40.459 ], [ -102.353, 40.455 ], [ -102.38, 40.477 ], [ -102.384, 40.465 ], [ -102.397, 40.476 ], [ -102.418, 40.484 ], [ -102.435, 40.501 ], [ -102.444, 40.5 ], [ -102.462, 40.505 ], [ -102.474, 40.499 ], [ -102.49, 40.499 ], [ -102.568, 40.515 ], [ -102.601, 40.513 ], [ -102.61, 40.517 ], [ -102.668, 40.519 ], [ -102.676, 40.512 ], [ -102.74, 40.514 ], [ -102.775, 40.506 ], [ -102.815, 40.506 ], [ -102.86, 40.497 ], [ -102.888, 40.504 ], [ -102.926, 40.506 ], [ -102.931, 40.51 ], [ -102.959, 40.512 ], [ -102.976, 40.518 ], [ -103.009, 40.511 ], [ -103.022, 40.514 ], [ -103.039, 40.53 ], [ -103.032, 40.548 ], [ -103.041, 40.569 ], [ -103.029, 40.584 ], [ -103.036, 40.593 ], [ -102.976, 40.619 ], [ -102.987, 40.642 ], [ -102.974, 40.643 ], [ -102.971, 40.654 ], [ -102.941, 40.668 ], [ -102.945, 40.676 ], [ -102.936, 40.681 ], [ -102.934, 40.689 ], [ -102.917, 40.687 ], [ -102.911, 40.681 ], [ -102.885, 40.691 ], [ -102.878, 40.7 ], [ -102.861, 40.704 ], [ -102.848, 40.7 ], [ -102.843, 40.706 ], [ -102.849, 40.714 ], [ -102.842, 40.718 ], [ -102.842, 40.725 ], [ -102.815, 40.725 ], [ -102.792, 40.717 ], [ -102.782, 40.719 ], [ -102.793, 40.73 ], [ -102.775, 40.728 ], [ -102.78, 40.743 ], [ -102.776, 40.75 ], [ -102.761, 40.744 ], [ -102.756, 40.754 ], [ -102.746, 40.744 ], [ -102.756, 40.76 ], [ -102.752, 40.766 ], [ -102.734, 40.771 ], [ -102.722, 40.766 ], [ -102.716, 40.769 ] ] ] } },
{ "type": "Feature", "properties": { "id": "10190009" }, "geometry": { "type": "Polygon", "coordinates": [ [ [ -104.258, 41.002 ], [ -104.218, 40.996 ], [ -104.129, 41.001 ], [ -104.126, 40.993 ], [ -104.147, 40.994 ], [ -104.158, 40.989 ], [ -104.158, 40.978 ], [ -104.144, 40.936 ], [ -104.154, 40.926 ], [ -104.119, 40.923 ], [ -104.099, 40.912 ], [ -104.096, 40.908 ], [ -104.106, 40.895 ], [ -104.099, 40.888 ], [ -104.094, 40.891 ], [ -104.085, 40.887 ], [ -104.108, 40.843 ], [ -104.1, 40.834 ], [ -104.091, 40.83 ], [ -104.08, 40.832 ], [ -104.068, 40.817 ], [ -104.056, 40.818 ], [ -104.047, 40.812 ], [ -104.064, 40.794 ], [ -104.081, 40.79 ], [ -104.108, 40.792 ], [ -104.13, 40.798 ], [ -104.14, 40.807 ], [ -104.151, 40.807 ], [ -104.156, 40.789 ], [ -104.173, 40.775 ], [ -104.169, 40.767 ], [ -104.156, 40.761 ], [ -104.178, 40.756 ], [ -104.19, 40.741 ], [ -104.184, 40.732 ], [ -104.189, 40.726 ], [ -104.186, 40.715 ], [ -104.176, 40.705 ], [ -104.162, 40.701 ], [ -104.159, 40.687 ], [ -104.164, 40.678 ], [ -104.171, 40.677 ], [ -104.17, 40.666 ], [ -104.177, 40.667 ], [ -104.175, 40.657 ], [ -104.182, 40.655 ], [ -104.185, 40.644 ], [ -104.222, 40.638 ], [ -104.234, 40.643 ], [ -104.259, 40.64 ], [ -104.256, 40.633 ], [ -104.27, 40.62 ], [ -104.272, 40.61 ], [ -104.265, 40.597 ], [ -104.277, 40.595 ], [ -104.278, 40.587 ], [ -104.309, 40.565 ], [ -104.315, 40.548 ], [ -104.324, 40.548 ], [ -104.335, 40.537 ], [ -104.351, 40.508 ], [ -104.345, 40.491 ], [ -104.396, 40.469 ], [ -104.402, 40.457 ], [ -104.411, 40.457 ], [ -104.445, 40.439 ], [ -104.451, 40.409 ], [ -104.457, 40.412 ], [ -104.459, 40.409 ], [ -104.475, 40.409 ], [ -104.475, 40.403 ], [ -104.489, 40.395 ], [ -104.492, 40.386 ], [ -104.529, 40.438 ], [ -104.541, 40.489 ], [ -104.558, 40.51 ], [ -104.55, 40.523 ], [ -104.553, 40.533 ], [ -104.546, 40.539 ], [ -104.546, 40.557 ], [ -104.549, 40.563 ], [ -104.56, 40.566 ], [ -104.582, 40.597 ], [ -104.582, 40.624 ], [ -104.602, 40.649 ], [ -104.591, 40.673 ], [ -104.6, 40.679 ], [ -104.603, 40.717 ], [ -104.634, 40.75 ], [ -104.634, 40.756 ], [ -104.625, 40.757 ], [ -104.616, 40.766 ], [ -104.663, 40.836 ], [ -104.653, 40.837 ], [ -104.657, 40.845 ], [ -104.647, 40.855 ], [ -104.652, 40.859 ], [ -104.649, 40.862 ], [ -104.653, 40.876 ], [ -104.661, 40.884 ], [ -104.662, 40.904 ], [ -104.677, 40.92 ], [ -104.672, 40.937 ], [ -104.684, 40.941 ], [ -104.695, 40.94 ], [ -104.695, 40.95 ], [ -104.708, 40.958 ], [ -104.705, 40.963 ], [ -104.71, 40.969 ], [ -104.762, 40.976 ], [ -104.761, 40.983 ], [ -104.769, 40.992 ], [ -104.79, 40.998 ], [ -104.806, 40.997 ], [ -104.821, 40.989 ], [ -104.833, 40.991 ], [ -104.832, 40.996 ], [ -104.829, 40.999 ], [ -104.258, 41.002 ] ] ] } },
{ "type": "Feature", "properties": { "id": "13020101" }, "geometry": { "type": "MultiPolygon", "coordinates": [ [ [ [ -105.786, 37.003 ], [ -105.764, 36.996 ], [ -105.815, 36.996 ], [ -105.805, 37.0 ], [ -105.793, 36.997 ], [ -105.79, 37.006 ], [ -105.786, 37.003 ] ] ], [ [ [ -105.24, 37.034 ], [ -105.234, 37.036 ], [ -105.236, 37.016 ], [ -105.221, 36.995 ], [ -105.297, 36.996 ], [ -105.284, 37.012 ], [ -105.275, 37.015 ], [ -105.273, 37.025 ], [ -105.258, 37.022 ], [ -105.247, 37.036 ], [ -105.24, 37.034 ] ] ], [ [ [ -105.476, 37.193 ], [ -105.458, 37.187 ], [ -105.46, 37.175 ], [ -105.454, 37.153 ], [ -105.434, 37.127 ], [ -105.429, 37.113 ], [ -105.45, 37.1 ], [ -105.455, 37.063 ], [ -105.463, 37.055 ], [ -105.462, 37.033 ], [ -105.465, 37.032 ], [ -105.466, 37.039 ], [ -105.494, 37.051 ], [ -105.504, 37.045 ], [ -105.504, 37.032 ], [ -105.494, 37.019 ], [ -105.497, 37.007 ], [ -105.492, 36.996 ], [ -105.728, 36.996 ], [ -105.719, 36.999 ], [ -105.72, 37.004 ], [ -105.709, 37.018 ], [ -105.713, 37.043 ], [ -105.697, 37.077 ], [ -105.697, 37.093 ], [ -105.682, 37.11 ], [ -105.683, 37.119 ], [ -105.666, 37.133 ], [ -105.65, 37.144 ], [ -105.637, 37.145 ], [ -105.585, 37.166 ], [ -105.559, 37.184 ], [ -105.476, 37.193 ] ] ] ] } },
{ "type": "Feature", "properties": { "id": "14080105" }, "geometry": { "type": "Polygon", "coordinates": [ [ [ -107.988, 37.0 ], [ -108.518, 37.001 ], [ -108.494, 37.011 ], [ -108.481, 37.026 ], [ -108.459, 37.032 ], [ -108.426, 37.027 ], [ -108.418, 37.019 ], [ -108.403, 37.021 ], [ -108.377, 37.01 ], [ -108.372, 37.029 ], [ -108.356, 37.026 ], [ -108.355, 37.039 ], [ -108.335, 37.055 ], [ -108.321, 37.097 ], [ -108.31, 37.105 ], [ -108.31, 37.129 ], [ -108.29, 37.146 ], [ -108.297, 37.171 ], [ -108.292, 37.198 ], [ -108.297, 37.213 ], [ -108.291, 37.223 ], [ -108.262, 37.235 ], [ -108.238, 37.263 ], [ -108.235, 37.275 ], [ -108.227, 37.278 ], [ -108.225, 37.286 ], [ -108.22, 37.287 ], [ -108.212, 37.301 ], [ -108.216, 37.312 ], [ -108.203, 37.326 ], [ -108.208, 37.333 ], [ -108.203, 37.348 ], [ -108.193, 37.36 ], [ -108.184, 37.363 ], [ -108.152, 37.363 ], [ -108.14, 37.373 ], [ -108.12, 37.375 ], [ -108.106, 37.382 ], [ -108.105, 37.406 ], [ -108.098, 37.417 ], [ -108.08, 37.429 ], [ -108.078, 37.439 ], [ -108.054, 37.437 ], [ -108.044, 37.443 ], [ -108.035, 37.46 ], [ -108.017, 37.457 ], [ -108.004, 37.444 ], [ -108.012, 37.439 ], [ -108.013, 37.413 ], [ -108.033, 37.399 ], [ -108.028, 37.388 ], [ -108.036, 37.387 ], [ -108.04, 37.382 ], [ -108.034, 37.376 ], [ -108.034, 37.359 ], [ -108.043, 37.332 ], [ -108.025, 37.298 ], [ -108.027, 37.281 ], [ -108.015, 37.249 ], [ -108.017, 37.215 ], [ -107.991, 37.191 ], [ -107.999, 37.172 ], [ -107.995, 37.147 ], [ -107.986, 37.14 ], [ -107.983, 37.123 ], [ -107.971, 37.114 ], [ -107.979, 37.108 ], [ -107.981, 37.097 ], [ -107.962, 37.078 ], [ -107.965, 37.065 ], [ -107.959, 37.057 ], [ -107.96, 37.048 ], [ -107.974, 37.038 ], [ -107.971, 37.02 ], [ -107.988, 37.0 ] ] ] } },
{ "type": "Feature", "properties": { "id": "14030005" }, "geometry": { "type": "Polygon", "coordinates": [ [ [ -109.043, 38.015 ], [ -109.027, 38.009 ], [ -109.0, 38.008 ], [ -109.025, 37.993 ], [ -109.037, 37.991 ], [ -109.043, 37.992 ], [ -109.043, 38.015 ] ] ] } },
{ "type": "Feature", "properties": { "id": "14050001" }, "geometry": { "type": "Polygon", "coordinates": [ [ [ -106.668, 40.865 ], [ -106.654, 40.846 ], [ -106.662, 40.843 ], [ -106.664, 40.828 ], [ -106.638, 40.817 ], [ -106.636, 40.792 ], [ -106.649, 40.776 ], [ -106.659, 40.773 ], [ -106.67, 40.762 ], [ -106.662, 40.754 ], [ -106.663, 40.744 ], [ -106.677, 40.737 ], [ -106.67, 40.729 ], [ -106.674, 40.724 ], [ -106.668, 40.696 ], [ -106.673, 40.688 ], [ -106.687, 40.683 ], [ -106.681, 40.676 ], [ -106.687, 40.673 ], [ -106.686, 40.663 ], [ -106.692, 40.659 ], [ -106.688, 40.651 ], [ -106.68, 40.648 ], [ -106.689, 40.64 ], [ -106.687, 40.635 ], [ -106.704, 40.628 ], [ -106.706, 40.616 ], [ -106.694, 40.596 ], [ -106.702, 40.578 ], [ -106.692, 40.563 ], [ -106.697, 40.553 ], [ -106.686, 40.551 ], [ -106.678, 40.539 ], [ -106.67, 40.536 ], [ -106.674, 40.523 ], [ -106.656, 40.509 ], [ -106.653, 40.494 ], [ -106.667, 40.473 ], [ -106.654, 40.468 ], [ -106.659, 40.459 ], [ -106.651, 40.455 ], [ -106.652, 40.441 ], [ -106.64, 40.433 ], [ -106.647, 40.43 ], [ -106.651, 40.421 ], [ -106.645, 40.412 ], [ -106.656, 40.409 ], [ -106.641, 40.402 ], [ -106.642, 40.392 ], [ -106.634, 40.384 ], [ -106.655, 40.368 ], [ -106.645, 40.35 ], [ -106.653, 40.337 ], [ -106.687, 40.321 ], [ -106.688, 40.317 ], [ -106.676, 40.298 ], [ -106.663, 40.301 ], [ -106.652, 40.29 ], [ -106.616, 40.277 ], [ -106.61, 40.256 ], [ -106.596, 40.253 ], [ -106.59, 40.243 ], [ -106.592, 40.236 ], [ -106.6, 40.229 ], [ -106.608, 40.23 ], [ -106.61, 40.224 ], [ -106.634, 40.225 ], [ -106.646, 40.231 ], [ -106.655, 40.228 ], [ -106.657, 40.223 ], [ -106.647, 40.223 ], [ -106.637, 40.214 ], [ -106.639, 40.21 ], [ -106.622, 40.205 ], [ -106.618, 40.197 ], [ -106.633, 40.196 ], [ -106.64, 40.189 ], [ -106.626, 40.172 ], [ -106.636, 40.173 ], [ -106.647, 40.163 ], [ -106.658, 40.16 ], [ -106.669, 40.166 ], [ -106.678, 40.161 ], [ -106.681, 40.155 ], [ -106.675, 40.148 ], [ -106.666, 40.147 ], [ -106.666, 40.141 ], [ -106.659, 40.136 ], [ -106.684, 40.118 ], [ -106.686, 40.108 ], [ -106.709, 40.102 ], [ -106.717, 40.119 ], [ -106.741, 40.119 ], [ -106.749, 40.125 ], [ -106.748, 40.13 ], [ -106.786, 40.138 ], [ -106.801, 40.123 ], [ -106.803, 40.109 ], [ -106.798, 40.096 ], [ -106.818, 40.081 ], [ -106.823, 40.063 ], [ -106.847, 40.059 ], [ -106.921, 40.07 ], [ -106.944, 40.079 ], [ -106.967, 40.069 ], [ -106.986, 40.071 ], [ -106.998, 40.054 ], [ -107.013, 40.047 ], [ -107.021, 40.03 ], [ -107.044, 40.023 ], [ -107.057, 39.995 ], [ -107.063, 39.999 ], [ -107.065, 40.009 ], [ -107.091, 40.014 ], [ -107.129, 40.002 ], [ -107.137, 39.975 ], [ -107.156, 39.976 ], [ -107.171, 39.97 ], [ -107.164, 39.988 ], [ -107.177, 40.014 ], [ -107.166, 40.026 ], [ -107.171, 40.037 ], [ -107.19, 40.052 ], [ -107.205, 40.057 ], [ -107.226, 40.054 ], [ -107.245, 40.072 ], [ -107.248, 40.089 ], [ -107.269, 40.099 ], [ -107.276, 40.108 ], [ -107.296, 40.112 ], [ -107.303, 40.123 ], [ -107.316, 40.127 ], [ -107.334, 40.14 ], [ -107.352, 40.141 ], [ -107.362, 40.13 ], [ -107.369, 40.129 ], [ -107.379, 40.114 ], [ -107.41, 40.1 ], [ -107.429, 40.109 ], [ -107.438, 40.105 ], [ -107.453, 40.125 ], [ -107.461, 40.123 ], [ -107.479, 40.13 ], [ -107.529, 40.134 ], [ -107.529, 40.145 ], [ -107.543, 40.149 ], [ -107.55, 40.147 ], [ -107.57, 40.175 ], [ -107.577, 40.173 ], [ -107.578, 40.182 ], [ -107.592, 40.194 ], [ -107.597, 40.214 ], [ -107.594, 40.227 ], [ -107.629, 40.263 ], [ -107.649, 40.271 ], [ -107.652, 40.286 ], [ -107.659, 40.287 ], [ -107.662, 40.293 ], [ -107.664, 40.307 ], [ -107.655, 40.313 ], [ -107.654, 40.326 ], [ -107.666, 40.333 ], [ -107.657, 40.349 ], [ -107.674, 40.359 ], [ -107.662, 40.394 ], [ -107.663, 40.421 ], [ -107.653, 40.433 ], [ -107.653, 40.441 ], [ -107.66, 40.44 ], [ -107.659, 40.446 ], [ -107.667, 40.451 ], [ -107.664, 40.475 ], [ -107.706, 40.502 ], [ -107.679, 40.516 ], [ -107.667, 40.537 ], [ -107.666, 40.551 ], [ -107.638, 40.563 ], [ -107.636, 40.571 ], [ -107.643, 40.572 ], [ -107.642, 40.578 ], [ -107.615, 40.583 ], [ -107.62, 40.601 ], [ -107.593, 40.618 ], [ -107.587, 40.627 ], [ -107.591, 40.636 ], [ -107.605, 40.644 ], [ -107.601, 40.658 ], [ -107.617, 40.665 ], [ -107.626, 40.685 ], [ -107.644, 40.696 ], [ -107.673, 40.7 ], [ -107.686, 40.716 ], [ -107.659, 40.733 ], [ -107.654, 40.746 ], [ -107.643, 40.754 ], [ -107.627, 40.756 ], [ -107.623, 40.767 ], [ -107.603, 40.78 ], [ -107.584, 40.811 ], [ -107.571, 40.811 ], [ -107.548, 40.832 ], [ -107.506, 40.835 ], [ -107.501, 40.816 ], [ -107.454, 40.82 ], [ -107.431, 40.807 ], [ -107.417, 40.809 ], [ -107.335, 40.763 ], [ -107.319, 40.765 ], [ -107.31, 40.774 ], [ -107.287, 40.772 ], [ -107.259, 40.783 ], [ -107.233, 40.771 ], [ -107.214, 40.771 ], [ -107.205, 40.779 ], [ -107.185, 40.78 ], [ -107.186, 40.807 ], [ -107.153, 40.8 ], [ -107.144, 40.817 ], [ -107.104, 40.802 ], [ -107.093, 40.783 ], [ -107.075, 40.768 ], [ -107.069, 40.77 ], [ -107.076, 40.79 ], [ -107.069, 40.798 ], [ -107.075, 40.803 ], [ -107.073, 40.808 ], [ -107.058, 40.825 ], [ -107.05, 40.828 ], [ -107.051, 40.839 ], [ -107.041, 40.852 ], [ -107.045, 40.857 ], [ -107.031, 40.862 ], [ -107.024, 40.86 ], [ -107.009, 40.864 ], [ -106.995, 40.857 ], [ -106.97, 40.86 ], [ -106.958, 40.835 ], [ -106.948, 40.84 ], [ -106.933, 40.84 ], [ -106.929, 40.847 ], [ -106.908, 40.855 ], [ -106.88, 40.848 ], [ -106.849, 40.832 ], [ -106.84, 40.851 ], [ -106.829, 40.857 ], [ -106.815, 40.855 ], [ -106.812, 40.861 ], [ -106.817, 40.883 ], [ -106.803, 40.888 ], [ -106.801, 40.896 ], [ -106.781, 40.907 ], [ -106.769, 40.904 ], [ -106.77, 40.897 ], [ -106.742, 40.891 ], [ -106.747, 40.881 ], [ -106.739, 40.871 ], [ -106.706, 40.876 ], [ -106.693, 40.888 ], [ -106.686, 40.886 ], [ -106.678, 40.868 ], [ -106.668, 40.865 ] ] ] } },
{ "type": "Feature", "properties": { "id": "14030004" }, "geometry": { "type": "Polygon", "coordinates": [ [ [ -108.773, 38.837 ], [ -108.767, 38.84 ], [ -108.748, 38.836 ], [ -108.73, 38.846 ], [ -108.718, 38.843 ], [ -108.705, 38.854 ], [ -108.688, 38.85 ], [ -108.685, 38.825 ], [ -108.702, 38.806 ], [ -108.7, 38.798 ], [ -108.684, 38.802 ], [ -108.681, 38.795 ], [ -108.658, 38.804 ], [ -108.659, 38.796 ], [ -108.646, 38.778 ], [ -108.649, 38.769 ], [ -108.674, 38.761 ], [ -108.632, 38.753 ], [ -108.62, 38.746 ], [ -108.645, 38.717 ], [ -108.645, 38.71 ], [ -108.654, 38.71 ], [ -108.662, 38.7 ], [ -108.69, 38.696 ], [ -108.718, 38.678 ], [ -108.708, 38.67 ], [ -108.701, 38.654 ], [ -108.691, 38.651 ], [ -108.69, 38.642 ], [ -108.667, 38.624 ], [ -108.663, 38.607 ], [ -108.672, 38.601 ], [ -108.645, 38.59 ], [ -108.651, 38.574 ], [ -108.644, 38.551 ], [ -108.621, 38.548 ], [ -108.615, 38.53 ], [ -108.594, 38.518 ], [ -108.591, 38.508 ], [ -108.598, 38.504 ], [ -108.622, 38.503 ], [ -108.648, 38.513 ], [ -108.65, 38.507 ], [ -108.67, 38.498 ], [ -108.685, 38.484 ], [ -108.693, 38.467 ], [ -108.705, 38.462 ], [ -108.722, 38.441 ], [ -108.736, 38.434 ], [ -108.741, 38.418 ], [ -108.769, 38.407 ], [ -108.776, 38.396 ], [ -108.796, 38.397 ], [ -108.806, 38.384 ], [ -108.805, 38.374 ], [ -108.817, 38.379 ], [ -108.842, 38.37 ], [ -108.862, 38.367 ], [ -108.909, 38.394 ], [ -108.906, 38.396 ], [ -108.914, 38.405 ], [ -108.957, 38.415 ], [ -108.966, 38.42 ], [ -108.964, 38.427 ], [ -109.007, 38.433 ], [ -109.041, 38.457 ], [ -109.06, 38.463 ], [ -109.055, 38.842 ], [ -109.049, 38.837 ], [ -109.027, 38.841 ], [ -109.003, 38.857 ], [ -108.983, 38.855 ], [ -108.968, 38.864 ], [ -108.961, 38.856 ], [ -108.952, 38.869 ], [ -108.927, 38.842 ], [ -108.919, 38.856 ], [ -108.907, 38.861 ], [ -108.894, 38.86 ], [ -108.891, 38.851 ], [ -108.886, 38.855 ], [ -108.866, 38.857 ], [ -108.848, 38.846 ], [ -108.848, 38.837 ], [ -108.834, 38.841 ], [ -108.804, 38.829 ], [ -108.777, 38.831 ], [ -108.773, 38.837 ] ] ] } },
{ "type": "Feature", "properties": { "id": "14050007" }, "geometry": { "type": "Polygon", "coordinates": [ [ [ -108.369, 40.363 ], [ -108.366, 40.356 ], [ -108.372, 40.345 ], [ -108.363, 40.33 ], [ -108.365, 40.323 ], [ -108.372, 40.311 ], [ -108.389, 40.302 ], [ -108.395, 40.282 ], [ -108.403, 40.28 ], [ -108.403, 40.266 ], [ -108.421, 40.249 ], [ -108.416, 40.24 ], [ -108.428, 40.234 ], [ -108.414, 40.198 ], [ -108.399, 40.191 ], [ -108.405, 40.181 ], [ -108.401, 40.164 ], [ -108.408, 40.152 ], [ -108.445, 40.166 ], [ -108.475, 40.117 ], [ -108.483, 40.117 ], [ -108.5, 40.104 ], [ -108.513, 40.104 ], [ -108.535, 40.092 ], [ -108.545, 40.094 ], [ -108.554, 40.09 ], [ -108.558, 40.063 ], [ -108.548, 40.05 ], [ -108.556, 40.039 ], [ -108.55, 40.029 ], [ -108.56, 40.004 ], [ -108.568, 39.997 ], [ -108.568, 39.988 ], [ -108.587, 39.964 ], [ -108.621, 39.954 ], [ -108.616, 39.94 ], [ -108.625, 39.918 ], [ -108.616, 39.913 ], [ -108.618, 39.9 ], [ -108.613, 39.896 ], [ -108.613, 39.881 ], [ -108.618, 39.875 ], [ -108.613, 39.849 ], [ -108.597, 39.845 ], [ -108.59, 39.833 ], [ -108.592, 39.822 ], [ -108.577, 39.815 ], [ -108.562, 39.797 ], [ -108.568, 39.787 ], [ -108.564, 39.78 ], [ -108.533, 39.771 ], [ -108.52, 39.752 ], [ -108.521, 39.736 ], [ -108.542, 39.711 ], [ -108.544, 39.693 ], [ -108.559, 39.684 ], [ -108.565, 39.691 ], [ -108.592, 39.671 ], [ -108.6, 39.675 ], [ -108.622, 39.665 ], [ -108.629, 39.656 ], [ -108.637, 39.655 ], [ -108.653, 39.659 ], [ -108.657, 39.648 ], [ -108.655, 39.624 ], [ -108.68, 39.601 ], [ -108.717, 39.604 ], [ -108.737, 39.594 ], [ -108.747, 39.601 ], [ -108.757, 39.598 ], [ -108.772, 39.607 ], [ -108.784, 39.601 ], [ -108.811, 39.597 ], [ -108.821, 39.605 ], [ -108.825, 39.619 ], [ -108.835, 39.61 ], [ -108.849, 39.613 ], [ -108.853, 39.621 ], [ -108.858, 39.617 ], [ -108.864, 39.621 ], [ -108.873, 39.617 ], [ -108.88, 39.629 ], [ -108.885, 39.622 ], [ -108.898, 39.619 ], [ -108.907, 39.622 ], [ -108.916, 39.613 ], [ -108.921, 39.593 ], [ -108.942, 39.601 ], [ -108.953, 39.582 ], [ -108.976, 39.571 ], [ -108.988, 39.574 ], [ -108.995, 39.569 ], [ -108.993, 39.563 ], [ -109.007, 39.548 ], [ -109.009, 39.535 ], [ -109.02, 39.529 ], [ -109.027, 39.515 ], [ -109.042, 39.512 ], [ -109.051, 39.498 ], [ -109.049, 40.233 ], [ -109.024, 40.238 ], [ -109.009, 40.246 ], [ -108.978, 40.289 ], [ -108.949, 40.302 ], [ -108.923, 40.299 ], [ -108.906, 40.306 ], [ -108.908, 40.31 ], [ -108.874, 40.312 ], [ -108.853, 40.325 ], [ -108.85, 40.355 ], [ -108.836, 40.358 ], [ -108.831, 40.372 ], [ -108.826, 40.393 ], [ -108.835, 40.398 ], [ -108.823, 40.424 ], [ -108.823, 40.405 ], [ -108.815, 40.397 ], [ -108.801, 40.393 ], [ -108.791, 40.398 ], [ -108.79, 40.41 ], [ -108.772, 40.425 ], [ -108.753, 40.43 ], [ -108.724, 40.419 ], [ -108.712, 40.425 ], [ -108.712, 40.433 ], [ -108.668, 40.428 ], [ -108.659, 40.421 ], [ -108.652, 40.407 ], [ -108.632, 40.41 ], [ -108.615, 40.402 ], [ -108.609, 40.406 ], [ -108.604, 40.4 ], [ -108.58, 40.405 ], [ -108.574, 40.399 ], [ -108.579, 40.394 ], [ -108.566, 40.361 ], [ -108.547, 40.369 ], [ -108.531, 40.367 ], [ -108.517, 40.375 ], [ -108.504, 40.373 ], [ -108.48, 40.357 ], [ -108.47, 40.361 ], [ -108.465, 40.356 ], [ -108.448, 40.368 ], [ -108.444, 40.363 ], [ -108.43, 40.363 ], [ -108.427, 40.354 ], [ -108.369, 40.363 ] ] ] } },
{ "type": "Feature", "properties": { "id": "14080107" }, "geometry": { "type": "Polygon", "coordinates": [ [ [ -108.078, 37.439 ], [ -108.08, 37.429 ], [ -108.087, 37.428 ], [ -108.105, 37.406 ], [ -108.106, 37.382 ], [ -108.12, 37.375 ], [ -108.14, 37.373 ], [ -108.152, 37.363 ], [ -108.173, 37.365 ], [ -108.193, 37.36 ], [ -108.204, 37.345 ], [ -108.208, 37.333 ], [ -108.203, 37.326 ], [ -108.216, 37.312 ], [ -108.212, 37.301 ], [ -108.22, 37.287 ], [ -108.225, 37.286 ], [ -108.227, 37.278 ], [ -108.235, 37.275 ], [ -108.238, 37.263 ], [ -108.262, 37.235 ], [ -108.292, 37.222 ], [ -108.298, 37.212 ], [ -108.292, 37.198 ], [ -108.297, 37.171 ], [ -108.29, 37.146 ], [ -108.31, 37.129 ], [ -108.31, 37.106 ], [ -108.321, 37.097 ], [ -108.335, 37.055 ], [ -108.355, 37.039 ], [ -108.356, 37.026 ], [ -108.372, 37.029 ], [ -108.377, 37.01 ], [ -108.403, 37.021 ], [ -108.418, 37.019 ], [ -108.426, 37.027 ], [ -108.459, 37.032 ], [ -108.481, 37.026 ], [ -108.493, 37.012 ], [ -108.517, 36.999 ], [ -108.973, 36.999 ], [ -108.981, 37.011 ], [ -108.977, 37.018 ], [ -108.946, 37.038 ], [ -108.946, 37.047 ], [ -108.928, 37.055 ], [ -108.916, 37.085 ], [ -108.899, 37.085 ], [ -108.895, 37.09 ], [ -108.863, 37.099 ], [ -108.85, 37.113 ], [ -108.847, 37.127 ], [ -108.833, 37.141 ], [ -108.838, 37.146 ], [ -108.822, 37.174 ], [ -108.803, 37.193 ], [ -108.794, 37.195 ], [ -108.8, 37.209 ], [ -108.808, 37.214 ], [ -108.803, 37.232 ], [ -108.816, 37.239 ], [ -108.816, 37.247 ], [ -108.809, 37.25 ], [ -108.819, 37.26 ], [ -108.815, 37.27 ], [ -108.808, 37.267 ], [ -108.791, 37.272 ], [ -108.777, 37.284 ], [ -108.76, 37.269 ], [ -108.7, 37.265 ], [ -108.672, 37.273 ], [ -108.637, 37.258 ], [ -108.624, 37.242 ], [ -108.61, 37.243 ], [ -108.607, 37.252 ], [ -108.588, 37.259 ], [ -108.579, 37.258 ], [ -108.57, 37.266 ], [ -108.562, 37.261 ], [ -108.545, 37.268 ], [ -108.526, 37.264 ], [ -108.5, 37.275 ], [ -108.493, 37.271 ], [ -108.487, 37.278 ], [ -108.479, 37.274 ], [ -108.468, 37.28 ], [ -108.446, 37.28 ], [ -108.439, 37.283 ], [ -108.444, 37.295 ], [ -108.44, 37.304 ], [ -108.433, 37.303 ], [ -108.419, 37.311 ], [ -108.417, 37.337 ], [ -108.402, 37.358 ], [ -108.406, 37.371 ], [ -108.399, 37.375 ], [ -108.398, 37.397 ], [ -108.379, 37.406 ], [ -108.374, 37.418 ], [ -108.361, 37.427 ], [ -108.359, 37.435 ], [ -108.328, 37.419 ], [ -108.311, 37.42 ], [ -108.302, 37.427 ], [ -108.303, 37.432 ], [ -108.265, 37.458 ], [ -108.264, 37.466 ], [ -108.244, 37.466 ], [ -108.238, 37.475 ], [ -108.225, 37.482 ], [ -108.217, 37.481 ], [ -108.206, 37.495 ], [ -108.195, 37.498 ], [ -108.178, 37.499 ], [ -108.165, 37.493 ], [ -108.133, 37.497 ], [ -108.098, 37.482 ], [ -108.073, 37.46 ], [ -108.081, 37.442 ], [ -108.078, 37.439 ] ] ] } },
{ "type": "Feature", "properties": { "id": "14030001" }, "geometry": { "type": "MultiPolygon", "coordinates": [ [ [ [ -108.822, 39.095 ], [ -108.795, 39.093 ], [ -108.79, 39.077 ], [ -108.781, 39.068 ], [ -108.766, 39.064 ], [ -108.771, 39.056 ], [ -108.75, 39.043 ], [ -108.755, 39.015 ], [ -108.742, 39.014 ], [ -108.74, 39.007 ], [ -108.733, 39.009 ], [ -108.723, 39.0 ], [ -108.713, 38.998 ], [ -108.709, 38.99 ], [ -108.715, 38.972 ], [ -108.701, 38.962 ], [ -108.704, 38.952 ], [ -108.712, 38.948 ], [ -108.708, 38.942 ], [ -108.72, 38.926 ], [ -108.725, 38.909 ], [ -108.737, 38.896 ], [ -108.762, 38.882 ], [ -108.762, 38.872 ], [ -108.776, 38.852 ], [ -108.777, 38.831 ], [ -108.804, 38.829 ], [ -108.835, 38.841 ], [ -108.848, 38.837 ], [ -108.847, 38.845 ], [ -108.865, 38.857 ], [ -108.886, 38.855 ], [ -108.891, 38.851 ], [ -108.899, 38.861 ], [ -108.919, 38.857 ], [ -108.927, 38.842 ], [ -108.952, 38.869 ], [ -108.961, 38.856 ], [ -108.967, 38.864 ], [ -108.983, 38.855 ], [ -109.003, 38.857 ], [ -109.027, 38.841 ], [ -109.049, 38.837 ], [ -109.055, 38.842 ], [ -109.052, 39.078 ], [ -109.041, 39.074 ], [ -109.035, 39.08 ], [ -109.022, 39.076 ], [ -108.995, 39.078 ], [ -108.982, 39.069 ], [ -108.967, 39.067 ], [ -108.955, 39.057 ], [ -108.938, 39.058 ], [ -108.93, 39.05 ], [ -108.904, 39.063 ], [ -108.889, 39.064 ], [ -108.875, 39.072 ], [ -108.874, 39.078 ], [ -108.851, 39.08 ], [ -108.844, 39.092 ], [ -108.831, 39.097 ], [ -108.822, 39.095 ] ] ], [ [ [ -109.045, 39.351 ], [ -109.04, 39.351 ], [ -109.027, 39.331 ], [ -109.008, 39.292 ], [ -109.014, 39.275 ], [ -109.009, 39.263 ], [ -109.021, 39.25 ], [ -109.025, 39.226 ], [ -109.037, 39.215 ], [ -109.026, 39.198 ], [ -109.032, 39.191 ], [ -109.041, 39.19 ], [ -109.035, 39.175 ], [ -109.051, 39.162 ], [ -109.051, 39.363 ], [ -109.045, 39.351 ] ] ] ] } }
]
}
