{
"type": "FeatureCollection",
"name": "HUC10_Watersheds_26913",
"crs": { "type": "name", "properties": { "name": "urn:ogc:def:crs:OGC:1.3:CRS84" } },
"xy_coordinate_resolution": 8.98315e-10,
"z_coordinate_resolution": 0.0001,
"features": [
{"type":"Feature","properties":{"tnmid":"9488BDF8-74EF-4228-8901-19C87FBBD699","areaacres":212107.79,"areasqkm":858.37,"states":"CO","huc10":"1405000205","name":"Spring Creek-Yampa River","Shape_Length":175523.37022498969,"Shape_Area":859191535.22835648},"geometry":{"type":"MultiPolygon","coordinates":[[[[-107.8501600055,40.7568100009],[-107.8495000032,40.7566800042],[-107.8488400045,40.7567099996],[-107.8483100044,40.756760003],[-107.8477899962,40.7566099991],[-107.8475200025,40.7561500003],[-107.8473599971,40.7556199987],[-107.8470299938,40.7549200019],[-107.8467199966,40.7538499968],[-107.8465400022,40.7536400029],[-107.8461499998,40.7534300032],[-107.8452499936,40.7533599989],[-107.8444599999,40.7532500041],[-107.8440199999,40.7531000088],[-107.8435699953,40.7527899984],[-107.8429499955,40.7525700046],[-107.841950005,40.7525899968],[-107.8412700041,40.7525499997],[-107.8405500035,40.7524],[-107.8400299981,40.7520400014],[-107.839539996,40.7515899991],[-107.838640005,40.7509700043],[-107.8380299874,40.750480005],[-107.8377299977,40.7500999953],[-107.8376400013,40.7498099972],[-107.837570004,40.7492100002],[-107.8373300031,40.7488899984],[-107.8368299996,40.7485499981],[-107.8360600034,40.7481599997],[-107.8356099838,40.7479700047],[-107.8351000058,40.7478700088],[-107.834510004,40.7478400001],[-107.8339700075,40.7477300016],[-107.8329400032,40.7473900019],[-107.832570005,40.747229994],[-107.8318699986,40.7468100039],[-107.8312400016,40.7463599998],[-107.8306399959,40.7454499994],[-107.8302699978,40.7452499992],[-107.8298300026,40.7452600038],[-107.8294399975,40.7452000039],[-107.8280200055,40.7451600043],[-107.8266200004,40.7452700016],[-107.8256199976,40.7454399962],[-107.8249200013,40.7453800007],[-107.8243999971,40.7453800011],[-107.824188439,40.7451101164],[-107.8243596709,40.744516758],[-107.8249346839,40.7434749036],[-107.8258919806,40.7433628137],[-107.8264327454,40.7430152311],[-107.8267320984,40.7427334942],[-107.8269626262,40.7423954952],[-107.8271329709,40.7418202306],[-107.8271424513,40.7416211326],[-107.8267783596,40.7407593144],[-107.8268228176,40.7403255832],[-107.8270226653,40.7401317257],[-107.8273406168,40.7399592366],[-107.8277927526,40.7399716805],[-107.8282296958,40.7398024609],[-107.8285238474,40.7396293182],[-107.8289063119,40.7396035924],[-107.8294298285,40.7396179862],[-107.8296933088,40.7395889854],[-107.830060569,40.7393815964],[-107.8303105691,40.7391347493],[-107.8309040258,40.7386798486],[-107.8304946196,40.7382698818],[-107.8303859663,40.7380494188],[-107.8307575121,40.7377515364],[-107.830645417,40.7376034636],[-107.8306557404,40.7373862703],[-107.8308506781,40.7367935508],[-107.8309684909,40.7358181287],[-107.8310281189,40.7355660343],[-107.8311855061,40.7352622664],[-107.8315298002,40.735036122],[-107.8333404334,40.7340346976],[-107.8343537817,40.7332650896],[-107.8347915185,40.7330777507],[-107.8350882048,40.7328502999],[-107.8354301417,40.7321709894],[-107.8359529959,40.7316960018],[-107.8363457034,40.7314530463],[-107.8365199769,40.7312947226],[-107.8365669478,40.7308066758],[-107.8367472358,40.7305216437],[-107.8372878299,40.7301740079],[-107.8376839587,40.7298586457],[-107.8377435452,40.7296065507],[-107.837773573,40.7289730437],[-107.8377881506,40.7286653571],[-107.837762002,40.728211552],[-107.837821599,40.7279594558],[-107.837922776,40.7278353709],[-107.8382380693,40.7277171523],[-107.8390793657,40.7275589813],[-107.8394362477,40.7275687584],[-107.8398907453,40.7272699044],[-107.8399217275,40.7268752553],[-107.8398342736,40.7267097406],[-107.8395811335,40.7265215687],[-107.8391359513,40.7263643854],[-107.8387741427,40.7259557516],[-107.8386571186,40.7254088369],[-107.8384753551,40.7252226229],[-107.8385094431,40.7250060752],[-107.838683695,40.7248477398],[-107.838953964,40.7246739166],[-107.839808936,40.7242261349],[-107.840766572,40.7241255163],[-107.8412959754,40.7240131449],[-107.8426106453,40.7234148338],[-107.8428605366,40.7231679436],[-107.8432574623,40.7228344648],[-107.8441301764,40.7225140072],[-107.8445457349,40.7222897699],[-107.8445934858,40.7217836253],[-107.8447252658,40.7215153783],[-107.8451890996,40.7217817944],[-107.8459521014,40.7217664207],[-107.8470898984,40.7213806993],[-107.8478605895,40.7212024008],[-107.8481554693,40.7210111056],[-107.8488361143,40.7207216108],[-107.8494411172,40.7205206533],[-107.8497767352,40.7204754588],[-107.851753224,40.7194782694],[-107.8523828453,40.7192598538],[-107.8540839433,40.7185450771],[-107.8544850338,40.7181210547],[-107.8555453979,40.7178600042],[-107.8558291625,40.7179039843],[-107.8559175029,40.718051377],[-107.8559302112,40.718287333],[-107.8560992081,40.7187450279],[-107.8563549256,40.7188788614],[-107.8566905422,40.7188336388],[-107.8580262184,40.7182900882],[-107.8582666707,40.7182422652],[-107.8583202081,40.7181168663],[-107.8582158047,40.7172984571],[-107.8583220322,40.7170657581],[-107.8588377804,40.7167354631],[-107.8591343242,40.7165079178],[-107.8600910571,40.715410312],[-107.8605736735,40.7147710084],[-107.8610622012,40.7145124493],[-107.8617070295,40.7144756284],[-107.8624393382,40.7146042989],[-107.8631113814,40.7144957188],[-107.8641538098,40.7141072284],[-107.8643993363,40.7139507856],[-107.8648615335,40.7132384168],[-107.8651792627,40.7125583527],[-107.8654596117,40.7121672573],[-107.8654647172,40.7120586502],[-107.8656889986,40.7118472667],[-107.8661069631,40.7115686462],[-107.8666855009,40.7114212547],[-107.8671646409,40.7113617804],[-107.8676556613,40.7110488943],[-107.8679368455,40.7106396853],[-107.868022632,40.7103339158],[-107.86803707,40.7100262112],[-107.8679860777,40.7095898574],[-107.8681593769,40.7094495814],[-107.868718349,40.7092110274],[-107.8694038791,40.7088127989],[-107.8698175785,40.7086246547],[-107.8705888682,40.7079206517],[-107.8711656276,40.7073019716],[-107.8717559833,40.7069011454],[-107.8719505045,40.7068158068],[-107.8734702432,40.7069113879],[-107.8740962859,40.706765244],[-107.8752897206,40.7061995112],[-107.8753423767,40.7060921954],[-107.8750875128,40.7059402974],[-107.874400212,40.7053598383],[-107.874054453,40.7051148613],[-107.8740654689,40.7048795593],[-107.874205561,40.7044302676],[-107.8746574061,40.703935045],[-107.875097381,40.7036932382],[-107.8755815362,40.7035251242],[-107.8759764788,40.7032277197],[-107.8764240712,40.7028229986],[-107.8765047462,40.7026258242],[-107.876918277,40.7019302043],[-107.8778100364,40.7011931566],[-107.8787968948,40.7004586736],[-107.8794652703,40.699914928],[-107.8794787875,40.6996253212],[-107.8796443203,40.6991404588],[-107.8803533467,40.6982353336],[-107.8811999855,40.6974426769],[-107.8816270895,40.6969648803],[-107.8817254807,40.6963875863],[-107.8817525115,40.695808356],[-107.8819146324,40.6953958936],[-107.8826152671,40.6951792326],[-107.8853754841,40.6947100952],[-107.8861135466,40.6947118988],[-107.8866418009,40.6946174196],[-107.8870044276,40.6945003417],[-107.8870976976,40.6940316454],[-107.8876310051,40.6938285533],[-107.8881973633,40.6934269918],[-107.8889691345,40.6927047326],[-107.8893755535,40.6916464022],[-107.8893623577,40.6903955189],[-107.8895465091,40.6900198813],[-107.8901635587,40.6890397196],[-107.8904181903,40.6886841126],[-107.8906957661,40.6883472473],[-107.891190297,40.6879527963],[-107.8917140724,40.6874413208],[-107.8921256899,40.6867818401],[-107.89220165,40.6856602137],[-107.8911553982,40.6856320191],[-107.8904912914,40.6855778773],[-107.8902135269,40.685407273],[-107.8888636805,40.6842290763],[-107.8882078373,40.6834864418],[-107.8879732528,40.6829001514],[-107.8877251805,40.6826034823],[-107.8876460868,40.6822569967],[-107.8876595726,40.6819673831],[-107.8875278647,40.6817282204],[-107.8861282384,40.6811104818],[-107.8856925048,40.680754373],[-107.8855242107,40.6802786084],[-107.8854994325,40.6797886004],[-107.8856360202,40.6794116912],[-107.885596056,40.6792474997],[-107.8844784301,40.678709864],[-107.8840197758,40.6783349926],[-107.8838973786,40.677896718],[-107.8838921723,40.6774978556],[-107.8837009575,40.6770033517],[-107.8835360746,40.6764551902],[-107.8836892309,40.6747013254],[-107.8846339858,40.6738387839],[-107.8852264885,40.6733835684],[-107.8855244233,40.6731197601],[-107.8855582912,40.6729031941],[-107.8854716455,40.6727196123],[-107.8850477753,40.6721100883],[-107.8838724332,40.6712808983],[-107.8831769587,40.6708815094],[-107.8824093311,40.6704982916],[-107.8815432395,40.670184904],[-107.8810897333,40.6697014287],[-107.8809623026,40.6693717573],[-107.8809953574,40.6691732907],[-107.8811727281,40.6689424697],[-107.8812771117,40.6687459317],[-107.8813547689,40.6670806569],[-107.8814072319,40.6664658682],[-107.8814716524,40.666105132],[-107.8822288165,40.66569063],[-107.8830437797,40.6655676674],[-107.8836974062,40.6653315954],[-107.8848466773,40.6646739498],[-107.8857668222,40.6643362945],[-107.8860537658,40.6643078062],[-107.8865504137,40.6643755897],[-107.8874451017,40.6640734963],[-107.8886020939,40.6637603614],[-107.8903175752,40.6632085384],[-107.8908590233,40.6628244139],[-107.8913962765,40.6625307864],[-107.8919768689,40.6623289433],[-107.8921566981,40.6620438127],[-107.8920742391,40.6617697336],[-107.8918508348,40.6614556123],[-107.8916621312,40.6609068148],[-107.8915481156,40.6602875314],[-107.8913636199,40.6596482333],[-107.8907809639,40.6588713326],[-107.8904172707,40.6579915783],[-107.890155608,40.657477067],[-107.8901511987,40.6570601071],[-107.8912169528,40.6561464029],[-107.891993518,40.6558229719],[-107.892596963,40.6556398624],[-107.8930052086,40.6555602463],[-107.8933371391,40.6555873113],[-107.8941359821,40.6558081764],[-107.8943991068,40.6557790132],[-107.8944813326,40.6555456221],[-107.894477735,40.655110547],[-107.8945199788,40.6547129629],[-107.894747082,40.6539216373],[-107.894936135,40.6534373851],[-107.8957487446,40.6523355816],[-107.8960448599,40.6521079356],[-107.8966955231,40.6514186184],[-107.8967053362,40.650693927],[-107.8964224048,40.6501244803],[-107.895850663,40.6491122926],[-107.8955673215,40.6485518879],[-107.8957504729,40.6481943419],[-107.8963443418,40.6477028566],[-107.8963245063,40.647104233],[-107.896348009,40.6465974038],[-107.8964911743,40.6460756614],[-107.8965121643,40.6456231364],[-107.8965815135,40.6451537837],[-107.8969030301,40.6448905713],[-107.8976005786,40.6447280957],[-107.8985324265,40.644644407],[-107.9009980825,40.6442492972],[-107.9025238222,40.6440397916],[-107.9036978876,40.6439562097],[-107.9050550665,40.6438950348],[-107.9061543782,40.6436691968],[-107.9070310497,40.6432688085],[-107.907828519,40.6427082922],[-107.9101454962,40.6418974838],[-107.9100029273,40.6415086806],[-107.910028467,40.640440055],[-107.9097983577,40.6402707798],[-107.908951318,40.6395503211],[-107.9086820452,40.639198755],[-107.9083515163,40.6386280521],[-107.9075253482,40.6379715809],[-107.9072544226,40.6376562072],[-107.9071556865,40.6372185926],[-107.9068042812,40.6371004304],[-107.9064137204,40.6367999757],[-107.9061078141,40.6362118133],[-107.9060300022,40.6353216608],[-107.9058778872,40.6350094709],[-107.9053084712,40.6349760723],[-107.9051488396,40.6348268008],[-107.9049687892,40.6346044827],[-107.904934654,40.6343135862],[-107.9052486431,40.6336967423],[-107.905375828,40.6335189134],[-107.9054300249,40.6333753799],[-107.9054246759,40.6329765119],[-107.9054685035,40.6325427112],[-107.9057407436,40.6323143999],[-107.9061826207,40.6320181538],[-107.9062622772,40.6318390413],[-107.906270643,40.6316580324],[-107.9062160859,40.6312940892],[-107.9061335892,40.631020021],[-107.9061299031,40.6305849488],[-107.90595954,40.629637942],[-107.9061576418,40.6289545516],[-107.9062093451,40.6288653137],[-107.9065019626,40.6287100479],[-107.9070047109,40.6281254274],[-107.9073107279,40.6276805429],[-107.9073249402,40.6273728223],[-107.9071425139,40.6261717692],[-107.9067246213,40.625224658],[-107.9065467167,40.6249103907],[-107.9062643068,40.6245444491],[-107.9062107768,40.6243149557],[-107.9064127155,40.6241086082],[-107.9067427627,40.6239056886],[-107.9072825945,40.6237898402],[-107.9076189527,40.6234502582],[-107.90825071,40.6218056471],[-107.9084347159,40.6210612518],[-107.9086508996,40.6205457708],[-107.9087779269,40.6201093561],[-107.9087876929,40.6198978514],[-107.9086449778,40.6197474264],[-107.9081400624,40.619570996],[-107.9069991183,40.6192797836],[-107.9065200586,40.6190063021],[-107.9064665219,40.6187768187],[-107.9064838017,40.6184026178],[-107.9067588025,40.6180027504],[-107.9069049148,40.6176157099],[-107.9066547243,40.6174786918],[-107.9061786831,40.6171401359],[-107.9060592869,40.6164853387],[-107.9061323568,40.6162918302],[-107.9064025287,40.6159960788],[-107.9064250572,40.6155079964],[-107.9064820266,40.6152000227],[-107.9064656235,40.6146294434],[-107.9065500651,40.6132633789],[-107.9069437833,40.6126060524],[-107.9072348365,40.6123206356],[-107.90733975,40.6118999209],[-107.9073371736,40.6114925984],[-107.9072851401,40.611230578],[-107.9073383525,40.6110039519],[-107.9078684108,40.6101710904],[-107.9081425995,40.609787487],[-107.907189164,40.6086786736],[-107.9069274111,40.6083295793],[-107.9061645926,40.6077226917],[-107.9060125873,40.6073113749],[-107.9060572136,40.6068075938],[-107.9059419018,40.6065275774],[-107.905371972,40.6059095761],[-107.9052765149,40.6056626816],[-107.9057994595,40.6045201282],[-107.9063627258,40.6043560406],[-107.9067072661,40.6043001202],[-107.907076917,40.6041634232],[-107.9073259802,40.6038605913],[-107.9078056906,40.6027982722],[-107.9077348858,40.601946114],[-107.9078267805,40.6004173434],[-107.9084897765,40.5980893851],[-107.9085821947,40.5965047563],[-107.9093518707,40.5970047851],[-107.9104493661,40.5977672054],[-107.9116772032,40.5984842429],[-107.912183482,40.5986281223],[-107.9127384453,40.598642956],[-107.9146294984,40.5984166129],[-107.9166598354,40.5979496071],[-107.9185291202,40.5972664961],[-107.9201467156,40.5964789026],[-107.9222581632,40.5956393033],[-107.924149196,40.5949452851],[-107.9254993543,40.5943948278],[-107.926639517,40.5942297257],[-107.9276478755,40.5941425416],[-107.9284671293,40.5939851726],[-107.9288396563,40.5937833224],[-107.9294449768,40.5931641246],[-107.9302212898,40.5920770722],[-107.9307551168,40.5916188663],[-107.9317391208,40.591596163],[-107.9323508606,40.5913029252],[-107.9329464606,40.5908952176],[-107.9332961205,40.5907253212],[-107.9336524783,40.5904089961],[-107.9338440505,40.5899579729],[-107.9341495325,40.5898194786],[-107.9345153328,40.5897640333],[-107.9347250303,40.5898510596],[-107.9359286936,40.5906323524],[-107.9367285582,40.5908979299],[-107.9372805044,40.5909777472],[-107.9377492912,40.5910064723],[-107.937926722,40.5908645713],[-107.939044166,40.5902589127],[-107.9402556798,40.5899326682],[-107.9412647034,40.5898291018],[-107.9416548069,40.5897091104],[-107.9421657028,40.5892828371],[-107.9440107782,40.5891199361],[-107.944932199,40.589062885],[-107.9455518708,40.5890629976],[-107.9460839474,40.5891096549],[-107.9469457896,40.5889532667],[-107.9475323891,40.5887407347],[-107.9480343491,40.5885096663],[-107.948364117,40.5883066193],[-107.9493407998,40.5879740634],[-107.9502445473,40.5878350542],[-107.9508642036,40.5878351369],[-107.9513270725,40.5879939747],[-107.9522271401,40.5879362956],[-107.9532427784,40.5876861902],[-107.9537572029,40.5876508936],[-107.9541892212,40.5875482616],[-107.9546735148,40.5872352564],[-107.955065797,40.5870664191],[-107.9554337607,40.5869620981],[-107.9562749568,40.5867888036],[-107.9572824411,40.5867176333],[-107.9583465914,40.5868108489],[-107.9602555936,40.5866493762],[-107.9609812168,40.5866684827],[-107.9615434726,40.5865203912],[-107.96198578,40.5861899488],[-107.9629314478,40.5860682289],[-107.963680617,40.5860390668],[-107.9657301494,40.585604278],[-107.96769724,40.5851021287],[-107.9685935638,40.5846532708],[-107.9718880916,40.5831433494],[-107.9729153329,40.5826327217],[-107.9738880853,40.5819088978],[-107.9741257746,40.581849982],[-107.9745121064,40.5818112414],[-107.9749477218,40.5816271764],[-107.9751228485,40.5815340332],[-107.9751294455,40.5813875992],[-107.9748534287,40.5808753698],[-107.974759941,40.5805797014],[-107.9747473978,40.5803838961],[-107.9749276533,40.5801768544],[-107.9750431493,40.5799843959],[-107.9744801788,40.5796764281],[-107.9741938957,40.5793919903],[-107.9741268834,40.5789829857],[-107.974155505,40.5783484336],[-107.9740406138,40.5775797983],[-107.9737402538,40.5765710256],[-107.973666669,40.5763971117],[-107.9733825995,40.5760638758],[-107.9737107404,40.5758932856],[-107.9740359751,40.5757877847],[-107.9744111986,40.5755206941],[-107.975002602,40.574249289],[-107.9753822255,40.5738845629],[-107.9763210151,40.573436768],[-107.9772848049,40.5729081573],[-107.9783324513,40.5724143108],[-107.979120382,40.5719951014],[-107.9796427498,40.5717807158],[-107.9809229789,40.5718142117],[-107.9816211508,40.5714903819],[-107.9822699364,40.5708394644],[-107.9827245898,40.5707047406],[-107.9831851139,40.5704398516],[-107.9837029132,40.5698506581],[-107.9847873153,40.5694880272],[-107.9856701566,40.5693318989],[-107.9862322174,40.5691836772],[-107.9867957346,40.569002917],[-107.987969659,40.5680724447],[-107.9884514731,40.5678080898],[-107.9891597836,40.5672564264],[-107.9894973405,40.5668742706],[-107.9896913763,40.5663580521],[-107.9897809215,40.5657902375],[-107.9900464314,40.5655853921],[-107.9904392332,40.5654001583],[-107.9909585775,40.5652507932],[-107.9912446951,40.5650627603],[-107.9914719022,40.564759193],[-107.9919261231,40.5636796014],[-107.9920437358,40.5634383182],[-107.9922032926,40.5632144111],[-107.9931522276,40.5630110724],[-107.9941099135,40.5626124793],[-107.9945247449,40.562411526],[-107.9947519272,40.5621079224],[-107.9949054295,40.5615417673],[-107.9951493583,40.5608639394],[-107.9955148523,40.5602303313],[-107.9964272854,40.5600377571],[-107.9967357112,40.5599137867],[-107.9969360961,40.5597869994],[-107.9970753309,40.5595761231],[-107.9972742318,40.5594822934],[-107.9981928574,40.5592586866],[-107.9988624835,40.5587975972],[-107.9990225832,40.558603769],[-107.9990306873,40.5584224807],[-107.9992843304,40.5575875709],[-108.0004445161,40.5563142358],[-108.0013935261,40.5558933884],[-108.0017638008,40.5558370054],[-108.0019835568,40.5557602179],[-108.0023381099,40.5555714228],[-108.0026278377,40.5553809426],[-108.0033464944,40.5547891052],[-108.0041207654,40.554404956],[-108.0041827274,40.5539858174],[-108.0044596613,40.553596999],[-108.0048387506,40.5533428262],[-108.0053108679,40.5529425838],[-108.0072087255,40.5521008127],[-108.0089135421,40.551220994],[-108.0099027053,40.5508671344],[-108.0113086594,40.5498970347],[-108.0135015188,40.5482542881],[-108.0145180793,40.5477690818],[-108.0153621549,40.5477579062],[-108.0163776202,40.5477841664],[-108.016613078,40.5478397473],[-108.0168613645,40.5480936678],[-108.0171616516,40.5481509228],[-108.0174872027,40.5481263347],[-108.0181148339,40.5476310514],[-108.0183865385,40.5473575661],[-108.0189369138,40.5471407853],[-108.0195916555,40.54700919],[-108.0204998105,40.5470161349],[-108.0216573091,40.546765504],[-108.0220996503,40.5465459158],[-108.0227466621,40.5461006033],[-108.0233613892,40.5454069537],[-108.0235986169,40.5449345546],[-108.0240650185,40.5441710929],[-108.0247222085,40.5434950303],[-108.0254973273,40.5430860028],[-108.0264086369,40.5425319808],[-108.0269922146,40.5420520188],[-108.0279685697,40.5410046408],[-108.0296335345,40.539545994],[-108.0298425379,40.5392213648],[-108.0298556502,40.5389246989],[-108.0300148818,40.5387472962],[-108.0309857965,40.5383102691],[-108.0316234915,40.537967877],[-108.0325893903,40.536321231],[-108.0331229481,40.535640687],[-108.0338765092,40.5349183409],[-108.0343408501,40.5348159946],[-108.0375264698,40.5346667793],[-108.038546103,40.5345939404],[-108.0403932654,40.5339576521],[-108.0405036133,40.5335212561],[-108.040490018,40.5328369486],[-108.040629852,40.5326403558],[-108.0409451305,40.5324315737],[-108.0409053013,40.5318466819],[-108.0413420914,40.5310141529],[-108.0417519396,40.5305461521],[-108.0420421727,40.5303390889],[-108.0422503488,40.5300309243],[-108.0423779304,40.529588687],[-108.0430758142,40.52896306],[-108.0432674682,40.5285389679],[-108.0434727398,40.5282967179],[-108.0436938113,40.5281868759],[-108.0443075861,40.527997992],[-108.0452891235,40.5273136126],[-108.0454849664,40.5272856244],[-108.0457189369,40.5273741152],[-108.0460422104,40.5273988738],[-108.0465613279,40.5273956694],[-108.0471395663,40.5270309554],[-108.047515427,40.5268425687],[-108.0487625235,40.5265114466],[-108.0490433162,40.5265186221],[-108.0501017772,40.5260506708],[-108.0504574871,40.5258287544],[-108.0506375078,40.525668356],[-108.0506476437,40.5254376068],[-108.0509673744,40.5250497746],[-108.0512784315,40.5248597216],[-108.0514872736,40.5245350574],[-108.0521058598,40.5237423397],[-108.0529065954,40.5227397681],[-108.0533393556,40.5222393083],[-108.0550831294,40.5214257982],[-108.0579492571,40.5201623543],[-108.0596051149,40.5193795241],[-108.0604020632,40.5189543117],[-108.0609729485,40.5187543437],[-108.061240047,40.5185796428],[-108.0615330429,40.5183065991],[-108.0616403205,40.5178308261],[-108.062350869,40.5164133863],[-108.0625257831,40.5158733271],[-108.062340068,40.5156705986],[-108.0617308425,40.5153101746],[-108.0609312716,40.5146244913],[-108.0610467928,40.5139427889],[-108.0612848989,40.5136752462],[-108.061516718,40.5131195484],[-108.0615638335,40.5129047526],[-108.0626613248,40.5128318789],[-108.063302108,40.5128481773],[-108.0636959917,40.5129013949],[-108.0639560807,40.5129944088],[-108.0644668205,40.5129641983],[-108.0650183792,40.5128630168],[-108.0654769736,40.5127306708],[-108.0657847954,40.5125944981],[-108.0657187975,40.5119448215],[-108.0660316366,40.5116935608],[-108.0671944226,40.5114207198],[-108.0675072441,40.5111694546],[-108.0674557166,40.5110529486],[-108.0674594864,40.5109666454],[-108.0675009447,40.5108812999],[-108.0680110346,40.510865459],[-108.0681184654,40.5109977807],[-108.0683603262,40.5110759194],[-108.0685330752,40.5110083046],[-108.0690287198,40.5108912887],[-108.0703887125,40.5104218039],[-108.070840387,40.5104476653],[-108.0715178632,40.5102704462],[-108.0713805875,40.5101733716],[-108.0710463724,40.5100496896],[-108.0709188474,40.5099456566],[-108.0708886666,40.5097720926],[-108.0708974327,40.5095707159],[-108.0711141328,40.5093602134],[-108.0714263115,40.5091233318],[-108.0715280464,40.5089531146],[-108.0718672684,40.5089617142],[-108.0723038458,40.5089007851],[-108.0731153857,40.5084605597],[-108.0733779603,40.508496021],[-108.0736612676,40.5084888014],[-108.0738151596,40.5084207034],[-108.0740695358,40.5082111461],[-108.0742095794,40.508027494],[-108.0744997748,40.5078620456],[-108.0749551832,40.5078015859],[-108.0756800563,40.5076183426],[-108.0759526467,40.5074236456],[-108.0762076292,40.5071997022],[-108.0764758445,40.5071057022],[-108.0769136466,40.50701598],[-108.077355205,40.5068399604],[-108.0777364867,40.5067488063],[-108.0783250531,40.5066629056],[-108.0802081786,40.5063073367],[-108.081153301,40.5053952387],[-108.0822410397,40.5046739202],[-108.0823489877,40.5043598479],[-108.0826841948,40.503590721],[-108.0829416255,40.5033092251],[-108.0833498207,40.5030315367],[-108.085247638,40.5018986532],[-108.0866166813,40.5012132],[-108.087940542,40.5006993977],[-108.0883675424,40.5004221616],[-108.0889734727,40.4999334381],[-108.0907203646,40.4987966658],[-108.0915467837,40.4984430852],[-108.0922940722,40.4981739047],[-108.0927982985,40.4978553975],[-108.0931115696,40.4975896859],[-108.0933544532,40.4972069954],[-108.0941868388,40.4962775373],[-108.0948477576,40.495386968],[-108.0953776015,40.4949106908],[-108.0958861266,40.4946138592],[-108.0971015635,40.493977788],[-108.1000226392,40.4926082314],[-108.1006725491,40.4924085524],[-108.1010725525,40.4923177929],[-108.1013168695,40.4923383227],[-108.1015812626,40.4923305632],[-108.1018537158,40.4921358015],[-108.1021882565,40.4918129927],[-108.1040127923,40.4913691376],[-108.1048429617,40.4909371539],[-108.1063402009,40.4902358999],[-108.1066964955,40.4899350193],[-108.1071069659,40.4898261417],[-108.1095681995,40.4899354364],[-108.1114472143,40.4897918015],[-108.1121955577,40.4898105158],[-108.1130435641,40.4896887329],[-108.1133022066,40.4894807172],[-108.1135547036,40.4894155338],[-108.1139600597,40.4894256613],[-108.1152778148,40.4892679327],[-108.117120952,40.4885036893],[-108.1182112992,40.4872046649],[-108.119076339,40.4863921394],[-108.1213469968,40.484897319],[-108.1223604856,40.4841885591],[-108.1230093216,40.4833205714],[-108.1236004909,40.4822676382],[-108.1240023504,40.4810431649],[-108.1243496386,40.48058471],[-108.1255985295,40.4799510029],[-108.1258586459,40.4796602442],[-108.1261633198,40.4791544352],[-108.1271365015,40.4779086526],[-108.1271526142,40.4775307729],[-108.1270307985,40.4770683867],[-108.1270069722,40.4767975812],[-108.1266822936,40.4761139829],[-108.1266757352,40.4754383003],[-108.1264974062,40.4738126016],[-108.1260667165,40.47312637],[-108.1258411778,40.4726073534],[-108.1253501804,40.4716764287],[-108.1240808603,40.469915488],[-108.1230828055,40.4684314983],[-108.1225380807,40.4679315548],[-108.1224777718,40.4676868646],[-108.1224904479,40.4673899502],[-108.1227831137,40.4670126054],[-108.1237081369,40.466690359],[-108.124449987,40.4663203332],[-108.1251391803,40.4660372027],[-108.1261565815,40.4652284119],[-108.1266128549,40.4647726642],[-108.1270529965,40.4641830499],[-108.1275234701,40.4633940104],[-108.1281824882,40.4627931398],[-108.1287485354,40.4623234423],[-108.128914046,40.4620272753],[-108.1289731657,40.4601269659],[-108.1291096214,40.4584621259],[-108.1291899822,40.4581138024],[-108.1294955936,40.4576042492],[-108.130546651,40.4566604924],[-108.131294715,40.4557575223],[-108.1319868041,40.4550181986],[-108.1324531661,40.4543078886],[-108.1332148953,40.4533425408],[-108.1334500619,40.4529480049],[-108.1335789758,40.4524840999],[-108.1346215667,40.4510752917],[-108.1352628329,40.4503738622],[-108.1355268592,40.4498132064],[-108.135128687,40.4494196397],[-108.1349007747,40.4491303907],[-108.134520996,40.4483951681],[-108.1352645196,40.4477146217],[-108.1362410192,40.4469855662],[-108.1372258835,40.4464364017],[-108.1385520031,40.4458779696],[-108.14043442,40.4450071548],[-108.1411176518,40.4445922682],[-108.1415788596,40.4440742804],[-108.142067299,40.4433690243],[-108.1430595944,40.4421090273],[-108.1436464437,40.4416564439],[-108.1440109811,40.4412984383],[-108.1443058935,40.440521656],[-108.1448611012,40.4397846781],[-108.1457765175,40.4393068341],[-108.1464196135,40.4390724823],[-108.1469571715,40.4387521214],[-108.1472069571,40.4385247447],[-108.1483960746,40.4372528713],[-108.1498729036,40.4358880039],[-108.1511343606,40.4354853801],[-108.1520588283,40.4353079817],[-108.1528657856,40.4353278834],[-108.1538577853,40.4356192377],[-108.1541328745,40.4358262074],[-108.1544051544,40.4360998324],[-108.1548934202,40.4364288221],[-108.1553626988,40.4366906142],[-108.1560810585,40.4372588329],[-108.1566164844,40.4375055629],[-108.1580018469,40.4383070543],[-108.1590586579,40.4386166303],[-108.1594850554,40.4388606726],[-108.1600528948,40.4393751149],[-108.1605820346,40.4397718094],[-108.1615023796,40.440211493],[-108.1619161014,40.4402383389],[-108.1622932027,40.4400974657],[-108.162793388,40.4396259578],[-108.1632323454,40.4390528578],[-108.1636572666,40.4388130561],[-108.1641891437,40.4386259313],[-108.1648061597,40.4384909332],[-108.1654097607,40.438155411],[-108.1659549349,40.4376516358],[-108.1666098471,40.4371338681],[-108.1671331952,40.4366295501],[-108.1675228706,40.4361886741],[-108.1676712232,40.4357752507],[-108.1680067788,40.4355832856],[-108.1683606397,40.4354751904],[-108.1689318937,40.4353891005],[-108.1693673942,40.4354164554],[-108.1697332704,40.4355421926],[-108.1706915196,40.4355990344],[-108.1714639667,40.4354010807],[-108.1721336327,40.4350504613],[-108.1729411497,40.4345363926],[-108.1733470033,40.4342293557],[-108.1737887807,40.4341067006],[-108.1742052584,40.4340668479],[-108.1745809073,40.4339592483],[-108.1750542727,40.4336038219],[-108.1757731075,40.4331209217],[-108.1763323017,40.4328009482],[-108.1772228008,40.4323889677],[-108.1782348954,40.4316796669],[-108.1795741092,40.4309783392],[-108.1802534534,40.4303943586],[-108.1808399785,40.4299415626],[-108.1812858939,40.4297188894],[-108.1822375827,40.4294084656],[-108.1839381535,40.4284156129],[-108.1848136966,40.4278363865],[-108.1852925247,40.4273475911],[-108.1855934102,40.4269378531],[-108.1862550196,40.4262532993],[-108.1871066295,40.4257235146],[-108.188152426,40.4252485044],[-108.1889921935,40.4250020205],[-108.1895176479,40.4249647613],[-108.1900683914,40.4248446926],[-108.190381997,40.4246521364],[-108.1925351868,40.4222187902],[-108.1932506929,40.4212852688],[-108.1939367417,40.420534543],[-108.1957148042,40.4192431209],[-108.1966700879,40.4183154017],[-108.1979454794,40.41651126],[-108.1983545673,40.4161208036],[-108.1987896019,40.4156308784],[-108.1990121209,40.4150023472],[-108.1993751219,40.4141436451],[-108.1996523115,40.413249509],[-108.2002136211,40.4123455802],[-108.2007154063,40.4118238874],[-108.2011386421,40.4116172654],[-108.2018705856,40.4113347149],[-108.2024668508,40.4111656464],[-108.2032572839,40.4110513238],[-108.204043564,40.411036992],[-108.2047800384,40.4111715868],[-108.2052808116,40.411200383],[-108.2059411056,40.4110662112],[-108.2073606243,40.4105166521],[-108.2080204679,40.4098652874],[-108.2086495466,40.4094300562],[-108.2088336117,40.4092009497],[-108.2090291509,40.4092223596],[-108.2093492962,40.4093969152],[-108.209621702,40.4096704167],[-108.2097497679,40.4097402362],[-108.2099677885,40.4097454982],[-108.2102757801,40.4096862116],[-108.2110716857,40.4094385033],[-108.2115745219,40.4094172808],[-108.2120698004,40.409579369],[-108.2134731867,40.4099468863],[-108.2145052743,40.4103220992],[-108.2151191966,40.4102534918],[-108.215815487,40.4102702607],[-108.2166284053,40.4101730759],[-108.217467793,40.40995568],[-108.217763701,40.409633214],[-108.2183314258,40.409096359],[-108.2188596592,40.408458453],[-108.219476459,40.4077893189],[-108.2198946082,40.4061144356],[-108.2198858522,40.4057972576],[-108.2197182978,40.405626404],[-108.2191590082,40.4054294313],[-108.218464978,40.4047954641],[-108.2178780684,40.4036802827],[-108.2178502725,40.4032959147],[-108.2180165982,40.4029662677],[-108.2186149868,40.4022132729],[-108.2188726358,40.401785735],[-108.2191649545,40.4015758957],[-108.2197803247,40.4009400804],[-108.2200269745,40.4007791863],[-108.220347264,40.4004198797],[-108.2205830984,40.3999918033],[-108.2205763843,40.3996246268],[-108.2204914014,40.3990386919],[-108.2205003191,40.3988220268],[-108.2206631976,40.3985757129],[-108.221140872,40.3981034037],[-108.2217942953,40.3976019524],[-108.2227086048,40.3971234552],[-108.2233496791,40.3969219896],[-108.2237727599,40.3967152821],[-108.2241276962,40.3965736691],[-108.224380494,40.3962627747],[-108.2245835367,40.3961008204],[-108.2246979984,40.395970112],[-108.2251027015,40.395679529],[-108.2254256689,40.3952535469],[-108.2257431643,40.3949608843],[-108.2257718183,40.394794744],[-108.2259851035,40.3943828044],[-108.2261936047,40.3940875173],[-108.2268019867,40.3936183239],[-108.2272577774,40.3931454663],[-108.2273286391,40.3930137046],[-108.2272898415,40.3928959968],[-108.2270296386,40.3928563872],[-108.2269050171,40.392703257],[-108.2268273984,40.3924678237],[-108.2272593351,40.392044448],[-108.2279385639,40.3914434901],[-108.2289685643,40.3908008936],[-108.2293603002,40.3902931244],[-108.2302562149,40.388663021],[-108.2304654305,40.387817215],[-108.2306044689,40.3870865174],[-108.2306454637,40.3860865348],[-108.2306141645,40.3857854986],[-108.2303798787,40.385646419],[-108.2302109816,40.3855089152],[-108.2302191783,40.3853089133],[-108.2303418224,40.3849781998],[-108.2306565744,40.3842183417],[-108.2313438804,40.3834173649],[-108.2315162392,40.3829376926],[-108.2315360386,40.3824543697],[-108.2318479913,40.3822950207],[-108.2323582633,40.3820870321],[-108.2329385542,40.3817672717],[-108.2334650615,40.3811626201],[-108.2338750859,40.3807386923],[-108.2339343643,40.3803564002],[-108.2339514149,40.3799397428],[-108.2339180695,40.3796887078],[-108.2337539482,40.3794345352],[-108.2335530791,40.3790126632],[-108.2337111275,40.3783491343],[-108.2339999213,40.3776887444],[-108.2342308055,40.3773772976],[-108.2348784696,40.3770090931],[-108.2351502034,40.3767653601],[-108.235270076,40.3765013079],[-108.2351373045,40.37601433],[-108.2350515187,40.3754450653],[-108.2351428105,40.3748133057],[-108.2352025249,40.3733533274],[-108.2354061387,40.3731746938],[-108.2358161843,40.3729125207],[-108.2365742977,40.373023343],[-108.2369780193,40.3730568238],[-108.2372488932,40.3729912735],[-108.2378705805,40.3725657581],[-108.2381682629,40.372525206],[-108.2385739291,40.3725110686],[-108.2396483992,40.3725248252],[-108.2409631566,40.3723774792],[-108.2419135908,40.3723763357],[-108.2428903106,40.3724949719],[-108.2433203064,40.3726482311],[-108.2438480622,40.3726965607],[-108.2442065502,40.3726931854],[-108.2444731049,40.3726518888],[-108.2445976151,40.372654858],[-108.2448296494,40.3726961395],[-108.2450436661,40.3727965723],[-108.2454634407,40.3728184931],[-108.2466147866,40.3728578472],[-108.2479616426,40.3726873616],[-108.2484393111,40.372817888],[-108.248826998,40.3728628737],[-108.2501116441,40.3730721856],[-108.2509370959,40.3730799157],[-108.2513315551,40.3729582203],[-108.2518665772,40.3728279456],[-108.2524468469,40.3727345027],[-108.2526180695,40.3727385727],[-108.2527878328,40.3727783579],[-108.2533385055,40.3730297709],[-108.2537865218,40.3731238324],[-108.2540817846,40.3731427589],[-108.2545555106,40.3729871877],[-108.255796286,40.3727425914],[-108.2560443735,40.3727723113],[-108.2564247084,40.3726145171],[-108.2568395292,40.3723741222],[-108.2573896449,40.3722560953],[-108.2578886995,40.3722441132],[-108.258531202,40.3721521082],[-108.2593478528,40.3719927339],[-108.2598395384,40.371777989],[-108.2602943036,40.371705353],[-108.2617903573,40.3713118246],[-108.2624999443,40.3711022223],[-108.2627221939,40.3710002478],[-108.2633783352,40.3709562075],[-108.2638141454,40.3709665211],[-108.2643146407,40.3709187954],[-108.2649844131,40.3709227267],[-108.2655627292,40.3708768357],[-108.2663142009,40.3707873564],[-108.2669269952,40.3706588682],[-108.2675932362,40.3703647937],[-108.2684244336,40.3702295327],[-108.2692487165,40.3698796123],[-108.2701304337,40.369650202],[-108.2707257462,40.3695689314],[-108.2711771216,40.3695795881],[-108.271454887,40.3696457328],[-108.2715882436,40.3698157163],[-108.2733315127,40.3698568539],[-108.2740046427,40.3697773966],[-108.2742604068,40.3696166084],[-108.2745302819,40.3694918893],[-108.2747491373,40.3694732202],[-108.2752733441,40.3692234154],[-108.2759211012,40.3690003687],[-108.2763267385,40.3689860923],[-108.2768092435,40.3689974653],[-108.2773336554,40.3691289866],[-108.2776514029,40.3693628863],[-108.2779904757,40.3694542863],[-108.2781928144,40.369459045],[-108.2784169502,40.369309413],[-108.2787888406,40.3689725954],[-108.2790129161,40.3688807608],[-108.2791245645,40.3691473274],[-108.2792852294,40.3694132708],[-108.27964059,40.3698744563],[-108.2801393648,40.3702556052],[-108.2810194132,40.3704550526],[-108.2814504496,40.3705843639],[-108.2817394759,40.3707579845],[-108.2818096521,40.3709503041],[-108.2817874026,40.3718911648],[-108.2817476548,40.3721047126],[-108.28161451,40.3723160841],[-108.2812390343,40.3731294726],[-108.280818517,40.3735128132],[-108.2808115275,40.3736866254],[-108.2808491193,40.3739139276],[-108.2809480352,40.3741664968],[-108.2812081172,40.3746730941],[-108.2819402041,40.3754529583],[-108.282274523,40.3756633974],[-108.2826483685,40.3760535151],[-108.2827808183,40.3762472897],[-108.2828933816,40.3765478458],[-108.2831158773,40.3768271459],[-108.2834303438,40.377144364],[-108.2839651137,40.3774071853],[-108.2850723179,40.3781600809],[-108.285470369,40.3783362626],[-108.2856825735,40.3784842436],[-108.2856715696,40.3787580592],[-108.2857341038,40.3791408533],[-108.2858862316,40.3796210726],[-108.2860234618,40.3796958003],[-108.2865232131,40.3796647667],[-108.2867807283,40.3794633344],[-108.2871619897,40.3792816286],[-108.2873233989,40.3791424179],[-108.2876574755,40.3789715266],[-108.2882803618,40.3785929039],[-108.2885327792,40.3785154122],[-108.2887578813,40.3783419457],[-108.2893462765,40.378045927],[-108.2897883466,40.3779013798],[-108.2901973822,40.3778037262],[-108.2904945925,40.3777749396],[-108.2907970463,40.3776152078],[-108.2913013907,40.3774721241],[-108.2918608388,40.3775090704],[-108.2922323095,40.3775713943],[-108.2922862257,40.3777811933],[-108.2924601527,40.3781070119],[-108.29288871,40.3786890292],[-108.2931569945,40.3789932229],[-108.2932978835,40.3793659247],[-108.2936969221,40.3795182734],[-108.2940676768,40.3795984541],[-108.2950139498,40.3797040196],[-108.2953813744,40.3798675319],[-108.2963384636,40.380092507],[-108.2967209877,40.3802682827],[-108.2970285217,40.3803708017],[-108.2972172561,40.3803275502],[-108.29905653,40.3791431807],[-108.2993273366,40.3789945983],[-108.3001455407,40.3784059784],[-108.3005645485,40.3780582801],[-108.3014043547,40.3777084879],[-108.3018468838,40.3775519943],[-108.302277164,40.3773117953],[-108.3024380679,40.377184478],[-108.3025152506,40.3770075209],[-108.3026697824,40.3768443142],[-108.3031594747,40.3766769886],[-108.3034638016,40.3764695983],[-108.3036850558,40.3763913518],[-108.3044426137,40.3765401006],[-108.3046940499,40.3764863879],[-108.3049945618,40.3763742307],[-108.3053125486,40.3762148184],[-108.3058268157,40.3758216557],[-108.3064783387,40.3755031823],[-108.3067529447,40.3752593362],[-108.3069685792,40.3749307107],[-108.3070233348,40.3747294088],[-108.3070144166,40.3745623721],[-108.3072073622,40.3744119573],[-108.3075618893,40.3743129641],[-108.3084158653,40.3745831128],[-108.30878756,40.3746394217],[-108.3096767474,40.3746124653],[-108.3117022795,40.3746119308],[-108.3129291898,40.3747119709],[-108.3137138649,40.3749029164],[-108.3137990288,40.3747798538],[-108.3138802123,40.3743050863],[-108.3138783742,40.3739594753],[-108.3140746702,40.3733324677],[-108.3141237765,40.3728807913],[-108.3142752257,40.372598319],[-108.3144341921,40.3725185957],[-108.3154422391,40.3722441166],[-108.3162568714,40.3721319369],[-108.3165988477,40.3721518074],[-108.3168063768,40.3724187884],[-108.3172936224,40.3727041728],[-108.3177389041,40.372869422],[-108.3181558805,40.3729625114],[-108.3186157793,40.373151933],[-108.318935116,40.3733500054],[-108.3193322927,40.3735498744],[-108.3202403176,40.3738330981],[-108.3206332522,40.3741401118],[-108.3210309008,40.3743280822],[-108.3215450623,40.3743280796],[-108.3220615968,40.3742685528],[-108.3226384959,40.3742580857],[-108.3230243588,40.3743504373],[-108.323305034,40.374345029],[-108.3239168408,40.374240035],[-108.3244578829,40.3739546513],[-108.3247725138,40.3738785212],[-108.3258621633,40.3739037359],[-108.3260631156,40.3739441369],[-108.32637445,40.3739513386],[-108.3267659648,40.3739008128],[-108.3273263605,40.3739137746],[-108.3287249567,40.3736124572],[-108.3290230698,40.3735597614],[-108.329272602,40.373553614],[-108.3300791937,40.3732505046],[-108.3306570266,40.3732161935],[-108.3313655535,40.3734232203],[-108.3316080383,40.3735956426],[-108.3321962805,40.3736926383],[-108.3331897161,40.3737870721],[-108.3334699145,40.3737935327],[-108.3342297865,40.3734893144],[-108.3346113758,40.3732955431],[-108.3347203366,40.373298063],[-108.3349047839,40.3733618921],[-108.3353250735,40.3733715913],[-108.3360199415,40.3735306066],[-108.3365147063,40.3736062857],[-108.3367785209,40.3734017162],[-108.3374400672,40.3725893898],[-108.3377103787,40.372219446],[-108.3379640138,40.3717738854],[-108.3381938287,40.3714331126],[-108.3387319659,40.3702568179],[-108.3392065012,40.3696959696],[-108.3397352718,40.3692567447],[-108.3400592033,40.3690234537],[-108.3405081559,40.3686124726],[-108.3410113369,40.3683231173],[-108.3423519689,40.3682486342],[-108.3428790842,40.3683510379],[-108.3438451051,40.3682980041],[-108.3446383518,40.3681356709],[-108.3458834727,40.367487174],[-108.3462628013,40.367345418],[-108.3464200378,40.3673490243],[-108.3478103586,40.3680129044],[-108.3483494794,40.3683111639],[-108.3489029489,40.3687451676],[-108.3489906198,40.3690180166],[-108.3493255356,40.3695071983],[-108.3500743895,40.369975765],[-108.3507534786,40.3702170391],[-108.3512073138,40.3701823023],[-108.3515842905,40.3701006646],[-108.3519087802,40.3698522996],[-108.3526654424,40.3691173004],[-108.3534364428,40.3685180483],[-108.3538591896,40.3682719341],[-108.3544987227,40.3680157317],[-108.354896515,40.3679044674],[-108.3553324308,40.3678241556],[-108.3558636947,40.3678212709],[-108.3561972239,40.3678439416],[-108.3564580245,40.3677144863],[-108.356561002,40.3675964686],[-108.3567085619,40.3673440558],[-108.3568350049,40.3669249378],[-108.3570750464,40.3663733721],[-108.3576412212,40.3644644702],[-108.3580102167,40.3638740733],[-108.3581489616,40.3635847884],[-108.3583395451,40.3633663203],[-108.3586376494,40.3631920923],[-108.3589694176,40.363088263],[-108.3595436152,40.362836779],[-108.35967475,40.3627422948],[-108.3602055065,40.3626708533],[-108.3608310095,40.362504101],[-108.3624178547,40.3624289164],[-108.3633604707,40.3625339718],[-108.3642153784,40.3625534737],[-108.3647317592,40.3623842039],[-108.3649500195,40.3623891878],[-108.3651558243,40.3627141887],[-108.3654398098,40.3629017127],[-108.3658913082,40.3629955494],[-108.3664535622,40.363050147],[-108.3670367286,40.3630355823],[-108.3673801756,40.3630991114],[-108.3680746358,40.363031366],[-108.368815332,40.3631032329],[-108.3691017967,40.3633480824],[-108.3693608392,40.3634969747],[-108.3697590393,40.3636728704],[-108.3701302556,40.3637408943],[-108.3705660906,40.3637508126],[-108.3709112902,40.3636871684],[-108.3712070018,40.3636938956],[-108.3713965633,40.3636267047],[-108.3717083372,40.3636218836],[-108.3723079612,40.3638261799],[-108.3737238747,40.3638702826],[-108.3741459772,40.3638322054],[-108.3746223423,40.3635853146],[-108.375509524,40.3630533258],[-108.3757783415,40.3641311293],[-108.3758672427,40.3646503161],[-108.3758504306,40.3650836969],[-108.3759098995,40.3663612954],[-108.3760378656,40.3669981483],[-108.3765033068,40.3684935144],[-108.376760734,40.3691666809],[-108.3767280111,40.3711345333],[-108.3769112134,40.3714723523],[-108.3774681397,40.3717352405],[-108.3781031935,40.3722334563],[-108.3784652914,40.3724585453],[-108.3785915182,40.3725781991],[-108.3789380933,40.373203312],[-108.3794603227,40.373799075],[-108.3809920401,40.3748014053],[-108.3823764005,40.3756669229],[-108.3828563666,40.3762283391],[-108.382709731,40.3766354224],[-108.3816593829,40.3778461662],[-108.3807108751,40.379242719],[-108.3803477525,40.3801687479],[-108.380311747,40.3805349589],[-108.3804417054,40.3811218139],[-108.3808556678,40.3816984182],[-108.3817811425,40.3825868992],[-108.3827297302,40.3834425408],[-108.3827649274,40.3836602188],[-108.3831415573,40.3842469882],[-108.3836248621,40.3845522068],[-108.3839389071,40.3848929777],[-108.3841265684,40.3856813284],[-108.3841130215,40.3860313637],[-108.3842468845,40.3865182027],[-108.3843930312,40.3866883363],[-108.3849622231,40.3872017178],[-108.3849364158,40.3878684522],[-108.3850113521,40.3881871101],[-108.3851933529,40.3885582624],[-108.3853919935,40.3890632528],[-108.3854598357,40.3895652766],[-108.385721949,40.3901217442],[-108.3859674144,40.390544373],[-108.3866923731,40.3915450661],[-108.3871849272,40.3923486432],[-108.3873105731,40.3924849488],[-108.3875920365,40.3925413609],[-108.3885737013,40.3925468714],[-108.3887230774,40.3926336632],[-108.3888910404,40.3928042837],[-108.3890955159,40.3931592433],[-108.3891780977,40.3938451176],[-108.3897550327,40.3947256618],[-108.3900486512,40.3950325926],[-108.390293516,40.3954718833],[-108.3907294493,40.3960489473],[-108.3912335589,40.3965558123],[-108.3919574427,40.3970225973],[-108.392683896,40.3974226998],[-108.3932859256,40.3982203763],[-108.3937519915,40.399148459],[-108.3943431114,40.4002295004],[-108.3949220746,40.4010600162],[-108.3954094092,40.4014380279],[-108.3963200009,40.4015920171],[-108.3975371279,40.4017195354],[-108.3979045798,40.4018112217],[-108.398368834,40.4022220721],[-108.3987253707,40.4025971261],[-108.3999402248,40.4031082702],[-108.4005673058,40.4034202881],[-108.4013519685,40.4036881849],[-108.4021164944,40.4040747929],[-108.4024577588,40.4045233653],[-108.402956144,40.404939738],[-108.4035544026,40.4051914966],[-108.4038974972,40.4051872926],[-108.404494356,40.4046644653],[-108.4057119001,40.4042151469],[-108.4064979412,40.4040421312],[-108.4072253377,40.403772462],[-108.4074080802,40.4034786423],[-108.4076347982,40.4032573168],[-108.4079064183,40.4030846716],[-108.4088257588,40.4030933779],[-108.4094789623,40.4031318469],[-108.4113231889,40.4034115057],[-108.4127876247,40.4034323863],[-108.4130702424,40.4033791376],[-108.4132557672,40.4034190391],[-108.4132782459,40.4036459516],[-108.4132710925,40.4046467786],[-108.4133127836,40.4047787909],[-108.4136321184,40.4049885191],[-108.4135278535,40.4060824965],[-108.4137364023,40.406742577],[-108.4139536105,40.4071764256],[-108.4146875487,40.4075503422],[-108.4154480033,40.4076388517],[-108.4163976485,40.4076720001],[-108.4169624667,40.4075773843],[-108.4171694994,40.4074628456],[-108.4176843999,40.4074505194],[-108.4179038226,40.4074196711],[-108.4180329697,40.4073034026],[-108.418054472,40.4071489608],[-108.4182738835,40.4071181221],[-108.4183962149,40.4071804303],[-108.4185951526,40.4076853673],[-108.4189031344,40.4081927419],[-108.4194341554,40.4085740117],[-108.4201356246,40.4089829172],[-108.4216621613,40.4094221454],[-108.4226390311,40.4099682686],[-108.42325719,40.4105182888],[-108.4235913662,40.4111573244],[-108.4236438047,40.4118258047],[-108.423629716,40.4121949073],[-108.4236811316,40.4124820428],[-108.4239533156,40.412702606],[-108.4250134355,40.4127024053],[-108.4252768849,40.412744028],[-108.428998352,40.4128626372],[-108.4310752192,40.4131829087],[-108.4318220016,40.4132233437],[-108.4326683166,40.4135162314],[-108.4341979579,40.4142890258],[-108.4347977718,40.4145049263],[-108.4352147457,40.4146095188],[-108.4354502056,40.4145670728],[-108.4357154722,40.4145610466],[-108.4357274445,40.4146566462],[-108.4358631073,40.4147788197],[-108.4358594858,40.4148740718],[-108.4357143215,40.4150019334],[-108.4357253745,40.4151213359],[-108.4363468545,40.4155879572],[-108.4366538909,40.4157139368],[-108.4371780994,40.4158685586],[-108.437376543,40.4159802064],[-108.4375557848,40.4161867681],[-108.4376282439,40.4163313621],[-108.4378097575,40.4164783864],[-108.4384274388,40.4166350842],[-108.4386861501,40.4172128054],[-108.4386981181,40.4173084056],[-108.4385644554,40.4175437727],[-108.4383689445,40.4177658511],[-108.4374387477,40.418448291],[-108.4372707589,40.4187663146],[-108.4373278178,40.4201379691],[-108.4372433556,40.420720001],[-108.4372324991,40.4210057586],[-108.4370654087,40.4212999599],[-108.4369362607,40.4214162584],[-108.4365038754,40.4217164991],[-108.4363555189,40.4219277023],[-108.4361683216,40.4223406214],[-108.4361186169,40.4228280943],[-108.4359808591,40.4231706141],[-108.4357652106,40.4235114054],[-108.4356626873,40.4237474657],[-108.4356678601,40.4240216511],[-108.4357238459,40.4241897299],[-108.4358617986,40.4242523747],[-108.4364244727,40.4242171954],[-108.4367796353,40.4243084889],[-108.4372242006,40.4245090084],[-108.4374827208,40.424681571],[-108.4376028446,40.424803394],[-108.4378003989,40.4249388696],[-108.4378728709,40.4250834736],[-108.4381984475,40.4255435163],[-108.4385280986,40.425896403],[-108.4391359293,40.4263150299],[-108.4397367731,40.4265070942],[-108.4399966687,40.4266439332],[-108.4400224011,40.4267875071],[-108.4401086659,40.4269800809],[-108.4404392289,40.4273091494],[-108.4403953624,40.4274426623],[-108.440645158,40.4284576861],[-108.4407962171,40.4289972704],[-108.4410278945,40.4294671454],[-108.4411082875,40.4306367412],[-108.4412078683,40.4308891888],[-108.4411356109,40.4311497484],[-108.4410330957,40.4313858111],[-108.4409337377,40.4315385234],[-108.4409287657,40.4316694923],[-108.4410942883,40.4318280733],[-108.4411654283,40.4320083976],[-108.4412017815,40.4322832741],[-108.4413097273,40.4327265736],[-108.4414244369,40.4329912801],[-108.4416299444,40.4333294916],[-108.441733818,40.4338799446],[-108.4418970961,40.4340980532],[-108.4423376806,40.4344057229],[-108.4426438991,40.4345554958],[-108.4427827856,40.4345943251],[-108.4431468172,40.4348645373],[-108.4436515903,40.4359481906],[-108.4437021851,40.436259134],[-108.4436240595,40.4366744857],[-108.4437369995,40.4369868049],[-108.4440640131,40.4374111206],[-108.4442979993,40.4378214582],[-108.4447270898,40.4380216081],[-108.4447706906,40.4381059962],[-108.4447149205,40.4383430804],[-108.4447562551,40.4384869872],[-108.4450182506,40.4389813649],[-108.445188238,40.4396008407],[-108.4454834766,40.4399408796],[-108.4458448751,40.4405678199],[-108.4459741029,40.440884569],[-108.446155013,40.4411926503],[-108.4463879805,40.4414822606],[-108.4466107085,40.4417029863],[-108.4468133622,40.4417761204],[-108.4469412581,40.4417887564],[-108.4471594366,40.4417183238],[-108.4475235495,40.4420076127],[-108.4485137391,40.4423041432],[-108.4489186665,40.4424602183],[-108.4493771336,40.442558627],[-108.4502864348,40.4426179297],[-108.4506990096,40.4429114973],[-108.4507923731,40.4431587923],[-108.450774904,40.4434747112],[-108.4506911739,40.4439566736],[-108.4507832547,40.4444091479],[-108.4509578747,40.4449885669],[-108.4511812595,40.4460111527],[-108.4520297178,40.4478943822],[-108.4522105571,40.4485225596],[-108.4524813969,40.4488997483],[-108.453299932,40.4496231056],[-108.4542517163,40.4502227292],[-108.4555366263,40.4512030684],[-108.4557505242,40.4516802147],[-108.4555916085,40.4527376713],[-108.4555842135,40.4529353147],[-108.4557202399,40.4534461846],[-108.4551215649,40.4535201194],[-108.4533212093,40.4540772046],[-108.4531394087,40.4542088473],[-108.4530260767,40.4548571597],[-108.4528547571,40.4550498974],[-108.4527048497,40.4551284191],[-108.4524621452,40.455199803],[-108.45217661,40.4553211562],[-108.4516769235,40.4554710625],[-108.450955946,40.4557708743],[-108.4506275797,40.4558065652],[-108.4502706621,40.4558065653],[-108.4498138053,40.4557494584],[-108.4494283326,40.4556637983],[-108.4485717257,40.4556209678],[-108.4481567774,40.4555644857],[-108.4480462465,40.4555801517],[-108.4437238756,40.4568844969],[-108.4422314545,40.4576522488],[-108.4401795042,40.4587745986],[-108.4378339995,40.4595734319],[-108.4364587936,40.4601268154],[-108.4351016043,40.4607807004],[-108.4344702546,40.4613005322],[-108.4335418533,40.4621641029],[-108.4312571927,40.4630809325],[-108.4305961219,40.4632330641],[-108.4299202244,40.4632013394],[-108.4287597473,40.4632756109],[-108.4279662679,40.4628909167],[-108.4276376346,40.4629169747],[-108.4273918536,40.4630616494],[-108.4270524142,40.4633710643],[-108.4263355889,40.4638389],[-108.42546853,40.4642366436],[-108.4251161705,40.4643122074],[-108.4243395834,40.464628557],[-108.4240706894,40.4648060717],[-108.4237606826,40.4649159393],[-108.423374224,40.4647404868],[-108.4230326826,40.4645326738],[-108.4222142194,40.4642308029],[-108.4218207426,40.4642386999],[-108.4208560261,40.4643339454],[-108.4196969287,40.464942016],[-108.418472333,40.4655486037],[-108.4166829406,40.4666430321],[-108.415905756,40.4675432111],[-108.4158018221,40.4679746384],[-108.4157300322,40.4687070818],[-108.4155920571,40.4688875026],[-108.4152075937,40.4692292446],[-108.4135643545,40.4699265024],[-108.4129801861,40.4697799606],[-108.412713157,40.4699074448],[-108.4121765383,40.4702290767],[-108.4117111515,40.4704021658],[-108.4115057583,40.4706311199],[-108.411491669,40.4709978318],[-108.4117093332,40.4715866043],[-108.4118962146,40.4724082511],[-108.4118840516,40.4727249549],[-108.4115444941,40.4730343232],[-108.4112434512,40.4734780169],[-108.4108570161,40.4738697442],[-108.4107549672,40.4742511567],[-108.410528369,40.4744629594],[-108.4101040469,40.4747036814],[-108.4100026362,40.4750684339],[-108.4099724727,40.4752846349],[-108.4097465115,40.4754797624],[-108.4094794384,40.475607237],[-108.4086885124,40.4751557421],[-108.4069089627,40.4759833101],[-108.4059235262,40.4766118164],[-108.4041182216,40.4775388583],[-108.4034556722,40.4777241589],[-108.4018339099,40.4789889566],[-108.401246429,40.4794929067],[-108.400814967,40.4799169479],[-108.4003186441,40.4803228476],[-108.3999725499,40.480798859],[-108.3995930972,40.4810071949],[-108.3993645039,40.4812689734],[-108.3992219491,40.4815660563],[-108.3989972215,40.4817278188],[-108.398452707,40.4822494126],[-108.3980738813,40.4824410729],[-108.3977470808,40.4824170262],[-108.3975159792,40.4821782546],[-108.3973850102,40.4821753009],[-108.3970427454,40.4825513004],[-108.3967312565,40.4832616411],[-108.3965488858,40.4834577213],[-108.3962618804,40.4835346689],[-108.3958438885,40.4836086671],[-108.3955112882,40.4837346176],[-108.395117066,40.4837590923],[-108.3943646237,40.4834418323],[-108.3938934063,40.4831976409],[-108.3933534734,40.4830353112],[-108.3930491526,40.4829950793],[-108.3903876279,40.4840193571],[-108.3886629206,40.4845475872],[-108.38739922,40.4850194934],[-108.3870467007,40.4850949351],[-108.3869425612,40.4855263321],[-108.3868031796,40.4857400497],[-108.386013232,40.4863894927],[-108.3859425666,40.4865213488],[-108.3856034533,40.4868139652],[-108.3852033998,40.4869884193],[-108.3846068311,40.4871584184],[-108.3840070448,40.4874117663],[-108.3829769217,40.4880557369],[-108.3822061405,40.4887723138],[-108.3813955846,40.4893878803],[-108.3808188975,40.4896083621],[-108.3799648667,40.4896557253],[-108.3787351693,40.4898113298],[-108.3782998391,40.4897680864],[-108.3773150748,40.4892452478],[-108.377039057,40.4890387853],[-108.3767611015,40.4888823211],[-108.3762788665,40.48892142],[-108.3752776188,40.4893824734],[-108.3743777248,40.4900460054],[-108.3740932552,40.4900562197],[-108.373914052,40.4901689227],[-108.373552401,40.4904776731],[-108.3733005479,40.4907722333],[-108.3725599299,40.4912725553],[-108.3705729358,40.4917945502],[-108.3701033891,40.4920674589],[-108.3691189992,40.4920950954],[-108.3684979198,40.4923311861],[-108.367502052,40.4926346981],[-108.3671110882,40.4931503992],[-108.3668230195,40.4938111382],[-108.3668034587,40.4943111672],[-108.3672691074,40.4952560207],[-108.3674225733,40.496360577],[-108.3674193002,40.4975616597],[-108.3678258502,40.4989005332],[-108.3681882306,40.4996928793],[-108.3684078745,40.5007822619],[-108.3690717516,40.5022487824],[-108.3699503934,40.50325307],[-108.3705370807,40.5050181222],[-108.3709457939,40.5057447789],[-108.3714335513,40.5063314142],[-108.3707506218,40.506824717],[-108.3705152975,40.5072531043],[-108.3701457257,40.5077618574],[-108.369737003,40.5081529307],[-108.3693706671,40.5085783412],[-108.3687911574,40.508865425],[-108.3676155082,40.5093057447],[-108.3671530043,40.5093952966],[-108.3669307166,40.509490325],[-108.3666370392,40.5097338718],[-108.366361942,40.5100612504],[-108.3661742012,40.5103906184],[-108.365526829,40.5112933989],[-108.3653807785,40.5116737718],[-108.3648233597,40.5125118706],[-108.3647659748,40.5128609056],[-108.3647463777,40.5133609282],[-108.3646260935,40.5136417904],[-108.3645468615,40.5139903128],[-108.364209496,40.514790057],[-108.3639363259,40.5150674396],[-108.3637293178,40.5153296296],[-108.3633039136,40.5155868322],[-108.3630466803,40.5160147091],[-108.3626688805,40.5161729101],[-108.3621521751,40.5165281297],[-108.3617235029,40.5168686711],[-108.3605463461,40.5173422523],[-108.3598291535,40.5177929687],[-108.3590649876,40.5183260176],[-108.3589859695,40.5192250732],[-108.359016556,40.5195594341],[-108.3591615846,40.5197629398],[-108.3585431011,40.519925629],[-108.356989351,40.5205240207],[-108.3565260983,40.5206301876],[-108.3558245612,40.5206808573],[-108.3552156282,40.520600182],[-108.3547318486,40.5206725172],[-108.354572415,40.5208356934],[-108.35435006,40.5209306883],[-108.3525553379,40.5215401844],[-108.3518028893,40.5217731701],[-108.3512681937,40.5220278204],[-108.3500821957,40.522167437],[-108.3495759041,40.5222559116],[-108.3492264372,40.5222478953],[-108.3487478902,40.5221868663],[-108.3479900174,40.5220026248],[-108.3476464765,40.5218445994],[-108.3469707075,40.5217957019],[-108.3465716441,40.5219366776],[-108.3457252265,40.5223342955],[-108.3451441887,40.5226545859],[-108.3446472236,40.523060226],[-108.3444739233,40.5235733977],[-108.344472724,40.5241572674],[-108.3444304755,40.5246734586],[-108.343995066,40.525180598],[-108.343210166,40.525679703],[-108.3425847425,40.5260156498],[-108.3420466871,40.526353602],[-108.341854812,40.5267829269],[-108.3418363637,40.5272496134],[-108.3417788399,40.5275986264],[-108.3413195686,40.5281552624],[-108.3405955287,40.5287725278],[-108.3401316164,40.5294458296],[-108.3397875586,40.5304054921],[-108.3394116662,40.531064132],[-108.3390650886,40.5331915134],[-108.3391804698,40.534695606],[-108.339165949,40.5350622864],[-108.339111701,40.5353279582],[-108.338909808,40.5354567621],[-108.338063836,40.5358376504],[-108.3379056426,40.535967462],[-108.3378063659,40.5362654604],[-108.3373834343,40.5370064223],[-108.3373874459,40.5374569312],[-108.3375033357,40.5378433122],[-108.3385785616,40.5388523738],[-108.3385712981,40.5390357144],[-108.3381807586,40.5395105077],[-108.3374889762,40.539861569],[-108.3369785761,40.5400499921],[-108.3367733674,40.5402621297],[-108.3361279516,40.5410980538],[-108.335180605,40.5418269097],[-108.3341677217,40.5425542396],[-108.3334222706,40.5431542819],[-108.3331462057,40.5434982362],[-108.3324239143,40.5440654336],[-108.3311269757,40.5451869506],[-108.3306234936,40.545190853],[-108.3301954909,40.5453502552],[-108.3297829445,40.5456793061],[-108.3294738686,40.5461969782],[-108.3290223503,40.5463896915],[-108.327600602,40.5464245158],[-108.3265584923,40.5464003854],[-108.3248102212,40.546275242],[-108.3238204828,40.5466078309],[-108.3231854946,40.5469486326],[-108.3224779194,40.547440112],[-108.3217770675,40.5477624491],[-108.3203035398,40.5479822101],[-108.3184408963,40.5484976414],[-108.3170338666,40.5487189036],[-108.3166139173,40.548675277],[-108.3146399755,40.5480876283],[-108.3123878101,40.5477982037],[-108.3103707719,40.5477343096],[-108.3090713703,40.5474839479],[-108.3069624603,40.5469438172],[-108.3061549705,40.5466033184],[-108.3059959661,40.5461408088],[-108.3058463942,40.5454432084],[-108.3055201345,40.5447245492],[-108.3053133495,40.5443472664],[-108.3050789509,40.5441047771],[-108.3046880123,40.5438924997],[-108.3031529908,40.5434334152],[-108.302643051,40.5434215012],[-108.3022247097,40.5433389382],[-108.3018369366,40.5436007487],[-108.3016783751,40.5440646951],[-108.3008117009,40.5447641157],[-108.2984155645,40.5450479226],[-108.2973816414,40.5453435861],[-108.2964334964,40.5454613244],[-108.2959646461,40.545390366],[-108.2952649775,40.54519406],[-108.2940022016,40.5446646899],[-108.2913478378,40.5429032009],[-108.29066109,40.5423873111],[-108.290074272,40.5419937084],[-108.2899260525,40.5417703269],[-108.2898110024,40.5415063696],[-108.2887564408,40.5408832457],[-108.287932393,40.5405240408],[-108.2866411843,40.5400538962],[-108.284972991,40.5398347536],[-108.2839020721,40.5397495943],[-108.2827453583,40.5398423309],[-108.2820747339,40.5402263704],[-108.281256239,40.5410267361],[-108.2812987338,40.5425670513],[-108.2812736885,40.5431861883],[-108.2810947889,40.5437217457],[-108.2803857989,40.5444047242],[-108.2789545587,40.5454505256],[-108.2768142201,40.547179274],[-108.2739414734,40.5488706954],[-108.2719717884,40.5502635272],[-108.2714923801,40.550452107],[-108.2709581865,40.5506993684],[-108.2706129233,40.5508111544],[-108.2701556534,40.5511002081],[-108.2693989942,40.5516620553],[-108.2673751366,40.553093505],[-108.2641240886,40.5556953137],[-108.2614727753,40.5576961449],[-108.2600190012,40.5583767007],[-108.2572167783,40.5592497514],[-108.2564050989,40.559870177],[-108.2558020698,40.5605155505],[-108.2537483474,40.5639451506],[-108.2533064692,40.5644943852],[-108.2518743739,40.5655398218],[-108.2513522672,40.5661271212],[-108.2505306182,40.5663474392],[-108.250360405,40.5666632434],[-108.2502376557,40.5677398361],[-108.2504226282,40.5683439791],[-108.2504643753,40.5686048448],[-108.2506648928,40.5688295232],[-108.2506526156,40.5691290973],[-108.2498325741,40.5705889013],[-108.2496770756,40.5711849177],[-108.2494773802,40.5715799789],[-108.2493513389,40.5720967453],[-108.2492351155,40.5723738481],[-108.2487448705,40.5728219624],[-108.2485705075,40.5738773254],[-108.2485590399,40.5747966334],[-108.2485238401,40.5750157006],[-108.2482815645,40.5751698514],[-108.2473640316,40.5751679614],[-108.2462918101,40.5751024073],[-108.2457123053,40.5751685508],[-108.2452023716,40.5754562452],[-108.244667062,40.5757233383],[-108.2440842658,40.5758693562],[-108.2426175125,40.5758343219],[-108.2410828606,40.5755377831],[-108.2399672966,40.5752512281],[-108.2394615315,40.5747993319],[-108.238301927,40.5736720902],[-108.2378616101,40.5735416104],[-108.2375145437,40.5736932352],[-108.236543716,40.5743496943],[-108.2354272317,40.5747227766],[-108.2350669965,40.5751939284],[-108.2342302201,40.5764133147],[-108.2339911995,40.5764875553],[-108.232078345,40.5764616984],[-108.231597846,40.5766700686],[-108.2314807185,40.5769671293],[-108.2314658786,40.5773266041],[-108.2316680059,40.5775113728],[-108.2320689619,40.5779607882],[-108.2323111248,40.578446375],[-108.2330575344,40.5787841284],[-108.233523919,40.5795549556],[-108.2340425408,40.5809667553],[-108.2341209732,40.5816083448],[-108.2340733754,40.5821269686],[-108.2342328634,40.5827105169],[-108.2341615419,40.5831686054],[-108.2339658265,40.58346378],[-108.2323325295,40.5842842417],[-108.2311521021,40.5842959092],[-108.2308623004,40.5843289441],[-108.2303326357,40.5844561678],[-108.2297023035,40.5844810259],[-108.2289950337,40.584464044],[-108.2287019386,40.5845769576],[-108.2280454158,40.5846011704],[-108.2273905395,40.584585442],[-108.2270180162,40.5847164353],[-108.2267764999,40.5848505696],[-108.2260855085,40.5850738541],[-108.225502609,40.5852197738],[-108.2253109781,40.5854150719],[-108.2250292119,40.5858880779],[-108.2249936909,40.5867468304],[-108.2250612925,40.5876480502],[-108.2249077635,40.5888238211],[-108.2248862918,40.5893430677],[-108.2249433925,40.5898642029],[-108.2249489315,40.5903641066],[-108.22509341,40.5906234714],[-108.2253686422,40.5908469509],[-108.2256882942,40.5910548161],[-108.2260885019,40.5914314549],[-108.2261253415,40.5915991549],[-108.2260767906,40.5917147709],[-108.2259619641,40.5918454697],[-108.2257514208,40.5921740466],[-108.2252983257,40.5925468464],[-108.2246088826,40.5928138788],[-108.2239166715,40.5931475528],[-108.2232147905,40.5937145412],[-108.2229324254,40.5941915317],[-108.222451915,40.5946971196],[-108.222282327,40.5950934043],[-108.2222268558,40.5953756733],[-108.2222151128,40.5956589808],[-108.2216294245,40.5960619379],[-108.2210791566,40.5966659311],[-108.2199445305,40.5976395454],[-108.2194750368,40.5978784693],[-108.2191120795,40.5981866798],[-108.2187838658,40.5987126036],[-108.2187205299,40.5997120023],[-108.2182618104,40.6002181019],[-108.2180060805,40.6005789442],[-108.2177437305,40.6008834087],[-108.2184639494,40.601148834],[-108.2201348652,40.6020231992],[-108.2203466064,40.6021951074],[-108.2210154229,40.6040128993],[-108.2212605455,40.6044358532],[-108.2213751559,40.6048389799],[-108.2213599601,40.6052056249],[-108.2212660428,40.6058873301],[-108.2213442964,40.6066399106],[-108.221147249,40.6071689978],[-108.2206645598,40.607724565],[-108.2200815006,40.6080608462],[-108.2191764005,40.6087730657],[-108.2186384572,40.609077053],[-108.2180758752,40.6094471872],[-108.2175726464,40.6099688803],[-108.2170385494,40.6107067011],[-108.2168640252,40.6112196427],[-108.2167325382,40.6117502973],[-108.2165598061,40.6127470586],[-108.2165155118,40.6138136487],[-108.2164409049,40.6140287171],[-108.2164228208,40.6142497322],[-108.2157661475,40.6144628588],[-108.2150236955,40.6149454024],[-108.214374243,40.6152967352],[-108.2139195414,40.6157028131],[-108.2119579726,40.61707342],[-108.2112578065,40.6175903298],[-108.2103674238,40.6184696506],[-108.2093933526,40.6197806682],[-108.2091222321,40.6205081211],[-108.2090351019,40.6210231586],[-108.2083633322,40.6219077418],[-108.2078717619,40.6221460818],[-108.2062803435,40.6225079383],[-108.2047104031,40.6234041208],[-108.2029810507,40.6244465522],[-108.2012565326,40.6253722946],[-108.1994538105,40.6265964016],[-108.198570102,40.6273089623],[-108.1979221107,40.6281440267],[-108.1970788896,40.6294580973],[-108.1969180965,40.6296376966],[-108.1959465847,40.6298309576],[-108.1953483257,40.6299999219],[-108.194680244,40.6302672788],[-108.194117595,40.6311544323],[-108.1940782485,40.6315705228],[-108.1937163995,40.6318453193],[-108.1927872001,40.6320729491],[-108.1926031141,40.6322853491],[-108.1924613928,40.6325321187],[-108.1918816873,40.6333020694],[-108.1912030829,40.6338193823],[-108.1905491337,40.6342705544],[-108.190039223,40.6349421062],[-108.1896026117,40.6354319281],[-108.1890798912,40.6358862999],[-108.1882960573,40.6363009367],[-108.1877626425,40.6364881171],[-108.1869448417,40.6366683652],[-108.1867416596,40.6368135534],[-108.1865358425,40.6375425374],[-108.1862374496,40.6378689046],[-108.1857428674,40.6381738031],[-108.1843881017,40.6386245307],[-108.1833509479,40.6393332313],[-108.1828267471,40.6398208957],[-108.1824719372,40.6404461462],[-108.1820324446,40.6410025959],[-108.1815639064,40.6412080182],[-108.1812259196,40.6414333199],[-108.1808152997,40.6418236531],[-108.1804611722,40.6424322336],[-108.1802756213,40.6426779271],[-108.1782278778,40.6439791094],[-108.1770388238,40.6446506703],[-108.1764637578,40.6453038816],[-108.1762006113,40.6458312618],[-108.1759910492,40.6461264069],[-108.1756311419,40.6463511431],[-108.1752077086,40.6465242784],[-108.1746995755,40.6466286174],[-108.1742112047,40.646783471],[-108.1739529588,40.6471942036],[-108.1739438045,40.6474108391],[-108.1737413407,40.6480564789],[-108.173621385,40.6483037681],[-108.1732840487,40.6485123666],[-108.1726623338,40.6492311412],[-108.1720462396,40.6498165943],[-108.1714894333,40.6505536348],[-108.1712671619,40.6511487371],[-108.1707498713,40.6519868353],[-108.1703595831,40.6524110038],[-108.1700215139,40.6526362476],[-108.1693771057,40.6528539934],[-108.1676563072,40.6531453919],[-108.1670994042,40.6533652714],[-108.1653856518,40.6545242834],[-108.1640579254,40.6558762517],[-108.1630838208,40.6566363532],[-108.1622734578,40.6571502546],[-108.1617920242,40.6576555486],[-108.1607797146,40.6587983724],[-108.1605206246,40.6592257241],[-108.1602700135,40.6594531098],[-108.1597779884,40.6596912232],[-108.1584141796,40.6598244579],[-108.1581014426,40.6599668974],[-108.1578755397,40.6601281482],[-108.1576856141,40.6604737911],[-108.1568369989,40.6613703963],[-108.156522844,40.6615461484],[-108.1555479281,40.6618057087],[-108.1550339864,40.6620432578],[-108.1539248335,40.6628833634],[-108.1529533403,40.6635767137],[-108.1500485618,40.6659405477],[-108.1492647087,40.6668553704],[-108.1490183038,40.6669827339],[-108.1486977019,40.6673084483],[-108.1484589759,40.6677696411],[-108.1484461741,40.6680695972],[-108.1481926554,40.6683636058],[-108.1479024442,40.668489892],[-108.1473644095,40.6687768631],[-108.146618734,40.6693089229],[-108.1462162575,40.6694991526],[-108.1461152128,40.6698136031],[-108.1457515184,40.6701215627],[-108.1453906852,40.6703628647],[-108.145121652,40.6705063367],[-108.1441401613,40.6709157804],[-108.1436317962,40.6710199634],[-108.1431410495,40.671224676],[-108.1428034995,40.6714331817],[-108.1419159496,40.6716947861],[-108.1402890273,40.6723384313],[-108.1397559158,40.6725087173],[-108.1390158271,40.6729074098],[-108.1385695449,40.6730965166],[-108.1375301702,40.6733209697],[-108.1364872277,40.6736287207],[-108.1356560037,40.6741085344],[-108.1350331674,40.6743266208],[-108.1346432428,40.6747339812],[-108.1343832047,40.6751779284],[-108.1338060056,40.6758642316],[-108.1330037795,40.6761779396],[-108.1321247034,40.6762394904],[-108.1315563429,40.6762086711],[-108.1312039908,40.6762499583],[-108.1306884245,40.6765207249],[-108.1295883025,40.6781582026],[-108.12936156,40.6783360591],[-108.1292758566,40.6788010244],[-108.1292044726,40.6789327016],[-108.1288718484,40.6790245164],[-108.1283698507,40.6789786497],[-108.1276410829,40.6791106447],[-108.1271947345,40.6792997007],[-108.1270759769,40.6795136169],[-108.1270623706,40.6798302472],[-108.1268212826,40.6803413656],[-108.1265493014,40.6805514522],[-108.1258352459,40.6808506168],[-108.1255503809,40.6813606583],[-108.1253942769,40.6814234949],[-108.1251534953,40.6814174996],[-108.1246769548,40.681288841],[-108.1244361772,40.681282846],[-108.1241056816,40.6813246554],[-108.1238534382,40.6815852664],[-108.1235398117,40.681744281],[-108.1234239213,40.6818915194],[-108.1232685378,40.6819376856],[-108.1229979845,40.6821144383],[-108.1228149789,40.6822933767],[-108.1222986054,40.6825807626],[-108.1220011372,40.6828736148],[-108.1217600008,40.6833847341],[-108.1214865506,40.6836281366],[-108.1210824994,40.6838516029],[-108.1207039096,40.6839922917],[-108.1202920215,40.684015314],[-108.1199773967,40.6838050889],[-108.1196390513,40.6836655749],[-108.1192304646,40.6836051839],[-108.1182149146,40.6837800029],[-108.1179246044,40.6839061991],[-108.1174365573,40.6840441429],[-108.1164690946,40.6841200573],[-108.1160700407,40.6842268486],[-108.1154230098,40.684494265],[-108.1149787326,40.6846332859],[-108.1146927324,40.6846595011],[-108.1141899718,40.6846302396],[-108.1134952491,40.6844794163],[-108.1127954945,40.6844452156],[-108.1125145196,40.6843547717],[-108.1121356181,40.6839949727],[-108.1119203183,40.6839061751],[-108.110874656,40.6837632156],[-108.109547303,40.6835464699],[-108.1090876298,40.6835349476],[-108.1080785382,40.6835597043],[-108.1074240165,40.6834932436],[-108.1052935277,40.6836066326],[-108.1048564473,40.6835789774],[-108.1044477689,40.6834018982],[-108.1040807083,40.6832759086],[-108.103598416,40.6832804863],[-108.1032832962,40.6834727563],[-108.1027230574,40.6837589567],[-108.10140846,40.6842597436],[-108.1001064962,40.684466008],[-108.0992363258,40.6843219204],[-108.0972342444,40.684505098],[-108.0966206024,40.6845063436],[-108.0958691206,40.6846542407],[-108.095003107,40.6849160252],[-108.0948426337,40.6850787956],[-108.0943699276,40.6853671654],[-108.0940511362,40.6856427231],[-108.0940301309,40.6861259668],[-108.094298935,40.6870001806],[-108.0942685089,40.6877000476],[-108.0939462506,40.6885593787],[-108.0936296379,40.6887849408],[-108.0931203505,40.6889055636],[-108.0927065806,40.6888450923],[-108.0924686866,40.6887723746],[-108.0919243119,40.6886919198],[-108.0911129072,40.6887048234],[-108.0906904509,40.6888443093],[-108.0903139481,40.6889348907],[-108.0896353299,40.6889177833],[-108.0891705369,40.689022822],[-108.0885364237,40.6889901396],[-108.0880570028,40.6889279959],[-108.087409723,40.688694794],[-108.0868814588,40.6886115333],[-108.0864180859,40.6888198834],[-108.0857643647,40.6892370948],[-108.0836914168,40.6900354732],[-108.0833653136,40.6904776311],[-108.0831245857,40.6909719986],[-108.0826014419,40.6914091707],[-108.0821315282,40.6916308312],[-108.081383568,40.6916953191],[-108.0806100876,40.6918425613],[-108.0791418801,40.6918387499],[-108.0785683212,40.6919243219],[-108.0776671275,40.6919849028],[-108.0774073188,40.6919115948],[-108.0771562936,40.6916383262],[-108.0771052058,40.6913033949],[-108.0771204682,40.6904530183],[-108.0766548927,40.6900742216],[-108.0759215399,40.6898054124],[-108.0755559526,40.6896460053],[-108.0746226611,40.6894388454],[-108.073640497,40.6893472048],[-108.0727575626,40.6894916186],[-108.072153386,40.6897765563],[-108.0718344908,40.6900520543],[-108.0715177914,40.6902775523],[-108.0709391322,40.6904797246],[-108.0706260909,40.6906219083],[-108.070015317,40.6910568003],[-108.069423509,40.6910584471],[-108.0688185845,40.6908595781],[-108.0683909949,40.6906151707],[-108.0678860453,40.6906357008],[-108.0673518802,40.6908222969],[-108.0665309463,40.6910516514],[-108.0659289054,40.6912865664],[-108.0654626104,40.691424837],[-108.0646942036,40.6914553343],[-108.0639564932,40.6912864216],[-108.0611288636,40.6912978216],[-108.0600692729,40.6914710028],[-108.0592461182,40.6917502873],[-108.0581814061,40.6920400897],[-108.0569319969,40.692542029],[-108.0561781502,40.6927396557],[-108.05562499,40.692858989],[-108.0545863972,40.6935497852],[-108.0542105627,40.6936235869],[-108.0531538819,40.693730056],[-108.0528692822,40.693722782],[-108.0521359854,40.6934538176],[-108.0513719695,40.6933842544],[-108.049622124,40.6933061398],[-108.0476051542,40.6933212637],[-108.0469783879,40.6931217209],[-108.0465172025,40.6931432701],[-108.0457721514,40.6931408809],[-108.0449700596,40.6934372782],[-108.0448120254,40.6935416597],[-108.0446832622,40.6934799757],[-108.0445177005,40.6932588788],[-108.044296059,40.692819487],[-108.0442114481,40.6927505836],[-108.0440582085,40.6927466587],[-108.0431540254,40.6928736097],[-108.0423730726,40.6931872287],[-108.0416636991,40.6933692128],[-108.0411843053,40.6933068722],[-108.0409267743,40.6931834959],[-108.0408473089,40.6929979622],[-108.040824193,40.6925302801],[-108.0405666662,40.6924069127],[-108.0399266636,40.6925072482],[-108.0391011775,40.6928363774],[-108.0386303875,40.6930745194],[-108.0379537055,40.6935075452],[-108.0370763039,40.694018822],[-108.0353022233,40.6954745723],[-108.0348685323,40.6958637847],[-108.0347936919,40.6965624833],[-108.034384836,40.6968856061],[-108.0342045169,40.696997737],[-108.0339607395,40.6970581914],[-108.0336104618,40.6970491921],[-108.0332004271,40.6969051947],[-108.0326278102,40.6964734233],[-108.0323543261,40.6962161648],[-108.0318366296,40.6955355833],[-108.0317520185,40.6954666824],[-108.0315345828,40.6954277228],[-108.0313813356,40.6954237804],[-108.0306118348,40.6959711423],[-108.0302600811,40.6959954534],[-108.0291098365,40.6962327318],[-108.0287480386,40.6959898709],[-108.0284964544,40.6957331628],[-108.0282478268,40.6954098171],[-108.0279932756,40.6952197551],[-108.0277706564,40.6952974294],[-108.0272968497,40.6956021696],[-108.0269473164,40.6955764794],[-108.0263621605,40.6954279283],[-108.0255039356,40.6955058983],[-108.0248850186,40.6956233958],[-108.0235934005,40.6955900708],[-108.0229570572,40.6956070106],[-108.0206299109,40.695987235],[-108.0201916031,40.6961861808],[-108.0196891685,40.6966402818],[-108.0192442346,40.6972793628],[-108.0187706944,40.6980678393],[-108.0186448806,40.698431577],[-108.0184177754,40.6986091986],[-108.0180745101,40.6989339603],[-108.0178952296,40.6995131776],[-108.0176020158,40.7001895336],[-108.0172483282,40.700747564],[-108.0169224756,40.7011728514],[-108.0168011054,40.7014366194],[-108.0169469185,40.7016072054],[-108.0172445056,40.7018150811],[-108.0175662169,40.7019735332],[-108.0177610209,40.702028611],[-108.0178441396,40.7021308523],[-108.0178133214,40.7023302329],[-108.0174640802,40.7027882871],[-108.0167521881,40.7040043036],[-108.0166144427,40.7046346359],[-108.0163241755,40.705244343],[-108.0162955814,40.7053937384],[-108.0160064829,40.7054863508],[-108.0153655707,40.7056032194],[-108.0147306165,40.705586771],[-108.0137754309,40.7053785683],[-108.0134228785,40.7054194822],[-108.0128242671,40.7055707877],[-108.0122234183,40.7057720859],[-108.0114792572,40.7062365753],[-108.0106574791,40.7069659376],[-108.009715767,40.707925729],[-108.008883242,40.7084045922],[-108.007853643,40.7088783304],[-108.0067847131,40.7092509466],[-108.0056772241,40.7095057857],[-108.0048036193,40.7094330603],[-108.0036098053,40.7091685062],[-108.0030405127,40.709153717],[-108.0023308718,40.7093354489],[-108.0014928418,40.7094471229],[-108.0001723534,40.7095629186],[-107.9983850829,40.7112846501],[-107.9974513791,40.7120610527],[-107.9968687356,40.7128299107],[-107.9966883189,40.7129419798],[-107.9949473626,40.7136306137],[-107.9939069378,40.7138537241],[-107.9922956935,40.7140953094],[-107.9912416185,40.7141345324],[-107.9906623991,40.7138525159],[-107.9904215338,40.7138462338],[-107.9899133935,40.7139330578],[-107.9887943874,40.7139538914],[-107.988141973,40.7138367674],[-107.9878135186,40.713828189],[-107.9875017071,40.7139368204],[-107.987047215,40.7142919322],[-107.9863564683,40.715024549],[-107.9850314923,40.7162076623],[-107.9843300866,40.7166897654],[-107.9834813971,40.717034566],[-107.9827686122,40.7172828203],[-107.9821434168,40.717533362],[-107.9814185229,40.7175644346],[-107.9803334476,40.7178029253],[-107.979730137,40.7180540332],[-107.9790951256,40.7185211593],[-107.9786828539,40.718910716],[-107.9782826464,40.7190336821],[-107.9775841589,40.718965332],[-107.9773206124,40.718975109],[-107.9770548185,40.7190348674],[-107.9764673387,40.7194198248],[-107.9755755662,40.7202305024],[-107.9751466376,40.7205028406],[-107.974047907,40.7210411819],[-107.9736771243,40.7214818476],[-107.9733667362,40.7220408713],[-107.9729997256,40.7228819893],[-107.9729717749,40.7234984631],[-107.9728689708,40.723809786],[-107.9719741639,40.7242229349],[-107.9707288512,40.7246072592],[-107.9694442654,40.7248904618],[-107.9686278987,40.7250024585],[-107.9681687495,40.7249736986],[-107.9676325408,40.7251931421],[-107.9668319579,40.7259227496],[-107.9663606879,40.7261605757],[-107.9653116555,40.7265666878],[-107.9648962945,40.7265390723],[-107.9646637209,40.7263494556],[-107.9644613804,40.7259771417],[-107.9643383961,40.7253066557],[-107.9643535491,40.7249734268],[-107.9641081742,40.7245832876],[-107.9637714123,40.7242741722],[-107.9634165458,40.7238811511],[-107.9632534711,40.7236099564],[-107.9632648352,40.7233600393],[-107.9631946747,40.7229745199],[-107.9630557818,40.7226539143],[-107.9625453417,40.722306851],[-107.961812067,40.7225210714],[-107.9603348299,40.7231827604],[-107.9601347011,40.7232442073],[-107.9597631655,40.7232177333],[-107.9594180893,40.7230918639],[-107.959004271,40.7230309133],[-107.9586062794,40.7231038197],[-107.9580662736,40.7234065234],[-107.9572588989,40.7238022566],[-107.9566327859,40.7240693219],[-107.9562725148,40.7242766734],[-107.95558008,40.7240748953],[-107.9542329326,40.7238057884],[-107.9531552852,40.7238774133],[-107.9526093099,40.7238296223],[-107.9518369081,40.7234589029],[-107.951137809,40.7229233034],[-107.9505133885,40.7226732516],[-107.9496397053,40.7226000988],[-107.9486231963,40.7227733823],[-107.9482017778,40.7228789982],[-107.9469306663,40.7233457963],[-107.9461973113,40.7235599189],[-107.9456286844,40.7235281841],[-107.945338869,40.7231535138],[-107.9453783014,40.7227708941],[-107.9453634813,40.7221366124],[-107.9453349251,40.7218022307],[-107.9452783792,40.7216005514],[-107.9448752663,40.7213062962],[-107.943432468,40.7207342599],[-107.9422598698,40.7204863184],[-107.9417880275,40.7202569519],[-107.9415471494,40.720250568],[-107.9408038964,40.7206812442],[-107.9402523622,40.7212337741],[-107.9381174868,40.7228452396],[-107.9374480146,40.7235781217],[-107.9368269112,40.7242121922],[-107.9362465474,40.7249140673],[-107.9358808566,40.7252379796],[-107.9356565033,40.7253488019],[-107.9348831203,40.7254783693],[-107.9341935083,40.7256935716],[-107.9332741871,40.7261362017],[-107.9325873207,40.726768506],[-107.9319580312,40.7271020699],[-107.9313460346,40.7275361789],[-107.9309038891,40.7280915857],[-107.9299253676,40.7288662272],[-107.927806095,40.7301276122],[-107.9264613347,40.7307590259],[-107.9256871079,40.7309051983],[-107.9245271021,40.7308575839],[-107.9240114529,40.730626978],[-107.9230600837,40.7303347013],[-107.9228456921,40.7302288889],[-107.922549051,40.7300041194],[-107.9224168791,40.7300172664],[-107.9221840406,40.7303113169],[-107.9219331296,40.7305214716],[-107.9213725315,40.7307900932],[-107.9205779437,40.7309023227],[-107.919888236,40.7311174406],[-107.9193237753,40.7314693478],[-107.9191104981,40.7318139536],[-107.9189348921,40.7322930189],[-107.9189118104,40.7327928468],[-107.9190186023,40.7333294943],[-107.9190174253,40.7338298936],[-107.9186961796,40.7341382612],[-107.9181535921,40.7344907414],[-107.9163340562,40.7354262866],[-107.9157357625,40.7355604264],[-107.9150640422,40.7358593927],[-107.9142485789,40.7364214171],[-107.9123090879,40.7371034707],[-107.9114301805,40.7376137296],[-107.9105012851,40.738256094],[-107.9101330888,40.7386298962],[-107.9095904162,40.7389823378],[-107.9086496136,40.7394075161],[-107.9069694678,40.7396960763],[-107.906066003,40.7397886139],[-107.9054168798,40.7400714577],[-107.9047089971,40.7402025867],[-107.9039189,40.7402147376],[-107.9032336886,40.7403297866],[-107.9030968509,40.7404428806],[-107.9030406757,40.7407082702],[-107.9028625836,40.7412372816],[-107.9025358082,40.7416622177],[-107.9020491164,40.7420844977],[-107.9012235562,40.742527729],[-107.9006189752,40.7427950703],[-107.9000674787,40.7428636474],[-107.8983226286,40.742182853],[-107.8966571089,40.7421547153],[-107.8959695427,40.7423196959],[-107.8951358062,40.7427976848],[-107.8939686457,40.7428997018],[-107.8934194746,40.7429182733],[-107.8928468546,40.7429695662],[-107.8924378244,40.7432754889],[-107.8917370391,40.7437236672],[-107.890819522,40.7441159706],[-107.889533483,40.7444148968],[-107.8886979919,40.7444590829],[-107.8884132116,40.7444513986],[-107.8879353368,40.7448221684],[-107.8869358654,40.7460295874],[-107.8865690433,40.7463699797],[-107.8860449832,40.7467895417],[-107.8855100313,40.7474423398],[-107.8843868296,40.7484795837],[-107.8821237569,40.7499697539],[-107.88131486,40.7503815787],[-107.8810426243,40.7505743914],[-107.8808510031,40.7509195153],[-107.8808199989,40.7511399958],[-107.8805900033,40.7510499957],[-107.8799800056,40.751029998],[-107.8792599974,40.7510599997],[-107.8787699962,40.7511899994],[-107.8780999972,40.7514400033],[-107.8776000048,40.751680005],[-107.8767700013,40.7517499984],[-107.87627,40.7518199977],[-107.8755100081,40.7517700036],[-107.875020003,40.7516700027],[-107.874459988,40.751280002],[-107.8741899961,40.7511700007],[-107.8739799988,40.7513600054],[-107.8735800022,40.7516300009],[-107.8729799986,40.7519099994],[-107.8722599928,40.7520899949],[-107.8716300035,40.7523099986],[-107.8711899974,40.7525000017],[-107.8709099986,40.7527999963],[-107.8705099978,40.7531100037],[-107.8700599894,40.7533399992],[-107.8689499993,40.7536600044],[-107.8683299995,40.7538999956],[-107.8678899951,40.7539900028],[-107.8674499981,40.754],[-107.8667,40.7539799974],[-107.8661800015,40.7539399972],[-107.8652699951,40.7536100003],[-107.8650000038,40.7535999978],[-107.8646099956,40.7536600011],[-107.8632699954,40.7542700037],[-107.8628900005,40.754330003],[-107.86237,40.7543300026],[-107.8618200016,40.7544300026],[-107.8614400001,40.7546499994],[-107.8609699974,40.7550700079],[-107.8601100144,40.7555699956],[-107.8593699942,40.7559799953],[-107.8586899957,40.7562399887],[-107.8571199969,40.7565099981],[-107.8559300027,40.7566300051],[-107.854669996,40.7569000054],[-107.854239999,40.7570600096],[-107.8538399938,40.7573300033],[-107.8534500036,40.757489998],[-107.8530500048,40.7575900006],[-107.8524800019,40.7575799989],[-107.852089998,40.7575],[-107.8517399982,40.7573400007],[-107.8512500049,40.7571700044],[-107.8505799984,40.7570399992],[-107.8501600055,40.7568100009]]]]}},
{"type":"Feature","properties":{"tnmid":"2579865C-5938-4F82-9082-FB4E531A2F7B","areaacres":109784.9,"areasqkm":444.28,"states":"CO","huc10":"1405000110","name":"Williams Fork","Shape_Length":119571.06406581792,"Shape_Area":444437079.9784264},"geometry":{"type":"MultiPolygon","coordinates":[[[[-107.6493372354,40.4407304598],[-107.6488492206,40.4405848431],[-107.6483638105,40.4403207231],[-107.6481211044,40.4402207856],[-107.6478355694,40.4401922316],[-107.6473287441,40.4403135854],[-107.6466720135,40.440299307],[-107.6462222955,40.4402350634],[-107.6459795901,40.4402707538],[-107.6452866396,40.4405378138],[-107.6433650857,40.440784434],[-107.6420231935,40.4405343536],[-107.6401003761,40.4395254337],[-107.6382588172,40.4388304773],[-107.6351415845,40.4378136406],[-107.6341545676,40.4372395141],[-107.6329675814,40.4362487847],[-107.6320100985,40.4352528169],[-107.6306150094,40.4336350678],[-107.6292518244,40.4322446987],[-107.6276715498,40.4311751211],[-107.6265658887,40.4304983371],[-107.6252147043,40.4300026069],[-107.6246004399,40.4295603076],[-107.6237680995,40.4288246462],[-107.6232833466,40.428168821],[-107.6225571276,40.4260268844],[-107.6226267052,40.4242722489],[-107.6227700305,40.4232336511],[-107.6230051181,40.4221929779],[-107.6233764701,40.4211141057],[-107.6234707284,40.4205855184],[-107.6235815453,40.4175296234],[-107.6236594316,40.4165802493],[-107.6238476994,40.4149264596],[-107.6238063611,40.4144535906],[-107.6236646435,40.4143515176],[-107.6230196548,40.4142959644],[-107.6221709386,40.4143152304],[-107.6216070271,40.4145737001],[-107.6212118358,40.4150389218],[-107.6207201295,40.4153834933],[-107.6202479495,40.4156398757],[-107.6196765226,40.4157054746],[-107.6185443716,40.4155205668],[-107.6172428203,40.4151113486],[-107.6163918955,40.4144813407],[-107.6157217711,40.4137770359],[-107.6154558625,40.4134320914],[-107.6146717458,40.4127478984],[-107.6145650517,40.412364264],[-107.6145022162,40.4119269756],[-107.6143639115,40.4119125599],[-107.6140677606,40.4119719002],[-107.6132603398,40.4124639685],[-107.611814838,40.4136723838],[-107.6111045514,40.4143026238],[-107.6105433204,40.4146311848],[-107.609800574,40.4150164676],[-107.6086199712,40.4153589896],[-107.6078441211,40.4154817939],[-107.6071904013,40.4157948711],[-107.6063592703,40.4162698789],[-107.6056131089,40.4165674748],[-107.6028955231,40.4169445919],[-107.6014638236,40.4167311611],[-107.6004693336,40.416542976],[-107.599602342,40.416088683],[-107.5988878349,40.4154203734],[-107.5978454775,40.4145839499],[-107.597661283,40.4145705451],[-107.5973637663,40.4145947796],[-107.5971640586,40.414774747],[-107.5965521285,40.4149815326],[-107.5957263369,40.4150000891],[-107.5949558549,40.4152630707],[-107.594418805,40.4156260966],[-107.5934452172,40.4159813723],[-107.5928049423,40.4160483917],[-107.5919332578,40.4160679492],[-107.5912470941,40.4161359804],[-107.5884739831,40.4174616077],[-107.5878896474,40.4177905699],[-107.5876588268,40.4183572777],[-107.5871432936,40.4186846943],[-107.5851115804,40.4195900318],[-107.5840839498,40.4197358596],[-107.5827324755,40.4198187174],[-107.5818809799,40.4197675602],[-107.5810673299,40.4195049708],[-107.5799912938,40.4189850007],[-107.5785982823,40.4179807556],[-107.5784296643,40.417773937],[-107.5783739193,40.4169153167],[-107.5782094781,40.4162170516],[-107.5779323629,40.4155739437],[-107.5775681917,40.415055624],[-107.5768254449,40.4148440612],[-107.5762789174,40.41496154],[-107.5755745004,40.415152731],[-107.5746622788,40.4153134463],[-107.5732453906,40.4154853956],[-107.5724964089,40.4157126534],[-107.5719788255,40.4159873994],[-107.5715590034,40.4164178983],[-107.5710663537,40.4167447353],[-107.5691168788,40.4174022869],[-107.5670736096,40.4180092496],[-107.5663644654,40.4180776446],[-107.565948868,40.4180166769],[-107.5650737978,40.4179483719],[-107.5641967411,40.4178274543],[-107.5637003438,40.4174524004],[-107.5630988725,40.4167287164],[-107.5627274812,40.4160174723],[-107.5626114494,40.4159849526],[-107.5624306056,40.4160591603],[-107.5615532519,40.4165348622],[-107.560964129,40.4167409562],[-107.5604614582,40.4168047384],[-107.5602064438,40.4167402003],[-107.5588726028,40.4166820043],[-107.5583024219,40.4167823734],[-107.5568082954,40.4173418928],[-107.5556745617,40.4177179422],[-107.5549603733,40.4182601832],[-107.5540732778,40.4190870196],[-107.5532659676,40.4195962174],[-107.5522947529,40.4200212907],[-107.5509145525,40.42056067],[-107.5500710219,40.4207196752],[-107.5497538149,40.4208319587],[-107.5492616861,40.4211762463],[-107.5480060762,40.4219760573],[-107.5466580036,40.422760363],[-107.5446950632,40.4236810248],[-107.5432196651,40.4241346744],[-107.542787052,40.4242319402],[-107.5413822545,40.4241224618],[-107.5411069361,40.424128519],[-107.5409063955,40.4242908598],[-107.5402793355,40.4253224496],[-107.5396842835,40.4259848151],[-107.53866864,40.4265808919],[-107.5379951716,40.4268642616],[-107.5374228896,40.4269119252],[-107.5366095237,40.4268626857],[-107.535311824,40.4257298836],[-107.5347597578,40.4250927027],[-107.5342369098,40.4246215912],[-107.5339462086,40.4248297778],[-107.5336748357,40.4249410194],[-107.5321107444,40.424870017],[-107.5312290405,40.4246261126],[-107.5302758779,40.4243135691],[-107.5292263455,40.4238802879],[-107.5282836729,40.4232340851],[-107.5280856574,40.4228523573],[-107.5279249881,40.4216274783],[-107.5275002033,40.4213208979],[-107.5270793619,40.4211195291],[-107.5260829828,40.4202638993],[-107.5251148156,40.4195480314],[-107.5229635561,40.4178928318],[-107.5224129809,40.4172906584],[-107.5219761367,40.4169052945],[-107.5210935774,40.4170035783],[-107.5203922178,40.4172821033],[-107.5196862482,40.4180520811],[-107.5188229942,40.418299031],[-107.5178850191,40.4183896826],[-107.5162647476,40.4180389048],[-107.515655854,40.417718743],[-107.5153805586,40.4177247364],[-107.5147866978,40.4178078503],[-107.5144923932,40.4179195469],[-107.5137353291,40.4179360194],[-107.5120927771,40.4176032254],[-107.5116268012,40.4174203378],[-107.5110926206,40.4172564399],[-107.5109628026,40.4174698517],[-107.5106782638,40.4178445537],[-107.5103766492,40.4183775644],[-107.5093800651,40.419419999],[-107.5084958364,40.4196643469],[-107.5053472589,40.4208206617],[-107.5049211114,40.4210931257],[-107.5038024389,40.4225036943],[-107.5027120495,40.4234398387],[-107.5021298219,40.423838511],[-107.5014302667,40.4241695331],[-107.5010638247,40.4241950236],[-107.5001192386,40.4241101656],[-107.4989151392,40.4238378872],[-107.4980564859,40.4235932278],[-107.4970562959,40.42324633],[-107.4963504887,40.4227877727],[-107.4959147994,40.4221829912],[-107.4958598491,40.4219384976],[-107.4956704711,40.4217846567],[-107.4940815807,40.421661032],[-107.4926684656,40.4213230071],[-107.4909454579,40.4206757737],[-107.4901185326,40.4200443071],[-107.4898461099,40.41950618],[-107.4897026339,40.4193513292],[-107.4895879436,40.4193538013],[-107.4887213212,40.4207587936],[-107.487878568,40.4215666272],[-107.486786679,40.4224675527],[-107.4863872761,40.4228446661],[-107.4862893516,40.4233030361],[-107.4864312058,40.4240370161],[-107.4864997035,40.4246497372],[-107.4865026034,40.4253516147],[-107.4858591845,40.4259621091],[-107.4842339376,40.4273482934],[-107.4818604639,40.4289962058],[-107.4816419692,40.4292992274],[-107.4816567977,40.4297025202],[-107.481555611,40.4300732124],[-107.4813103169,40.4302715153],[-107.479276092,40.4311575097],[-107.4788313384,40.4315531166],[-107.4784880205,40.4322097721],[-107.4780694316,40.4326925586],[-107.4777788489,40.4329093744],[-107.4772976059,40.432937241],[-107.476794707,40.4330006649],[-107.4762868691,40.4335555559],[-107.4750899767,40.4341076534],[-107.4745049162,40.4344360591],[-107.4738471564,40.4346607311],[-107.4732824616,40.4349184978],[-107.4729689083,40.4351357834],[-107.4728593075,40.4352785253],[-107.4728243562,40.4355775929],[-107.472559248,40.4358640372],[-107.4722246689,40.4361344321],[-107.4713686922,40.4365914514],[-107.4710997447,40.4367726916],[-107.4705669605,40.4372754444],[-107.4700290423,40.4376379148],[-107.468873411,40.4380662246],[-107.4675125231,40.4385340119],[-107.4665640529,40.4389754241],[-107.4650832404,40.439305347],[-107.4645796398,40.439351195],[-107.4640492456,40.4392923112],[-107.4635780883,40.4389689348],[-107.46240373,40.4382569347],[-107.4618554256,40.4377070749],[-107.4615149464,40.4371878683],[-107.4611585626,40.4368620471],[-107.4602087165,40.4366366072],[-107.4596553865,40.4365781806],[-107.4581260949,40.436207115],[-107.4572769969,40.4362251768],[-107.4564698862,40.4361833116],[-107.4566303214,40.4354948659],[-107.4571637361,40.4337462266],[-107.45838933,40.4314563993],[-107.4583172327,40.4307384427],[-107.4579710683,40.4300614227],[-107.457979322,40.4296576337],[-107.4581035841,40.4292864631],[-107.4584955325,40.4286990206],[-107.4588797974,40.4279011667],[-107.4590270088,40.4275295157],[-107.4590779487,40.427037074],[-107.459067722,40.4267565094],[-107.4587477113,40.4261666697],[-107.458737489,40.425886114],[-107.4587890669,40.425411206],[-107.4589859958,40.4251437882],[-107.4605409692,40.4237068031],[-107.4605116339,40.4235319467],[-107.4603013042,40.4234311341],[-107.4598653656,40.4234404138],[-107.4591974346,40.4233844354],[-107.458781242,40.4233055547],[-107.4586365505,40.4231155972],[-107.4585975842,40.4220459627],[-107.4586466078,40.4215009217],[-107.4586172901,40.4213260563],[-107.458426069,40.4211195467],[-107.4581793971,40.4206509856],[-107.4577855152,40.4202381961],[-107.4574643244,40.4205609054],[-107.4569054336,40.4209764026],[-107.4564300088,40.4211620008],[-107.4558334922,40.4211746796],[-107.4553695063,40.4210441444],[-107.4547041537,40.421058281],[-107.4542484731,40.4211557084],[-107.4530917351,40.4209170346],[-107.4522026941,40.4204621024],[-107.4509778058,40.419610667],[-107.4497109284,40.4182336453],[-107.4492756893,40.4176286732],[-107.4492139045,40.4171912648],[-107.4497537333,40.4162497553],[-107.4495899465,40.4161654814],[-107.448986473,40.4159852262],[-107.4483536908,40.4156301253],[-107.4477578919,40.4150285489],[-107.4470512224,40.4145346107],[-107.4467358258,40.4140674784],[-107.4462846916,40.4136558668],[-107.4457487964,40.41343908],[-107.445172729,40.4133810714],[-107.4445800729,40.4134989034],[-107.4439542314,40.4139683984],[-107.4435361307,40.4144686071],[-107.443402288,40.4145767227],[-107.4432633697,40.4145445736],[-107.4428606731,40.4142021162],[-107.4423796421,40.4135980833],[-107.4415787219,40.4130359059],[-107.4403872037,40.4124644216],[-107.4390317508,40.412035903],[-107.4379774446,40.4112166919],[-107.4375015455,40.4107529178],[-107.4371142534,40.4101995374],[-107.4369380055,40.4091327888],[-107.4372237153,40.4081440429],[-107.4377388125,40.4071504484],[-107.4376451544,40.4070997831],[-107.4373252773,40.4071416249],[-107.4366135315,40.4071390883],[-107.4356629143,40.4068783531],[-107.4349812515,40.406436452],[-107.4347794091,40.405931798],[-107.434582627,40.4055674227],[-107.4340097945,40.4055970468],[-107.433151418,40.4059836359],[-107.4324045361,40.4062801316],[-107.4315511716,40.4068070007],[-107.4307081167,40.4069826798],[-107.4302505995,40.4070273981],[-107.429788665,40.4069493654],[-107.4295636947,40.4070769384],[-107.4289308654,40.4073534755],[-107.4282458368,40.4074556096],[-107.4278100015,40.4074647662],[-107.4271365624,40.4072507787],[-107.4267924778,40.407258007],[-107.4264999391,40.4074220931],[-107.425703737,40.4082635968],[-107.4248069349,40.4088615149],[-107.4245015203,40.4093066429],[-107.4243013609,40.4094863236],[-107.4236144252,40.4095358356],[-107.4220387823,40.4091301531],[-107.4202350097,40.4087643289],[-107.4197865943,40.4084227469],[-107.4192885288,40.4079769097],[-107.4185151923,40.4075368289],[-107.4175998356,40.4069768765],[-107.4166310905,40.406207456],[-107.4163489064,40.406020318],[-107.4158169355,40.4059085981],[-107.4153135377,40.4059542261],[-107.4146756389,40.4060903957],[-107.4140748361,40.4059801104],[-107.4130548763,40.4057030811],[-107.4125087234,40.4058373229],[-107.4119365115,40.405884371],[-107.4113592775,40.4057911252],[-107.410890482,40.4055201218],[-107.409781398,40.4049411949],[-107.410025765,40.4044466393],[-107.4106901293,40.4037659267],[-107.4111090534,40.4032833633],[-107.4114355911,40.4027851959],[-107.4119107892,40.401950491],[-107.4118313364,40.4016538162],[-107.4113717316,40.4009965634],[-107.4110218182,40.4001966323],[-107.4108996179,40.3999885953],[-107.4106671234,40.3999056969],[-107.4099827746,40.4000252653],[-107.4093647267,40.4000732463],[-107.4087869228,40.3999624517],[-107.4084347411,40.3997416589],[-107.4081674264,40.3993260647],[-107.407821934,40.3986488611],[-107.4077685652,40.3984393973],[-107.4074653899,40.3983053146],[-107.4072341553,40.3982574902],[-107.4065062535,40.3977988349],[-107.4059066128,40.397074275],[-107.4051848203,40.3961416683],[-107.4040063715,40.3933408506],[-107.4031481449,40.391796864],[-107.4028617051,40.3914869404],[-107.4014860269,40.3902344818],[-107.4008072445,40.3898625062],[-107.4007557733,40.3897056397],[-107.4007520339,40.3896004248],[-107.4009937056,40.3892970712],[-107.4010438184,40.3887695717],[-107.4010318571,40.387787091],[-107.4015034752,40.3868507209],[-107.4021485702,40.3862757431],[-107.4026573094,40.3857387176],[-107.4029565358,40.3851182937],[-107.4029433137,40.3841007451],[-107.4030912279,40.3830973873],[-107.4033233803,40.3818816958],[-107.4037099368,40.3811366109],[-107.403809626,40.3807133723],[-107.4036495934,40.380084948],[-107.4032242439,40.3790935093],[-107.4029402202,40.3782044323],[-107.4024219267,40.3771798258],[-107.4026815003,40.3767357179],[-107.403645005,40.3760839216],[-107.403640016,40.3759436377],[-107.403336953,40.3758095514],[-107.40253743,40.3752646103],[-107.4018240285,40.3745599379],[-107.4015314415,40.3740746521],[-107.4008608073,40.3732813467],[-107.4003768284,40.3732211919],[-107.3992917415,40.3730331431],[-107.3982618441,40.3731071698],[-107.3972802813,40.3732503728],[-107.3966841602,40.3732627363],[-107.3961059944,40.3731343339],[-107.395384034,40.372833417],[-107.3944619443,40.3727121353],[-107.3935008334,40.3727846836],[-107.3928129966,40.3727989262],[-107.3918630218,40.3725378122],[-107.3915884932,40.3725610386],[-107.3903020722,40.3731667622],[-107.3884770989,40.3741170291],[-107.3871063223,40.3749350402],[-107.3864035791,40.3751776853],[-107.3853302512,40.3753226934],[-107.3837444388,40.3752501062],[-107.3828564548,40.3747945983],[-107.3820638967,40.3744424098],[-107.3813710876,40.3743162962],[-107.3801093895,40.3743247468],[-107.3788984908,40.3744725099],[-107.3772320838,40.3747173819],[-107.3744487756,40.3758275171],[-107.3737850576,40.3758762533],[-107.3727712467,40.3757566722],[-107.3723734408,40.3755367096],[-107.3721547759,40.3751902222],[-107.3716574342,40.374094845],[-107.3712807372,40.3738217857],[-107.370377905,40.3735946312],[-107.3688461759,40.373099572],[-107.3675666861,40.3725993177],[-107.3659285647,40.3716852308],[-107.3657594678,40.3714430094],[-107.3656542775,40.3710590797],[-107.3662012984,40.36964398],[-107.3665968097,40.3691445166],[-107.3665894448,40.3689340789],[-107.3664915953,40.3687605889],[-107.365885082,40.3684746787],[-107.3641095122,40.3675633679],[-107.3624920371,40.3665786097],[-107.3615033959,40.365861759],[-107.3613517683,40.3654612287],[-107.3613725115,40.3647413002],[-107.3616274168,40.364156987],[-107.3616729179,40.363489197],[-107.3618605267,40.3622920376],[-107.3620010691,40.3610607472],[-107.3617474695,40.359711154],[-107.361669788,40.3588002044],[-107.361820726,40.357867028],[-107.3623216421,40.3571021924],[-107.3630110722,40.3558245747],[-107.3638756516,40.3549645509],[-107.3643658475,40.3545509043],[-107.3649353723,40.3542621681],[-107.3653172354,40.3541830766],[-107.3655896921,40.3541528824],[-107.3665444289,40.3538502444],[-107.3676730024,40.3534578812],[-107.3681675116,40.3533369703],[-107.3684277649,40.3534177998],[-107.3686440834,40.3536226223],[-107.3691020031,40.35383478],[-107.3701217548,40.3540108187],[-107.370636657,40.3540125652],[-107.3716505092,40.3535609823],[-107.3723676329,40.3529062116],[-107.373000476,40.3521423962],[-107.3733224421,40.3521480922],[-107.3740585123,40.3520345194],[-107.3743440151,40.3519178663],[-107.3745013294,40.3518161687],[-107.3748455192,40.3515383089],[-107.375962852,40.3503706506],[-107.3770823308,40.3492644873],[-107.3773661724,40.3486432162],[-107.3778168283,40.3481908434],[-107.3784473071,40.3478209216],[-107.379048748,40.3470823402],[-107.3796370529,40.3468856036],[-107.3801797262,40.3467636511],[-107.3803674408,40.3466120819],[-107.3807181317,40.3460632836],[-107.3807807684,40.3455573462],[-107.3809815184,40.3453193462],[-107.3815472257,40.3449384394],[-107.382157713,40.3444581291],[-107.3823119675,40.3442703208],[-107.3824562611,40.3437996351],[-107.3827317447,40.3434000748],[-107.3833139652,40.3430311222],[-107.3839478326,40.3427595672],[-107.3849996875,40.342023978],[-107.3854849775,40.3416447013],[-107.3869056497,40.3404214497],[-107.3881103501,40.3394611169],[-107.3882932136,40.3391080517],[-107.3887898096,40.338659331],[-107.3892007661,40.338453904],[-107.3896560372,40.3381367631],[-107.3901495385,40.3375357638],[-107.3905587516,40.3368257152],[-107.3912316423,40.3358394213],[-107.391570033,40.3354016133],[-107.3918832279,40.3351612782],[-107.3925139533,40.334803583],[-107.393315824,40.3342823378],[-107.393502169,40.3340938431],[-107.3941282382,40.3333316299],[-107.3948888995,40.3326485277],[-107.3951785468,40.3322087581],[-107.3954717832,40.3315741029],[-107.3960407775,40.3312915314],[-107.3966931744,40.3310933716],[-107.3971557653,40.3309853144],[-107.3976873875,40.3305557967],[-107.3983801527,40.3301352468],[-107.3989886295,40.3296056544],[-107.3994984878,40.3290165711],[-107.399905439,40.3287004102],[-107.4004800711,40.3285777108],[-107.4012905183,40.3283023951],[-107.4026630011,40.3280030907],[-107.4034265419,40.3277656694],[-107.4042629961,40.3273174623],[-107.4047637108,40.3269255042],[-107.4052513159,40.3261645278],[-107.4057146446,40.3256256213],[-107.4061402367,40.325382901],[-107.4072250198,40.324683341],[-107.4082642435,40.3242957136],[-107.4104178377,40.3235705952],[-107.4105841291,40.3233105266],[-107.4104295945,40.3220933184],[-107.4104854256,40.3214028729],[-107.4105387008,40.3192846851],[-107.4111217925,40.3180392503],[-107.4116540871,40.317738273],[-107.4125115096,40.316963236],[-107.4129729253,40.3162761601],[-107.413952165,40.3155118479],[-107.4141831037,40.3151749454],[-107.4145049983,40.3149556899],[-107.4152561086,40.314607923],[-107.4157129279,40.3142795747],[-107.4160051758,40.3137155779],[-107.416390716,40.3133355809],[-107.4171164165,40.3127625198],[-107.4174494643,40.3123703398],[-107.4176893755,40.3122856288],[-107.4187011852,40.3124371492],[-107.4197776453,40.3124544776],[-107.4203296557,40.3123632207],[-107.4207044709,40.3121694031],[-107.4210591068,40.3118963158],[-107.4212983199,40.311306841],[-107.4214139951,40.3111450212],[-107.4218089916,40.3110304819],[-107.4224153791,40.3110044912],[-107.4232017856,40.3111606963],[-107.4233583149,40.3111707024],[-107.4235649491,40.3111265199],[-107.4243145578,40.310738873],[-107.4248546617,40.3103157657],[-107.4250781639,40.3102579481],[-107.4255102089,40.310209035],[-107.4257379842,40.3102706706],[-107.4260740611,40.310449581],[-107.4263711999,40.3105097724],[-107.4271272138,40.31078613],[-107.428607654,40.3109410154],[-107.4296059377,40.3111989816],[-107.4304617243,40.3113536792],[-107.4313507556,40.3114678181],[-107.4323991833,40.3116715882],[-107.4340490453,40.3121947578],[-107.4345970445,40.3124754557],[-107.4352139311,40.3127414152],[-107.4356006306,40.3128793781],[-107.4362421797,40.3128658617],[-107.4365658845,40.3126996452],[-107.4371320169,40.3120368312],[-107.437399078,40.3112607766],[-107.4375883731,40.3112169373],[-107.4385073238,40.3111975597],[-107.4399828756,40.3116977551],[-107.4412726862,40.311604644],[-107.442394012,40.3111952211],[-107.4440846726,40.3104422001],[-107.4467983176,40.3091893126],[-107.4475679719,40.3088807869],[-107.4481305267,40.3086032131],[-107.4483501647,40.3084391664],[-107.4489113477,40.3076435707],[-107.4494253042,40.3069818141],[-107.4500841846,40.3064896472],[-107.4510575137,40.3060572377],[-107.4517221367,40.3057243457],[-107.4522312061,40.3054080359],[-107.4524537058,40.3053236224],[-107.4527830979,40.3053166362],[-107.4534029116,40.3051839314],[-107.4543786032,40.3048178597],[-107.4553316351,40.3047843468],[-107.4556591117,40.3047242551],[-107.4570783268,40.3041494912],[-107.4579974602,40.3037039419],[-107.458553847,40.3032148708],[-107.4590816524,40.3029379759],[-107.4593046034,40.3028668174],[-107.4603529656,40.3030703356],[-107.4607016141,40.3031160451],[-107.4610873546,40.3032273879],[-107.4617519132,40.3033726374],[-107.4624111712,40.303371885],[-107.4635640136,40.3031082293],[-107.4642237176,40.3026425404],[-107.4644803801,40.3025440899],[-107.4649291838,40.3024813842],[-107.4654502246,40.3024968396],[-107.465887014,40.3025805143],[-107.4673923971,40.3029468942],[-107.4675999437,40.3029291764],[-107.4683824144,40.3025006959],[-107.4691156767,40.302050334],[-107.4706316249,40.3006397262],[-107.4714018236,40.3001382072],[-107.4718130096,40.2999965864],[-107.4731919989,40.2992763681],[-107.4737832215,40.2988386525],[-107.4739329436,40.2986627767],[-107.4740708481,40.2983761657],[-107.4743670704,40.2981991976],[-107.4759756979,40.2975935872],[-107.4763998465,40.2973321183],[-107.4766511337,40.2970876391],[-107.4771436509,40.2967981477],[-107.4775875542,40.2966026687],[-107.4782561764,40.2959108964],[-107.4793160586,40.2945332824],[-107.4800466989,40.2936409214],[-107.4801962283,40.2929868367],[-107.4801437925,40.2915533732],[-107.4801935587,40.2905427864],[-107.4801130565,40.2902389976],[-107.4800547574,40.2900675664],[-107.479661796,40.2897571926],[-107.4791219268,40.2892241584],[-107.4787573191,40.2887404999],[-107.4783564716,40.2877395612],[-107.4783462839,40.2874608382],[-107.4781704163,40.2869199862],[-107.4779544208,40.2857556962],[-107.4778407156,40.2854924619],[-107.4774092529,40.2850766478],[-107.4765906846,40.2845097186],[-107.4758856941,40.2837278176],[-107.4754981176,40.2835634426],[-107.4748505694,40.2834046214],[-107.474515961,40.2832656622],[-107.4740103612,40.2827185801],[-107.4730782828,40.2823665904],[-107.4724877866,40.2822210719],[-107.4725173196,40.2817277043],[-107.4726914949,40.2812723573],[-107.4728099135,40.2811901324],[-107.4737139918,40.2812504886],[-107.4740066785,40.281191089],[-107.4741746438,40.2810413771],[-107.4742203557,40.2808677153],[-107.4742726313,40.2799234901],[-107.4743875372,40.2792701513],[-107.4744206463,40.2787513934],[-107.4743948915,40.2775697379],[-107.4750022871,40.2771051068],[-107.4755644693,40.2768274109],[-107.4759668108,40.2764468669],[-107.4763324349,40.2755357803],[-107.4774442683,40.2751134616],[-107.4779322628,40.274704513],[-107.4784307844,40.2741093644],[-107.478703072,40.2734924986],[-107.4789261387,40.2724781851],[-107.4791344311,40.2720088093],[-107.4795731786,40.2712024138],[-107.4799840666,40.2705825739],[-107.4801552575,40.270047567],[-107.4801294127,40.268865914],[-107.480392583,40.2684750516],[-107.4810374207,40.2680892896],[-107.4814069606,40.2677625596],[-107.4816032425,40.2674395572],[-107.4816743445,40.2670129602],[-107.4817452896,40.2661081804],[-107.4820497389,40.2654242023],[-107.4823642201,40.2645407523],[-107.4827938216,40.2639603592],[-107.4831516755,40.263315073],[-107.483701093,40.2626922427],[-107.4848772531,40.2616694981],[-107.484831605,40.2613661991],[-107.4844206604,40.2600865526],[-107.4842163142,40.2592408143],[-107.4839590359,40.258369637],[-107.4838856919,40.2577867559],[-107.4840048618,40.2572528601],[-107.4839927203,40.2569210413],[-107.4840735122,40.2567599088],[-107.4844335803,40.256443993],[-107.4848736557,40.2563575122],[-107.4860492586,40.256265822],[-107.487304346,40.2564513616],[-107.4880243564,40.256701546],[-107.4890061861,40.2569992143],[-107.4900504892,40.2571095746],[-107.4913715085,40.2572006698],[-107.4923377536,40.257073583],[-107.4932747128,40.2570932397],[-107.494096735,40.2572880496],[-107.495888194,40.257913561],[-107.4965701873,40.2580715237],[-107.4971077141,40.2580732056],[-107.4978126337,40.2579118639],[-107.4983062439,40.2576621033],[-107.4991107081,40.2573790602],[-107.5000568995,40.2567077292],[-107.5006724609,40.2560036897],[-107.5011298503,40.2547717422],[-107.5012759862,40.2545029186],[-107.501460189,40.2543262517],[-107.5019179171,40.2545155962],[-107.5024166657,40.2548767369],[-107.5031218379,40.2551935556],[-107.5033436182,40.2550957751],[-107.5041555523,40.2545468724],[-107.5043570622,40.2543698254],[-107.5053817637,40.2539491384],[-107.5069039051,40.2533848204],[-107.5085230861,40.2526324163],[-107.5091630589,40.2525919656],[-107.5100594227,40.2524529533],[-107.5112562871,40.2520019234],[-107.5116043488,40.2515692956],[-107.5119979885,40.251190665],[-107.5121721982,40.2509857873],[-107.5121461738,40.2502823439],[-107.5119740653,40.2498477373],[-107.5117109446,40.2492955406],[-107.5116986728,40.2489637391],[-107.5117032335,40.2486182727],[-107.511975122,40.2480013401],[-107.5121876535,40.2471864399],[-107.5122268533,40.2468402318],[-107.5121319026,40.2466164743],[-107.5121052475,40.246364676],[-107.5121385545,40.2458591899],[-107.5124094492,40.2452157034],[-107.5128035313,40.2446226779],[-107.5131407429,40.2438980562],[-107.513738241,40.2431810617],[-107.5137654986,40.2429812219],[-107.5136685959,40.2427043789],[-107.513422449,40.2416736398],[-107.5136454056,40.2406725492],[-107.5138306527,40.2400574913],[-107.5141287653,40.2392141624],[-107.5143066242,40.2384000176],[-107.5146780629,40.2371964486],[-107.5149443543,40.2368984336],[-107.515401138,40.2365962629],[-107.5155891874,40.2365257582],[-107.5157376882,40.2363232808],[-107.5159474335,40.2344989082],[-107.5160658268,40.2339517183],[-107.516337622,40.2333347762],[-107.5163421518,40.2329893124],[-107.5166179817,40.2320136379],[-107.5167121607,40.2312810042],[-107.5169369169,40.2307979149],[-107.51739867,40.2301635597],[-107.5183707955,40.2283358737],[-107.519438679,40.227223391],[-107.5200097106,40.2267327629],[-107.5201957445,40.2266091468],[-107.5202081454,40.2264760457],[-107.5197710883,40.2249712793],[-107.5196771314,40.2247740701],[-107.5194456443,40.2246064274],[-107.5193457724,40.2242499576],[-107.5192139346,40.2230307686],[-107.5192827996,40.2225510713],[-107.5196754195,40.2209883777],[-107.5198282814,40.2185674844],[-107.5197690565,40.2179046148],[-107.5196943197,40.217653208],[-107.5193831358,40.2159072441],[-107.5187842534,40.2151764139],[-107.5186917886,40.2150190296],[-107.5186270869,40.2146750643],[-107.5188912858,40.2143239529],[-107.5189408751,40.2137915459],[-107.5188643495,40.2131290519],[-107.5188779367,40.2120926542],[-107.5189631291,40.2115860346],[-107.5188988958,40.2112553368],[-107.5188836555,40.2108439017],[-107.5189926376,40.2100445288],[-107.5187599382,40.2089072258],[-107.5186427931,40.2085511323],[-107.5187062427,40.2079254316],[-107.5186664265,40.2068503552],[-107.5184227059,40.206350898],[-107.5178111605,40.2052749746],[-107.5168623852,40.2039805673],[-107.5166043341,40.2035611224],[-107.5165218098,40.2033002698],[-107.5165485994,40.2029911434],[-107.5167158042,40.20282811],[-107.5170214885,40.2026620717],[-107.5172965944,40.2021380264],[-107.5174787595,40.2014433237],[-107.5172441579,40.2002529324],[-107.5168680073,40.1994508246],[-107.5163178086,40.1986259573],[-107.516071685,40.1980601203],[-107.516165841,40.1973274926],[-107.5167166545,40.1958277743],[-107.5169249645,40.195371615],[-107.5178944374,40.1944206847],[-107.5184473294,40.1940643626],[-107.5182484893,40.1936903644],[-107.5180740494,40.1931893943],[-107.5179153401,40.1931131446],[-107.5170470188,40.193052346],[-107.5164334101,40.1928531586],[-107.5163241637,40.1927094154],[-107.5161383301,40.19236808],[-107.5156682202,40.1918336961],[-107.5154789699,40.191399461],[-107.5150083492,40.1897312606],[-107.5150976215,40.1895175319],[-107.5151980305,40.1894223681],[-107.5155095486,40.1894155954],[-107.5157320801,40.1893443396],[-107.515884887,40.1892613164],[-107.5159991587,40.1890728676],[-107.5164002824,40.1886789241],[-107.5170165656,40.1880146334],[-107.5171427296,40.1876798072],[-107.5170690934,40.1875618527],[-107.5168921065,40.1874594379],[-107.5164714943,40.1868575527],[-107.5161898274,40.186265933],[-107.5158996845,40.1859135864],[-107.5155418024,40.1856025716],[-107.5153555013,40.1852479686],[-107.5152197948,40.1843875084],[-107.5152510982,40.1838289217],[-107.5157186537,40.1810159651],[-107.5157655811,40.1794740734],[-107.5154744907,40.179095191],[-107.5149107583,40.1778986538],[-107.5144054271,40.1762049338],[-107.5145755408,40.1755346424],[-107.5149437579,40.1750420132],[-107.5150713939,40.1747470003],[-107.5151263941,40.1743606021],[-107.515095357,40.173989334],[-107.5149797722,40.1736730421],[-107.5151483217,40.1721417914],[-107.5151817464,40.1711713739],[-107.5149092906,40.1708266112],[-107.5146613182,40.1702076894],[-107.5140828363,40.169077883],[-107.513837818,40.1685385876],[-107.5134044612,40.1680565214],[-107.513147557,40.1676636033],[-107.513091895,40.1670936177],[-107.5130876395,40.1665092403],[-107.5128672969,40.1647606213],[-107.5127324746,40.1643916147],[-107.5124731431,40.1639323219],[-107.5116199016,40.1628616073],[-107.5110477194,40.1623692558],[-107.5107280093,40.1621503796],[-107.5102333477,40.1618821573],[-107.509167499,40.1611481178],[-107.5088156488,40.1609963514],[-107.5085137317,40.1607903574],[-107.5084718065,40.1605920164],[-107.5086053116,40.160456289],[-107.5096914341,40.1598615533],[-107.5102502572,40.1590524247],[-107.5107219047,40.1586968223],[-107.5114861518,40.1582950153],[-107.5131539985,40.1575149364],[-107.5138531458,40.1569305637],[-107.5150833913,40.1563173611],[-107.5161059372,40.1563482707],[-107.5169881383,40.1563290854],[-107.5172466266,40.1562968988],[-107.5178427338,40.1560315416],[-107.5184749119,40.1558052472],[-107.5191975016,40.1556832486],[-107.5203915447,40.1556705368],[-107.5225070852,40.154362517],[-107.5233399158,40.1539458513],[-107.5237902236,40.1534844032],[-107.525082356,40.151915338],[-107.5258564411,40.1508490578],[-107.5262804852,40.1506139788],[-107.5263971299,40.1504918852],[-107.5264550041,40.1501851047],[-107.5271723738,40.1480573791],[-107.5275307237,40.1474517966],[-107.5282290798,40.1466793919],[-107.5283758687,40.1464370853],[-107.5287426365,40.145592211],[-107.528885694,40.1453477666],[-107.529478049,40.1453272908],[-107.5301457699,40.1454474107],[-107.5304611511,40.1456570512],[-107.5308999613,40.1460038408],[-107.5315324182,40.1463897974],[-107.5320248313,40.1465380143],[-107.5328695871,40.1465967003],[-107.5339871916,40.1468470609],[-107.5342893545,40.1468894841],[-107.5352536615,40.1467348707],[-107.5360183934,40.1466576894],[-107.536655451,40.1465266508],[-107.5374528721,40.146233565],[-107.5381724954,40.1461883814],[-107.5384137753,40.1461455624],[-107.5388402472,40.1463084583],[-107.5402154834,40.1470502153],[-107.5412426302,40.1477982417],[-107.5419600121,40.1486537563],[-107.5421894657,40.1488441088],[-107.5425750805,40.1489557333],[-107.5432628823,40.1491097348],[-107.5441978945,40.1491043136],[-107.5447932326,40.1489386222],[-107.5452476074,40.1485518296],[-107.5455807947,40.1484116482],[-107.5457888083,40.148167639],[-107.5465329348,40.1476393846],[-107.546981387,40.1473691807],[-107.547669437,40.1470894604],[-107.5484417568,40.1468622881],[-107.5486655485,40.1467355184],[-107.5488651131,40.1466580668],[-107.5495830517,40.1466461232],[-107.5497307654,40.1467339419],[-107.5501561835,40.1473471603],[-107.5507710606,40.1480827984],[-107.551628714,40.1491759766],[-107.5522033492,40.1502773964],[-107.5525270305,40.1507541216],[-107.5529025628,40.1510655799],[-107.553437632,40.1512316554],[-107.5544885856,40.1515131954],[-107.5550510614,40.1519970277],[-107.5556693928,40.1526660207],[-107.5559237753,40.1532240821],[-107.5561088396,40.1538634826],[-107.5563432095,40.1543875833],[-107.5565057188,40.1550430003],[-107.5572800712,40.1560669314],[-107.5579201733,40.1567365572],[-107.5582165087,40.1568955189],[-107.5589444829,40.1571173428],[-107.5598151495,40.1575269234],[-107.5606557175,40.1581024121],[-107.5613108505,40.1589059126],[-107.5623399411,40.1600541649],[-107.5628064468,40.1607185984],[-107.5629331826,40.1612228069],[-107.5630104811,40.1622760221],[-107.5644191906,40.1645198316],[-107.5646561851,40.1649939503],[-107.5661710456,40.1672909236],[-107.5666433942,40.1682724707],[-107.5665447862,40.168503084],[-107.5661980942,40.1689098372],[-107.5658572922,40.1691999664],[-107.5657704364,40.1696428281],[-107.5659246745,40.1700193564],[-107.5672363846,40.1707422366],[-107.5678275435,40.1710934121],[-107.5692404248,40.1715356883],[-107.5694717136,40.1716926773],[-107.569673738,40.1719989406],[-107.5698597926,40.1726216659],[-107.5700374742,40.1734109644],[-107.5699886659,40.1748107541],[-107.5701088681,40.1750144942],[-107.5704721336,40.1751420487],[-107.5719912847,40.1752037646],[-107.5724957379,40.1751186294],[-107.5735234841,40.1747904312],[-107.5735348542,40.1743487138],[-107.5734280557,40.1738784688],[-107.5734732531,40.1734127323],[-107.5738233656,40.1725056308],[-107.5741708653,40.1720822092],[-107.5747354034,40.1720989322],[-107.5758143651,40.1722643292],[-107.576624383,40.1725885774],[-107.5771905455,40.1730056951],[-107.5774602574,40.1732638914],[-107.5776239031,40.1734689069],[-107.5776146958,40.1736521363],[-107.5775302852,40.174033316],[-107.5772930423,40.1744266478],[-107.5770979599,40.1748462423],[-107.5771102422,40.1763312512],[-107.577210373,40.1769347438],[-107.577179436,40.177117332],[-107.5766322993,40.1776182542],[-107.5765963456,40.1779007714],[-107.5769261873,40.178260853],[-107.5772318037,40.1786702478],[-107.577529878,40.179229553],[-107.5774988728,40.179845849],[-107.5773852062,40.1803762848],[-107.5772314437,40.1808388304],[-107.5772572006,40.1816236073],[-107.577572817,40.1822668431],[-107.5784171815,40.1827755907],[-107.5789851137,40.1831593724],[-107.5798570244,40.1839858819],[-107.5804316093,40.1846701227],[-107.5805655181,40.1860638503],[-107.5808457015,40.1863838754],[-107.5815832258,40.1868560758],[-107.5818312836,40.187113627],[-107.5823683871,40.1872462734],[-107.5827734918,40.187408371],[-107.5834317028,40.1877280956],[-107.5849227492,40.1879222689],[-107.5865741666,40.1883880666],[-107.5875690539,40.1885008504],[-107.5884712189,40.1887276474],[-107.5888989083,40.1888737089],[-107.5892522556,40.1892010756],[-107.5896498826,40.1899467827],[-107.5898512073,40.1902696611],[-107.590330728,40.1915515934],[-107.590794372,40.1922825646],[-107.5914359651,40.1929353773],[-107.5921644513,40.1935907442],[-107.592464374,40.1941166994],[-107.5925471101,40.1946362602],[-107.5925713671,40.1950206539],[-107.592913948,40.196431988],[-107.5928830724,40.1970482826],[-107.5932081308,40.1983756928],[-107.593254091,40.1987607274],[-107.5932190229,40.1990265874],[-107.5929015931,40.2001515694],[-107.5930770837,40.2009908064],[-107.59350825,40.2019376744],[-107.5940889747,40.2029389737],[-107.5946866749,40.2034230681],[-107.594132356,40.2046784689],[-107.5940789244,40.2053107823],[-107.5940973562,40.2062454791],[-107.5940572919,40.2070450122],[-107.5943506166,40.2077042287],[-107.5954677067,40.2089512951],[-107.595487948,40.2093224528],[-107.5954219988,40.2102046279],[-107.5956109259,40.2112110692],[-107.5962527616,40.2122975762],[-107.5967190983,40.2129785563],[-107.5972156021,40.2143610518],[-107.5971103457,40.2147249377],[-107.5968087055,40.215099728],[-107.5964953488,40.215274004],[-107.5961728062,40.2156314973],[-107.5958686472,40.2160562644],[-107.5956839794,40.2162676796],[-107.595620508,40.2170998784],[-107.5955980002,40.2175496151],[-107.5956205742,40.2179673098],[-107.5955738047,40.2184663724],[-107.5954234025,40.218862302],[-107.5949805138,40.2194497888],[-107.5947423463,40.2198597948],[-107.5942877675,40.2211141994],[-107.5937311941,40.2222321324],[-107.5934938685,40.2226254937],[-107.5931696113,40.2230162942],[-107.5931269881,40.2234320747],[-107.5929631785,40.2236607896],[-107.5929180659,40.2245602413],[-107.5930476255,40.2250144602],[-107.5932699526,40.2253546397],[-107.5932992144,40.2260727981],[-107.5938500341,40.2268063276],[-107.5940598385,40.2273963511],[-107.5944109097,40.2277736818],[-107.5947728141,40.2279344798],[-107.5950962662,40.2279940537],[-107.5950812525,40.2282938752],[-107.5952409053,40.228582158],[-107.5965190177,40.23043805],[-107.5969846174,40.2307019872],[-107.5979742928,40.2309312901],[-107.5984432306,40.2311285852],[-107.5989664833,40.2311106134],[-107.5994011338,40.2311234017],[-107.5999912477,40.2310740344],[-107.6002294801,40.2310977213],[-107.6003749272,40.231235451],[-107.6006073251,40.2313757312],[-107.6018570502,40.2320630503],[-107.6024004313,40.232512739],[-107.6033820425,40.2342097127],[-107.6040083082,40.2351789516],[-107.6042767611,40.2359041478],[-107.6047592366,40.2367023354],[-107.6053311615,40.2374531034],[-107.6056146206,40.237878467],[-107.605774433,40.2386004597],[-107.6059057572,40.2390213456],[-107.6064894671,40.2399726408],[-107.6069225976,40.2404524294],[-107.6071789232,40.2409634599],[-107.6086243234,40.2429895613],[-107.6100567831,40.2443827639],[-107.6109858834,40.24539421],[-107.6124266211,40.2461870998],[-107.6143088144,40.2468594504],[-107.615561446,40.247496663],[-107.6161418757,40.2480808189],[-107.617345578,40.2497007844],[-107.6177770562,40.2509390201],[-107.6181863874,40.2518935921],[-107.6183373911,40.2525155886],[-107.6185984311,40.2529569436],[-107.6197184616,40.2540739882],[-107.6212358351,40.2555195917],[-107.6216072702,40.255930802],[-107.6217896728,40.2562030289],[-107.6224455822,40.2570229027],[-107.6244919156,40.2592178976],[-107.6258722188,40.260359165],[-107.6269972506,40.2609424881],[-107.6274565426,40.2613395592],[-107.6282950163,40.2624316277],[-107.6287091826,40.2628607493],[-107.6292997878,40.263244965],[-107.62985437,40.2634779891],[-107.6309842047,40.2635276116],[-107.6315019271,40.2636261051],[-107.6320683309,40.2640596407],[-107.6324549976,40.2646047113],[-107.6330415106,40.2650721949],[-107.633477466,40.2655019314],[-107.6336792033,40.2658247499],[-107.6341870199,40.2661231264],[-107.634703928,40.2662382694],[-107.6353763698,40.2662912084],[-107.6360721871,40.2663114601],[-107.6365780996,40.266209405],[-107.6371618994,40.2662931166],[-107.637879486,40.2663139968],[-107.6379873797,40.2663338118],[-107.6383198845,40.2670941517],[-107.6383058572,40.2673773256],[-107.6381723566,40.2678738897],[-107.6380966698,40.2685222573],[-107.6379697781,40.2688855559],[-107.6380735529,40.2689886598],[-107.639545927,40.2695986481],[-107.6406142436,40.2700133799],[-107.6414725318,40.2702718566],[-107.6422394195,40.2701773723],[-107.6429041767,40.2699464542],[-107.6434588601,40.269876755],[-107.6439873514,40.2700613204],[-107.6444140305,40.2702405217],[-107.6449995293,40.2702908787],[-107.6458041231,40.2703142328],[-107.6480977049,40.2706143119],[-107.6485043062,40.2707595462],[-107.648757033,40.2709336969],[-107.6488324912,40.2711694234],[-107.6488287219,40.2716864392],[-107.6489676506,40.2728414859],[-107.6489856165,40.2733591287],[-107.6492120142,40.274066313],[-107.6501314058,40.2752940202],[-107.6503115081,40.2756161899],[-107.6502868127,40.2761159144],[-107.6505918816,40.2778763086],[-107.6505704899,40.2783094061],[-107.650261419,40.2788342472],[-107.6501858068,40.27948263],[-107.6502267298,40.2804179766],[-107.6503455765,40.2815390804],[-107.6505125201,40.2821277673],[-107.6504794774,40.2836781736],[-107.6509303588,40.2846921287],[-107.6515285821,40.2858104357],[-107.6515814869,40.2860621946],[-107.6518593199,40.2861703123],[-107.6526994029,40.286361471],[-107.6531262004,40.2865406449],[-107.6537397317,40.286908719],[-107.6543640736,40.2874989682],[-107.6550145406,40.288001556],[-107.6563413702,40.2889240654],[-107.6568626106,40.2889558297],[-107.6572196807,40.2887826561],[-107.6574737467,40.2884897408],[-107.6577343828,40.2880635656],[-107.6581304431,40.2875412066],[-107.6583972221,40.2874321514],[-107.6592094452,40.2873055088],[-107.6594478764,40.287329074],[-107.6596522716,40.287601893],[-107.6597286051,40.287820962],[-107.6597515871,40.2882386522],[-107.6596608716,40.2887531554],[-107.6593321167,40.2896778131],[-107.6592890165,40.2901102862],[-107.6592968086,40.2903940932],[-107.6594158294,40.2906310697],[-107.6599731999,40.2908139936],[-107.6605289281,40.2910302298],[-107.6609726123,40.2913099506],[-107.66125911,40.2916852217],[-107.6612131475,40.292618051],[-107.6614031844,40.2927403157],[-107.6619638557,40.2928565973],[-107.6620693502,40.2929263663],[-107.6618128178,40.29326927],[-107.6612443493,40.2937532897],[-107.6612496862,40.2940870729],[-107.661489404,40.294527718],[-107.661674116,40.295200308],[-107.6618760713,40.2955230888],[-107.6619710609,40.2958060795],[-107.662433249,40.2961530603],[-107.6623815326,40.2963183811],[-107.6625165917,40.2966725906],[-107.6627259375,40.296845446],[-107.6629697653,40.2972027958],[-107.6626225304,40.2980602051],[-107.6623869223,40.2984203914],[-107.6619982069,40.2987928401],[-107.6617071742,40.2989512408],[-107.6615433845,40.2991800516],[-107.6615294366,40.2994632343],[-107.6612946323,40.2998067618],[-107.6610434129,40.30048344],[-107.661052861,40.3007339338],[-107.6613660645,40.3010098833],[-107.6617342917,40.3010538853],[-107.6622038965,40.3012509431],[-107.6628820509,40.3016375204],[-107.6630920784,40.3017970547],[-107.6622864608,40.3044394881],[-107.6623226036,40.30547477],[-107.6625557935,40.3060486684],[-107.6629203519,40.3066096858],[-107.6635677631,40.3071788583],[-107.6635168716,40.3073275241],[-107.6631515012,40.3076672803],[-107.6626830835,40.3078873011],[-107.6618172561,40.3082126111],[-107.6616317004,40.30844078],[-107.661442844,40.3087355908],[-107.6612839677,40.3088644447],[-107.661126722,40.3089599971],[-107.6605552419,40.309060246],[-107.660131965,40.3092481951],[-107.6593342496,40.3099591162],[-107.6591938325,40.3101552384],[-107.6585562379,40.3102702468],[-107.6579030285,40.3107017564],[-107.6571007186,40.3119463304],[-107.6566893001,40.3123347856],[-107.6563949142,40.3125598074],[-107.6558159894,40.3128099584],[-107.6553643368,40.3131305142],[-107.6552879023,40.3137955524],[-107.6553416654,40.3140306531],[-107.6555494008,40.3142368332],[-107.6559804984,40.3143327263],[-107.6564592258,40.3143465691],[-107.6566300237,40.314418237],[-107.6566694295,40.3145027876],[-107.6566595709,40.3147026793],[-107.6557968344,40.3158454143],[-107.6555187825,40.316621385],[-107.6554394271,40.3177867876],[-107.6551018444,40.3184442681],[-107.6548139008,40.3194201292],[-107.6548507456,40.320438758],[-107.655249325,40.3216346733],[-107.6546095081,40.3222333547],[-107.6543355361,40.3229260433],[-107.6542951981,40.3237422591],[-107.6541155722,40.3251716542],[-107.6540842797,40.3258046417],[-107.6542110975,40.3263254379],[-107.6543864011,40.3267475402],[-107.6547834592,40.3270926672],[-107.6556416922,40.3273677319],[-107.6561113824,40.3275664868],[-107.6567856389,40.3280363892],[-107.6577694916,40.3292992704],[-107.6583308293,40.3298493096],[-107.6586728867,40.3304263657],[-107.6587467889,40.3306954102],[-107.6589463583,40.3310681701],[-107.6593315644,40.331212754],[-107.6601697473,40.3314538442],[-107.6614030187,40.3316396149],[-107.6632568545,40.332060155],[-107.6641796736,40.3323537083],[-107.6651008549,40.3326805581],[-107.6655045622,40.3328923873],[-107.6654294136,40.3330903994],[-107.6648146282,40.3336231284],[-107.663704105,40.3340414679],[-107.6626177953,40.3344104544],[-107.6614386627,40.3348935065],[-107.6606997918,40.3352891923],[-107.6605576837,40.3355186247],[-107.6605687493,40.3357357993],[-107.6608656852,40.336344909],[-107.6608508799,40.3366447473],[-107.6606249853,40.3368050324],[-107.6606151151,40.3370049231],[-107.6606945028,40.3373167073],[-107.6606203482,40.337975977],[-107.6598750034,40.3400745814],[-107.6594802581,40.340563601],[-107.6593582442,40.3408269744],[-107.6592177676,40.3410230869],[-107.659199665,40.3413895594],[-107.6593088996,40.3418264311],[-107.6593084556,40.3422768163],[-107.6588836222,40.3438158866],[-107.6588540084,40.3444155623],[-107.6584538357,40.3454549102],[-107.6579636579,40.3469920929],[-107.6575499073,40.3478642359],[-107.6573654059,40.3485094641],[-107.6573025639,40.3494750823],[-107.659048265,40.3501929109],[-107.6600341582,40.3505383581],[-107.6615668282,40.3508495552],[-107.6622504011,40.3511362093],[-107.6630103595,40.3516419114],[-107.66334968,40.3518352151],[-107.6641252846,40.352024427],[-107.6652398045,40.3519731951],[-107.6672355176,40.3521809111],[-107.6677675341,40.3524464846],[-107.6681664468,40.3527582452],[-107.6691516609,40.3540043966],[-107.670598263,40.3551804192],[-107.6713657247,40.3555361576],[-107.6716816761,40.3557621184],[-107.6721328305,40.3563422822],[-107.6731690965,40.3574397359],[-107.6739223161,40.3585290264],[-107.6738923487,40.3586949748],[-107.6727560393,40.3596297703],[-107.6714504182,40.3604596002],[-107.6708288355,40.3611256161],[-107.6703050182,40.3615775993],[-107.6702545349,40.3621599839],[-107.6703716864,40.3628806538],[-107.6708273944,40.3644663396],[-107.6707790083,40.3647940667],[-107.6709873898,40.3654339636],[-107.6710483082,40.3668536276],[-107.6712448315,40.3681771171],[-107.671587253,40.369638256],[-107.6715819481,40.3701885828],[-107.6714392622,40.3708717421],[-107.670951982,40.3719086228],[-107.669612421,40.3734213661],[-107.668645116,40.3744610821],[-107.6680903851,40.3759797601],[-107.6670157629,40.3778670999],[-107.6653599352,40.3809220286],[-107.6647718575,40.3822295453],[-107.6645577037,40.383474455],[-107.6634423803,40.3857392537],[-107.6632643364,40.3871353321],[-107.6632350418,40.3890528287],[-107.6634762798,40.3899105407],[-107.6634848916,40.3901776882],[-107.6630125918,40.3904643057],[-107.6627606069,40.3907072479],[-107.6621430736,40.3926077423],[-107.6618269252,40.3932658526],[-107.6615399626,40.3937746812],[-107.6615044683,40.3953750546],[-107.6616005171,40.3969625407],[-107.6618561265,40.3979708024],[-107.6619020934,40.3988061981],[-107.6617918816,40.3992700716],[-107.6612548733,40.4004222464],[-107.6607581338,40.4016422987],[-107.6604690132,40.4026348123],[-107.6603304079,40.4032313237],[-107.6599121798,40.4041867416],[-107.65991102,40.4068556938],[-107.6597351417,40.4076345853],[-107.6596312065,40.4084927087],[-107.6597536672,40.4095077493],[-107.6600335542,40.4100687847],[-107.6604973037,40.4104424326],[-107.6609281898,40.4105549693],[-107.6612928802,40.4106822882],[-107.6616308343,40.4109089055],[-107.6618598302,40.4111323789],[-107.6627124753,40.4124247981],[-107.6631161937,40.4130870263],[-107.6633739676,40.4136115874],[-107.6635429173,40.4141669468],[-107.6635358835,40.4147505944],[-107.663407906,40.4160146589],[-107.6630274448,40.417087945],[-107.6628855289,40.4177510954],[-107.6628237303,40.4190003924],[-107.6630062416,40.4197229644],[-107.6631241947,40.4204269777],[-107.6630575382,40.4208921261],[-107.6625500262,40.4214446201],[-107.6618118228,40.4218069535],[-107.6616275737,40.4220017986],[-107.66168225,40.4222202348],[-107.6621000137,40.4225992957],[-107.6622209003,40.4228029639],[-107.6620469114,40.4232316442],[-107.6616631778,40.4234874532],[-107.6614003392,40.4239469244],[-107.6608977467,40.424399466],[-107.6601245156,40.4250276714],[-107.6596785594,40.4260990484],[-107.6585996553,40.4271687968],[-107.658303091,40.4274271124],[-107.6579670559,40.4276008796],[-107.6574265897,40.4279355424],[-107.6546470222,40.4307242077],[-107.6545333221,40.4308628743],[-107.65383608,40.4315288363],[-107.653500575,40.4319690353],[-107.6533266431,40.4322489132],[-107.6530591284,40.4325833056],[-107.6527378591,40.4329125912],[-107.6525094306,40.4333456527],[-107.6523904584,40.4336692594],[-107.6524047345,40.4338215452],[-107.6525511702,40.4340986529],[-107.6527415269,40.4343365994],[-107.6529128475,40.4347363488],[-107.6529414015,40.4349362234],[-107.6531911425,40.4358372229],[-107.6535551986,40.4370828712],[-107.6536618337,40.4372343333],[-107.6537135135,40.4374767172],[-107.6536599744,40.4377515456],[-107.6535921595,40.4378372061],[-107.6534672378,40.4382226792],[-107.6533892825,40.4386764596],[-107.6533786181,40.4387655706],[-107.6534626118,40.4394123178],[-107.6534004938,40.4401683067],[-107.6532628102,40.4406196711],[-107.65286281,40.4406132707],[-107.6526579054,40.4405861332],[-107.6524508911,40.4405861332],[-107.6522624376,40.4406132572],[-107.650975557,40.440996098],[-107.6497343798,40.4408489643],[-107.6493372354,40.4407304598]]]]}},
{"type":"Feature","properties":{"tnmid":"D4E2191D-72EE-424B-95A4-14A4EA7188BA","areaacres":172035.94,"areasqkm":696.21,"states":"CO","huc10":"1405000111","name":"Dry Creek-Yampa River","Shape_Length":200516.71321497107,"Shape_Area":696352824.17909288},"geometry":{"type":"MultiPolygon","coordinates":[[[[-107.1586180958,40.6232327716],[-107.1581126554,40.6231754918],[-107.1571279559,40.6231938973],[-107.1558982452,40.6230834084],[-107.1552593875,40.6229618694],[-107.1546172935,40.6227402884],[-107.153636262,40.6221913614],[-107.1531703213,40.6219998536],[-107.1525997758,40.6219604382],[-107.151861142,40.6221410444],[-107.1513632082,40.6223171586],[-107.1510179172,40.6224737459],[-107.1507990946,40.622477823],[-107.1503320778,40.6222529587],[-107.1498004921,40.6220626599],[-107.1492624932,40.6216722776],[-107.1490997055,40.6213750116],[-107.1487095354,40.6208150337],[-107.1481539264,40.620496552],[-107.1475800625,40.6204139619],[-107.147158969,40.6202549594],[-107.1466183315,40.6197812025],[-107.1458487329,40.6189947117],[-107.1455445449,40.618383074],[-107.145527469,40.6178495322],[-107.1459229061,40.6165241967],[-107.1459383923,40.616323709],[-107.1458023035,40.6161760856],[-107.1448940075,40.615842613],[-107.1436186024,40.6149820901],[-107.1431858258,40.6144562558],[-107.1425603374,40.6133801134],[-107.1424184348,40.6123650554],[-107.1423949929,40.611631428],[-107.1427867134,40.6108734057],[-107.1434500472,40.6097099403],[-107.1434457832,40.6095765488],[-107.1433054504,40.6092955313],[-107.1432019552,40.6087969498],[-107.1431811732,40.6081466867],[-107.1431091652,40.60726381],[-107.1422597618,40.6060283168],[-107.1419823274,40.6055663364],[-107.1393030122,40.6025462706],[-107.1390127769,40.6023681287],[-107.1384579129,40.6021281583],[-107.1375285048,40.6018117009],[-107.1353736669,40.6008171987],[-107.1337262466,40.599946759],[-107.1327958272,40.5995969147],[-107.1316696141,40.5992840432],[-107.1313428627,40.5992635834],[-107.1324035378,40.598372942],[-107.1325439449,40.5979699493],[-107.1326391397,40.5968337177],[-107.1326724364,40.5958154149],[-107.1328732904,40.5945604534],[-107.1329940584,40.593540528],[-107.1332880831,40.5931513769],[-107.133494619,40.5927638409],[-107.1336707951,40.5921099342],[-107.1341277105,40.5913376296],[-107.1347393709,40.590909238],[-107.1349695468,40.590773889],[-107.1349337531,40.5906315503],[-107.1345241475,40.5905318762],[-107.1342109253,40.5905138324],[-107.1338645751,40.5904368198],[-107.1332261308,40.5895310264],[-107.1331839168,40.5891862169],[-107.1322943965,40.5882493131],[-107.1312563636,40.5870648856],[-107.1299866969,40.5859681431],[-107.1285356453,40.5850653944],[-107.127687309,40.5844375202],[-107.1272747315,40.5842425448],[-107.1268111505,40.5839174122],[-107.1261898416,40.5835475232],[-107.1250869185,40.5832699064],[-107.1247253688,40.583205056],[-107.124381705,40.5832113776],[-107.1239160788,40.5833152771],[-107.1234303206,40.5832765513],[-107.1231929853,40.5831855749],[-107.1230177628,40.5830815466],[-107.122838774,40.582858424],[-107.1225577677,40.5823749917],[-107.1224275313,40.5822105579],[-107.1222359374,40.5820829961],[-107.1217620338,40.5819248704],[-107.1215049549,40.5817031797],[-107.1203776479,40.5808410541],[-107.1206612995,40.5807889162],[-107.1209301385,40.5806273286],[-107.1211463986,40.5804275515],[-107.1215162423,40.580211888],[-107.1222258503,40.5799116578],[-107.1229375032,40.5796766553],[-107.1237029536,40.579518993],[-107.124661178,40.5795013651],[-107.1254849829,40.5795645186],[-107.1262566382,40.5796025306],[-107.1265304195,40.5795974897],[-107.126749555,40.5794890238],[-107.1273669457,40.5789815919],[-107.1279066415,40.5787236238],[-107.1292476323,40.5783595026],[-107.1297592939,40.5782978473],[-107.1313222964,40.5779165454],[-107.132865684,40.5774572707],[-107.1332488589,40.577123835],[-107.1339422888,40.575779513],[-107.1354056506,40.5744209454],[-107.1371176055,40.5733449559],[-107.1375992272,40.5728791498],[-107.1383401449,40.5722759336],[-107.139030666,40.5721346658],[-107.1395898654,40.5719546043],[-107.1401712125,40.5713955641],[-107.1403811481,40.5710000522],[-107.1414269615,40.5699755042],[-107.1420658402,40.5696111921],[-107.1426838567,40.5691297813],[-107.1429125527,40.5687861294],[-107.1431558912,40.5678286633],[-107.1434150341,40.5673669701],[-107.1437593086,40.5668906353],[-107.1438999428,40.5664702896],[-107.1443644005,40.5654695704],[-107.1445434173,40.5651790441],[-107.1450929453,40.5646988932],[-107.1455056251,40.5642212816],[-107.1456996552,40.5638652247],[-107.1457230407,40.5635253801],[-107.1457097024,40.5631079102],[-107.1458148566,40.5626490547],[-107.1460418367,40.5622532202],[-107.146401255,40.5617165401],[-107.1469620342,40.5610534164],[-107.1475603221,40.5599588004],[-107.1476358302,40.5596440991],[-107.1475724218,40.5592667098],[-107.14763835,40.558116728],[-107.1476266728,40.5577514389],[-107.1476658987,40.5573721434],[-107.1481531855,40.5560185084],[-107.1483392502,40.5554145577],[-107.1483648283,40.5547190486],[-107.1483636931,40.554025448],[-107.1482517322,40.5537478791],[-107.1480210378,40.553491093],[-107.1478704467,40.5525278906],[-107.147942194,40.5520957699],[-107.147949298,40.5517823404],[-107.1477344665,40.5509508774],[-107.1476281098,40.5503001563],[-107.1476302052,40.549294946],[-107.1477036175,40.5489150224],[-107.1478996786,40.5486241826],[-107.1483022251,40.5478334551],[-107.1483995546,40.5471306364],[-107.148225193,40.5459590154],[-107.1481447135,40.5450467289],[-107.1480562745,40.5444217704],[-107.147853143,40.5439556031],[-107.1471265489,40.5431728193],[-107.1469651399,40.5429408474],[-107.1469547201,40.5426146844],[-107.1468421132,40.5423034789],[-107.1465770454,40.5420407983],[-107.1464369054,40.5419389728],[-107.1464335915,40.5412993878],[-107.1465253629,40.5409582719],[-107.1465007682,40.5407237553],[-107.1466330023,40.5400424761],[-107.1466142545,40.5394554051],[-107.1462134608,40.5386926564],[-107.1459252874,40.5382411252],[-107.1455791361,40.5375817954],[-107.1454940897,40.5370612112],[-107.1455258248,40.5364470787],[-107.1463153661,40.53545335],[-107.1464776193,40.5351761949],[-107.1464722021,40.5350065953],[-107.1462816288,40.5343965939],[-107.1462695521,40.534018251],[-107.1456623737,40.5332201824],[-107.1450155819,40.5322531367],[-107.1448304526,40.5318127372],[-107.1448046152,40.5315390736],[-107.1448650946,40.5312899274],[-107.145009417,40.5309870012],[-107.1450027568,40.530778256],[-107.1449272842,40.530557728],[-107.1447663326,40.5303388126],[-107.1446977203,40.5297970333],[-107.1447140201,40.5292354072],[-107.1448154052,40.5286591403],[-107.1448229316,40.5283587554],[-107.1438809797,40.5272535966],[-107.1433017874,40.5267943886],[-107.1431737913,40.5265356871],[-107.1431471441,40.5262359362],[-107.1430003691,40.5259253618],[-107.1429203509,40.5255613283],[-107.1428887065,40.5251050212],[-107.1430257346,40.5245737899],[-107.1430787583,40.5240897994],[-107.1431988871,40.5235654131],[-107.1431293107,40.5229923176],[-107.1429275303,40.5225652821],[-107.1428120688,40.522162741],[-107.1425040898,40.5205497444],[-107.1424941181,40.5202366376],[-107.1424249689,40.5196765796],[-107.1424408722,40.5191019067],[-107.1422666488,40.5184654811],[-107.1420815793,40.5180250793],[-107.1418556787,40.5173765578],[-107.1417744093,40.5169733884],[-107.1418136414,40.5165940897],[-107.1419066568,40.5162921209],[-107.1419104694,40.515874314],[-107.1418287855,40.5154581014],[-107.1416245576,40.5149527729],[-107.1407153771,40.5137947564],[-107.1403377292,40.5132143147],[-107.1401860301,40.5127471786],[-107.1400456954,40.5115618383],[-107.1398749422,40.5110324031],[-107.1393697755,40.5102062952],[-107.138655775,40.5092665674],[-107.1383803154,40.5086711748],[-107.1378784884,40.507949428],[-107.1376743178,40.5074441004],[-107.1376414795,40.5069486464],[-107.1379329789,40.5064341426],[-107.1380064216,40.5060542131],[-107.1379643568,40.5058069549],[-107.137198677,40.5043146773],[-107.1369882971,40.5036136484],[-107.1369192169,40.5030535894],[-107.1369063766,40.5026491504],[-107.1369423192,40.502165485],[-107.1371280832,40.5013748008],[-107.1373280576,40.5008490136],[-107.1380402698,40.4995826269],[-107.1383042856,40.4987422822],[-107.1389973324,40.4979501107],[-107.139319243,40.4973175518],[-107.1393101209,40.4970305266],[-107.138890953,40.4955389213],[-107.1386384936,40.4944710709],[-107.138557562,40.4938886386],[-107.1385456709,40.4934596186],[-107.138946691,40.4923799052],[-107.1390084256,40.4918663398],[-107.1390551341,40.491696086],[-107.1394249587,40.490958209],[-107.1396375701,40.4906540243],[-107.1396784636,40.4903269074],[-107.1395688887,40.4901070139],[-107.1395647447,40.4899765542],[-107.1402916733,40.4897150522],[-107.1409526952,40.489533101],[-107.1413415703,40.4893953579],[-107.1420726248,40.4892643136],[-107.1429607823,40.4892347871],[-107.1439360306,40.4892558516],[-107.1451029748,40.4894871362],[-107.1483880175,40.4899955573],[-107.149265328,40.4901619941],[-107.1500692994,40.4901731379],[-107.150910789,40.4902880264],[-107.1522369918,40.4905896769],[-107.1527729768,40.4907754992],[-107.1533043887,40.4908178153],[-107.1557813283,40.4907455124],[-107.1567670087,40.4905574109],[-107.1574321935,40.4905058231],[-107.1583836932,40.490318348],[-107.1599503395,40.4901193641],[-107.1607572135,40.4898444374],[-107.1672473163,40.4888412996],[-107.1689682662,40.4884572133],[-107.1707553115,40.4874017939],[-107.1717439696,40.4867633984],[-107.1729962814,40.4861367876],[-107.1733877116,40.4860289054],[-107.1746132707,40.4859338227],[-107.1752613389,40.4856200856],[-107.1759681373,40.4850874743],[-107.1769282981,40.484248555],[-107.1769031225,40.4841485189],[-107.1765030412,40.4839885433],[-107.1757638085,40.483516667],[-107.1750865779,40.4829263584],[-107.1749420512,40.4825270327],[-107.1748754987,40.4818247153],[-107.1752672055,40.4810467692],[-107.1757333266,40.4805354431],[-107.1765672893,40.4798664182],[-107.1773265359,40.4796008334],[-107.178263859,40.4794156489],[-107.1796691778,40.4794561446],[-107.1805772929,40.4797237868],[-107.1809670462,40.4795656722],[-107.1815887575,40.4791183851],[-107.1829109359,40.4786243633],[-107.1839556881,40.478370094],[-107.1850036898,40.4782162562],[-107.1858085368,40.4779889743],[-107.1861758883,40.4777675236],[-107.1864289378,40.4775899439],[-107.1867399347,40.4768750009],[-107.1866108015,40.4757810877],[-107.1863661793,40.4749753653],[-107.1863538109,40.474594263],[-107.1866876318,40.4743019396],[-107.1871812612,40.4741257578],[-107.1882940711,40.473794847],[-107.1895285194,40.4733662857],[-107.1908495551,40.4727215633],[-107.1914001233,40.4723774572],[-107.192093471,40.4716254544],[-107.1928813097,40.4699421357],[-107.1931815739,40.4695789277],[-107.1930139953,40.4692245985],[-107.1927755348,40.4686094559],[-107.1927927639,40.4681801211],[-107.1932146662,40.4677192714],[-107.1938252336,40.4673024966],[-107.1946564339,40.4669530441],[-107.1952450942,40.4668226853],[-107.195870387,40.466858472],[-107.1967887931,40.4672700124],[-107.1972565955,40.4672611156],[-107.1979380445,40.4671051576],[-107.198967905,40.4665513961],[-107.1983631208,40.4657862162],[-107.1982571371,40.4654068964],[-107.1983476928,40.4643564868],[-107.1987960454,40.4637521104],[-107.2000178116,40.4629423349],[-107.2022475759,40.4624231762],[-107.203951831,40.4620570144],[-107.2048850281,40.4619677016],[-107.2068176806,40.4609536241],[-107.207028171,40.4607112576],[-107.2072339689,40.4603259934],[-107.207004774,40.4599966959],[-107.20665005,40.4596459693],[-107.2067007363,40.4592874919],[-107.2071287154,40.4590171467],[-107.2082091955,40.4586628261],[-107.2081021944,40.4584920793],[-107.2081545678,40.4580906729],[-107.2086249486,40.4577813718],[-107.2091624574,40.4575208439],[-107.2094620285,40.4573315952],[-107.2097130299,40.4569931208],[-107.2102483284,40.4566658897],[-107.2110477343,40.4564003427],[-107.2117592845,40.4561197873],[-107.2120370171,40.4559309509],[-107.2123338408,40.4556583251],[-107.2124151366,40.4554732472],[-107.2122546852,40.4552427524],[-107.2118312186,40.4549839233],[-107.2115348928,40.4546058729],[-107.2111212403,40.4539798044],[-107.2109335018,40.4535829896],[-107.2108085231,40.4531015611],[-107.210932911,40.4528989776],[-107.2113606858,40.4526238466],[-107.2116274716,40.4521015536],[-107.2135316603,40.4508972369],[-107.2144858787,40.4500280807],[-107.2143914538,40.4498130033],[-107.2138801724,40.4495391841],[-107.2131304608,40.4493199784],[-107.2119633527,40.4490253332],[-107.2114760964,40.4488177757],[-107.2108267725,40.4483296886],[-107.2106024727,40.4474831177],[-107.2106073661,40.4469658271],[-107.2109619734,40.446458529],[-107.2113433292,40.4461008727],[-107.2114436857,40.4458320171],[-107.211045397,40.4456728024],[-107.2107523968,40.44539479],[-107.2107004785,40.4438108287],[-107.2104663984,40.4433314836],[-107.2098984159,40.4426583164],[-107.2098673194,40.4423752921],[-107.209973707,40.442289834],[-107.2120408449,40.4420667596],[-107.2127102387,40.4418370537],[-107.213738631,40.441900781],[-107.2141892553,40.4416585693],[-107.2144652704,40.4414197106],[-107.2146747356,40.44114876],[-107.2144717676,40.4409524474],[-107.2140685633,40.4406431884],[-107.2139087003,40.4404293578],[-107.2138983042,40.4401125642],[-107.2149919014,40.4381729841],[-107.2156677313,40.4374760009],[-107.2166578041,40.437039922],[-107.2179877803,40.4369810271],[-107.2183783694,40.4369067967],[-107.2192171905,40.4358563059],[-107.2194708081,40.4356011744],[-107.2199180677,40.4352589143],[-107.2201918537,40.434953346],[-107.220785811,40.434424735],[-107.2210661777,40.434319249],[-107.2218484004,40.4342041056],[-107.2224916167,40.4345087298],[-107.2229329546,40.4346503944],[-107.2231102653,40.4347303968],[-107.2238752188,40.4354163943],[-107.2242281969,40.4355263806],[-107.2248402745,40.4355479729],[-107.2252526516,40.4354732917],[-107.2257506678,40.435346919],[-107.2261216168,40.4353397741],[-107.2269087952,40.435374654],[-107.2276250103,40.4352440607],[-107.2281835202,40.4349663574],[-107.2289099802,40.4344852084],[-107.2301839005,40.4333928698],[-107.231209191,40.4327057343],[-107.2317997231,40.4320770289],[-107.2320270483,40.431688915],[-107.2321580794,40.4311427736],[-107.2323811807,40.4305142189],[-107.232790513,40.4296888143],[-107.232797435,40.4292382231],[-107.2329739378,40.4286341938],[-107.2326729576,40.427455471],[-107.232793389,40.4271361603],[-107.2331684417,40.4265950327],[-107.2337191303,40.4260838766],[-107.2342151554,40.4252401072],[-107.234661706,40.4248811123],[-107.23517566,40.4239202038],[-107.2356959398,40.4224920317],[-107.2360452636,40.4218346051],[-107.2366663057,40.4201542236],[-107.2369808226,40.4197644121],[-107.2375336528,40.4193199271],[-107.2379610976,40.4190447129],[-107.2388557557,40.4183767264],[-107.2389744714,40.418007392],[-107.2390178047,40.4173391916],[-107.2389003759,40.4157732024],[-107.2389022967,40.4151725537],[-107.2390232202,40.4148699097],[-107.2398283408,40.414136909],[-107.2401864472,40.4137462412],[-107.2405053387,40.4134897994],[-107.2410843359,40.4131782697],[-107.241529666,40.4127859],[-107.2416958669,40.4125324237],[-107.2414684216,40.412166874],[-107.2410311133,40.4118492286],[-107.2403915877,40.411090161],[-107.2402489047,40.4107575006],[-107.2402405652,40.4105060971],[-107.2403823771,40.4101511594],[-107.24082947,40.4097399926],[-107.2411214137,40.4092815157],[-107.2415956636,40.4083666836],[-107.2416083547,40.4074272687],[-107.2417564906,40.4066026176],[-107.2417359075,40.405982488],[-107.2415679759,40.4055496996],[-107.2412263137,40.4051706018],[-107.2408280211,40.404406858],[-107.2404011401,40.4034424169],[-107.2400495026,40.4027616117],[-107.2396584515,40.4022157523],[-107.2396517841,40.4020146324],[-107.2401928966,40.4011320583],[-107.2405325419,40.4007900483],[-107.2412629029,40.4003230797],[-107.2413877676,40.4001193991],[-107.2412922949,40.3998864546],[-107.2409787054,40.3996912873],[-107.2406404105,40.3994127411],[-107.2404111887,40.3991152993],[-107.2402657539,40.3986988543],[-107.2401966455,40.3985995656],[-107.2396227798,40.3984932953],[-107.2390167644,40.3979971317],[-107.2391340848,40.3976474383],[-107.2394856443,40.3970033338],[-107.2397714339,40.396360492],[-107.2402117755,40.3957482098],[-107.2407045515,40.3947323937],[-107.2410826822,40.3935678674],[-107.2411786193,40.3924926566],[-107.2410783965,40.391454807],[-107.2412051463,40.3906473354],[-107.2414465095,40.3899885884],[-107.2416332208,40.3896663138],[-107.242211696,40.3892525861],[-107.2428181932,40.3890228043],[-107.2430903441,40.3886317972],[-107.2433175499,40.3882081066],[-107.2432176349,40.387841075],[-107.2421757728,40.3875091029],[-107.2413098314,40.3871904796],[-107.2403084965,40.3867570763],[-107.2393032976,40.3862063448],[-107.2388022201,40.38564583],[-107.237932698,40.3845557824],[-107.2375023895,40.3841448417],[-107.2364600645,40.3837960523],[-107.2356923995,40.3837941394],[-107.2340793722,40.3840936504],[-107.2331210905,40.3842966544],[-107.2328328367,40.3842015947],[-107.2326935769,40.3839694979],[-107.2326858262,40.3837348634],[-107.232783789,40.3833807627],[-107.2328176489,40.3830782267],[-107.2327417125,40.3821069842],[-107.232758965,40.3813016406],[-107.2326172845,40.380331656],[-107.23240011,40.3797320819],[-107.2319413048,40.3791204201],[-107.230953203,40.378418344],[-107.2307044056,40.3781883568],[-107.2306461876,40.377753426],[-107.2290572613,40.3758658744],[-107.229085225,40.3757276642],[-107.2294588616,40.3752861143],[-107.2296055449,40.3750091863],[-107.2299927425,40.3744654554],[-107.2301750009,40.3733774898],[-107.2302893543,40.3730654414],[-107.2304084352,40.3728963126],[-107.2308677241,40.3726490949],[-107.2314009288,40.3722813072],[-107.2315791377,40.372015685],[-107.2315170933,40.3715521282],[-107.2310348777,40.3706319056],[-107.2297514876,40.3693861744],[-107.2296193433,40.3688120769],[-107.2295124443,40.367932281],[-107.2295417361,40.3669306889],[-107.2299801758,40.3660522898],[-107.2301030228,40.3655255761],[-107.230009868,40.3650626092],[-107.2297508004,40.3642929974],[-107.2295951069,40.3642960004],[-107.2291782617,40.3644112904],[-107.2286025839,40.3644343081],[-107.2277149947,40.3639747336],[-107.2273124251,40.3635773154],[-107.2270098319,40.3629038804],[-107.2270023828,40.3626775938],[-107.2265553555,40.3618758509],[-107.2262034357,40.3615966206],[-107.2259912418,40.3613027801],[-107.2259743897,40.360790669],[-107.2257402559,40.359829901],[-107.2252920881,40.358992414],[-107.2250148895,40.3586164093],[-107.224519747,40.358244597],[-107.2244667764,40.3580549411],[-107.2246048304,40.3575160023],[-107.2247406453,40.3573823122],[-107.2250951783,40.3572682378],[-107.2257396203,40.3569698226],[-107.2265171175,40.3564543324],[-107.2269763142,40.35620715],[-107.2275005132,40.3560421296],[-107.2280312588,40.3556028874],[-107.2282719831,40.3548713092],[-107.2283111158,40.3541674437],[-107.2279580773,40.3524343631],[-107.2279845082,40.3522908486],[-107.2283603416,40.3518784268],[-107.2288079888,40.3508091797],[-107.2288036728,40.3506781756],[-107.2277661088,40.3503883313],[-107.227216979,40.3502678236],[-107.2264678287,40.3502226759],[-107.2260175911,40.3502670914],[-107.2256124737,40.3502629717],[-107.2247061091,40.3501731671],[-107.2242947302,40.3499784977],[-107.2235303342,40.3494688471],[-107.2228756868,40.3489809184],[-107.22196966,40.3484263173],[-107.2215061255,40.3480657913],[-107.2215808224,40.3479690217],[-107.2218411432,40.3478329342],[-107.2222519572,40.3475366502],[-107.2226005794,40.3472439396],[-107.2228721611,40.3469765358],[-107.2233320774,40.3467531897],[-107.2238262669,40.3466245167],[-107.2241768331,40.346391343],[-107.2244176525,40.3461364542],[-107.2245036128,40.3459083713],[-107.2245230023,40.3455504926],[-107.2246753362,40.3444988592],[-107.2249849725,40.343968562],[-107.225816661,40.3427370033],[-107.2257845473,40.3417604151],[-107.2256868506,40.3416312093],[-107.2251786176,40.3413311396],[-107.2251140084,40.3412608944],[-107.2250618324,40.3410950594],[-107.2257382288,40.3398784128],[-107.2260890612,40.3391804721],[-107.2260218058,40.3376087072],[-107.2260776852,40.3369402797],[-107.2260692596,40.3364338039],[-107.2261878879,40.3355557741],[-107.2261737921,40.3351270317],[-107.2262628671,40.3349942306],[-107.2264141846,40.3348602291],[-107.2274688198,40.33425598],[-107.2281830141,40.33371787],[-107.2281689063,40.3332891191],[-107.2280224548,40.3326245886],[-107.2277538768,40.3320339097],[-107.2275346153,40.3310490204],[-107.2274418069,40.3301212744],[-107.2274639233,40.3298467558],[-107.2276356716,40.3295231082],[-107.2290040077,40.329328472],[-107.23023334,40.3293047646],[-107.2309795261,40.3292665331],[-107.2323359604,40.3288470929],[-107.2328412471,40.328587081],[-107.2331897281,40.3282943396],[-107.2333245221,40.3276601284],[-107.2335079619,40.3270845663],[-107.2336950848,40.3270928701],[-107.2339009132,40.3271961438],[-107.2344029526,40.3277822961],[-107.23478624,40.3280728172],[-107.2351971079,40.3282555498],[-107.2357456884,40.3283641131],[-107.2363704842,40.3284235267],[-107.237284843,40.328763353],[-107.2378213948,40.3289793894],[-107.2385984525,40.3294052782],[-107.2390404974,40.3295874033],[-107.2396911109,40.3299561352],[-107.2408911106,40.3304572382],[-107.242361001,40.3306432429],[-107.2424738711,40.3307602316],[-107.2424778161,40.3308793249],[-107.2431022556,40.3309267917],[-107.2442010417,40.3311914868],[-107.2449986366,40.3312951711],[-107.2454323941,40.3312271589],[-107.2459256222,40.3310745744],[-107.246479519,40.3308731379],[-107.2468458946,40.3306515174],[-107.2470605854,40.330552001],[-107.2478187507,40.3304061759],[-107.2484620561,40.3300838229],[-107.2489166435,40.3297055573],[-107.2491988531,40.3292948911],[-107.2494937323,40.3292653196],[-107.2502613737,40.3294053038],[-107.2505733852,40.3294230654],[-107.2508418899,40.3295370064],[-107.251257172,40.329850683],[-107.2515116882,40.3300125677],[-107.2522560375,40.3308560967],[-107.252662507,40.3313725319],[-107.2530973233,40.3318049826],[-107.2536064051,40.3321287384],[-107.2554881904,40.3320562989],[-107.2570069025,40.3318359771],[-107.2577638549,40.3316543671],[-107.2582913594,40.3315963937],[-107.2594157791,40.3316935941],[-107.2601627355,40.3316789953],[-107.2607640768,40.3315003986],[-107.2624316251,40.3306097547],[-107.2632719442,40.330593308],[-107.2635895481,40.3307777646],[-107.2638648346,40.3310941378],[-107.2643021015,40.3320627671],[-107.2651211425,40.334668466],[-107.2653884616,40.3352114178],[-107.2658002599,40.3354178496],[-107.2667132415,40.3357097977],[-107.2680169058,40.3360417441],[-107.2684598427,40.3362475554],[-107.2690891231,40.3364378],[-107.2691042896,40.3368903513],[-107.2692391789,40.3371975452],[-107.2695432509,40.33744184],[-107.2702120709,40.337881545],[-107.2709535429,40.3386296763],[-107.2712568151,40.3388501359],[-107.2716411548,40.3396291091],[-107.2720869114,40.3399182749],[-107.2726994835,40.3400730736],[-107.2739122352,40.3400134762],[-107.2755774654,40.3395159442],[-107.2762115588,40.3393842941],[-107.277218765,40.3392333733],[-107.2779494309,40.3391951443],[-107.2791519126,40.3391787234],[-107.2791599102,40.3400865097],[-107.2788070078,40.34126133],[-107.2783406518,40.342304922],[-107.2776664815,40.3436529114],[-107.2769587157,40.3446511947],[-107.2765174653,40.3457943827],[-107.2762801721,40.3471671331],[-107.276491788,40.3482724313],[-107.2771753589,40.3497938739],[-107.2776135384,40.3505026372],[-107.2777555082,40.3508335259],[-107.2783802927,40.3512549814],[-107.2792816321,40.3514707844],[-107.2795034903,40.3515831998],[-107.2803176729,40.3518007222],[-107.2807379128,40.3519759448],[-107.2816325257,40.3519916573],[-107.2830479156,40.3519303472],[-107.2834843317,40.3519384114],[-107.2843712196,40.3523713557],[-107.2847623678,40.3523302606],[-107.2852344836,40.3521040321],[-107.2852735631,40.3519697958],[-107.285532256,40.3518812568],[-107.2862916112,40.3517661526],[-107.2877073616,40.3510707824],[-107.2886592473,40.3502010731],[-107.2901083664,40.349204718],[-107.2906602671,40.3487600066],[-107.2920869697,40.3477473809],[-107.2924636221,40.3479234349],[-107.2930890323,40.3483614973],[-107.2938016101,40.3487978176],[-107.2949522786,40.3492921782],[-107.2954362142,40.3494160364],[-107.2958720465,40.3494073798],[-107.2973643371,40.3490440653],[-107.298868205,40.3483801903],[-107.2993275309,40.348421106],[-107.2995734406,40.3485997343],[-107.2996954354,40.3489810316],[-107.2997146994,40.3495478884],[-107.2995228442,40.3503191654],[-107.2989826201,40.3517480243],[-107.2972839696,40.3543844574],[-107.2967937528,40.3553618529],[-107.2965945056,40.3559163674],[-107.2964812828,40.3564358157],[-107.2964942165,40.3567744782],[-107.2965922234,40.3571343301],[-107.2968296953,40.3577052011],[-107.2969165972,40.358337451],[-107.2968916785,40.3588885108],[-107.2965576874,40.3593289208],[-107.2961560365,40.3597039422],[-107.2960309307,40.3598732663],[-107.2960807458,40.3600557981],[-107.2963932286,40.3602664869],[-107.2968415847,40.3606246134],[-107.2973380641,40.3611152614],[-107.2974532629,40.361296493],[-107.2973745809,40.3615483087],[-107.296960184,40.3621905228],[-107.2967000541,40.3628797264],[-107.2967125114,40.363246522],[-107.2969848182,40.3635580957],[-107.297378575,40.3642343054],[-107.2976984446,40.3646617214],[-107.2980893709,40.3652545629],[-107.2982147914,40.3657358999],[-107.2979294676,40.3663255022],[-107.2979379649,40.3665755841],[-107.2981448931,40.3668884653],[-107.2986419965,40.3673957781],[-107.2994977621,40.3675455854],[-107.2998952101,40.3676878333],[-107.3016107191,40.3681041526],[-107.3034392068,40.3686349753],[-107.3041050664,40.3689720541],[-107.3049680363,40.3695191782],[-107.3052533675,40.3694815528],[-107.3065939767,40.369039204],[-107.3072990768,40.3686080423],[-107.3077884711,40.3682479129],[-107.3084344281,40.368001445],[-107.3099522504,40.3677375554],[-107.3123208627,40.3668393241],[-107.3142265511,40.3658001686],[-107.3163582207,40.3643560457],[-107.3177097454,40.3630609928],[-107.319710422,40.3622534124],[-107.3209849091,40.3618941536],[-107.3217506327,40.3613282153],[-107.3221412301,40.3612703207],[-107.3226883896,40.3613260582],[-107.3239530632,40.3613173224],[-107.324624699,40.3611870384],[-107.3257924352,40.360896606],[-107.3264795488,40.3605824784],[-107.3273473042,40.3598142436],[-107.3278789759,40.3594198138],[-107.328056777,40.3595163402],[-107.3283326533,40.3599278726],[-107.3288333684,40.360535079],[-107.3293466981,40.360875095],[-107.3298789562,40.3611313021],[-107.3317957306,40.3610592864],[-107.3329686209,40.3609188324],[-107.3334452272,40.3608257963],[-107.3338099767,40.360651596],[-107.3339195299,40.3606660669],[-107.3337699056,40.3613864776],[-107.3337263831,40.3620213407],[-107.3342047902,40.3626122907],[-107.3351816221,40.363109758],[-107.3357420455,40.363548889],[-107.3360122273,40.3637936889],[-107.3362129959,40.3639230941],[-107.3367578826,40.3639120801],[-107.3376239358,40.3637277416],[-107.3387021832,40.3633722571],[-107.3390715432,40.363331416],[-107.3405570834,40.3634014444],[-107.3414724885,40.3633829034],[-107.342122875,40.3632696301],[-107.3436896679,40.3625371573],[-107.3454116993,40.361250955],[-107.3466302709,40.3605421986],[-107.3476279843,40.3597544964],[-107.3488451447,40.3583783981],[-107.3495600653,40.3576131064],[-107.3514047261,40.3567247273],[-107.3519205668,40.3558800537],[-107.3524628368,40.3551683063],[-107.3527827635,40.3549615921],[-107.3531084869,40.3549215973],[-107.3535678665,40.3549622828],[-107.3543581929,40.3551130451],[-107.3547728299,40.3551212723],[-107.3553158974,40.3550601599],[-107.3560498697,40.3548450006],[-107.3569300006,40.3544433348],[-107.3584923439,40.3535939767],[-107.3603158736,40.3533565536],[-107.3616564923,40.3530288619],[-107.3628715829,40.3528538786],[-107.3630894879,40.3528494233],[-107.3634663561,40.3530252404],[-107.3640603125,40.3537972296],[-107.3643093447,40.3540590802],[-107.3644665535,40.3541893281],[-107.3649353723,40.3542621681],[-107.3643658475,40.3545509043],[-107.3638756516,40.3549645509],[-107.3630110722,40.3558245747],[-107.3623216421,40.3571021924],[-107.361820726,40.357867028],[-107.361669788,40.3588002044],[-107.3617474695,40.359711154],[-107.3620010691,40.3610607472],[-107.3618605267,40.3622920376],[-107.3616729179,40.363489197],[-107.3616274168,40.364156987],[-107.3613725115,40.3647413002],[-107.3613517683,40.3654612287],[-107.3615033959,40.365861759],[-107.3624920371,40.3665786097],[-107.3641095122,40.3675633679],[-107.365885082,40.3684746787],[-107.3664915953,40.3687605889],[-107.3665894448,40.3689340789],[-107.3665968097,40.3691445166],[-107.3662012984,40.36964398],[-107.3656542775,40.3710590797],[-107.3657594678,40.3714430094],[-107.3659285647,40.3716852308],[-107.3675666861,40.3725993177],[-107.3688461759,40.373099572],[-107.370377905,40.3735946312],[-107.3712807372,40.3738217857],[-107.3716574342,40.374094845],[-107.3721547759,40.3751902222],[-107.3723734408,40.3755367096],[-107.3727712467,40.3757566722],[-107.3737850576,40.3758762533],[-107.3744487756,40.3758275171],[-107.3772320838,40.3747173819],[-107.3788984908,40.3744725099],[-107.3801093895,40.3743247468],[-107.3813710876,40.3743162962],[-107.3820638967,40.3744424098],[-107.3828564548,40.3747945983],[-107.3837444388,40.3752501062],[-107.3853302512,40.3753226934],[-107.3864035791,40.3751776853],[-107.3871063223,40.3749350402],[-107.3884770989,40.3741170291],[-107.3903020722,40.3731667622],[-107.3915884932,40.3725610386],[-107.3918630218,40.3725378122],[-107.3928129966,40.3727989262],[-107.3935008334,40.3727846836],[-107.3944619443,40.3727121353],[-107.395384034,40.372833417],[-107.3961059944,40.3731343339],[-107.3966841602,40.3732627363],[-107.3972802813,40.3732503728],[-107.3982618441,40.3731071698],[-107.3992917415,40.3730331431],[-107.4003768284,40.3732211919],[-107.4008608073,40.3732813467],[-107.4015314415,40.3740746521],[-107.4018240285,40.3745599379],[-107.40253743,40.3752646103],[-107.403336953,40.3758095514],[-107.403640016,40.3759436377],[-107.403645005,40.3760839216],[-107.4026815003,40.3767357179],[-107.4024219267,40.3771798258],[-107.4029402202,40.3782044323],[-107.4032242439,40.3790935093],[-107.4036495934,40.380084948],[-107.403809626,40.3807133723],[-107.4037099368,40.3811366109],[-107.4033233803,40.3818816958],[-107.4030912279,40.3830973873],[-107.4029433137,40.3841007451],[-107.4029565358,40.3851182937],[-107.4026573094,40.3857387176],[-107.4021485702,40.3862757431],[-107.4015034752,40.3868507209],[-107.4010318571,40.387787091],[-107.4010438184,40.3887695717],[-107.4009937056,40.3892970712],[-107.4007520339,40.3896004248],[-107.4007557733,40.3897056397],[-107.4008072445,40.3898625062],[-107.4014860269,40.3902344818],[-107.4028617051,40.3914869404],[-107.4031481449,40.391796864],[-107.4040063715,40.3933408506],[-107.4051848203,40.3961416683],[-107.4059066128,40.397074275],[-107.4065062535,40.3977988349],[-107.4072341553,40.3982574902],[-107.4074653899,40.3983053146],[-107.4077685652,40.3984393973],[-107.407821934,40.3986488611],[-107.4081674264,40.3993260647],[-107.4084347411,40.3997416589],[-107.4087869228,40.3999624517],[-107.4093647267,40.4000732463],[-107.4099827746,40.4000252653],[-107.4106671234,40.3999056969],[-107.4108996179,40.3999885953],[-107.4110218182,40.4001966323],[-107.4113717316,40.4009965634],[-107.4118313364,40.4016538162],[-107.4119107892,40.401950491],[-107.4114355911,40.4027851959],[-107.4111090534,40.4032833633],[-107.4106901293,40.4037659267],[-107.410025765,40.4044466393],[-107.409781398,40.4049411949],[-107.410890482,40.4055201218],[-107.4113592775,40.4057911252],[-107.4119365115,40.405884371],[-107.4125087234,40.4058373229],[-107.4130548763,40.4057030811],[-107.4140748361,40.4059801104],[-107.4146756389,40.4060903957],[-107.4153135377,40.4059542261],[-107.4158169355,40.4059085981],[-107.4163489064,40.406020318],[-107.4166310905,40.406207456],[-107.4175998356,40.4069768765],[-107.4185151923,40.4075368289],[-107.4192885288,40.4079769097],[-107.4197865943,40.4084227469],[-107.4202350097,40.4087643289],[-107.4220387823,40.4091301531],[-107.4236144252,40.4095358356],[-107.4243013609,40.4094863236],[-107.4245015203,40.4093066429],[-107.4248069349,40.4088615149],[-107.425703737,40.4082635968],[-107.4264999391,40.4074220931],[-107.4267924778,40.407258007],[-107.4271365624,40.4072507787],[-107.4278100015,40.4074647662],[-107.4282458368,40.4074556096],[-107.4289308654,40.4073534755],[-107.4295636947,40.4070769384],[-107.429788665,40.4069493654],[-107.4302505995,40.4070273981],[-107.4307081167,40.4069826798],[-107.4315511716,40.4068070007],[-107.4324045361,40.4062801316],[-107.433151418,40.4059836359],[-107.4340097945,40.4055970468],[-107.434582627,40.4055674227],[-107.4347794091,40.405931798],[-107.4349812515,40.406436452],[-107.4356629143,40.4068783531],[-107.4366135315,40.4071390883],[-107.4373252773,40.4071416249],[-107.4376451544,40.4070997831],[-107.4377388125,40.4071504484],[-107.4372237153,40.4081440429],[-107.4369380055,40.4091327888],[-107.4371142534,40.4101995374],[-107.4375015455,40.4107529178],[-107.4379774446,40.4112166919],[-107.4390317508,40.412035903],[-107.4403872037,40.4124644216],[-107.4415787219,40.4130359059],[-107.4423796421,40.4135980833],[-107.4428606731,40.4142021162],[-107.4432633697,40.4145445736],[-107.443402288,40.4145767227],[-107.4435361307,40.4144686071],[-107.4439542314,40.4139683984],[-107.4445800729,40.4134989034],[-107.445172729,40.4133810714],[-107.4457487964,40.41343908],[-107.4462846916,40.4136558668],[-107.4467358258,40.4140674784],[-107.4470512224,40.4145346107],[-107.4477578919,40.4150285489],[-107.4483536908,40.4156301253],[-107.448986473,40.4159852262],[-107.4495899465,40.4161654814],[-107.4497537333,40.4162497553],[-107.4492139045,40.4171912648],[-107.4492756893,40.4176286732],[-107.4497109284,40.4182336453],[-107.4509778058,40.419610667],[-107.4522026941,40.4204621024],[-107.4530917351,40.4209170346],[-107.4542484731,40.4211557084],[-107.4547041537,40.421058281],[-107.4553695063,40.4210441444],[-107.4558334922,40.4211746796],[-107.4564300088,40.4211620008],[-107.4569054336,40.4209764026],[-107.4574643244,40.4205609054],[-107.4577855152,40.4202381961],[-107.4581793971,40.4206509856],[-107.458426069,40.4211195467],[-107.4586172901,40.4213260563],[-107.4586466078,40.4215009217],[-107.4585975842,40.4220459627],[-107.4586365505,40.4231155972],[-107.458781242,40.4233055547],[-107.4591974346,40.4233844354],[-107.4598653656,40.4234404138],[-107.4603013042,40.4234311341],[-107.4605116339,40.4235319467],[-107.4605409692,40.4237068031],[-107.4589859958,40.4251437882],[-107.4587890669,40.425411206],[-107.458737489,40.425886114],[-107.4587477113,40.4261666697],[-107.459067722,40.4267565094],[-107.4590779487,40.427037074],[-107.4590270088,40.4275295157],[-107.4588797974,40.4279011667],[-107.4584955325,40.4286990206],[-107.4581035841,40.4292864631],[-107.457979322,40.4296576337],[-107.4579710683,40.4300614227],[-107.4583172327,40.4307384427],[-107.45838933,40.4314563993],[-107.4571637361,40.4337462266],[-107.4566303214,40.4354948659],[-107.4564698862,40.4361833116],[-107.4572769969,40.4362251768],[-107.4581260949,40.436207115],[-107.4596553865,40.4365781806],[-107.4602087165,40.4366366072],[-107.4611585626,40.4368620471],[-107.4615149464,40.4371878683],[-107.4618554256,40.4377070749],[-107.46240373,40.4382569347],[-107.4635780883,40.4389689348],[-107.4640492456,40.4392923112],[-107.4645796398,40.439351195],[-107.4650832404,40.439305347],[-107.4665640529,40.4389754241],[-107.4675125231,40.4385340119],[-107.468873411,40.4380662246],[-107.4700290423,40.4376379148],[-107.4705669605,40.4372754444],[-107.4710997447,40.4367726916],[-107.4713686922,40.4365914514],[-107.4722246689,40.4361344321],[-107.472559248,40.4358640372],[-107.4728243562,40.4355775929],[-107.4728593075,40.4352785253],[-107.4729689083,40.4351357834],[-107.4732824616,40.4349184978],[-107.4738471564,40.4346607311],[-107.4745049162,40.4344360591],[-107.4750899767,40.4341076534],[-107.4762868691,40.4335555559],[-107.476794707,40.4330006649],[-107.4772976059,40.432937241],[-107.4777788489,40.4329093744],[-107.4780694316,40.4326925586],[-107.4784880205,40.4322097721],[-107.4788313384,40.4315531166],[-107.479276092,40.4311575097],[-107.4813103169,40.4302715153],[-107.481555611,40.4300732124],[-107.4816567977,40.4297025202],[-107.4816419692,40.4292992274],[-107.4818604639,40.4289962058],[-107.4842339376,40.4273482934],[-107.4858591845,40.4259621091],[-107.4865026034,40.4253516147],[-107.4864997035,40.4246497372],[-107.4864312058,40.4240370161],[-107.4862893516,40.4233030361],[-107.4863872761,40.4228446661],[-107.486786679,40.4224675527],[-107.487878568,40.4215666272],[-107.4887213212,40.4207587936],[-107.4895879436,40.4193538013],[-107.4897026339,40.4193513292],[-107.4898461099,40.41950618],[-107.4901185326,40.4200443071],[-107.4909454579,40.4206757737],[-107.4926684656,40.4213230071],[-107.4940815807,40.421661032],[-107.4956704711,40.4217846567],[-107.4958598491,40.4219384976],[-107.4959147994,40.4221829912],[-107.4963504887,40.4227877727],[-107.4970562959,40.42324633],[-107.4980564859,40.4235932278],[-107.4989151392,40.4238378872],[-107.5001192386,40.4241101656],[-107.5010638247,40.4241950236],[-107.5014302667,40.4241695331],[-107.5021298219,40.423838511],[-107.5027120495,40.4234398387],[-107.5038024389,40.4225036943],[-107.5049211114,40.4210931257],[-107.5053472589,40.4208206617],[-107.5084958364,40.4196643469],[-107.5093800651,40.419419999],[-107.5103766492,40.4183775644],[-107.5106782638,40.4178445537],[-107.5109628026,40.4174698517],[-107.5110926206,40.4172564399],[-107.5116268012,40.4174203378],[-107.5120927771,40.4176032254],[-107.5137353291,40.4179360194],[-107.5144923932,40.4179195469],[-107.5147866978,40.4178078503],[-107.5153805586,40.4177247364],[-107.515655854,40.417718743],[-107.5162647476,40.4180389048],[-107.5178850191,40.4183896826],[-107.5188229942,40.418299031],[-107.5196862482,40.4180520811],[-107.5203922178,40.4172821033],[-107.5210935774,40.4170035783],[-107.5219761367,40.4169052945],[-107.5224129809,40.4172906584],[-107.5229635561,40.4178928318],[-107.5251148156,40.4195480314],[-107.5260829828,40.4202638993],[-107.5270793619,40.4211195291],[-107.5275002033,40.4213208979],[-107.5279249881,40.4216274783],[-107.5280856574,40.4228523573],[-107.5282836729,40.4232340851],[-107.5292263455,40.4238802879],[-107.5302758779,40.4243135691],[-107.5312290405,40.4246261126],[-107.5321107444,40.424870017],[-107.5336748357,40.4249410194],[-107.5339462086,40.4248297778],[-107.5342369098,40.4246215912],[-107.5347597578,40.4250927027],[-107.535311824,40.4257298836],[-107.5366095237,40.4268626857],[-107.5374228896,40.4269119252],[-107.5379951716,40.4268642616],[-107.53866864,40.4265808919],[-107.5396842835,40.4259848151],[-107.5402793355,40.4253224496],[-107.5409063955,40.4242908598],[-107.5411069361,40.424128519],[-107.5413822545,40.4241224618],[-107.542787052,40.4242319402],[-107.5432196651,40.4241346744],[-107.5446950632,40.4236810248],[-107.5466580036,40.422760363],[-107.5480060762,40.4219760573],[-107.5492616861,40.4211762463],[-107.5497538149,40.4208319587],[-107.5500710219,40.4207196752],[-107.5509145525,40.42056067],[-107.5522947529,40.4200212907],[-107.5532659676,40.4195962174],[-107.5540732778,40.4190870196],[-107.5549603733,40.4182601832],[-107.5556745617,40.4177179422],[-107.5568082954,40.4173418928],[-107.5583024219,40.4167823734],[-107.5588726028,40.4166820043],[-107.5602064438,40.4167402003],[-107.5604614582,40.4168047384],[-107.560964129,40.4167409562],[-107.5615532519,40.4165348622],[-107.5624306056,40.4160591603],[-107.5626114494,40.4159849526],[-107.5627274812,40.4160174723],[-107.5630988725,40.4167287164],[-107.5637003438,40.4174524004],[-107.5641967411,40.4178274543],[-107.5650737978,40.4179483719],[-107.565948868,40.4180166769],[-107.5663644654,40.4180776446],[-107.5670736096,40.4180092496],[-107.5691168788,40.4174022869],[-107.5710663537,40.4167447353],[-107.5715590034,40.4164178983],[-107.5719788255,40.4159873994],[-107.5724964089,40.4157126534],[-107.5732453906,40.4154853956],[-107.5746622788,40.4153134463],[-107.5755745004,40.415152731],[-107.5762789174,40.41496154],[-107.5768254449,40.4148440612],[-107.5775681917,40.415055624],[-107.5779323629,40.4155739437],[-107.5782094781,40.4162170516],[-107.5783739193,40.4169153167],[-107.5784296643,40.417773937],[-107.5785982823,40.4179807556],[-107.5799912938,40.4189850007],[-107.5810673299,40.4195049708],[-107.5818809799,40.4197675602],[-107.5827324755,40.4198187174],[-107.5840839498,40.4197358596],[-107.5851115804,40.4195900318],[-107.5871432936,40.4186846943],[-107.5876588268,40.4183572777],[-107.5878896474,40.4177905699],[-107.5884739831,40.4174616077],[-107.5912470941,40.4161359804],[-107.5919332578,40.4160679492],[-107.5928049423,40.4160483917],[-107.5934452172,40.4159813723],[-107.594418805,40.4156260966],[-107.5949558549,40.4152630707],[-107.5957263369,40.4150000891],[-107.5965521285,40.4149815326],[-107.5971640586,40.414774747],[-107.5973637663,40.4145947796],[-107.597661283,40.4145705451],[-107.5978454775,40.4145839499],[-107.5988878349,40.4154203734],[-107.599602342,40.416088683],[-107.6004693336,40.416542976],[-107.6014638236,40.4167311611],[-107.6028955231,40.4169445919],[-107.6056131089,40.4165674748],[-107.6063592703,40.4162698789],[-107.6071904013,40.4157948711],[-107.6078441211,40.4154817939],[-107.6086199712,40.4153589896],[-107.609800574,40.4150164676],[-107.6105433204,40.4146311848],[-107.6111045514,40.4143026238],[-107.611814838,40.4136723838],[-107.6132603398,40.4124639685],[-107.6140677606,40.4119719002],[-107.6143639115,40.4119125599],[-107.6145022162,40.4119269756],[-107.6145650517,40.412364264],[-107.6146717458,40.4127478984],[-107.6154558625,40.4134320914],[-107.6157217711,40.4137770359],[-107.6163918955,40.4144813407],[-107.6172428203,40.4151113486],[-107.6185443716,40.4155205668],[-107.6196765226,40.4157054746],[-107.6202479495,40.4156398757],[-107.6207201295,40.4153834933],[-107.6212118358,40.4150389218],[-107.6216070271,40.4145737001],[-107.6221709386,40.4143152304],[-107.6230196548,40.4142959644],[-107.6236646435,40.4143515176],[-107.6238063611,40.4144535906],[-107.6238476994,40.4149264596],[-107.6236594316,40.4165802493],[-107.6235815453,40.4175296234],[-107.6234707284,40.4205855184],[-107.6233764701,40.4211141057],[-107.6230051181,40.4221929779],[-107.6227700305,40.4232336511],[-107.6226267052,40.4242722489],[-107.6225750707,40.4253070096],[-107.6225571276,40.4260268844],[-107.6232833466,40.428168821],[-107.6237680995,40.4288246462],[-107.6246004399,40.4295603076],[-107.6252147043,40.4300026069],[-107.6265658887,40.4304983371],[-107.6276715498,40.4311751211],[-107.6292518244,40.4322446987],[-107.6306150094,40.4336350678],[-107.6320100985,40.4352528169],[-107.6329675814,40.4362487847],[-107.6341545676,40.4372395141],[-107.6351415845,40.4378136406],[-107.6382588172,40.4388304773],[-107.6401003761,40.4395254337],[-107.6420231935,40.4405343536],[-107.6433650857,40.440784434],[-107.6452866396,40.4405378138],[-107.6459795901,40.4402707538],[-107.6462222955,40.4402350634],[-107.6466720135,40.440299307],[-107.6473287441,40.4403135854],[-107.6478355694,40.4401922316],[-107.6481211044,40.4402207856],[-107.6483638105,40.4403207231],[-107.6488492206,40.4405848431],[-107.6497343798,40.4408489643],[-107.650975557,40.440996098],[-107.6522624376,40.4406132572],[-107.6524508911,40.4405861332],[-107.6526579054,40.4405861332],[-107.65286281,40.4406132707],[-107.6532628102,40.4406196711],[-107.6532560998,40.4410303766],[-107.6532862025,40.4413634021],[-107.6533528265,40.4416061066],[-107.6535726806,40.4420287197],[-107.6538229681,40.4429447189],[-107.6540918358,40.443191215],[-107.6546571965,40.4436038138],[-107.654984135,40.4437451531],[-107.6557142492,40.4437729916],[-107.6563100197,40.4436702894],[-107.6567101005,40.4435559683],[-107.6572533428,40.4435335006],[-107.6575745714,40.4434692546],[-107.6578458301,40.4431765809],[-107.658495422,40.4425698191],[-107.6593163359,40.4416917981],[-107.6596803937,40.44124208],[-107.6598322529,40.4406874669],[-107.6598904604,40.4406182836],[-107.6599496495,40.4405998443],[-107.6600501817,40.4404311995],[-107.6601392035,40.4404233469],[-107.6601963106,40.4404649881],[-107.6602945015,40.4410560062],[-107.6602558368,40.4412701577],[-107.6600444508,40.4416775208],[-107.6598445765,40.4425127117],[-107.6595233499,40.4429624306],[-107.6590308015,40.4434692548],[-107.6585811899,40.4449424463],[-107.6585956544,40.445471074],[-107.6588087043,40.4458638857],[-107.6590135204,40.4463384688],[-107.6596083865,40.4471236914],[-107.6601413836,40.4474948866],[-107.6606172767,40.4477423508],[-107.6608219106,40.4479327068],[-107.6618688727,40.4486703414],[-107.6620544716,40.4487750378],[-107.6622638639,40.4488226263],[-107.662673131,40.4488702158],[-107.6632480336,40.4490545272],[-107.6642735188,40.4494880302],[-107.6653761572,40.4502189751],[-107.6663903206,40.4506832476],[-107.6666715546,40.450753509],[-107.6667286375,40.4508328348],[-107.6665795805,40.4509683542],[-107.6659423876,40.4511053126],[-107.6652952036,40.4514439319],[-107.6649004971,40.4520228831],[-107.6646885435,40.4526071114],[-107.6643653275,40.454617383],[-107.6640544666,40.4555560662],[-107.6644429332,40.4563362926],[-107.665047925,40.4568509073],[-107.6656943186,40.4573511699],[-107.6669059084,40.4583493414],[-107.6671764194,40.458636795],[-107.6673024711,40.4589666847],[-107.6677273913,40.4598333944],[-107.6680610957,40.4608994381],[-107.6680145533,40.4614294088],[-107.6671434135,40.461874574],[-107.6661101264,40.4629159885],[-107.6652547075,40.4641410626],[-107.6644028082,40.4652948186],[-107.6645004707,40.4661546317],[-107.6647541043,40.4666975828],[-107.6654587107,40.4675749226],[-107.6657519859,40.4682618434],[-107.6657060844,40.4691889287],[-107.6646814791,40.4700520273],[-107.6639581789,40.4704953346],[-107.6634216275,40.4709440414],[-107.6631758165,40.4711868746],[-107.663128106,40.472149619],[-107.6634302038,40.4726582704],[-107.6633032454,40.4733330514],[-107.6631296009,40.4740064847],[-107.6633277158,40.474726373],[-107.6635848992,40.4751980018],[-107.664442027,40.4758298086],[-107.6656691882,40.4765437029],[-107.6685042026,40.4778396141],[-107.6714420345,40.4788565362],[-107.675178021,40.4806156107],[-107.675769091,40.4810329803],[-107.6762766207,40.4818149349],[-107.6767162589,40.4826449554],[-107.6770229256,40.4830708106],[-107.6775897445,40.4835375099],[-107.678807746,40.4840896721],[-107.6793165313,40.4844045544],[-107.67987598,40.4850211787],[-107.6808599037,40.4863339091],[-107.6816503355,40.4871406436],[-107.6833373933,40.4883734847],[-107.6839389065,40.4890246481],[-107.685563062,40.4902056021],[-107.6865412619,40.4907507911],[-107.6877594411,40.4915578707],[-107.689200505,40.4922116206],[-107.6895825872,40.492439431],[-107.6902973861,40.4930104008],[-107.6911439315,40.4935684609],[-107.6919970308,40.4939932587],[-107.6927508875,40.494215031],[-107.6935145636,40.4942369082],[-107.6941795065,40.4944894858],[-107.6946625278,40.4948869873],[-107.6952944778,40.4949217587],[-107.6958950606,40.4947054078],[-107.6966475528,40.4945100846],[-107.6973021481,40.4945288216],[-107.6977513591,40.4947251572],[-107.698850026,40.4954905483],[-107.6994890912,40.4958257674],[-107.7003225886,40.496379308],[-107.7007331817,40.4967454251],[-107.7015820797,40.4977038319],[-107.70252727,40.4984814783],[-107.7032236846,40.4989851243],[-107.7035952464,40.4994294471],[-107.7037396172,40.500050768],[-107.7038395262,40.5006875072],[-107.7041690878,40.5010972672],[-107.7048188553,40.5012158997],[-107.7055138845,40.5013024566],[-107.7061620212,40.5014544031],[-107.7061781356,40.5015716364],[-107.7056211659,40.5017892728],[-107.704984038,40.5023048844],[-107.7040089513,40.5030276968],[-107.7039679127,40.5043109744],[-107.7038092199,40.5048736011],[-107.7034227165,40.5051795069],[-107.7029780935,40.5053336202],[-107.7023233826,40.5053149209],[-107.7007384841,40.5051028253],[-107.6999340572,40.5050181051],[-107.6995791631,40.5051247262],[-107.6994253325,40.5055874041],[-107.6991899336,40.5059309744],[-107.6988178658,40.5063874119],[-107.6982703945,40.506855504],[-107.6976705202,40.5070551983],[-107.6970447347,40.5073375514],[-107.6962086243,40.507897468],[-107.6954824388,40.5084438337],[-107.6950303969,40.5087478366],[-107.6941871648,40.5090072728],[-107.6937367556,40.5092779601],[-107.6934803116,40.5096042282],[-107.6931384325,40.5107787909],[-107.6929648881,40.5116412286],[-107.6928475736,40.511804694],[-107.6926470438,40.5118823383],[-107.6908759311,40.5118983112],[-107.6892938782,40.5120698019],[-107.6867964656,40.5126320187],[-107.6851337762,40.5135517924],[-107.6842690857,40.514244238],[-107.6833623738,40.5149021077],[-107.6828674085,40.515188148],[-107.6819280785,40.5151778303],[-107.6817073469,40.5152215354],[-107.681149369,40.515455705],[-107.6806753907,40.5157590205],[-107.6800292729,40.5160073278],[-107.6792909125,40.5163530723],[-107.6791274365,40.5165652255],[-107.6790615755,40.517013719],[-107.6788606233,40.5175417324],[-107.6781967986,40.5185902113],[-107.6778949478,40.5189485119],[-107.6779390257,40.519383485],[-107.6783566421,40.5197791711],[-107.6787693223,40.5202747887],[-107.6791519842,40.5218204597],[-107.6791252285,40.521919775],[-107.6783616665,40.5223315097],[-107.6778036173,40.5225656652],[-107.6773724147,40.522886872],[-107.6770577595,40.5230613013],[-107.676229515,40.5234544792],[-107.6754111558,40.5236477633],[-107.6746397429,40.5237756789],[-107.6740211283,40.5239079767],[-107.6738207251,40.5239751741],[-107.6735211055,40.5242939141],[-107.6734609639,40.5246257977],[-107.673463003,40.5250262033],[-107.6732591225,40.5251704569],[-107.6727932917,40.5253071573],[-107.6725231031,40.5254661773],[-107.6721692727,40.5259897719],[-107.6718603102,40.5269316694],[-107.6718486999,40.5280489758],[-107.6717675319,40.5283635742],[-107.6710544986,40.5290769671],[-107.6707459483,40.5295684981],[-107.6706734059,40.5301502451],[-107.6707013875,40.5304679937],[-107.670999959,40.5310604233],[-107.6709875875,40.5313102974],[-107.670916307,40.5314250157],[-107.6706703957,40.5315346766],[-107.6702592812,40.5318898009],[-107.6699634557,40.5325651827],[-107.6699461261,40.5329149899],[-107.6698522016,40.5330457248],[-107.6693578716,40.5333150377],[-107.6690039669,40.5338386153],[-107.6683130367,40.5349863406],[-107.6682688878,40.5354354536],[-107.6679545159,40.5360435688],[-107.6674547256,40.536863191],[-107.6673446935,40.5372038269],[-107.6675163709,40.53782412],[-107.6677206571,40.5381136009],[-107.6680584135,40.5383568877],[-107.6683862692,40.5388000529],[-107.6685748656,40.5394060114],[-107.6687968662,40.5397794074],[-107.668895649,40.5404328197],[-107.6688465559,40.5409818654],[-107.6685074816,40.5412056124],[-107.6682087649,40.5414972497],[-107.6681469204,40.5418624447],[-107.6677526058,40.5423181246],[-107.6672709416,40.542771284],[-107.6668683355,40.5433935286],[-107.6667813454,40.5438247263],[-107.6668002118,40.5443256961],[-107.6667663213,40.545008639],[-107.6663535413,40.5462761481],[-107.6662867256,40.5467412851],[-107.6664835832,40.5471806696],[-107.6663887925,40.5473280584],[-107.6663352043,40.5475266837],[-107.6663371958,40.5479270806],[-107.6665022925,40.5485657309],[-107.6665001533,40.5490494184],[-107.6664333262,40.5495145538],[-107.666029102,40.5501688657],[-107.6660116691,40.550519909],[-107.6658892391,40.5507832666],[-107.6657029672,40.5510114199],[-107.6651211378,40.5512781867],[-107.6648499884,40.5514538373],[-107.6646302835,40.5519145574],[-107.6643574758,40.5521235203],[-107.6636227652,40.5523858622],[-107.6618050666,40.5533174649],[-107.6614659076,40.5535411916],[-107.6611654496,40.5538661155],[-107.6607276287,40.5547542234],[-107.6607221255,40.5553045323],[-107.6602754112,40.5554917763],[-107.6598134972,40.5555451322],[-107.6589828052,40.5555377672],[-107.6583243323,40.5555854213],[-107.6579707708,40.5556585854],[-107.6572351657,40.5559375353],[-107.6563096553,40.5560775329],[-107.6556788306,40.556009213],[-107.6551312042,40.5560267004],[-107.6548138483,40.5562510414],[-107.6548005634,40.5565175621],[-107.6547225923,40.5567655],[-107.6544187705,40.5571570298],[-107.6532383045,40.5580235746],[-107.6523069414,40.5582801337],[-107.6513468443,40.5582355947],[-107.6507825894,40.5585862039],[-107.6504978409,40.5585946231],[-107.6497268158,40.5587056854],[-107.648565171,40.5587553611],[-107.6480705792,40.5590245721],[-107.647927058,40.559270615],[-107.6478178542,40.559267453],[-107.6474827854,40.5594078347],[-107.6469998245,40.5594438423],[-107.6460313933,40.5595658373],[-107.6458082066,40.5600931283],[-107.6457545355,40.560291739],[-107.645293406,40.5603283823],[-107.6441487739,40.5609122994],[-107.6437556529,40.5609008547],[-107.6431693099,40.5608170811],[-107.6424696017,40.5608134074],[-107.641382774,40.5611153919],[-107.6407352494,40.5613801251],[-107.6397661156,40.5619524194],[-107.6394218361,40.5622759997],[-107.6384920257,40.5624991371],[-107.6382904578,40.5625933496],[-107.6380360368,40.5628695117],[-107.6377782689,40.5632122994],[-107.6376851977,40.5637600601],[-107.6377768869,40.5641130283],[-107.6381728308,40.5649419253],[-107.6380856104,40.5653730873],[-107.6378002928,40.5662655398],[-107.6374644689,40.5668562616],[-107.6371815081,40.5672650354],[-107.636881705,40.5675732352],[-107.6367633002,40.5677532698],[-107.6367507904,40.5680031253],[-107.6368441354,40.5683227746],[-107.6368291102,40.568622586],[-107.6366721712,40.5691351271],[-107.6364253604,40.5696950809],[-107.6364019906,40.5701614607],[-107.6363155855,40.5705759641],[-107.6357856407,40.571110983],[-107.6357562791,40.5712602578],[-107.635904167,40.5713646461],[-107.6366930252,40.571337615],[-107.6379514431,40.5711073792],[-107.6384765105,40.5711060014],[-107.6389628862,40.571003403],[-107.6394829637,40.5711019532],[-107.6408550705,40.5716590109],[-107.6416591082,40.5717658173],[-107.6423085729,40.5719014768],[-107.6431579628,40.571976232],[-107.6433957438,40.5720331927],[-107.6432808677,40.5725803196],[-107.6433582492,40.5727827468],[-107.6437079204,40.5732266154],[-107.6440634471,40.5735538902],[-107.6443862935,40.5740970653],[-107.6443966586,40.5747646014],[-107.6444320105,40.5749324356],[-107.6442649239,40.5752111521],[-107.6430261613,40.5763594561],[-107.6423459668,40.5772737968],[-107.6419277426,40.5777620498],[-107.641697616,40.5779888806],[-107.6415632064,40.5780516917],[-107.6413942795,40.5779300127],[-107.6412505444,40.5777423353],[-107.6410000754,40.5775015167],[-107.6405328212,40.5772210219],[-107.6401681252,40.5770769579],[-107.6396723651,40.5769290711],[-107.6396000039,40.5766267083],[-107.6396191953,40.5762436147],[-107.6395670084,40.575975198],[-107.6393729035,40.5759195026],[-107.6390242368,40.57589267],[-107.6384100794,40.5759248214],[-107.6380707266,40.5761484666],[-107.6376515018,40.5762196487],[-107.6368373947,40.5763126934],[-107.6353714226,40.5767537001],[-107.6345799964,40.5768307012],[-107.633785216,40.5769743284],[-107.6329752926,40.5769840561],[-107.6322796015,40.5768970324],[-107.6318628721,40.5769182319],[-107.6315890227,40.5771437714],[-107.6315387414,40.5777094489],[-107.6316068923,40.5780950974],[-107.6315985289,40.5782616542],[-107.631508632,40.5783090748],[-107.6311364286,40.5783148926],[-107.6292148068,40.5778083933],[-107.6289308177,40.5778000978],[-107.6285720863,40.5779731017],[-107.6277765305,40.5785670424],[-107.6271682787,40.5789162403],[-107.6260987552,40.5793019887],[-107.6255812386,40.5795871097],[-107.6251905883,40.5799593358],[-107.6249184402,40.5805852543],[-107.6246798638,40.5809786198],[-107.624377418,40.5813367316],[-107.6242413105,40.5814328437],[-107.6234657966,40.5816270101],[-107.622832263,40.5816084651],[-107.6221307091,40.5820716666],[-107.6218761414,40.5823477887],[-107.6216862703,40.5826424816],[-107.6215274721,40.5827546004],[-107.6212863158,40.582764221],[-107.6211359092,40.5827097717],[-107.6209619797,40.5826879947],[-107.6195470147,40.5829801667],[-107.6188470789,40.5829763414],[-107.6180799404,40.5830039019],[-107.6171842305,40.5829776354],[-107.6166456333,40.5828117213],[-107.615667587,40.5826829591],[-107.6151928261,40.582524601],[-107.6146202441,40.5818825856],[-107.6143220019,40.5814484469],[-107.6142933985,40.5811154376],[-107.6143584924,40.5807803207],[-107.6149364004,40.5799688579],[-107.6150691915,40.5789648892],[-107.6152146664,40.5786875243],[-107.6156246636,40.5783803314],[-107.6153265999,40.5783513348],[-107.6141131474,40.5780928332],[-107.6137626775,40.5779220253],[-107.6134154418,40.5778345601],[-107.6131656193,40.5778402163],[-107.6127927922,40.5780988901],[-107.6115141875,40.5779729119],[-107.6106810591,40.5778487728],[-107.6102185233,40.5776089871],[-107.6098478191,40.5773194652],[-107.6093452507,40.5768541779],[-107.6089272475,40.576553806],[-107.6086117293,40.5764775272],[-107.6082035364,40.5763431256],[-107.6081643511,40.5762254836],[-107.6082042564,40.5760458373],[-107.6083938218,40.5756959807],[-107.6083606254,40.5752439199],[-107.6081855218,40.574759311],[-107.6081393761,40.5739739047],[-107.6079767537,40.5738107327],[-107.6076473719,40.5733772836],[-107.6071916946,40.5729109298],[-107.6071090121,40.5727936383],[-107.6071034632,40.5726507694],[-107.6072195792,40.5724217356],[-107.6073030898,40.5721576975],[-107.6071950728,40.571790742],[-107.6070048351,40.5713183896],[-107.606855998,40.5711072551],[-107.6068509112,40.5709762943],[-107.6066983783,40.5706699162],[-107.6057683333,40.5700593651],[-107.6051392469,40.5695528314],[-107.6050877037,40.5690296791],[-107.6049687071,40.5687821207],[-107.604836883,40.5686063591],[-107.604816187,40.5684757413],[-107.6050655276,40.5684582056],[-107.6059668803,40.5683306111],[-107.6062859526,40.5680970057],[-107.6064860381,40.5676158424],[-107.6064532207,40.5667705384],[-107.6065073537,40.5665548223],[-107.6066840648,40.5662767624],[-107.6072459819,40.565858926],[-107.6090150805,40.5655448888],[-107.6092221937,40.5656474509],[-107.6093843122,40.5657986962],[-107.6097171633,40.565919864],[-107.6102626452,40.5658837064],[-107.6114944514,40.5654149526],[-107.6117703585,40.5652776256],[-107.6118267866,40.5651214369],[-107.6117592427,40.5649918884],[-107.6113628072,40.564440801],[-107.6109774877,40.564175445],[-107.6108640476,40.5640707677],[-107.6094835377,40.5631248496],[-107.6090041001,40.5628496981],[-107.6085866503,40.5625612281],[-107.6080318355,40.561954129],[-107.607730955,40.5614485266],[-107.6073326202,40.5604446512],[-107.6072549322,40.5600531584],[-107.6074043399,40.5590726797],[-107.6076865013,40.5582917463],[-107.6076569179,40.5575297868],[-107.607492501,40.5573190052],[-107.607232113,40.5570508153],[-107.6069409799,40.5567952367],[-107.6069362443,40.5562710265],[-107.6065811871,40.5555759933],[-107.606148647,40.5552997703],[-107.6052793399,40.5542350134],[-107.6052085872,40.5540221247],[-107.6046039041,40.553737863],[-107.6045919013,40.5534283133],[-107.6046152727,40.5532252051],[-107.6047864196,40.5528042813],[-107.6046591465,40.5523424196],[-107.6040718558,40.5517002843],[-107.6038941633,40.5515493803],[-107.6038812403,40.5512160137],[-107.6037085483,40.5507909357],[-107.6036171204,40.5504474189],[-107.6034499686,40.5501652003],[-107.6032043082,40.549872833],[-107.6027400785,40.5491802481],[-107.6024640858,40.5489112004],[-107.6021606254,40.5487393044],[-107.6017731275,40.5484143796],[-107.6015017867,40.5482655865],[-107.6009472352,40.5480635838],[-107.6004504878,40.5477411326],[-107.6000450937,40.5473570149],[-107.5995625413,40.5465933339],[-107.5994601399,40.5463692378],[-107.5995289682,40.5461293579],[-107.5995509717,40.5458905313],[-107.5994536382,40.5457973981],[-107.5985681301,40.5455194257],[-107.5975026585,40.5450309986],[-107.5973295625,40.5445939916],[-107.5971625496,40.544476212],[-107.59654883,40.5443589289],[-107.5960388252,40.5440963256],[-107.5955416822,40.5437619392],[-107.5951019315,40.5437003221],[-107.5944863717,40.5435354107],[-107.5926117209,40.5431247029],[-107.5922770856,40.5429534794],[-107.5918424012,40.5426176654],[-107.5913177345,40.542379203],[-107.5911079648,40.5422051673],[-107.5908059399,40.5420689504],[-107.5903496776,40.5419838589],[-107.5897222072,40.5419145136],[-107.5892779103,40.5417338166],[-107.5886366715,40.5413072947],[-107.5882336747,40.5409826814],[-107.5880115195,40.5408923263],[-107.5869199373,40.5407761812],[-107.5863409592,40.5405055407],[-107.5860749172,40.5404114079],[-107.5858782899,40.5404158116],[-107.5854213927,40.5404760888],[-107.5849388005,40.5404368479],[-107.5844086675,40.5402985676],[-107.5842968546,40.5402343424],[-107.5842030564,40.5400696116],[-107.5835263911,40.5401014394],[-107.5827989834,40.5399508853],[-107.5825316798,40.539823397],[-107.5819135265,40.5396703935],[-107.581562037,40.5396282068],[-107.5812060428,40.5394693371],[-107.5807807037,40.5392119236],[-107.5806001529,40.5390658116],[-107.5804164055,40.5388363619],[-107.5799891406,40.5385289354],[-107.579743694,40.5384009648],[-107.5794835353,40.5378896114],[-107.5791192516,40.5375140432],[-107.5789079086,40.5371350617],[-107.5785707124,40.5363251488],[-107.5785649569,40.5361751217],[-107.578407556,40.5360618539],[-107.5782932007,40.5359309527],[-107.5769753394,40.5357768602],[-107.5762428829,40.5354929121],[-107.5755059606,40.5350922843],[-107.5751005901,40.5347843499],[-107.5748911824,40.5344553616],[-107.5749600612,40.5339700307],[-107.5751651165,40.5336151194],[-107.5753958515,40.5333597332],[-107.57538691,40.5331263779],[-107.5752031957,40.5328969096],[-107.574434746,40.5328139522],[-107.5738211561,40.5327775874],[-107.5733527984,40.5325377757],[-107.5730965396,40.532126419],[-107.572891147,40.5313302249],[-107.5727112842,40.5312007604],[-107.5722255739,40.5310781333],[-107.5717122835,40.5308059544],[-107.5716416368,40.5306740612],[-107.571718826,40.5304054223],[-107.572215691,40.5296769943],[-107.5724343056,40.52910491],[-107.5724215492,40.5287715473],[-107.5722062888,40.5288597506],[-107.5712128912,40.5291821692],[-107.5704540491,40.5293492024],[-107.5694782064,40.5289872161],[-107.5692989834,40.5288744301],[-107.5689649409,40.5287150323],[-107.5684484966,40.5283594996],[-107.5683310008,40.528145239],[-107.5683645001,40.5278775622],[-107.5684679877,40.5277251126],[-107.5684204788,40.5276260783],[-107.5682855863,40.5275289866],[-107.5680016077,40.5275353022],[-107.5662207395,40.5272745987],[-107.5657974307,40.5270671221],[-107.5648540511,40.5270278992],[-107.563338129,40.5267880913],[-107.5624779406,40.5265903067],[-107.5618805121,40.5264033684],[-107.5606663724,40.5260966419],[-107.5600490253,40.5259601818],[-107.5594335725,40.5258737333],[-107.5588792208,40.5256691444],[-107.5584970929,40.5253939983],[-107.5581862179,40.5252674294],[-107.557962045,40.5251222473],[-107.5577122612,40.5248775327],[-107.5570711744,40.5246915371],[-107.5562566161,40.5245427503],[-107.5557909226,40.5243695478],[-107.5555075891,40.5243925004],[-107.5546446056,40.5246951984],[-107.5539880165,40.524676357],[-107.5528651215,40.524467629],[-107.552383922,40.5244615847],[-107.551944509,40.5244045581],[-107.5511932538,40.5247714976],[-107.5506746901,40.5249331011],[-107.5491319017,40.5250391647],[-107.5484772376,40.5249241683],[-107.5478758012,40.5247216786],[-107.5459511844,40.5239226844],[-107.5450808327,40.5233377508],[-107.5442563864,40.522471319],[-107.5439113877,40.5215727381],[-107.5434525914,40.5206550973],[-107.5433789662,40.5202036289],[-107.5435943687,40.5199183954],[-107.5441462856,40.5195610314],[-107.5452932468,40.5177449848],[-107.545210287,40.5133068079],[-107.5449914649,40.5119813592],[-107.5445987422,40.5112605172],[-107.5440985369,40.5106707664],[-107.5432918177,40.5101521233],[-107.5406478191,40.5086225921],[-107.5401525388,40.5081614529],[-107.5401106901,40.5077976192],[-107.5401471999,40.5065309116],[-107.5402784916,40.5055410524],[-107.540480518,40.5049358448],[-107.5408872224,40.5045406863],[-107.5415051098,40.5045270924],[-107.5421294629,40.5046849992],[-107.5429947195,40.5052667138],[-107.5433349926,40.5053450426],[-107.5436663519,40.5051875529],[-107.544789197,40.5036608977],[-107.5449928099,40.5030985606],[-107.5449519714,40.501275699],[-107.5446330307,40.5002742962],[-107.543996547,40.4997948366],[-107.5430849204,40.4994716233],[-107.5413332223,40.4992312431],[-107.5400550035,40.4986778083],[-107.5393948498,40.4987141893],[-107.5386412853,40.4990143607],[-107.5380224966,40.4994116681],[-107.5374131401,40.5000590041],[-107.5371075819,40.500649619],[-107.5369068112,40.5011211547],[-107.5372320129,40.5016311754],[-107.5372439525,40.5019478913],[-107.5371479599,40.5023003417],[-107.5366146041,40.5026457194],[-107.5362584437,40.5030539293],[-107.5358300222,40.5038641144],[-107.5357236379,40.5051009789],[-107.5356676534,40.5082552796],[-107.5357504305,40.5098716999],[-107.5364251321,40.5121140828],[-107.536937677,40.5129536464],[-107.538262284,40.5144593662],[-107.5384426643,40.5146055483],[-107.5384508417,40.5148222428],[-107.5378589651,40.5159363238],[-107.5374135003,40.5162964551],[-107.5360307319,40.5167272153],[-107.5347666682,40.5168283714],[-107.5341645264,40.5170918267],[-107.5332248293,40.5176796634],[-107.5324287261,40.5185980008],[-107.532132978,40.5188714074],[-107.5317398078,40.5188800268],[-107.5312836241,40.5189567642],[-107.530803717,40.5189839654],[-107.5303759134,40.5189432748],[-107.530266448,40.5192292977],[-107.5289479262,40.5202091029],[-107.5283457174,40.5204725287],[-107.5278546075,40.5207835856],[-107.5272904448,40.5208960162],[-107.5270710733,40.5208757956],[-107.5261553055,40.5215214372],[-107.5256841523,40.5217819922],[-107.5256055219,40.5220172702],[-107.5251562605,40.5228612364],[-107.5249085299,40.5232503593],[-107.5247924917,40.5236532926],[-107.5246857677,40.5237223534],[-107.5240623034,40.5240029048],[-107.5235230806,40.5241982024],[-107.5229220665,40.5244949472],[-107.5224302748,40.524789296],[-107.5222230827,40.5250941173],[-107.5220602125,40.5254146342],[-107.5219353903,40.5255841884],[-107.521787474,40.5257208943],[-107.521667037,40.5260071298],[-107.5216633234,40.5264910176],[-107.5215572638,40.5271606442],[-107.5213013918,40.5279169611],[-107.5210948117,40.528238449],[-107.5200219235,40.5293629392],[-107.519638686,40.5296382252],[-107.5195588006,40.5298401613],[-107.5194152425,40.5300935347],[-107.5190282604,40.5302688061],[-107.5184196804,40.5303654997],[-107.5169722083,40.5302469109],[-107.516482229,40.5300073493],[-107.5161214491,40.5297149152],[-107.5158561774,40.5296372836],[-107.515594646,40.5296596642],[-107.5151402385,40.5297863379],[-107.5144286865,40.5300520823],[-107.5138001105,40.5301992251],[-107.5133425799,40.5302425493],[-107.5128351287,40.5301201334],[-107.5123900971,40.5299129422],[-107.5116823055,40.5296947709],[-107.510954528,40.5295270861],[-107.5104926427,40.5294537189],[-107.5102298649,40.5294427493],[-107.5099908004,40.52948131],[-107.5097180025,40.5297875343],[-107.5091150074,40.5300341973],[-107.5083953286,40.5300831958],[-107.5075370798,40.5299350073],[-107.5068942264,40.5296987233],[-107.506328172,40.529177154],[-107.5058950855,40.5287027544],[-107.5054008055,40.5283464557],[-107.5039546225,40.5282610382],[-107.5015084887,40.5283307349],[-107.5005241767,40.5283186888],[-107.4986035916,40.5284103069],[-107.4979063705,40.5284754361],[-107.4970605671,40.5286605607],[-107.4959412681,40.5291352015],[-107.495167803,40.5295022514],[-107.4948730761,40.5298089176],[-107.4945503168,40.5299493546],[-107.4941552269,40.5299078333],[-107.4935388899,40.5297960177],[-107.4929697306,40.5303672039],[-107.4927780519,40.5305047908],[-107.4923897589,40.5306466391],[-107.4905776875,40.530719099],[-107.4903678741,40.5309571911],[-107.4900833795,40.5321311219],[-107.4896249589,40.5327415984],[-107.489587439,40.5329092368],[-107.4891597399,40.533168689],[-107.4872337966,40.5337106892],[-107.4866888317,40.5337557902],[-107.486145086,40.5338342267],[-107.4860195545,40.5339870776],[-107.4858032641,40.5346423644],[-107.4857525152,40.5350438454],[-107.4856045039,40.5351804994],[-107.4851654152,40.5357238046],[-107.4847333455,40.5358665687],[-107.4834092088,40.5361286106],[-107.4830857901,40.5362523433],[-107.4829808495,40.536371383],[-107.4829688538,40.5366385642],[-107.4830270339,40.5376216046],[-107.4828507196,40.5381759352],[-107.4820456684,40.5388772452],[-107.4814086328,40.5393914266],[-107.4804281693,40.5400798054],[-107.4799360598,40.5403739798],[-107.4797766285,40.5407944833],[-107.4794922517,40.5413844937],[-107.4791524733,40.5416587107],[-107.4786665069,40.54211958],[-107.4783978165,40.5425424287],[-107.478014953,40.5428342501],[-107.4774117195,40.5430807539],[-107.4764576355,40.5433014127],[-107.4756789728,40.5435349966],[-107.4747242631,40.5437389661],[-107.4740037769,40.5437710953],[-107.4738108046,40.5438753226],[-107.4738193951,40.5441087084],[-107.4740079459,40.5450722681],[-107.4738648091,40.5453422662],[-107.473784997,40.5461447449],[-107.4734762421,40.5466685416],[-107.4731182663,40.5470432362],[-107.4730892638,40.5474442458],[-107.4731227873,40.5477604974],[-107.4733578723,40.5482059067],[-107.4733295095,40.5486235874],[-107.4731071567,40.5497127319],[-107.4727628835,40.5510547387],[-107.4727698687,40.551838696],[-107.4726461032,40.5520415401],[-107.4719377923,40.552407039],[-107.4715748607,40.5526483761],[-107.4713199659,40.5528540274],[-107.4709619253,40.5532287149],[-107.4708199851,40.5535320397],[-107.471046372,40.5537407388],[-107.4711211408,40.5539893805],[-107.4705580283,40.5547354703],[-107.4697794253,40.5555695956],[-107.4693527314,40.5558623451],[-107.4688333545,40.5560761241],[-107.4676802755,40.5561816972],[-107.4666293577,40.5561541072],[-107.4662547585,40.5560786976],[-107.465883819,40.5561033104],[-107.4652044665,40.5560677526],[-107.4645269383,40.556082218],[-107.4637000945,40.5561999648],[-107.4630347905,40.5565478195],[-107.4624495769,40.5566937507],[-107.4619062491,40.5567887647],[-107.4614017171,40.5567494667],[-107.4607520115,40.5563295597],[-107.4604587298,40.5560855713],[-107.4601970711,40.5561078281],[-107.4587254109,40.5559389809],[-107.458457043,40.5557778639],[-107.4581096911,40.5552514044],[-107.4577568439,40.5545749214],[-107.457362236,40.5545499542],[-107.4566222043,40.5546491131],[-107.4562288036,40.5546574834],[-107.4556751097,40.5544690639],[-107.4549739096,40.5544339283],[-107.4545173831,40.5545103607],[-107.4539837924,40.5548720475],[-107.4536444602,40.5551628637],[-107.4533917637,40.5554504896],[-107.4529758889,40.5554285643],[-107.4526583875,40.5551469086],[-107.4521617917,40.5544905317],[-107.4520791082,40.5541678412],[-107.4519321752,40.5540267572],[-107.4516475,40.5539967543],[-107.4508321685,40.5536715933],[-107.4502214725,40.5531257826],[-107.4500279785,40.5530037101],[-107.4496003092,40.552940684],[-107.4491903442,40.5527150574],[-107.4487069316,40.552418878],[-107.4484845673,40.5521532197],[-107.4482294005,40.5516359071],[-107.4482202139,40.5513837516],[-107.4483743468,40.5510740619],[-107.4488,40.5504341556],[-107.448969204,40.5498898213],[-107.4490842042,40.5485066607],[-107.4493570081,40.5475635751],[-107.4493569835,40.546914681],[-107.4495018976,40.5463528268],[-107.4495248248,40.5456854114],[-107.4495070993,40.5451991224],[-107.4490466828,40.5442355286],[-107.4491004312,40.5437657397],[-107.44921061,40.5435471009],[-107.4494388189,40.54332597],[-107.4501936738,40.5432919201],[-107.4508980171,40.5431688274],[-107.4520076682,40.5431452714],[-107.4525900074,40.5429166014],[-107.4529100302,40.5426214046],[-107.4528935964,40.5421711274],[-107.4527859495,40.5411640154],[-107.4525334371,40.5407187614],[-107.4520304237,40.5405311572],[-107.4513523063,40.5400769048],[-107.4506164735,40.5393354738],[-107.4500227456,40.5392270734],[-107.4491455422,40.539168404],[-107.4485723842,40.5390003047],[-107.4481153063,40.538775673],[-107.4477992211,40.5385300229],[-107.4477900357,40.5382778677],[-107.4478982311,40.5380051999],[-107.448662186,40.5369255218],[-107.4491015147,40.5360149576],[-107.4492411764,40.5353090204],[-107.4493130091,40.5342094072],[-107.4491800836,40.533561585],[-107.4490083249,40.5330480609],[-107.4487521921,40.5326197269],[-107.4483850168,40.5321437109],[-107.4480506285,40.5313666996],[-107.4478515515,40.5307035937],[-107.4478460859,40.5299529742],[-107.4479504718,40.5292167182],[-107.4480912541,40.5288800694],[-107.4479480521,40.5285494434],[-107.4474916668,40.5280252566],[-107.4472677485,40.5278798628],[-107.4470711263,40.5278840304],[-107.4468561517,40.5280891759],[-107.446531022,40.5280622963],[-107.4461432577,40.5276200606],[-107.4456711346,40.5272630428],[-107.4450709769,40.5269921452],[-107.443385194,40.5263271343],[-107.4425162252,40.5258783966],[-107.4420653857,40.5255042223],[-107.4419883364,40.52518887],[-107.442104887,40.5247860124],[-107.4422062418,40.5245669899],[-107.4420958568,40.5239353635],[-107.4419035356,40.5234556259],[-107.4416668008,40.5230009794],[-107.440426659,40.5225192297],[-107.4390279585,40.5225320971],[-107.4385922622,40.5225746626],[-107.4378586778,40.5222398033],[-107.4371131435,40.5218318147],[-107.4362316945,40.5219365461],[-107.4357231229,40.5221910779],[-107.4334196074,40.5227787419],[-107.4316968915,40.5237177083],[-107.429122746,40.5258057504],[-107.4282492692,40.526077678],[-107.4272366544,40.5262010851],[-107.4263459818,40.5259951423],[-107.4251662707,40.5259382314],[-107.4240437334,40.5259822189],[-107.4232970812,40.5260591594],[-107.4216737453,40.5263178732],[-107.4213557353,40.5264062314],[-107.4211135718,40.5263704694],[-107.4191024215,40.5266467874],[-107.4181848752,40.5266660032],[-107.4171598589,40.5267375098],[-107.4168132976,40.5268281836],[-107.4164472971,40.5269859832],[-107.4155174552,40.5272723609],[-107.415151451,40.5274301763],[-107.4146064587,40.5274749372],[-107.4117405712,40.5280353097],[-107.4104078843,40.5280631337],[-107.4096201706,40.5280462078],[-107.4080932409,40.528144788],[-107.4061621155,40.5283582849],[-107.4039541353,40.5285646869],[-107.40324031,40.5287797399],[-107.4031275145,40.528681995],[-107.4029195485,40.5283693413],[-107.4023105971,40.5278481482],[-107.4015818989,40.5276464333],[-107.4010380843,40.5277244694],[-107.4006041195,40.5278169037],[-107.3981530315,40.5277510448],[-107.397847762,40.5277740642],[-107.3977202381,40.5278768158],[-107.3972065969,40.528187779],[-107.3967968349,40.5283464259],[-107.3963628586,40.5284388518],[-107.3960357278,40.5284623218],[-107.3953513304,40.5282763243],[-107.3940084046,40.5274032773],[-107.3935200555,40.5271965221],[-107.3931468634,40.5271542083],[-107.3927317586,40.5271628096],[-107.3914735018,40.5274391158],[-107.3907117996,40.5275382903],[-107.389660233,40.5280939256],[-107.3890573856,40.5283566516],[-107.388535396,40.5284341793],[-107.3880956907,40.5283796411],[-107.3876933395,40.5281179263],[-107.3869298007,40.527549801],[-107.3868760463,40.5272673021],[-107.386762081,40.5271361897],[-107.3864526543,40.527042483],[-107.3860163051,40.5270681824],[-107.3856006083,40.527060087],[-107.3851530104,40.5267690417],[-107.3845430344,40.526214409],[-107.3838681109,40.5256777979],[-107.3836484568,40.5256489679],[-107.3833449519,40.5257219604],[-107.3828212247,40.5257494401],[-107.3823830985,40.5257251243],[-107.3813816745,40.5258458816],[-107.3797673298,40.5265631638],[-107.37931207,40.5266726483],[-107.3784039073,40.5269582804],[-107.3779510123,40.5271344404],[-107.3768893104,40.5274065414],[-107.3764824583,40.5276484757],[-107.3760496199,40.5277741666],[-107.3741016261,40.5277141374],[-107.3733712278,40.5274622116],[-107.3720669157,40.5270552503],[-107.3716730768,40.5270466567],[-107.3715012312,40.5271335984],[-107.3711965402,40.5271732277],[-107.370780254,40.5271484014],[-107.3702724666,40.527008674],[-107.3696720085,40.5267207036],[-107.3688165346,40.5260208743],[-107.3685726918,40.5259257822],[-107.3683116978,40.5259645004],[-107.3669458778,40.5262927916],[-107.3661386919,40.5263426989],[-107.3652470433,40.5264777497],[-107.3642968812,40.5268141883],[-107.3630703045,40.5273731557],[-107.3624661815,40.5276024048],[-107.3608453632,40.5277182602],[-107.360450894,40.5274934536],[-107.3594790603,40.5272130144],[-107.3590793452,40.5270376629],[-107.3587411042,40.5267442794],[-107.358397605,40.5263008516],[-107.3579914925,40.5259421123],[-107.3570280845,40.5252777648],[-107.3565966236,40.5248194441],[-107.3564130796,40.5245729359],[-107.356276394,40.5237916151],[-107.3561406355,40.5236609156],[-107.3558312782,40.523567132],[-107.3542749013,40.5234487097],[-107.3530325498,40.5235574588],[-107.3510168064,40.5234316766],[-107.3507328,40.5234374604],[-107.3504144098,40.5237108667],[-107.3501001072,40.5241009768],[-107.3497980375,40.5248411861],[-107.3491516321,40.5257385502],[-107.3478486118,40.5266158875],[-107.3462912686,40.5270979802],[-107.3451781701,40.5271539637],[-107.3444223243,40.5275198654],[-107.3437822047,40.5272490316],[-107.3430554146,40.5270969468],[-107.34241949,40.5270431163],[-107.3406393415,40.5267788998],[-107.3400689746,40.5267237384],[-107.3396602359,40.5269155346],[-107.3392153386,40.5273249426],[-107.3387509113,40.527801476],[-107.3384077201,40.5279919404],[-107.3378874126,40.5281192624],[-107.3372537964,40.5281320847],[-107.3369537139,40.5283049917],[-107.3366346775,40.5285616938],[-107.3355826197,40.5291168412],[-107.3341349427,40.5296132361],[-107.3328280468,40.529756428],[-107.3317160437,40.5298456059],[-107.3309760574,40.5299439653],[-107.3300365345,40.5299629248],[-107.3296639455,40.5299370774],[-107.3293936682,40.5297089632],[-107.3293072362,40.5284761517],[-107.3291214685,40.5281629136],[-107.3287943172,40.5281861944],[-107.3282722585,40.5282634584],[-107.3276656795,40.5284258286],[-107.3266209732,40.5285636636],[-107.3255089909,40.528652791],[-107.3244389592,40.5286910169],[-107.3239783998,40.5286502356],[-107.3239950736,40.5284997516],[-107.3241215514,40.5283637466],[-107.3242647014,40.5280772458],[-107.3244480361,40.5270558794],[-107.3245497812,40.5268369504],[-107.3243393142,40.52644079],[-107.3239517788,40.5259814518],[-107.3231013726,40.5254146474],[-107.3230530691,40.5252821511],[-107.3229754362,40.5249333707],[-107.3230886756,40.524413919],[-107.3232312333,40.5241107397],[-107.3234513983,40.5235223968],[-107.3233576776,40.5233407642],[-107.323069058,40.523213112],[-107.3225619644,40.523089842],[-107.3216840425,40.5229907057],[-107.3209331843,40.5227722346],[-107.3203243328,40.5222339202],[-107.3197356154,40.5216451489],[-107.3195757719,40.5214481596],[-107.3188588666,40.5209453732],[-107.3185087528,40.5209357189],[-107.3182718881,40.5210405776],[-107.3177912619,40.5210502251],[-107.3163229429,40.5209462139],[-107.315326644,40.5205824857],[-107.3142493334,40.5197699057],[-107.3138526537,40.5196777586],[-107.3130679003,40.5197435264],[-107.311590959,40.5200233423],[-107.3098691005,40.5201745688],[-107.308887167,40.5202275791],[-107.306642452,40.5202013063],[-107.3041470378,40.5203389261],[-107.3032570326,40.5205235119],[-107.3026022,40.5205532534],[-107.3019002611,40.5204838233],[-107.3007551037,40.5202397112],[-107.2984530367,40.5206859464],[-107.2970364067,40.5208142262],[-107.2957369787,40.5211737307],[-107.2949107335,40.5214893481],[-107.294291995,40.5217529961],[-107.2934681036,40.5223087039],[-107.2919873547,40.5240510058],[-107.2916973915,40.524523888],[-107.2911177091,40.5248356937],[-107.2906909615,40.5251444506],[-107.2903442211,40.5252347509],[-107.2897032552,40.5250305792],[-107.2893950988,40.5249699481],[-107.2889748828,40.5248281353],[-107.2882275024,40.5247094752],[-107.2877249926,40.5247194311],[-107.2873609388,40.524943524],[-107.2865834686,40.5252258491],[-107.2859963985,40.5253208934],[-107.2854260613,40.52526544],[-107.2841475246,40.5249570734],[-107.2821468725,40.5246295906],[-107.2808572572,40.5246383829],[-107.2796660443,40.5247725544],[-107.2787245978,40.5249307283],[-107.2779252423,40.5252134271],[-107.2769572968,40.5256829724],[-107.2757719748,40.5261901457],[-107.2747311239,40.5264442258],[-107.2736179445,40.5264995197],[-107.2726420589,40.5267356006],[-107.2719423321,40.5267326842],[-107.2698072975,40.5269581809],[-107.2694089419,40.5268158598],[-107.2686940277,40.5263627639],[-107.268125944,40.5263739244],[-107.2675186706,40.5265193194],[-107.2659522739,40.5267502599],[-107.2648737736,40.5267297824],[-107.2643219955,40.527032492],[-107.2638962297,40.5273745074],[-107.2633617788,40.5277353258],[-107.2617875104,40.5283834504],[-107.2610933571,40.5285471948],[-107.2607224771,40.528571137],[-107.2604160062,40.5285604531],[-107.2600624905,40.5284505846],[-107.2597493121,40.5282398301],[-107.2595526599,40.5282436786],[-107.2594893545,40.5283116556],[-107.2592103503,40.528467257],[-107.2586287952,40.5287288877],[-107.2580203604,40.5288408824],[-107.2571569832,40.5291747457],[-107.2565771039,40.529486381],[-107.2550845307,40.5299659836],[-107.2541438398,40.5299509844],[-107.2538345825,40.5298569137],[-107.2534407225,40.5298479176],[-107.2520741903,40.5301748769],[-107.2514472277,40.530387302],[-107.2510830155,40.5306112834],[-107.2506593929,40.5310199409],[-107.2496491356,40.5315401282],[-107.2488518147,40.5318893157],[-107.2486438725,40.5322103547],[-107.2486953938,40.5324429178],[-107.2489463546,40.5327550264],[-107.2495894407,40.533676771],[-107.2499042905,40.5339375591],[-107.249821351,40.5340726463],[-107.24776548,40.5347132768],[-107.2471138248,40.5348427462],[-107.2463943611,40.5349067907],[-107.2459617805,40.5350486649],[-107.2457504982,40.5352696627],[-107.2454994073,40.5356082086],[-107.2453149848,40.5359788294],[-107.2451977967,40.5363982004],[-107.2451691265,40.536849204],[-107.2450670953,40.5370680702],[-107.2448120987,40.5372899106],[-107.2445637795,40.5377118181],[-107.2442841435,40.5378507242],[-107.2427690428,40.5376632749],[-107.2419167745,40.537679823],[-107.2415435956,40.537637019],[-107.2409743058,40.5376146922],[-107.240494091,40.5376406921],[-107.2401909274,40.5377299952],[-107.2399112818,40.537868891],[-107.2396725607,40.5379235668],[-107.2393616091,40.5377794444],[-107.2391206677,40.5377674326],[-107.238751387,40.5378413232],[-107.2382150512,40.5381520247],[-107.2376322161,40.5383802009],[-107.2372455191,40.538587884],[-107.2369467866,40.5388105626],[-107.2368665759,40.5390289999],[-107.2366973038,40.5391991134],[-107.2364176316,40.5393379986],[-107.236269101,40.5394743438],[-107.2359568249,40.539947522],[-107.2357236409,40.5401689202],[-107.2351272548,40.5406476032],[-107.2344367741,40.5409278963],[-107.2339783958,40.5409534459],[-107.2326198667,40.5408019471],[-107.2333636727,40.541539246],[-107.234666712,40.5425817703],[-107.2357517921,40.5436451919],[-107.236919897,40.544573524],[-107.2369035956,40.5447406737],[-107.2367611436,40.5450604291],[-107.2367531639,40.5454776582],[-107.2369424407,40.5459077643],[-107.2374947392,40.5467312217],[-107.237765894,40.5469929159],[-107.2377288467,40.5471938248],[-107.2374945333,40.5473818832],[-107.2375050809,40.5476986568],[-107.2374752501,40.5481163262],[-107.2371786843,40.5484056838],[-107.2367947039,40.5486967447],[-107.2364566392,40.5490536336],[-107.2362746778,40.5496001014],[-107.2362841752,40.5500688753],[-107.2365018135,40.550410787],[-107.2367931697,40.5506220254],[-107.2374151793,40.5509102798],[-107.2379525325,40.5512835844],[-107.2384702555,40.5517239963],[-107.2389016692,40.552199456],[-107.2392938086,40.5528091334],[-107.239586299,40.5530537104],[-107.2398322991,40.5532157729],[-107.2397659894,40.5538510323],[-107.2397915582,40.5546179691],[-107.240171314,40.5555114976],[-107.2406240682,40.555969852],[-107.2412982026,40.5565073107],[-107.2409780918,40.5567470971],[-107.240432963,40.5569420198],[-107.2400240732,40.5569991722],[-107.23924878,40.5573645606],[-107.2387145267,40.5577419544],[-107.2382928852,40.5582172557],[-107.2379620047,40.5587909026],[-107.2377963794,40.559728381],[-107.2376931914,40.5599139058],[-107.2375221919,40.560033999],[-107.2370692275,40.5602262914],[-107.2365719847,40.5604027498],[-107.2360764083,40.5606292386],[-107.2354831811,40.5612079484],[-107.2344560447,40.5618951666],[-107.2342227816,40.5621165632],[-107.2340584241,40.5624367286],[-107.233983738,40.5628218911],[-107.23381328,40.5629586482],[-107.2334684907,40.5631154723],[-107.2329537922,40.5634257277],[-107.232849466,40.5635778961],[-107.2327905896,40.5637809006],[-107.2328495897,40.5648975452],[-107.2328072761,40.5655990572],[-107.2313945409,40.5658766233],[-107.2310104246,40.5661676568],[-107.2306968911,40.5666074784],[-107.2304932134,40.5670618677],[-107.2301719194,40.5672682741],[-107.2298456371,40.567324623],[-107.2292514554,40.56721931],[-107.2283456753,40.5669531802],[-107.2276563062,40.5666161302],[-107.2267090173,40.5664175203],[-107.2263138354,40.5663750917],[-107.2259662378,40.5664485331],[-107.2255367243,40.5666903671],[-107.2243873798,40.5669961359],[-107.2234254061,40.5670146614],[-107.2232280848,40.56700178],[-107.2228160082,40.5671098068],[-107.2223870205,40.5673683223],[-107.2213190399,40.5674889667],[-107.2207364459,40.5677337367],[-107.2204430443,40.5681230978],[-107.2203721318,40.568624966],[-107.2203548719,40.5694260966],[-107.2200592408,40.5697487657],[-107.2194323587,40.5699776999],[-107.2176389602,40.5699954746],[-107.2169584307,40.5699251217],[-107.2165654105,40.5699493486],[-107.215982239,40.5701774314],[-107.2155193829,40.5707368576],[-107.2148158727,40.5706335751],[-107.213963169,40.5706499288],[-107.213769687,40.5707537338],[-107.2137293838,40.5715219466],[-107.2139207958,40.5720187743],[-107.2141222439,40.5721567214],[-107.2139536564,40.5723518116],[-107.2138454237,40.5723872528],[-107.2128401901,40.5724232043],[-107.2123854203,40.5725653801],[-107.2111474527,40.5735066793],[-107.2108260668,40.5737130322],[-107.2105719181,40.5739681554],[-107.2096470674,40.5744529884],[-107.2088561452,40.575018672],[-107.2087107712,40.5752550169],[-107.2086397548,40.5757568792],[-107.2084621552,40.5763441937],[-107.2085502522,40.5770265214],[-107.2090253491,40.5775012523],[-107.2101340553,40.5779471658],[-107.2110131132,40.5780638064],[-107.2112361773,40.5781930032],[-107.2116178042,40.5784859898],[-107.2117769082,40.5786664574],[-107.2119387722,40.5789302963],[-107.2117889968,40.5790332599],[-107.2114648385,40.5791562558],[-107.2109559538,40.5796498132],[-107.2106771732,40.5798219874],[-107.2100288352,40.5800679707],[-107.20964291,40.5803089234],[-107.209703199,40.5814756],[-107.2097814369,40.5818578209],[-107.2099908677,40.5822375281],[-107.2103080005,40.5825651263],[-107.2093483215,40.5826602308],[-107.2087841375,40.5828044846],[-107.2083998277,40.583095458],[-107.2082424444,40.5836323373],[-107.2082364742,40.5841162722],[-107.207907421,40.5847565277],[-107.2072115169,40.5855539494],[-107.2071792962,40.5859049167],[-107.2072749954,40.5861533342],[-107.2073067341,40.5864530311],[-107.2068142164,40.5874467587],[-107.2068224423,40.5876968503],[-107.2067736057,40.5879648474],[-107.2064392039,40.588021169],[-107.2061335745,40.5880436828],[-107.2058306725,40.5881495663],[-107.2053227773,40.5886764541],[-107.2044474639,40.5893438248],[-107.2039745269,40.5896031007],[-107.2035032263,40.5899123893],[-107.2028214235,40.590475952],[-107.2028274702,40.5913266899],[-107.2028001517,40.5918277141],[-107.2027044726,40.5922466207],[-107.2027143253,40.5925467273],[-107.2029139378,40.5932936703],[-107.203225098,40.5941052108],[-107.2035410649,40.5957291314],[-107.2037210432,40.5972105222],[-107.2036707727,40.5976786182],[-107.2036888477,40.5982288151],[-107.2039595739,40.5991412304],[-107.2040410927,40.599623493],[-107.2040044678,40.5998410747],[-107.2040137823,40.6001245067],[-107.2042752499,40.6014208133],[-107.2044152712,40.6016850706],[-107.204422395,40.6019018162],[-107.203712458,40.6029447314],[-107.2034363005,40.6032002562],[-107.2031836602,40.6035053727],[-107.2026603295,40.6042327403],[-107.2021528401,40.6047762896],[-107.2020330762,40.6051289182],[-107.2018033922,40.6054669643],[-107.2015294075,40.6057891667],[-107.2013429089,40.6061097166],[-107.2005275105,40.607276409],[-107.2000391217,40.6077361617],[-107.1998318406,40.6080904611],[-107.1995791638,40.6083955713],[-107.1990650527,40.6094063503],[-107.1987675117,40.6096789672],[-107.1984338823,40.6101858103],[-107.1983813709,40.6105872189],[-107.1983567508,40.611171601],[-107.198217269,40.6115913372],[-107.1980549928,40.6117687447],[-107.1977014905,40.6118847713],[-107.1970697566,40.6119802147],[-107.1957931505,40.6124382662],[-107.1947692442,40.6125912058],[-107.1937869038,40.6126766076],[-107.1933274588,40.6126853376],[-107.1926082076,40.6127824121],[-107.1907364715,40.6131182506],[-107.1905428314,40.61322203],[-107.190330035,40.6134095751],[-107.1902326187,40.6137784554],[-107.1901023511,40.6144816286],[-107.1900897329,40.6147654884],[-107.1897937776,40.6150880791],[-107.1889578163,40.6163051269],[-107.1888198946,40.6167748789],[-107.1885713905,40.6178806879],[-107.1884028794,40.6180840823],[-107.1881009116,40.6182232671],[-107.1877097734,40.6183140999],[-107.1862912565,40.6191250876],[-107.1858967279,40.6197832021],[-107.1857873295,40.6197852753],[-107.1857627195,40.6197023271],[-107.1853312297,40.6192266769],[-107.1850692058,40.6192483176],[-107.1846069951,40.6191736548],[-107.184120188,40.6190160323],[-107.1835064565,40.6189942783],[-107.183021282,40.6188866678],[-107.1821198352,40.618770251],[-107.1819677525,40.6188064808],[-107.1814502203,40.6190498346],[-107.1803249088,40.6194548104],[-107.1792854929,40.6198081053],[-107.1785693719,40.6200051377],[-107.1775731415,40.6203409117],[-107.1767460083,40.6204899794],[-107.1753029347,40.6205505453],[-107.1749703579,40.6204233536],[-107.1744649431,40.6203661349],[-107.1740819184,40.6207070182],[-107.1737563933,40.62079656],[-107.1734062876,40.620803153],[-107.1730321489,40.6207434663],[-107.1726350521,40.6206508456],[-107.1700303508,40.6213504813],[-107.1692906975,40.6214978539],[-107.1686780068,40.6215093648],[-107.1678208573,40.6214086777],[-107.1658904277,40.6212947603],[-107.1651426857,40.6211920086],[-107.1638506153,40.6211828654],[-107.1628853042,40.6218015598],[-107.1625821904,40.6219073337],[-107.1620591797,40.6219838704],[-107.1609875134,40.6220206191],[-107.1606608916,40.6220767814],[-107.1598214726,40.6225262516],[-107.1592478532,40.6230708512],[-107.1590333256,40.623208332],[-107.1586180958,40.6232327716]]]]}},
{"type":"Feature","properties":{"tnmid":"EB60F300-2735-4C51-8F01-20C36B33BDAA","areaacres":120471.15,"areasqkm":487.53,"states":"CO","huc10":"1405000202","name":"Morgan Gulch-Yampa River","Shape_Length":142327.48239935271,"Shape_Area":487828820.15562308},"geometry":{"type":"MultiPolygon","coordinates":[[[[-107.6665022925,40.5485657309],[-107.6663371958,40.5479270806],[-107.6663352043,40.5475266837],[-107.6663887925,40.5473280584],[-107.6664835832,40.5471806696],[-107.6662867256,40.5467412851],[-107.6663535413,40.5462761481],[-107.6667663213,40.545008639],[-107.6668002118,40.5443256961],[-107.6667813454,40.5438247263],[-107.6668683355,40.5433935286],[-107.6672709416,40.542771284],[-107.6677526058,40.5423181246],[-107.6681469204,40.5418624447],[-107.6682087649,40.5414972497],[-107.6685074816,40.5412056124],[-107.6688465559,40.5409818654],[-107.668895649,40.5404328197],[-107.6687968662,40.5397794074],[-107.6685748656,40.5394060114],[-107.6683862692,40.5388000529],[-107.6680584135,40.5383568877],[-107.6677206571,40.5381136009],[-107.6675163709,40.53782412],[-107.6673446935,40.5372038269],[-107.6674547256,40.536863191],[-107.6679545159,40.5360435688],[-107.6682688878,40.5354354536],[-107.6683130367,40.5349863406],[-107.6690039669,40.5338386153],[-107.6693578716,40.5333150377],[-107.6698522016,40.5330457248],[-107.6699461261,40.5329149899],[-107.6699634557,40.5325651827],[-107.6702592812,40.5318898009],[-107.6706703957,40.5315346766],[-107.670916307,40.5314250157],[-107.6709875875,40.5313102974],[-107.670999959,40.5310604233],[-107.6707013875,40.5304679937],[-107.6706734059,40.5301502451],[-107.6707459483,40.5295684981],[-107.6710544986,40.5290769671],[-107.6717675319,40.5283635742],[-107.6718486999,40.5280489758],[-107.6718603102,40.5269316694],[-107.6721692727,40.5259897719],[-107.6725231031,40.5254661773],[-107.6727932917,40.5253071573],[-107.6732591225,40.5251704569],[-107.673463003,40.5250262033],[-107.6734609639,40.5246257977],[-107.6735211055,40.5242939141],[-107.6738207251,40.5239751741],[-107.6740211283,40.5239079767],[-107.6746397429,40.5237756789],[-107.6754111558,40.5236477633],[-107.676229515,40.5234544792],[-107.6770577595,40.5230613013],[-107.6773724147,40.522886872],[-107.6778036173,40.5225656652],[-107.6783616665,40.5223315097],[-107.6791252285,40.521919775],[-107.6791519842,40.5218204597],[-107.6787693223,40.5202747887],[-107.6783566421,40.5197791711],[-107.6779390257,40.519383485],[-107.6778949478,40.5189485119],[-107.6781967986,40.5185902113],[-107.6788606233,40.5175417324],[-107.6790615755,40.517013719],[-107.6791274365,40.5165652255],[-107.6792909125,40.5163530723],[-107.6800292729,40.5160073278],[-107.6806753907,40.5157590205],[-107.681149369,40.515455705],[-107.6817073469,40.5152215354],[-107.6819280785,40.5151778303],[-107.6828674085,40.515188148],[-107.6833623738,40.5149021077],[-107.6842690857,40.514244238],[-107.6851337762,40.5135517924],[-107.6867964656,40.5126320187],[-107.6892938782,40.5120698019],[-107.6908759311,40.5118983112],[-107.6926470438,40.5118823383],[-107.6928475736,40.511804694],[-107.6929648881,40.5116412286],[-107.6931384325,40.5107787909],[-107.6934803116,40.5096042282],[-107.6937367556,40.5092779601],[-107.6941871648,40.5090072728],[-107.6950303969,40.5087478366],[-107.6954824388,40.5084438337],[-107.6962086243,40.507897468],[-107.6970447347,40.5073375514],[-107.6976705202,40.5070551983],[-107.6982703945,40.506855504],[-107.6988178658,40.5063874119],[-107.6991899336,40.5059309744],[-107.6994253325,40.5055874041],[-107.6995791631,40.5051247262],[-107.6999340572,40.5050181051],[-107.7007384841,40.5051028253],[-107.7023233826,40.5053149209],[-107.7029780935,40.5053336202],[-107.7034227165,40.5051795069],[-107.7038092199,40.5048736011],[-107.7039679127,40.5043109744],[-107.7040089513,40.5030276968],[-107.704984038,40.5023048844],[-107.7056211659,40.5017892728],[-107.7061781356,40.5015716364],[-107.7061620212,40.5014544031],[-107.7055138845,40.5013024566],[-107.7048188553,40.5012158997],[-107.7041690878,40.5010972672],[-107.7038395262,40.5006875072],[-107.7037396172,40.500050768],[-107.7035952464,40.4994294471],[-107.7032236846,40.4989851243],[-107.70252727,40.4984814783],[-107.7015820797,40.4977038319],[-107.7007331817,40.4967454251],[-107.7003225886,40.496379308],[-107.6994890912,40.4958257674],[-107.698850026,40.4954905483],[-107.6977513591,40.4947251572],[-107.6973021481,40.4945288216],[-107.6966475528,40.4945100846],[-107.6958950606,40.4947054078],[-107.6952944778,40.4949217587],[-107.6946625278,40.4948869873],[-107.6941795065,40.4944894858],[-107.6935145636,40.4942369082],[-107.6927508875,40.494215031],[-107.6919970308,40.4939932587],[-107.6911439315,40.4935684609],[-107.6902973861,40.4930104008],[-107.6895825872,40.492439431],[-107.689200505,40.4922116206],[-107.6877594411,40.4915578707],[-107.6865412619,40.4907507911],[-107.685563062,40.4902056021],[-107.6839389065,40.4890246481],[-107.6833373933,40.4883734847],[-107.6816503355,40.4871406436],[-107.6808599037,40.4863339091],[-107.67987598,40.4850211787],[-107.6793165313,40.4844045544],[-107.678807746,40.4840896721],[-107.6775897445,40.4835375099],[-107.6770229256,40.4830708106],[-107.6767162589,40.4826449554],[-107.6762766207,40.4818149349],[-107.675769091,40.4810329803],[-107.675178021,40.4806156107],[-107.6714420345,40.4788565362],[-107.6685042026,40.4778396141],[-107.6656691882,40.4765437029],[-107.664442027,40.4758298086],[-107.6635848992,40.4751980018],[-107.6633277158,40.474726373],[-107.6631296009,40.4740064847],[-107.6633032454,40.4733330514],[-107.6634302038,40.4726582704],[-107.663128106,40.472149619],[-107.6631758165,40.4711868746],[-107.6634216275,40.4709440414],[-107.6639581789,40.4704953346],[-107.6646814791,40.4700520273],[-107.6657060844,40.4691889287],[-107.6657519859,40.4682618434],[-107.6654587107,40.4675749226],[-107.6647541043,40.4666975828],[-107.6645004707,40.4661546317],[-107.6644028082,40.4652948186],[-107.6652547075,40.4641410626],[-107.6661101264,40.4629159885],[-107.6671434135,40.461874574],[-107.6680145533,40.4614294088],[-107.6680610957,40.4608994381],[-107.6677273913,40.4598333944],[-107.6673024711,40.4589666847],[-107.6671764194,40.458636795],[-107.6669059084,40.4583493414],[-107.6656943186,40.4573511699],[-107.665047925,40.4568509073],[-107.6644429332,40.4563362926],[-107.6640544666,40.4555560662],[-107.6643653275,40.454617383],[-107.6646885435,40.4526071114],[-107.6649004971,40.4520228831],[-107.6652952036,40.4514439319],[-107.6659423876,40.4511053126],[-107.6665795805,40.4509683542],[-107.6667286375,40.4508328348],[-107.6666715546,40.450753509],[-107.6663903206,40.4506832476],[-107.6653761572,40.4502189751],[-107.6642735188,40.4494880302],[-107.6632480336,40.4490545272],[-107.662673131,40.4488702158],[-107.6622638639,40.4488226263],[-107.6620544716,40.4487750378],[-107.6618688727,40.4486703414],[-107.6608219106,40.4479327068],[-107.6606172767,40.4477423508],[-107.6601413836,40.4474948866],[-107.6596083865,40.4471236914],[-107.6590135204,40.4463384688],[-107.6588087043,40.4458638857],[-107.6585956544,40.445471074],[-107.6585811899,40.4449424463],[-107.6590308015,40.4434692548],[-107.6595233499,40.4429624306],[-107.6598445765,40.4425127117],[-107.6600444508,40.4416775208],[-107.6602558368,40.4412701577],[-107.6602945015,40.4410560062],[-107.6602558672,40.4407156436],[-107.6601796535,40.4404411926],[-107.6601392035,40.4404233469],[-107.6600501817,40.4404311995],[-107.6599496495,40.4405998443],[-107.6598904604,40.4406182836],[-107.6598322529,40.4406874669],[-107.6596803937,40.44124208],[-107.6593163359,40.4416917981],[-107.658495422,40.4425698191],[-107.6578458301,40.4431765809],[-107.6575745714,40.4434692546],[-107.6572533428,40.4435335006],[-107.6567101005,40.4435559683],[-107.6563100197,40.4436702894],[-107.6557142492,40.4437729916],[-107.654984135,40.4437451531],[-107.6546571965,40.4436038138],[-107.6540918358,40.443191215],[-107.6538229681,40.4429447189],[-107.6535726806,40.4420287197],[-107.6533528265,40.4416061066],[-107.6532862025,40.4413634021],[-107.6532560998,40.4410303766],[-107.6532628102,40.4406196711],[-107.6534004938,40.4401683067],[-107.6534626118,40.4394123178],[-107.6533786181,40.4387655706],[-107.6534672378,40.4382226792],[-107.6535921595,40.4378372061],[-107.6536599744,40.4377515456],[-107.6537135135,40.4374767172],[-107.6536618337,40.4372343333],[-107.6535551986,40.4370828712],[-107.6531911425,40.4358372229],[-107.6529414015,40.4349362234],[-107.6529128475,40.4347363488],[-107.6527415269,40.4343365994],[-107.6525511702,40.4340986529],[-107.6524047345,40.4338215452],[-107.6523904584,40.4336692594],[-107.6525094306,40.4333456527],[-107.6527378591,40.4329125912],[-107.6530591284,40.4325833056],[-107.6533266431,40.4322489132],[-107.653500575,40.4319690353],[-107.65383608,40.4315288363],[-107.6545333221,40.4308628743],[-107.6546470222,40.4307242077],[-107.6574265897,40.4279355424],[-107.6579670559,40.4276008796],[-107.658303091,40.4274271124],[-107.6585996553,40.4271687968],[-107.6596785594,40.4260990484],[-107.6601245156,40.4250276714],[-107.6608977467,40.424399466],[-107.6614003392,40.4239469244],[-107.6616631778,40.4234874532],[-107.6620469114,40.4232316442],[-107.6622209003,40.4228029639],[-107.6621000137,40.4225992957],[-107.66168225,40.4222202348],[-107.6616275737,40.4220017986],[-107.6618118228,40.4218069535],[-107.6625500262,40.4214446201],[-107.6630575382,40.4208921261],[-107.6631241947,40.4204269777],[-107.6630062416,40.4197229644],[-107.6628237303,40.4190003924],[-107.6628855289,40.4177510954],[-107.6630274448,40.417087945],[-107.663407906,40.4160146589],[-107.6635358835,40.4147505944],[-107.6635429173,40.4141669468],[-107.6633739676,40.4136115874],[-107.6631161937,40.4130870263],[-107.6627124753,40.4124247981],[-107.6618598302,40.4111323789],[-107.6616308343,40.4109089055],[-107.6612928802,40.4106822882],[-107.6609281898,40.4105549693],[-107.6604973037,40.4104424326],[-107.6600335542,40.4100687847],[-107.6597536672,40.4095077493],[-107.6596312065,40.4084927087],[-107.6597351417,40.4076345853],[-107.65991102,40.4068556938],[-107.6599121798,40.4041867416],[-107.6603304079,40.4032313237],[-107.6604690132,40.4026348123],[-107.6607581338,40.4016422987],[-107.6612548733,40.4004222464],[-107.6617918816,40.3992700716],[-107.6619020934,40.3988061981],[-107.6618561265,40.3979708024],[-107.6616005171,40.3969625407],[-107.6615044683,40.3953750546],[-107.6615399626,40.3937746812],[-107.6618269252,40.3932658526],[-107.6621430736,40.3926077423],[-107.6627606069,40.3907072479],[-107.6630125918,40.3904643057],[-107.6634848916,40.3901776882],[-107.6634762798,40.3899105407],[-107.6632350418,40.3890528287],[-107.6632643364,40.3871353321],[-107.6634423803,40.3857392537],[-107.6645577037,40.383474455],[-107.6647718575,40.3822295453],[-107.6653599352,40.3809220286],[-107.6670157629,40.3778670999],[-107.6680903851,40.3759797601],[-107.668645116,40.3744610821],[-107.669612421,40.3734213661],[-107.670951982,40.3719086228],[-107.6714392622,40.3708717421],[-107.6715819481,40.3701885828],[-107.671587253,40.369638256],[-107.6712448315,40.3681771171],[-107.6710483082,40.3668536276],[-107.6709873898,40.3654339636],[-107.6707790083,40.3647940667],[-107.6708273944,40.3644663396],[-107.6714574676,40.3641844753],[-107.6731358255,40.3633153336],[-107.6746608969,40.3624584555],[-107.6758342215,40.3616581602],[-107.6766003326,40.3607126803],[-107.6770008185,40.3601069883],[-107.6776108723,40.3596741379],[-107.6782336759,40.3594251564],[-107.6792024428,40.3592361427],[-107.6799316647,40.359040246],[-107.681160692,40.3579912731],[-107.6815377023,40.3574182539],[-107.6819977299,40.3569310198],[-107.683348338,40.3560690142],[-107.6837792159,40.3557310686],[-107.6840957768,40.3550562246],[-107.6847713342,40.3541748199],[-107.6858513166,40.3526043958],[-107.6874214174,40.351264863],[-107.6880843943,40.3510836952],[-107.6885304711,40.3508796204],[-107.689131611,40.3501795501],[-107.6894826835,40.3496891783],[-107.6895449811,40.3493072894],[-107.6897490894,40.3491463193],[-107.6905111175,40.3491681536],[-107.6914457118,40.3492282833],[-107.6942035021,40.3494573557],[-107.6959444935,40.3495238322],[-107.6964975668,40.3498065506],[-107.6967934409,40.3499985114],[-107.6975095058,40.3500690213],[-107.6978869588,40.3499296808],[-107.698636189,40.3497675911],[-107.6994257042,40.3496733821],[-107.6996700731,40.3495802743],[-107.7001289292,40.3495600156],[-107.7018005718,40.3497078412],[-107.7038309808,40.3500994066],[-107.7051261055,40.3502471936],[-107.7063985857,40.3502060004],[-107.7074735902,40.3500698221],[-107.70907843,40.3497985946],[-107.709666304,40.3498153423],[-107.7105984913,40.3499252923],[-107.7113887106,40.3502647374],[-107.7123321668,40.3505918517],[-107.7135490393,40.3506765129],[-107.7147030328,40.350709332],[-107.7156562165,40.3508365198],[-107.7163246665,40.3514393718],[-107.7170665265,40.3518774951],[-107.7178471579,40.3519663933],[-107.7188285997,40.3519609117],[-107.7193552148,40.35189246],[-107.7197818074,40.3520880736],[-107.7205680199,40.3529611412],[-107.7211163484,40.3537941077],[-107.7215001848,40.3544222049],[-107.7216477301,40.3549768759],[-107.7217888195,40.3556648236],[-107.7224347884,40.3562836784],[-107.722605733,40.3568056523],[-107.7227508667,40.3574103074],[-107.7227185463,40.3585270447],[-107.7225838296,40.359057027],[-107.7219200007,40.3597054541],[-107.7216320239,40.3602477749],[-107.7210223131,40.3608633248],[-107.7196120677,40.3614298666],[-107.7189127193,40.3619104456],[-107.7187578081,40.3624064914],[-107.7188545053,40.3631098617],[-107.719234285,40.364271668],[-107.7193826165,40.3648096866],[-107.7196197135,40.3653168548],[-107.7196599905,40.3658351219],[-107.7196470532,40.3661016634],[-107.7197454327,40.3663213129],[-107.7199793386,40.3664447244],[-107.7206109213,40.3664626544],[-107.7218047466,40.3661295482],[-107.7220273808,40.3660357871],[-107.7222677572,40.3660259087],[-107.7225863517,40.3662017788],[-107.7226911751,40.3667385487],[-107.7231509286,40.3671519468],[-107.7233549967,40.3674413146],[-107.7236453695,40.3677498194],[-107.7239792958,40.3680595568],[-107.7244834318,40.3684575164],[-107.7249173931,40.3689535796],[-107.7256121955,40.3701230707],[-107.726192851,40.3706227957],[-107.7264039098,40.3712934019],[-107.7261892381,40.3719019731],[-107.7252905026,40.3734724822],[-107.7247059955,40.3745761812],[-107.7243848846,40.3754394703],[-107.7243340338,40.3763054031],[-107.7246049365,40.377200365],[-107.7245443797,40.3779993581],[-107.7244419083,40.3783134013],[-107.7255334529,40.3787447033],[-107.7266516259,40.3790766554],[-107.7287581182,40.3792697762],[-107.7293462596,40.379286432],[-107.7302256385,40.3791445054],[-107.7310009455,40.378899556],[-107.7318851535,40.3786576658],[-107.7324087535,40.3786557981],[-107.7326177142,40.3788452029],[-107.7330469651,40.3794411973],[-107.7338942082,40.3808663888],[-107.73397007,40.3811020779],[-107.7339362066,40.3813513431],[-107.7336828858,40.3816277624],[-107.7331544962,40.3826303892],[-107.7331440623,40.3832973554],[-107.7336306498,40.3840617712],[-107.7341680549,40.3846775038],[-107.7347554774,40.3851611903],[-107.735585768,40.3855850126],[-107.7364644794,40.3859101151],[-107.7377829181,40.3861642077],[-107.7388988112,40.3860956282],[-107.7394474578,40.3860277019],[-107.7398532647,40.3857555642],[-107.7401566515,40.3857974983],[-107.7406424445,40.3861281546],[-107.7416479719,40.3869905891],[-107.7423661842,40.3874779316],[-107.74284737,40.3888093327],[-107.7432977539,40.3894225668],[-107.743987795,40.3900425458],[-107.7448981301,40.3906186903],[-107.7454323685,40.3908506037],[-107.7459698285,40.3910158769],[-107.7471633105,40.3911495823],[-107.7481001617,40.3911759609],[-107.7486278635,40.3910907296],[-107.7491992792,40.3914571167],[-107.750165276,40.3917845664],[-107.7506881774,40.3917992773],[-107.7510609759,40.3917597216],[-107.7515556703,40.39190708],[-107.7524830755,40.3925837404],[-107.7529737882,40.3928143879],[-107.7536024442,40.3928987791],[-107.754474762,40.3929066117],[-107.7550654376,40.3928731651],[-107.7556577112,40.3928063928],[-107.7559635386,40.3927983062],[-107.7562985434,40.3930912993],[-107.7573583499,40.3937382712],[-107.7583030618,40.3947154654],[-107.7586443495,40.3948704606],[-107.7601263429,40.3945643764],[-107.7609826773,40.3944743796],[-107.7611637827,40.39425145],[-107.7612857562,40.3939291537],[-107.7615218526,40.3934471968],[-107.7617423693,40.3932905284],[-107.7622401955,40.393125321],[-107.7629956248,40.3929184894],[-107.7639020514,40.3922273021],[-107.7646146798,40.3915795401],[-107.7647480685,40.3905735443],[-107.7651322645,40.3901120144],[-107.7658274892,40.3893823132],[-107.7663613363,40.3889086931],[-107.7663177715,40.388484031],[-107.7662435955,40.3882539557],[-107.766315952,40.3880768394],[-107.767174309,40.3874982824],[-107.7693241078,40.3861903954],[-107.7714761653,40.3848336742],[-107.7724983553,40.3843899449],[-107.7732544189,40.3841667814],[-107.7757554219,40.3838831823],[-107.7755674757,40.3834496348],[-107.7755899878,40.3829779672],[-107.7761005895,40.3820964884],[-107.7770408726,40.3806895507],[-107.7770501797,40.380494377],[-107.7768035022,40.3803083482],[-107.776138456,40.3799640728],[-107.7754703026,40.3796848482],[-107.7749595733,40.3792308673],[-107.774213712,40.3770114334],[-107.7740336489,40.3763223831],[-107.7741648385,40.3758048964],[-107.7742816308,40.3747332634],[-107.7746616123,40.3747703758],[-107.774810216,40.3747186363],[-107.7757196358,40.3740361404],[-107.7764454446,40.373627957],[-107.777651521,40.3733635532],[-107.7798610708,40.3729967086],[-107.7811338939,40.3728645233],[-107.7819697615,40.3727015258],[-107.7823461407,40.3724698449],[-107.782808355,40.3714581626],[-107.7839940399,40.3705970223],[-107.7851412333,40.3700328488],[-107.7874426156,40.3687556313],[-107.7878557562,40.3684171782],[-107.788537825,40.3676106574],[-107.7892693487,40.3657628139],[-107.7897066203,40.3653260225],[-107.7901428698,40.3653091782],[-107.7906412834,40.36563442],[-107.7907940419,40.3659499926],[-107.7909677025,40.3666789193],[-107.7911881532,40.3680173953],[-107.7914835736,40.3693724241],[-107.7918112677,40.3700476986],[-107.7924109423,40.3709767174],[-107.7931615331,40.3715189068],[-107.7948710547,40.3722035674],[-107.795455899,40.3722487442],[-107.7960448468,40.3722071579],[-107.7964209972,40.3722610362],[-107.796622152,40.3724114292],[-107.7974725478,40.3732459893],[-107.797732048,40.3733760431],[-107.7981898409,40.3732198312],[-107.7986598542,40.3729304144],[-107.7988857202,40.3726574679],[-107.7993656267,40.3721589164],[-107.8007165078,40.3712540631],[-107.8013173483,40.3707704884],[-107.8014515127,40.3705066426],[-107.8013146377,40.3701852746],[-107.8012432928,40.3697674467],[-107.8010688068,40.3692734269],[-107.8007874642,40.3687910059],[-107.8001894635,40.3682509714],[-107.7996110532,40.3676183991],[-107.799224611,40.3671074804],[-107.7986396259,40.3666143223],[-107.7981734087,40.3661826133],[-107.798195964,40.3660273556],[-107.7989053017,40.3655002632],[-107.7996206804,40.3648453679],[-107.799946448,40.364389074],[-107.8000213623,40.3634488863],[-107.800264033,40.3631415241],[-107.8005310231,40.3629627771],[-107.8009189646,40.3627990248],[-107.8015109448,40.3625013262],[-107.8021274399,40.3620065419],[-107.8027635333,40.3612941374],[-107.8029910517,40.3605077408],[-107.8031088752,40.360252169],[-107.8034070939,40.3597589274],[-107.8040417235,40.3593073443],[-107.8043096762,40.3590073877],[-107.804672022,40.3584997421],[-107.8052386838,40.3581433339],[-107.805569965,40.3578451249],[-107.8060045678,40.3575983071],[-107.80657783,40.3575494458],[-107.8070582284,40.3576759629],[-107.8075213321,40.3577211101],[-107.8079655988,40.3577172054],[-107.8092721638,40.3573650479],[-107.8102975327,40.3566977407],[-107.8116052615,40.3554234773],[-107.8126511381,40.3543199229],[-107.8132690916,40.3537707663],[-107.8147806548,40.3535536221],[-107.8150205645,40.3533984518],[-107.8153002276,40.3528480481],[-107.8154935139,40.3523357033],[-107.8155638939,40.3517390817],[-107.8158477252,40.3510998164],[-107.8163653756,40.3504346363],[-107.8170808237,40.3491601624],[-107.8170914665,40.3489339774],[-107.8170003321,40.3486240977],[-107.8170547328,40.3483667602],[-107.8171890232,40.3482086843],[-107.8172019586,40.3479340299],[-107.8170792248,40.3473967962],[-107.8171164624,40.3466051397],[-107.8173791642,40.3459652848],[-107.8195954076,40.34424681],[-107.8198893711,40.3440539119],[-107.8202407701,40.3429312292],[-107.8206749706,40.3420423667],[-107.8211021126,40.3413034432],[-107.8211255951,40.3408036293],[-107.8212259895,40.3405228124],[-107.8224121475,40.3394043882],[-107.8231510969,40.3385238921],[-107.8233775548,40.3378795217],[-107.8234088342,40.3372131152],[-107.8237837739,40.3366562454],[-107.8249972885,40.3344875943],[-107.825972607,40.3332132154],[-107.826446289,40.3324088111],[-107.8268376756,40.3310349744],[-107.8276122961,40.3298551498],[-107.8277561878,40.3295755149],[-107.8277686855,40.329308946],[-107.8280090108,40.3288317682],[-107.8287191295,40.3279037884],[-107.8292504026,40.3274578944],[-107.8297418019,40.3272044652],[-107.8298631294,40.3269408902],[-107.8297590405,40.3263708513],[-107.8293432782,40.3254753071],[-107.8290915011,40.3248011322],[-107.8290115426,40.3241817082],[-107.8291072764,40.3235337349],[-107.8297262802,40.3224163644],[-107.8302044371,40.3219790706],[-107.8303677264,40.3217500012],[-107.8301602038,40.3215274451],[-107.8296292969,40.3212292961],[-107.8291605794,40.3209995694],[-107.8287424188,40.3206211029],[-107.828520155,40.320248001],[-107.8284914548,40.3199302504],[-107.8287317478,40.3194530717],[-107.8294469747,40.319072339],[-107.8299227749,40.3186850264],[-107.8307647073,40.3183911666],[-107.8319291796,40.3181895472],[-107.8336758884,40.3181206457],[-107.8341469803,40.3178332784],[-107.8347191605,40.3172484042],[-107.8360422736,40.3159834466],[-107.8365250078,40.3154461667],[-107.837557452,40.3147891683],[-107.8392712791,40.3140366179],[-107.8421597069,40.3128477608],[-107.8437958715,40.31234195],[-107.8450690532,40.3121431724],[-107.8455322968,40.312022355],[-107.8457157265,40.311827178],[-107.8467586083,40.309553537],[-107.8484916708,40.3078992596],[-107.8489672964,40.3075118631],[-107.8492183047,40.3072684644],[-107.8498019428,40.3069007047],[-107.8502550148,40.30652936],[-107.8504033947,40.3061497217],[-107.8503690956,40.3054815173],[-107.8505243029,40.3040177366],[-107.8509943918,40.3032798627],[-107.8514729693,40.3023587094],[-107.8518505633,40.3017350812],[-107.8523105479,40.3012137923],[-107.8528249631,40.3009275222],[-107.853940072,40.3003740154],[-107.8541887202,40.300180601],[-107.8543277811,40.3000008828],[-107.854496344,40.2996551467],[-107.8550968895,40.2992270553],[-107.8554575489,40.2991307998],[-107.8560885867,40.2991479721],[-107.8569061883,40.2993703851],[-107.8580735053,40.2995689428],[-107.8608977065,40.2997457728],[-107.8615955705,40.2997313643],[-107.8614461933,40.2991934862],[-107.861623053,40.2981973666],[-107.8626094695,40.2966560476],[-107.8627554498,40.2963263717],[-107.8681611692,40.2904511853],[-107.8707688172,40.2860339456],[-107.8750768286,40.2809456986],[-107.8761617281,40.2800908802],[-107.8771316895,40.2793663969],[-107.8782707838,40.2782794576],[-107.8794593909,40.2767670584],[-107.8803327845,40.275871566],[-107.8812836305,40.2749741396],[-107.8830936363,40.2733382704],[-107.8844954192,40.2726920845],[-107.8852136744,40.272227661],[-107.885694941,40.2717067994],[-107.8861411175,40.2710014919],[-107.8869624145,40.2701895097],[-107.8881774902,40.2693380764],[-107.8893578092,40.2687692819],[-107.8899092133,40.2686172991],[-107.8908288637,40.2685085837],[-107.8914321741,40.2681744797],[-107.8916641845,40.2678637562],[-107.8931890177,40.2669038216],[-107.893751853,40.2665018914],[-107.8951342798,40.2653212374],[-107.8960492564,40.2643615634],[-107.8970408886,40.2631537053],[-107.8988568879,40.2605833469],[-107.9000674097,40.2593479718],[-107.9011691636,40.2581096648],[-107.9023246816,40.2571230179],[-107.9034228416,40.2554842256],[-107.9046240655,40.2544487319],[-107.9052686837,40.2536819269],[-107.9055875602,40.253373506],[-107.9057759658,40.2530615796],[-107.905985914,40.2517993558],[-107.906277724,40.2516069811],[-107.9073938553,40.2510029213],[-107.9078854318,40.2502486862],[-107.9082685343,40.249007775],[-107.9089568021,40.2477583273],[-107.9096581866,40.247176516],[-107.9099231566,40.2466164107],[-107.9101514686,40.2459051721],[-107.9102755941,40.2450910696],[-107.910575429,40.2437645044],[-107.9108600925,40.242771171],[-107.9109720904,40.2422236602],[-107.9112746902,40.241314222],[-107.9114445536,40.2404512809],[-107.9119205454,40.2390793717],[-107.9119601855,40.2377291773],[-107.9120279115,40.237197157],[-107.9123390989,40.2370553239],[-107.9125446268,40.2368439409],[-107.9128530173,40.2362849871],[-107.9132453255,40.2357949884],[-107.9138335171,40.2348264462],[-107.9143008838,40.2341215688],[-107.9145544107,40.2338113847],[-107.9150546465,40.2333409424],[-107.9157730197,40.2328596396],[-107.9162271525,40.2324118034],[-107.9163566179,40.2319910424],[-107.9163252396,40.2317233007],[-107.9158473691,40.2307429877],[-107.915833189,40.230575778],[-107.9158806576,40.2300098592],[-107.9162298218,40.2285511351],[-107.916583323,40.2274762097],[-107.9168489103,40.226899418],[-107.917105423,40.2265225598],[-107.9174288369,40.225630343],[-107.9176515117,40.2255194988],[-107.9182182111,40.2255012377],[-107.9187497243,40.2252985408],[-107.918997905,40.225104966],[-107.9190721879,40.2249067557],[-107.919621835,40.224304159],[-107.9201902027,40.2237687783],[-107.9209144849,40.2231541472],[-107.9212166906,40.2227284484],[-107.9214663719,40.2225015478],[-107.9217122739,40.2223579533],[-107.9223628519,40.2224086311],[-107.9228845365,40.2224225147],[-107.9237494859,40.2225456272],[-107.9243498173,40.2227450968],[-107.9247672078,40.2231398866],[-107.9252520803,40.223486428],[-107.9257429917,40.2236996723],[-107.9262212067,40.2237123786],[-107.927107167,40.2238527076],[-107.9274557115,40.2238452786],[-107.9277840421,40.2238039571],[-107.9285314947,40.2231565257],[-107.928786416,40.2228129641],[-107.9290452131,40.2219023207],[-107.9293915919,40.2214610882],[-107.9297109606,40.2211359257],[-107.9300040722,40.2209101586],[-107.9305227332,40.2209906587],[-107.9314813163,40.2214498308],[-107.9320629404,40.2215820441],[-107.9326513364,40.2215642883],[-107.9330074009,40.2213902244],[-107.9342622398,40.2205893868],[-107.9349293661,40.2202734291],[-107.9352666863,40.220032132],[-107.9354488413,40.2198534571],[-107.9354534558,40.218785909],[-107.9356483779,40.2183239669],[-107.9357758447,40.2179102866],[-107.9360929085,40.2176350874],[-107.9367190672,40.2172485394],[-107.936939138,40.2172070831],[-107.9374712445,40.2174714137],[-107.9382244989,40.2176581798],[-107.9390939203,40.2176811982],[-107.9396035897,40.2174778184],[-107.9404872527,40.2171842371],[-107.9415882805,40.2173801893],[-107.9421309196,40.2174112169],[-107.9427012844,40.2173095221],[-107.9432799026,40.2170245377],[-107.9434695225,40.2166792213],[-107.943925199,40.2152565929],[-107.9441807592,40.214896318],[-107.9444865479,40.2148710396],[-107.9449414798,40.2149164202],[-107.9455897885,40.215016952],[-107.9461691428,40.2151990817],[-107.9465828608,40.2151933237],[-107.9469800667,40.2150703502],[-107.9479850711,40.2144963153],[-107.9484594645,40.2141084593],[-107.9490822401,40.2138079256],[-107.9496060617,40.2132879063],[-107.9504004095,40.2125581526],[-107.9507014953,40.2123433356],[-107.9518063606,40.2125909688],[-107.9527784312,40.2127500408],[-107.9535158991,40.2128028371],[-107.9545726671,40.2130141738],[-107.9551865447,40.2133973594],[-107.9557307517,40.2138787894],[-107.9563694602,40.2146796715],[-107.9567509887,40.2149065825],[-107.9569863271,40.2149961877],[-107.9581344702,40.2146260182],[-107.9588974255,40.2145960358],[-107.9598155161,40.2145034],[-107.9605656701,40.2142728762],[-107.9613953448,40.2142112718],[-107.9619979616,40.2143605604],[-107.9627670142,40.2146810453],[-107.9634595564,40.2147659566],[-107.9639640898,40.2151629027],[-107.9642549835,40.2154708256],[-107.9642415896,40.2157707456],[-107.964133062,40.2162516981],[-107.9641451176,40.2164688828],[-107.9644276835,40.2164762943],[-107.9648960443,40.2162216716],[-107.965261668,40.2158308873],[-107.9655052256,40.215737189],[-107.9663213414,40.2154916874],[-107.967250421,40.2146288818],[-107.9682422505,40.2134067107],[-107.9686925555,40.2130681834],[-107.969477051,40.2125549121],[-107.969709245,40.2122273493],[-107.9700276432,40.21191872],[-107.9701887003,40.2117227497],[-107.9705057945,40.2119312471],[-107.9711864497,40.2122827242],[-107.9714803463,40.2125239758],[-107.971699375,40.2129801331],[-107.9718593546,40.213785078],[-107.9718873469,40.2143780386],[-107.9731816986,40.2143868978],[-107.9739125357,40.2145895274],[-107.9752339336,40.2147241953],[-107.9754947613,40.214731014],[-107.9769710552,40.2143191963],[-107.9777520375,40.2143729691],[-107.9779244385,40.2144108369],[-107.978150197,40.2147170226],[-107.9781099363,40.2151330314],[-107.9779365657,40.2160960847],[-107.9776777003,40.217023534],[-107.9774292084,40.2177177034],[-107.977272848,40.2182974986],[-107.9772654369,40.2184641303],[-107.977300766,40.2186485584],[-107.97747843,40.2188967398],[-107.9781442978,40.219254482],[-107.9788107341,40.2194387237],[-107.9793773712,40.2194201573],[-107.979975379,40.219185543],[-107.9808776925,40.2189588652],[-107.9819188484,40.2190360864],[-107.9826618779,40.2194558563],[-107.9836776045,40.2196158119],[-107.9842872781,40.22009882],[-107.9846128938,40.2206077934],[-107.9850306305,40.2210023718],[-107.9864759682,40.2212902859],[-107.9870308115,40.2215382956],[-107.9872610558,40.2217444844],[-107.987342837,40.2218633926],[-107.9875362655,40.2219184751],[-107.9889219916,40.2215875503],[-107.9897156275,40.2213579844],[-107.9904086939,40.2209422789],[-107.9905391212,40.2209456698],[-107.9908257338,40.2213535087],[-107.9912917732,40.222133034],[-107.9913654393,40.2224352245],[-107.9920470524,40.2227699271],[-107.9925532764,40.2231334167],[-107.9927467116,40.2231884992],[-107.9933771237,40.2232048914],[-107.9937090964,40.2230800656],[-107.9942695102,40.2227109363],[-107.9954426479,40.221773834],[-107.9956928131,40.2215300991],[-107.9961776715,40.2213925533],[-107.9965284323,40.2213349313],[-107.9969871326,40.2212967972],[-107.9974211586,40.2213247484],[-107.9978375074,40.2217526231],[-107.9993493374,40.2234934713],[-107.9999308022,40.2241258033],[-108.0000734071,40.2243463804],[-108.0003493907,40.2245036771],[-108.0007819627,40.2245649444],[-108.0011231623,40.2247239408],[-108.0017698752,40.2253579576],[-108.0022301744,40.2262707409],[-108.0022438318,40.2264546052],[-108.0020632977,40.2266000684],[-108.0012140542,40.2275956736],[-108.0007815417,40.2285186806],[-108.0007045543,40.2287836019],[-108.0005892231,40.2289307487],[-108.0010808356,40.2296274851],[-108.0015186818,40.2305563747],[-108.0017454353,40.2311680073],[-108.00171297,40.2315790359],[-108.0015538407,40.2322255264],[-108.0012693914,40.2327519872],[-108.0010995411,40.2331479648],[-108.0010225497,40.2334128872],[-108.0017087261,40.2336475529],[-108.0027107405,40.2341239516],[-108.0031482171,40.2345690399],[-108.0035868463,40.2354812528],[-108.0037027131,40.2368021717],[-108.0036714032,40.2370182358],[-108.0030228958,40.2379022644],[-108.002852314,40.2383149162],[-108.0028434902,40.2385148738],[-108.0029419033,40.238750969],[-108.0030720474,40.2392548297],[-108.0031639605,40.2406251707],[-108.0034145904,40.2408652222],[-108.0039762667,40.2409631885],[-108.0048460395,40.2409857151],[-108.0072708511,40.2417825276],[-108.0078347472,40.2418304876],[-108.0085899403,40.2419834934],[-108.0098095787,40.2424654598],[-108.0124453484,40.243417759],[-108.0129672381,40.2434312452],[-108.0135377393,40.2433292148],[-108.0136999796,40.2436003129],[-108.0137752339,40.2438691761],[-108.0139736398,40.2443080404],[-108.0140625815,40.244760762],[-108.0144831007,40.246089534],[-108.0145930555,40.2465594814],[-108.0146668796,40.2483464128],[-108.0145686699,40.2490945807],[-108.0147714856,40.2494334738],[-108.0150686175,40.2496079704],[-108.0152750845,40.2498635377],[-108.0152589824,40.2502301418],[-108.0152892946,40.2505311951],[-108.0155101991,40.2509539587],[-108.0154584118,40.2516366058],[-108.015659029,40.2520254811],[-108.0158249714,40.2522132702],[-108.0161873558,40.2523894476],[-108.0164786577,40.2526972496],[-108.016595227,40.2530172192],[-108.0167184014,40.2531872272],[-108.017097417,40.2534806052],[-108.0171553454,40.2536489267],[-108.0172980635,40.2538694739],[-108.0176575435,40.2541122991],[-108.0180901045,40.2546739833],[-108.0182712072,40.2550122979],[-108.0186219091,40.2554550846],[-108.0192096781,40.2559540276],[-108.0198032821,40.2563196634],[-108.0199286677,40.2564396698],[-108.020204093,40.2566135964],[-108.020454832,40.2568536108],[-108.0205018035,40.2572718806],[-108.0207960619,40.2575130208],[-108.0209314859,40.2579002018],[-108.0209481205,40.2580174117],[-108.0213555135,40.2582930548],[-108.0208274167,40.2582742043],[-108.0203445261,40.2583618584],[-108.0200551912,40.2585045443],[-108.0190595928,40.2588625739],[-108.0185977058,40.2589674446],[-108.0178785001,40.2589822584],[-108.0175209501,40.259189904],[-108.0167558048,40.2597540467],[-108.0163554993,40.2599439106],[-108.015675362,40.2600598138],[-108.015077844,40.2602779462],[-108.0147210315,40.2604689266],[-108.0137850104,40.2604614358],[-108.013357808,40.2607673644],[-108.0129007945,40.2612560307],[-108.0125016762,40.2619130144],[-108.012225254,40.2622562051],[-108.0121924928,40.2625055896],[-108.0114825025,40.2628041959],[-108.0104745945,40.2629449732],[-108.0098474764,40.2628453487],[-108.0094385984,40.2627346737],[-108.0088955514,40.2627039504],[-108.0082241987,40.262619844],[-108.0070518364,40.2625394546],[-108.0064682211,40.262440932],[-108.0057824749,40.2621896231],[-108.0048733356,40.2620659746],[-108.0043454254,40.2621857661],[-108.00363835,40.2624176656],[-108.0026865286,40.2632604898],[-108.00216858,40.2636474404],[-108.0011485177,40.2645551908],[-108.0007378301,40.2649782796],[-107.9999794904,40.265876138],[-107.9998947214,40.2668081468],[-107.9997726991,40.2671052674],[-107.9995172006,40.2674656514],[-107.9992676008,40.2676927264],[-107.9989586479,40.2677848047],[-107.9976324608,40.2677336734],[-107.9972836761,40.267741312],[-107.9969964625,40.2678339401],[-107.9962340045,40.2683312897],[-107.9955426832,40.2686970224],[-107.9949667757,40.2689156169],[-107.9946323601,40.2690904181],[-107.9943753473,40.2694841133],[-107.9943417838,40.2697501578],[-107.9943756905,40.2699679066],[-107.9945581889,40.2702729322],[-107.9950168342,40.2707352796],[-107.9951392481,40.2709219649],[-107.9952166566,40.2711408653],[-107.9951583899,40.2714729783],[-107.9951513505,40.2721234102],[-107.9951937332,40.2726416652],[-107.9953832259,40.2732805288],[-107.9954894015,40.2738337995],[-107.9955347329,40.2742853966],[-107.9955266116,40.2744686909],[-107.9954299965,40.2746830458],[-107.9953827891,40.2747652368],[-107.9949019661,40.2748027882],[-107.9941722355,40.2750507295],[-107.9938565856,40.2752927508],[-107.9936264813,40.2755703796],[-107.9930729123,40.2767571074],[-107.992911023,40.2769697652],[-107.9925975749,40.2771618003],[-107.9921993228,40.2773015784],[-107.992017152,40.2774803438],[-107.9919986637,40.2778969241],[-107.9917770017,40.2784750407],[-107.9918680358,40.2788777797],[-107.9920940572,40.2791839449],[-107.9920468424,40.2792661248],[-107.9917813199,40.2793593139],[-107.9914070276,40.2794496676],[-107.9908092661,40.2796676564],[-107.9904065605,40.2799074098],[-107.9900421724,40.2802649306],[-107.9895984741,40.2809373584],[-107.9890086819,40.2819563036],[-107.9882319345,40.2827701843],[-107.9877671644,40.2834253641],[-107.9877007011,40.2839407889],[-107.9876814507,40.2843740247],[-107.9876975776,40.2849916919],[-107.9876022206,40.2855320732],[-107.9877498197,40.2857771131],[-107.9883029453,40.2860751281],[-107.9889693295,40.2862759954],[-107.9896552338,40.2865274048],[-107.9899742206,40.286702534],[-107.9902445062,40.2869931728],[-107.9902304549,40.2873097744],[-107.9896856031,40.2882965228],[-107.9896364656,40.2889124894],[-107.9897122634,40.2901489559],[-107.9896059909,40.2905799215],[-107.9892603413,40.2910046643],[-107.9891753798,40.2919366609],[-107.9889978814,40.2924992362],[-107.9884699996,40.2931027289],[-107.9882939875,40.2936319726],[-107.9871197313,40.2950527277],[-107.9862871447,40.2956482682],[-107.9854802809,40.2966448469],[-107.9853381232,40.2973918466],[-107.9854224756,40.297944555],[-107.985537481,40.2982978872],[-107.9854776451,40.2986633382],[-107.9848057476,40.2995633348],[-107.9844165186,40.2999869197],[-107.9840309663,40.3003271899],[-107.9831090066,40.3009704192],[-107.9819891811,40.3021423062],[-107.9813103005,40.3027084555],[-107.9811079735,40.3033371036],[-107.9810775383,40.3040202757],[-107.9811870535,40.3054744929],[-107.980637463,40.3065611674],[-107.9803426271,40.3068203794],[-107.9790347258,40.3073200346],[-107.9782536345,40.3077333504],[-107.9775333509,40.3082483536],[-107.9757532594,40.3105372976],[-107.9749116458,40.3118164924],[-107.9734426419,40.3134796176],[-107.9725122112,40.3143060367],[-107.9719562728,40.31504218],[-107.9717785776,40.3156047162],[-107.971236935,40.3165080427],[-107.9701285569,40.3174131934],[-107.9684708647,40.3189044896],[-107.9678892094,40.3192395559],[-107.9673397735,40.3193419168],[-107.9670921013,40.3195189187],[-107.966361277,40.3207509013],[-107.9661204429,40.3212617342],[-107.9658187819,40.3216708594],[-107.9651177789,40.3222363381],[-107.9645676784,40.3228391308],[-107.9638020862,40.323386208],[-107.9634118288,40.3238263773],[-107.9629606627,40.3241665133],[-107.9628804023,40.3244980487],[-107.9628498407,40.3256649916],[-107.9627178233,40.3261786764],[-107.9625722466,40.326508491],[-107.9625602799,40.32677509],[-107.9626413811,40.326910679],[-107.9626324084,40.3271106282],[-107.9624845933,40.3274904366],[-107.9617992934,40.3281897561],[-107.961336943,40.3287781529],[-107.9610284713,40.3293372312],[-107.9609474511,40.329685431],[-107.9607973706,40.3301152147],[-107.9606577541,40.3303117271],[-107.9606615714,40.3307122036],[-107.9608275233,40.3309000774],[-107.9609484297,40.3311201181],[-107.9609612265,40.3313206443],[-107.9607135772,40.331981416],[-107.9606130848,40.3327628257],[-107.960465249,40.333142632],[-107.960326366,40.3333224824],[-107.9597670912,40.3336414132],[-107.9596650268,40.3339723714],[-107.9597205964,40.3341906989],[-107.9597446867,40.334625072],[-107.9595562705,40.3349370753],[-107.9593273053,40.3351812791],[-107.958989479,40.3354226248],[-107.958600598,40.3358294429],[-107.9582147173,40.336169609],[-107.9581809595,40.3364356394],[-107.9582523352,40.3367878357],[-107.9584273268,40.3372595377],[-107.9588426512,40.3382046699],[-107.9590439319,40.3385769777],[-107.9595463107,40.3390406082],[-107.9604798511,40.3405832402],[-107.9607051539,40.3409061269],[-107.9607427245,40.3410405621],[-107.9606901866,40.3412393752],[-107.9605963463,40.3413870499],[-107.9593619898,40.3421719981],[-107.9587312999,40.3426225069],[-107.9584797723,40.3428827982],[-107.9583236505,40.3434458772],[-107.9584543598,40.3439330968],[-107.9585978075,40.3441370626],[-107.9585798373,40.3445369587],[-107.9583958962,40.3447489805],[-107.9579431185,40.3451207554],[-107.9575992235,40.3454953868],[-107.9574963792,40.3458430093],[-107.957226861,40.3465031952],[-107.9569364338,40.3478972278],[-107.9564036305,40.3490908257],[-107.9556493628,40.3493713411],[-107.9542817494,40.349541421],[-107.9519391856,40.3495472487],[-107.9509333531,40.349645004],[-107.9501375341,40.3498634836],[-107.9495431873,40.3500874443],[-107.9473231608,40.3524143517],[-107.9455072158,40.3539989016],[-107.943762372,40.3549726739],[-107.9427026973,40.3551667317],[-107.942600459,40.3555925346],[-107.9421917818,40.3564325038],[-107.9418394553,40.3569903702],[-107.9414074712,40.3578630879],[-107.9410806865,40.3583382173],[-107.9406877969,40.3588282697],[-107.9402385995,40.3591166567],[-107.93988408,40.3592407261],[-107.9394281851,40.3591952812],[-107.9391713392,40.3590883943],[-107.9381154853,40.3583264034],[-107.9376896792,40.3580982541],[-107.9373396874,40.3581223481],[-107.9371766533,40.3583515759],[-107.9366980153,40.3592897547],[-107.9362839561,40.3602463427],[-107.9360052206,40.3606226348],[-107.9358977083,40.3610701916],[-107.9355896249,40.3616125413],[-107.9338926638,40.3624850222],[-107.9331752313,40.362916399],[-107.9327123817,40.3635046617],[-107.9320121727,40.3640365941],[-107.9316680511,40.3644111293],[-107.9312051668,40.364999387],[-107.9310082226,40.3654946138],[-107.9307524015,40.3668056964],[-107.9303963142,40.366963057],[-107.9299816697,40.3669687266],[-107.9293529886,40.3668852891],[-107.9285627379,40.3669977439],[-107.928085596,40.3674187848],[-107.9274093739,40.3679012632],[-107.9268865001,40.3683254584],[-107.926494068,40.3691640709],[-107.925172203,40.3705936943],[-107.9252187016,40.3709908747],[-107.925229678,40.3717084978],[-107.9253384051,40.3721951667],[-107.9253276084,40.3729121951],[-107.9252357192,40.3734936196],[-107.9247507246,40.3745650404],[-107.9245139218,40.3749757858],[-107.9244784808,40.3752751139],[-107.9243994722,40.3755732929],[-107.9241071529,40.375765692],[-107.9238351108,40.3759919942],[-107.9231655935,40.3763244862],[-107.9225591519,40.376708704],[-107.9218992781,40.3773083547],[-107.9216330559,40.3778851323],[-107.9214509506,40.3785308853],[-107.9212515085,40.3790481466],[-107.9212999327,40.3794515136],[-107.9211387768,40.3798196806],[-107.9208891848,40.3799171893],[-107.9201313419,40.380135299],[-107.9200192734,40.380307892],[-107.9188860033,40.380793205],[-107.9184792013,40.3808300173],[-107.9176999944,40.3808330679],[-107.917596307,40.3810566986],[-107.9175617423,40.3814728184],[-107.9174547882,40.3817678586],[-107.917286676,40.3820374344],[-107.9164594791,40.3824085733],[-107.9155018051,40.3829073024],[-107.9147889802,40.3831623243],[-107.9140149682,40.3833918883],[-107.9130580093,40.3835331402],[-107.9123951263,40.3837179913],[-107.912132507,40.3840088527],[-107.9118573859,40.3845734664],[-107.9117283162,40.3850108889],[-107.9107485773,40.386331161],[-107.910463316,40.3867763296],[-107.9095107446,40.3875015314],[-107.909135894,40.3878608954],[-107.908828747,40.388102906],[-107.9086537241,40.3881816244],[-107.908262449,40.3882188192],[-107.9068074839,40.3897050724],[-107.9065112812,40.3903882422],[-107.906266427,40.3913111121],[-107.9057631924,40.391750428],[-107.9055895599,40.3921389937],[-107.9054751502,40.3922550829],[-107.904579769,40.3924098233],[-107.9043184373,40.3923313303],[-107.9040609231,40.3921695178],[-107.9037621696,40.3918874593],[-107.9035486312,40.3917864134],[-107.9033129765,40.3918277611],[-107.9026213118,40.3922977564],[-107.9018010296,40.3931932602],[-107.9011235405,40.3940330122],[-107.9009621496,40.3944933934],[-107.9008288847,40.3946804708],[-107.9005421563,40.3948157634],[-107.8999263666,40.3949898923],[-107.8995740851,40.3951949142],[-107.898942705,40.3960478082],[-107.8987622553,40.3964556737],[-107.8984746115,40.3967382611],[-107.8984352763,40.3969159454],[-107.8985431176,40.3976218556],[-107.8983601377,40.3982127216],[-107.8986228384,40.3986010759],[-107.8990371231,40.3987432661],[-107.8994453809,40.3990163724],[-107.8998716664,40.3995759267],[-107.9005655992,40.4004167229],[-107.9004391525,40.4007946304],[-107.9000076434,40.4013669154],[-107.8998355814,40.4017197722],[-107.8993406906,40.4023141823],[-107.8993199204,40.4027664193],[-107.8993496839,40.4031366016],[-107.8996946116,40.4034318326],[-107.9000657654,40.403835008],[-107.9003451576,40.4041999602],[-107.9003738276,40.4045939578],[-107.900495354,40.4050023436],[-107.9007941432,40.4052844186],[-107.9010232944,40.4053858958],[-107.9012180307,40.4055579362],[-107.9011410046,40.4058775951],[-107.9010713611,40.4063761761],[-107.9012423307,40.406726322],[-107.9017965031,40.4072178037],[-107.902189265,40.4074904789],[-107.9029552122,40.4077152509],[-107.9031422078,40.4079204581],[-107.9033816081,40.4084106352],[-107.9040286337,40.4095289869],[-107.9040359036,40.4098461313],[-107.9038030555,40.410640619],[-107.9040764764,40.4108648076],[-107.9045445412,40.4111275937],[-107.9047323077,40.4113161153],[-107.9052064953,40.4114455979],[-107.9060137519,40.411450532],[-107.9063051717,40.4117586103],[-107.9063988794,40.412094773],[-107.9064540006,40.4127968737],[-107.9066184519,40.4130181437],[-107.9069623175,40.4132218743],[-107.9065833228,40.413784567],[-107.9061799107,40.4144910697],[-107.9058059337,40.4150315639],[-107.9047164479,40.4164203248],[-107.9033435396,40.4178014811],[-107.9024406018,40.418928321],[-107.9009135287,40.4203233644],[-107.9007785909,40.4208988967],[-107.9005468141,40.4211929579],[-107.8998468563,40.4213671774],[-107.8995007692,40.4216319688],[-107.8991871364,40.4218070509],[-107.8989258869,40.4222671332],[-107.8987423116,40.4224623782],[-107.8987411229,40.4229627999],[-107.8988401731,40.423182317],[-107.8990520498,40.4233214669],[-107.8990413407,40.42355472],[-107.8988779922,40.4237838826],[-107.8988439376,40.4240498766],[-107.8992803232,40.4245286782],[-107.8993873884,40.4250486928],[-107.8994095484,40.4255163722],[-107.8995873848,40.4259215058],[-107.9001343171,40.4263699207],[-107.9001454078,40.4266037596],[-107.899776666,40.4270275858],[-107.899426582,40.4275203166],[-107.8992659015,40.4281665877],[-107.8992976153,40.4289014444],[-107.899512163,40.4294576966],[-107.900069758,40.4315745708],[-107.9002273009,40.4328966576],[-107.9001695018,40.4336791476],[-107.8987856833,40.4367114499],[-107.8987757209,40.4369280456],[-107.8993495281,40.4380180627],[-107.9008747896,40.4406731459],[-107.9028131902,40.4426131445],[-107.9044879572,40.44516199],[-107.9059078167,40.4470517127],[-107.9063019273,40.4479797658],[-107.9063287336,40.4483474797],[-107.9057632405,40.4492498224],[-107.905708917,40.4494819188],[-107.905664931,40.4499645078],[-107.9058509011,40.4506701219],[-107.9061355849,40.4511281566],[-107.9063006704,40.4517848472],[-107.9063123796,40.4520337101],[-107.9052570935,40.4531397958],[-107.9046793027,40.4543087164],[-107.9033958489,40.4565763852],[-107.9025126513,40.4577371004],[-107.9019577435,40.4584061682],[-107.9016060337,40.4589305424],[-107.9014552481,40.4593602299],[-107.9014543195,40.4597286504],[-107.8998551847,40.4604349603],[-107.8997143453,40.4606480401],[-107.8996468056,40.4630650737],[-107.8994221095,40.4636762618],[-107.899014884,40.4639822839],[-107.8981216067,40.4644086948],[-107.8976278896,40.4646957037],[-107.8972394025,40.4650689471],[-107.8969377255,40.4659282844],[-107.8964581254,40.466382478],[-107.8959674519,40.466602841],[-107.8952735311,40.4669678646],[-107.8946599501,40.4674851934],[-107.8940846173,40.4681202912],[-107.8916201603,40.4704060986],[-107.8905314581,40.4712776013],[-107.888445601,40.4724558564],[-107.8863227239,40.4730158504],[-107.8850232134,40.4732477063],[-107.8845971323,40.47348644],[-107.884235729,40.4737435981],[-107.8836889996,40.474229293],[-107.8823860331,40.4754786114],[-107.880103179,40.4776022412],[-107.8777180342,40.4795729393],[-107.8769343046,40.4799854524],[-107.8762899597,40.480218253],[-107.8755886608,40.480266009],[-107.8740262306,40.4800402162],[-107.873380184,40.4798392274],[-107.8728354955,40.4798077945],[-107.8719667739,40.4801679423],[-107.8705099745,40.4814296326],[-107.8688138817,40.4826681318],[-107.8671714425,40.4836911998],[-107.8656333062,40.4843500961],[-107.8642104507,40.4848786233],[-107.8635122952,40.4853267443],[-107.8627806612,40.4860241762],[-107.8611575479,40.4870977328],[-107.8590227889,40.4897508284],[-107.8586378318,40.4903007941],[-107.8579635394,40.4909310244],[-107.8555453173,40.4926501092],[-107.8553427039,40.4932451309],[-107.8555266751,40.4939841231],[-107.8562617362,40.495555527],[-107.8562703248,40.4958393494],[-107.85576999,40.4967265268],[-107.85468977,40.497864802],[-107.8537731674,40.498306917],[-107.8534590625,40.4984818557],[-107.8530523483,40.4987676966],[-107.8529089439,40.499497783],[-107.8530321095,40.5006021119],[-107.8533540316,40.5011947433],[-107.8530812189,40.5014208469],[-107.8527826844,40.5017296586],[-107.8524100944,40.5022199413],[-107.8525114345,40.5028566017],[-107.8522783518,40.504101361],[-107.8519127691,40.5044417036],[-107.8516032976,40.5049837559],[-107.8513507253,40.5052437723],[-107.8506748766,40.5056757396],[-107.8504901249,40.5058875556],[-107.8503887748,40.5061850657],[-107.8503708231,40.5070353241],[-107.8503333827,40.5073679394],[-107.8502819314,40.5075333414],[-107.8498077184,40.5078371576],[-107.8495312323,40.5076963639],[-107.8491406776,40.5076356538],[-107.8487813007,40.5078427063],[-107.8483486288,40.5082145719],[-107.848072657,40.5085073054],[-107.8478309603,40.5090011435],[-107.8474785521,40.5095253304],[-107.8472711358,40.5102202908],[-107.8469865513,40.5106962803],[-107.8464703895,40.5114495279],[-107.8463939265,40.5121480678],[-107.8463681465,40.5126978492],[-107.8460273757,40.513439205],[-107.8457116162,40.5136474348],[-107.8449514594,40.5140103419],[-107.8442559837,40.5143916856],[-107.8441171948,40.5145547029],[-107.8440173688,40.5148188764],[-107.8435347078,40.5153228119],[-107.8433459969,40.515617915],[-107.8432098412,40.5160672446],[-107.8429232565,40.5167073316],[-107.8428584837,40.5171559552],[-107.8426151542,40.5176831154],[-107.8424997452,40.5178134082],[-107.8421660318,40.5179377257],[-107.8413255245,40.5181482777],[-107.8409676198,40.5183219793],[-107.8408498706,40.5185022481],[-107.8406705249,40.5185974366],[-107.8404069895,40.5186235818],[-107.8399275001,40.518593789],[-107.8395696965,40.5183003967],[-107.8388915101,40.5178481107],[-107.8385617982,40.5174220483],[-107.8384449167,40.517118576],[-107.8383756256,40.5167330034],[-107.8382002018,40.5167448826],[-107.837926481,40.5169876097],[-107.8377253126,40.5170821833],[-107.8373939458,40.517156512],[-107.8369854522,40.5170118689],[-107.8362939509,40.5168427952],[-107.8360974981,40.5168374057],[-107.8355008863,40.5174382697],[-107.8348950165,40.5177719766],[-107.8345675681,40.5177629921],[-107.8342416885,40.5177206853],[-107.8337372418,40.5177569008],[-107.8332601269,40.5176770856],[-107.8328665484,40.5172158881],[-107.8320473596,40.5165094759],[-107.8315562769,40.5162624539],[-107.8309887126,40.5162468803],[-107.8307065018,40.5162057626],[-107.8300563228,40.5160878263],[-107.8297125594,40.5159616199],[-107.8295489168,40.5157235869],[-107.8294788794,40.5153546722],[-107.8296302864,40.5149251064],[-107.83045774,40.514063719],[-107.8304648154,40.5139137736],[-107.8303798545,40.5138613974],[-107.8301413138,40.5138214866],[-107.829796766,40.5137119278],[-107.8294374574,40.5134518489],[-107.8291078388,40.5130257562],[-107.8289910097,40.5127222814],[-107.8288242399,40.5125508884],[-107.8287158913,40.5125312309],[-107.8283517142,40.5128381773],[-107.8273090905,40.513626913],[-107.8265690894,40.5140236068],[-107.8260560303,40.5142430352],[-107.8249115101,40.5144117453],[-107.8239197616,40.5145846434],[-107.8227175932,40.5145849257],[-107.8222576296,40.5146056259],[-107.8217182081,40.5144573269],[-107.8211601161,40.5142417836],[-107.8208000513,40.5139983307],[-107.8205359751,40.5135740193],[-107.8203442506,40.5134686497],[-107.8194561299,40.5137611348],[-107.8189656717,40.5139644766],[-107.8180417835,40.5140891457],[-107.817474237,40.5140735049],[-107.8164148996,40.5138274367],[-107.8157110052,40.5136036578],[-107.8145069064,40.5130408234],[-107.8138801963,40.5128900744],[-107.811826792,40.5128667499],[-107.8113847062,40.5129713074],[-107.8109386638,40.5131591591],[-107.8099703299,40.5132992184],[-107.8097643933,40.5134937081],[-107.8093612107,40.5136994189],[-107.8089377722,40.5138712113],[-107.8084738503,40.5139751541],[-107.8081924506,40.5139173348],[-107.8076991084,40.5137202086],[-107.8074029996,40.5135118304],[-107.8070398287,40.5133349716],[-107.8056872866,40.5132808813],[-107.8052368186,40.5131015991],[-107.8049907173,40.5127611579],[-107.8048700445,40.5125409604],[-107.8042215467,40.512389553],[-107.8037187118,40.5123923148],[-107.802838842,40.5120510056],[-107.8022311844,40.5115003754],[-107.8015759254,40.5110318257],[-107.8013350395,40.5110418303],[-107.8012024956,40.5110715192],[-107.8008671583,40.5112290417],[-107.800640966,40.511389596],[-107.8004397562,40.5114840988],[-107.8001294206,40.5115755828],[-107.7993742382,40.5122886252],[-107.7989980278,40.5128453553],[-107.7986257939,40.5133187954],[-107.7977824564,40.5140460709],[-107.797148266,40.5145122422],[-107.7969883288,40.5146579356],[-107.796722416,40.5147339589],[-107.7959786726,40.5147466823],[-107.7954960663,40.5147833374],[-107.7951742041,40.514657631],[-107.7950599052,40.5143041488],[-107.7950166538,40.5138358708],[-107.7950587385,40.5129529274],[-107.7948289592,40.5127296864],[-107.7943170056,40.5124652539],[-107.7933732875,40.5120887304],[-107.7929466465,40.5123270987],[-107.792785912,40.5124894521],[-107.7921770599,40.5133399543],[-107.7919242558,40.513599841],[-107.7915678538,40.5137400638],[-107.7909761209,40.5137736634],[-107.7901724639,40.5136678993],[-107.7899879485,40.5134125597],[-107.7895891243,40.5130678476],[-107.7895581932,40.5128000777],[-107.7893462864,40.5126607374],[-107.7888748351,40.5124641281],[-107.7883272123,40.5120318601],[-107.7872735988,40.5116689198],[-107.7864973729,40.5114471414],[-107.785605664,40.5113555847],[-107.7847270083,40.5114478863],[-107.7839423571,40.5118597484],[-107.7828315626,40.5117787511],[-107.782245122,40.5112452822],[-107.7814614387,40.5107230009],[-107.7805122477,40.5104629776],[-107.7796689907,40.5102726614],[-107.7789236929,40.5103185848],[-107.7784783902,40.510489659],[-107.7779465748,40.5106416285],[-107.7775560882,40.5105806818],[-107.7768962324,40.5102119568],[-107.7765073482,40.5101176976],[-107.7761086251,40.5097729346],[-107.7757487643,40.509529344],[-107.7753300786,40.5096010539],[-107.7743542926,40.5094403473],[-107.7738416507,40.5091924769],[-107.7732393116,40.5089921553],[-107.7731568154,40.5088897613],[-107.7728592439,40.5087146248],[-107.7716684487,40.5087131196],[-107.771516438,40.5089156143],[-107.7714119968,40.5091919353],[-107.7715967752,40.5095183941],[-107.7721969454,40.5102191144],[-107.7726693718,40.5108495294],[-107.7727398901,40.5112018048],[-107.7725136258,40.51136229],[-107.772423359,40.5118768948],[-107.7725431253,40.5121137766],[-107.7724227958,40.5123439479],[-107.7721488803,40.5125865066],[-107.77209483,40.5128018546],[-107.7729037216,40.5137085763],[-107.7730881761,40.5139639542],[-107.773105197,40.5140645177],[-107.7726121957,40.5143176369],[-107.7712643773,40.5155310416],[-107.7703817986,40.516158595],[-107.7699310516,40.5168966349],[-107.7696094552,40.5172212624],[-107.7694316193,40.5172830153],[-107.769148657,40.5172584084],[-107.7687014675,40.5170123607],[-107.7672081216,40.5167036457],[-107.7668021993,40.5165087793],[-107.7663890736,40.5164638509],[-107.7656186689,40.5165757027],[-107.7647319113,40.5168344429],[-107.7638555776,40.5168766074],[-107.7630819658,40.5170550906],[-107.7620730509,40.5171268902],[-107.7614255846,40.5174089828],[-107.760791383,40.5175651039],[-107.7604611259,40.5174653349],[-107.7601999883,40.5174413218],[-107.7595952263,40.5172908872],[-107.7592556086,40.5170811804],[-107.7588278792,40.5168856817],[-107.7582967664,40.5170208871],[-107.7579911778,40.5170123156],[-107.7576871862,40.516970413],[-107.7571276918,40.5167878846],[-107.756682961,40.5164918124],[-107.7564841058,40.5165362712],[-107.756164845,40.5168108782],[-107.7560169942,40.517157028],[-107.7558514669,40.5178696691],[-107.7555201408,40.5183941561],[-107.7550804779,40.5188989194],[-107.7541486159,40.5200904467],[-107.7534461725,40.5206044961],[-107.7521478788,40.5212352207],[-107.7507582233,40.5219467687],[-107.7503063336,40.5222509828],[-107.7499167063,40.5226236743],[-107.7493711172,40.5235091082],[-107.7490462376,40.5243507001],[-107.7488619951,40.5249960767],[-107.7487633892,40.5252268317],[-107.7485346115,40.52543725],[-107.7481748476,40.5256439669],[-107.7473728099,40.5259549998],[-107.7464543085,40.5259624754],[-107.7457751368,40.5259933634],[-107.7455721998,40.5261210936],[-107.7452060249,40.5269114692],[-107.7449303247,40.5271872788],[-107.7445244628,40.5274427302],[-107.7441582154,40.5277827067],[-107.7440038211,40.5282620994],[-107.7438405819,40.5293751352],[-107.7438147565,40.5299082123],[-107.7442053478,40.5304196609],[-107.7447714215,40.5309193804],[-107.7448716985,40.5311056996],[-107.7447989469,40.5312537823],[-107.7442191989,40.5314876494],[-107.744124604,40.5316351033],[-107.7441019999,40.5321015466],[-107.7441359792,40.5323026748],[-107.74442953,40.5325611712],[-107.7451370923,40.5328480307],[-107.7456918543,40.5331305714],[-107.7461326065,40.5335099893],[-107.7463356102,40.5338326399],[-107.7464949556,40.5341540787],[-107.7466074047,40.5345409173],[-107.7468693388,40.5348223877],[-107.7467850113,40.5353883166],[-107.7469589347,40.5358603014],[-107.7466912743,40.5359695232],[-107.7460572873,40.5359683274],[-107.7455122366,40.5359362781],[-107.74463161,40.5360615754],[-107.7437623218,40.5364040429],[-107.7425437092,40.5371870366],[-107.7421329331,40.5375424232],[-107.7419089187,40.5376528681],[-107.7411220606,40.5376473393],[-107.7408851171,40.5375739249],[-107.7404993721,40.5374128977],[-107.7400173861,40.5369822556],[-107.7393761124,40.5366805677],[-107.738515679,40.5363893592],[-107.7375016198,40.5361104734],[-107.7370738367,40.5359148963],[-107.7369549686,40.5356613189],[-107.7369460901,40.5349437793],[-107.7368272232,40.5346902017],[-107.7365967674,40.534483513],[-107.7360590281,40.534301492],[-107.7357258762,40.5339584506],[-107.7352421121,40.5331157181],[-107.7344795996,40.532610387],[-107.7341011885,40.5322994267],[-107.7339815262,40.5320625023],[-107.7336176587,40.5319020846],[-107.7331430164,40.5317718703],[-107.7310762801,40.5311128388],[-107.7303267442,40.5307913489],[-107.7299119366,40.5307795944],[-107.7284193229,40.5304537236],[-107.7279365863,40.5304900812],[-107.7270568257,40.5305985859],[-107.7265102112,40.5305997673],[-107.7248994405,40.5309043737],[-107.7229644212,40.5311330337],[-107.7219188205,40.5315036896],[-107.7203233256,40.5319421182],[-107.7193246215,40.5322473611],[-107.7188304839,40.5325168872],[-107.718297423,40.5331356158],[-107.7177402158,40.5333533074],[-107.7162619643,40.5336282037],[-107.7155584421,40.5337082722],[-107.7148420351,40.5336044744],[-107.714200083,40.5333193066],[-107.7130576402,40.5329865189],[-107.7121949387,40.5327450944],[-107.710875408,40.532457293],[-107.710153308,40.532470066],[-107.7094675378,40.5326340077],[-107.7087866719,40.5326980014],[-107.7064336912,40.5325308037],[-107.7058758581,40.5323147037],[-107.705150722,40.5319436996],[-107.7048920149,40.5318695974],[-107.7045410652,40.5318929391],[-107.7040826035,40.5318798451],[-107.7026327142,40.5320219244],[-107.701695583,40.5319617886],[-107.7013301668,40.5318345806],[-107.70103352,40.5316426091],[-107.7004708,40.5315264341],[-107.6999831465,40.5316626269],[-107.698668793,40.5326058849],[-107.697046396,40.5331433094],[-107.6966621472,40.5333991934],[-107.6964039848,40.5337588],[-107.6960380049,40.534532335],[-107.6959050815,40.5350122806],[-107.6955983179,40.5354705614],[-107.6950666669,40.5360558629],[-107.6946329824,40.5364271088],[-107.6936905928,40.5369172222],[-107.6921739449,40.5375243296],[-107.6911280937,40.5378946951],[-107.6906346294,40.5381474409],[-107.6893411904,40.5386608236],[-107.6888048692,40.5388956533],[-107.6883031758,40.5393149648],[-107.6880408275,40.5397578248],[-107.6879160514,40.5400711771],[-107.6872734794,40.540686625],[-107.6866333729,40.5412520793],[-107.686392839,40.5416955621],[-107.685983383,40.54201742],[-107.6851912111,40.5425618336],[-107.6849741507,40.5429726192],[-107.6846376684,40.5440305367],[-107.6842084532,40.544752174],[-107.6836370628,40.5452528554],[-107.6834129588,40.5453631914],[-107.6826627595,40.5459421456],[-107.6818206456,40.5461681501],[-107.6810773978,40.5461634591],[-107.6803156104,40.5460915147],[-107.6800494618,40.5461672573],[-107.6795913394,40.5465877826],[-107.6788929985,40.5470013949],[-107.678055812,40.5471274286],[-107.6772808313,40.5473219726],[-107.6768560546,40.5475099173],[-107.6764724703,40.5477490836],[-107.6757386838,40.5479948458],[-107.6752677447,40.5482314929],[-107.6748305858,40.5486692854],[-107.6745920293,40.5486290544],[-107.6744853318,40.5485759314],[-107.6742677846,40.5485529864],[-107.6740461143,40.5486133172],[-107.6727976825,40.5490944406],[-107.6725718962,40.54923806],[-107.672411613,40.5493835729],[-107.6718834001,40.5494517423],[-107.6698467964,40.549509764],[-107.6681681983,40.5498449758],[-107.6672831511,40.5500529424],[-107.6664467285,40.5501622388],[-107.666029102,40.5501688657],[-107.6664333262,40.5495145538],[-107.6665001533,40.5490494184],[-107.6665022925,40.5485657309]]]]}},
{"type":"Feature","properties":{"tnmid":"8779C0E2-491C-4D0A-B41E-9364A614B829","areaacres":150201.4,"areasqkm":607.84,"states":"CO","huc10":"1405000203","name":"Lay Creek","Shape_Length":131763.85195768325,"Shape_Area":608192856.69267321},"geometry":{"type":"MultiPolygon","coordinates":[[[[-107.7736299952,40.7677899979],[-107.7733900029,40.7677200038],[-107.7728300037,40.7678100024],[-107.7725,40.7678299973],[-107.7720900013,40.767790001],[-107.7717300021,40.7677200041],[-107.7715699957,40.7675800012],[-107.7714200037,40.7672699956],[-107.7711799876,40.7669300034],[-107.770829996,40.7665500022],[-107.7706599984,40.7660800013],[-107.7705800007,40.7654999967],[-107.7703200161,40.7648400001],[-107.7700499968,40.7645200003],[-107.7697600035,40.7642499993],[-107.7695700069,40.7640200003],[-107.7694500029,40.7637099984],[-107.7694699966,40.7633800029],[-107.7694300018,40.7630500014],[-107.7693399958,40.7627400049],[-107.7692000019,40.7624300018],[-107.7688799987,40.7619999973],[-107.768639999,40.7617499964],[-107.7684499997,40.7614600013],[-107.7681299987,40.761240002],[-107.7673499997,40.7610599989],[-107.7665899957,40.7611200007],[-107.7658700052,40.7610900014],[-107.7655500046,40.7609800006],[-107.7651199995,40.7603899992],[-107.7649000011,40.7599900027],[-107.7646000028,40.7596400014],[-107.7637399983,40.7588],[-107.7634499971,40.7584599979],[-107.762730005,40.7577699976],[-107.7625900054,40.7575000043],[-107.7625199954,40.7572499972],[-107.762170006,40.7570900044],[-107.761630002,40.7569500044],[-107.7613099966,40.7567400016],[-107.7608400049,40.7565000039],[-107.7603199999,40.7563599972],[-107.7597200011,40.7560600023],[-107.7591699956,40.7558199993],[-107.7587500012,40.7557299966],[-107.7582700033,40.7557599973],[-107.7579399955,40.7558900012],[-107.7577299961,40.7559300038],[-107.7576000042,40.7559000023],[-107.7575000127,40.7557600014],[-107.7571300055,40.7550500031],[-107.7568399995,40.7547599983],[-107.7565500055,40.754610001],[-107.7557600024,40.754049997],[-107.7554299983,40.7535900018],[-107.7552899979,40.7533500027],[-107.7549999962,40.7531500096],[-107.7546700047,40.7525899973],[-107.7545500034,40.7521799956],[-107.7542599982,40.7517500023],[-107.7540900048,40.751289987],[-107.7539400003,40.7506499983],[-107.7539699969,40.7501599979],[-107.7541099987,40.7498800024],[-107.7541700024,40.749569996],[-107.754340002,40.7492299992],[-107.7542899957,40.7486500029],[-107.7538000013,40.7484800051],[-107.753479993,40.7482599999],[-107.75326,40.7480100004],[-107.7530400008,40.747660005],[-107.752949998,40.747369998],[-107.7528900043,40.7468299973],[-107.7527299956,40.7464899974],[-107.7525900002,40.7463000026],[-107.7521699969,40.7459899937],[-107.7516099955,40.7454999967],[-107.7509999904,40.7450099999],[-107.7504399986,40.7446500024],[-107.7500199992,40.7444199979],[-107.7497000036,40.7441400043],[-107.7494800046,40.7438300002],[-107.7494000059,40.7436000027],[-107.7490399973,40.7433300033],[-107.7487000051,40.7432599972],[-107.7481900006,40.7431899973],[-107.7478700056,40.7429999963],[-107.7480699967,40.7428400049],[-107.7484100021,40.7422899977],[-107.7483999974,40.7420500008],[-107.7482600047,40.7417],[-107.7480400021,40.7414600054],[-107.7467999956,40.7405699992],[-107.7463499995,40.7401899957],[-107.7452300039,40.7391600028],[-107.7449100047,40.7389300028],[-107.7445200026,40.7388699986],[-107.7440799963,40.7388800034],[-107.7436999936,40.7389199994],[-107.7433900039,40.7388100027],[-107.7430699822,40.738590004],[-107.7428099937,40.7383600038],[-107.7425900009,40.7381500024],[-107.7422799986,40.7375100052],[-107.7423499981,40.7368600014],[-107.7422399946,40.7367099987],[-107.7420499954,40.7365900026],[-107.7417599969,40.7364400002],[-107.7413500042,40.7363699986],[-107.7410499956,40.7364600023],[-107.7405200051,40.7367700113],[-107.7401199988,40.7369699983],[-107.7396299966,40.7369799992],[-107.7388600025,40.7368199989],[-107.7383900025,40.7367999942],[-107.7378800026,40.736810004],[-107.7375200032,40.7367800077],[-107.7372599948,40.7367099957],[-107.7370799878,40.7365899974],[-107.736870004,40.7365599949],[-107.7366699928,40.7366399962],[-107.7363199975,40.7368300006],[-107.7361100049,40.7369100044],[-107.7356300042,40.7369799897],[-107.7352900052,40.7369499993],[-107.7349599875,40.7368400016],[-107.7343100062,40.7362300037],[-107.733789992,40.7358899983],[-107.7327700039,40.7354300023],[-107.7322700042,40.73528],[-107.7308600059,40.7355400022],[-107.7301500027,40.7357499937],[-107.7296399984,40.7357600048],[-107.7290200048,40.7357600027],[-107.7287900045,40.7356900008],[-107.7281399965,40.7353900022],[-107.7276700032,40.7353600006],[-107.727060003,40.7355299951],[-107.7268400013,40.7356600002],[-107.7260000054,40.735950008],[-107.7255699955,40.7360400023],[-107.725230003,40.7359699958],[-107.7246299951,40.7355499999],[-107.724260004,40.735380003],[-107.7238200035,40.735219998],[-107.7234200033,40.7348999989],[-107.7225599983,40.7340800021],[-107.7222400039,40.7336899974],[-107.7216399988,40.7333600027],[-107.7204400016,40.7325000028],[-107.7191799994,40.7318800027],[-107.7178600166,40.7310100028],[-107.7169100025,40.7302099967],[-107.7164599966,40.7299299984],[-107.7160499946,40.7295200019],[-107.7158599977,40.7291900054],[-107.7155299947,40.7289499967],[-107.7152799945,40.7288100034],[-107.7150199969,40.7287200004],[-107.7147000052,40.7285599974],[-107.7141499971,40.7283399981],[-107.7138400048,40.7283100043],[-107.7136300006,40.728370005],[-107.713350003,40.7285600036],[-107.7131399943,40.7287399976],[-107.7128599994,40.7288799963],[-107.7126200007,40.7289400007],[-107.7118300012,40.7286599991],[-107.7116000023,40.7285099961],[-107.7116299943,40.7280899983],[-107.7117,40.7277599978],[-107.7116200073,40.7276199978],[-107.7113800008,40.7274499986],[-107.7106900041,40.7271100041],[-107.7101800035,40.7268899992],[-107.708719995,40.7259999987],[-107.7082799878,40.7258399974],[-107.7080199941,40.7256900004],[-107.7079100025,40.7255600046],[-107.7078700024,40.725350005],[-107.7078800041,40.7251800024],[-107.7079799986,40.7249900007],[-107.7085400026,40.7244799975],[-107.7087099996,40.7242899997],[-107.7086799966,40.7241299977],[-107.7085400016,40.7239900001],[-107.7079399936,40.7236800021],[-107.7077799978,40.7235599989],[-107.7078099984,40.7234799974],[-107.7079999987,40.7233100033],[-107.708170004,40.7231099964],[-107.708179996,40.7228799973],[-107.7080400043,40.7226999982],[-107.7069700028,40.7222100016],[-107.7065300028,40.722050003],[-107.7063299939,40.7219099949],[-107.7059500044,40.7217300124],[-107.7055800042,40.7215899996],[-107.705130004,40.7214599997],[-107.704670004,40.721250003],[-107.7043700031,40.7210200026],[-107.7041399986,40.7206700009],[-107.7039699932,40.7203200046],[-107.7037999973,40.7201899979],[-107.7035099962,40.7201699998],[-107.703210003,40.7202899993],[-107.7027099967,40.7207800046],[-107.7021400005,40.7214800021],[-107.7019,40.7217199996],[-107.7015399944,40.7218800044],[-107.7012200027,40.7219899999],[-107.7008000038,40.7219600041],[-107.7004300053,40.7218899981],[-107.7000700011,40.7216499998],[-107.6999700013,40.7214699967],[-107.6999199973,40.7211699962],[-107.6996899965,40.7209100012],[-107.6995800026,40.7208299987],[-107.6993100023,40.7207699984],[-107.6985199935,40.7206600037],[-107.6980399956,40.7204799997],[-107.6978100032,40.7203600001],[-107.6974799947,40.720300002],[-107.6972500009,40.7203400038],[-107.6970500002,40.7204199956],[-107.6969699967,40.7205899959],[-107.696780002,40.7207799957],[-107.6963799948,40.7210200026],[-107.6956900017,40.7211999972],[-107.6951000014,40.7212299968],[-107.6945300031,40.7211999987],[-107.6941600015,40.7211200007],[-107.6939100034,40.7209800034],[-107.6936400036,40.720890004],[-107.6934199973,40.7209200021],[-107.6928999958,40.7209100016],[-107.6922599989,40.7208900039],[-107.6918500018,40.720839999],[-107.6915800016,40.720689997],[-107.6915500065,40.7205300007],[-107.6913600003,40.7201499986],[-107.6909500042,40.7198100034],[-107.69071,40.7197299978],[-107.6902699989,40.7196800044],[-107.6887700034,40.7197099956],[-107.6884399969,40.7197899989],[-107.6881500041,40.7199600018],[-107.6879899945,40.7200000016],[-107.6863299958,40.7193600006],[-107.6859198899,40.7192688367],[-107.6855915228,40.7188779627],[-107.6855234198,40.7180419697],[-107.6855515365,40.7174756374],[-107.6858539289,40.7166836562],[-107.6859902843,40.7157034162],[-107.6854867871,40.715688947],[-107.6845942034,40.7155632106],[-107.684030542,40.7151991887],[-107.6837934048,40.7144726103],[-107.6837319308,40.7135033619],[-107.6834920503,40.7125957017],[-107.6834656359,40.7122446571],[-107.6835941192,40.7118646898],[-107.6838791288,40.7114225159],[-107.6838853727,40.7108555484],[-107.6837292756,40.7104674029],[-107.6832270987,40.7099859044],[-107.6820198699,40.7100178967],[-107.6810794401,40.7099741492],[-107.6807787959,40.7098487313],[-107.6803121438,40.7095350443],[-107.6802601977,40.7088162782],[-107.6801119387,40.7087119327],[-107.6791480056,40.7087008539],[-107.6787420542,40.7084889913],[-107.6783865142,40.708145137],[-107.6781623115,40.7078050689],[-107.6779677989,40.7077494263],[-107.6774627021,40.7077682294],[-107.6772521079,40.7075953607],[-107.6766191601,40.7066596776],[-107.6765684151,40.7063579613],[-107.6767833051,40.7055634847],[-107.6769733319,40.7052687168],[-107.6773409396,40.7049290093],[-107.6773678029,40.7048297037],[-107.6771142584,40.7046389046],[-107.6770585464,40.7044371306],[-107.6769194232,40.704149553],[-107.6759674918,40.7043389556],[-107.6755751709,40.7042942824],[-107.6749334857,40.7039755449],[-107.6745023667,40.7038296618],[-107.6742034127,40.7036709126],[-107.6741321315,40.7029015486],[-107.6738137835,40.7026922049],[-107.6734078962,40.7024803214],[-107.6730272076,40.702202461],[-107.6728435006,40.7019302596],[-107.6725880243,40.7013390617],[-107.6727674639,40.7003767609],[-107.6728943179,40.7000301331],[-107.67288238,40.6998296206],[-107.6727308503,40.6997918872],[-107.6719590413,40.6998863706],[-107.6695759712,40.6997675329],[-107.6689581855,40.6998497777],[-107.6687240878,40.6997095644],[-107.6683525823,40.6992484569],[-107.6682108209,40.6986967911],[-107.6679572461,40.6983863234],[-107.6675749409,40.6981417429],[-107.6673433432,40.6979515616],[-107.6669526948,40.6974892003],[-107.6662910146,40.6975191487],[-107.6653568811,40.6977923876],[-107.664736612,40.6979245762],[-107.6642653814,40.6981444728],[-107.6639002453,40.6984341639],[-107.6632749802,40.6986662783],[-107.6628752181,40.6987714803],[-107.6624879514,40.6986268236],[-107.6623245133,40.6983885664],[-107.6620945952,40.6981650666],[-107.661919514,40.6981599921],[-107.6611898146,40.6982889958],[-107.6603775817,40.6983155205],[-107.6587378566,40.6982346576],[-107.6586342725,40.6981148903],[-107.6581492477,40.6977338626],[-107.657639017,40.6974188268],[-107.6573780591,40.6973779013],[-107.6568090642,40.6973614194],[-107.6561979618,40.6973103228],[-107.6555120256,40.6974405581],[-107.6549473888,40.6977744748],[-107.6545309439,40.6982127758],[-107.653907954,40.69796117],[-107.6532631775,40.6975193251],[-107.6529085957,40.6973483396],[-107.6527208095,40.697159409],[-107.651974233,40.6971877792],[-107.6513614733,40.6971699867],[-107.6508514384,40.6972886036],[-107.6503918734,40.697275267],[-107.6499852481,40.6970799731],[-107.6497781031,40.6968404273],[-107.6497881297,40.6966405512],[-107.6495709591,40.6966008702],[-107.6484986301,40.6965697119],[-107.6476123879,40.6967608047],[-107.6470871641,40.6967455292],[-107.6466528236,40.6966661792],[-107.6464398364,40.6965432243],[-107.6461720669,40.6962018222],[-107.6459220058,40.6959443357],[-107.6457477708,40.6959225924],[-107.6454178398,40.6959463516],[-107.6448117817,40.6957952792],[-107.6443565165,40.6961323276],[-107.6439996935,40.6962553854],[-107.6437833585,40.6961990479],[-107.6432403301,40.6956661469],[-107.6429346795,40.6952068694],[-107.6424226012,40.6940576798],[-107.642040307,40.6933793258],[-107.6418659803,40.6929238751],[-107.6415107107,40.6925799148],[-107.6412909392,40.6921564986],[-107.6410450971,40.6918157232],[-107.6403741707,40.6912123633],[-107.6401755579,40.6912399402],[-107.6398633392,40.6913476059],[-107.6389670042,40.691304808],[-107.6387944535,40.69124974],[-107.6384315793,40.6906219716],[-107.6382741178,40.6902671018],[-107.6379878844,40.6898584034],[-107.6374037899,40.6897079312],[-107.6367734092,40.689606147],[-107.6359730139,40.6893993189],[-107.635260144,40.6891950329],[-107.6346171075,40.6889093793],[-107.6341011236,40.6882771394],[-107.6334311416,40.68765708],[-107.6329042548,40.6872413663],[-107.632570955,40.6868980201],[-107.6318437955,40.6865431774],[-107.6312294617,40.6865585966],[-107.6300563132,40.6863575053],[-107.6296691823,40.6862127553],[-107.6290396945,40.6860942707],[-107.6285675687,40.6858969768],[-107.627998683,40.6858803473],[-107.627580436,40.6859181563],[-107.6267817945,40.6856779597],[-107.6263820466,40.6853493417],[-107.6261969018,40.6851103844],[-107.6260125753,40.6844210901],[-107.6256969847,40.6841616468],[-107.6253435437,40.6837843324],[-107.625162134,40.6832985523],[-107.6254358332,40.6828245673],[-107.625492202,40.6825760063],[-107.6253474564,40.6824049637],[-107.6248189871,40.6820225219],[-107.6243788759,40.6816259898],[-107.6241306368,40.6813351508],[-107.6241592306,40.6799014564],[-107.6242349558,40.6797035109],[-107.6246472655,40.6793486031],[-107.6242627063,40.6787201638],[-107.6242307305,40.6784857013],[-107.6237923169,40.6776221613],[-107.6238082965,40.6773056963],[-107.6239319965,40.6770257446],[-107.6239690126,40.6767265744],[-107.6238697232,40.6765235099],[-107.6232117261,40.6761039139],[-107.6231553444,40.6759187732],[-107.6229938097,40.6747797573],[-107.6228398142,40.6739245467],[-107.6228978856,40.6736426758],[-107.6229996828,40.6733620799],[-107.6230190283,40.6729790013],[-107.6228734725,40.6728246182],[-107.621572685,40.6725529847],[-107.6212083917,40.6723921847],[-107.6206657185,40.6718591906],[-107.6206800357,40.6715760347],[-107.6205858045,40.6712730258],[-107.6203645392,40.6708828909],[-107.6200961624,40.6705580916],[-107.6199539832,40.6703370747],[-107.6200381422,40.6695388814],[-107.6200061873,40.6693044159],[-107.6192565757,40.6689655102],[-107.6191169166,40.6686945164],[-107.6189856936,40.6682569827],[-107.6188662477,40.668019954],[-107.6183875366,40.6679558772],[-107.6180594295,40.6679462543],[-107.617740582,40.6677534158],[-107.6172968105,40.6674318158],[-107.6167718296,40.6674164135],[-107.6165783354,40.6673440122],[-107.6162208078,40.6670499602],[-107.6161846495,40.6668987714],[-107.616820742,40.6660166813],[-107.6170714936,40.6653901749],[-107.6171059989,40.6651409773],[-107.61678802,40.6649314834],[-107.6166214627,40.6647597878],[-107.6164515368,40.6646547144],[-107.6158803031,40.6646880036],[-107.6157297232,40.664633546],[-107.6155068205,40.6642767111],[-107.6150736245,40.6637469011],[-107.6147161217,40.6634528327],[-107.6145344308,40.6631472496],[-107.6145572046,40.6626975476],[-107.6144545852,40.6625610877],[-107.6140844494,40.6625168608],[-107.6136772999,40.6623381016],[-107.6129353938,40.66184926],[-107.6125938798,40.6616724244],[-107.6120353295,40.6614558579],[-107.6112076378,40.660931115],[-107.6108820989,40.6608715117],[-107.610481639,40.6609931908],[-107.6100879607,40.6609816127],[-107.6098238097,40.6610072153],[-107.6095310339,40.6611654124],[-107.6090691959,40.6612018789],[-107.6088774203,40.6610961533],[-107.6083827291,40.6613485013],[-107.6070930385,40.661727581],[-107.6062324277,40.661852382],[-107.6056654522,40.6618023413],[-107.6054921619,40.6617638756],[-107.6050067599,40.6618329962],[-107.6043792348,40.6616810739],[-107.6040999778,40.661572766],[-107.6040041412,40.6613030519],[-107.6039537585,40.6610013257],[-107.603634242,40.660391415],[-107.6036309851,40.660024347],[-107.6035317841,40.6598212636],[-107.6033627331,40.6596995152],[-107.602715059,40.6595136409],[-107.6025031228,40.6593739521],[-107.602380346,40.6592035268],[-107.6022383833,40.658548805],[-107.6021366379,40.6583956766],[-107.6016437718,40.6581809926],[-107.6013460466,40.6580054147],[-107.6012485399,40.6577690088],[-107.6013213076,40.6573370059],[-107.6017706321,40.6569770571],[-107.6025151959,40.65654862],[-107.603228565,40.6563027432],[-107.6036710445,40.6562156842],[-107.6039638127,40.6560575031],[-107.6044669412,40.6556386197],[-107.6047126911,40.6551120783],[-107.6047280124,40.6543785777],[-107.6046566057,40.6540595456],[-107.6046608254,40.6539762674],[-107.6052766495,40.653493992],[-107.605309497,40.6532781006],[-107.6052498079,40.6531595792],[-107.6053281038,40.6529116854],[-107.6056158784,40.6524197273],[-107.6058926724,40.6521443011],[-107.6058566327,40.6515594204],[-107.6055532155,40.6506330551],[-107.6050134801,40.6496163367],[-107.604916818,40.6493632879],[-107.604792371,40.6492261766],[-107.6049657234,40.6488309476],[-107.6049860028,40.6484312114],[-107.6048473047,40.6481435566],[-107.6046421489,40.6478706353],[-107.6043924214,40.6476130673],[-107.6042528741,40.6473420783],[-107.6043563993,40.6470281853],[-107.6044205255,40.6461960417],[-107.6047889769,40.645839916],[-107.6049404565,40.6454440457],[-107.6048707561,40.6450916934],[-107.6048615528,40.6448412153],[-107.6048801382,40.6444747912],[-107.6049407561,40.6441429596],[-107.604932421,40.6438758288],[-107.6043623203,40.6434587095],[-107.6039738028,40.6433471907],[-107.6035693499,40.6431184333],[-107.6031043565,40.6427878138],[-107.6026536392,40.642607726],[-107.6022517235,40.6423290049],[-107.6019170924,40.6420188943],[-107.6015790921,40.6417754078],[-107.6008702193,40.6415043129],[-107.5997105088,40.641486813],[-107.5994077916,40.6414111577],[-107.5990386284,40.6413502354],[-107.5978167235,40.641264164],[-107.5968916229,40.641370302],[-107.596389569,40.6413388234],[-107.5958959912,40.6411407648],[-107.5956085272,40.6407653104],[-107.5954127463,40.6403091562],[-107.5945964656,40.6395678013],[-107.5943510423,40.6392269398],[-107.5940618931,40.6388847916],[-107.5929671726,40.6384521243],[-107.5927797266,40.6382631002],[-107.5927336303,40.6378780872],[-107.5929312514,40.6378672438],[-107.5930666699,40.6377878473],[-107.593160065,40.6376738373],[-107.5928154986,40.6371298783],[-107.5926919581,40.6369761044],[-107.5925641692,40.63690561],[-107.5919502951,40.6369208311],[-107.5908908594,40.6366559966],[-107.5907025651,40.6364836346],[-107.5901555313,40.6356167546],[-107.5897547525,40.6348876377],[-107.5889421905,40.6336459317],[-107.5884885881,40.632665041],[-107.5881867596,40.6325727099],[-107.5878673235,40.6323964546],[-107.5875773813,40.6320709536],[-107.5868086159,40.6308305276],[-107.5868054366,40.6304634579],[-107.5869588011,40.6302197287],[-107.5864571909,40.6300403747],[-107.5864235258,40.6297949386],[-107.5866171005,40.6294336998],[-107.5867561181,40.6288539919],[-107.587006976,40.6282275523],[-107.5872240977,40.6278336372],[-107.5873856103,40.6276716121],[-107.5874378178,40.6275063537],[-107.587377327,40.6274044768],[-107.5872731272,40.6273013081],[-107.5872816151,40.6271347599],[-107.5873531308,40.6270201146],[-107.5877627467,40.6267152978],[-107.5883185619,40.6265482489],[-107.5886137932,40.6263401317],[-107.5891284442,40.6261218223],[-107.5892672433,40.6259758059],[-107.5893287742,40.6256273249],[-107.5893247254,40.6252769194],[-107.5894889662,40.6246312313],[-107.5895598259,40.6240995561],[-107.5895171545,40.6236479091],[-107.5895007659,40.622679952],[-107.5895858313,40.6222988133],[-107.5897549736,40.6219868754],[-107.5897693863,40.6217037372],[-107.5902203144,40.6210164758],[-107.5902262473,40.6208998938],[-107.5908004976,40.6208001021],[-107.5913110411,40.6202313609],[-107.5915641986,40.6199886394],[-107.5917122886,40.6196593961],[-107.5920150842,40.6193013702],[-107.5927073427,40.6187220393],[-107.5928880434,40.6184931278],[-107.5933580615,40.6182901612],[-107.5939061791,40.6182729873],[-107.5951529062,40.6182931078],[-107.5955698882,40.6182720576],[-107.5957515278,40.6181439676],[-107.596006348,40.617867914],[-107.5965529207,40.6174503494],[-107.5968380547,40.61700838],[-107.5973060846,40.6167787533],[-107.5975477059,40.6166696584],[-107.5990853687,40.6162906708],[-107.5993754242,40.6161824532],[-107.5997840748,40.6158942472],[-107.6002582801,40.6156079696],[-107.6012688647,40.6151039706],[-107.6025492202,40.6148914732],[-107.6029309128,40.6147025474],[-107.6028191985,40.6143156044],[-107.6031564395,40.6137083467],[-107.6036970274,40.6134073323],[-107.6038567786,40.6132785876],[-107.6045049536,40.6130140966],[-107.6050673845,40.612713726],[-107.6061333398,40.6124114674],[-107.6062922458,40.6122993769],[-107.6063023705,40.6120995072],[-107.6064512111,40.6117535944],[-107.6067345741,40.6113449071],[-107.6067472222,40.6110950712],[-107.6068027376,40.6108631727],[-107.6068506664,40.6107811857],[-107.6073130037,40.6107280556],[-107.6077299429,40.6107069546],[-107.6078652929,40.6106275327],[-107.6083007746,40.6102400028],[-107.6088396264,40.6099722753],[-107.6092574034,40.6099345123],[-107.6093162836,40.60963599],[-107.6099577659,40.6086373198],[-107.6105285275,40.6086040446],[-107.6108151564,40.6085624236],[-107.6121272859,40.6085842864],[-107.6123626659,40.6082575831],[-107.612508949,40.6079616233],[-107.612995678,40.6074254557],[-107.6135622456,40.6070417571],[-107.6136816042,40.6068450799],[-107.6145927955,40.6061378696],[-107.6147432721,40.6057586367],[-107.6143768383,40.6052140967],[-107.6141053543,40.6049559258],[-107.6138523754,40.6047650052],[-107.6139650121,40.6047015923],[-107.6146407802,40.604754786],[-107.6151955258,40.6046042528],[-107.6157511213,40.6044370681],[-107.6171589886,40.603861171],[-107.6178036601,40.603663224],[-107.6179684086,40.6034345194],[-107.6180928057,40.6031379114],[-107.6181339828,40.6027554597],[-107.6183382143,40.601743934],[-107.6185693501,40.6015004898],[-107.6194249521,40.6010251474],[-107.6197611256,40.6008681833],[-107.6198821578,40.6006382081],[-107.6198224822,40.600519692],[-107.6198367554,40.6002365364],[-107.619777175,40.5995078553],[-107.6194685889,40.5988579294],[-107.6192660425,40.5985350631],[-107.6189483487,40.5983255894],[-107.6187390754,40.5981359656],[-107.6186600678,40.5979668406],[-107.6183516179,40.5975741438],[-107.6180314195,40.5969809167],[-107.6176355767,40.5965856701],[-107.6176742338,40.5958194874],[-107.6177994437,40.5955062352],[-107.6180372769,40.5946958493],[-107.6180599581,40.5942461332],[-107.6179439787,40.5939424763],[-107.6175288362,40.59349661],[-107.6171582314,40.59260167],[-107.6169523377,40.5923454183],[-107.6162624022,40.5917080016],[-107.6158338293,40.5915286216],[-107.615628788,40.5914725578],[-107.6156632447,40.5910065166],[-107.6158136881,40.5906272817],[-107.6158338556,40.5902275274],[-107.6159346998,40.5899635926],[-107.6162599117,40.5895894759],[-107.6165456162,40.5895644899],[-107.6169220943,40.5894754464],[-107.6172372085,40.5893011982],[-107.6172212445,40.5891839565],[-107.6171002347,40.5889802436],[-107.6165641175,40.5887643562],[-107.6157179114,40.5886227778],[-107.6155061606,40.5884831156],[-107.615065838,40.5881032231],[-107.6150112295,40.587884769],[-107.6149952734,40.5873338389],[-107.6149079007,40.5868975806],[-107.614501205,40.5862851457],[-107.6144793869,40.5858507943],[-107.6146457742,40.5855887926],[-107.6149264297,40.5852300484],[-107.6150230641,40.5850493942],[-107.6154885841,40.5844958967],[-107.6158541214,40.5841896932],[-107.615932251,40.5839417784],[-107.6159457122,40.5836752758],[-107.6158289028,40.5833882789],[-107.6151928261,40.582524601],[-107.615667587,40.5826829591],[-107.6166456333,40.5828117213],[-107.6171842305,40.5829776354],[-107.6180799404,40.5830039019],[-107.6188470789,40.5829763414],[-107.6195470147,40.5829801667],[-107.6209619797,40.5826879947],[-107.6211359092,40.5827097717],[-107.6212863158,40.582764221],[-107.6215274721,40.5827546004],[-107.6216862703,40.5826424816],[-107.6218761414,40.5823477887],[-107.6221307091,40.5820716666],[-107.622832263,40.5816084651],[-107.6234657966,40.5816270101],[-107.6242413105,40.5814328437],[-107.624377418,40.5813367316],[-107.6246798638,40.5809786198],[-107.6249184402,40.5805852543],[-107.6251905883,40.5799593358],[-107.6255812386,40.5795871097],[-107.6260987552,40.5793019887],[-107.6271682787,40.5789162403],[-107.6277765305,40.5785670424],[-107.6285720863,40.5779731017],[-107.6289308177,40.5778000978],[-107.6292148068,40.5778083933],[-107.6311364286,40.5783148926],[-107.631508632,40.5783090748],[-107.6315985289,40.5782616542],[-107.6316068923,40.5780950974],[-107.6315387414,40.5777094489],[-107.6315890227,40.5771437714],[-107.6318628721,40.5769182319],[-107.6322796015,40.5768970324],[-107.6329752926,40.5769840561],[-107.633785216,40.5769743284],[-107.6345799964,40.5768307012],[-107.6353714226,40.5767537001],[-107.6368373947,40.5763126934],[-107.6376515018,40.5762196487],[-107.6380707266,40.5761484666],[-107.6384100794,40.5759248214],[-107.6390242368,40.57589267],[-107.6393729035,40.5759195026],[-107.6395670084,40.575975198],[-107.6396191953,40.5762436147],[-107.6396000039,40.5766267083],[-107.6396723651,40.5769290711],[-107.6401681252,40.5770769579],[-107.6405328212,40.5772210219],[-107.6410000754,40.5775015167],[-107.6412505444,40.5777423353],[-107.6413942795,40.5779300127],[-107.6415632064,40.5780516917],[-107.641697616,40.5779888806],[-107.6419277426,40.5777620498],[-107.6423459668,40.5772737968],[-107.6430261613,40.5763594561],[-107.6442649239,40.5752111521],[-107.6444320105,40.5749324356],[-107.6443966586,40.5747646014],[-107.6443862935,40.5740970653],[-107.6440634471,40.5735538902],[-107.6437079204,40.5732266154],[-107.6433582492,40.5727827468],[-107.6432808677,40.5725803196],[-107.6433957438,40.5720331927],[-107.6431579628,40.571976232],[-107.6423085729,40.5719014768],[-107.6416591082,40.5717658173],[-107.6408550705,40.5716590109],[-107.6394829637,40.5711019532],[-107.6389628862,40.571003403],[-107.6384765105,40.5711060014],[-107.6379514431,40.5711073792],[-107.6366930252,40.571337615],[-107.635904167,40.5713646461],[-107.6357562791,40.5712602578],[-107.6357856407,40.571110983],[-107.6363155855,40.5705759641],[-107.6364019906,40.5701614607],[-107.6364253604,40.5696950809],[-107.6366721712,40.5691351271],[-107.6368291102,40.568622586],[-107.6368441354,40.5683227746],[-107.6367507904,40.5680031253],[-107.6367633002,40.5677532698],[-107.636881705,40.5675732352],[-107.6371815081,40.5672650354],[-107.6374644689,40.5668562616],[-107.6378002928,40.5662655398],[-107.6380856104,40.5653730873],[-107.6381728308,40.5649419253],[-107.6377768869,40.5641130283],[-107.6376851977,40.5637600601],[-107.6377782689,40.5632122994],[-107.6380360368,40.5628695117],[-107.6382904578,40.5625933496],[-107.6384920257,40.5624991371],[-107.6394218361,40.5622759997],[-107.6397661156,40.5619524194],[-107.6407352494,40.5613801251],[-107.641382774,40.5611153919],[-107.6424696017,40.5608134074],[-107.6431693099,40.5608170811],[-107.6437556529,40.5609008547],[-107.6441487739,40.5609122994],[-107.645293406,40.5603283823],[-107.6457545355,40.560291739],[-107.6458082066,40.5600931283],[-107.6460313933,40.5595658373],[-107.6469998245,40.5594438423],[-107.6474827854,40.5594078347],[-107.6478178542,40.559267453],[-107.647927058,40.559270615],[-107.6480705792,40.5590245721],[-107.648565171,40.5587553611],[-107.6497268158,40.5587056854],[-107.6504978409,40.5585946231],[-107.6507825894,40.5585862039],[-107.6513468443,40.5582355947],[-107.6523069414,40.5582801337],[-107.6532383045,40.5580235746],[-107.6544187705,40.5571570298],[-107.6547225923,40.5567655],[-107.6548005634,40.5565175621],[-107.6548138483,40.5562510414],[-107.6551312042,40.5560267004],[-107.6556788306,40.556009213],[-107.6563096553,40.5560775329],[-107.6572351657,40.5559375353],[-107.6579707708,40.5556585854],[-107.6583243323,40.5555854213],[-107.6589828052,40.5555377672],[-107.6598134972,40.5555451322],[-107.6602754112,40.5554917763],[-107.6607221255,40.5553045323],[-107.6607276287,40.5547542234],[-107.6611654496,40.5538661155],[-107.6614659076,40.5535411916],[-107.6618050666,40.5533174649],[-107.6636227652,40.5523858622],[-107.6643574758,40.5521235203],[-107.6646302835,40.5519145574],[-107.6648499884,40.5514538373],[-107.6651211378,40.5512781867],[-107.6657029672,40.5510114199],[-107.6658892391,40.5507832666],[-107.6660116691,40.550519909],[-107.666029102,40.5501688657],[-107.6664467285,40.5501622388],[-107.6672831511,40.5500529424],[-107.6681681983,40.5498449758],[-107.6698467964,40.549509764],[-107.6718834001,40.5494517423],[-107.672411613,40.5493835729],[-107.6725718962,40.54923806],[-107.6727976825,40.5490944406],[-107.6740461143,40.5486133172],[-107.6742677846,40.5485529864],[-107.6744853318,40.5485759314],[-107.6745920293,40.5486290544],[-107.6748305858,40.5486692854],[-107.6752677447,40.5482314929],[-107.6757386838,40.5479948458],[-107.6764724703,40.5477490836],[-107.6768560546,40.5475099173],[-107.6772808313,40.5473219726],[-107.678055812,40.5471274286],[-107.6788929985,40.5470013949],[-107.6795913394,40.5465877826],[-107.6800494618,40.5461672573],[-107.6803156104,40.5460915147],[-107.6810773978,40.5461634591],[-107.6818206456,40.5461681501],[-107.6826627595,40.5459421456],[-107.6834129588,40.5453631914],[-107.6836370628,40.5452528554],[-107.6842084532,40.544752174],[-107.6846376684,40.5440305367],[-107.6849741507,40.5429726192],[-107.6851912111,40.5425618336],[-107.685983383,40.54201742],[-107.686392839,40.5416955621],[-107.6866333729,40.5412520793],[-107.6872734794,40.540686625],[-107.6879160514,40.5400711771],[-107.6880408275,40.5397578248],[-107.6883031758,40.5393149648],[-107.6888048692,40.5388956533],[-107.6893411904,40.5386608236],[-107.6906346294,40.5381474409],[-107.6911280937,40.5378946951],[-107.6921739449,40.5375243296],[-107.6936905928,40.5369172222],[-107.6946329824,40.5364271088],[-107.6950666669,40.5360558629],[-107.6955983179,40.5354705614],[-107.6959050815,40.5350122806],[-107.6960380049,40.534532335],[-107.6964039848,40.5337588],[-107.6966621472,40.5333991934],[-107.697046396,40.5331433094],[-107.698668793,40.5326058849],[-107.6999831465,40.5316626269],[-107.7004708,40.5315264341],[-107.70103352,40.5316426091],[-107.7013301668,40.5318345806],[-107.701695583,40.5319617886],[-107.7026327142,40.5320219244],[-107.7040826035,40.5318798451],[-107.7045410652,40.5318929391],[-107.7048920149,40.5318695974],[-107.705150722,40.5319436996],[-107.7058758581,40.5323147037],[-107.7064336912,40.5325308037],[-107.7074136854,40.5326088014],[-107.7087866719,40.5326980014],[-107.7094675378,40.5326340077],[-107.710153308,40.532470066],[-107.710875408,40.532457293],[-107.7121949387,40.5327450944],[-107.7130576402,40.5329865189],[-107.714200083,40.5333193066],[-107.7148420351,40.5336044744],[-107.7155584421,40.5337082722],[-107.7162619643,40.5336282037],[-107.7177402158,40.5333533074],[-107.718297423,40.5331356158],[-107.7188304839,40.5325168872],[-107.7193246215,40.5322473611],[-107.7203233256,40.5319421182],[-107.7219188205,40.5315036896],[-107.7229644212,40.5311330337],[-107.7248994405,40.5309043737],[-107.7265102112,40.5305997673],[-107.7270568257,40.5305985859],[-107.7279365863,40.5304900812],[-107.7284193229,40.5304537236],[-107.7299119366,40.5307795944],[-107.7303267442,40.5307913489],[-107.7310762801,40.5311128388],[-107.7331430164,40.5317718703],[-107.7336176587,40.5319020846],[-107.7339815262,40.5320625023],[-107.7341011885,40.5322994267],[-107.7344795996,40.532610387],[-107.7352421121,40.5331157181],[-107.7357258762,40.5339584506],[-107.7360590281,40.534301492],[-107.7365967674,40.534483513],[-107.7368272232,40.5346902017],[-107.7369460901,40.5349437793],[-107.7369549686,40.5356613189],[-107.7370738367,40.5359148963],[-107.7375016198,40.5361104734],[-107.738515679,40.5363893592],[-107.7393761124,40.5366805677],[-107.7400173861,40.5369822556],[-107.7404993721,40.5374128977],[-107.7408851171,40.5375739249],[-107.7411220606,40.5376473393],[-107.7419089187,40.5376528681],[-107.7421329331,40.5375424232],[-107.7425437092,40.5371870366],[-107.7437623218,40.5364040429],[-107.74463161,40.5360615754],[-107.7455122366,40.5359362781],[-107.7460572873,40.5359683274],[-107.7466912743,40.5359695232],[-107.7469589347,40.5358603014],[-107.7467850113,40.5353883166],[-107.7468693388,40.5348223877],[-107.7466074047,40.5345409173],[-107.7464949556,40.5341540787],[-107.7463356102,40.5338326399],[-107.7461326065,40.5335099893],[-107.7456918543,40.5331305714],[-107.7451370923,40.5328480307],[-107.74442953,40.5325611712],[-107.7441359792,40.5323026748],[-107.7441019999,40.5321015466],[-107.744124604,40.5316351033],[-107.7442191989,40.5314876494],[-107.7447989469,40.5312537823],[-107.7448716985,40.5311056996],[-107.7447714215,40.5309193804],[-107.7442053478,40.5304196609],[-107.7438147565,40.5299082123],[-107.7438405819,40.5293751352],[-107.7440038211,40.5282620994],[-107.7441582154,40.5277827067],[-107.7445244628,40.5274427302],[-107.7449303247,40.5271872788],[-107.7452060249,40.5269114692],[-107.7455721998,40.5261210936],[-107.7457751368,40.5259933634],[-107.7464543085,40.5259624754],[-107.7473728099,40.5259549998],[-107.7481748476,40.5256439669],[-107.7485346115,40.52543725],[-107.7487633892,40.5252268317],[-107.7488619951,40.5249960767],[-107.7490462376,40.5243507001],[-107.7493711172,40.5235091082],[-107.7499167063,40.5226236743],[-107.7503063336,40.5222509828],[-107.7507582233,40.5219467687],[-107.7521478788,40.5212352207],[-107.7534461725,40.5206044961],[-107.7541486159,40.5200904467],[-107.7550804779,40.5188989194],[-107.7555201408,40.5183941561],[-107.7558514669,40.5178696691],[-107.7560169942,40.517157028],[-107.756164845,40.5168108782],[-107.7564841058,40.5165362712],[-107.756682961,40.5164918124],[-107.7571276918,40.5167878846],[-107.7576871862,40.516970413],[-107.7579911778,40.5170123156],[-107.7582967664,40.5170208871],[-107.7588278792,40.5168856817],[-107.7592556086,40.5170811804],[-107.7595952263,40.5172908872],[-107.7601999883,40.5174413218],[-107.7604611259,40.5174653349],[-107.760791383,40.5175651039],[-107.7614255846,40.5174089828],[-107.7620730509,40.5171268902],[-107.7630819658,40.5170550906],[-107.7638555776,40.5168766074],[-107.7647319113,40.5168344429],[-107.7656186689,40.5165757027],[-107.7663890736,40.5164638509],[-107.7668021993,40.5165087793],[-107.7672081216,40.5167036457],[-107.7687014675,40.5170123607],[-107.769148657,40.5172584084],[-107.7694316193,40.5172830153],[-107.7696094552,40.5172212624],[-107.7699310516,40.5168966349],[-107.7703817986,40.516158595],[-107.7712643773,40.5155310416],[-107.7726121957,40.5143176369],[-107.773105197,40.5140645177],[-107.7730881761,40.5139639542],[-107.7729037216,40.5137085763],[-107.77209483,40.5128018546],[-107.7721488803,40.5125865066],[-107.7724227958,40.5123439479],[-107.7725431253,40.5121137766],[-107.772423359,40.5118768948],[-107.7725136258,40.51136229],[-107.7727398901,40.5112018048],[-107.7726693718,40.5108495294],[-107.7721969454,40.5102191144],[-107.7715967752,40.5095183941],[-107.7714119968,40.5091919353],[-107.771516438,40.5089156143],[-107.7716684487,40.5087131196],[-107.7728592439,40.5087146248],[-107.7731568154,40.5088897613],[-107.7732393116,40.5089921553],[-107.7738416507,40.5091924769],[-107.7743542926,40.5094403473],[-107.7753300786,40.5096010539],[-107.7757487643,40.509529344],[-107.7761086251,40.5097729346],[-107.7765073482,40.5101176976],[-107.7768962324,40.5102119568],[-107.7775560882,40.5105806818],[-107.7779465748,40.5106416285],[-107.7784783902,40.510489659],[-107.7789236929,40.5103185848],[-107.7796689907,40.5102726614],[-107.7805122477,40.5104629776],[-107.7814614387,40.5107230009],[-107.782245122,40.5112452822],[-107.7828315626,40.5117787511],[-107.7839423571,40.5118597484],[-107.7847270083,40.5114478863],[-107.785605664,40.5113555847],[-107.7864973729,40.5114471414],[-107.7872735988,40.5116689198],[-107.7883272123,40.5120318601],[-107.7888748351,40.5124641281],[-107.7893462864,40.5126607374],[-107.7895581932,40.5128000777],[-107.7895891243,40.5130678476],[-107.7899879485,40.5134125597],[-107.7901724639,40.5136678993],[-107.7909761209,40.5137736634],[-107.7915678538,40.5137400638],[-107.7919242558,40.513599841],[-107.7921770599,40.5133399543],[-107.792785912,40.5124894521],[-107.7929466465,40.5123270987],[-107.7933732875,40.5120887304],[-107.7943170056,40.5124652539],[-107.7948289592,40.5127296864],[-107.7950587385,40.5129529274],[-107.7950166538,40.5138358708],[-107.7950599052,40.5143041488],[-107.7951742041,40.514657631],[-107.7954960663,40.5147833374],[-107.7959786726,40.5147466823],[-107.796722416,40.5147339589],[-107.7969883288,40.5146579356],[-107.797148266,40.5145122422],[-107.7977824564,40.5140460709],[-107.7986257939,40.5133187954],[-107.7989980278,40.5128453553],[-107.7993742382,40.5122886252],[-107.8001294206,40.5115755828],[-107.8004397562,40.5114840988],[-107.800640966,40.511389596],[-107.8008671583,40.5112290417],[-107.8012024956,40.5110715192],[-107.8013350395,40.5110418303],[-107.8015759254,40.5110318257],[-107.8022311844,40.5115003754],[-107.802838842,40.5120510056],[-107.8037187118,40.5123923148],[-107.8042215467,40.512389553],[-107.8048700445,40.5125409604],[-107.8049907173,40.5127611579],[-107.8052368186,40.5131015991],[-107.8056872866,40.5132808813],[-107.8070398287,40.5133349716],[-107.8074029996,40.5135118304],[-107.8076991084,40.5137202086],[-107.8081924506,40.5139173348],[-107.8084738503,40.5139751541],[-107.8089377722,40.5138712113],[-107.8093612107,40.5136994189],[-107.8097643933,40.5134937081],[-107.8099703299,40.5132992184],[-107.8109386638,40.5131591591],[-107.8113847062,40.5129713074],[-107.811826792,40.5128667499],[-107.8138801963,40.5128900744],[-107.8145069064,40.5130408234],[-107.8157110052,40.5136036578],[-107.8164148996,40.5138274367],[-107.817474237,40.5140735049],[-107.8180417835,40.5140891457],[-107.8189656717,40.5139644766],[-107.8194561299,40.5137611348],[-107.8203442506,40.5134686497],[-107.8205359751,40.5135740193],[-107.8208000513,40.5139983307],[-107.8211601161,40.5142417836],[-107.8217182081,40.5144573269],[-107.8222576296,40.5146056259],[-107.8227175932,40.5145849257],[-107.8239197616,40.5145846434],[-107.8249115101,40.5144117453],[-107.8260560303,40.5142430352],[-107.8265690894,40.5140236068],[-107.8273090905,40.513626913],[-107.8283517142,40.5128381773],[-107.8287158913,40.5125312309],[-107.8288242399,40.5125508884],[-107.8289910097,40.5127222814],[-107.8291078388,40.5130257562],[-107.8294374574,40.5134518489],[-107.829796766,40.5137119278],[-107.8301413138,40.5138214866],[-107.8303798545,40.5138613974],[-107.8304648154,40.5139137736],[-107.83045774,40.514063719],[-107.8296302864,40.5149251064],[-107.8294788794,40.5153546722],[-107.8295489168,40.5157235869],[-107.8297125594,40.5159616199],[-107.8300563228,40.5160878263],[-107.8307065018,40.5162057626],[-107.8309887126,40.5162468803],[-107.8315562769,40.5162624539],[-107.8320473596,40.5165094759],[-107.8328665484,40.5172158881],[-107.8332601269,40.5176770856],[-107.8337372418,40.5177569008],[-107.8342416885,40.5177206853],[-107.8345675681,40.5177629921],[-107.8348950165,40.5177719766],[-107.8355008863,40.5174382697],[-107.8360974981,40.5168374057],[-107.8362939509,40.5168427952],[-107.8369854522,40.5170118689],[-107.8373939458,40.517156512],[-107.8377253126,40.5170821833],[-107.837926481,40.5169876097],[-107.8382002018,40.5167448826],[-107.8383756256,40.5167330034],[-107.8384449167,40.517118576],[-107.8385617982,40.5174220483],[-107.8388915101,40.5178481107],[-107.8395696965,40.5183003967],[-107.8399275001,40.518593789],[-107.8404069895,40.5186235818],[-107.8406705249,40.5185974366],[-107.8408498706,40.5185022481],[-107.8409676198,40.5183219793],[-107.8413255245,40.5181482777],[-107.8421660318,40.5179377257],[-107.8424997452,40.5178134082],[-107.8426151542,40.5176831154],[-107.8428584837,40.5171559552],[-107.8429232565,40.5167073316],[-107.8432098412,40.5160672446],[-107.8433459969,40.515617915],[-107.8435347078,40.5153228119],[-107.8440173688,40.5148188764],[-107.8441171948,40.5145547029],[-107.8442559837,40.5143916856],[-107.8449514594,40.5140103419],[-107.8457116162,40.5136474348],[-107.8460273757,40.513439205],[-107.8463681465,40.5126978492],[-107.8463939265,40.5121480678],[-107.8464703895,40.5114495279],[-107.8469865513,40.5106962803],[-107.8472711358,40.5102202908],[-107.8474785521,40.5095253304],[-107.8478309603,40.5090011435],[-107.848072657,40.5085073054],[-107.8483486288,40.5082145719],[-107.8487813007,40.5078427063],[-107.8491406776,40.5076356538],[-107.8495312323,40.5076963639],[-107.8498077184,40.5078371576],[-107.8498456881,40.5081863791],[-107.85024091,40.5086141954],[-107.8503905693,40.508685009],[-107.851090618,40.5086707433],[-107.8516573481,40.5087028754],[-107.8521609219,40.5086832491],[-107.8533442937,40.508148337],[-107.8542914466,40.5079906479],[-107.8545939077,40.5080656142],[-107.8548082798,40.5081548634],[-107.8552884895,40.5081679498],[-107.8556611037,40.508144737],[-107.856305028,40.5083958119],[-107.8565903705,40.5088373056],[-107.8567470883,40.5092252434],[-107.8571680631,40.5095703243],[-107.8575976139,40.5097321561],[-107.8579250361,40.5097410672],[-107.858275837,40.5097172527],[-107.8592791018,40.5092941504],[-107.8597935886,40.5090412474],[-107.8602979614,40.5090049222],[-107.8616949513,40.5090428993],[-107.863775649,40.5094163889],[-107.8641919325,40.5093943353],[-107.864547393,40.509270541],[-107.8664741724,40.5077881522],[-107.8673168172,40.5075274302],[-107.8683807122,40.5067389057],[-107.8692216646,40.5060444067],[-107.8698942971,40.5056789679],[-107.8708958836,40.5052890789],[-107.8718686572,40.5050485352],[-107.8738587646,40.5050190372],[-107.8749064406,40.5050473852],[-107.8762231811,40.5053999769],[-107.8772934699,40.5054122501],[-107.87804409,40.5052490604],[-107.8791080192,40.5049275138],[-107.8799669917,40.5047839091],[-107.8810146631,40.5048122233],[-107.8814284093,40.5043729928],[-107.8825062087,40.5037515169],[-107.8840616225,40.5027258827],[-107.8852143272,40.5023733146],[-107.886036548,40.5020785416],[-107.8864512431,40.5020897302],[-107.8872292753,40.5022775257],[-107.8881390357,40.5024521844],[-107.8889825483,40.5026417267],[-107.8897544378,40.5029627951],[-107.8902027743,40.5031917332],[-107.8904141147,40.5033475632],[-107.8906316119,40.503370103],[-107.8911148676,40.5033163919],[-107.8912940962,40.5032211224],[-107.8923584257,40.5024156943],[-107.8929772614,40.5022655321],[-107.8935236882,40.5022635608],[-107.895625927,40.5021699684],[-107.8966065731,40.5022296988],[-107.8973651091,40.5023668528],[-107.897843758,40.502413082],[-107.898496689,40.5019968997],[-107.8988271581,40.5019390453],[-107.8991109027,40.5019466691],[-107.8995336004,40.5022582961],[-107.9009449811,40.5029300911],[-107.9009265616,40.5033299508],[-107.9010134353,40.5038160472],[-107.9011454979,40.5042699982],[-107.901376393,40.5044763791],[-107.9015690021,40.5045649527],[-107.9019798581,40.5046593894],[-107.9023245138,40.504768721],[-107.902623175,40.5049268738],[-107.9028632787,40.5049333127],[-107.9032592428,40.5048772046],[-107.9038344177,40.5047258148],[-107.9042349864,40.504569742],[-107.904519506,40.5045606948],[-107.9047105842,40.5046825832],[-107.9053339744,40.5053832408],[-107.9055445884,40.505555707],[-107.9059275213,40.5057828324],[-107.907477662,40.5062914481],[-107.9081007146,40.5065249936],[-107.9087004087,40.5067912824],[-107.9091427138,40.507153432],[-107.9098155656,40.5072548579],[-107.9104160374,40.5075044737],[-107.9108943655,40.5080344029],[-107.9110805152,40.5087400066],[-107.9113210363,40.5092135301],[-107.9114715451,40.509267607],[-107.9117997428,40.5092597002],[-107.9120429114,40.5091994787],[-107.9123546413,40.5090743609],[-107.9126265334,40.5088647692],[-107.9130286326,40.5086753467],[-107.9136033985,40.5080568047],[-107.9144665081,40.5073458842],[-107.9150282693,40.5070105797],[-107.9158481319,40.506765582],[-107.9165753412,40.506634869],[-107.9170459475,40.5063805339],[-107.9173561267,40.5062887162],[-107.9174373303,40.5064243481],[-107.9174408315,40.5068247976],[-107.9176565102,40.5073643733],[-107.9180889452,40.5079430896],[-107.9188595197,40.5082972936],[-107.9192922765,40.5083922592],[-107.9207804434,40.508348545],[-107.9212055814,40.5086100926],[-107.9215005117,40.5088515083],[-107.9222485054,40.5092217692],[-107.9225495457,40.5093298819],[-107.9231389261,40.5093455793],[-107.9239120884,40.5091660186],[-107.9246469332,40.5088686441],[-107.925384805,40.5085046173],[-107.9260188649,40.5080210427],[-107.926457967,40.5074989213],[-107.9266409753,40.5073203014],[-107.9274838833,40.5060916034],[-107.9279389477,40.5052195842],[-107.9286234513,40.5045872089],[-107.9295013432,40.5040267074],[-107.9297295094,40.5038159047],[-107.9297424399,40.5035326618],[-107.930103086,40.5032920266],[-107.9317441385,40.5027684712],[-107.9331052219,40.5021540502],[-107.9334536971,40.5021799833],[-107.9338713312,40.5026064517],[-107.9343566555,40.5029863373],[-107.9347645341,40.5031473051],[-107.935115297,40.5031232492],[-107.9360751217,40.5026816347],[-107.9365786614,40.5026616328],[-107.9371401106,40.5028099846],[-107.9377248787,40.5029255866],[-107.9385106812,40.5029464207],[-107.9387236449,40.503068849],[-107.9387039342,40.503502044],[-107.9388279143,40.5041392416],[-107.9389490256,40.5043593118],[-107.9395473163,40.5046587644],[-107.9405377696,40.5049852826],[-107.9407342205,40.5049904854],[-107.9409321875,40.5049623751],[-107.9412558268,40.5050543538],[-107.9417668197,40.5053514788],[-107.9422402276,40.5055141549],[-107.9431149478,40.5056862091],[-107.9439345057,40.5057425153],[-107.9449213282,40.5056685434],[-107.9457154685,40.5055060534],[-107.9460037801,40.5054135893],[-107.9462281095,40.5052860709],[-107.9465797422,40.5047615477],[-107.947416205,40.5036659881],[-107.9484272639,40.5025750471],[-107.9491679802,40.5021442054],[-107.9494833752,40.5019356793],[-107.9497498364,40.5018426283],[-107.9499462877,40.5018478253],[-107.950589021,40.5021317087],[-107.9511572849,40.5021300292],[-107.9540831148,40.5011889239],[-107.9550682503,40.5011822877],[-107.9555198382,40.5013443328],[-107.9560910824,40.5017597547],[-107.9567948031,40.5021453013],[-107.9572599365,40.5024911982],[-107.9576701378,40.5026020984],[-107.9579320743,40.5026089974],[-107.9581578791,40.5024481379],[-107.9589594978,40.5021189329],[-107.9600606597,40.5019310675],[-107.9603293645,40.5017880081],[-107.9607064562,40.5016644814],[-107.9608592471,40.5016684969],[-107.9614508487,40.5021177951],[-107.9621809536,40.5024039218],[-107.962704059,40.5024343653],[-107.9632068522,40.5024309024],[-107.9634988776,40.5022550827],[-107.9645232043,40.5008640678],[-107.9648520872,40.5003555826],[-107.9654594552,40.4999711801],[-107.9666493751,40.4997522209],[-107.96789802,40.4996849241],[-107.9691752312,40.4994682348],[-107.9696592426,40.4998813023],[-107.9699957862,40.5006574978],[-107.9701554635,40.5014790999],[-107.9703248957,40.5020840883],[-107.9706922948,40.5026609106],[-107.9711154256,40.5034560502],[-107.9714933253,40.503799602],[-107.9719653101,40.5039954841],[-107.9726141525,40.5041459513],[-107.9730063225,40.5041729192],[-107.9733570781,40.5041487454],[-107.9737356581,40.5039918557],[-107.9742511995,40.5037050952],[-107.9748818721,40.5032878886],[-107.9757963016,40.5028781176],[-107.9765851112,40.502832051],[-107.9773166694,40.5026009732],[-107.9781760709,40.5019561941],[-107.9790761212,40.5013792021],[-107.9794651542,40.5009890187],[-107.9794575277,40.5006718694],[-107.9793926621,40.5001697123],[-107.9793962721,40.4996026332],[-107.9799017545,40.4985649037],[-107.9805014085,40.4978632559],[-107.9811808709,40.4973305199],[-107.981931187,40.4971666436],[-107.9825641627,40.4971831801],[-107.9835644362,40.4972927246],[-107.9843893655,40.4974143666],[-107.9858534235,40.4979030072],[-107.9869772155,40.4981825602],[-107.9879016013,40.4985236386],[-107.9887478272,40.4991462568],[-107.9897709333,40.4997234334],[-107.9909061811,40.500236799],[-107.9917289205,40.5004083709],[-107.992757802,40.5003684391],[-107.9932672801,40.500214904],[-107.9944621119,40.4993952346],[-107.9963967939,40.4986448448],[-107.9980705278,40.4983547382],[-108.00115351,40.4973338406],[-108.0024798972,40.4965008259],[-108.0037137461,40.4957821623],[-108.0045391243,40.4954032154],[-108.0052013218,40.4952535704],[-108.0062963511,40.4951985583],[-108.0075282457,40.4950136252],[-108.0081393803,40.4950294661],[-108.0096476094,40.4950184898],[-108.0109397999,40.4949518534],[-108.0123026465,40.4947702657],[-108.0129226659,40.4945861171],[-108.0132063973,40.4945934568],[-108.0135300955,40.4946852504],[-108.0140406116,40.4949987194],[-108.0146056247,40.4954832664],[-108.0148366775,40.4963574483],[-108.0151007156,40.4968809774],[-108.0153825208,40.4972629311],[-108.0157976577,40.4980067268],[-108.016590702,40.4988905966],[-108.0174134009,40.5000684531],[-108.0176190237,40.5007253674],[-108.0177278424,40.5016404314],[-108.0177148674,40.5019333175],[-108.0174515378,40.5025781173],[-108.0167723596,40.5034565323],[-108.0162383929,40.5039477282],[-108.0157073053,40.5043738372],[-108.0154598339,40.5046606612],[-108.0148584156,40.5052283024],[-108.0142319387,40.5058799892],[-108.0140397349,40.5063637304],[-108.0138319845,40.5067167444],[-108.0136874705,40.5070876798],[-108.0136672432,40.5075432814],[-108.0134417881,40.5078143766],[-108.0129973612,40.5082101339],[-108.0125251247,40.5087517816],[-108.0110555952,40.5096422829],[-108.0105739209,40.510395448],[-108.0097496828,40.5111723223],[-108.0091324976,40.5116124713],[-108.0089167463,40.512144448],[-108.0086930331,40.5128554108],[-108.0080696469,40.5139144106],[-108.0073609447,40.5149711863],[-108.0071737246,40.5153410121],[-108.0067357416,40.5155902926],[-108.0061918679,40.5158205434],[-108.0057112486,40.516068719],[-108.0053165979,40.5163028357],[-108.0046815113,40.5176221528],[-108.0045173632,40.5184323921],[-108.0044582763,40.5197585073],[-108.004243779,40.5212190496],[-108.004049991,40.5217352967],[-108.003643718,40.5222297527],[-108.0028882892,40.5228943263],[-108.0027473107,40.5231838857],[-108.0025873081,40.5239730629],[-108.0023923509,40.5247077133],[-108.0024230873,40.5256678487],[-108.0026875029,40.5264403498],[-108.0026754592,40.527189382],[-108.0025524328,40.5280332714],[-108.0014143711,40.5296164353],[-108.0012205526,40.5301326766],[-108.0010609258,40.5313177034],[-108.0010791624,40.5323444543],[-108.0008935751,40.5331541363],[-108.000550382,40.5336681281],[-108.000516715,40.5339441851],[-108.000521338,40.5343189744],[-108.0011475821,40.5351171626],[-108.0018111457,40.5355579461],[-108.0031599146,40.5369124618],[-108.0034573244,40.5374251763],[-108.0034525272,40.5380114863],[-108.0035356556,40.5380625198],[-108.0038129175,40.5380697159],[-108.0042542596,40.538227781],[-108.004583163,40.5385132462],[-108.0054454119,40.5397671404],[-108.0057229758,40.5402467519],[-108.0056871455,40.5405716312],[-108.0051896301,40.541194034],[-108.0044994465,40.5418277283],[-108.0042083905,40.5421296796],[-108.0038252053,40.5421034521],[-108.0033971888,40.5421249208],[-108.0027905492,40.542320951],[-108.0020721945,40.5426280838],[-108.0013657089,40.543147308],[-108.0006466031,40.5434707192],[-107.9999318581,40.5436964944],[-107.9983794513,40.5440308069],[-107.9980117725,40.5441352744],[-107.9978457304,40.544505641],[-107.9977856294,40.5448950243],[-107.9977461164,40.5467347716],[-107.997784653,40.5473059238],[-107.9977228915,40.54821004],[-107.9976264402,40.5484572654],[-107.9972259751,40.5488161358],[-107.9970849005,40.5491056923],[-107.9967746313,40.5493582594],[-107.9963230568,40.549427961],[-107.9958964427,40.5494168578],[-107.9958818858,40.5497422809],[-107.9952852941,40.5511439792],[-107.995218099,40.5521684967],[-107.9952529746,40.5528210057],[-107.9950534181,40.5539398211],[-107.9950002677,40.5551276122],[-107.9946218766,40.5559469169],[-107.9945396725,40.5563520314],[-107.9945243838,40.5566937227],[-107.9945871398,40.5572003414],[-107.9947138846,40.5577086352],[-107.9948743742,40.5579408774],[-107.9953034297,40.5583755842],[-107.9956869275,40.5588742658],[-107.9958636321,40.559220952],[-107.9958652906,40.5596501298],[-107.9951493583,40.5608639394],[-107.9949054295,40.5615417673],[-107.9947519272,40.5621079224],[-107.9945247449,40.562411526],[-107.9941099135,40.5626124793],[-107.9931522276,40.5630110724],[-107.9922032926,40.5632144111],[-107.9920437358,40.5634383182],[-107.9919261231,40.5636796014],[-107.9914719022,40.564759193],[-107.9912446951,40.5650627603],[-107.9909585775,40.5652507932],[-107.9904392332,40.5654001583],[-107.9900464314,40.5655853921],[-107.9897809215,40.5657902375],[-107.9896913763,40.5663580521],[-107.9894973405,40.5668742706],[-107.9891597836,40.5672564264],[-107.9884514731,40.5678080898],[-107.987969659,40.5680724447],[-107.9867957346,40.569002917],[-107.9862322174,40.5691836772],[-107.9856701566,40.5693318989],[-107.9847873153,40.5694880272],[-107.9837029132,40.5698506581],[-107.9831851139,40.5704398516],[-107.9827245898,40.5707047406],[-107.9822699364,40.5708394644],[-107.9816211508,40.5714903819],[-107.9809229789,40.5718142117],[-107.9796427498,40.5717807158],[-107.979120382,40.5719951014],[-107.9783324513,40.5724143108],[-107.9772848049,40.5729081573],[-107.9763210151,40.573436768],[-107.9753822255,40.5738845629],[-107.975002602,40.574249289],[-107.9744111986,40.5755206941],[-107.9740359751,40.5757877847],[-107.9737107404,40.5758932856],[-107.9733825995,40.5760638758],[-107.973666669,40.5763971117],[-107.9737402538,40.5765710256],[-107.9740406138,40.5775797983],[-107.974155505,40.5783484336],[-107.9741268834,40.5789829857],[-107.9741938957,40.5793919903],[-107.9744801788,40.5796764281],[-107.9750431493,40.5799843959],[-107.9749276533,40.5801768544],[-107.9747473978,40.5803838961],[-107.974759941,40.5805797014],[-107.9748534287,40.5808753698],[-107.9751294455,40.5813875992],[-107.9751228485,40.5815340332],[-107.9745121064,40.5818112414],[-107.9741257746,40.581849982],[-107.9738880853,40.5819088978],[-107.9729153329,40.5826327217],[-107.9718880916,40.5831433494],[-107.9685935638,40.5846532708],[-107.96769724,40.5851021287],[-107.9657301494,40.585604278],[-107.963680617,40.5860390668],[-107.9629314478,40.5860682289],[-107.96198578,40.5861899488],[-107.9615434726,40.5865203912],[-107.9609812168,40.5866684827],[-107.9602555936,40.5866493762],[-107.9583465914,40.5868108489],[-107.9572824411,40.5867176333],[-107.9562749568,40.5867888036],[-107.9554337607,40.5869620981],[-107.955065797,40.5870664191],[-107.9546735148,40.5872352564],[-107.9541892212,40.5875482616],[-107.9537572029,40.5876508936],[-107.9532427784,40.5876861902],[-107.9522271401,40.5879362956],[-107.9513270725,40.5879939747],[-107.9508642036,40.5878351369],[-107.9502445473,40.5878350542],[-107.9493407998,40.5879740634],[-107.948364117,40.5883066193],[-107.9480343491,40.5885096663],[-107.9475323891,40.5887407347],[-107.9469457896,40.5889532667],[-107.9460839474,40.5891096549],[-107.9455518708,40.5890629976],[-107.944932199,40.589062885],[-107.9440107782,40.5891199361],[-107.9421657028,40.5892828371],[-107.9416548069,40.5897091104],[-107.9412647034,40.5898291018],[-107.9402556798,40.5899326682],[-107.939044166,40.5902589127],[-107.937926722,40.5908645713],[-107.9377492912,40.5910064723],[-107.9372805044,40.5909777472],[-107.9367285582,40.5908979299],[-107.9359286936,40.5906323524],[-107.9347250303,40.5898510596],[-107.9345153328,40.5897640333],[-107.9341495325,40.5898194786],[-107.9338440505,40.5899579729],[-107.9336524783,40.5904089961],[-107.9332961205,40.5907253212],[-107.9329464606,40.5908952176],[-107.9323508606,40.5913029252],[-107.9317391208,40.591596163],[-107.9307551168,40.5916188663],[-107.9302212898,40.5920770722],[-107.9294449768,40.5931641246],[-107.9288396563,40.5937833224],[-107.9284671293,40.5939851726],[-107.9276478755,40.5941425416],[-107.926639517,40.5942297257],[-107.9254993543,40.5943948278],[-107.924149196,40.5949452851],[-107.9222581632,40.5956393033],[-107.9201467156,40.5964789026],[-107.9185291202,40.5972664961],[-107.9166598354,40.5979496071],[-107.9146294984,40.5984166129],[-107.9127384453,40.598642956],[-107.912183482,40.5986281223],[-107.9116772032,40.5984842429],[-107.9104493661,40.5977672054],[-107.9093518707,40.5970047851],[-107.9085821947,40.5965047563],[-107.9084897765,40.5980893851],[-107.9078267805,40.6004173434],[-107.9077348858,40.601946114],[-107.9078056906,40.6027982722],[-107.9073259802,40.6038605913],[-107.907076917,40.6041634232],[-107.9067072661,40.6043001202],[-107.9063627258,40.6043560406],[-107.9057994595,40.6045201282],[-107.9052765149,40.6056626816],[-107.905371972,40.6059095761],[-107.9059419018,40.6065275774],[-107.9060572136,40.6068075938],[-107.9060125873,40.6073113749],[-107.9061645926,40.6077226917],[-107.9069274111,40.6083295793],[-107.907189164,40.6086786736],[-107.9081425995,40.609787487],[-107.9078684108,40.6101710904],[-107.9073383525,40.6110039519],[-107.9072851401,40.611230578],[-107.9073371736,40.6114925984],[-107.90733975,40.6118999209],[-107.9072348365,40.6123206356],[-107.9069437833,40.6126060524],[-107.9065500651,40.6132633789],[-107.9064656235,40.6146294434],[-107.9064820266,40.6152000227],[-107.9064250572,40.6155079964],[-107.9064025287,40.6159960788],[-107.9061323568,40.6162918302],[-107.9060592869,40.6164853387],[-107.9061786831,40.6171401359],[-107.9066547243,40.6174786918],[-107.9069049148,40.6176157099],[-107.9067588025,40.6180027504],[-107.9064838017,40.6184026178],[-107.9064665219,40.6187768187],[-107.9065200586,40.6190063021],[-107.9069991183,40.6192797836],[-107.9081400624,40.619570996],[-107.9086449778,40.6197474264],[-107.9087876929,40.6198978514],[-107.9087779269,40.6201093561],[-107.9086508996,40.6205457708],[-107.9084347159,40.6210612518],[-107.90825071,40.6218056471],[-107.9076189527,40.6234502582],[-107.9072825945,40.6237898402],[-107.9067427627,40.6239056886],[-107.9064127155,40.6241086082],[-107.9062107768,40.6243149557],[-107.9062643068,40.6245444491],[-107.9065467167,40.6249103907],[-107.9067246213,40.625224658],[-107.9071425139,40.6261717692],[-107.9073249402,40.6273728223],[-107.9073107279,40.6276805429],[-107.9070047109,40.6281254274],[-107.9065019626,40.6287100479],[-107.9062093451,40.6288653137],[-107.9061576418,40.6289545516],[-107.90595954,40.629637942],[-107.9061299031,40.6305849488],[-107.9061335892,40.631020021],[-107.9062160859,40.6312940892],[-107.906270643,40.6316580324],[-107.9062622772,40.6318390413],[-107.9061826207,40.6320181538],[-107.9057407436,40.6323143999],[-107.9054685035,40.6325427112],[-107.9054246759,40.6329765119],[-107.9054300249,40.6333753799],[-107.905375828,40.6335189134],[-107.9052486431,40.6336967423],[-107.904934654,40.6343135862],[-107.9049687892,40.6346044827],[-107.9051488396,40.6348268008],[-107.9053084712,40.6349760723],[-107.9058778872,40.6350094709],[-107.9060300022,40.6353216608],[-107.9061078141,40.6362118133],[-107.9064137204,40.6367999757],[-107.9068042812,40.6371004304],[-107.9071556865,40.6372185926],[-107.9072544226,40.6376562072],[-107.9075253482,40.6379715809],[-107.9083515163,40.6386280521],[-107.9086820452,40.639198755],[-107.908951318,40.6395503211],[-107.9097983577,40.6402707798],[-107.910028467,40.640440055],[-107.9100029273,40.6415086806],[-107.9101454962,40.6418974838],[-107.907828519,40.6427082922],[-107.9070310497,40.6432688085],[-107.9061543782,40.6436691968],[-107.9050550665,40.6438950348],[-107.9036978876,40.6439562097],[-107.9025238222,40.6440397916],[-107.9009980825,40.6442492972],[-107.8985324265,40.644644407],[-107.8976005786,40.6447280957],[-107.8969030301,40.6448905713],[-107.8965815135,40.6451537837],[-107.8965121643,40.6456231364],[-107.8964911743,40.6460756614],[-107.896348009,40.6465974038],[-107.8963245063,40.647104233],[-107.8963443418,40.6477028566],[-107.8957504729,40.6481943419],[-107.8955673215,40.6485518879],[-107.895850663,40.6491122926],[-107.8964224048,40.6501244803],[-107.8967053362,40.650693927],[-107.8966955231,40.6514186184],[-107.8960448599,40.6521079356],[-107.8957487446,40.6523355816],[-107.894936135,40.6534373851],[-107.894747082,40.6539216373],[-107.8945199788,40.6547129629],[-107.894477735,40.655110547],[-107.8944813326,40.6555456221],[-107.8943991068,40.6557790132],[-107.8941359821,40.6558081764],[-107.8933371391,40.6555873113],[-107.8930052086,40.6555602463],[-107.892596963,40.6556398624],[-107.891993518,40.6558229719],[-107.8912169528,40.6561464029],[-107.8901511987,40.6570601071],[-107.890155608,40.657477067],[-107.8904172707,40.6579915783],[-107.8907809639,40.6588713326],[-107.8913636199,40.6596482333],[-107.8915481156,40.6602875314],[-107.8916621312,40.6609068148],[-107.8918508348,40.6614556123],[-107.8920742391,40.6617697336],[-107.8921566981,40.6620438127],[-107.8919768689,40.6623289433],[-107.8913962765,40.6625307864],[-107.8908590233,40.6628244139],[-107.8903175752,40.6632085384],[-107.8886020939,40.6637603614],[-107.8874451017,40.6640734963],[-107.8865504137,40.6643755897],[-107.8860537658,40.6643078062],[-107.8857668222,40.6643362945],[-107.8848466773,40.6646739498],[-107.8836974062,40.6653315954],[-107.8830437797,40.6655676674],[-107.8822288165,40.66569063],[-107.8814716524,40.666105132],[-107.8814072319,40.6664658682],[-107.8813547689,40.6670806569],[-107.8812771117,40.6687459317],[-107.8811727281,40.6689424697],[-107.8809953574,40.6691732907],[-107.8809623026,40.6693717573],[-107.8810897333,40.6697014287],[-107.8815432395,40.670184904],[-107.8824093311,40.6704982916],[-107.8831769587,40.6708815094],[-107.8838724332,40.6712808983],[-107.8850477753,40.6721100883],[-107.8854716455,40.6727196123],[-107.8855582912,40.6729031941],[-107.8855244233,40.6731197601],[-107.8852264885,40.6733835684],[-107.8846339858,40.6738387839],[-107.8836892309,40.6747013254],[-107.8835360746,40.6764551902],[-107.8837009575,40.6770033517],[-107.8838921723,40.6774978556],[-107.8838973786,40.677896718],[-107.8840197758,40.6783349926],[-107.8844784301,40.678709864],[-107.885596056,40.6792474997],[-107.8856360202,40.6794116912],[-107.8854994325,40.6797886004],[-107.8855242107,40.6802786084],[-107.8856925048,40.680754373],[-107.8861282384,40.6811104818],[-107.8875278647,40.6817282204],[-107.8876595726,40.6819673831],[-107.8876460868,40.6822569967],[-107.8877251805,40.6826034823],[-107.8879732528,40.6829001514],[-107.8882078373,40.6834864418],[-107.8888636805,40.6842290763],[-107.8902135269,40.685407273],[-107.8904912914,40.6855778773],[-107.8911553982,40.6856320191],[-107.89220165,40.6856602137],[-107.8921256899,40.6867818401],[-107.8917140724,40.6874413208],[-107.891190297,40.6879527963],[-107.8906957661,40.6883472473],[-107.8904181903,40.6886841126],[-107.8901635587,40.6890397196],[-107.8895465091,40.6900198813],[-107.8893623577,40.6903955189],[-107.8893755535,40.6916464022],[-107.8889691345,40.6927047326],[-107.8881973633,40.6934269918],[-107.8876310051,40.6938285533],[-107.8870976976,40.6940316454],[-107.8870044276,40.6945003417],[-107.8866418009,40.6946174196],[-107.8861135466,40.6947118988],[-107.8853754841,40.6947100952],[-107.8826152671,40.6951792326],[-107.8819146324,40.6953958936],[-107.8817525115,40.695808356],[-107.8817254807,40.6963875863],[-107.8816270895,40.6969648803],[-107.8811999855,40.6974426769],[-107.8803533467,40.6982353336],[-107.8796443203,40.6991404588],[-107.8794787875,40.6996253212],[-107.8794652703,40.699914928],[-107.8787968948,40.7004586736],[-107.8778100364,40.7011931566],[-107.876918277,40.7019302043],[-107.8765047462,40.7026258242],[-107.8764240712,40.7028229986],[-107.8759764788,40.7032277197],[-107.8755815362,40.7035251242],[-107.875097381,40.7036932382],[-107.8746574061,40.703935045],[-107.874205561,40.7044302676],[-107.8740654689,40.7048795593],[-107.874054453,40.7051148613],[-107.874400212,40.7053598383],[-107.8750875128,40.7059402974],[-107.8753423767,40.7060921954],[-107.8752897206,40.7061995112],[-107.8740962859,40.706765244],[-107.8734702432,40.7069113879],[-107.8719505045,40.7068158068],[-107.8717559833,40.7069011454],[-107.8711656276,40.7073019716],[-107.8705888682,40.7079206517],[-107.8698175785,40.7086246547],[-107.8694038791,40.7088127989],[-107.868718349,40.7092110274],[-107.8681593769,40.7094495814],[-107.8679860777,40.7095898574],[-107.86803707,40.7100262112],[-107.868022632,40.7103339158],[-107.8679368455,40.7106396853],[-107.8676556613,40.7110488943],[-107.8671646409,40.7113617804],[-107.8666855009,40.7114212547],[-107.8661069631,40.7115686462],[-107.8656889986,40.7118472667],[-107.8654647172,40.7120586502],[-107.8654596117,40.7121672573],[-107.8651792627,40.7125583527],[-107.8648615335,40.7132384168],[-107.8643993363,40.7139507856],[-107.8641538098,40.7141072284],[-107.8631113814,40.7144957188],[-107.8624393382,40.7146042989],[-107.8617070295,40.7144756284],[-107.8610622012,40.7145124493],[-107.8605736735,40.7147710084],[-107.8600910571,40.715410312],[-107.8591343242,40.7165079178],[-107.8588377804,40.7167354631],[-107.8583220322,40.7170657581],[-107.8582158047,40.7172984571],[-107.8583202081,40.7181168663],[-107.8582666707,40.7182422652],[-107.8580262184,40.7182900882],[-107.8566905422,40.7188336388],[-107.8563549256,40.7188788614],[-107.8560992081,40.7187450279],[-107.8559302112,40.718287333],[-107.8559175029,40.718051377],[-107.8558291625,40.7179039843],[-107.8555453979,40.7178600042],[-107.8544850338,40.7181210547],[-107.8540839433,40.7185450771],[-107.8523828453,40.7192598538],[-107.851753224,40.7194782694],[-107.8497767352,40.7204754588],[-107.8494411172,40.7205206533],[-107.8488361143,40.7207216108],[-107.8481554693,40.7210111056],[-107.8478605895,40.7212024008],[-107.8470898984,40.7213806993],[-107.8459521014,40.7217664207],[-107.8451890996,40.7217817944],[-107.8447252658,40.7215153783],[-107.8445934858,40.7217836253],[-107.8445457349,40.7222897699],[-107.8441301764,40.7225140072],[-107.8432574623,40.7228344648],[-107.8428605366,40.7231679436],[-107.8426106453,40.7234148338],[-107.8412959754,40.7240131449],[-107.840766572,40.7241255163],[-107.839808936,40.7242261349],[-107.838953964,40.7246739166],[-107.838683695,40.7248477398],[-107.8385094431,40.7250060752],[-107.8384753551,40.7252226229],[-107.8386571186,40.7254088369],[-107.8387741427,40.7259557516],[-107.8391359513,40.7263643854],[-107.8395811335,40.7265215687],[-107.8398342736,40.7267097406],[-107.8399217275,40.7268752553],[-107.8398907453,40.7272699044],[-107.8394362477,40.7275687584],[-107.8390793657,40.7275589813],[-107.8382380693,40.7277171523],[-107.837922776,40.7278353709],[-107.837821599,40.7279594558],[-107.837762002,40.728211552],[-107.8377881506,40.7286653571],[-107.837773573,40.7289730437],[-107.8377435452,40.7296065507],[-107.8376839587,40.7298586457],[-107.8372878299,40.7301740079],[-107.8367472358,40.7305216437],[-107.8365669478,40.7308066758],[-107.8365199769,40.7312947226],[-107.8363457034,40.7314530463],[-107.8359529959,40.7316960018],[-107.8354301417,40.7321709894],[-107.8350882048,40.7328502999],[-107.8347915185,40.7330777507],[-107.8343537817,40.7332650896],[-107.8333404334,40.7340346976],[-107.8315298002,40.735036122],[-107.8311855061,40.7352622664],[-107.8310281189,40.7355660343],[-107.8309684909,40.7358181287],[-107.8308506781,40.7367935508],[-107.8306557404,40.7373862703],[-107.830645417,40.7376034636],[-107.8307575121,40.7377515364],[-107.8303859663,40.7380494188],[-107.8304946196,40.7382698818],[-107.8309040258,40.7386798486],[-107.8303105691,40.7391347493],[-107.830060569,40.7393815964],[-107.8296933088,40.7395889854],[-107.8294298285,40.7396179862],[-107.8289063119,40.7396035924],[-107.8285238474,40.7396293182],[-107.8282296958,40.7398024609],[-107.8277927526,40.7399716805],[-107.8273406168,40.7399592366],[-107.8270226653,40.7401317257],[-107.8268228176,40.7403255832],[-107.8267783596,40.7407593144],[-107.8271424513,40.7416211326],[-107.8271329709,40.7418202306],[-107.8269626262,40.7423954952],[-107.8267320984,40.7427334942],[-107.8264327454,40.7430152311],[-107.8258919806,40.7433628137],[-107.8249346839,40.7434749036],[-107.8243596709,40.744516758],[-107.824188439,40.7451101164],[-107.8243999971,40.7453800011],[-107.8239900023,40.7453300016],[-107.823789997,40.7451900024],[-107.823400003,40.7452000021],[-107.8231600016,40.7453700013],[-107.8229,40.7456499994],[-107.8225200056,40.7457800038],[-107.821779997,40.7456299959],[-107.8209800038,40.7455900048],[-107.8202500052,40.7457399997],[-107.8199899961,40.7458699979],[-107.8196900036,40.746329998],[-107.8191500055,40.7467299945],[-107.8182399995,40.7472500002],[-107.8177499995,40.7476500051],[-107.8171100036,40.7480399967],[-107.816240003,40.748340005],[-107.8148399971,40.7486300016],[-107.8136799972,40.7487899986],[-107.8131699958,40.748950004],[-107.8125999965,40.7492],[-107.8122699972,40.7495099981],[-107.8121400048,40.7498800037],[-107.8121400009,40.7502100044],[-107.8119399958,40.7505600019],[-107.8116100044,40.7509099987],[-107.8112100012,40.7511600031],[-107.8110200033,40.7513300022],[-107.8106100038,40.7515199994],[-107.8101000011,40.7520000014],[-107.8098100003,40.7522100027],[-107.8095499968,40.7523100021],[-107.8092699986,40.7524599977],[-107.8090300019,40.7527100003],[-107.8087699981,40.7529199979],[-107.8082699984,40.7531199978],[-107.8073999962,40.7533800002],[-107.8071200016,40.753549997],[-107.8069099958,40.7538],[-107.8066,40.7540900049],[-107.8061499951,40.7543899988],[-107.8052700034,40.7550499955],[-107.8049400031,40.7553999944],[-107.8046400037,40.7556599978],[-107.803979999,40.7556800113],[-107.803139996,40.7555499892],[-107.8024099965,40.7554799938],[-107.8015799985,40.7554400016],[-107.8011200035,40.755529996],[-107.8007599936,40.755629999],[-107.8005699967,40.7557400051],[-107.8003,40.7557900016],[-107.799959995,40.7558299989],[-107.7996900036,40.755819998],[-107.7991799996,40.7558499961],[-107.7987800035,40.7560100054],[-107.798539998,40.7561800008],[-107.7982600002,40.7563900025],[-107.7979799934,40.7566800042],[-107.7975499948,40.7570200011],[-107.7969799959,40.7574099963],[-107.7966499965,40.757509999],[-107.7962799992,40.7575700041],[-107.7956700154,40.7575900002],[-107.7953400023,40.7576899968],[-107.7950500032,40.7578000032],[-107.7946699986,40.7581299987],[-107.7942400011,40.7582899971],[-107.7934200161,40.7584399968],[-107.7931099879,40.7585700017],[-107.7928500015,40.7587100076],[-107.7927100005,40.7588999947],[-107.7927399971,40.7591600044],[-107.7927299985,40.7593800007],[-107.792790013,40.7597300004],[-107.7930000035,40.7600200026],[-107.7931299935,40.7603200026],[-107.7931699976,40.7605400046],[-107.7928999977,40.7610800009],[-107.7927000022,40.7622299983],[-107.7924800014,40.7628700036],[-107.7923599995,40.7633399952],[-107.7922799996,40.7639499978],[-107.7921500038,40.7641800033],[-107.7919799946,40.7643100007],[-107.7915500023,40.7643400044],[-107.790900001,40.7641300018],[-107.7902900043,40.7641300017],[-107.7897100044,40.7642500009],[-107.7892599973,40.7644499986],[-107.7889700064,40.7646200043],[-107.7886699998,40.7648500023],[-107.788319996,40.7653200034],[-107.7882099971,40.7657000031],[-107.7881599985,40.7660700043],[-107.7880000031,40.7663100006],[-107.7875900009,40.7666000027],[-107.787,40.7668600029],[-107.7863700015,40.7669500044],[-107.7857799825,40.7669999975],[-107.7852300049,40.7671200074],[-107.7845599991,40.7673799982],[-107.7841500008,40.7675899978],[-107.7839100007,40.7678],[-107.7838,40.7680300027],[-107.7835499963,40.7683100033],[-107.7832099973,40.7685399987],[-107.7819899993,40.769110003],[-107.7814199978,40.7692299998],[-107.7809399976,40.7694499989],[-107.7806799976,40.7696199993],[-107.7802700008,40.7697599898],[-107.7790900036,40.7702399999],[-107.7778499966,40.7705200016],[-107.7770499984,40.7706500052],[-107.7761099955,40.7709100001],[-107.7757200059,40.7709900023],[-107.7753900005,40.77075],[-107.7752500051,40.7703599982],[-107.7749500024,40.7698399997],[-107.7743300011,40.7692200042],[-107.7739800011,40.7689099968],[-107.7738199961,40.7685999984],[-107.7737000027,40.7682300017],[-107.7737100016,40.7679000048],[-107.7736299952,40.7677899979]]]]}},
{"type":"Feature","properties":{"tnmid":"F281C6BE-CC70-4623-822F-851CD364AC6E","areaacres":136464.02,"areasqkm":552.25,"states":"CO","huc10":"1405000204","name":"Deception Creek-Yampa River","Shape_Length":133584.78392234535,"Shape_Area":552721031.74982488},"geometry":{"type":"MultiPolygon","coordinates":[[[[-107.9958818858,40.5497422809],[-107.9958964427,40.5494168578],[-107.9963230568,40.549427961],[-107.9967746313,40.5493582594],[-107.9970849005,40.5491056923],[-107.9972259751,40.5488161358],[-107.9976264402,40.5484572654],[-107.9977228915,40.54821004],[-107.997784653,40.5473059238],[-107.9977461164,40.5467347716],[-107.9977856294,40.5448950243],[-107.9978457304,40.544505641],[-107.9980117725,40.5441352744],[-107.9983794513,40.5440308069],[-107.9999318581,40.5436964944],[-108.0006466031,40.5434707192],[-108.0013657089,40.543147308],[-108.0020721945,40.5426280838],[-108.0027905492,40.542320951],[-108.0033971888,40.5421249208],[-108.0038252053,40.5421034521],[-108.0042083905,40.5421296796],[-108.0044994465,40.5418277283],[-108.0051896301,40.541194034],[-108.0056871455,40.5405716312],[-108.0057229758,40.5402467519],[-108.0054454119,40.5397671404],[-108.004583163,40.5385132462],[-108.0042542596,40.538227781],[-108.0038129175,40.5380697159],[-108.0035356556,40.5380625198],[-108.0034525272,40.5380114863],[-108.0034573244,40.5374251763],[-108.0031599146,40.5369124618],[-108.0018111457,40.5355579461],[-108.0011475821,40.5351171626],[-108.000521338,40.5343189744],[-108.000516715,40.5339441851],[-108.000550382,40.5336681281],[-108.0008935751,40.5331541363],[-108.0010791624,40.5323444543],[-108.0010609258,40.5313177034],[-108.0012205526,40.5301326766],[-108.0014143711,40.5296164353],[-108.0025524328,40.5280332714],[-108.0026754592,40.527189382],[-108.0026875029,40.5264403498],[-108.0024230873,40.5256678487],[-108.0023923509,40.5247077133],[-108.0025873081,40.5239730629],[-108.0027473107,40.5231838857],[-108.0028882892,40.5228943263],[-108.003643718,40.5222297527],[-108.004049991,40.5217352967],[-108.004243779,40.5212190496],[-108.0044582763,40.5197585073],[-108.0045173632,40.5184323921],[-108.0046815113,40.5176221528],[-108.0053165979,40.5163028357],[-108.0057112486,40.516068719],[-108.0061918679,40.5158205434],[-108.0067357416,40.5155902926],[-108.0071737246,40.5153410121],[-108.0073609447,40.5149711863],[-108.0080696469,40.5139144106],[-108.0086930331,40.5128554108],[-108.0089167463,40.512144448],[-108.0091324976,40.5116124713],[-108.0097496828,40.5111723223],[-108.0105739209,40.510395448],[-108.0110555952,40.5096422829],[-108.0125251247,40.5087517816],[-108.0129973612,40.5082101339],[-108.0134417881,40.5078143766],[-108.0136672432,40.5075432814],[-108.0136874705,40.5070876798],[-108.0138319845,40.5067167444],[-108.0140397349,40.5063637304],[-108.0142319387,40.5058799892],[-108.0148584156,40.5052283024],[-108.0154598339,40.5046606612],[-108.0157073053,40.5043738372],[-108.0162383929,40.5039477282],[-108.0167723596,40.5034565323],[-108.0174515378,40.5025781173],[-108.0177148674,40.5019333175],[-108.0177278424,40.5016404314],[-108.0176190237,40.5007253674],[-108.0174134009,40.5000684531],[-108.016590702,40.4988905966],[-108.0157976577,40.4980067268],[-108.0153825208,40.4972629311],[-108.0151007156,40.4968809774],[-108.0148366775,40.4963574483],[-108.0146056247,40.4954832664],[-108.0140406116,40.4949987194],[-108.0135300955,40.4946852504],[-108.0132063973,40.4945934568],[-108.0129226659,40.4945861171],[-108.0123026465,40.4947702657],[-108.0109397999,40.4949518534],[-108.0096476094,40.4950184898],[-108.0081393803,40.4950294661],[-108.0075282457,40.4950136252],[-108.0062963511,40.4951985583],[-108.0052013218,40.4952535704],[-108.0045391243,40.4954032154],[-108.0037137461,40.4957821623],[-108.0024798972,40.4965008259],[-108.00115351,40.4973338406],[-107.9980705278,40.4983547382],[-107.9963967939,40.4986448448],[-107.9944621119,40.4993952346],[-107.9932672801,40.500214904],[-107.992757802,40.5003684391],[-107.9917289205,40.5004083709],[-107.9909061811,40.500236799],[-107.9897709333,40.4997234334],[-107.9887478272,40.4991462568],[-107.9879016013,40.4985236386],[-107.9869772155,40.4981825602],[-107.9858534235,40.4979030072],[-107.9843893655,40.4974143666],[-107.9835644362,40.4972927246],[-107.9825641627,40.4971831801],[-107.981931187,40.4971666436],[-107.9811808709,40.4973305199],[-107.9805014085,40.4978632559],[-107.9799017545,40.4985649037],[-107.9793962721,40.4996026332],[-107.9793926621,40.5001697123],[-107.9794575277,40.5006718694],[-107.9794651542,40.5009890187],[-107.9790761212,40.5013792021],[-107.9781760709,40.5019561941],[-107.9773166694,40.5026009732],[-107.9765851112,40.502832051],[-107.9757963016,40.5028781176],[-107.9748818721,40.5032878886],[-107.9742511995,40.5037050952],[-107.9737356581,40.5039918557],[-107.9733570781,40.5041487454],[-107.9730063225,40.5041729192],[-107.9726141525,40.5041459513],[-107.9719653101,40.5039954841],[-107.9714933253,40.503799602],[-107.9711154256,40.5034560502],[-107.9706922948,40.5026609106],[-107.9703248957,40.5020840883],[-107.9701554635,40.5014790999],[-107.9699957862,40.5006574978],[-107.9696592426,40.4998813023],[-107.9691752312,40.4994682348],[-107.96789802,40.4996849241],[-107.9666493751,40.4997522209],[-107.9654594552,40.4999711801],[-107.9648520872,40.5003555826],[-107.9645232043,40.5008640678],[-107.9634988776,40.5022550827],[-107.9632068522,40.5024309024],[-107.962704059,40.5024343653],[-107.9621809536,40.5024039218],[-107.9614508487,40.5021177951],[-107.9608592471,40.5016684969],[-107.9607064562,40.5016644814],[-107.9603293645,40.5017880081],[-107.9600606597,40.5019310675],[-107.9589594978,40.5021189329],[-107.9581578791,40.5024481379],[-107.9579320743,40.5026089974],[-107.9576701378,40.5026020984],[-107.9572599365,40.5024911982],[-107.9567948031,40.5021453013],[-107.9560910824,40.5017597547],[-107.9555198382,40.5013443328],[-107.9550682503,40.5011822877],[-107.9540831148,40.5011889239],[-107.9511572849,40.5021300292],[-107.950589021,40.5021317087],[-107.9499462877,40.5018478253],[-107.9497498364,40.5018426283],[-107.9494833752,40.5019356793],[-107.9491679802,40.5021442054],[-107.9484272639,40.5025750471],[-107.947416205,40.5036659881],[-107.9465797422,40.5047615477],[-107.9462281095,40.5052860709],[-107.9460037801,40.5054135893],[-107.9457154685,40.5055060534],[-107.9449213282,40.5056685434],[-107.9439345057,40.5057425153],[-107.9431149478,40.5056862091],[-107.9422402276,40.5055141549],[-107.9417668197,40.5053514788],[-107.9412558268,40.5050543538],[-107.9409321875,40.5049623751],[-107.9407342205,40.5049904854],[-107.9405377696,40.5049852826],[-107.9395473163,40.5046587644],[-107.9389490256,40.5043593118],[-107.9388279143,40.5041392416],[-107.9387039342,40.503502044],[-107.9387236449,40.503068849],[-107.9385106812,40.5029464207],[-107.9377248787,40.5029255866],[-107.9371401106,40.5028099846],[-107.9365786614,40.5026616328],[-107.9360751217,40.5026816347],[-107.935115297,40.5031232492],[-107.9347645341,40.5031473051],[-107.9343566555,40.5029863373],[-107.9338713312,40.5026064517],[-107.9334536971,40.5021799833],[-107.9331052219,40.5021540502],[-107.9317441385,40.5027684712],[-107.930103086,40.5032920266],[-107.9297424399,40.5035326618],[-107.9297295094,40.5038159047],[-107.9295013432,40.5040267074],[-107.9286234513,40.5045872089],[-107.9279389477,40.5052195842],[-107.9274838833,40.5060916034],[-107.9266409753,40.5073203014],[-107.926457967,40.5074989213],[-107.9260188649,40.5080210427],[-107.925384805,40.5085046173],[-107.9246469332,40.5088686441],[-107.9239120884,40.5091660186],[-107.9231389261,40.5093455793],[-107.9225495457,40.5093298819],[-107.9222485054,40.5092217692],[-107.9215005117,40.5088515083],[-107.9212055814,40.5086100926],[-107.9207804434,40.508348545],[-107.9192922765,40.5083922592],[-107.9188595197,40.5082972936],[-107.9180889452,40.5079430896],[-107.9176565102,40.5073643733],[-107.9174408315,40.5068247976],[-107.9174373303,40.5064243481],[-107.9173561267,40.5062887162],[-107.9170459475,40.5063805339],[-107.9165753412,40.506634869],[-107.9158481319,40.506765582],[-107.9150282693,40.5070105797],[-107.9144665081,40.5073458842],[-107.9136033985,40.5080568047],[-107.9130286326,40.5086753467],[-107.9126265334,40.5088647692],[-107.9123546413,40.5090743609],[-107.9120429114,40.5091994787],[-107.9117997428,40.5092597002],[-107.9114715451,40.509267607],[-107.9113210363,40.5092135301],[-107.9110805152,40.5087400066],[-107.9108943655,40.5080344029],[-107.9104160374,40.5075044737],[-107.9098155656,40.5072548579],[-107.9091427138,40.507153432],[-107.9087004087,40.5067912824],[-107.9081007146,40.5065249936],[-107.907477662,40.5062914481],[-107.9059275213,40.5057828324],[-107.9055445884,40.505555707],[-107.9053339744,40.5053832408],[-107.9047105842,40.5046825832],[-107.904519506,40.5045606948],[-107.9042349864,40.504569742],[-107.9038344177,40.5047258148],[-107.9032592428,40.5048772046],[-107.9028632787,40.5049333127],[-107.902623175,40.5049268738],[-107.9023245138,40.504768721],[-107.9019798581,40.5046593894],[-107.9015690021,40.5045649527],[-107.901376393,40.5044763791],[-107.9011454979,40.5042699982],[-107.9010134353,40.5038160472],[-107.9009265616,40.5033299508],[-107.9009449811,40.5029300911],[-107.8995336004,40.5022582961],[-107.8991109027,40.5019466691],[-107.8988271581,40.5019390453],[-107.898496689,40.5019968997],[-107.897843758,40.502413082],[-107.8973651091,40.5023668528],[-107.8966065731,40.5022296988],[-107.895625927,40.5021699684],[-107.8935236882,40.5022635608],[-107.8929772614,40.5022655321],[-107.8923584257,40.5024156943],[-107.8912940962,40.5032211224],[-107.8911148676,40.5033163919],[-107.8906316119,40.503370103],[-107.8904141147,40.5033475632],[-107.8902027743,40.5031917332],[-107.8897544378,40.5029627951],[-107.8889825483,40.5026417267],[-107.8881390357,40.5024521844],[-107.8872292753,40.5022775257],[-107.8864512431,40.5020897302],[-107.886036548,40.5020785416],[-107.8852143272,40.5023733146],[-107.8840616225,40.5027258827],[-107.8825062087,40.5037515169],[-107.8814284093,40.5043729928],[-107.8810146631,40.5048122233],[-107.8799669917,40.5047839091],[-107.8791080192,40.5049275138],[-107.87804409,40.5052490604],[-107.8772934699,40.5054122501],[-107.8762231811,40.5053999769],[-107.8749064406,40.5050473852],[-107.8738587646,40.5050190372],[-107.8718686572,40.5050485352],[-107.8708958836,40.5052890789],[-107.8698942971,40.5056789679],[-107.8692216646,40.5060444067],[-107.8683807122,40.5067389057],[-107.8673168172,40.5075274302],[-107.8664741724,40.5077881522],[-107.864547393,40.509270541],[-107.8641919325,40.5093943353],[-107.863775649,40.5094163889],[-107.8616949513,40.5090428993],[-107.8602979614,40.5090049222],[-107.8597935886,40.5090412474],[-107.8592791018,40.5092941504],[-107.858275837,40.5097172527],[-107.8579250361,40.5097410672],[-107.8575976139,40.5097321561],[-107.8571680631,40.5095703243],[-107.8567470883,40.5092252434],[-107.8565903705,40.5088373056],[-107.856305028,40.5083958119],[-107.8556611037,40.508144737],[-107.8552884895,40.5081679498],[-107.8548082798,40.5081548634],[-107.8545939077,40.5080656142],[-107.8542914466,40.5079906479],[-107.8533442937,40.508148337],[-107.8521609219,40.5086832491],[-107.8516573481,40.5087028754],[-107.851090618,40.5086707433],[-107.8503905693,40.508685009],[-107.85024091,40.5086141954],[-107.8498456881,40.5081863791],[-107.8498077184,40.5078371576],[-107.8502819314,40.5075333414],[-107.8503333827,40.5073679394],[-107.8503708231,40.5070353241],[-107.8503887748,40.5061850657],[-107.8504901249,40.5058875556],[-107.8506748766,40.5056757396],[-107.8513507253,40.5052437723],[-107.8516032976,40.5049837559],[-107.8519127691,40.5044417036],[-107.8522783518,40.504101361],[-107.8525114345,40.5028566017],[-107.8524100944,40.5022199413],[-107.8527826844,40.5017296586],[-107.8530812189,40.5014208469],[-107.8533540316,40.5011947433],[-107.8530321095,40.5006021119],[-107.8529089439,40.499497783],[-107.8530523483,40.4987676966],[-107.8534590625,40.4984818557],[-107.8537731674,40.498306917],[-107.85468977,40.497864802],[-107.85576999,40.4967265268],[-107.8562703248,40.4958393494],[-107.8562617362,40.495555527],[-107.8555266751,40.4939841231],[-107.8553427039,40.4932451309],[-107.8555453173,40.4926501092],[-107.8579635394,40.4909310244],[-107.8586378318,40.4903007941],[-107.8590227889,40.4897508284],[-107.8611575479,40.4870977328],[-107.8627806612,40.4860241762],[-107.8635122952,40.4853267443],[-107.8642104507,40.4848786233],[-107.8656333062,40.4843500961],[-107.8671714425,40.4836911998],[-107.8688138817,40.4826681318],[-107.8705099745,40.4814296326],[-107.8719667739,40.4801679423],[-107.8728354955,40.4798077945],[-107.873380184,40.4798392274],[-107.8740262306,40.4800402162],[-107.8755886608,40.480266009],[-107.8762899597,40.480218253],[-107.8769343046,40.4799854524],[-107.8777180342,40.4795729393],[-107.880103179,40.4776022412],[-107.8823860331,40.4754786114],[-107.8836889996,40.474229293],[-107.884235729,40.4737435981],[-107.8845971323,40.47348644],[-107.8850232134,40.4732477063],[-107.8863227239,40.4730158504],[-107.888445601,40.4724558564],[-107.8905314581,40.4712776013],[-107.8916201603,40.4704060986],[-107.8940846173,40.4681202912],[-107.8946599501,40.4674851934],[-107.8952735311,40.4669678646],[-107.8959674519,40.466602841],[-107.8964581254,40.466382478],[-107.8969377255,40.4659282844],[-107.8972394025,40.4650689471],[-107.8976278896,40.4646957037],[-107.8981216067,40.4644086948],[-107.899014884,40.4639822839],[-107.8994221095,40.4636762618],[-107.8996468056,40.4630650737],[-107.8997143453,40.4606480401],[-107.8998551847,40.4604349603],[-107.9014543195,40.4597286504],[-107.9014552481,40.4593602299],[-107.9016060337,40.4589305424],[-107.9019577435,40.4584061682],[-107.9025126513,40.4577371004],[-107.9033958489,40.4565763852],[-107.9046793027,40.4543087164],[-107.9052570935,40.4531397958],[-107.9063123796,40.4520337101],[-107.9063006704,40.4517848472],[-107.9061355849,40.4511281566],[-107.9058509011,40.4506701219],[-107.905664931,40.4499645078],[-107.905708917,40.4494819188],[-107.9057632405,40.4492498224],[-107.9063287336,40.4483474797],[-107.9063019273,40.4479797658],[-107.9059078167,40.4470517127],[-107.9044879572,40.44516199],[-107.9028131902,40.4426131445],[-107.9008747896,40.4406731459],[-107.8993495281,40.4380180627],[-107.8987757209,40.4369280456],[-107.8987856833,40.4367114499],[-107.9001695018,40.4336791476],[-107.9002273009,40.4328966576],[-107.900069758,40.4315745708],[-107.899512163,40.4294576966],[-107.8992976153,40.4289014444],[-107.8992659015,40.4281665877],[-107.899426582,40.4275203166],[-107.899776666,40.4270275858],[-107.9001454078,40.4266037596],[-107.9001343171,40.4263699207],[-107.8995873848,40.4259215058],[-107.8994095484,40.4255163722],[-107.8993873884,40.4250486928],[-107.8992803232,40.4245286782],[-107.8988439376,40.4240498766],[-107.8988779922,40.4237838826],[-107.8990413407,40.42355472],[-107.8990520498,40.4233214669],[-107.8988401731,40.423182317],[-107.8987411229,40.4229627999],[-107.8987423116,40.4224623782],[-107.8989258869,40.4222671332],[-107.8991871364,40.4218070509],[-107.8995007692,40.4216319688],[-107.8998468563,40.4213671774],[-107.9005468141,40.4211929579],[-107.9007785909,40.4208988967],[-107.9009135287,40.4203233644],[-107.9024406018,40.418928321],[-107.9033435396,40.4178014811],[-107.9047164479,40.4164203248],[-107.9058059337,40.4150315639],[-107.9061799107,40.4144910697],[-107.9065833228,40.413784567],[-107.9069623175,40.4132218743],[-107.9066184519,40.4130181437],[-107.9064540006,40.4127968737],[-107.9063988794,40.412094773],[-107.9063051717,40.4117586103],[-107.9060137519,40.411450532],[-107.9052064953,40.4114455979],[-107.9047323077,40.4113161153],[-107.9045445412,40.4111275937],[-107.9040764764,40.4108648076],[-107.9038030555,40.410640619],[-107.9040359036,40.4098461313],[-107.9040286337,40.4095289869],[-107.9033816081,40.4084106352],[-107.9031422078,40.4079204581],[-107.9029552122,40.4077152509],[-107.902189265,40.4074904789],[-107.9017965031,40.4072178037],[-107.9012423307,40.406726322],[-107.9010713611,40.4063761761],[-107.9011410046,40.4058775951],[-107.9012180307,40.4055579362],[-107.9010232944,40.4053858958],[-107.9007941432,40.4052844186],[-107.900495354,40.4050023436],[-107.9003738276,40.4045939578],[-107.9003451576,40.4041999602],[-107.9000657654,40.403835008],[-107.8996946116,40.4034318326],[-107.8993496839,40.4031366016],[-107.8993199204,40.4027664193],[-107.8993406906,40.4023141823],[-107.8998355814,40.4017197722],[-107.9000076434,40.4013669154],[-107.9004391525,40.4007946304],[-107.9005655992,40.4004167229],[-107.8998716664,40.3995759267],[-107.8994453809,40.3990163724],[-107.8990371231,40.3987432661],[-107.8986228384,40.3986010759],[-107.8983601377,40.3982127216],[-107.8985431176,40.3976218556],[-107.8984352763,40.3969159454],[-107.8984746115,40.3967382611],[-107.8987622553,40.3964556737],[-107.898942705,40.3960478082],[-107.8995740851,40.3951949142],[-107.8999263666,40.3949898923],[-107.9005421563,40.3948157634],[-107.9008288847,40.3946804708],[-107.9009621496,40.3944933934],[-107.9011235405,40.3940330122],[-107.9018010296,40.3931932602],[-107.9026213118,40.3922977564],[-107.9033129765,40.3918277611],[-107.9035486312,40.3917864134],[-107.9037621696,40.3918874593],[-107.9040609231,40.3921695178],[-107.9043184373,40.3923313303],[-107.904579769,40.3924098233],[-107.9054751502,40.3922550829],[-107.9055895599,40.3921389937],[-107.9057631924,40.391750428],[-107.906266427,40.3913111121],[-107.9065112812,40.3903882422],[-107.9068074839,40.3897050724],[-107.908262449,40.3882188192],[-107.9086537241,40.3881816244],[-107.908828747,40.388102906],[-107.909135894,40.3878608954],[-107.9095107446,40.3875015314],[-107.910463316,40.3867763296],[-107.9107485773,40.386331161],[-107.9117283162,40.3850108889],[-107.9118573859,40.3845734664],[-107.912132507,40.3840088527],[-107.9123951263,40.3837179913],[-107.9130580093,40.3835331402],[-107.9140149682,40.3833918883],[-107.9147889802,40.3831623243],[-107.9155018051,40.3829073024],[-107.9164594791,40.3824085733],[-107.917286676,40.3820374344],[-107.9174547882,40.3817678586],[-107.9175617423,40.3814728184],[-107.917596307,40.3810566986],[-107.9176999944,40.3808330679],[-107.9184792013,40.3808300173],[-107.9188860033,40.380793205],[-107.9200192734,40.380307892],[-107.9201313419,40.380135299],[-107.9208891848,40.3799171893],[-107.9211387768,40.3798196806],[-107.9212999327,40.3794515136],[-107.9212515085,40.3790481466],[-107.9214509506,40.3785308853],[-107.9216330559,40.3778851323],[-107.9218992781,40.3773083547],[-107.9225591519,40.376708704],[-107.9231655935,40.3763244862],[-107.9238351108,40.3759919942],[-107.9241071529,40.375765692],[-107.9243994722,40.3755732929],[-107.9244784808,40.3752751139],[-107.9245139218,40.3749757858],[-107.9247507246,40.3745650404],[-107.9252357192,40.3734936196],[-107.9253276084,40.3729121951],[-107.9253384051,40.3721951667],[-107.925229678,40.3717084978],[-107.9252187016,40.3709908747],[-107.925172203,40.3705936943],[-107.926494068,40.3691640709],[-107.9268865001,40.3683254584],[-107.9274093739,40.3679012632],[-107.928085596,40.3674187848],[-107.9285627379,40.3669977439],[-107.9293529886,40.3668852891],[-107.9299816697,40.3669687266],[-107.9303963142,40.366963057],[-107.9307524015,40.3668056964],[-107.9310082226,40.3654946138],[-107.9312051668,40.364999387],[-107.9316680511,40.3644111293],[-107.9320121727,40.3640365941],[-107.9327123817,40.3635046617],[-107.9331752313,40.362916399],[-107.9338926638,40.3624850222],[-107.9355896249,40.3616125413],[-107.9358977083,40.3610701916],[-107.9360052206,40.3606226348],[-107.9362839561,40.3602463427],[-107.9366980153,40.3592897547],[-107.9371766533,40.3583515759],[-107.9373396874,40.3581223481],[-107.9376896792,40.3580982541],[-107.9381154853,40.3583264034],[-107.9391713392,40.3590883943],[-107.9394281851,40.3591952812],[-107.93988408,40.3592407261],[-107.9402385995,40.3591166567],[-107.9406877969,40.3588282697],[-107.9410806865,40.3583382173],[-107.9414074712,40.3578630879],[-107.9418394553,40.3569903702],[-107.9421917818,40.3564325038],[-107.942600459,40.3555925346],[-107.9427026973,40.3551667317],[-107.943762372,40.3549726739],[-107.9455072158,40.3539989016],[-107.9473231608,40.3524143517],[-107.9495431873,40.3500874443],[-107.9501375341,40.3498634836],[-107.9509333531,40.349645004],[-107.9519391856,40.3495472487],[-107.9542817494,40.349541421],[-107.9556493628,40.3493713411],[-107.9564036305,40.3490908257],[-107.9569364338,40.3478972278],[-107.957226861,40.3465031952],[-107.9574963792,40.3458430093],[-107.9575992235,40.3454953868],[-107.9579431185,40.3451207554],[-107.9583958962,40.3447489805],[-107.9585798373,40.3445369587],[-107.9585978075,40.3441370626],[-107.9584543598,40.3439330968],[-107.9583236505,40.3434458772],[-107.9584797723,40.3428827982],[-107.9587312999,40.3426225069],[-107.9593619898,40.3421719981],[-107.9605963463,40.3413870499],[-107.9606901866,40.3412393752],[-107.9607427245,40.3410405621],[-107.9607051539,40.3409061269],[-107.9604798511,40.3405832402],[-107.9595463107,40.3390406082],[-107.9590439319,40.3385769777],[-107.9588426512,40.3382046699],[-107.9584273268,40.3372595377],[-107.9582523352,40.3367878357],[-107.9581809595,40.3364356394],[-107.9582147173,40.336169609],[-107.958600598,40.3358294429],[-107.958989479,40.3354226248],[-107.9593273053,40.3351812791],[-107.9595562705,40.3349370753],[-107.9597446867,40.334625072],[-107.9597205964,40.3341906989],[-107.9596650268,40.3339723714],[-107.9597670912,40.3336414132],[-107.960326366,40.3333224824],[-107.960465249,40.333142632],[-107.9606130848,40.3327628257],[-107.9607135772,40.331981416],[-107.9609612265,40.3313206443],[-107.9609484297,40.3311201181],[-107.9608275233,40.3309000774],[-107.9606615714,40.3307122036],[-107.9606577541,40.3303117271],[-107.9607973706,40.3301152147],[-107.9609474511,40.329685431],[-107.9610284713,40.3293372312],[-107.961336943,40.3287781529],[-107.9617992934,40.3281897561],[-107.9624845933,40.3274904366],[-107.9626324084,40.3271106282],[-107.9626413811,40.326910679],[-107.9625602799,40.32677509],[-107.9625722466,40.326508491],[-107.9627178233,40.3261786764],[-107.9628498407,40.3256649916],[-107.9628804023,40.3244980487],[-107.9629606627,40.3241665133],[-107.9634118288,40.3238263773],[-107.9638020862,40.323386208],[-107.9645676784,40.3228391308],[-107.9651177789,40.3222363381],[-107.9658187819,40.3216708594],[-107.9661204429,40.3212617342],[-107.966361277,40.3207509013],[-107.9670921013,40.3195189187],[-107.9673397735,40.3193419168],[-107.9678892094,40.3192395559],[-107.9684708647,40.3189044896],[-107.9701285569,40.3174131934],[-107.971236935,40.3165080427],[-107.9717785776,40.3156047162],[-107.9719562728,40.31504218],[-107.9725122112,40.3143060367],[-107.9734426419,40.3134796176],[-107.9749116458,40.3118164924],[-107.9757532594,40.3105372976],[-107.9775333509,40.3082483536],[-107.9782536345,40.3077333504],[-107.9790347258,40.3073200346],[-107.9803426271,40.3068203794],[-107.980637463,40.3065611674],[-107.9811870535,40.3054744929],[-107.9810775383,40.3040202757],[-107.9811079735,40.3033371036],[-107.9813103005,40.3027084555],[-107.9819891811,40.3021423062],[-107.9831090066,40.3009704192],[-107.9840309663,40.3003271899],[-107.9844165186,40.2999869197],[-107.9848057476,40.2995633348],[-107.9854776451,40.2986633382],[-107.985537481,40.2982978872],[-107.9854224756,40.297944555],[-107.9853381232,40.2973918466],[-107.9854802809,40.2966448469],[-107.9862871447,40.2956482682],[-107.9871197313,40.2950527277],[-107.9882939875,40.2936319726],[-107.9884699996,40.2931027289],[-107.9889978814,40.2924992362],[-107.9891753798,40.2919366609],[-107.9892603413,40.2910046643],[-107.9896059909,40.2905799215],[-107.9897122634,40.2901489559],[-107.9896364656,40.2889124894],[-107.9896856031,40.2882965228],[-107.9902304549,40.2873097744],[-107.9902445062,40.2869931728],[-107.9899742206,40.286702534],[-107.9896552338,40.2865274048],[-107.9889693295,40.2862759954],[-107.9883029453,40.2860751281],[-107.9877498197,40.2857771131],[-107.9876022206,40.2855320732],[-107.9876975776,40.2849916919],[-107.9876814507,40.2843740247],[-107.9877007011,40.2839407889],[-107.9877671644,40.2834253641],[-107.9882319345,40.2827701843],[-107.9890086819,40.2819563036],[-107.9895984741,40.2809373584],[-107.9900421724,40.2802649306],[-107.9904065605,40.2799074098],[-107.9908092661,40.2796676564],[-107.9914070276,40.2794496676],[-107.9917813199,40.2793593139],[-107.9920468424,40.2792661248],[-107.9920940572,40.2791839449],[-107.9918680358,40.2788777797],[-107.9917770017,40.2784750407],[-107.9919986637,40.2778969241],[-107.992017152,40.2774803438],[-107.9921993228,40.2773015784],[-107.9925975749,40.2771618003],[-107.992911023,40.2769697652],[-107.9930729123,40.2767571074],[-107.9936264813,40.2755703796],[-107.9938565856,40.2752927508],[-107.9941722355,40.2750507295],[-107.9949019661,40.2748027882],[-107.9953827891,40.2747652368],[-107.9954299965,40.2746830458],[-107.9955266116,40.2744686909],[-107.9955347329,40.2742853966],[-107.9954894015,40.2738337995],[-107.9953832259,40.2732805288],[-107.9951937332,40.2726416652],[-107.9951513505,40.2721234102],[-107.9951583899,40.2714729783],[-107.9952166566,40.2711408653],[-107.9951392481,40.2709219649],[-107.9950168342,40.2707352796],[-107.9945581889,40.2702729322],[-107.9943756905,40.2699679066],[-107.9943417838,40.2697501578],[-107.9943753473,40.2694841133],[-107.9946323601,40.2690904181],[-107.9949667757,40.2689156169],[-107.9955426832,40.2686970224],[-107.9962340045,40.2683312897],[-107.9969964625,40.2678339401],[-107.9972836761,40.267741312],[-107.9976324608,40.2677336734],[-107.9989586479,40.2677848047],[-107.9992676008,40.2676927264],[-107.9995172006,40.2674656514],[-107.9997726991,40.2671052674],[-107.9998947214,40.2668081468],[-107.9999794904,40.265876138],[-108.0007378301,40.2649782796],[-108.0011485177,40.2645551908],[-108.00216858,40.2636474404],[-108.0026865286,40.2632604898],[-108.00363835,40.2624176656],[-108.0043454254,40.2621857661],[-108.0048733356,40.2620659746],[-108.0057824749,40.2621896231],[-108.0064682211,40.262440932],[-108.0070518364,40.2625394546],[-108.0082241987,40.262619844],[-108.0088955514,40.2627039504],[-108.0094385984,40.2627346737],[-108.0098474764,40.2628453487],[-108.0104745945,40.2629449732],[-108.0114825025,40.2628041959],[-108.0121924928,40.2625055896],[-108.012225254,40.2622562051],[-108.0125016762,40.2619130144],[-108.0129007945,40.2612560307],[-108.013357808,40.2607673644],[-108.0137850104,40.2604614358],[-108.0147210315,40.2604689266],[-108.015077844,40.2602779462],[-108.015675362,40.2600598138],[-108.0163554993,40.2599439106],[-108.0167558048,40.2597540467],[-108.0175209501,40.259189904],[-108.0178785001,40.2589822584],[-108.0185977058,40.2589674446],[-108.0190595928,40.2588625739],[-108.0200551912,40.2585045443],[-108.0203445261,40.2583618584],[-108.0208274167,40.2582742043],[-108.0213555135,40.2582930548],[-108.0222693932,40.2591691719],[-108.0225375274,40.2595097276],[-108.0226128368,40.2597785826],[-108.0225996742,40.2600785261],[-108.022698919,40.2602979517],[-108.0228467972,40.2604018579],[-108.0235819405,40.260520879],[-108.0244497925,40.2605932608],[-108.0253596728,40.260700089],[-108.0266965668,40.2610013957],[-108.0272939223,40.2612836716],[-108.0275896711,40.261491472],[-108.0277317171,40.2617286786],[-108.0278626641,40.2627163056],[-108.0281466151,40.2636911878],[-108.0281588832,40.2639083738],[-108.0283255907,40.2640794883],[-108.0290716015,40.2644489884],[-108.0297291439,40.2648495793],[-108.0298733899,40.2650367898],[-108.0301061066,40.2651929121],[-108.0302250783,40.2649624146],[-108.0309728072,40.2642976386],[-108.0314383551,40.264109403],[-108.0319408474,40.2640722587],[-108.0326811529,40.2640745764],[-108.0334410268,40.2641274382],[-108.0343763757,40.2641514321],[-108.0350470623,40.2642520488],[-108.0356082589,40.2643665317],[-108.0360150013,40.2645271086],[-108.0363057128,40.2648515286],[-108.0364187549,40.2652548064],[-108.0367253987,40.2657130838],[-108.0370364123,40.2660713863],[-108.0374185061,40.2662980497],[-108.0387672034,40.2663326034],[-108.0393581704,40.2662643318],[-108.0399244752,40.2662621518],[-108.040297921,40.2661882889],[-108.0405807112,40.2661955346],[-108.0407249297,40.2668832024],[-108.0409924132,40.2677408584],[-108.0412817063,40.2680985917],[-108.041744295,40.2684774473],[-108.0418465289,40.2686302014],[-108.0421184438,40.2688873939],[-108.0422619879,40.2690912613],[-108.0427355311,40.2692878028],[-108.0444283857,40.2692252219],[-108.0451487665,40.2693152191],[-108.0458267583,40.2697496046],[-108.0463684316,40.2703139682],[-108.0466447117,40.2704711684],[-108.0472052328,40.2716032094],[-108.0474329365,40.2718759461],[-108.0474162544,40.2722592143],[-108.0473270553,40.2728074589],[-108.0473662083,40.2734090307],[-108.0475344394,40.2745477337],[-108.0476287046,40.2748837866],[-108.0478440982,40.2749393394],[-108.048170438,40.2749476697],[-108.0486896837,40.2750276529],[-108.049432289,40.2749798821],[-108.0501487901,40.2750315237],[-108.0511524761,40.2749904018],[-108.0515411836,40.2750670448],[-108.0525289063,40.2748920422],[-108.0536906658,40.2747214666],[-108.0545188503,40.2747092077],[-108.0548248836,40.2746836381],[-108.0550743655,40.2747066701],[-108.0552462572,40.2750113373],[-108.0552673456,40.2755290291],[-108.0553609223,40.2758817487],[-108.0556539568,40.2761561304],[-108.0559957215,40.2778163993],[-108.0560254916,40.2781341274],[-108.0562474532,40.2785401598],[-108.0563802892,40.2794944412],[-108.0566516883,40.2807692229],[-108.0565654342,40.2812508131],[-108.0563370025,40.2814952393],[-108.0560476294,40.2816380074],[-108.0552759721,40.2818519064],[-108.0552708914,40.2819685494],[-108.0560752809,40.282506204],[-108.0565329965,40.2830016514],[-108.056807183,40.2832088204],[-108.0568891549,40.2833276803],[-108.0568536555,40.2836437472],[-108.0566875948,40.283956484],[-108.0564352276,40.2842503437],[-108.0566956681,40.2847741367],[-108.0568617832,40.2849618693],[-108.0569676967,40.2850312966],[-108.0574201541,40.2851462406],[-108.0577900528,40.2851556618],[-108.058326824,40.2853361432],[-108.0587286927,40.2856132923],[-108.0589796892,40.2858532317],[-108.0592155093,40.2864431166],[-108.0592373435,40.2869441416],[-108.0592925109,40.2871791033],[-108.0594593567,40.2873501763],[-108.0597335734,40.2875573336],[-108.0599164132,40.2878622722],[-108.059901227,40.2882122177],[-108.0593964759,40.2887999517],[-108.0593378531,40.2896492636],[-108.0594851215,40.2897697827],[-108.0599152792,40.2898975043],[-108.0604905463,40.2901957343],[-108.0608656303,40.2905889662],[-108.0611899696,40.2911477343],[-108.0613576516,40.2918026123],[-108.0615332879,40.2922741913],[-108.0619613028,40.2924518888],[-108.0625547508,40.292833989],[-108.0625896087,40.2930350614],[-108.0625220199,40.2941344088],[-108.0628059436,40.2945786871],[-108.0632884226,40.2950080021],[-108.0637179057,40.2951523722],[-108.0642460995,40.2955327989],[-108.0645791535,40.2958915879],[-108.064920143,40.2960670776],[-108.0652539224,40.2964092027],[-108.0657292316,40.2970051514],[-108.0662110319,40.2974511287],[-108.0666144504,40.2976949152],[-108.0677230937,40.2982568831],[-108.0688513508,40.2988693803],[-108.0690639504,40.2989915478],[-108.0696972821,40.299461371],[-108.0701667456,40.299690143],[-108.0704381472,40.2999639414],[-108.0706863684,40.3002705169],[-108.071170369,40.3006664774],[-108.0723749745,40.3015311126],[-108.0725782264,40.3018699108],[-108.0728257251,40.3021931468],[-108.0729316703,40.3022625589],[-108.0732131808,40.3023030574],[-108.0738008528,40.3023179272],[-108.0746982664,40.3022238661],[-108.0751945528,40.3023365198],[-108.0755944373,40.3026636054],[-108.0765446006,40.3038720961],[-108.0769401834,40.3042991712],[-108.0773247809,40.3044757133],[-108.0776005581,40.304649505],[-108.0778894718,40.3050238254],[-108.0780566194,40.3056953544],[-108.0780498555,40.3068629547],[-108.0782966755,40.3072028426],[-108.0787843857,40.3075154528],[-108.079290995,40.3078952653],[-108.0795414227,40.308151837],[-108.0797528441,40.308807789],[-108.0798537804,40.3089938448],[-108.0800824488,40.3092498601],[-108.0811069742,40.3092423606],[-108.0819334276,40.3092799274],[-108.0828861914,40.3094207453],[-108.0832337524,40.3094462058],[-108.0834674666,40.3095855611],[-108.0835641052,40.3098715997],[-108.0837738961,40.3100603961],[-108.08431379,40.3101741159],[-108.0850876604,40.310927664],[-108.0856275757,40.3110413689],[-108.0869358226,40.3110242959],[-108.0876352783,40.310975195],[-108.0886737275,40.3111514976],[-108.0898477884,40.3112144302],[-108.0904522949,40.3113464256],[-108.0909718732,40.3114262319],[-108.0916755276,40.3122947434],[-108.0918064456,40.3127985163],[-108.0917703675,40.3131312591],[-108.0919148815,40.313318398],[-108.0923684599,40.3134132336],[-108.0928388037,40.3136252424],[-108.0932156292,40.3139850537],[-108.0935888756,40.3144281874],[-108.0937712353,40.3147497324],[-108.0939464212,40.315237933],[-108.094168021,40.3156605599],[-108.0941008824,40.3162093994],[-108.094308591,40.3164481763],[-108.094671521,40.3166241214],[-108.0951818638,40.316920554],[-108.0955405297,40.3171964818],[-108.0954644329,40.3184624297],[-108.0953255597,40.3191596183],[-108.0952098297,40.3208416414],[-108.0951562758,40.3210738477],[-108.0946472637,40.3217617174],[-108.0945937077,40.3219939316],[-108.0950944727,40.3220065171],[-108.096553597,40.3223590244],[-108.0974435807,40.3221189117],[-108.0987081546,40.3216001419],[-108.0997817517,40.3209597756],[-108.1015006543,40.3205191096],[-108.1020577895,40.3202327907],[-108.1025245852,40.3195104721],[-108.1033907801,40.3191317942],[-108.1043712163,40.31913968],[-108.1048305484,40.3191011391],[-108.1058559346,40.3190767679],[-108.1066011495,40.3189786459],[-108.1071743233,40.3188261677],[-108.1078199272,40.3185086722],[-108.108693914,40.3179466574],[-108.1098712344,40.3174255721],[-108.1106831688,40.3172957268],[-108.110799826,40.3171151383],[-108.1106730365,40.3165113968],[-108.1106808553,40.3163280823],[-108.1109070921,40.3161335548],[-108.1120808252,40.3156957688],[-108.1124369648,40.3155211498],[-108.1128409082,40.3152476499],[-108.1137879263,40.314503902],[-108.1141653541,40.3138293393],[-108.114949782,40.3122974441],[-108.1150953121,40.3119507394],[-108.1150926898,40.3115002448],[-108.11513007,40.3111341614],[-108.1154069131,40.3107740603],[-108.1153501272,40.3105724443],[-108.1153046832,40.3101042079],[-108.1153275649,40.309526245],[-108.1158472689,40.3088547052],[-108.1170092069,40.3082289052],[-108.1177312051,40.3079392076],[-108.117929107,40.307834107],[-108.1179586869,40.3076513381],[-108.1178358695,40.307464763],[-108.1177615609,40.307162623],[-108.1177736183,40.3068793217],[-108.1179113135,40.3067159289],[-108.1181135933,40.3065708326],[-108.118747181,40.3060194188],[-108.1196601932,40.3055583762],[-108.1200576839,40.3054348216],[-108.1207360063,40.3053683111],[-108.1211117033,40.3052442001],[-108.1213582326,40.3050835108],[-108.1215874045,40.3043051407],[-108.1216213816,40.3035052181],[-108.1215345002,40.3029858998],[-108.1216330742,40.3022042724],[-108.1218473744,40.3017758627],[-108.1220945784,40.3015985086],[-108.1226801427,40.3016631342],[-108.1231800515,40.301692255],[-108.1239229358,40.3016440063],[-108.1246137944,40.3017946557],[-108.1250912365,40.3018398984],[-108.1261678239,40.3011159472],[-108.1268202277,40.3006316857],[-108.1275288825,40.2998485275],[-108.1278919589,40.2995072242],[-108.128352687,40.2989180921],[-108.1288169476,40.2982456359],[-108.1287158853,40.2980596193],[-108.1290978946,40.2977855036],[-108.129986132,40.2973904954],[-108.1309810896,40.2970481734],[-108.1325552831,40.2964032413],[-108.1336611401,40.2960136028],[-108.1341666518,40.2959093552],[-108.1345879307,40.2957362911],[-108.1352135294,40.2953680893],[-108.1355870448,40.2952939327],[-108.1370979373,40.2951144895],[-108.1375978112,40.295143542],[-108.1378561728,40.2952166737],[-108.1384907638,40.2961832909],[-108.1385244383,40.2964176971],[-108.1386486972,40.2965709007],[-108.1389317743,40.2965067947],[-108.1393445049,40.2960876444],[-108.1398064801,40.2959822938],[-108.1406574144,40.2959532954],[-108.1416150578,40.2959769813],[-108.1421184615,40.2959226916],[-108.1432698917,40.2954840391],[-108.1436251455,40.2953259954],[-108.1437929445,40.2949631181],[-108.1439003706,40.294481973],[-108.1440218263,40.2941846856],[-108.1442457865,40.2940400732],[-108.1443370565,40.293942233],[-108.1446157755,40.2940492208],[-108.1452687017,40.2940653401],[-108.1459447858,40.29404867],[-108.1463625029,40.293958885],[-108.1466061299,40.293864802],[-108.1467760383,40.2939690903],[-108.1469943917,40.2944749658],[-108.1472232779,40.2947308484],[-108.1472780495,40.2949824375],[-108.146733291,40.2960200096],[-108.1469060102,40.2965748002],[-108.1474366094,40.2970280101],[-108.1481278927,40.2974235199],[-108.1495872649,40.2981223521],[-108.1503015165,40.298727204],[-108.1509622876,40.2995943006],[-108.151200317,40.2996335294],[-108.1513540707,40.2996039571],[-108.1520386195,40.2993872689],[-108.1527583034,40.2993716309],[-108.1529352322,40.2993092583],[-108.1530285921,40.2991614092],[-108.1532995863,40.2989345306],[-108.1539658508,40.2986339623],[-108.1542354397,40.298440411],[-108.154401798,40.2981108493],[-108.1544586295,40.2977952762],[-108.1545055745,40.2971958506],[-108.1547652848,40.2967184491],[-108.1551534822,40.2962942564],[-108.1557516255,40.2960587313],[-108.1563469727,40.2958898679],[-108.156706397,40.29563178],[-108.1571079417,40.2954081004],[-108.1573691228,40.2954145226],[-108.1582075811,40.296202541],[-108.1584990048,40.2965266777],[-108.1592027006,40.2974114692],[-108.1598937252,40.2980790699],[-108.1604970697,40.2984414028],[-108.1606211973,40.2983972353],[-108.1610930633,40.2985756484],[-108.1613333623,40.2987605574],[-108.161536995,40.2994206814],[-108.1619078616,40.2999302713],[-108.1622275049,40.3006221072],[-108.1627151505,40.3019853787],[-108.1632117525,40.3026148201],[-108.1634835667,40.3028884182],[-108.1640390491,40.3031522876],[-108.1645130445,40.3032806954],[-108.1649055618,40.3032736314],[-108.1652096108,40.3032977656],[-108.165331843,40.3035009681],[-108.1659007441,40.3039653463],[-108.1664949113,40.30434693],[-108.1666754947,40.3047183766],[-108.1673863478,40.3054364686],[-108.1679066873,40.3054992708],[-108.1681468304,40.305488464],[-108.1683504119,40.3053099477],[-108.1688676032,40.3044050597],[-108.1692754365,40.3040313618],[-108.1695505824,40.3037044362],[-108.1699442959,40.3031468551],[-108.1700073207,40.302681281],[-108.1702900938,40.3021710482],[-108.1710146622,40.3020386368],[-108.1716781239,40.3018046328],[-108.1719300828,40.3015105003],[-108.1722922682,40.3011857102],[-108.1728903976,40.3009500959],[-108.1741380523,40.3008137791],[-108.1743837404,40.3006696379],[-108.174568999,40.3004072451],[-108.1746734491,40.2999927258],[-108.1746810818,40.2998094019],[-108.1749008286,40.2997647272],[-108.1754892144,40.2997624158],[-108.1765242927,40.3000212706],[-108.1783913417,40.3001836252],[-108.1790367274,40.3003828912],[-108.179744632,40.3006504002],[-108.1800268946,40.3006739698],[-108.1803119711,40.3006308722],[-108.1804474117,40.3005174034],[-108.1808123248,40.300125912],[-108.1808984123,40.2996275337],[-108.1811334067,40.2992161823],[-108.1823807389,40.2985626102],[-108.1828410743,40.2983706491],[-108.1832907699,40.2986848768],[-108.1844726006,40.3001317009],[-108.1846819514,40.3003369954],[-108.1851041421,40.3006642476],[-108.185380188,40.3008378011],[-108.185878751,40.3008999797],[-108.1862107975,40.3007745986],[-108.187236293,40.3002156658],[-108.1882140892,40.2997556471],[-108.1896075086,40.2992556817],[-108.1903430786,40.2988565071],[-108.1904816201,40.2981425043],[-108.1904774621,40.2971914871],[-108.1911273232,40.2967568441],[-108.1912914131,40.2964772224],[-108.1916828492,40.2959695668],[-108.192127834,40.2957468097],[-108.1928571397,40.2954975992],[-108.193753279,40.2949020907],[-108.1943332864,40.2940486704],[-108.195249401,40.2929698324],[-108.1956760253,40.2926632104],[-108.1959122884,40.2922185019],[-108.19611231,40.292123261],[-108.1963731863,40.2926634221],[-108.1966599709,40.2931041409],[-108.1970459338,40.29378081],[-108.1972156358,40.2944188744],[-108.1974597083,40.2958928778],[-108.1977817747,40.2965346259],[-108.1980720287,40.2968920018],[-108.1987336894,40.2972250106],[-108.1994523875,40.29775959],[-108.1999433831,40.2980050381],[-108.2002806356,40.2982801339],[-108.2005259924,40.2986697747],[-108.2008781222,40.2991120583],[-108.2016188073,40.3006981683],[-108.2024688617,40.3012192274],[-108.203468312,40.3023444719],[-108.2040108999,40.3029248126],[-108.2045344698,40.3034379534],[-108.2051696406,40.3038870661],[-108.2055953944,40.3041309219],[-108.2060128959,40.3045747614],[-108.2065603325,40.3050384296],[-108.206899007,40.3052801676],[-108.2072716187,40.305756287],[-108.208081666,40.306192928],[-108.2087079999,40.3064489838],[-108.2084205036,40.3069601774],[-108.2082177092,40.3071220974],[-108.2081276839,40.3077205174],[-108.2082677073,40.3080241807],[-108.2092347917,40.3088816739],[-108.2095047564,40.309205166],[-108.2101732668,40.3099052946],[-108.2106847737,40.3101845593],[-108.2118595262,40.3107634383],[-108.2122927005,40.3113577744],[-108.2123850979,40.3117603954],[-108.2124846883,40.3130473717],[-108.2127185171,40.3137203153],[-108.2130714919,40.3141459006],[-108.2135650599,40.3153923259],[-108.2138145016,40.3162157969],[-108.2134907008,40.3166700964],[-108.2132095331,40.3171471232],[-108.2123123799,40.3182932806],[-108.2121203574,40.3187224082],[-108.2120440681,40.3189874857],[-108.2118405456,40.3191660953],[-108.2116288115,40.3195446886],[-108.2116253849,40.3196280165],[-108.2118424226,40.3196499341],[-108.2126840541,40.3198537504],[-108.2130207673,40.3201454726],[-108.2130886683,40.3206142182],[-108.213488488,40.3214913688],[-108.2136434699,40.321962231],[-108.2136923375,40.3223637891],[-108.213837226,40.3225507878],[-108.2140093594,40.3226049889],[-108.2146663877,40.3235884239],[-108.215032975,40.324214514],[-108.2152294832,40.3247364138],[-108.2153776318,40.3253739292],[-108.2158121548,40.3264687762],[-108.2160697227,40.3276260926],[-108.2164526423,40.3283860429],[-108.2164668856,40.3285698938],[-108.2161183035,40.3290953436],[-108.2158105356,40.3296885148],[-108.2157177818,40.3303535843],[-108.2156672192,40.3310530399],[-108.2161671041,40.332149462],[-108.2167174147,40.3330802702],[-108.2167323408,40.3332474562],[-108.2166001452,40.3338114959],[-108.2164339945,40.334141136],[-108.2162854981,40.3345713164],[-108.2163220555,40.3352728676],[-108.2164901155,40.3354270651],[-108.2172209957,40.3356782148],[-108.2178844959,40.3359778012],[-108.2192857416,40.3363618543],[-108.221156691,40.3364568966],[-108.2229221758,40.3364659696],[-108.2233291455,40.3366425747],[-108.2235822954,40.3368488431],[-108.223870793,40.3372561577],[-108.224119756,40.3380962791],[-108.2242626407,40.3383332721],[-108.2243025943,40.3394853429],[-108.2243386286,40.3396697182],[-108.2243283795,40.3399197126],[-108.2245114171,40.3402410794],[-108.2251287044,40.3406062322],[-108.2254458429,40.3408474134],[-108.2257772718,40.3412724299],[-108.2259146856,40.3416427507],[-108.2258730946,40.3421255487],[-108.2257464243,40.3425562669],[-108.2252357992,40.3433114125],[-108.2249471731,40.3434379458],[-108.2250036365,40.3436561751],[-108.2252295677,40.3439952588],[-108.2257481377,40.3446416494],[-108.2261912107,40.3450026244],[-108.2265737211,40.3452453617],[-108.2277348689,40.3461740883],[-108.2281248302,40.3467673328],[-108.2281377379,40.3469845156],[-108.2280641925,40.3471829492],[-108.2280083353,40.3474818995],[-108.2280865925,40.347700654],[-108.2284868159,40.3480439024],[-108.2290197845,40.3483402892],[-108.2296637197,40.3485892857],[-108.2309965072,40.3495888373],[-108.2318045039,40.3500919809],[-108.231925653,40.3503284365],[-108.23207133,40.3504987534],[-108.2324089595,40.3507737656],[-108.2334150798,40.3512316098],[-108.2344552656,40.3513899644],[-108.2351959299,40.3514076782],[-108.2359216266,40.3512582249],[-108.2367378463,40.3510274927],[-108.2368440433,40.3510967594],[-108.2369189293,40.3513988446],[-108.2368031715,40.3519346102],[-108.2367657624,40.3524795692],[-108.2368801226,40.3539503729],[-108.2369625007,40.3546029661],[-108.2369311805,40.3548357823],[-108.2366187045,40.3550118296],[-108.2354470341,40.3559347159],[-108.2346988085,40.3566341757],[-108.2339614655,40.3570669638],[-108.233401136,40.3574372476],[-108.2328448946,40.3577075394],[-108.2325970677,40.3579017966],[-108.2325895612,40.3580851261],[-108.2327910626,40.35849034],[-108.2331668263,40.3594335657],[-108.2331730142,40.3597552552],[-108.2330217439,40.3603142768],[-108.2329577114,40.3608132326],[-108.2332940066,40.3616554146],[-108.2332735511,40.3621554127],[-108.2330828822,40.3625512311],[-108.2326702355,40.3630418307],[-108.2325891818,40.3634235936],[-108.2325455769,40.363956393],[-108.232403242,40.3642365891],[-108.232021245,40.3645110541],[-108.231673956,40.3650032138],[-108.2316364703,40.365386019],[-108.2316548009,40.3660037139],[-108.2315287961,40.3664177631],[-108.2315103678,40.366867759],[-108.2315593575,40.3672693123],[-108.2315429784,40.3676693076],[-108.2313107497,40.3680140852],[-108.2312984683,40.3683140801],[-108.231791283,40.3692148278],[-108.2321511457,40.3699384254],[-108.2322430312,40.3703576927],[-108.2324156709,40.3707074009],[-108.2324370312,40.3713275503],[-108.2323265452,40.3721232934],[-108.2324072721,40.3724350511],[-108.2323950836,40.3727326646],[-108.2321430857,40.3731794407],[-108.2334777487,40.3729689872],[-108.2343099391,40.3729096662],[-108.2358161843,40.3729125207],[-108.2354061387,40.3731746938],[-108.2352025249,40.3733533274],[-108.2351428105,40.3748133057],[-108.2350515187,40.3754450653],[-108.2351373045,40.37601433],[-108.235270076,40.3765013079],[-108.2351502034,40.3767653601],[-108.2348784696,40.3770090931],[-108.2342308055,40.3773772976],[-108.2339999213,40.3776887444],[-108.2337111275,40.3783491343],[-108.2335530791,40.3790126632],[-108.2337539482,40.3794345352],[-108.2339180695,40.3796887078],[-108.2339514149,40.3799397428],[-108.2339343643,40.3803564002],[-108.2338750859,40.3807386923],[-108.2334650615,40.3811626201],[-108.2329385542,40.3817672717],[-108.2323582633,40.3820870321],[-108.2318479913,40.3822950207],[-108.2315360386,40.3824543697],[-108.2315162392,40.3829376926],[-108.2313438804,40.3834173649],[-108.2306565744,40.3842183417],[-108.2302191783,40.3853089133],[-108.2302109816,40.3855089152],[-108.2303798787,40.385646419],[-108.2306141645,40.3857854986],[-108.2306454637,40.3860865348],[-108.2306044689,40.3870865174],[-108.2304654305,40.387817215],[-108.2302562149,40.388663021],[-108.2293603002,40.3902931244],[-108.2289685643,40.3908008936],[-108.2279385639,40.3914434901],[-108.2272593351,40.392044448],[-108.2268273984,40.3924678237],[-108.2269050171,40.392703257],[-108.2270296386,40.3928563872],[-108.2272898415,40.3928959968],[-108.2273286391,40.3930137046],[-108.2272577774,40.3931454663],[-108.2268019867,40.3936183239],[-108.2261936047,40.3940875173],[-108.2259851035,40.3943828044],[-108.2257718183,40.394794744],[-108.2257431643,40.3949608843],[-108.2254256689,40.3952535469],[-108.2251027015,40.395679529],[-108.2246979984,40.395970112],[-108.2245835367,40.3961008204],[-108.224380494,40.3962627747],[-108.2241276962,40.3965736691],[-108.2237727599,40.3967152821],[-108.2233496791,40.3969219896],[-108.2227086048,40.3971234552],[-108.2217942953,40.3976019524],[-108.221140872,40.3981034037],[-108.2206631976,40.3985757129],[-108.2205003191,40.3988220268],[-108.2204914014,40.3990386919],[-108.2205763843,40.3996246268],[-108.2205830984,40.3999918033],[-108.220347264,40.4004198797],[-108.2200269745,40.4007791863],[-108.2197803247,40.4009400804],[-108.2191649545,40.4015758957],[-108.2188726358,40.401785735],[-108.2186149868,40.4022132729],[-108.2180165982,40.4029662677],[-108.2178502725,40.4032959147],[-108.2178780684,40.4036802827],[-108.218464978,40.4047954641],[-108.2191590082,40.4054294313],[-108.2197182978,40.405626404],[-108.2198858522,40.4057972576],[-108.2198946082,40.4061144356],[-108.219476459,40.4077893189],[-108.2188596592,40.408458453],[-108.2183314258,40.409096359],[-108.217763701,40.409633214],[-108.217467793,40.40995568],[-108.2166284053,40.4101730759],[-108.215815487,40.4102702607],[-108.2151191966,40.4102534918],[-108.2145052743,40.4103220992],[-108.2134731867,40.4099468863],[-108.2120698004,40.409579369],[-108.2115745219,40.4094172808],[-108.2110716857,40.4094385033],[-108.2102757801,40.4096862116],[-108.2099677885,40.4097454982],[-108.2097497679,40.4097402362],[-108.209621702,40.4096704167],[-108.2093492962,40.4093969152],[-108.2090291509,40.4092223596],[-108.2088336117,40.4092009497],[-108.2086495466,40.4094300562],[-108.2080204679,40.4098652874],[-108.2073606243,40.4105166521],[-108.2059411056,40.4110662112],[-108.2052808116,40.411200383],[-108.2047800384,40.4111715868],[-108.204043564,40.411036992],[-108.2032572839,40.4110513238],[-108.2024668508,40.4111656464],[-108.2018705856,40.4113347149],[-108.2011386421,40.4116172654],[-108.2007154063,40.4118238874],[-108.2002136211,40.4123455802],[-108.1996523115,40.413249509],[-108.1993751219,40.4141436451],[-108.1990121209,40.4150023472],[-108.1987896019,40.4156308784],[-108.1983545673,40.4161208036],[-108.1979454794,40.41651126],[-108.1966700879,40.4183154017],[-108.1957148042,40.4192431209],[-108.1939367417,40.420534543],[-108.1932506929,40.4212852688],[-108.1925351868,40.4222187902],[-108.190381997,40.4246521364],[-108.1900683914,40.4248446926],[-108.1895176479,40.4249647613],[-108.1889921935,40.4250020205],[-108.188152426,40.4252485044],[-108.1871066295,40.4257235146],[-108.1862550196,40.4262532993],[-108.1855934102,40.4269378531],[-108.1852925247,40.4273475911],[-108.1848136966,40.4278363865],[-108.1839381535,40.4284156129],[-108.1822375827,40.4294084656],[-108.1812858939,40.4297188894],[-108.1808399785,40.4299415626],[-108.1802534534,40.4303943586],[-108.1795741092,40.4309783392],[-108.1782348954,40.4316796669],[-108.1772228008,40.4323889677],[-108.1763323017,40.4328009482],[-108.1757731075,40.4331209217],[-108.1750542727,40.4336038219],[-108.1745809073,40.4339592483],[-108.1742052584,40.4340668479],[-108.1737887807,40.4341067006],[-108.1733470033,40.4342293557],[-108.1729411497,40.4345363926],[-108.1721336327,40.4350504613],[-108.1714639667,40.4354010807],[-108.1706915196,40.4355990344],[-108.1697332704,40.4355421926],[-108.1693673942,40.4354164554],[-108.1689318937,40.4353891005],[-108.1683606397,40.4354751904],[-108.1680067788,40.4355832856],[-108.1676712232,40.4357752507],[-108.1675228706,40.4361886741],[-108.1671331952,40.4366295501],[-108.1666098471,40.4371338681],[-108.1659549349,40.4376516358],[-108.1654097607,40.438155411],[-108.1648061597,40.4384909332],[-108.1641891437,40.4386259313],[-108.1636572666,40.4388130561],[-108.1632323454,40.4390528578],[-108.162793388,40.4396259578],[-108.1622932027,40.4400974657],[-108.1619161014,40.4402383389],[-108.1615023796,40.440211493],[-108.1605820346,40.4397718094],[-108.1600528948,40.4393751149],[-108.1594850554,40.4388606726],[-108.1590586579,40.4386166303],[-108.1580018469,40.4383070543],[-108.1566164844,40.4375055629],[-108.1560810585,40.4372588329],[-108.1553626988,40.4366906142],[-108.1548934202,40.4364288221],[-108.1544051544,40.4360998324],[-108.1541328745,40.4358262074],[-108.1538577853,40.4356192377],[-108.1528657856,40.4353278834],[-108.1520588283,40.4353079817],[-108.1511343606,40.4354853801],[-108.1498729036,40.4358880039],[-108.1483960746,40.4372528713],[-108.1472069571,40.4385247447],[-108.1469571715,40.4387521214],[-108.1464196135,40.4390724823],[-108.1457765175,40.4393068341],[-108.1448611012,40.4397846781],[-108.1443058935,40.440521656],[-108.1440109811,40.4412984383],[-108.1436464437,40.4416564439],[-108.1430595944,40.4421090273],[-108.142067299,40.4433690243],[-108.1415788596,40.4440742804],[-108.1411176518,40.4445922682],[-108.14043442,40.4450071548],[-108.1385520031,40.4458779696],[-108.1372258835,40.4464364017],[-108.1362410192,40.4469855662],[-108.1352645196,40.4477146217],[-108.134520996,40.4483951681],[-108.1349007747,40.4491303907],[-108.135128687,40.4494196397],[-108.1355268592,40.4498132064],[-108.1352628329,40.4503738622],[-108.1346215667,40.4510752917],[-108.1335789758,40.4524840999],[-108.1334500619,40.4529480049],[-108.1332148953,40.4533425408],[-108.1324531661,40.4543078886],[-108.1319868041,40.4550181986],[-108.131294715,40.4557575223],[-108.130546651,40.4566604924],[-108.1294955936,40.4576042492],[-108.1291899822,40.4581138024],[-108.1291096214,40.4584621259],[-108.1289731657,40.4601269659],[-108.128914046,40.4620272753],[-108.1287485354,40.4623234423],[-108.1281824882,40.4627931398],[-108.1275234701,40.4633940104],[-108.1270529965,40.4641830499],[-108.1266128549,40.4647726642],[-108.1261565815,40.4652284119],[-108.1251391803,40.4660372027],[-108.124449987,40.4663203332],[-108.1237081369,40.466690359],[-108.1227831137,40.4670126054],[-108.1224904479,40.4673899502],[-108.1224777718,40.4676868646],[-108.1225380807,40.4679315548],[-108.1230828055,40.4684314983],[-108.1240808603,40.469915488],[-108.1253501804,40.4716764287],[-108.1258411778,40.4726073534],[-108.1260667165,40.47312637],[-108.1264974062,40.4738126016],[-108.1266757352,40.4754383003],[-108.1266822936,40.4761139829],[-108.1270069722,40.4767975812],[-108.1270307985,40.4770683867],[-108.1271526142,40.4775307729],[-108.1271365015,40.4779086526],[-108.1261633198,40.4791544352],[-108.1258586459,40.4796602442],[-108.1255985295,40.4799510029],[-108.1243496386,40.48058471],[-108.1240023504,40.4810431649],[-108.1236004909,40.4822676382],[-108.1230093216,40.4833205714],[-108.1223604856,40.4841885591],[-108.1213469968,40.484897319],[-108.119076339,40.4863921394],[-108.1182112992,40.4872046649],[-108.117120952,40.4885036893],[-108.1152778148,40.4892679327],[-108.1139600597,40.4894256613],[-108.1135547036,40.4894155338],[-108.1133022066,40.4894807172],[-108.1130435641,40.4896887329],[-108.1121955577,40.4898105158],[-108.1114472143,40.4897918015],[-108.1095681995,40.4899354364],[-108.1071069659,40.4898261417],[-108.1066964955,40.4899350193],[-108.1063402009,40.4902358999],[-108.1048429617,40.4909371539],[-108.1040127923,40.4913691376],[-108.1021882565,40.4918129927],[-108.1018537158,40.4921358015],[-108.1015812626,40.4923305632],[-108.1013168695,40.4923383227],[-108.1010725525,40.4923177929],[-108.1006725491,40.4924085524],[-108.1000226392,40.4926082314],[-108.0971015635,40.493977788],[-108.0958861266,40.4946138592],[-108.0953776015,40.4949106908],[-108.0948477576,40.495386968],[-108.0941868388,40.4962775373],[-108.0933544532,40.4972069954],[-108.0931115696,40.4975896859],[-108.0927982985,40.4978553975],[-108.0922940722,40.4981739047],[-108.0915467837,40.4984430852],[-108.0907203646,40.4987966658],[-108.0889734727,40.4999334381],[-108.0883675424,40.5004221616],[-108.087940542,40.5006993977],[-108.0866166813,40.5012132],[-108.085247638,40.5018986532],[-108.0833498207,40.5030315367],[-108.0829416255,40.5033092251],[-108.0826841948,40.503590721],[-108.0823489877,40.5043598479],[-108.0822410397,40.5046739202],[-108.081153301,40.5053952387],[-108.0802081786,40.5063073367],[-108.0783250531,40.5066629056],[-108.0777364867,40.5067488063],[-108.077355205,40.5068399604],[-108.0769136466,40.50701598],[-108.0764758445,40.5071057022],[-108.0762076292,40.5071997022],[-108.0759526467,40.5074236456],[-108.0756800563,40.5076183426],[-108.0749551832,40.5078015859],[-108.0744997748,40.5078620456],[-108.0742095794,40.508027494],[-108.0740695358,40.5082111461],[-108.0738151596,40.5084207034],[-108.0736612676,40.5084888014],[-108.0733779603,40.508496021],[-108.0731153857,40.5084605597],[-108.0723038458,40.5089007851],[-108.0718672684,40.5089617142],[-108.0715280464,40.5089531146],[-108.0714263115,40.5091233318],[-108.0711141328,40.5093602134],[-108.0708974327,40.5095707159],[-108.0708886666,40.5097720926],[-108.0709188474,40.5099456566],[-108.0710463724,40.5100496896],[-108.0713805875,40.5101733716],[-108.0715178632,40.5102704462],[-108.070840387,40.5104476653],[-108.0703887125,40.5104218039],[-108.0690287198,40.5108912887],[-108.0685330752,40.5110083046],[-108.0683603262,40.5110759194],[-108.0681184654,40.5109977807],[-108.0680110346,40.510865459],[-108.0675009447,40.5108812999],[-108.0674594864,40.5109666454],[-108.0674557166,40.5110529486],[-108.0675072441,40.5111694546],[-108.0671944226,40.5114207198],[-108.0660316366,40.5116935608],[-108.0657187975,40.5119448215],[-108.0657847954,40.5125944981],[-108.0654769736,40.5127306708],[-108.0650183792,40.5128630168],[-108.0644668205,40.5129641983],[-108.0639560807,40.5129944088],[-108.0636959917,40.5129013949],[-108.063302108,40.5128481773],[-108.0626613248,40.5128318789],[-108.0615638335,40.5129047526],[-108.061516718,40.5131195484],[-108.0612848989,40.5136752462],[-108.0610467928,40.5139427889],[-108.0609312716,40.5146244913],[-108.0617308425,40.5153101746],[-108.062340068,40.5156705986],[-108.0625257831,40.5158733271],[-108.062350869,40.5164133863],[-108.0616403205,40.5178308261],[-108.0615330429,40.5183065991],[-108.061240047,40.5185796428],[-108.0609729485,40.5187543437],[-108.0604020632,40.5189543117],[-108.0596051149,40.5193795241],[-108.0579492571,40.5201623543],[-108.0550831294,40.5214257982],[-108.0533393556,40.5222393083],[-108.0529065954,40.5227397681],[-108.0521058598,40.5237423397],[-108.0514872736,40.5245350574],[-108.0512784315,40.5248597216],[-108.0509673744,40.5250497746],[-108.0506476437,40.5254376068],[-108.0506375078,40.525668356],[-108.0504574871,40.5258287544],[-108.0501017772,40.5260506708],[-108.0490433162,40.5265186221],[-108.0487625235,40.5265114466],[-108.047515427,40.5268425687],[-108.0471395663,40.5270309554],[-108.0465613279,40.5273956694],[-108.0460422104,40.5273988738],[-108.0457189369,40.5273741152],[-108.0454849664,40.5272856244],[-108.0452891235,40.5273136126],[-108.0443075861,40.527997992],[-108.0436938113,40.5281868759],[-108.0434727398,40.5282967179],[-108.0432674682,40.5285389679],[-108.0430758142,40.52896306],[-108.0423779304,40.529588687],[-108.0422503488,40.5300309243],[-108.0420421727,40.5303390889],[-108.0417519396,40.5305461521],[-108.0413420914,40.5310141529],[-108.0409053013,40.5318466819],[-108.0409451305,40.5324315737],[-108.040629852,40.5326403558],[-108.040490018,40.5328369486],[-108.0405036133,40.5335212561],[-108.0403932654,40.5339576521],[-108.038546103,40.5345939404],[-108.0375264698,40.5346667793],[-108.0343408501,40.5348159946],[-108.0338765092,40.5349183409],[-108.0331229481,40.535640687],[-108.0325893903,40.536321231],[-108.0316234915,40.537967877],[-108.0309857965,40.5383102691],[-108.0300148818,40.5387472962],[-108.0298556502,40.5389246989],[-108.0298425379,40.5392213648],[-108.0296335345,40.539545994],[-108.0279685697,40.5410046408],[-108.0269922146,40.5420520188],[-108.0264086369,40.5425319808],[-108.0254973273,40.5430860028],[-108.0247222085,40.5434950303],[-108.0240650185,40.5441710929],[-108.0235986169,40.5449345546],[-108.0233613892,40.5454069537],[-108.0227466621,40.5461006033],[-108.0220996503,40.5465459158],[-108.0216573091,40.546765504],[-108.0204998105,40.5470161349],[-108.0195916555,40.54700919],[-108.0189369138,40.5471407853],[-108.0183865385,40.5473575661],[-108.0181148339,40.5476310514],[-108.0174872027,40.5481263347],[-108.0171616516,40.5481509228],[-108.0168613645,40.5480936678],[-108.016613078,40.5478397473],[-108.0163776202,40.5477841664],[-108.0153621549,40.5477579062],[-108.0145180793,40.5477690818],[-108.0135015188,40.5482542881],[-108.0113086594,40.5498970347],[-108.0099027053,40.5508671344],[-108.0089135421,40.551220994],[-108.0072087255,40.5521008127],[-108.0053108679,40.5529425838],[-108.0048387506,40.5533428262],[-108.0044596613,40.553596999],[-108.0041827274,40.5539858174],[-108.0041207654,40.554404956],[-108.0033464944,40.5547891052],[-108.0029413803,40.5551415889],[-108.0023381099,40.5555714228],[-108.0019835568,40.5557602179],[-108.0017638008,40.5558370054],[-108.0013935261,40.5558933884],[-108.0004445161,40.5563142358],[-107.9992843304,40.5575875709],[-107.9990306873,40.5584224807],[-107.9990225832,40.558603769],[-107.9988624835,40.5587975972],[-107.9981928574,40.5592586866],[-107.9972742318,40.5594822934],[-107.9970753309,40.5595761231],[-107.9969360961,40.5597869994],[-107.9967357112,40.5599137867],[-107.9964272854,40.5600377571],[-107.9955148523,40.5602303313],[-107.9958652906,40.5596501298],[-107.9958636321,40.559220952],[-107.9956869275,40.5588742658],[-107.9953034297,40.5583755842],[-107.9948743742,40.5579408774],[-107.9947138846,40.5577086352],[-107.9945871398,40.5572003414],[-107.9945243838,40.5566937227],[-107.9945396725,40.5563520314],[-107.9946218766,40.5559469169],[-107.9950002677,40.5551276122],[-107.9950534181,40.5539398211],[-107.9952529746,40.5528210057],[-107.995218099,40.5521684967],[-107.9952852941,40.5511439792],[-107.9958818858,40.5497422809]]]]}}
]
}
